time,range_D_MP1,range_MP1_MP2,range_MP2_MP3,auto_max,auto_snr,auto_amp,auto_count,n_calls
2012-03-04 06:22:00.723989+00:00,12.91,27.21,40.0,742.0750195161133,10.670410695197983,-153.17332315981798,11,2
2012-03-04 06:36:00.723989+00:00,12.65,26.7,40.0,1256.9614096751834,11.99239101698259,-150.5293625162488,11,2
2012-03-04 06:37:00.723989+00:00,12.65,26.7,40.0,1332.10465374141,12.10576116076415,-150.30262222868566,9,2
2012-03-04 06:54:00.723989+00:00,11.78,24.95,37.83,1666.029933455108,12.54763581473074,-149.41887292075248,9,2
2012-03-04 06:55:00.723989+00:00,11.78,24.95,37.83,1666.029933455108,12.54763581473074,-149.41887292075248,9,2
2012-03-04 06:56:00.723989+00:00,11.78,24.95,37.83,1816.097613497053,12.760204359869109,-148.99373583047574,8,2
2012-03-04 07:02:00.723989+00:00,18.11,37.55,40.0,1445.930701816268,12.616289330363582,-149.2815658894868,8,2
2012-03-04 07:03:00.723989+00:00,17.96,37.25,40.0,1487.4945613027216,12.832654243409367,-148.84883606339525,9,2
2012-03-04 07:07:00.723989+00:00,17.91,37.15,40.0,1918.7062687992025,13.360876872917622,-147.79239080437873,10,2
2012-03-04 07:08:00.723989+00:00,17.88,37.1,40.0,2039.130202871773,13.534688482928503,-147.44476758435695,8,2
2012-03-04 07:09:00.723989+00:00,17.86,37.05,40.0,2197.1166137690434,13.749876942679364,-147.01439066485523,7,2
2012-03-04 07:25:00.723989+00:00,10.41,22.2,33.7,1155.1006899571908,12.241756446263675,-150.0306316576866,10,2
2012-03-04 07:34:00.723989+00:00,10.04,21.44,32.56,1755.6511199008023,13.122132358454156,-148.26987983330565,8,2
2012-03-04 07:39:00.723989+00:00,9.96,21.28,32.32,1792.3929037273276,12.882688369985,-148.74876781024398,14,2
2012-03-04 07:40:00.723989+00:00,9.94,21.25,32.27,1972.5403230553245,12.73112902335958,-149.0518865034948,15,2
2012-03-04 07:41:00.723989+00:00,9.91,21.18,32.17,2549.143222989459,13.588872719438392,-147.3363991113372,15,2
2012-03-04 07:42:00.723989+00:00,9.91,21.18,32.17,2549.143222989459,13.588872719438392,-147.3363991113372,15,2
2012-03-04 07:43:00.723989+00:00,9.91,21.18,32.17,2549.143222989459,13.588872719438392,-147.3363991113372,15,2
2012-03-04 07:44:00.723989+00:00,9.89,21.15,32.12,2549.143222989459,13.798701924763629,-146.9167407006867,15,2
2012-03-04 07:45:00.723989+00:00,9.88,21.12,32.07,2796.911898426857,14.077604025720872,-146.3589364987722,14,2
2012-03-04 07:49:00.723989+00:00,9.72,20.79,31.59,2549.143222989459,13.798701924763629,-146.9167407006867,11,2
2012-03-04 07:52:00.723989+00:00,9.7,20.76,31.54,2629.804950566787,13.546529992717131,-147.42108456477973,14,2
2012-03-04 07:53:00.723989+00:00,9.72,20.79,31.59,2674.329725105201,13.546529992717131,-147.42108456477973,16,2
2012-03-04 07:54:00.723989+00:00,9.73,20.83,31.64,3044.680573864256,14.170866407794277,-146.17241173462543,15,2
2012-03-04 07:55:00.723989+00:00,9.73,20.83,31.64,2785.7833175466826,13.546529992717131,-147.42108456477973,14,2
2012-03-04 07:56:00.723989+00:00,9.7,20.76,31.54,2622.1061245637266,13.098101443567463,-148.31794166307904,16,2
2012-03-04 07:57:00.723989+00:00,9.65,20.66,31.39,2940.233372781306,13.274009309494945,-147.96612593122407,17,2
2012-03-04 07:58:00.723989+00:00,9.62,20.6,31.3,2940.233372781306,13.274009309494945,-147.96612593122407,17,2
2012-03-04 08:01:00.723989+00:00,4.12,9.16,14.0,2940.233372781306,13.509418693299631,-147.4953071636147,15,2
2012-03-04 08:02:00.723989+00:00,4.12,9.16,14.0,2940.233372781306,13.509418693299631,-147.4953071636147,13,2
2012-03-04 08:03:00.723989+00:00,30.18,40.0,40.0,2940.233372781306,13.509418693299631,-147.4953071636147,11,2
2012-03-04 08:04:00.723989+00:00,30.18,40.0,40.0,2436.5057460872586,13.0045742530705,-148.50499604407298,12,2
2012-03-04 08:09:00.723989+00:00,30.13,40.0,40.0,1788.1353189465058,12.28514853973702,-149.9438474707399,14,3
2012-03-04 08:10:00.723989+00:00,30.13,40.0,40.0,1580.7518188366232,11.878138493066736,-150.75786756408047,15,2
2012-03-04 08:11:00.723989+00:00,9.17,19.67,29.9,1634.6839969905627,11.62568171166235,-151.26278112688925,16,2
2012-03-04 08:12:00.723989+00:00,9.17,19.67,29.9,1634.6839969905627,11.62568171166235,-151.26278112688925,18,2
2012-03-04 08:13:00.723989+00:00,40.0,0.07,0.17,1580.7518188366232,11.373224930257964,-151.76769468969803,19,2
2012-03-04 08:14:00.723989+00:00,40.0,0.07,0.17,1688.616175144502,11.373224930257964,-151.76769468969803,17,2
2012-03-04 08:15:00.723989+00:00,40.0,0.07,0.17,1580.7518188366232,11.373224930257964,-151.76769468969803,17,2
2012-03-04 08:16:00.723989+00:00,40.0,0.07,0.17,1569.9829693576123,11.373224930257964,-151.76769468969803,17,2
2012-03-04 08:20:00.723989+00:00,40.0,0.07,0.17,1227.125600481326,11.328595959636765,-151.85695263094044,15,2
2012-03-04 08:37:00.723989+00:00,13.77,28.92,40.0,1968.21923501511,12.7585004978083,-148.99714355459736,15,2
2012-03-04 08:38:00.723989+00:00,13.75,28.88,40.0,2128.080723551696,12.761824026711423,-148.9904964967911,18,2
2012-03-04 08:39:00.723989+00:00,13.75,28.88,40.0,2128.080723551696,12.761824026711423,-148.9904964967911,20,2
2012-03-04 08:40:00.723989+00:00,13.77,28.92,40.0,2409.7066279362666,12.9597485028296,-148.59464754455476,20,2
2012-03-04 08:41:00.723989+00:00,13.75,28.88,40.0,2531.471043784252,13.154349450044652,-148.20544565012466,19,2
2012-03-04 08:42:00.723989+00:00,13.77,28.92,40.0,2624.9889812576725,13.887139032704631,-146.73986648480468,18,2
2012-03-04 08:43:00.723989+00:00,13.86,29.11,40.0,2702.638161516087,13.887139032704631,-146.73986648480468,18,2
2012-03-04 08:44:00.723989+00:00,13.94,29.27,40.0,2702.638161516087,13.887139032704631,-146.73986648480468,18,2
2012-03-04 08:45:00.723989+00:00,14.12,29.62,40.0,2702.638161516087,13.887139032704631,-146.73986648480468,18,2
2012-03-04 08:48:00.723989+00:00,14.85,31.07,40.0,2743.6732428563378,13.76411494305728,-146.9859146640994,17,2
2012-03-04 08:49:00.723989+00:00,14.87,31.12,40.0,2743.6732428563378,13.76411494305728,-146.9859146640994,17,3
2012-03-04 08:51:00.723989+00:00,14.91,31.2,40.0,3782.499941362964,14.028167287237894,-146.45780997573817,19,3
2012-03-04 08:52:00.723989+00:00,14.91,31.2,40.0,3842.115012497084,14.114037280907372,-146.28606998839922,20,2
2012-03-04 08:53:00.723989+00:00,14.91,31.2,40.0,3842.115012497084,14.114037280907372,-146.28606998839922,20,2
2012-03-04 08:54:00.723989+00:00,14.95,31.28,40.0,3842.115012497084,14.114037280907372,-146.28606998839922,18,2
2012-03-04 08:55:00.723989+00:00,14.97,31.32,40.0,4510.026327597001,14.524091807972646,-145.46596093426865,18,2
2012-03-04 08:56:00.723989+00:00,14.99,31.36,40.0,4510.026327597001,14.524091807972646,-145.46596093426865,18,2
2012-03-04 08:57:00.723989+00:00,14.93,31.24,40.0,4852.098188089661,14.918779741211656,-144.67658506779065,18,2
2012-03-04 09:00:00.723989+00:00,14.91,31.2,40.0,4381.00358696394,14.659702044718609,-145.19474046077676,18,2
2012-03-04 09:01:00.723989+00:00,14.99,31.36,40.0,4153.560322982556,14.52943288684995,-145.4552787765141,18,2
2012-03-04 09:02:00.723989+00:00,15.06,31.49,40.0,3940.904632226189,14.52943288684995,-145.4552787765141,18,2
2012-03-04 09:03:00.723989+00:00,15.08,31.53,40.0,3763.2325366765817,14.52943288684995,-145.4552787765141,18,2
2012-03-04 09:04:00.723989+00:00,15.08,31.53,40.0,3711.031348156082,14.52943288684995,-145.4552787765141,20,2
2012-03-04 09:05:00.723989+00:00,15.1,31.57,40.0,3615.282729945686,14.395923913988652,-145.72229672223665,20,2
2012-03-04 09:06:00.723989+00:00,15.08,31.53,40.0,3615.282729945686,14.395923913988652,-145.72229672223665,18,2
2012-03-04 09:07:00.723989+00:00,15.12,31.61,40.0,3193.23408365468,13.953062996432868,-146.60801855734823,17,2
2012-03-04 09:08:00.723989+00:00,15.22,31.82,40.0,3193.23408365468,14.144537688768713,-146.22506917267654,17,2
2012-03-04 09:09:00.723989+00:00,15.29,31.95,40.0,3085.029367699778,14.144537688768713,-146.22506917267654,17,2
2012-03-04 09:12:00.723989+00:00,15.22,31.82,40.0,3085.029367699778,14.144537688768713,-146.22506917267654,17,2
2012-03-04 09:13:00.723989+00:00,15.22,31.82,40.0,3085.029367699778,14.144537688768713,-146.22506917267654,17,2
2012-03-04 09:14:00.723989+00:00,15.27,31.91,40.0,2765.440786877872,14.116386677599342,-146.28137119501528,17,2
2012-03-04 09:15:00.723989+00:00,15.29,31.95,40.0,2610.507393302355,14.074237027872645,-146.36567049446867,17,2
2012-03-04 09:16:00.723989+00:00,15.31,31.99,40.0,2511.053095360612,13.717388960372014,-147.07936662946994,19,2
2012-03-04 09:17:00.723989+00:00,15.35,32.08,40.0,2560.780244331483,13.827831916797573,-146.85848071661883,20,2
2012-03-04 09:18:00.723989+00:00,15.35,32.08,40.0,2167.50274863111,13.225469639063885,-148.0632052720862,20,2
2012-03-04 09:19:00.723989+00:00,15.37,32.12,40.0,1964.5780905344768,13.078048474518496,-148.35804760117696,18,2
2012-03-04 09:20:00.723989+00:00,15.37,32.12,40.0,1964.5780905344768,13.078048474518496,-148.35804760117696,16,2
2012-03-04 09:21:00.723989+00:00,15.37,32.12,40.0,2095.717821381462,13.335733383125383,-147.8426777839632,15,2
2012-03-04 09:22:00.723989+00:00,15.48,32.33,40.0,2028.318022615748,13.335733383125383,-147.8426777839632,15,3
2012-03-04 09:26:00.723989+00:00,15.54,32.46,40.0,1887.389621169037,13.236994505759592,-148.0401555386948,14,2
2012-03-04 09:27:00.723989+00:00,15.54,32.46,40.0,1887.389621169037,13.236994505759592,-148.0401555386948,14,2
2012-03-04 09:28:00.723989+00:00,15.5,32.38,40.0,2028.318022615748,13.6607981570503,-147.19254823611337,13,2
2012-03-04 09:30:00.723989+00:00,15.54,32.46,40.0,1916.6212581698037,13.508875931914623,-147.49639268638472,17,3
2012-03-04 09:31:00.723989+00:00,15.54,32.46,40.0,1916.6212581698037,13.508875931914623,-147.49639268638472,17,2
2012-03-04 09:34:00.723989+00:00,15.5,32.38,40.0,1981.9020431348024,13.50994761475951,-147.49424932069496,16,2
2012-03-04 09:35:00.723989+00:00,15.44,32.25,40.0,1916.6212581698037,13.508875931914623,-147.49639268638472,15,2
2012-03-04 09:37:00.723989+00:00,15.42,32.2,40.0,1916.6212581698037,13.508875931914623,-147.49639268638472,11,2
2012-03-04 09:44:00.723989+00:00,15.39,32.16,40.0,2221.2568765119395,13.725947466232,-147.06224961774996,11,2
2012-03-04 09:45:00.723989+00:00,15.42,32.2,40.0,2221.2568765119395,13.725947466232,-147.06224961774996,13,2
2012-03-04 09:46:00.723989+00:00,15.42,32.2,40.0,2221.2568765119395,13.725947466232,-147.06224961774996,15,2
2012-03-04 09:47:00.723989+00:00,15.42,32.2,40.0,2131.907462331993,13.518570666515986,-147.477003217182,17,2
2012-03-04 09:48:00.723989+00:00,15.42,32.2,40.0,2108.5880396417824,13.488763951002774,-147.5366166482084,18,2
2012-03-04 09:50:00.723989+00:00,40.0,0.07,0.17,2128.8235747407552,13.624482659763064,-147.26517923068783,16,2
2012-03-04 09:51:00.723989+00:00,40.0,0.07,0.17,2128.8235747407552,13.624482659763064,-147.26517923068783,14,2
2012-03-04 09:52:00.723989+00:00,40.0,0.07,0.17,2125.7396871495166,13.458957235489564,-147.59623007923483,13,2
2012-03-04 09:57:00.723989+00:00,40.0,0.07,0.17,1868.6243578304857,13.021349782314775,-148.4714449855844,7,2
2012-03-04 09:58:00.723989+00:00,40.0,0.07,0.17,1914.6186214557436,12.76283316436536,-148.98847822148326,6,2
2012-03-04 10:05:00.723989+00:00,13.53,28.46,40.0,950.6663524621184,11.90825622707443,-150.6976320960651,6,2
2012-03-04 10:21:00.723989+00:00,7.12,15.49,23.59,819.5939406640863,10.596826761373972,-153.320491027466,11,2
2012-03-04 10:23:00.723989+00:00,7.12,15.49,23.59,819.5939406640863,10.596826761373972,-153.320491027466,11,2
2012-03-04 10:24:00.723989+00:00,7.14,15.52,23.64,1084.9772455817258,11.13158074540019,-152.25098305941358,10,2
2012-03-04 10:31:00.723989+00:00,10.49,22.36,33.95,1311.0020435735914,12.43054087342078,-149.6530628033724,10,2
2012-03-04 10:33:00.723989+00:00,10.49,22.36,33.95,1311.0020435735914,12.43054087342078,-149.6530628033724,10,2
2012-03-04 10:35:00.723989+00:00,10.49,22.36,33.95,1311.0020435735914,12.43054087342078,-149.6530628033724,10,2
2012-03-04 10:47:00.723989+00:00,9.96,21.28,32.32,3221.4849485627856,14.336156007332423,-145.84183253554912,14,2
2012-03-04 10:48:00.723989+00:00,9.96,21.28,32.32,3221.4849485627856,14.336156007332423,-145.84183253554912,16,2
2012-03-04 10:49:00.723989+00:00,9.94,21.25,32.27,3221.4849485627856,14.336156007332423,-145.84183253554912,16,2
2012-03-04 10:50:00.723989+00:00,9.94,21.25,32.27,3321.715735805675,14.517213610362685,-145.4797173294886,15,2
2012-03-04 10:51:00.723989+00:00,9.94,21.25,32.27,3321.715735805675,14.517213610362685,-145.4797173294886,15,2
2012-03-04 10:52:00.723989+00:00,9.91,21.18,32.17,3321.715735805675,14.517213610362685,-145.4797173294886,13,2
2012-03-04 10:53:00.723989+00:00,9.89,21.15,32.12,3321.715735805675,14.517213610362685,-145.4797173294886,11,2
2012-03-04 11:02:00.723989+00:00,19.86,40.0,40.0,4116.446832937568,14.266886920217935,-145.98037070977807,8,2
2012-03-04 11:03:00.723989+00:00,19.86,40.0,40.0,4116.446832937568,14.266886920217935,-145.98037070977807,8,2
2012-03-04 11:04:00.723989+00:00,19.61,40.0,40.0,4889.150870225372,14.914413480491335,-144.6853175892313,10,2
2012-03-04 11:15:00.723989+00:00,17.81,36.95,40.0,1788.3557895543336,12.477119652366834,-149.5599052454803,10,2
2012-03-04 11:17:00.723989+00:00,17.81,36.95,40.0,1788.3557895543336,12.477119652366834,-149.5599052454803,10,2
2012-03-04 11:18:00.723989+00:00,17.81,36.95,40.0,1788.3557895543336,12.477119652366834,-149.5599052454803,10,3
2012-03-04 11:29:00.723989+00:00,15.39,32.16,40.0,2972.249260657584,12.59263088309175,-149.32888278403047,13,2
2012-03-04 11:30:00.723989+00:00,15.35,32.08,40.0,2972.249260657584,12.59263088309175,-149.32888278403047,15,4
2012-03-04 11:32:00.723989+00:00,15.35,32.08,40.0,2633.144189397706,12.59263088309175,-149.32888278403047,17,2
2012-03-04 11:33:00.723989+00:00,15.33,32.04,40.0,2802.696725027645,12.718658279317138,-149.0768279915797,16,2
2012-03-04 11:34:00.723989+00:00,15.29,31.95,40.0,2802.696725027645,12.718658279317138,-149.0768279915797,14,2
2012-03-04 11:35:00.723989+00:00,15.27,31.91,40.0,2802.696725027645,12.718658279317138,-149.0768279915797,12,2
2012-03-04 13:13:00.724306+00:00,8.06,17.42,26.5,7815.75296976487,16.66209986796673,-140.248247531262,10,2
2012-03-04 13:14:00.724306+00:00,8.06,17.42,26.5,7110.8226845454765,16.323124630684788,-140.92619800582588,11,2
2012-03-04 13:15:00.724306+00:00,8.06,17.42,26.5,8520.683254984262,17.00107510524867,-139.57029705669814,9,2
2012-03-04 13:26:00.724306+00:00,8.81,18.95,28.81,7291.782589939355,15.861420072985092,-141.8496071212253,9,2
2012-03-04 13:27:00.724306+00:00,8.81,18.95,28.81,7291.782589939355,15.861420072985092,-141.8496071212253,9,2
2012-03-04 13:28:00.724306+00:00,8.81,18.95,28.81,7291.782589939355,15.861420072985092,-141.8496071212253,9,2
2012-03-04 13:29:00.724306+00:00,8.81,18.95,28.81,7291.782589939355,15.861420072985092,-141.8496071212253,9,2
2012-03-04 13:36:00.724306+00:00,8.72,18.76,28.52,2919.0527006451184,13.289756595972968,-146.99293407524954,10,2
2012-03-04 13:37:00.724306+00:00,8.72,18.76,28.52,2919.0527006451184,13.289756595972968,-146.99293407524954,10,2
2012-03-04 13:38:00.724306+00:00,8.72,18.76,28.52,2919.0527006451184,13.289756595972968,-146.99293407524954,10,3
2012-03-04 13:39:00.724306+00:00,8.72,18.76,28.52,2919.0527006451184,13.289756595972968,-146.99293407524954,10,3
2012-03-04 13:52:00.724306+00:00,4.87,10.76,16.43,3217.745462109066,12.752171346951434,-148.0681045732926,6,2
2012-03-04 13:53:00.724306+00:00,4.87,10.76,16.43,3217.745462109066,12.752171346951434,-148.0681045732926,6,2
2012-03-04 13:54:00.724306+00:00,4.87,10.76,16.43,3217.745462109066,12.752171346951434,-148.0681045732926,6,2
2012-03-04 15:25:00.724306+00:00,11.87,25.12,38.1,1419.4776229988624,12.654362144322768,-148.26372297854994,8,2
2012-03-04 15:26:00.724306+00:00,11.87,25.12,38.1,1419.4776229988624,12.654362144322768,-148.26372297854994,8,2
2012-03-04 15:27:00.724306+00:00,11.87,25.12,38.1,1419.4776229988624,12.654362144322768,-148.26372297854994,8,2
2012-03-04 15:28:00.724306+00:00,12.04,25.47,38.63,1762.7526445460803,13.33943490363442,-146.89357745992663,9,2
2012-03-04 15:33:00.724306+00:00,12.42,26.23,39.76,2322.395576245167,13.824249999314809,-145.92394726856585,12,2
2012-03-04 15:34:00.724306+00:00,12.42,26.23,39.76,2336.8617008463216,13.892107678395858,-145.78823191040377,13,2
2012-03-04 15:35:00.724306+00:00,12.42,26.23,39.76,2336.8617008463216,13.892107678395858,-145.78823191040377,15,2
2012-03-04 15:36:00.724306+00:00,12.42,26.23,39.76,2336.8617008463216,13.892107678395858,-145.78823191040377,15,2
2012-03-04 15:37:00.724306+00:00,12.42,26.23,39.76,2336.8617008463216,13.892107678395858,-145.78823191040377,15,2
2012-03-04 15:38:00.724306+00:00,12.42,26.23,39.76,2719.1344367123884,14.338147614407651,-144.8961520383802,14,2
2012-03-04 15:39:00.724306+00:00,12.44,26.26,39.81,2719.1344367123884,14.350293877661796,-144.8718595118719,12,2
2012-03-04 15:46:00.724306+00:00,12.95,27.29,40.0,2517.9323813072115,14.07945678651372,-145.41353369416805,8,2
2012-03-04 15:47:00.724306+00:00,12.95,27.29,40.0,2517.9323813072115,14.07945678651372,-145.41353369416805,8,2
2012-03-04 15:49:00.724306+00:00,13.21,27.81,40.0,2963.1572175341216,14.347724797286611,-144.87699767262225,11,2
2012-03-04 15:53:00.724306+00:00,13.42,28.23,40.0,3317.0313891281776,14.51200693789221,-144.54843339141107,14,2
2012-03-04 15:54:00.724306+00:00,13.44,28.26,40.0,3536.377660144126,15.16672998520506,-143.23898729678535,14,2
2012-03-04 15:55:00.724306+00:00,13.46,28.3,40.0,3540.6046357853597,15.595045847949956,-142.38235557129556,14,2
2012-03-04 15:56:00.724306+00:00,13.46,28.3,40.0,3264.541207949779,15.532920803987595,-142.50660565922027,15,2
2012-03-04 15:57:00.724306+00:00,13.46,28.3,40.0,3264.541207949779,15.532920803987595,-142.50660565922027,15,2
2012-03-04 15:58:00.724306+00:00,13.46,28.3,40.0,3264.541207949779,15.532920803987595,-142.50660565922027,15,2
2012-03-04 16:00:00.724306+00:00,13.48,28.34,40.0,2789.177356649165,15.17985830008731,-143.21273066702085,15,2
2012-03-04 16:03:00.724306+00:00,13.57,28.53,40.0,2789.177356649165,15.17985830008731,-143.21273066702085,15,2
2012-03-04 16:04:00.724306+00:00,13.61,28.61,40.0,2385.6440889806368,14.63169983744617,-144.3090475923031,16,2
2012-03-04 16:05:00.724306+00:00,13.65,28.69,40.0,2305.799897866306,14.364383327212431,-144.84368061277058,16,2
2012-03-04 16:06:00.724306+00:00,13.69,28.76,40.0,1982.110821312108,14.224385381103772,-145.1236765049879,17,2
2012-03-04 16:07:00.724306+00:00,13.69,28.76,40.0,1982.110821312108,14.036909109042972,-145.49862904910952,19,2
2012-03-04 16:08:00.724306+00:00,13.69,28.76,40.0,2305.799897866306,14.130647245073373,-145.31115277704873,20,2
2012-03-04 16:09:00.724306+00:00,13.71,28.8,40.0,2153.2158402023647,13.992272756253712,-145.58790175468806,20,2
2012-03-04 16:10:00.724306+00:00,13.73,28.84,40.0,2316.724264559855,13.943700387219096,-145.6850464927573,19,2
2012-03-04 16:11:00.724306+00:00,13.75,28.88,40.0,2316.724264559855,13.652080485361523,-146.2682862964724,17,2
2012-03-04 16:12:00.724306+00:00,13.77,28.92,40.0,2316.724264559855,13.652080485361523,-146.2682862964724,15,2
2012-03-04 16:13:00.724306+00:00,13.78,28.96,40.0,2316.724264559855,13.42659456101642,-146.71925814516266,15,2
2012-03-04 16:14:00.724306+00:00,13.78,28.96,40.0,2316.724264559855,13.42659456101642,-146.71925814516266,15,2
2012-03-04 16:18:00.724306+00:00,14.02,29.42,40.0,2324.320859092621,13.652080485361523,-146.2682862964724,15,2
2012-03-04 16:19:00.724306+00:00,14.1,29.58,40.0,2442.292358332513,13.797767738104792,-145.9769117909859,15,2
2012-03-04 16:20:00.724306+00:00,14.12,29.62,40.0,2545.569167789754,14.02056033782256,-145.53132659155034,16,2
2012-03-04 16:21:00.724306+00:00,14.08,29.54,40.0,2677.866730597489,14.107850895432254,-145.35674547633096,18,2
2012-03-04 16:22:00.724306+00:00,14.1,29.58,40.0,2548.7469481709386,14.16948796669832,-145.23347133379883,19,2
2012-03-04 16:23:00.724306+00:00,14.1,29.58,40.0,2806.98651302404,14.253486379013063,-145.06547450916935,17,2
2012-03-04 16:24:00.724306+00:00,14.1,29.58,40.0,2806.98651302404,14.434701331768728,-144.70304460365804,15,2
2012-03-04 16:25:00.724306+00:00,14.1,29.58,40.0,3137.3238463036487,14.6746461229979,-144.22315502119966,13,2
2012-03-04 16:26:00.724306+00:00,14.08,29.54,40.0,3507.2573120679976,14.969022781569404,-143.63440170405667,11,2
2012-03-04 16:37:00.724306+00:00,8.99,19.33,29.38,1354.5525852146293,12.598417590733542,-148.3756120857284,15,2
2012-03-04 16:38:00.724306+00:00,8.99,19.33,29.38,1354.5525852146293,12.598417590733542,-148.3756120857284,15,2
2012-03-04 16:39:00.724306+00:00,8.99,19.33,29.38,1342.5668252165706,12.429332912684638,-148.7137814418262,16,2
2012-03-04 16:40:00.724306+00:00,9.01,19.36,29.43,1446.2907207299422,12.77451260124337,-148.02342206470874,16,2
2012-03-04 16:41:00.724306+00:00,9.03,19.39,29.47,1567.976891631161,13.028830538272636,-147.51478619065023,16,2
2012-03-04 16:44:00.724306+00:00,9.07,19.48,29.62,1939.4522649113956,13.979891800413816,-145.61266366636784,11,2
2012-03-04 16:45:00.724306+00:00,9.09,19.52,29.66,2045.961984606745,13.9959486859148,-145.5805498953659,9,2
2012-03-04 16:46:00.724306+00:00,9.09,19.52,29.66,2045.961984606745,13.9959486859148,-145.5805498953659,7,2
2012-03-04 19:02:00.724306+00:00,9.76,20.89,31.73,1586.1815070485934,12.338342786061204,-148.89576169507308,10,2
2012-03-04 19:04:00.724306+00:00,9.76,20.89,31.73,1586.1815070485934,12.338342786061204,-148.89576169507308,10,2
2012-03-04 19:05:00.724306+00:00,9.76,20.89,31.73,1654.6209781549787,12.479605062589396,-148.6132371420167,11,2
2012-03-04 19:06:00.724306+00:00,9.8,20.95,31.83,1654.6209781549787,12.479605062589396,-148.6132371420167,13,2
2012-03-04 19:11:00.724306+00:00,9.94,21.25,32.27,1473.2522369329904,12.635031723647325,-148.30238381990085,15,3
2012-03-04 19:12:00.724306+00:00,9.97,21.31,32.37,1473.2522369329904,12.635031723647325,-148.30238381990085,15,2
2012-03-04 19:13:00.724306+00:00,9.94,21.25,32.27,1361.1413213013857,12.485835914048328,-148.6007754390988,17,2
2012-03-04 19:14:00.724306+00:00,9.92,21.21,32.22,1334.7624266012665,12.485835914048328,-148.6007754390988,19,2
2012-03-04 19:15:00.724306+00:00,9.89,21.15,32.12,1264.1344124801806,12.393017939694657,-148.78641138780614,19,2
2012-03-04 19:17:00.724306+00:00,9.8,20.95,31.83,1239.007153154838,12.393017939694657,-148.78641138780614,17,2
2012-03-04 19:24:00.724306+00:00,9.78,20.92,31.78,1954.054324095218,12.92163914675897,-147.72916897367753,13,2
2012-03-04 19:25:00.724306+00:00,9.78,20.92,31.78,2005.515652524465,13.007338142846429,-147.5577709815026,12,2
2012-03-04 19:26:00.724306+00:00,9.78,20.92,31.78,2301.9865236883907,13.451836053058576,-146.66877516107832,10,2
2012-03-04 19:27:00.724306+00:00,9.78,20.92,31.78,2301.9865236883907,13.451836053058576,-146.66877516107832,10,2
2012-03-04 19:28:00.724306+00:00,9.78,20.92,31.78,2301.9865236883907,13.451836053058576,-146.66877516107832,10,2
2012-03-04 19:40:00.724306+00:00,9.99,21.34,32.42,1152.678353976864,12.809695592129737,-147.953056082936,12,2
2012-03-04 19:41:00.724306+00:00,10.07,21.51,32.66,1203.9369434104042,13.016801243034507,-147.53884478112644,14,2
2012-03-04 19:42:00.724306+00:00,10.07,21.51,32.66,1203.9369434104042,13.016801243034507,-147.53884478112644,14,2
2012-03-04 19:43:00.724306+00:00,10.07,21.51,32.66,1203.9369434104042,13.016801243034507,-147.53884478112644,14,2
2012-03-04 19:44:00.724306+00:00,10.18,21.74,33.01,1157.527717119585,13.010565559491498,-147.5513161482125,15,2
2012-03-04 21:01:00.724306+00:00,11.06,23.5,35.66,1001.3126554478074,12.98542412707852,-147.60159901303842,6,2
2012-03-05 15:57:00.724940+00:00,10.56,22.49,34.15,910.2757847772122,12.244034270903764,-147.13349463461756,13,3
2012-03-05 15:59:00.724940+00:00,10.54,22.46,34.1,1059.6253028299534,12.658748869328113,-146.30406543776888,18,2
2012-03-05 16:00:00.724940+00:00,10.54,22.46,34.1,910.2757847772122,12.244034270903764,-147.13349463461756,21,3
2012-03-05 16:10:00.724940+00:00,10.41,22.2,33.7,1001.1529321782912,11.950094159498876,-147.72137485742735,23,3
2012-03-05 16:19:00.724940+00:00,10.61,22.59,34.3,1009.413277339762,12.119464977973408,-147.38263322047823,16,3
2012-03-05 16:20:00.724940+00:00,10.61,22.59,34.3,1016.4640886968818,12.362048839520178,-146.89746549738473,16,2
2012-03-05 16:23:00.724940+00:00,5.13,11.31,17.26,1184.643369235005,12.771523563621702,-146.07851604918167,16,2
2012-03-05 16:24:00.724940+00:00,5.13,11.31,17.26,1184.643369235005,12.771523563621702,-146.07851604918167,14,2
2012-03-05 16:25:00.724940+00:00,5.11,11.27,17.21,1184.643369235005,12.771523563621702,-146.07851604918167,12,3
2012-03-06 22:05:00.725574+00:00,14.79,30.95,40.0,1022.6749777680895,11.98450595638538,-150.32705472691976,22,2
2012-03-06 22:09:00.725574+00:00,14.99,31.36,40.0,1093.0645826852378,12.430662754331776,-149.43474113102695,20,2
2012-03-06 22:10:00.725574+00:00,14.95,31.28,40.0,1120.0729998778588,12.441473277017003,-149.4131200856565,18,2
2012-03-08 01:21:00.726525+00:00,9.75,20.86,31.69,831.9913782060776,10.643780238864409,-153.41845821630406,24,4
2012-03-08 01:22:00.726525+00:00,9.73,20.83,31.64,893.23463835404,10.764550253020332,-153.1769181879922,24,2
2012-03-08 01:23:00.726525+00:00,9.72,20.79,31.59,952.9307042475476,10.95455038991995,-152.796917914193,25,2
2012-03-08 01:24:00.726525+00:00,9.7,20.76,31.54,952.9307042475476,10.95455038991995,-152.796917914193,25,3
2012-03-08 01:26:00.726525+00:00,9.7,20.76,31.54,952.9307042475476,11.28517787157734,-152.1356629508782,27,2
2012-03-08 01:45:00.726525+00:00,3.64,8.12,12.41,1295.6037447106455,11.408313307046388,-151.88939207994008,23,3
2012-03-08 01:46:00.726525+00:00,3.57,7.96,12.16,1313.5733381414857,11.408313307046388,-151.88939207994008,21,3
2012-03-08 01:47:00.726525+00:00,3.57,7.96,12.16,1340.6373603246236,11.583051401277146,-151.5399158914786,21,3
2012-03-08 01:48:00.726525+00:00,3.57,7.96,12.16,1502.5286301228496,11.831614995640088,-151.0427887027527,23,2
2012-03-08 01:52:00.726525+00:00,3.57,7.96,12.16,1399.2726480442327,11.8597786090156,-150.9864614760017,21,3
2012-03-08 01:53:00.726525+00:00,3.57,7.96,12.16,1386.5369355829134,11.56949660766291,-151.56702547870705,20,3
2012-03-08 01:54:00.726525+00:00,3.57,7.96,12.16,1343.68728063154,11.882501929569033,-150.94101483489482,20,2
2012-03-08 02:57:00.726525+00:00,11.97,25.33,38.42,1037.227761307889,11.777040983009542,-151.1519367280138,15,3
2012-03-08 03:04:00.726525+00:00,11.48,24.35,36.95,1776.696860530193,11.91589299005,-150.87423271393288,12,2
2012-03-08 03:05:00.726525+00:00,11.48,24.35,36.95,1746.504542934122,11.856540008023943,-150.992938677985,14,2
2012-03-08 03:06:00.726525+00:00,11.5,24.39,37.0,1729.762655820712,11.725731175989685,-151.25455634205352,16,2
2012-03-08 03:07:00.726525+00:00,11.5,24.39,37.0,1695.8713465900105,11.633341249988558,-151.43933619405578,18,3
2012-03-08 03:08:00.726525+00:00,11.5,24.39,37.0,1591.673222113408,11.492909466271966,-151.72019976148894,21,2
2012-03-08 03:09:00.726525+00:00,11.54,24.46,37.1,1519.4996214118496,11.326030035318873,-152.05395862339512,22,2
2012-03-08 03:10:00.726525+00:00,11.59,24.56,37.26,1430.3706268762458,11.117973881993672,-152.47007093004552,23,2
2012-03-08 03:11:00.726525+00:00,11.6,24.6,37.31,1210.122706906361,10.931429134508832,-152.8431604250152,23,2
2012-03-08 03:12:00.726525+00:00,11.66,24.7,37.47,1178.2160831132564,10.646026014709658,-153.41396666461355,22,3
2012-03-08 03:42:00.726525+00:00,11.73,24.84,37.68,1080.7413301302918,11.338532891219405,-152.02895291159405,19,2
2012-03-08 03:45:00.726525+00:00,11.62,24.63,37.36,1445.411333289736,11.784515330676353,-151.13698803268016,16,2
2012-03-08 03:46:00.726525+00:00,11.57,24.53,37.21,1511.8860387428504,11.81484399244723,-151.0763307091384,15,2
2012-03-08 03:47:00.726525+00:00,11.57,24.53,37.21,1662.5999624739577,11.81484399244723,-151.0763307091384,15,2
2012-03-08 03:48:00.726525+00:00,11.57,24.53,37.21,1838.28795466501,12.589257402755283,-149.5275038885223,14,2
2012-03-08 03:51:00.726525+00:00,11.54,24.46,37.1,1662.5999624739577,12.406206366363351,-149.89360596130615,13,2
2012-03-08 03:52:00.726525+00:00,11.54,24.46,37.1,1547.8978720059918,12.406206366363351,-149.89360596130615,13,2
2012-03-08 03:56:00.726525+00:00,11.38,24.15,36.63,993.1581058840712,11.08886203507114,-152.5282946238906,15,2
2012-03-08 04:00:00.726525+00:00,11.28,23.94,36.33,993.1581058840712,11.08886203507114,-152.5282946238906,17,3
2012-03-08 04:28:00.726525+00:00,11.16,23.7,35.97,1050.0594053951404,11.59224345864823,-151.52153177673642,8,3
2012-03-08 04:57:00.726525+00:00,10.28,21.93,33.3,1001.4789314078856,10.986484294189149,-152.73305010565457,19,2
2012-03-08 04:58:00.726525+00:00,10.28,21.93,33.3,1137.1392453059973,11.043832128598812,-152.61835443683526,18,3
2012-03-08 04:59:00.726525+00:00,10.26,21.9,33.25,1142.2410590169302,11.014757057493489,-152.6765045790459,19,2
2012-03-08 05:00:00.726525+00:00,10.26,21.9,33.25,1142.2410590169302,11.014757057493489,-152.6765045790459,19,2
2012-03-08 05:01:00.726525+00:00,10.23,21.83,33.15,1142.2410590169302,11.160065430423511,-152.38588783318585,19,2
2012-03-08 05:02:00.726525+00:00,10.22,21.8,33.1,1142.2410590169302,11.779415889134643,-151.1471869157636,19,2
2012-03-08 05:03:00.726525+00:00,10.22,21.8,33.1,1237.8787182112724,12.06170555489582,-150.58260758424123,18,2
2012-03-08 05:13:00.726525+00:00,10.07,21.51,32.66,1256.9440883411044,12.118908805674572,-150.46820108268372,14,2
2012-03-08 05:17:00.726525+00:00,9.84,21.05,31.98,1206.5903967218787,11.898867705790575,-150.90828328245172,20,2
2012-03-08 05:20:00.726525+00:00,9.99,21.34,32.42,1146.497088925453,11.786141818243705,-151.13373505754546,21,2
2012-03-08 05:21:00.726525+00:00,10.09,21.54,32.71,1146.497088925453,11.786141818243705,-151.13373505754546,21,2
2012-03-08 05:22:00.726525+00:00,10.07,21.51,32.66,1026.0718631054845,11.276154900472488,-152.1537088930879,22,2
2012-03-08 05:23:00.726525+00:00,10.07,21.51,32.66,1026.0718631054845,11.276154900472488,-152.1537088930879,20,2
2012-03-08 05:24:00.726525+00:00,10.07,21.51,32.66,995.6759641012084,11.240055656477692,-152.2259073810775,19,3
2012-03-08 05:25:00.726525+00:00,10.05,21.47,32.61,1026.0718631054845,11.276154900472488,-152.1537088930879,18,2
2012-03-08 05:26:00.726525+00:00,10.07,21.51,32.66,1026.0718631054845,11.276154900472488,-152.1537088930879,18,2
2012-03-08 05:30:00.726525+00:00,9.97,21.31,32.37,837.0532007232727,10.662878379324612,-153.38026193538366,17,2
2012-03-08 05:31:00.726525+00:00,9.88,21.12,32.07,916.3645824122406,10.810122445693814,-153.08577380264524,18,2
2012-03-08 05:32:00.726525+00:00,9.89,21.15,32.12,958.3091254218244,10.862649643234151,-152.98071940756455,18,2
2012-03-08 05:33:00.726525+00:00,9.88,21.12,32.07,958.3091254218244,10.862649643234151,-152.98071940756455,20,2
2012-03-08 05:34:00.726525+00:00,9.89,21.15,32.12,1036.812561926553,10.957366512063016,-152.79128566990684,21,2
2012-03-08 05:35:00.726525+00:00,9.81,20.99,31.88,1422.3352837711047,11.919798276978392,-150.86642214007608,21,2
2012-03-08 05:36:00.726525+00:00,9.78,20.92,31.78,1422.3352837711047,11.919798276978392,-150.86642214007608,21,2
2012-03-08 05:37:00.726525+00:00,9.75,20.86,31.69,1349.8240594009176,11.943048374112337,-150.8199219458082,22,3
2012-03-08 05:38:00.726525+00:00,9.76,20.89,31.73,1546.6492443730117,12.196046250248491,-150.3139261935359,22,2
2012-03-08 05:39:00.726525+00:00,9.78,20.92,31.78,1980.0243076438317,12.55890452473372,-149.58820964456544,22,2
2012-03-08 05:40:00.726525+00:00,9.76,20.89,31.73,2317.13134934636,12.851001987012346,-149.00401472000817,21,2
2012-03-08 05:41:00.726525+00:00,9.75,20.86,31.69,2347.328900137923,12.93048218146114,-148.8450543311106,18,3
2012-03-08 05:42:00.726525+00:00,9.65,20.66,31.39,2377.526450929486,13.168949342705549,-148.3681200086218,17,2
2012-03-08 05:43:00.726525+00:00,15.35,32.08,40.0,2551.5440724784253,13.800855919307462,-147.10430685541797,17,2
2012-03-08 05:44:00.726525+00:00,15.2,31.78,40.0,2584.320071456972,13.522982418762629,-147.6600538565076,18,2
2012-03-08 05:47:00.726525+00:00,15.12,31.61,40.0,2834.590632945064,13.861939918183475,-146.98213885766592,17,2
2012-03-08 05:48:00.726525+00:00,15.08,31.53,40.0,2834.590632945064,13.861939918183475,-146.98213885766592,17,3
2012-03-08 05:49:00.726525+00:00,15.33,32.04,40.0,3883.049333800942,14.450164925971093,-145.8056888420907,17,2
2012-03-08 05:50:00.726525+00:00,15.35,32.08,40.0,3831.349002719635,14.343593334420373,-146.01883202519213,18,2
2012-03-08 05:51:00.726525+00:00,15.31,31.99,40.0,3831.349002719635,14.343593334420373,-146.01883202519213,20,2
2012-03-08 05:52:00.726525+00:00,15.29,31.95,40.0,3245.7456578882056,14.03897934727907,-146.62805999947471,22,2
2012-03-08 05:53:00.726525+00:00,15.18,31.74,40.0,2697.309268245717,13.686880921648791,-147.3322568507353,22,2
2012-03-08 05:55:00.726525+00:00,15.12,31.61,40.0,2697.309268245717,13.686880921648791,-147.3322568507353,22,3
2012-03-08 05:56:00.726525+00:00,15.1,31.57,40.0,2697.309268245717,13.686880921648791,-147.3322568507353,22,3
2012-03-08 05:57:00.726525+00:00,15.08,31.53,40.0,2697.309268245717,13.686880921648791,-147.3322568507353,22,2
2012-03-08 05:58:00.726525+00:00,15.04,31.45,40.0,2762.8015266707544,13.840936951688487,-147.0241447906559,23,2
2012-03-08 05:59:00.726525+00:00,14.58,30.54,40.0,2762.8015266707544,13.659324967023636,-147.3873687599856,23,3
2012-03-08 06:00:00.726525+00:00,14.58,30.54,40.0,2947.8712062107634,13.575688117003455,-147.55464246002597,24,2
2012-03-08 06:01:00.726525+00:00,14.52,30.42,40.0,2947.8712062107634,13.575688117003455,-147.55464246002597,24,2
2012-03-08 06:02:00.726525+00:00,14.48,30.34,40.0,3059.6545401316043,13.729179493202182,-147.24765970762851,22,2
2012-03-08 06:03:00.726525+00:00,14.7,30.79,40.0,2916.770320299609,13.492051266983278,-147.7219161600663,23,3
2012-03-08 06:04:00.726525+00:00,14.7,30.79,40.0,2916.770320299609,13.492051266983278,-147.7219161600663,21,2
2012-03-08 06:05:00.726525+00:00,9.94,21.25,32.27,2947.8712062107634,13.575688117003455,-147.55464246002597,18,3
2012-03-08 06:06:00.726525+00:00,9.96,21.28,32.32,2916.770320299609,13.492051266983278,-147.7219161600663,17,2
2012-03-08 06:07:00.726525+00:00,9.96,21.28,32.32,2170.5329378813267,12.925429803991925,-148.85515908604904,17,2
2012-03-08 06:11:00.726525+00:00,9.76,20.89,31.73,1624.9720574686107,11.589907238127806,-151.52620421777726,15,2
2012-03-08 06:12:00.726525+00:00,13.86,29.11,40.0,1449.5578248581348,11.474522415143555,-151.75697386374577,15,2
2012-03-08 06:13:00.726525+00:00,13.88,29.15,40.0,1297.9619668907542,11.461100854006933,-151.78381698601902,14,2
2012-03-08 06:14:00.726525+00:00,13.9,29.19,40.0,1297.9619668907542,11.461100854006933,-151.78381698601902,16,3
2012-03-08 06:15:00.726525+00:00,13.92,29.23,40.0,1370.1853770692087,11.601172711998933,-151.503673270035,18,2
2012-03-08 06:19:00.726525+00:00,13.96,29.31,40.0,1819.656111865662,12.406858892525536,-149.8923009089818,19,2
2012-03-08 06:20:00.726525+00:00,13.94,29.27,40.0,1819.656111865662,12.406858892525536,-149.8923009089818,19,2
2012-03-08 06:21:00.726525+00:00,13.9,29.19,40.0,1927.71818882976,12.447788609850214,-149.81044147433244,20,2
2012-03-08 06:22:00.726525+00:00,13.92,29.23,40.0,1927.71818882976,12.76584027805254,-149.1743381379278,22,3
2012-03-08 06:23:00.726525+00:00,13.9,29.19,40.0,2131.495022745092,13.0615316496379,-148.58295539475705,22,2
2012-03-08 06:24:00.726525+00:00,13.9,29.19,40.0,2100.7298747693867,13.0615316496379,-148.58295539475705,22,2
2012-03-08 06:25:00.726525+00:00,13.88,29.15,40.0,2028.819247442991,13.0615316496379,-148.58295539475705,22,2
2012-03-08 06:26:00.726525+00:00,13.9,29.19,40.0,2021.8582290921236,13.042962228930186,-148.6200942361725,21,2
2012-03-08 06:27:00.726525+00:00,13.9,29.19,40.0,1819.656111865662,12.700854527311868,-149.30430963940915,19,3
2012-03-08 06:28:00.726525+00:00,13.9,29.19,40.0,1785.8058832158877,12.488718327174892,-149.7285820396831,17,2
2012-03-08 06:29:00.726525+00:00,13.92,29.23,40.0,1760.8217879842452,12.488718327174892,-149.7285820396831,17,2
2012-03-08 06:34:00.726525+00:00,13.86,29.11,40.0,2021.8582290921236,13.185177810286092,-148.3356630734607,17,3
2012-03-08 06:35:00.726525+00:00,13.86,29.11,40.0,3053.0557777750305,13.545036837530295,-147.6159450189723,17,2
2012-03-08 06:36:00.726525+00:00,13.84,29.07,40.0,3131.819081488274,13.54523832024588,-147.6155420535411,18,2
2012-03-08 06:37:00.726525+00:00,13.84,29.07,40.0,3131.819081488274,13.54523832024588,-147.6155420535411,20,2
2012-03-08 06:38:00.726525+00:00,13.84,29.07,40.0,3721.7189317085904,14.023290775206878,-146.65943714361913,22,3
2012-03-08 06:39:00.726525+00:00,13.82,29.03,40.0,4435.85983063409,14.502372871522274,-145.7012729509883,22,2
2012-03-08 06:40:00.726525+00:00,13.82,29.03,40.0,4653.936734523099,14.70347793610752,-145.2990628218178,22,2
2012-03-08 06:41:00.726525+00:00,13.82,29.03,40.0,4653.936734523099,14.70347793610752,-145.2990628218178,22,2
2012-03-08 06:42:00.726525+00:00,13.8,28.99,40.0,4653.936734523099,14.70347793610752,-145.2990628218178,22,2
2012-03-08 06:43:00.726525+00:00,13.78,28.96,40.0,4653.936734523099,14.70347793610752,-145.2990628218178,22,3
2012-03-08 06:44:00.726525+00:00,13.77,28.92,40.0,4325.981538919881,14.48955992594221,-145.72689884214844,22,2
2012-03-08 06:45:00.726525+00:00,13.75,28.88,40.0,4853.653060483941,14.746120806357478,-145.21377708131791,22,2
2012-03-08 06:46:00.726525+00:00,13.73,28.84,40.0,4853.653060483941,14.746120806357478,-145.21377708131791,22,2
2012-03-08 06:47:00.726525+00:00,13.69,28.76,40.0,4853.653060483941,14.746120806357478,-145.21377708131791,22,2
2012-03-08 06:48:00.726525+00:00,13.67,28.72,40.0,4819.53475061146,14.607958242441466,-145.49010220914994,20,3
2012-03-08 06:49:00.726525+00:00,13.67,28.72,40.0,5004.178525101719,14.607958242441466,-145.49010220914994,18,2
2012-03-08 06:50:00.726525+00:00,13.65,28.69,40.0,4970.060215229239,14.58642748795221,-145.53316371812843,17,2
2012-03-08 06:51:00.726525+00:00,13.63,28.65,40.0,3982.953791846081,14.073305727121673,-146.55940723978952,17,2
2012-03-08 06:52:00.726525+00:00,13.59,28.57,40.0,3387.169602405944,13.691257384349754,-147.32350392533337,17,2
2012-03-08 06:55:00.726525+00:00,13.36,28.11,40.0,974.642245735246,10.56999451607096,-153.56602966189095,13,2
2012-03-08 07:13:00.726525+00:00,12.75,26.88,40.0,993.6008598809703,10.906372481056694,-152.8932737319195,13,3
2012-03-08 07:17:00.726525+00:00,12.75,26.88,40.0,2185.0744604078063,12.720223716537395,-149.2655712609581,16,2
2012-03-08 07:18:00.726525+00:00,12.76,26.92,40.0,2217.643974513522,12.720223716537395,-149.2655712609581,18,3
2012-03-08 07:19:00.726525+00:00,12.76,26.92,40.0,2791.2362545892347,13.379438811299586,-147.9471410714337,18,2
2012-03-08 07:20:00.726525+00:00,12.75,26.88,40.0,3053.1995307229654,13.545167821477824,-147.6156830510772,20,2
2012-03-08 07:21:00.726525+00:00,12.75,26.88,40.0,3053.1995307229654,13.545167821477824,-147.6156830510772,22,2
2012-03-08 07:22:00.726525+00:00,12.75,26.88,40.0,3066.551642098272,13.924588957966884,-146.8568407780991,23,3
2012-03-08 07:23:00.726525+00:00,12.73,26.84,40.0,3528.361264012651,13.709696748757304,-147.28662519651826,20,2
2012-03-08 07:24:00.726525+00:00,12.73,26.84,40.0,3528.361264012651,13.709696748757304,-147.28662519651826,18,2
2012-03-08 07:25:00.726525+00:00,12.73,26.84,40.0,3039.847419347659,13.228680267077548,-148.24865815987778,17,2
2012-03-08 07:26:00.726525+00:00,12.73,26.84,40.0,3039.847419347659,13.228680267077548,-148.24865815987778,17,2
2012-03-08 07:27:00.726525+00:00,12.73,26.84,40.0,3039.847419347659,13.228680267077548,-148.24865815987778,17,2
2012-03-08 07:30:00.726525+00:00,12.71,26.81,40.0,2283.1849287282434,12.781616362441271,-149.14278596915034,14,2
2012-03-08 07:31:00.726525+00:00,12.75,26.88,40.0,2346.7412116454184,12.656155652118706,-149.39370738979545,13,2
2012-03-08 07:32:00.726525+00:00,12.76,26.92,40.0,2346.7412116454184,12.567872067001067,-149.57027456003073,13,2
2012-03-08 07:33:00.726525+00:00,12.82,27.03,40.0,3062.0045606539256,13.438002473624998,-147.83001374678287,16,2
2012-03-08 07:36:00.726525+00:00,12.82,27.03,40.0,4034.7246909861383,14.25008662876068,-146.2058454365115,17,2
2012-03-08 07:37:00.726525+00:00,12.82,27.03,40.0,4906.600053575761,14.339678429230604,-146.02666183557167,15,3
2012-03-08 07:38:00.726525+00:00,12.82,27.03,40.0,5947.879696138023,15.018767043705475,-144.66848460662192,13,3
2012-03-08 07:39:00.726525+00:00,12.82,27.03,40.0,6387.652461309902,15.594650571970345,-143.51671755009218,11,3
2012-03-08 07:45:00.726525+00:00,12.99,27.36,40.0,4376.596111311193,14.836972606427906,-145.03207348117706,9,3
2012-03-08 07:46:00.726525+00:00,12.99,27.36,40.0,3592.550845819261,13.78815253274537,-147.1297136285421,11,2
2012-03-08 07:47:00.726525+00:00,12.97,27.32,40.0,3592.550845819261,13.78815253274537,-147.1297136285421,13,2
2012-03-08 07:48:00.726525+00:00,12.97,27.32,40.0,3592.550845819261,13.78815253274537,-147.1297136285421,15,2
2012-03-08 07:51:00.726525+00:00,12.87,27.14,40.0,2486.460879559102,12.991856705981537,-148.7223052820698,18,2
2012-03-08 07:52:00.726525+00:00,12.87,27.14,40.0,2177.2876597277204,12.592786114579985,-149.52044646487292,18,2
2012-03-08 07:53:00.726525+00:00,12.91,27.21,40.0,1955.2215549411876,12.623418761756632,-149.45918117051963,17,2
2012-03-08 07:54:00.726525+00:00,12.91,27.21,40.0,1856.9778389590297,12.592786114579985,-149.52044646487292,18,2
2012-03-08 07:55:00.726525+00:00,12.91,27.21,40.0,1856.9778389590297,12.592786114579985,-149.52044646487292,20,2
2012-03-08 07:56:00.726525+00:00,12.91,27.21,40.0,1909.456433954488,12.623418761756632,-149.45918117051963,19,3
2012-03-08 07:58:00.726525+00:00,12.93,27.25,40.0,1932.3389944478376,12.721109596186892,-149.2637995016591,20,2
2012-03-08 07:59:00.726525+00:00,12.91,27.21,40.0,1932.3389944478376,12.721109596186892,-149.2637995016591,20,2
2012-03-08 08:01:00.726525+00:00,12.93,27.25,40.0,1681.9875236473786,12.775849310000844,-149.1543200740312,20,3
2012-03-08 08:02:00.726525+00:00,12.89,27.18,40.0,1559.4758033311862,12.818800430617154,-149.06841783279856,19,2
2012-03-08 08:03:00.726525+00:00,12.87,27.14,40.0,1544.6622945476847,12.775849310000844,-149.1543200740312,20,2
2012-03-08 08:04:00.726525+00:00,12.87,27.14,40.0,1536.4608245042723,12.596930737420404,-149.5121572191921,20,2
2012-03-08 08:05:00.726525+00:00,12.87,27.14,40.0,1536.4608245042723,12.596930737420404,-149.5121572191921,18,2
2012-03-08 08:07:00.726525+00:00,12.84,27.06,40.0,1536.4608245042723,12.596930737420404,-149.5121572191921,14,2
2012-03-08 08:08:00.726525+00:00,12.8,26.99,40.0,1479.7417576105,11.88422201319412,-150.93757466764464,13,2
2012-03-08 08:16:00.726525+00:00,13.02,27.44,40.0,1618.5631733500315,12.765522337102851,-149.17497401982718,15,2
2012-03-08 08:17:00.726525+00:00,13.04,27.47,40.0,1618.5631733500315,12.765522337102851,-149.17497401982718,17,2
2012-03-08 08:18:00.726525+00:00,13.08,27.55,40.0,1699.6922921264331,13.030815723600991,-148.6443872468309,18,3
2012-03-08 08:19:00.726525+00:00,13.08,27.55,40.0,1824.7283336364085,13.296109110099136,-148.1138004738346,19,2
2012-03-08 08:20:00.726525+00:00,13.06,27.51,40.0,2225.332405087708,13.40500730259947,-147.89600408883393,21,2
2012-03-08 08:22:00.726525+00:00,12.99,27.36,40.0,2724.94770125916,13.75415863828281,-147.19770141746727,22,2
2012-03-08 08:23:00.726525+00:00,13.0,27.4,40.0,2893.438317343212,13.94929210903679,-146.8074344759593,22,2
2012-03-08 08:24:00.726525+00:00,13.0,27.4,40.0,3650.141042094748,14.379690751746296,-145.9466371905403,22,2
2012-03-08 08:25:00.726525+00:00,13.02,27.44,40.0,3017.3914693667693,14.052203814266989,-146.6016110654989,22,4
2012-03-08 08:26:00.726525+00:00,13.02,27.44,40.0,2893.438317343212,13.94929210903679,-146.8074344759593,22,2
2012-03-08 08:27:00.726525+00:00,13.02,27.44,40.0,3074.0512949085737,14.076554671960768,-146.55290935011135,21,2
2012-03-08 08:28:00.726525+00:00,13.02,27.44,40.0,5244.25280116061,14.94269069102804,-144.82063731197678,21,2
2012-03-08 08:29:00.726525+00:00,13.02,27.44,40.0,5760.037909105461,15.061965592745416,-144.58208750854203,21,3
2012-03-08 08:32:00.726525+00:00,13.04,27.47,40.0,4205.133421258131,14.024757153890956,-146.65650438625096,21,2
2012-03-08 08:33:00.726525+00:00,13.04,27.47,40.0,2859.8298709723285,13.159091902970228,-148.3878348880924,21,3
2012-03-08 08:34:00.726525+00:00,13.06,27.51,40.0,2891.017701461912,13.326719946043475,-148.0525788019459,22,2
2012-03-08 08:35:00.726525+00:00,13.06,27.51,40.0,3103.540870931624,13.616289205458408,-147.47344028311605,22,2
2012-03-08 08:36:00.726525+00:00,13.06,27.51,40.0,3284.8762099117525,13.738230421800097,-147.22955785043268,23,3
2012-03-08 08:37:00.726525+00:00,13.12,27.62,40.0,3171.1704724837546,13.630052961601496,-147.44591277082986,24,2
2012-03-08 08:38:00.726525+00:00,13.17,27.73,40.0,3171.1704724837546,13.630052961601496,-147.44591277082986,24,3
2012-03-08 08:39:00.726525+00:00,13.19,27.77,40.0,3284.8762099117525,13.738230421800097,-147.22955785043268,25,2
2012-03-08 08:40:00.726525+00:00,13.27,27.92,40.0,3935.839667489907,14.085806488743852,-146.53440571654517,24,3
2012-03-08 08:41:00.726525+00:00,13.27,27.92,40.0,4193.92955555287,14.515619714388595,-145.6747792652557,24,2
2012-03-08 08:42:00.726525+00:00,13.25,27.89,40.0,4645.159083747834,14.884383605180442,-144.937251483672,23,2
2012-03-08 08:43:00.726525+00:00,13.23,27.85,40.0,4862.905983813796,14.88473782237646,-144.93654304927995,23,3
2012-03-08 08:44:00.726525+00:00,13.23,27.85,40.0,6062.611852267428,15.076991771386751,-144.55203515125936,22,2
2012-03-08 08:45:00.726525+00:00,13.17,27.73,40.0,6484.733691962937,15.271857142439082,-144.1623044091547,22,2
2012-03-08 08:46:00.726525+00:00,13.19,27.77,40.0,6484.733691962937,15.576927630505743,-143.5521634330214,22,2
2012-03-08 08:47:00.726525+00:00,13.19,27.77,40.0,6477.899561998625,15.576927630505743,-143.5521634330214,22,2
2012-03-08 08:48:00.726525+00:00,13.17,27.73,40.0,6327.924065827812,15.21807169444174,-144.26987530514938,22,2
2012-03-08 08:49:00.726525+00:00,13.17,27.73,40.0,5399.556315381304,14.969757579287306,-144.76650353545827,21,3
2012-03-08 08:50:00.726525+00:00,13.15,27.7,40.0,4585.710204122787,14.969757579287306,-144.76650353545827,19,2
2012-03-08 08:51:00.726525+00:00,13.13,27.66,40.0,4168.471908870599,14.577401644720306,-145.55121540459226,18,2
2012-03-08 08:52:00.726525+00:00,13.13,27.66,40.0,3490.9733638794096,14.305687701737613,-146.09464329055766,18,2
2012-03-08 08:53:00.726525+00:00,13.12,27.62,40.0,3466.107210073207,14.185045710153306,-146.33592727372627,17,2
2012-03-08 08:56:00.726525+00:00,13.17,27.73,40.0,2045.1095923368623,13.12206748448678,-148.4618837250593,16,2
2012-03-08 08:57:00.726525+00:00,13.13,27.66,40.0,1937.4025318870208,12.95793371118176,-148.79015127166934,15,2
2012-03-08 09:00:00.726525+00:00,13.02,27.44,40.0,1625.556707737535,12.54857500012122,-149.60886869379044,17,3
2012-03-08 09:02:00.726525+00:00,13.0,27.4,40.0,1541.7960244188848,12.544725304228548,-149.61656808557578,18,2
2012-03-08 09:03:00.726525+00:00,12.99,27.36,40.0,1528.8259108117088,12.540875608335876,-149.62426747736112,17,2
2012-03-08 09:04:00.726525+00:00,12.93,27.25,40.0,1541.7960244188848,12.544725304228548,-149.61656808557578,18,2
2012-03-08 09:05:00.726525+00:00,12.89,27.18,40.0,1528.8259108117088,12.540875608335876,-149.62426747736112,17,3
2012-03-08 09:06:00.726525+00:00,12.89,27.18,40.0,1554.7661380260606,12.812372908440992,-149.0812728771509,17,2
2012-03-08 09:09:00.726525+00:00,12.87,27.14,40.0,1528.8259108117088,12.540875608335876,-149.62426747736112,13,2
2012-03-08 09:10:00.726525+00:00,12.87,27.14,40.0,1402.1604990017663,11.82765645295964,-151.0507057881136,13,2
2012-03-08 09:15:00.726525+00:00,40.0,0.07,0.17,2353.141150440136,13.357849057433782,-147.9903205791653,16,2
2012-03-08 09:16:00.726525+00:00,13.12,27.62,40.0,2845.4466190444546,13.591916401383273,-147.5221858912663,16,2
2012-03-08 09:17:00.726525+00:00,13.13,27.66,40.0,3322.744216458088,13.87204384439187,-146.96193100524914,17,2
2012-03-08 09:18:00.726525+00:00,13.02,27.44,40.0,3558.1950434736027,13.89606107043869,-146.9138965531555,19,2
2012-03-08 09:19:00.726525+00:00,13.02,27.44,40.0,3558.1950434736027,13.89606107043869,-146.9138965531555,21,3
2012-03-08 09:20:00.726525+00:00,13.04,27.47,40.0,3667.035256893157,13.89606107043869,-146.9138965531555,21,2
2012-03-08 09:21:00.726525+00:00,13.06,27.51,40.0,4824.695141556153,14.175791623164294,-146.3544354477043,22,2
2012-03-08 09:22:00.726525+00:00,13.08,27.55,40.0,4824.695141556153,14.218798030135734,-146.26842263376142,22,2
2012-03-08 09:23:00.726525+00:00,13.08,27.55,40.0,4799.761053615245,14.312269567586656,-146.08147955885957,21,3
2012-03-08 09:24:00.726525+00:00,13.13,27.66,40.0,4849.629229497062,14.626782401696149,-145.45245389064058,21,2
2012-03-08 09:25:00.726525+00:00,13.12,27.62,40.0,5252.370541819298,14.746445128361827,-145.21312843730922,22,2
2012-03-08 09:26:00.726525+00:00,13.06,27.51,40.0,5812.2306523361785,15.154433338923903,-144.39715201618506,22,2
2012-03-08 09:27:00.726525+00:00,13.08,27.55,40.0,5812.2306523361785,15.154433338923903,-144.39715201618506,22,2
2012-03-08 09:28:00.726525+00:00,13.13,27.66,40.0,5812.2306523361785,15.154433338923903,-144.39715201618506,22,2
2012-03-08 09:29:00.726525+00:00,13.15,27.7,40.0,5812.2306523361785,15.195189621827517,-144.31563945037783,22,3
2012-03-08 09:30:00.726525+00:00,13.13,27.66,40.0,6055.319706194428,15.426247943121426,-143.85352280779003,22,2
2012-03-08 09:31:00.726525+00:00,13.13,27.66,40.0,6515.44589479452,15.596888563756597,-143.5122415665197,19,2
2012-03-08 09:32:00.726525+00:00,13.13,27.66,40.0,6165.653273749622,15.596888563756597,-143.5122415665197,19,2
2012-03-08 09:33:00.726525+00:00,13.15,27.7,40.0,6858.747593086518,15.978409538994152,-142.74919961604456,19,2
2012-03-08 09:34:00.726525+00:00,13.17,27.73,40.0,6905.15623109526,15.987217258974212,-142.73158417608445,20,3
2012-03-08 09:37:00.726525+00:00,13.15,27.7,40.0,6698.36283622611,15.815352899623004,-143.07531289478686,19,2
2012-03-08 09:38:00.726525+00:00,13.15,27.7,40.0,5916.074352101426,15.628566073085643,-143.44888654786158,19,2
2012-03-08 09:39:00.726525+00:00,13.15,27.7,40.0,5523.690447542535,15.260379111027785,-144.1852604719773,20,2
2012-03-08 09:40:00.726525+00:00,13.17,27.73,40.0,5409.497985038832,15.195274730399142,-144.31546923323458,20,3
2012-03-08 09:41:00.726525+00:00,13.15,27.7,40.0,5302.516907239163,15.185878061640224,-144.33426257075243,22,2
2012-03-08 09:42:00.726525+00:00,13.15,27.7,40.0,5113.592676056931,14.996484018639205,-144.71305065675446,22,2
2012-03-08 09:43:00.726525+00:00,13.15,27.7,40.0,4030.606432089649,14.78476749366978,-145.13648370669333,23,3
2012-03-08 09:44:00.726525+00:00,13.13,27.66,40.0,1961.575222754524,13.547552990295516,-147.61091271344185,22,2
2012-03-08 09:45:00.726525+00:00,13.13,27.66,40.0,1867.447286339372,13.38748497123492,-147.93104875156305,22,2
2012-03-08 09:46:00.726525+00:00,13.13,27.66,40.0,1809.7328258799355,13.290558425130758,-148.12490184377137,22,2
2012-03-08 09:47:00.726525+00:00,13.13,27.66,40.0,1719.4335442962602,13.178413519789403,-148.34919165445405,22,2
2012-03-08 09:48:00.726525+00:00,13.13,27.66,40.0,1570.6305702055938,13.014276661070628,-148.67746537189163,22,3
2012-03-08 09:49:00.726525+00:00,13.13,27.66,40.0,1397.858558099403,12.788396431416924,-149.12922583119902,21,2
2012-03-08 09:51:00.726525+00:00,13.12,27.62,40.0,1204.8938966642745,12.433505124015529,-149.83900844600183,19,2
2012-03-08 09:52:00.726525+00:00,13.12,27.62,40.0,1204.8938966642745,12.433505124015529,-149.83900844600183,17,3
2012-03-08 09:58:00.726525+00:00,12.91,27.21,40.0,1090.6305695574931,11.110460815970209,-152.48509706209245,16,2
2012-03-08 09:59:00.726525+00:00,12.91,27.21,40.0,1131.985619017957,11.406037242305086,-151.8939442094227,16,2
2012-03-08 10:35:00.726525+00:00,13.12,27.62,40.0,2041.2092326552645,13.263335949927871,-148.17934679417715,15,2
2012-03-08 10:37:00.726525+00:00,13.13,27.66,40.0,3409.729898744544,14.002361010463758,-146.70129667310536,16,2
2012-03-08 10:38:00.726525+00:00,13.13,27.66,40.0,3551.8174485952054,14.133240982957515,-146.43953672811784,17,2
2012-03-08 10:39:00.726525+00:00,13.13,27.66,40.0,3670.4881601899096,14.275734260314689,-146.1545501734035,16,2
2012-03-08 10:40:00.726525+00:00,13.13,27.66,40.0,4106.009312660688,14.527054422413809,-145.65190984920525,14,2
2012-03-08 10:41:00.726525+00:00,13.13,27.66,40.0,4529.858955241104,14.64360140236755,-145.41881588929778,12,2
2012-03-08 10:42:00.726525+00:00,13.12,27.62,40.0,4529.858955241104,14.64360140236755,-145.41881588929778,12,2
2012-03-08 10:53:00.726525+00:00,29.77,40.0,40.0,6682.214261290769,15.79308260589545,-143.11985348224198,10,2
2012-03-08 10:54:00.726525+00:00,29.77,40.0,40.0,6448.858100597346,15.792060153273155,-143.12189838748657,13,3
2012-03-08 10:55:00.726525+00:00,29.77,40.0,40.0,6448.858100597346,15.792060153273155,-143.12189838748657,15,2
2012-03-08 10:58:00.726525+00:00,29.77,40.0,40.0,6915.570421984193,15.794105058517742,-143.1178085769974,21,3
2012-03-08 10:59:00.726525+00:00,29.77,40.0,40.0,6883.16396522461,15.821044331448686,-143.0639300311355,20,2
2012-03-08 11:00:00.726525+00:00,29.77,40.0,40.0,7221.570357630062,15.9914971591249,-142.72302437578307,20,2
2012-03-08 11:01:00.726525+00:00,29.77,40.0,40.0,7345.386968784491,15.9914971591249,-142.72302437578307,20,2
2012-03-08 11:02:00.726525+00:00,38.66,40.0,0.17,6998.83073852578,15.708014411757391,-143.28998987051807,22,2
2012-03-08 11:03:00.726525+00:00,13.08,27.55,40.0,6988.463324341784,15.566000313890571,-143.57401806625174,23,3
2012-03-08 11:04:00.726525+00:00,13.06,27.51,40.0,7443.229604577789,15.86064922001278,-142.9847202540073,22,2
2012-03-08 11:05:00.726525+00:00,13.04,27.47,40.0,7897.995884813794,16.148393652790237,-142.40923138845238,23,2
2012-03-08 11:06:00.726525+00:00,13.02,27.44,40.0,7897.995884813794,16.148393652790237,-142.40923138845238,23,3
2012-03-08 11:07:00.726525+00:00,13.0,27.4,40.0,6988.463324341784,15.937416117900394,-142.83118645823208,23,2
2012-03-08 11:08:00.726525+00:00,13.0,27.4,40.0,6912.153003536247,15.762874374650185,-143.18026994473252,22,2
2012-03-08 11:09:00.726525+00:00,12.99,27.36,40.0,6814.493789239315,15.543193412122758,-143.61963186978736,22,2
2012-03-08 11:10:00.726525+00:00,12.99,27.36,40.0,6814.493789239315,15.543193412122758,-143.61963186978736,20,3
2012-03-08 11:11:00.726525+00:00,12.97,27.32,40.0,6748.920626192631,15.42696781206671,-143.85208306989944,19,2
2012-03-08 11:12:00.726525+00:00,12.99,27.36,40.0,5809.376708410577,15.293580269612685,-144.11885815480753,19,2
2012-03-08 11:13:00.726525+00:00,12.99,27.36,40.0,5809.376708410577,15.293580269612685,-144.11885815480753,19,2
2012-03-08 11:16:00.726525+00:00,13.0,27.4,40.0,4773.503692017906,15.023671429850898,-144.65867583433106,19,2
2012-03-08 11:17:00.726525+00:00,13.02,27.44,40.0,4773.503692017906,15.023671429850898,-144.65867583433106,19,2
2012-03-08 11:18:00.726525+00:00,13.02,27.44,40.0,4773.503692017906,15.023671429850898,-144.65867583433106,19,2
2012-03-08 11:19:00.726525+00:00,13.02,27.44,40.0,5214.904399284435,15.091161035982196,-144.52369662206848,19,2
2012-03-08 11:20:00.726525+00:00,13.02,27.44,40.0,4994.204045651171,14.991892778916078,-144.7222331362007,22,2
2012-03-08 11:21:00.726525+00:00,13.02,27.44,40.0,5214.904399284435,15.091161035982196,-144.52369662206848,23,3
2012-03-08 11:22:00.726525+00:00,13.0,27.4,40.0,5111.3466977429225,15.15564338670559,-144.3947319206217,22,2
2012-03-08 11:23:00.726525+00:00,13.0,27.4,40.0,5089.90675671239,15.15564338670559,-144.3947319206217,22,2
2012-03-08 11:24:00.726525+00:00,13.02,27.44,40.0,5449.189703467939,15.33903604546463,-144.0279466031036,23,3
2012-03-08 11:25:00.726525+00:00,13.0,27.4,40.0,5089.90675671239,15.15564338670559,-144.3947319206217,22,2
2012-03-08 11:26:00.726525+00:00,13.0,27.4,40.0,5089.90675671239,15.15564338670559,-144.3947319206217,22,2
2012-03-08 11:27:00.726525+00:00,13.0,27.4,40.0,4479.667283969732,14.90236597822103,-144.90128673759082,22,2
2012-03-08 11:28:00.726525+00:00,13.0,27.4,40.0,4479.667283969732,14.90236597822103,-144.90128673759082,20,2
2012-03-08 11:29:00.726525+00:00,12.97,27.32,40.0,4228.710757982622,14.832481228495508,-145.04105623704186,19,3
2012-03-08 11:30:00.726525+00:00,12.97,27.32,40.0,4228.710757982622,14.85296205078416,-145.00009459246456,19,2
2012-03-08 11:31:00.726525+00:00,12.99,27.36,40.0,4307.453465109717,14.85296205078416,-145.00009459246456,19,2
2012-03-08 11:34:00.726525+00:00,12.97,27.32,40.0,4890.252334056984,15.046121491254606,-144.61377571152366,19,2
2012-03-08 11:35:00.726525+00:00,12.97,27.32,40.0,5164.032022684015,15.250231726123102,-144.20555524178667,19,2
2012-03-08 11:36:00.726525+00:00,12.97,27.32,40.0,5176.523202403403,15.279062653048594,-144.14789338793568,19,2
2012-03-08 11:37:00.726525+00:00,12.97,27.32,40.0,5213.388947741336,15.29320260660503,-144.1196134808228,19,2
2012-03-08 11:38:00.726525+00:00,12.97,27.32,40.0,5213.388947741336,15.29320260660503,-144.1196134808228,21,2
2012-03-08 11:39:00.726525+00:00,12.99,27.36,40.0,5213.388947741336,15.29320260660503,-144.1196134808228,23,3
2012-03-08 11:40:00.726525+00:00,12.97,27.32,40.0,5363.458318174533,15.384679394283598,-143.93665990546566,22,2
2012-03-08 11:41:00.726525+00:00,12.97,27.32,40.0,5363.458318174533,15.384679394283598,-143.93665990546566,22,2
2012-03-08 11:42:00.726525+00:00,12.95,27.29,40.0,6147.394559675971,15.677061079456536,-143.3518965351198,22,2
2012-03-08 11:43:00.726525+00:00,12.93,27.25,40.0,5861.408037285609,15.67303760861353,-143.35994347680582,22,3
2012-03-08 11:44:00.726525+00:00,12.93,27.25,40.0,5338.779855645873,15.405791782816646,-143.89443512839958,22,2
2012-03-08 11:45:00.726525+00:00,12.93,27.25,40.0,5173.836969418688,15.405791782816646,-143.89443512839958,20,2
2012-03-08 11:46:00.726525+00:00,12.91,27.21,40.0,4780.237550430256,15.306777179849927,-144.09246433433302,18,2
2012-03-08 11:47:00.726525+00:00,12.91,27.21,40.0,4780.237550430256,15.306777179849927,-144.09246433433302,18,2
2012-03-08 11:48:00.726525+00:00,12.91,27.21,40.0,4780.237550430256,15.306777179849927,-144.09246433433302,18,3
2012-03-08 11:52:00.726525+00:00,12.89,27.18,40.0,3794.699883390077,14.694927186688265,-145.31616432065636,18,2
2012-03-08 11:53:00.726525+00:00,12.93,27.25,40.0,3441.6235868100894,14.494988280390464,-145.71604213325196,17,2
2012-03-08 11:54:00.726525+00:00,12.95,27.29,40.0,3020.3629398735893,14.182574975584714,-146.34086874286345,17,2
2012-03-08 11:55:00.726525+00:00,12.95,27.29,40.0,2972.5592849980585,14.14514923436636,-146.41572022530016,19,3
2012-03-08 11:56:00.726525+00:00,12.95,27.29,40.0,2775.705423076886,14.00524970929183,-146.6955192754492,22,2
2012-03-08 11:57:00.726525+00:00,12.91,27.21,40.0,2640.794865854922,13.886798446661414,-146.93242180071005,21,2
2012-03-08 11:58:00.726525+00:00,12.89,27.18,40.0,2484.2472567164164,13.753298050500604,-147.19942259303167,19,2
2012-03-08 11:59:00.726525+00:00,12.87,27.14,40.0,1881.5541719648816,13.142295839622689,-148.4214270147875,17,2
2012-03-08 12:00:00.726842+00:00,12.78,26.95,40.0,1530.185775307398,13.19156772627469,-148.3199459300414,13,2
2012-03-08 12:01:00.726842+00:00,12.76,26.92,40.0,1902.4724049968704,13.455381135815946,-147.79231911095889,16,3
2012-03-08 12:02:00.726842+00:00,12.75,26.88,40.0,2162.628871871991,13.71430413712164,-147.27447310834748,18,2
2012-03-08 12:03:00.726842+00:00,12.71,26.81,40.0,2391.570116782135,13.800830090138328,-147.1014212023141,20,2
2012-03-08 12:04:00.726842+00:00,12.69,26.77,40.0,2697.873765259251,14.138036738548902,-146.42700790549296,23,2
2012-03-08 12:05:00.726842+00:00,12.71,26.81,40.0,3096.1690736105948,14.305688037049316,-146.09170530849215,23,3
2012-03-08 12:06:00.726842+00:00,12.69,26.77,40.0,3511.207208225628,14.541296428381813,-145.62048852582717,22,2
2012-03-08 12:07:00.726842+00:00,12.69,26.77,40.0,3612.829000108766,14.67442454734729,-145.3542322878962,20,2
2012-03-08 12:08:00.726842+00:00,12.69,26.77,40.0,3866.465955627071,14.742625454378857,-145.21783047383306,18,2
2012-03-08 12:09:00.726842+00:00,12.71,26.81,40.0,4103.034896459637,15.080237640167212,-144.54260610225634,18,3
2012-03-08 12:10:00.726842+00:00,12.75,26.88,40.0,4531.316992152619,15.32075627940376,-144.06156882378326,18,2
2012-03-08 12:14:00.726842+00:00,12.78,26.95,40.0,5141.941125778258,15.621256142346184,-143.4605690978984,17,2
2012-03-08 12:15:00.726842+00:00,12.78,26.95,40.0,5387.891731680659,15.654829511417717,-143.39342235975533,18,3
2012-03-08 12:16:00.726842+00:00,12.8,26.99,40.0,5387.891731680659,15.63492581150778,-143.4332297595752,18,2
2012-03-08 12:17:00.726842+00:00,12.8,26.99,40.0,5379.701761488799,15.63492581150778,-143.4332297595752,20,2
2012-03-08 12:18:00.726842+00:00,12.8,26.99,40.0,5379.701761488799,15.63492581150778,-143.4332297595752,22,2
2012-03-08 12:19:00.726842+00:00,12.8,26.99,40.0,5117.907347047501,15.63492581150778,-143.4332297595752,22,2
2012-03-08 12:20:00.726842+00:00,12.76,26.92,40.0,5093.873568316746,15.621256142346184,-143.4605690978984,23,3
2012-03-08 12:21:00.726842+00:00,12.75,26.88,40.0,4968.877000620418,15.621507616656569,-143.46006614927762,22,2
2012-03-08 12:22:00.726842+00:00,12.75,26.88,40.0,4598.909825723678,15.369674059499756,-143.96373326359125,22,2
2012-03-08 12:23:00.726842+00:00,12.73,26.84,40.0,4598.909825723678,15.369674059499756,-143.96373326359125,22,2
2012-03-08 12:24:00.726842+00:00,12.73,26.84,40.0,4726.837711768329,15.595395550527982,-143.5122902815348,23,3
2012-03-08 12:25:00.726842+00:00,12.71,26.81,40.0,4379.439517229294,15.319885972740112,-144.06330943711055,22,2
2012-03-08 12:26:00.726842+00:00,12.67,26.73,40.0,3900.462458716881,15.172223737449936,-144.3586339076909,22,2
2012-03-08 12:27:00.726842+00:00,12.65,26.7,40.0,3900.462458716881,15.172223737449936,-144.3586339076909,22,2
2012-03-08 12:28:00.726842+00:00,12.64,26.66,40.0,3900.462458716881,15.172223737449936,-144.3586339076909,20,2
2012-03-08 12:29:00.726842+00:00,12.64,26.66,40.0,3768.883594743503,15.04437639495224,-144.6143285926863,19,3
2012-03-08 12:30:00.726842+00:00,12.62,26.62,40.0,3764.011721723449,15.172223737449936,-144.3586339076909,18,2
2012-03-08 12:31:00.726842+00:00,12.62,26.62,40.0,3764.011721723449,15.172223737449936,-144.3586339076909,18,2
2012-03-08 12:34:00.726842+00:00,12.62,26.62,40.0,3631.319880537322,14.7943620173569,-145.114357347877,18,2
2012-03-08 12:35:00.726842+00:00,12.64,26.66,40.0,3499.587897245686,14.761371432207993,-145.18033851817478,18,2
2012-03-08 12:36:00.726842+00:00,12.65,26.7,40.0,3499.587897245686,14.761371432207993,-145.18033851817478,18,2
2012-03-08 12:37:00.726842+00:00,12.65,26.7,40.0,3499.587897245686,14.761371432207993,-145.18033851817478,16,3
2012-03-08 12:38:00.726842+00:00,12.65,26.7,40.0,3499.587897245686,14.761371432207993,-145.18033851817478,18,2
2012-03-08 12:39:00.726842+00:00,12.64,26.66,40.0,3508.745341465307,14.747362922284283,-145.2083555380222,20,2
2012-03-08 12:40:00.726842+00:00,12.62,26.62,40.0,3546.4907727856257,14.688966757354224,-145.32514786788232,20,2
2012-03-08 12:43:00.726842+00:00,12.49,26.37,39.97,3388.983728104081,14.321055334218766,-146.06097071415326,20,3
2012-03-08 12:44:00.726842+00:00,12.47,26.33,39.92,3702.944275369782,14.379451499148828,-145.9441783842931,20,2
2012-03-08 12:45:00.726842+00:00,12.45,26.3,39.87,3702.944275369782,14.379451499148828,-145.9441783842931,20,2
2012-03-08 12:46:00.726842+00:00,12.44,26.26,39.81,3702.944275369782,14.379451499148828,-145.9441783842931,18,2
2012-03-08 12:47:00.726842+00:00,12.44,26.26,39.81,3702.944275369782,14.379451499148828,-145.9441783842931,18,2
2012-03-08 12:48:00.726842+00:00,12.42,26.23,39.76,3702.944275369782,14.378387708926851,-145.94630596473706,16,2
2012-03-08 12:49:00.726842+00:00,12.42,26.23,39.76,3992.059057153386,14.79296330227518,-145.11715477804043,13,3
2012-03-08 13:13:00.726842+00:00,14.24,29.86,40.0,1276.97869973542,11.850517573851992,-151.0020462348868,12,2
2012-03-08 13:15:00.726842+00:00,14.24,29.86,40.0,1279.8563250466525,11.46648272234842,-151.77011593789393,17,2
2012-03-08 13:16:00.726842+00:00,14.2,29.78,40.0,1279.8563250466525,11.46648272234842,-151.77011593789393,19,2
2012-03-08 13:18:00.726842+00:00,14.2,29.78,40.0,1382.477499719996,11.46648272234842,-151.77011593789393,21,4
2012-03-08 13:19:00.726842+00:00,14.22,29.82,40.0,1331.166912383324,11.372238109751436,-151.9586051630879,22,2
2012-03-08 13:20:00.726842+00:00,14.22,29.82,40.0,1488.8646873368284,11.372238109751436,-151.9586051630879,22,2
2012-03-08 13:21:00.726842+00:00,14.2,29.78,40.0,1357.979491676022,11.250472075434438,-152.2021372317219,22,2
2012-03-08 13:22:00.726842+00:00,14.18,29.74,40.0,1273.3555075178338,11.078231288441414,-152.54661880570796,22,2
2012-03-08 13:23:00.726842+00:00,14.2,29.78,40.0,1111.8108002161891,10.755795078537837,-153.1914912255151,20,3
2012-03-08 13:24:00.726842+00:00,14.18,29.74,40.0,1213.2295314036198,10.578078233907268,-153.54692491477624,17,2
2012-03-08 15:20:00.726842+00:00,13.29,27.96,40.0,1532.0744729082148,13.030079655987532,-148.64292207061573,10,2
2012-03-08 15:21:00.726842+00:00,13.29,27.96,40.0,1544.6646170232182,13.062665345409847,-148.5777506917711,11,2
2012-03-08 15:26:00.726842+00:00,13.29,27.96,40.0,921.0856190597384,11.370057327418852,-151.96296672775307,14,3
2012-03-08 15:39:00.726842+00:00,11.26,23.91,36.27,1054.4901621403878,11.749290691736835,-151.2044999991171,14,2
2012-03-08 15:40:00.726842+00:00,40.0,0.07,0.17,1018.6737564744708,11.827516321877432,-151.04804873883592,13,3
2012-03-08 15:49:00.726842+00:00,40.0,0.07,0.17,3257.9865061325845,13.908488724231365,-146.88610393412804,15,2
2012-03-08 15:50:00.726842+00:00,8.16,17.63,26.83,3247.6550518204954,13.885502799219834,-146.9320757841511,16,2
2012-03-08 15:51:00.726842+00:00,8.18,17.67,26.87,3257.9865061325845,13.908488724231365,-146.88610393412804,17,2
2012-03-08 15:52:00.726842+00:00,8.2,17.7,26.92,3237.3235975084062,13.908488724231365,-146.88610393412804,19,3
2012-03-08 15:53:00.726842+00:00,8.21,17.73,26.97,2989.4641530217887,13.908488724231365,-146.88610393412804,21,2
2012-03-08 15:54:00.726842+00:00,8.21,17.73,26.97,2921.289797901116,13.885502799219834,-146.9320757841511,22,2
2012-03-08 15:55:00.726842+00:00,8.23,17.76,27.02,2839.69812248997,13.730553074459865,-147.24197523367104,22,2
2012-03-08 15:56:00.726842+00:00,8.21,17.73,26.97,2467.581344697738,13.538502955812133,-147.62607547096653,23,3
2012-03-08 15:57:00.726842+00:00,8.21,17.73,26.97,1942.0264942921783,13.08072919966238,-148.541622983266,22,2
2012-03-08 15:58:00.726842+00:00,8.23,17.76,27.02,1618.7974767354715,12.92363211450969,-148.8558171535714,22,2
2012-03-08 15:59:00.726842+00:00,8.27,17.85,27.16,1516.0365186172062,12.522493997340549,-149.65809338790967,22,2
2012-03-08 16:08:00.726842+00:00,14.02,29.42,40.0,1242.3383660709687,12.554146706925351,-149.59478796874006,19,2
2012-03-08 16:11:00.726842+00:00,14.04,29.46,40.0,3758.025051623208,14.564489201679372,-145.57410297923204,19,3
2012-03-08 16:12:00.726842+00:00,14.04,29.46,40.0,3798.616030286031,14.776097838544167,-145.15088570550245,19,2
2012-03-08 16:13:00.726842+00:00,14.06,29.5,40.0,3799.4385737452376,14.776097838544167,-145.15088570550245,19,2
2012-03-08 16:14:00.726842+00:00,14.08,29.54,40.0,3798.616030286031,14.7371238302816,-145.2288337220276,21,3
2012-03-08 16:15:00.726842+00:00,14.1,29.58,40.0,3749.301307153319,14.652699619244904,-145.39768214410094,22,2
2012-03-08 16:16:00.726842+00:00,14.12,29.62,40.0,3732.109874969776,14.569861600617646,-145.56335818135548,22,2
2012-03-08 16:17:00.726842+00:00,14.14,29.66,40.0,3526.054676583556,14.54785865065013,-145.60736408129054,22,2
2012-03-08 16:18:00.726842+00:00,8.53,18.38,27.96,3499.0579646569013,14.328068805480685,-146.0469437716294,22,2
2012-03-08 16:19:00.726842+00:00,8.55,18.41,28.0,3203.9662833536613,14.285616043777376,-146.131849295036,23,3
2012-03-08 16:20:00.726842+00:00,8.58,18.48,28.1,3008.7717400520983,14.22560942474751,-146.25186253309573,22,2
2012-03-08 16:21:00.726842+00:00,8.59,18.51,28.15,2938.3662078591888,14.086912098531936,-146.5292571855269,22,2
2012-03-08 16:22:00.726842+00:00,8.58,18.48,28.1,2754.641186012489,14.00017196183224,-146.7027374589263,23,3
2012-03-08 16:23:00.726842+00:00,8.59,18.51,28.15,2574.3290030010467,14.00017196183224,-146.7027374589263,21,2
2012-03-08 16:24:00.726842+00:00,8.58,18.48,28.1,2386.9624104162,13.695423885745338,-147.31223361110008,19,2
2012-03-08 16:25:00.726842+00:00,14.26,29.9,40.0,2364.415221756864,13.695423885745338,-147.31223361110008,19,2
2012-03-08 16:26:00.726842+00:00,14.28,29.94,40.0,2086.005407236687,13.561570157626168,-147.57994106733844,20,2
2012-03-08 16:27:00.726842+00:00,14.3,29.98,40.0,1722.0391654836326,13.484670043045725,-147.73374129649932,20,2
2012-03-08 16:29:00.726842+00:00,14.34,30.06,40.0,1583.7159852735206,13.136116227088674,-148.43084892841344,19,2
2012-03-08 16:30:00.726842+00:00,14.34,30.06,40.0,1581.7361665143787,13.120907660736876,-148.46126606111704,20,2
2012-03-08 16:31:00.726842+00:00,14.34,30.06,40.0,1581.7361665143787,13.120907660736876,-148.46126606111704,20,3
2012-03-08 16:32:00.726842+00:00,14.38,30.14,40.0,1579.756347755237,13.01336664315004,-148.6763480962907,19,2
2012-03-08 16:33:00.726842+00:00,14.4,30.18,40.0,1586.5259548786528,13.142269021290437,-148.4185433400099,22,2
2012-03-08 16:34:00.726842+00:00,14.4,30.18,40.0,1589.335924483785,13.178838948195796,-148.3454034861992,23,3
2012-03-08 16:35:00.726842+00:00,14.38,30.14,40.0,1589.335924483785,13.178838948195796,-148.3454034861992,23,2
2012-03-08 16:36:00.726842+00:00,14.38,30.14,40.0,1581.7361665143787,13.144811539090728,-148.41345830440932,22,2
2012-03-08 16:37:00.726842+00:00,14.38,30.14,40.0,1690.825765756128,13.286489235839792,-148.1301029109112,23,2
2012-03-08 16:38:00.726842+00:00,14.36,30.1,40.0,1721.3637291512696,13.367335663090705,-147.96841005640937,23,3
2012-03-08 16:39:00.726842+00:00,14.36,30.1,40.0,1721.3637291512696,13.496820612134234,-147.7094401583223,23,2
2012-03-08 16:40:00.726842+00:00,14.36,30.1,40.0,2011.3514730256184,13.836684619957072,-147.02971214267663,22,2
2012-03-08 16:41:00.726842+00:00,14.34,30.06,40.0,2215.639322575229,14.07774139125756,-146.54759860007567,23,3
2012-03-08 16:42:00.726842+00:00,14.3,29.98,40.0,2219.866150533484,14.19201732808922,-146.31904672641235,23,2
2012-03-08 16:43:00.726842+00:00,14.3,29.98,40.0,2265.19933075168,14.181789510345896,-146.339502361899,22,2
2012-03-08 16:44:00.726842+00:00,14.28,29.94,40.0,2265.19933075168,14.181789510345896,-146.339502361899,20,2
2012-03-08 16:45:00.726842+00:00,14.26,29.9,40.0,2219.866150533484,14.17156169260257,-146.35995799738564,19,2
2012-03-08 16:46:00.726842+00:00,14.26,29.9,40.0,2381.3217051573083,14.17156169260257,-146.35995799738564,19,3
2012-03-08 16:47:00.726842+00:00,14.26,29.9,40.0,2657.3100635851238,14.48338396321782,-145.73631345615513,18,2
2012-03-08 16:50:00.726842+00:00,14.32,30.02,40.0,3749.0342555135753,15.155680495474064,-144.39172039164265,19,2
2012-03-08 16:51:00.726842+00:00,14.34,30.06,40.0,4362.042663403299,15.187762314340084,-144.3275567539106,18,2
2012-03-08 16:52:00.726842+00:00,14.38,30.14,40.0,4892.1574330267085,15.14854049338361,-144.40600039582355,19,2
2012-03-08 16:53:00.726842+00:00,14.4,30.18,40.0,5092.943430989418,15.189745732588174,-144.32358991741444,19,3
2012-03-08 16:54:00.726842+00:00,14.42,30.22,40.0,5092.943430989418,15.189745732588174,-144.32358991741444,21,2
2012-03-08 16:55:00.726842+00:00,14.44,30.26,40.0,5128.152844263814,15.324931551177023,-144.0532182802367,22,2
2012-03-08 16:56:00.726842+00:00,14.46,30.3,40.0,5092.943430989418,15.16267674422426,-144.37772789414225,23,3
2012-03-08 16:57:00.726842+00:00,14.48,30.34,40.0,5092.943430989418,15.14854049338361,-144.40600039582355,23,2
2012-03-08 16:58:00.726842+00:00,14.5,30.38,40.0,4659.83591962133,15.11053733045837,-144.48200672167405,22,2
2012-03-08 16:59:00.726842+00:00,14.52,30.42,40.0,4094.063272896058,15.031907258382192,-144.6392668658264,22,2
2012-03-08 17:00:00.726842+00:00,8.45,18.23,27.72,3643.858017464265,14.902020252907224,-144.89904087677633,22,2
2012-03-08 17:01:00.726842+00:00,8.42,18.16,27.63,2864.4013790824256,13.778675623155303,-147.14573013628015,23,3
2012-03-08 17:02:00.726842+00:00,8.39,18.1,27.53,2277.0992350284587,13.086202684885002,-148.53067601282078,22,2
2012-03-08 17:03:00.726842+00:00,8.35,18.01,27.39,1852.4475123563093,12.57216621402904,-149.5587489545327,21,2
2012-03-08 17:04:00.726842+00:00,8.38,18.07,27.49,1824.0128399875348,12.098047021844115,-150.50698733890255,19,2
2012-03-08 17:05:00.726842+00:00,8.36,18.04,27.44,1670.7078146453964,12.02662849840733,-150.64982438577613,18,3
2012-03-08 17:06:00.726842+00:00,8.33,17.98,27.34,1631.0393999490857,11.670840581634412,-151.36140021932195,18,2
2012-03-08 17:10:00.726842+00:00,8.32,17.95,27.3,1534.1176963874914,11.583402953926145,-151.5362754747385,18,2
2012-03-08 17:11:00.726842+00:00,8.32,17.95,27.3,1605.5120550245424,12.043674653687129,-150.6157320752165,18,3
2012-03-08 17:12:00.726842+00:00,8.29,17.88,27.2,1674.5380930194076,12.316664380523108,-150.06975262154458,18,2
2012-03-08 17:13:00.726842+00:00,8.27,17.85,27.16,1716.6015526563892,13.042589662038171,-148.61790205851443,19,2
2012-03-08 17:14:00.726842+00:00,8.29,17.88,27.2,1754.8165168945643,13.103050338602303,-148.4969807053862,22,2
2012-03-08 17:15:00.726842+00:00,8.3,17.91,27.25,1849.42699314157,13.208553003754648,-148.28597537508148,23,3
2012-03-08 17:16:00.726842+00:00,8.27,17.85,27.16,2085.4160129600227,13.505889171673315,-147.69130303924413,22,2
2012-03-08 17:17:00.726842+00:00,8.3,17.91,27.25,2420.530465240109,13.856691524561096,-146.9896983334686,22,2
2012-03-08 17:18:00.726842+00:00,8.3,17.91,27.25,2460.086341892623,14.20739843740467,-146.28828450778144,22,2
2012-03-08 17:19:00.726842+00:00,8.32,17.95,27.3,2461.036258303732,14.237676843932194,-146.22772769472638,23,3
2012-03-08 17:20:00.726842+00:00,8.36,18.04,27.44,3017.0345329189367,14.256032410137005,-146.19101656231675,23,2
2012-03-08 17:21:00.726842+00:00,14.62,30.62,40.0,3324.6192698097484,14.363199648467374,-145.97668208565602,22,2
2012-03-08 17:22:00.726842+00:00,14.62,30.62,40.0,3403.6220757359324,14.612815986736178,-145.47744940911844,23,3
2012-03-08 17:23:00.726842+00:00,8.44,18.2,27.67,3507.872065874339,14.612815986736178,-145.47744940911844,23,2
2012-03-08 17:24:00.726842+00:00,8.44,18.2,27.67,3732.957173242331,14.520207915320867,-145.66266555194906,22,2
2012-03-08 17:25:00.726842+00:00,8.41,18.13,27.58,3937.541955193106,14.713454886177503,-145.2761716102358,22,2
2012-03-08 17:26:00.726842+00:00,8.44,18.2,27.67,3937.541955193106,14.713454886177503,-145.2761716102358,20,2
2012-03-08 17:27:00.726842+00:00,8.42,18.16,27.63,3917.294278142875,14.612815986736178,-145.47744940911844,19,3
2012-03-08 17:28:00.726842+00:00,8.42,18.16,27.63,3530.7476416344466,14.299006171032644,-146.1050690405255,18,2
2012-03-08 17:29:00.726842+00:00,8.41,18.13,27.58,3512.875214927106,14.170412498159736,-146.3622563862713,17,2
2012-03-08 17:41:00.726842+00:00,8.92,19.17,29.14,4717.655000429213,15.054460256091012,-144.59416087040876,12,2
2012-03-08 17:42:00.726842+00:00,8.93,19.2,29.19,4717.655000429213,15.039676034132375,-144.62372931432603,14,2
2012-03-08 17:43:00.726842+00:00,8.95,19.23,29.24,4677.2145001721965,14.936908522703844,-144.82926433718308,16,2
2012-03-08 17:44:00.726842+00:00,8.95,19.23,29.24,4608.598094078165,14.888634406778248,-144.9258125690343,18,2
2012-03-08 17:45:00.726842+00:00,8.95,19.23,29.24,4152.673756686332,14.628287196305443,-145.4465069899799,21,2
2012-03-08 17:46:00.726842+00:00,8.96,19.26,29.28,4048.650724542098,14.61575634578934,-145.4715686910121,23,3
2012-03-08 17:47:00.726842+00:00,8.98,19.29,29.33,4032.780215611136,14.393751569099472,-145.91557824439184,23,2
2012-03-08 17:48:00.726842+00:00,8.99,19.33,29.38,3643.190610297645,14.210143791416296,-146.28279379975817,24,2
2012-03-08 17:49:00.726842+00:00,9.01,19.36,29.43,3401.256238551643,14.049639581077985,-146.6038022204348,24,3
2012-03-08 17:50:00.726842+00:00,8.99,19.33,29.38,3178.1955247990063,13.904340264918996,-146.89440085275277,24,2
2012-03-08 17:51:00.726842+00:00,9.01,19.36,29.43,2751.025022743624,13.589731916473095,-147.52361754964457,23,3
2012-03-08 17:52:00.726842+00:00,9.01,19.36,29.43,2109.971345685235,13.363460421232825,-147.97616054012514,23,2
2012-03-08 17:53:00.726842+00:00,8.99,19.33,29.38,1798.9545096035506,12.922845749835368,-148.85738988292002,22,2
2012-03-08 18:04:00.726842+00:00,8.82,18.98,28.86,3840.8997018630994,14.488197733493829,-145.72668591560313,19,3
2012-03-08 18:05:00.726842+00:00,8.84,19.01,28.9,4357.01028663119,15.060421754547752,-144.58223787349527,19,2
2012-03-08 18:06:00.726842+00:00,8.84,19.01,28.9,4887.255737124693,15.397896606091932,-143.9072881704069,18,2
2012-03-08 18:07:00.726842+00:00,8.82,18.98,28.86,4970.879100668462,15.397896606091932,-143.9072881704069,20,2
2012-03-08 18:08:00.726842+00:00,8.79,18.92,28.76,5272.059898630143,15.202311340888038,-144.2984587008147,23,3
2012-03-08 18:09:00.726842+00:00,8.78,18.89,28.71,5287.659458630913,14.99315363786834,-144.71677410685407,22,2
2012-03-08 18:10:00.726842+00:00,8.76,18.85,28.67,5287.659458630913,14.906087294197668,-144.89090679419542,22,2
2012-03-08 18:11:00.726842+00:00,8.75,18.82,28.62,5428.9573993825215,14.906087294197668,-144.89090679419542,22,2
2012-03-08 18:12:00.726842+00:00,8.72,18.76,28.52,5637.413922663223,14.906087294197668,-144.89090679419542,22,3
2012-03-08 18:13:00.726842+00:00,8.7,18.73,28.48,5186.696126366331,14.732749490683489,-145.2375824012238,23,2
2012-03-08 18:14:00.726842+00:00,8.68,18.7,28.43,5130.250596339187,14.687919310213186,-145.3272427621644,22,2
2012-03-08 18:15:00.726842+00:00,8.65,18.63,28.34,5021.846630064791,14.643564449728338,-145.41595248313408,22,2
2012-03-08 18:16:00.726842+00:00,8.62,18.57,28.24,5021.846630064791,14.643564449728338,-145.41595248313408,22,2
2012-03-08 18:17:00.726842+00:00,8.61,18.54,28.19,4910.0485042407445,14.644039769713794,-145.41500184316317,21,3
2012-03-08 18:18:00.726842+00:00,8.59,18.51,28.15,4703.157024979715,14.643564449728338,-145.41595248313408,18,2
2012-03-08 18:19:00.726842+00:00,8.55,18.41,28.0,4500.309534509646,14.643564449728338,-145.41595248313408,16,2
2012-03-08 18:20:00.726842+00:00,8.5,18.32,27.86,4371.350806374228,14.658714611314894,-145.38565215996098,14,2
2012-03-08 18:21:00.726842+00:00,8.41,18.13,27.58,4219.636658957996,14.658714611314894,-145.38565215996098,12,2
2012-03-08 18:31:00.726842+00:00,7.95,17.2,26.17,6114.106909996493,15.493663981278946,-143.71575342003288,12,2
2012-03-08 18:32:00.726842+00:00,7.92,17.14,26.08,6114.106909996493,15.493663981278946,-143.71575342003288,14,2
2012-03-08 18:33:00.726842+00:00,7.91,17.11,26.03,5425.525779146499,15.195974728808473,-144.31113192497384,17,3
2012-03-08 18:34:00.726842+00:00,7.91,17.11,26.03,5346.964678247226,15.109172015801043,-144.4847373509887,19,2
2012-03-08 18:35:00.726842+00:00,7.91,17.11,26.03,4955.055806516645,15.054485026060426,-144.5941113304699,21,2
2012-03-08 18:36:00.726842+00:00,7.92,17.14,26.08,4809.950792128348,15.03584498621726,-144.63139141015623,23,2
2012-03-08 18:37:00.726842+00:00,7.94,17.17,26.12,4643.6079460409865,15.02643314091533,-144.6502151007601,23,3
2012-03-08 18:38:00.726842+00:00,7.94,17.17,26.12,3963.261901433346,14.909054098774934,-144.8849731850409,22,2
2012-03-08 18:39:00.726842+00:00,7.95,17.2,26.17,3886.504895390328,14.793106579277095,-145.11686822403658,22,2
2012-03-08 18:40:00.726842+00:00,7.98,17.26,26.26,3685.411238398141,14.543750439731472,-145.61558050312783,23,2
2012-03-08 18:41:00.726842+00:00,8.06,17.42,26.5,3685.411238398141,14.535864153254153,-145.63135307608246,23,3
2012-03-08 18:42:00.726842+00:00,8.16,17.63,26.83,3685.411238398141,14.339383806094254,-146.02431377040227,23,2
2012-03-08 18:43:00.726842+00:00,8.33,17.98,27.34,3764.6556260049338,14.535864153254153,-145.63135307608246,23,2
2012-03-08 18:44:00.726842+00:00,8.38,18.07,27.49,3640.072004402339,14.393465747247316,-145.91614988809613,23,3
2012-03-08 18:45:00.726842+00:00,8.41,18.13,27.58,3601.346026779191,14.393465747247316,-145.91614988809613,23,2
2012-03-08 18:46:00.726842+00:00,8.41,18.13,27.58,3540.0408181047096,14.183616235541816,-146.33584891150713,22,2
2012-03-08 18:47:00.726842+00:00,8.41,18.13,27.58,3447.829333077424,14.09394030837542,-146.51520076583995,22,2
2012-03-08 18:48:00.726842+00:00,8.41,18.13,27.58,3365.354431010528,13.942467284011254,-146.81814681456825,22,3
2012-03-08 18:49:00.726842+00:00,8.41,18.13,27.58,3365.354431010528,13.942467284011254,-146.81814681456825,20,2
2012-03-08 18:50:00.726842+00:00,8.38,18.07,27.49,3313.785805296437,13.937712876756814,-146.82765562907716,17,2
2012-03-08 18:51:00.726842+00:00,8.35,18.01,27.39,2243.2685078791487,13.604936340116936,-147.4932087023569,17,2
2012-03-08 18:52:00.726842+00:00,8.3,17.91,27.25,1804.7186517086352,13.469150231602462,-147.76478091938586,17,3
2012-03-08 18:56:00.726842+00:00,7.98,17.26,26.26,1393.4985865106364,12.908973794092493,-148.8851337944058,17,2
2012-03-08 18:57:00.726842+00:00,7.97,17.23,26.22,1393.4985865106364,12.754746027552242,-149.19358932748628,17,2
2012-03-08 18:59:00.726842+00:00,7.97,17.23,26.22,1286.677224950799,12.302188201110097,-150.0987049803706,20,3
2012-03-08 19:00:00.726842+00:00,7.98,17.26,26.26,1227.18301317634,12.216580554544707,-150.26992027350136,22,2
2012-03-08 19:01:00.726842+00:00,13.84,29.07,40.0,1200.803461773164,12.008094712751664,-150.68689195708745,23,2
2012-03-08 19:07:00.726842+00:00,13.65,28.69,40.0,1397.8472087683665,12.155307755184332,-150.39246587222212,23,2
2012-03-08 19:08:00.726842+00:00,13.67,28.72,40.0,2182.9369950217315,13.455113893139046,-147.79285359631268,23,2
2012-03-08 19:09:00.726842+00:00,13.65,28.69,40.0,3895.181962564065,14.23527759879694,-146.23252618499689,23,3
2012-03-08 19:10:00.726842+00:00,13.65,28.69,40.0,4323.215851655766,14.628867072675153,-145.44534723724047,23,2
2012-03-08 19:11:00.726842+00:00,13.65,28.69,40.0,4839.405400803237,14.948748872674653,-144.80558363724143,20,2
2012-03-08 19:12:00.726842+00:00,13.65,28.69,40.0,6978.651449226343,15.34534305596928,-144.01239527065223,20,2
2012-03-08 19:13:00.726842+00:00,7.86,17.01,25.89,7203.10426078485,15.658172822136851,-143.38673573831707,20,3
2012-03-08 19:14:00.726842+00:00,7.82,16.92,25.75,7976.9434881465795,15.865444761003484,-142.97219186058382,20,2
2012-03-08 19:17:00.726842+00:00,7.76,16.8,25.56,18611.46033417414,17.78591301725793,-139.13125534807492,20,2
2012-03-08 19:18:00.726842+00:00,7.77,16.83,25.61,20108.84641171821,18.06110047168429,-138.5808804392222,20,2
2012-03-08 19:19:00.726842+00:00,7.8,16.89,25.7,21142.039749667914,18.126508570735304,-138.45006424112017,20,3
2012-03-08 19:20:00.726842+00:00,7.82,16.92,25.75,21571.940091173885,18.161346676837983,-138.3803880289148,20,2
2012-03-08 19:21:00.726842+00:00,7.82,16.92,25.75,20787.905200495865,18.14279699072684,-138.41748740113712,22,2
2012-03-08 19:22:00.726842+00:00,7.8,16.89,25.7,20176.42238157497,18.13628452799328,-138.43051232660423,23,2
2012-03-08 19:23:00.726842+00:00,7.8,16.89,25.7,19859.68796444653,18.13628452799328,-138.43051232660423,23,3
2012-03-08 19:24:00.726842+00:00,7.79,16.86,25.66,19224.464361001144,18.13302103346887,-138.43703931565307,24,2
2012-03-08 19:25:00.726842+00:00,7.83,16.95,25.8,18574.710997947383,18.116732613477332,-138.46961615563612,23,2
2012-03-08 19:26:00.726842+00:00,7.85,16.98,25.84,17823.23190153324,17.845252667598107,-139.01257604739456,23,3
2012-03-08 19:27:00.726842+00:00,7.86,17.01,25.89,16889.258374617257,17.826642019870828,-139.0497973428491,23,2
2012-03-08 19:28:00.726842+00:00,7.83,16.95,25.8,14606.973496352855,17.653269827577184,-139.3965417274364,20,2
2012-03-08 19:29:00.726842+00:00,7.8,16.89,25.7,13698.546107596365,17.575978294070783,-139.5511247944492,19,3
2012-03-08 19:30:00.726842+00:00,7.76,16.8,25.56,12339.19666081826,17.49227979735172,-139.71852178788734,19,2
2012-03-08 19:31:00.726842+00:00,7.67,16.61,25.28,12226.998735516492,17.2319455703882,-140.23919024181438,20,2
2012-03-08 19:34:00.726842+00:00,13.4,28.19,40.0,10215.746490375706,16.874657038600603,-140.9537673053896,18,2
2012-03-08 19:35:00.726842+00:00,13.34,28.07,40.0,9639.943564591527,16.6780540314575,-141.34697331967578,19,2
2012-03-08 19:36:00.726842+00:00,13.3,28.0,40.0,9450.564384398958,16.6780540314575,-141.34697331967578,19,2
2012-03-08 19:37:00.726842+00:00,13.3,28.0,40.0,9179.62189712398,16.586793858952845,-141.52949366468508,19,3
2012-03-08 19:38:00.726842+00:00,13.3,28.0,40.0,9985.585656641932,16.829026952348272,-141.04502747789422,22,2
2012-03-08 19:39:00.726842+00:00,13.32,28.04,40.0,10791.549416159887,17.071260045743703,-140.56056129110337,23,3
2012-03-08 19:40:00.726842+00:00,13.32,28.04,40.0,9583.684628225114,16.770406254706536,-141.1622688731777,23,2
2012-03-08 19:41:00.726842+00:00,13.3,28.0,40.0,9198.371868376213,16.57759240379381,-141.54789657500316,22,2
2012-03-08 19:42:00.726842+00:00,13.32,28.04,40.0,9075.708849518778,16.38525146750815,-141.93257844757449,23,2
2012-03-08 19:43:00.726842+00:00,13.34,28.07,40.0,8557.13505765097,16.342871831086093,-142.0173377204186,23,3
2012-03-08 19:44:00.726842+00:00,13.36,28.11,40.0,8344.43526442352,16.31711031502698,-142.0688607525368,23,2
2012-03-08 19:45:00.726842+00:00,13.4,28.19,40.0,7546.934055664749,16.03253717816678,-142.6380070262572,23,2
2012-03-08 19:46:00.726842+00:00,13.4,28.19,40.0,6880.9708276939145,15.402398297590164,-143.89828478741043,23,3
2012-03-08 19:47:00.726842+00:00,13.42,28.23,40.0,4860.0225411544025,14.877899931882926,-144.94728151882492,23,2
2012-03-08 19:48:00.726842+00:00,13.42,28.23,40.0,4285.783577407546,14.68669745949747,-145.32968646359583,21,2
2012-03-08 19:49:00.726842+00:00,13.44,28.26,40.0,3535.535872091627,14.527689170059032,-145.6477030424727,19,2
2012-03-08 19:50:00.726842+00:00,13.44,28.26,40.0,3535.535872091627,14.527689170059032,-145.6477030424727,19,3
2012-03-08 19:51:00.726842+00:00,13.42,28.23,40.0,3535.535872091627,14.527689170059032,-145.6477030424727,19,2
2012-03-08 19:52:00.726842+00:00,13.38,28.15,40.0,3345.817186325879,14.532340519755074,-145.6384003430806,18,2
2012-03-08 19:55:00.726842+00:00,13.27,27.92,40.0,3290.6452235264087,14.71285464376124,-145.2773720950683,18,2
2012-03-08 19:56:00.726842+00:00,13.27,27.92,40.0,3273.539930357498,14.63800184873806,-145.42707768511465,18,2
2012-03-08 19:57:00.726842+00:00,13.27,27.92,40.0,3000.801740780378,14.500437370572962,-145.70220664144486,19,2
2012-03-08 19:58:00.726842+00:00,13.25,27.89,40.0,2985.1328962758157,14.270661464237232,-146.1617584541163,20,3
2012-03-08 19:59:00.726842+00:00,13.25,27.89,40.0,2798.534148061598,14.074375886569737,-146.55432960945132,22,2
2012-03-08 20:00:00.726842+00:00,13.21,27.81,40.0,2366.680828975318,13.588231614600918,-147.52661815338894,23,2
2012-03-08 20:01:00.726842+00:00,13.17,27.73,40.0,1831.5286548152765,13.508603095400645,-147.68587519178948,22,3
2012-03-08 20:02:00.726842+00:00,13.12,27.62,40.0,1776.8918879268576,13.321406965218705,-148.06026745215337,21,2
2012-03-08 20:03:00.726842+00:00,13.1,27.58,40.0,1566.8216247167054,13.094449176752985,-148.51418302908482,19,2
2012-03-08 22:23:00.726842+00:00,40.0,40.0,0.17,1209.7252112491706,12.503729170291196,-149.69562304200838,9,2
2012-03-08 22:24:00.726842+00:00,40.0,40.0,0.17,957.5831262824832,11.989184995163216,-150.72471139226434,10,3
2012-03-08 23:20:00.726842+00:00,9.21,19.77,30.05,1003.6397491122414,10.368827423989307,-153.96542653461216,18,2
2012-03-08 23:31:00.726842+00:00,9.69,20.73,31.49,994.5139836760592,11.265721074338227,-152.17163923391433,9,2
2012-03-08 23:32:00.726842+00:00,9.72,20.79,31.59,1048.5508818765934,11.676209151614849,-151.35066307936108,8,2
2012-03-09 02:37:00.727159+00:00,9.53,20.41,31.01,1162.2162986613655,12.193957045456198,-148.44438284451957,22,3
2012-03-09 02:38:00.727159+00:00,9.54,20.44,31.06,1285.4176045225645,12.39981348837258,-148.0326699586868,19,2
2012-03-09 02:39:00.727159+00:00,9.56,20.47,31.1,1409.403989101499,12.408452528566638,-148.0153918782987,17,2
2012-03-09 02:40:00.727159+00:00,9.27,19.9,30.24,1555.244689179884,12.94328206143186,-146.94573281256828,18,3
2012-03-09 02:41:00.727159+00:00,8.87,19.07,29.0,1759.790754806948,13.201311494001116,-146.42967394742976,18,2
2012-03-09 02:44:00.727159+00:00,8.85,19.04,28.95,2282.984686644124,13.791320111288968,-145.24965671285403,18,2
2012-03-09 02:45:00.727159+00:00,8.84,19.01,28.9,2416.206755476472,14.04385784435081,-144.74458124673035,18,2
2012-03-09 02:46:00.727159+00:00,8.84,19.01,28.9,2416.206755476472,14.04385784435081,-144.74458124673035,18,2
2012-03-09 02:47:00.727159+00:00,8.82,18.98,28.86,2633.460785564076,14.242127367007685,-144.3480422014166,18,2
2012-03-09 02:48:00.727159+00:00,8.82,18.98,28.86,2499.752995516733,14.035831366102729,-144.76063420322652,21,3
2012-03-09 02:49:00.727159+00:00,8.82,18.98,28.86,2499.752995516733,14.035831366102729,-144.76063420322652,23,2
2012-03-09 02:50:00.727159+00:00,8.82,18.98,28.86,2633.460785564076,14.242127367007685,-144.3480422014166,22,2
2012-03-09 02:51:00.727159+00:00,8.87,19.07,29.0,2767.1685756114184,14.44842336791264,-143.9354501996067,23,2
2012-03-09 02:52:00.727159+00:00,8.87,19.07,29.0,2375.719273965134,14.283422510899648,-144.26545191363266,23,3
2012-03-09 02:53:00.727159+00:00,8.89,19.11,29.05,2253.7685703727266,13.984974528201649,-144.86234787902868,22,2
2012-03-09 02:54:00.727159+00:00,8.89,19.11,29.05,2148.992235645081,13.909302335102282,-145.0136922652274,22,2
2012-03-09 02:55:00.727159+00:00,8.87,19.07,29.0,2093.598410737954,13.85413853099275,-145.12401987344649,23,2
2012-03-09 02:56:00.727159+00:00,8.87,19.07,29.0,1938.543090112003,13.488825296168756,-145.85464634309446,23,3
2012-03-09 02:57:00.727159+00:00,8.87,19.07,29.0,1893.4131915445444,13.39527126709856,-146.04175440123487,23,2
2012-03-09 02:58:00.727159+00:00,8.89,19.11,29.05,1768.6347463900406,13.29320661126927,-146.24588371289343,21,2
2012-03-09 02:59:00.727159+00:00,8.89,19.11,29.05,1716.6680260086623,13.193450492108608,-146.44539595121475,19,3
2012-03-09 03:00:00.727159+00:00,8.89,19.11,29.05,1656.5118515304257,12.83921697299207,-147.15386298944782,18,2
2012-03-09 03:02:00.727159+00:00,8.93,19.2,29.19,1644.0142538051546,12.552232043360334,-147.72783284871127,18,2
2012-03-09 03:05:00.727159+00:00,9.01,19.36,29.43,1678.4868064597656,12.564881055012563,-147.70253482540684,17,2
2012-03-09 03:06:00.727159+00:00,9.01,19.36,29.43,1625.6539054772838,12.466858784552455,-147.89857936632706,18,3
2012-03-09 03:07:00.727159+00:00,9.03,19.39,29.47,1625.6539054772838,12.421000099933002,-147.99029673556595,18,2
2012-03-09 03:08:00.727159+00:00,9.01,19.36,29.43,1609.5417011505435,12.24826089773516,-148.33577513996164,19,2
2012-03-09 03:09:00.727159+00:00,8.99,19.33,29.38,1529.6892461393218,12.205039984746756,-148.42221696593845,22,2
2012-03-09 03:10:00.727159+00:00,8.99,19.33,29.38,1482.4372805019973,12.162856794883607,-148.50658334566475,23,3
2012-03-09 04:15:00.727159+00:00,8.2,17.7,26.92,2647.380864594372,14.319794469248702,-144.19270799693456,16,2
2012-03-09 04:16:00.727159+00:00,8.18,17.67,26.87,2728.602230152552,14.32867889287106,-144.17493914968983,17,2
2012-03-09 04:17:00.727159+00:00,8.16,17.63,26.83,2858.416816738385,14.355944498064677,-144.12040793930262,17,2
2012-03-09 04:18:00.727159+00:00,8.16,17.63,26.83,3203.653272133868,14.840911753059611,-143.15047342931274,18,2
2012-03-09 04:19:00.727159+00:00,8.16,17.63,26.83,3548.889727529351,15.167302413819732,-142.49769210779252,21,3
2012-03-09 04:20:00.727159+00:00,8.16,17.63,26.83,3245.081893849189,14.840911753059611,-143.15047342931274,22,2
2012-03-09 04:21:00.727159+00:00,8.16,17.63,26.83,3245.081893849189,14.840911753059611,-143.15047342931274,22,2
2012-03-09 04:22:00.727159+00:00,8.18,17.67,26.87,3245.081893849189,14.840911753059611,-143.15047342931274,22,2
2012-03-09 04:23:00.727159+00:00,8.21,17.73,26.97,3225.4824272704154,14.840911753059611,-143.15047342931274,22,2
2012-03-09 04:24:00.727159+00:00,8.21,17.73,26.97,2858.416816738385,14.548809371277043,-143.73467819287788,23,3
2012-03-09 04:25:00.727159+00:00,8.23,17.76,27.02,3321.173554901912,15.00200436870805,-142.82828819801583,22,2
2012-03-09 04:26:00.727159+00:00,8.26,17.82,27.11,3321.173554901912,15.00200436870805,-142.82828819801583,22,2
2012-03-09 04:27:00.727159+00:00,8.26,17.82,27.11,3049.799072001378,14.920167535485971,-142.99196186446005,23,2
2012-03-09 04:28:00.727159+00:00,8.26,17.82,27.11,2916.396883910848,14.840468474081582,-143.1513599872688,23,3
2012-03-09 04:29:00.727159+00:00,8.29,17.88,27.2,2904.99678032894,14.838587398838976,-143.155122137754,20,2
2012-03-09 04:30:00.727159+00:00,8.29,17.88,27.2,2904.99678032894,14.838587398838976,-143.155122137754,18,2
2012-03-09 04:31:00.727159+00:00,8.27,17.85,27.16,2904.99678032894,14.838587398838976,-143.155122137754,18,2
2012-03-09 04:32:00.727159+00:00,8.26,17.82,27.11,2820.3975854962127,14.692757847436706,-143.44678124055855,18,3
2012-03-09 04:36:00.727159+00:00,14.5,30.38,40.0,1852.1413551187643,13.472436642463464,-145.88742365050504,18,2
2012-03-09 04:37:00.727159+00:00,14.5,30.38,40.0,1700.664904445265,13.42961276648617,-145.97307140245962,17,2
2012-03-09 04:38:00.727159+00:00,14.48,30.34,40.0,1504.3568640798744,12.752591839437756,-147.32711325655646,17,2
2012-03-09 04:39:00.727159+00:00,14.42,30.22,40.0,1322.3991814241176,12.658485525655747,-147.51532588412047,20,3
2012-03-09 04:46:00.727159+00:00,13.98,29.35,40.0,1235.3217161248465,12.191013624994987,-148.45026968544198,22,2
2012-03-09 04:47:00.727159+00:00,13.98,29.35,40.0,1301.4995298456126,12.440135784179336,-147.9520253670733,23,3
2012-03-09 04:48:00.727159+00:00,13.98,29.35,40.0,1617.9804967203474,12.786334003747555,-147.25962892793686,23,2
2012-03-09 04:49:00.727159+00:00,13.96,29.31,40.0,1935.944786197434,13.387310184656496,-146.05767656611897,22,2
2012-03-09 04:50:00.727159+00:00,13.98,29.35,40.0,2031.34936423237,13.446219748431396,-145.93985743856916,22,2
2012-03-09 04:51:00.727159+00:00,13.96,29.31,40.0,2054.662591013634,13.467735644457516,-145.89682564651696,20,2
2012-03-09 04:52:00.727159+00:00,13.96,29.31,40.0,2092.01578077507,13.512272571978876,-145.80775179147423,20,3
2012-03-09 04:53:00.727159+00:00,13.94,29.27,40.0,2305.889291560717,13.726930312670726,-145.3784363100905,19,2
2012-03-09 04:54:00.727159+00:00,13.9,29.19,40.0,2352.323243978192,13.823010757317547,-145.18627542079687,19,3
2012-03-09 04:57:00.727159+00:00,13.9,29.19,40.0,2305.889291560717,13.722595186532224,-145.3871065623675,19,3
2012-03-09 04:58:00.727159+00:00,13.92,29.23,40.0,2023.926951853441,13.722595186532224,-145.3871065623675,19,2
2012-03-09 04:59:00.727159+00:00,13.92,29.23,40.0,1919.5857647395449,13.722595186532224,-145.3871065623675,19,2
2012-03-09 05:00:00.727159+00:00,13.88,29.15,40.0,1793.5600187946527,13.895800189945042,-145.04069655554187,19,2
2012-03-09 05:01:00.727159+00:00,13.86,29.11,40.0,1809.340835664496,13.899926746525535,-145.0324434423809,22,3
2012-03-09 05:02:00.727159+00:00,13.88,29.15,40.0,1809.340835664496,13.899926746525535,-145.0324434423809,22,2
2012-03-09 05:03:00.727159+00:00,13.88,29.15,40.0,1791.4236944015984,13.775044663369563,-145.28220760869283,22,2
2012-03-09 05:04:00.727159+00:00,13.92,29.23,40.0,1718.4760489271985,13.528326869026213,-145.77564319737954,22,2
2012-03-09 05:05:00.727159+00:00,13.88,29.15,40.0,1642.6352367745635,13.511650745935436,-145.80899544356112,22,2
2012-03-09 05:06:00.727159+00:00,13.86,29.11,40.0,1553.124187006564,13.500908983719413,-145.83047896799314,23,3
2012-03-09 05:07:00.727159+00:00,13.82,29.03,40.0,1553.124187006564,13.500908983719413,-145.83047896799314,21,2
2012-03-09 05:08:00.727159+00:00,13.78,28.96,40.0,1494.488381559589,13.529860583469077,-145.77257576849382,20,2
2012-03-09 05:09:00.727159+00:00,13.71,28.8,40.0,1669.02876782239,13.817087300630044,-145.1981223341719,20,3
2012-03-09 05:10:00.727159+00:00,13.67,28.72,40.0,1805.0275005862773,14.113964268851326,-144.60436839772933,20,2
2012-03-09 05:13:00.727159+00:00,13.59,28.57,40.0,2206.652969482907,14.28794507713974,-144.2564067811525,20,2
2012-03-09 05:14:00.727159+00:00,13.57,28.53,40.0,2225.743533911125,14.28794507713974,-144.2564067811525,20,2
2012-03-09 05:15:00.727159+00:00,13.55,28.49,40.0,2328.5893014199864,14.28794507713974,-144.2564067811525,20,2
2012-03-09 05:16:00.727159+00:00,13.55,28.49,40.0,3060.7454265825927,14.633586112021815,-143.56512471138836,19,3
2012-03-09 05:17:00.727159+00:00,13.53,28.46,40.0,3577.212469484845,14.777326749795115,-143.27764343584175,21,2
2012-03-09 05:18:00.727159+00:00,13.53,28.46,40.0,3861.942478493253,14.871711247094996,-143.08887444124198,22,2
2012-03-09 05:19:00.727159+00:00,13.51,28.42,40.0,3861.942478493253,14.871711247094996,-143.08887444124198,22,2
2012-03-09 05:20:00.727159+00:00,13.51,28.42,40.0,3923.7146900991775,15.068984584965044,-142.69432776550187,23,2
2012-03-09 05:21:00.727159+00:00,13.53,28.46,40.0,4105.262794608351,15.07983886758478,-142.6726192002624,22,3
2012-03-09 05:22:00.727159+00:00,13.55,28.49,40.0,4171.9420191542085,15.178292030367608,-142.47571287469674,22,2
2012-03-09 05:23:00.727159+00:00,13.55,28.49,40.0,4190.686464638195,15.324395227474248,-142.18350648048346,22,2
2012-03-09 05:24:00.727159+00:00,13.55,28.49,40.0,4277.41691461797,15.401243390448991,-142.02981015453398,20,2
2012-03-09 05:25:00.727159+00:00,13.57,28.53,40.0,4497.986843617023,15.46097706510445,-141.91034280522308,18,3
2012-03-09 05:26:00.727159+00:00,13.53,28.46,40.0,5457.682746215599,15.770709553464798,-141.29087782850235,19,2
2012-03-09 05:27:00.727159+00:00,13.55,28.49,40.0,5915.267342111756,16.061243624659795,-140.70980968611238,18,2
2012-03-09 05:30:00.727159+00:00,13.51,28.42,40.0,5939.821833251672,16.212061103153083,-140.4081747291258,18,2
2012-03-09 05:31:00.727159+00:00,13.5,28.38,40.0,5884.497250414572,15.964123246257133,-140.9040504429177,18,2
2012-03-09 05:32:00.727159+00:00,13.48,28.34,40.0,5651.630154030379,15.753915836355455,-141.32446526272105,18,2
2012-03-09 05:33:00.727159+00:00,13.46,28.3,40.0,5650.132035410654,15.695101555102196,-141.44209382522757,18,2
2012-03-09 05:34:00.727159+00:00,13.46,28.3,40.0,5454.686508976149,15.653080990958273,-141.52613495351542,21,2
2012-03-09 05:35:00.727159+00:00,13.44,28.26,40.0,5454.686508976149,15.653080990958273,-141.52613495351542,23,3
2012-03-09 05:36:00.727159+00:00,13.44,28.26,40.0,5019.521552515949,15.485882283947404,-141.86053236753716,22,2
2012-03-09 05:37:00.727159+00:00,7.35,15.96,24.3,4632.249605736421,15.349998987392896,-142.13229896064618,22,2
2012-03-09 05:38:00.727159+00:00,7.35,15.96,24.3,4571.725686950307,15.084379513062744,-142.66353790930648,23,3
2012-03-09 05:39:00.727159+00:00,13.42,28.23,40.0,4099.630103596147,14.836250273441106,-143.15979638854975,22,2
2012-03-09 05:40:00.727159+00:00,13.42,28.23,40.0,4019.012409369114,14.64993793419134,-143.5324210670493,22,2
2012-03-09 05:41:00.727159+00:00,13.4,28.19,40.0,2910.570347302297,14.250631486751322,-144.33103396192934,22,2
2012-03-09 05:42:00.727159+00:00,13.36,28.11,40.0,2135.1445883399456,14.13001144786952,-144.57227403969296,22,2
2012-03-09 05:43:00.727159+00:00,13.34,28.07,40.0,2047.8939722997084,13.919111738530518,-144.9940734583709,22,2
2012-03-09 05:44:00.727159+00:00,13.34,28.07,40.0,1961.6212104858755,13.635817845104272,-145.56066124522343,19,3
2012-03-09 05:45:00.727159+00:00,13.36,28.11,40.0,1958.894999939762,13.38694804990922,-146.05840083561355,17,2
2012-03-09 05:46:00.727159+00:00,13.36,28.11,40.0,1960.258105212819,13.41202446756873,-146.00824800029451,18,2
2012-03-09 05:47:00.727159+00:00,13.38,28.15,40.0,2000.3184964311868,13.72986853759964,-145.37255986023268,18,3
2012-03-09 05:50:00.727159+00:00,13.42,28.23,40.0,3051.3559674864327,14.185690427175428,-144.4609160810811,18,2
2012-03-09 05:51:00.727159+00:00,13.42,28.23,40.0,3055.833692972305,14.185690427175428,-144.4609160810811,18,2
2012-03-09 05:52:00.727159+00:00,13.42,28.23,40.0,3055.833692972305,14.185690427175428,-144.4609160810811,18,2
2012-03-09 05:53:00.727159+00:00,13.42,28.23,40.0,3067.7317754434107,14.309953140223204,-144.21239065498557,18,2
2012-03-09 05:54:00.727159+00:00,13.4,28.19,40.0,2935.495806785276,14.19927270087192,-144.43375153368814,21,2
2012-03-09 05:55:00.727159+00:00,13.38,28.15,40.0,2935.495806785276,14.19927270087192,-144.43375153368814,23,3
2012-03-09 05:56:00.727159+00:00,13.36,28.11,40.0,2923.597724314171,14.337872900452435,-144.1565511345271,22,2
2012-03-09 05:57:00.727159+00:00,13.34,28.07,40.0,2907.221916357193,14.337872900452435,-144.1565511345271,22,2
2012-03-09 05:58:00.727159+00:00,13.32,28.04,40.0,2902.744190871321,14.47647310003295,-143.87935073536607,23,3
2012-03-09 05:59:00.727159+00:00,13.29,27.96,40.0,2569.73682381722,14.341157498010272,-144.14998193941142,22,2
2012-03-09 06:00:00.727159+00:00,13.27,27.92,40.0,2622.885812500039,14.506519881604888,-143.8192571722222,22,2
2012-03-09 06:01:00.727159+00:00,13.27,27.92,40.0,2622.885812500039,14.506519881604888,-143.8192571722222,22,2
2012-03-09 06:02:00.727159+00:00,13.27,27.92,40.0,2759.743948508701,14.550759150497608,-143.73077863443677,22,2
2012-03-09 06:03:00.727159+00:00,13.25,27.89,40.0,2572.685186680267,14.343901420368308,-144.14449409469535,23,3
2012-03-09 06:04:00.727159+00:00,13.25,27.89,40.0,2577.1613349308877,14.42061545743957,-143.9910660205528,22,2
2012-03-09 06:05:00.727159+00:00,13.27,27.92,40.0,2572.685186680267,14.343901420368308,-144.14449409469535,21,2
2012-03-09 06:06:00.727159+00:00,13.25,27.89,40.0,2572.685186680267,14.343901420368308,-144.14449409469535,19,2
2012-03-09 06:07:00.727159+00:00,13.23,27.85,40.0,2477.694112866489,14.205841895987597,-144.42061314345676,19,3
2012-03-09 06:08:00.727159+00:00,13.13,27.66,40.0,2137.577284628319,14.008917002834265,-144.81446292976344,19,2
2012-03-09 06:09:00.727159+00:00,13.08,27.55,40.0,2082.1772403264185,13.875937460155912,-145.08042201512015,19,2
2012-03-09 06:12:00.727159+00:00,12.91,27.21,40.0,1677.3999892925967,13.441233713871856,-145.94982950768826,20,3
2012-03-09 06:13:00.727159+00:00,12.89,27.18,40.0,1624.0493853553817,13.274750008601696,-146.28279691822857,19,2
2012-03-09 06:14:00.727159+00:00,12.87,27.14,40.0,1618.8971511100192,12.982903667442562,-146.86648960054686,19,2
2012-03-09 06:15:00.727159+00:00,12.86,27.1,40.0,1571.5431929184929,12.8095860181408,-147.2131248991504,20,2
2012-03-09 06:16:00.727159+00:00,12.84,27.06,40.0,1512.16752085551,12.84906110424944,-147.1341747269331,23,3
2012-03-09 06:17:00.727159+00:00,12.82,27.03,40.0,1454.561185586933,12.84906110424944,-147.1341747269331,23,2
2012-03-09 06:28:00.727159+00:00,12.73,26.84,40.0,1416.2209185879394,12.544988401085696,-147.7423201332606,17,2
2012-03-09 06:30:00.727159+00:00,12.53,26.44,40.0,1673.589332678136,12.703103024967252,-147.42609088549747,16,3
2012-03-09 06:34:00.727159+00:00,12.38,26.15,39.65,2658.9459955380657,12.94899721380258,-146.93430250782683,18,3
2012-03-09 06:35:00.727159+00:00,12.36,26.12,39.59,2776.639087350394,12.723368231332524,-147.3855604727669,17,2
2012-03-09 06:36:00.727159+00:00,12.35,26.08,39.54,2951.953435541515,12.988239766786352,-146.85581740185927,17,2
2012-03-09 06:37:00.727159+00:00,12.36,26.12,39.59,2737.4729562905304,12.85580399905944,-147.1206889373131,20,2
2012-03-09 06:38:00.727159+00:00,12.38,26.15,39.65,2658.9459955380657,12.718773530215495,-147.39474987500097,22,3
2012-03-09 06:39:00.727159+00:00,12.42,26.23,39.76,2619.5851658454644,12.714178829098469,-147.40393927723505,23,2
2012-03-09 06:40:00.727159+00:00,12.42,26.23,39.76,2481.2266956959925,12.669409027450826,-147.49347888053032,22,2
2012-03-09 06:41:00.727159+00:00,12.44,26.26,39.81,2038.4179305536584,12.508442312079048,-147.8154123112739,23,2
2012-03-09 06:42:00.727159+00:00,12.45,26.3,39.87,1750.1399344328436,12.405836256970437,-148.0206244214911,23,3
2012-03-09 06:48:00.727159+00:00,12.54,26.48,40.0,1063.671186342307,12.071482600147444,-148.6893317351371,20,2
2012-03-09 06:49:00.727159+00:00,12.54,26.48,40.0,979.1846391261292,12.03858849592302,-148.75511994358592,19,3
2012-03-09 06:54:00.727159+00:00,12.15,25.69,38.95,1523.3464868947897,12.03381102340985,-148.7646748886123,18,3
2012-03-09 06:55:00.727159+00:00,12.1,25.58,38.79,1963.1094395680789,11.96324534244783,-148.90580625053633,19,2
2012-03-09 06:56:00.727159+00:00,12.1,25.58,38.79,2135.555880923535,12.399111363743208,-148.03407420794557,19,2
2012-03-09 06:57:00.727159+00:00,12.08,25.55,38.73,2203.707977116265,12.412289108046062,-148.00771871933986,19,2
2012-03-09 06:58:00.727159+00:00,12.04,25.47,38.63,2207.560852562261,12.576933715582651,-147.67842950426666,22,2
2012-03-09 06:59:00.727159+00:00,12.01,25.4,38.52,2217.0556042140497,12.628596875159657,-147.57510318511268,23,2
2012-03-09 07:00:00.727159+00:00,11.95,25.3,38.36,2268.845474218435,12.655408788835878,-147.5214793577602,22,3
2012-03-09 07:01:00.727159+00:00,11.92,25.23,38.26,2293.187176199272,12.687939752675096,-147.4564174300818,22,2
2012-03-09 07:02:00.727159+00:00,11.9,25.19,38.2,2278.813656147441,12.696718054355705,-147.43886082672057,23,2
2012-03-09 07:03:00.727159+00:00,11.88,25.16,38.15,2250.9505141160885,12.758569186832398,-147.31515856176716,23,3
2012-03-09 07:04:00.727159+00:00,11.87,25.12,38.1,2211.413728008258,12.696718054355705,-147.43886082672057,23,2
2012-03-09 07:05:00.727159+00:00,11.83,25.05,37.99,2130.7468928515173,12.727643620594051,-147.37700969424387,22,2
2012-03-09 07:06:00.727159+00:00,11.8,24.98,37.89,1819.457112723297,12.542207540315262,-147.74788185480145,23,2
2012-03-09 07:07:00.727159+00:00,11.76,24.91,37.78,1773.73855081312,12.542207540315262,-147.74788185480145,23,3
2012-03-09 07:08:00.727159+00:00,11.74,24.88,37.73,1620.9352560760017,12.167586766343906,-148.49712340274417,22,2
2012-03-09 07:12:00.727159+00:00,11.87,25.12,38.1,1187.747989635565,11.588852999332316,-149.6545909367673,18,2
2012-03-09 07:17:00.727159+00:00,11.73,24.84,37.68,2907.6511287251888,13.763147138964126,-145.3060026575037,18,3
2012-03-09 07:18:00.727159+00:00,11.74,24.88,37.73,3968.880402848205,14.277841994085811,-144.27661294726033,18,2
2012-03-09 07:19:00.727159+00:00,11.74,24.88,37.73,4632.860848107976,14.571833564854872,-143.68862980572223,18,2
2012-03-09 07:20:00.727159+00:00,11.78,24.95,37.83,4757.495054234783,14.836850339900124,-143.15859625563172,20,2
2012-03-09 07:21:00.727159+00:00,11.8,24.98,37.89,4796.015096510615,14.858108758884944,-143.1160794176621,22,3
2012-03-09 07:22:00.727159+00:00,11.83,25.05,37.99,4813.367594114688,14.911743997517132,-143.0088089403977,22,2
2012-03-09 07:23:00.727159+00:00,11.85,25.09,38.04,4840.639965551924,15.029609771579976,-142.773077392272,22,2
2012-03-09 07:24:00.727159+00:00,11.87,25.12,38.1,4852.520981326883,15.141525826948683,-142.54924528153458,23,2
2012-03-09 07:25:00.727159+00:00,11.87,25.12,38.1,4828.758949776966,15.158044396351952,-142.51620814272806,23,3
2012-03-09 07:26:00.727159+00:00,11.88,25.16,38.15,4758.064119369947,15.266118851414928,-142.3000592326021,24,2
2012-03-09 07:27:00.727159+00:00,11.9,25.19,38.2,4574.187975125863,15.158044396351952,-142.51620814272806,23,2
2012-03-09 07:28:00.727159+00:00,11.9,25.19,38.2,4540.459264904589,15.158044396351952,-142.51620814272806,23,3
2012-03-09 07:29:00.727159+00:00,11.92,25.23,38.26,3968.388944324101,15.158044396351952,-142.51620814272806,23,2
2012-03-09 07:30:00.727159+00:00,11.9,25.19,38.2,3579.213387290705,15.129422389233165,-142.57345215696563,23,2
2012-03-09 07:31:00.727159+00:00,11.88,25.16,38.15,3425.0551468801204,14.888115495729592,-143.05606594397278,22,3
2012-03-09 07:32:00.727159+00:00,11.87,25.12,38.1,3282.8771190352213,14.888115495729592,-143.05606594397278,20,2
2012-03-09 07:33:00.727159+00:00,11.83,25.05,37.99,2977.2962004514848,14.862483069026805,-143.10733079737838,19,2
2012-03-09 07:34:00.727159+00:00,11.81,25.02,37.94,2914.8674077462574,14.712839886295043,-143.40661716284188,18,3
2012-03-09 07:35:00.727159+00:00,11.81,25.02,37.94,2844.1885590421484,14.563196703563284,-143.70590352830538,19,2
2012-03-09 07:38:00.727159+00:00,11.73,24.84,37.68,2594.8886985874096,14.303317471457904,-144.22566199251617,18,2
2012-03-09 07:39:00.727159+00:00,11.71,24.81,37.62,2571.642151710535,14.1286527268118,-144.57499148180835,19,2
2012-03-09 07:40:00.727159+00:00,11.69,24.77,37.57,2538.591073261237,13.90002656093815,-145.03224381355568,18,3
2012-03-09 07:41:00.727159+00:00,11.67,24.74,37.52,2393.0591300255783,13.865428901956744,-145.10143913151848,19,2
2012-03-09 07:42:00.727159+00:00,11.67,24.74,37.52,2231.447626120256,13.845545420514808,-145.14120609440235,22,2
2012-03-09 07:43:00.727159+00:00,11.66,24.7,37.47,2203.756879408589,13.376819520158014,-146.07865789511595,23,3
2012-03-09 07:44:00.727159+00:00,11.66,24.7,37.47,2040.197847369146,13.147108704244914,-146.53807952694214,23,2
2012-03-09 07:50:00.727159+00:00,11.66,24.7,37.47,1322.3129295390163,12.46337244215107,-147.90555205112983,23,3
2012-03-09 07:51:00.727159+00:00,11.67,24.74,37.52,1374.9169884433336,12.748052415574495,-147.336192104283,21,2
2012-03-09 07:52:00.727159+00:00,11.69,24.77,37.57,1556.8863276623968,12.914853406167788,-147.0025901230964,18,2
2012-03-09 07:53:00.727159+00:00,11.67,24.74,37.52,1734.7623189566957,13.144370564156544,-146.54355580711888,18,3
2012-03-09 07:54:00.727159+00:00,11.66,24.7,37.47,1821.617531279421,13.325888765144462,-146.18051940514303,19,2
2012-03-09 07:58:00.727159+00:00,11.6,24.6,37.31,1602.538679956766,12.702207294271592,-147.4278823468888,18,3
2012-03-09 07:59:00.727159+00:00,11.6,24.6,37.31,1551.4094389298198,12.62324763579131,-147.58580166384934,18,2
2012-03-09 08:00:00.727159+00:00,11.59,24.56,37.26,1481.6427645720444,12.451062702135696,-147.93017153116057,19,2
2012-03-09 08:01:00.727159+00:00,11.57,24.53,37.21,1302.168087915058,12.451062702135696,-147.93017153116057,21,2
2012-03-09 08:02:00.727159+00:00,11.54,24.46,37.1,1288.6319514856566,12.451062702135696,-147.93017153116057,23,3
2012-03-09 08:11:00.727159+00:00,11.26,23.91,36.27,1173.754896246658,12.21535631157473,-148.40158431228252,22,3
2012-03-09 08:14:00.727159+00:00,11.31,24.01,36.43,1353.007169654437,12.190491297666425,-148.45131434009917,20,2
2012-03-09 08:15:00.727159+00:00,11.38,24.15,36.63,1424.6397908402314,12.359115407472409,-148.11406612048717,21,3
2012-03-09 08:16:00.727159+00:00,11.45,24.29,36.84,1499.1785310157416,12.46870062695158,-147.89489568152882,21,2
2012-03-09 08:19:00.727159+00:00,11.5,24.39,37.0,1665.2677680854358,12.93673271937909,-146.95883149667378,21,3
2012-03-09 08:20:00.727159+00:00,11.5,24.39,37.0,1676.7865633061233,13.097929513494108,-146.63643790844378,20,2
2012-03-09 08:21:00.727159+00:00,11.48,24.35,36.95,1616.6098533632169,13.150187490778668,-146.53192195387464,21,2
2012-03-09 08:22:00.727159+00:00,11.47,24.32,36.89,1504.4242378436384,13.150187490778668,-146.53192195387464,21,3
2012-03-09 08:23:00.727159+00:00,11.47,24.32,36.89,1504.4242378436384,13.143701575772951,-146.54489378388607,23,2
2012-03-09 08:24:00.727159+00:00,11.48,24.35,36.95,1499.1785310157416,12.93673271937909,-146.95883149667378,23,2
2012-03-09 08:25:00.727159+00:00,11.45,24.29,36.84,1365.116324132285,12.812760730718892,-147.20677547399418,23,3
2012-03-09 08:27:00.727159+00:00,11.3,23.98,36.38,1280.0164163492211,12.683095951851264,-147.46610503172946,22,2
2012-03-09 08:33:00.727159+00:00,11.28,23.94,36.33,1418.2119989874386,12.988937325011827,-146.85442228540833,17,3
2012-03-09 08:34:00.727159+00:00,11.23,23.84,36.17,1464.9800295669334,13.104177732275213,-146.62394147088156,17,2
2012-03-09 08:35:00.727159+00:00,11.14,23.67,35.92,1858.1969383106464,13.458157876406249,-145.91598118261948,17,2
2012-03-09 08:39:00.727159+00:00,11.3,23.98,36.38,2152.3249204068597,13.77956445939856,-145.27316801663486,17,2
2012-03-09 08:40:00.727159+00:00,11.31,24.01,36.43,2152.3249204068597,13.77956445939856,-145.27316801663486,17,3
2012-03-09 08:41:00.727159+00:00,11.3,23.98,36.38,2122.200941987612,13.778978005786946,-145.27434092385806,18,2
2012-03-09 08:42:00.727159+00:00,11.33,24.05,36.48,2152.3249204068597,13.77956445939856,-145.27316801663486,21,2
2012-03-09 08:43:00.727159+00:00,11.28,23.94,36.33,2152.3249204068597,13.77956445939856,-145.27316801663486,23,3
2012-03-09 08:44:00.727159+00:00,11.28,23.94,36.33,2153.613794405793,13.833173517980237,-145.16594989947149,23,2
2012-03-09 08:45:00.727159+00:00,29.26,40.0,40.0,2348.7744807772715,14.244420918609952,-144.34345509821208,21,2
2012-03-09 08:46:00.727159+00:00,29.26,40.0,40.0,2152.3249204068597,13.889401279739191,-145.0534943759536,21,2
2012-03-09 08:47:00.727159+00:00,29.31,40.0,40.0,2092.076963568364,13.833173517980237,-145.16594989947149,21,3
2012-03-09 08:48:00.727159+00:00,29.31,40.0,40.0,2078.121697796637,13.823591992754386,-145.1851129499232,22,2
2012-03-09 08:49:00.727159+00:00,29.31,40.0,40.0,2064.1664320249097,13.814010467528536,-145.2042760003749,21,2
2012-03-09 08:51:00.727159+00:00,29.31,40.0,40.0,2001.412034101135,13.814010467528536,-145.2042760003749,21,2
2012-03-09 08:52:00.727159+00:00,29.31,40.0,40.0,2032.7892330630225,13.89645070068887,-145.03939553405422,20,2
2012-03-09 08:53:00.727159+00:00,29.31,40.0,40.0,2158.506497502934,14.010356111347884,-144.8115847127362,21,3
2012-03-09 08:54:00.727159+00:00,29.31,40.0,40.0,2203.507777313456,14.026734322750505,-144.77882828993097,21,2
2012-03-09 08:55:00.727159+00:00,11.38,24.15,36.63,2392.9724478976214,14.026734322750505,-144.77882828993097,21,2
2012-03-09 08:56:00.727159+00:00,11.36,24.11,36.58,2437.7671551314493,14.257348754041889,-144.3175994273482,19,2
2012-03-09 08:57:00.727159+00:00,11.38,24.15,36.63,2518.983939758072,14.291592764244104,-144.24911140694377,17,3
2012-03-09 08:58:00.727159+00:00,11.38,24.15,36.63,2900.891968445627,14.55137532445758,-143.72954628651678,14,2
2012-03-09 08:59:00.727159+00:00,11.36,24.11,36.58,3034.628965193296,14.6591473614989,-143.51400221243415,13,2
2012-03-09 09:39:00.727159+00:00,10.69,22.76,34.55,2675.964651121509,13.566735166070693,-145.6988266032906,13,3
2012-03-09 09:40:00.727159+00:00,10.69,22.76,34.55,2576.4498199720497,13.514256069856652,-145.80378479571866,15,2
2012-03-09 09:41:00.727159+00:00,10.69,22.76,34.55,2492.4586731120107,13.01634626976046,-146.79960439591105,17,2
2012-03-09 09:42:00.727159+00:00,10.71,22.79,34.6,2241.84048772438,12.984149486675506,-146.86399796208096,20,2
2012-03-09 09:43:00.727159+00:00,10.71,22.79,34.6,2143.217019977887,12.984149486675506,-146.86399796208096,22,3
2012-03-09 09:44:00.727159+00:00,10.71,22.79,34.6,2093.7972230268065,12.967993976810376,-146.89630898181122,23,2
2012-03-09 09:45:00.727159+00:00,10.71,22.79,34.6,2081.573293007816,12.967993976810376,-146.89630898181122,23,2
2012-03-09 09:46:00.727159+00:00,10.69,22.76,34.55,1999.2481277286888,12.967993976810376,-146.89630898181122,23,3
2012-03-09 09:47:00.727159+00:00,10.67,22.73,34.5,1941.672138378758,13.000304996540637,-146.8316869423507,23,2
2012-03-09 09:48:00.727159+00:00,10.66,22.69,34.45,1903.6830566732565,13.01634626976046,-146.79960439591105,23,2
2012-03-09 09:49:00.727159+00:00,10.66,22.69,34.45,1862.5252275563448,13.318322953889275,-146.1956510276534,22,2
2012-03-09 09:50:00.727159+00:00,10.64,22.66,34.4,1930.463207751312,13.431160057637577,-145.96997682015683,23,3
2012-03-09 09:51:00.727159+00:00,10.62,22.63,34.35,1999.2481277286888,13.679781557139608,-145.47273382115276,23,2
2012-03-09 09:52:00.727159+00:00,10.61,22.59,34.3,2118.004935963605,13.98922265479528,-144.8538516258414,22,2
2012-03-09 09:53:00.727159+00:00,10.58,22.53,34.2,2177.7367621708527,14.037251743740224,-144.75779344795154,22,2
2012-03-09 09:54:00.727159+00:00,10.54,22.46,34.1,2287.3697799877978,14.086904816316125,-144.65848730279973,23,3
2012-03-09 09:55:00.727159+00:00,10.53,22.43,34.05,2384.899376917858,14.2884055160357,-144.25548590336055,20,2
2012-03-09 09:56:00.727159+00:00,10.51,22.39,34.0,2384.899376917858,14.310740090021069,-144.21081675538983,18,2
2012-03-09 09:57:00.727159+00:00,10.51,22.39,34.0,2498.390266175772,14.383018648271737,-144.06625963888848,16,2
2012-03-09 09:58:00.727159+00:00,10.53,22.43,34.05,2644.3190456139027,14.551818007840186,-143.72866091975158,14,2
2012-03-09 09:59:00.727159+00:00,10.53,22.43,34.05,2719.889812015941,14.551818007840186,-143.72866091975158,12,2
2012-03-09 11:14:00.727159+00:00,8.27,17.85,27.16,5405.640533295527,15.429298118922132,-141.9737006975877,13,2
2012-03-09 11:15:00.727159+00:00,8.24,17.79,27.06,5365.255511918668,15.418121171858797,-141.99605459171437,16,3
2012-03-09 11:16:00.727159+00:00,8.27,17.85,27.16,5365.255511918668,15.418121171858797,-141.99605459171437,18,2
2012-03-09 11:17:00.727159+00:00,8.33,17.98,27.34,5365.255511918668,15.418121171858797,-141.99605459171437,20,2
2012-03-09 11:18:00.727159+00:00,8.39,18.1,27.53,5365.255511918668,15.418121171858797,-141.99605459171437,22,2
2012-03-09 11:19:00.727159+00:00,8.45,18.23,27.72,6449.470578606673,15.879571680452834,-141.07315357452632,23,3
2012-03-09 11:20:00.727159+00:00,8.53,18.38,27.96,5567.238563493518,15.654434899687484,-141.52342713605702,22,2
2012-03-09 11:21:00.727159+00:00,8.55,18.41,28.0,5282.683649219271,15.568973177576316,-141.69435058027935,22,2
2012-03-09 11:22:00.727159+00:00,8.56,18.45,28.05,5083.243965579832,15.479288907946486,-141.873719119539,22,2
2012-03-09 11:23:00.727159+00:00,8.61,18.54,28.19,4884.6626519307365,15.263672045631472,-142.304952844169,22,2
2012-03-09 11:24:00.727159+00:00,8.72,18.76,28.52,4721.823311822414,15.054281403732082,-142.72373412796782,23,3
2012-03-09 11:25:00.727159+00:00,20.43,40.0,40.0,4710.12935531333,15.035383491485751,-142.76152995246048,21,2
2012-03-09 11:26:00.727159+00:00,20.43,40.0,40.0,4710.12935531333,15.035383491485751,-142.76152995246048,19,2
2012-03-09 11:27:00.727159+00:00,20.43,40.0,40.0,4710.12935531333,15.035383491485751,-142.76152995246048,17,2
2012-03-09 11:28:00.727159+00:00,8.95,19.23,29.24,4511.07350448499,15.02845952260138,-142.7753778902292,15,3
2012-03-09 11:29:00.727159+00:00,20.49,40.0,40.0,3988.247484285772,14.858896997059748,-143.11450294131248,12,2
2012-03-09 12:43:00.727476+00:00,40.0,0.07,0.17,1581.3160507261357,13.138343057001462,-148.88222742954105,13,2
2012-03-09 12:44:00.727476+00:00,8.15,17.6,26.78,1581.3160507261357,13.138343057001462,-148.88222742954105,13,2
2012-03-09 12:45:00.727476+00:00,8.15,17.6,26.78,1581.3160507261357,13.138343057001462,-148.88222742954105,13,2
2012-03-09 12:46:00.727476+00:00,8.15,17.6,26.78,1581.3160507261357,13.138343057001462,-148.88222742954105,13,2
2012-03-09 12:47:00.727476+00:00,8.15,17.6,26.78,2041.952965664676,13.74771724158813,-147.6634790603677,12,2
2012-03-09 12:53:00.727476+00:00,8.2,17.7,26.92,4461.000507595949,15.11977522883294,-144.9193630858781,14,2
2012-03-09 12:54:00.727476+00:00,40.0,0.07,0.17,4172.011814855108,14.984583532494456,-145.1897464785551,16,2
2012-03-09 12:55:00.727476+00:00,10.09,21.54,32.71,3548.229290189335,14.57251654663294,-146.01388045027812,18,2
2012-03-09 12:56:00.727476+00:00,10.09,21.54,32.71,3548.229290189335,14.57251654663294,-146.01388045027812,18,3
2012-03-09 12:57:00.727476+00:00,10.1,21.57,32.76,3132.6999976277343,14.242835096791897,-146.6732433499602,17,2
2012-03-09 12:58:00.727476+00:00,10.38,22.13,33.6,3132.6999976277343,14.242835096791897,-146.6732433499602,17,2
2012-03-09 12:59:00.727476+00:00,10.56,22.49,34.15,2458.081519158998,13.542691713871925,-148.07353011580017,18,2
2012-03-09 13:02:00.727476+00:00,10.76,22.89,34.75,1900.3040519629756,13.15231427553474,-148.8542849924745,17,2
2012-03-09 13:03:00.727476+00:00,10.77,22.93,34.8,2210.6771224108056,13.216931511995698,-148.7250505195526,17,2
2012-03-09 13:04:00.727476+00:00,10.77,22.93,34.8,1927.79789033253,13.216931511995698,-148.7250505195526,17,2
2012-03-09 13:05:00.727476+00:00,10.76,22.89,34.75,3318.29662616536,14.02659861702927,-147.10571630948544,18,2
2012-03-09 13:06:00.727476+00:00,10.76,22.89,34.75,3187.399602457358,13.907499015031323,-147.34391551348136,20,2
2012-03-09 13:07:00.727476+00:00,10.76,22.89,34.75,3187.399602457358,13.860996070200091,-147.4369214031438,22,2
2012-03-09 13:08:00.727476+00:00,10.77,22.93,34.8,2942.046621693458,13.860996070200091,-147.4369214031438,22,2
2012-03-09 13:09:00.727476+00:00,10.77,22.93,34.8,2636.53979552338,13.860996070200091,-147.4369214031438,22,2
2012-03-09 13:10:00.727476+00:00,10.79,22.96,34.85,2636.53979552338,13.860996070200091,-147.4369214031438,22,3
2012-03-09 13:11:00.727476+00:00,10.79,22.96,34.85,2635.000102772947,13.860996070200091,-147.4369214031438,22,2
2012-03-09 13:12:00.727476+00:00,10.81,22.99,34.9,2635.000102772947,13.860996070200091,-147.4369214031438,22,3
2012-03-09 13:13:00.727476+00:00,10.82,23.03,34.95,2308.23025788648,13.339598129010916,-148.47971728552216,22,2
2012-03-09 13:14:00.727476+00:00,10.91,23.2,35.2,2308.23025788648,13.501241157502752,-148.15643122853848,22,2
2012-03-09 13:15:00.727476+00:00,10.97,23.33,35.41,1832.019980326781,13.055517147540147,-149.0478792484637,22,2
2012-03-09 13:16:00.727476+00:00,11.04,23.47,35.61,1675.862592080437,13.03431202712131,-149.09028948930137,20,2
2012-03-09 13:17:00.727476+00:00,11.09,23.57,35.76,1556.5873566770847,13.03431202712131,-149.09028948930137,18,2
2012-03-09 13:18:00.727476+00:00,11.13,23.64,35.86,1306.83445891392,12.668247069799303,-149.82241940394536,18,2
2012-03-09 13:19:00.727476+00:00,11.18,23.74,36.02,1478.6899694809626,12.85109521870998,-149.456723106124,18,2
2012-03-09 13:23:00.727476+00:00,11.38,24.15,36.63,1112.533906161585,12.30291728013552,-150.55307898327294,18,2
2012-03-09 13:24:00.727476+00:00,11.47,24.32,36.89,867.0629939389283,11.66943538052824,-151.82004278248752,18,3
2012-03-09 13:25:00.727476+00:00,11.54,24.46,37.1,890.2187466465472,11.72845896265612,-151.70199561823176,17,2
2012-03-09 13:26:00.727476+00:00,11.55,24.49,37.15,867.0629939389283,11.66943538052824,-151.82004278248752,20,2
2012-03-09 13:27:00.727476+00:00,11.55,24.49,37.15,890.2187466465472,11.72845896265612,-151.70199561823176,21,2
2012-03-09 13:28:00.727476+00:00,11.55,24.49,37.15,1334.849065676623,12.797563588428888,-149.5637863666862,21,3
2012-03-09 13:29:00.727476+00:00,11.59,24.56,37.26,1307.4038566377442,12.60312709666174,-149.9526593502205,20,2
2012-03-09 13:30:00.727476+00:00,11.6,24.6,37.31,1307.4038566377442,12.60312709666174,-149.9526593502205,20,2
2012-03-09 13:33:00.727476+00:00,11.67,24.74,37.52,1608.565238935745,13.039681172232086,-149.07955119907982,20,2
2012-03-09 13:34:00.727476+00:00,11.73,24.84,37.68,1698.826226131215,13.247501675139423,-148.66391019326514,19,2
2012-03-09 13:35:00.727476+00:00,11.74,24.88,37.73,2050.9550306766428,13.282104823326716,-148.59470389689056,19,2
2012-03-09 13:36:00.727476+00:00,11.76,24.91,37.78,2421.928605745443,13.61578739748397,-147.92733874857606,18,2
2012-03-09 13:37:00.727476+00:00,11.8,24.98,37.89,2421.928605745443,13.61578739748397,-147.92733874857606,20,3
2012-03-09 13:39:00.727476+00:00,11.9,25.19,38.2,2534.98458239945,14.447119174292672,-146.26467519495864,19,2
2012-03-09 13:40:00.727476+00:00,11.94,25.26,38.31,2594.113458344683,14.460766172342208,-146.23738119885957,18,2
2012-03-09 13:41:00.727476+00:00,11.97,25.33,38.42,2444.4528320601344,14.401153503467732,-146.35660653660852,15,3
2012-03-09 13:42:00.727476+00:00,11.97,25.33,38.42,2444.4528320601344,14.401153503467732,-146.35660653660852,13,2
2012-03-09 13:43:00.727476+00:00,11.99,25.37,38.47,2057.085083505428,14.401153503467732,-146.35660653660852,13,2
2012-03-09 13:48:00.727476+00:00,12.38,26.15,39.65,1540.234356708031,13.522667366047989,-148.113578811448,14,2
2012-03-09 13:49:00.727476+00:00,12.4,26.19,39.7,1199.8786118351682,12.751190304316278,-149.65653293491144,16,3
2012-03-09 13:50:00.727476+00:00,12.4,26.19,39.7,1158.3987343640174,12.329790497996935,-150.49933254755013,17,2
2012-03-09 13:51:00.727476+00:00,12.38,26.15,39.65,1158.3987343640174,12.329790497996935,-150.49933254755013,19,2
2012-03-09 13:52:00.727476+00:00,12.36,26.12,39.59,1158.3987343640174,12.329790497996935,-150.49933254755013,21,2
2012-03-09 13:55:00.727476+00:00,12.49,26.37,39.97,1161.395959383462,12.392968981468066,-150.37297558060786,20,2
2012-03-09 13:56:00.727476+00:00,12.51,26.41,40.0,1106.6212498383702,12.064780556623155,-151.02935243029768,20,2
2012-03-09 13:57:00.727476+00:00,12.53,26.44,40.0,1147.007648616802,11.899480434443134,-151.35995267465773,20,2
2012-03-09 14:00:00.727476+00:00,12.53,26.44,40.0,1283.544979430289,11.44329313545387,-152.27232727263626,20,2
2012-03-09 14:03:00.727476+00:00,12.62,26.62,40.0,1408.1684741497395,11.28655483234304,-152.58580387885792,17,3
2012-03-09 14:04:00.727476+00:00,12.6,26.59,40.0,1415.8103208071343,11.339745615052614,-152.47942231343876,16,2
2012-03-09 14:05:00.727476+00:00,13.63,28.65,40.0,1415.8103208071343,11.339745615052614,-152.47942231343876,14,2
2012-03-09 14:06:00.727476+00:00,40.0,0.07,0.17,1457.331553213939,11.20623357215108,-152.74644639924185,12,2
2012-03-09 14:14:00.727476+00:00,0.0,0.02,0.02,2295.835084497943,14.366179641873725,-146.42655425979655,13,2
2012-03-09 14:15:00.727476+00:00,10.04,21.44,32.56,1999.618478933396,14.350420146464543,-146.45807325061492,16,3
2012-03-09 14:17:00.727476+00:00,13.4,28.19,40.0,2431.0456779784736,14.350420146464543,-146.45807325061492,20,2
2012-03-09 14:18:00.727476+00:00,13.42,28.23,40.0,2566.2562714590044,14.366179641873725,-146.42655425979655,21,2
2012-03-09 14:19:00.727476+00:00,13.44,28.26,40.0,2518.9348166940413,14.427732359555757,-146.30344882443248,20,3
2012-03-09 14:20:00.727476+00:00,13.51,28.42,40.0,2773.358045657034,14.289225148378408,-146.5804632467872,21,2
2012-03-09 14:21:00.727476+00:00,13.55,28.49,40.0,2295.835084497943,14.168834718598736,-146.8212441063465,21,2
2012-03-09 14:22:00.727476+00:00,13.59,28.57,40.0,2375.8697157159777,13.860060372206696,-147.4387927991306,22,2
2012-03-09 14:23:00.727476+00:00,13.61,28.61,40.0,2375.8697157159777,13.860060372206696,-147.4387927991306,22,2
2012-03-09 14:24:00.727476+00:00,13.65,28.69,40.0,2645.4172645825806,13.860060372206696,-147.4387927991306,22,2
2012-03-09 14:25:00.727476+00:00,13.67,28.72,40.0,2566.935096306337,13.556190762613484,-148.046532018317,21,2
2012-03-09 14:26:00.727476+00:00,13.71,28.8,40.0,2566.935096306337,13.496824481605582,-148.16526458033283,19,3
2012-03-09 14:27:00.727476+00:00,13.77,28.92,40.0,2127.801853037418,13.49263957751763,-148.17363438850873,17,2
2012-03-09 14:28:00.727476+00:00,13.84,29.07,40.0,2258.741185124826,13.3661109094346,-148.4266917246748,16,2
2012-03-09 14:29:00.727476+00:00,13.92,29.23,40.0,2645.4172645825806,13.622235341147976,-147.91444286124803,16,2
2012-03-09 14:33:00.727476+00:00,14.06,29.5,40.0,3084.549404625408,13.586692129049776,-147.98552928544444,16,2
2012-03-09 14:34:00.727476+00:00,14.12,29.62,40.0,3296.9462945734717,14.002603575784915,-147.15370639197414,16,2
2012-03-09 14:35:00.727476+00:00,14.16,29.7,40.0,4489.142242399195,14.854338772652156,-145.4502359982397,16,3
2012-03-09 14:36:00.727476+00:00,14.16,29.7,40.0,4489.142242399195,14.854338772652156,-145.4502359982397,18,2
2012-03-09 14:37:00.727476+00:00,14.22,29.82,40.0,5510.804881954126,15.4553014985128,-144.24831054651838,21,2
2012-03-09 14:38:00.727476+00:00,14.3,29.98,40.0,4478.002129173059,14.871722580854392,-145.4154683818352,22,2
2012-03-09 14:39:00.727476+00:00,14.36,30.1,40.0,4329.749047354539,14.871722580854392,-145.4154683818352,22,2
2012-03-09 14:40:00.727476+00:00,14.38,30.14,40.0,4329.749047354539,14.9156736365346,-145.3275662704748,22,2
2012-03-09 14:41:00.727476+00:00,8.07,17.45,26.55,3148.6932127549503,14.424736111301415,-146.30944132094118,21,2
2012-03-09 14:42:00.727476+00:00,8.09,17.48,26.59,3884.6155710423072,15.002954421060863,-145.15300470142228,20,3
2012-03-09 14:43:00.727476+00:00,8.09,17.48,26.59,3884.6155710423072,15.065516814960269,-145.02787991362345,20,2
2012-03-09 14:44:00.727476+00:00,8.09,17.48,26.59,4059.34464883075,15.085874262479278,-144.98716501858544,20,2
2012-03-09 14:45:00.727476+00:00,8.09,17.48,26.59,4059.34464883075,15.085874262479278,-144.98716501858544,20,2
2012-03-09 14:47:00.727476+00:00,8.09,17.48,26.59,3638.253600270598,14.590575794138246,-145.9777619552675,19,2
2012-03-09 14:48:00.727476+00:00,8.1,17.51,26.64,3463.524522482155,14.570218346619235,-146.01847685030552,20,2
2012-03-09 14:49:00.727476+00:00,8.09,17.48,26.59,3463.524522482155,14.570218346619235,-146.01847685030552,18,2
2012-03-09 14:50:00.727476+00:00,8.07,17.45,26.55,3463.524522482155,14.570218346619235,-146.01847685030552,16,2
2012-03-09 14:51:00.727476+00:00,15.31,31.99,40.0,3288.7954446937124,14.549860899100224,-146.05919174534353,17,2
2012-03-09 14:52:00.727476+00:00,15.63,32.63,40.0,2999.8992310516965,14.290435921435742,-146.5780417006725,17,2
2012-03-09 14:53:00.727476+00:00,15.63,32.63,40.0,2537.1159908345453,14.02597105050097,-147.10697144254203,17,2
2012-03-09 14:56:00.727476+00:00,16.45,34.27,40.0,2036.3279412944903,13.767976518570295,-147.6229605064034,18,2
2012-03-09 14:57:00.727476+00:00,17.13,35.61,40.0,1836.861137807052,13.362863084921552,-148.4331873737009,18,2
2012-03-09 14:58:00.727476+00:00,17.25,35.84,40.0,1638.5402037599297,13.532678357981066,-148.09355682758186,17,2
2012-03-09 14:59:00.727476+00:00,17.2,35.75,40.0,1638.5402037599297,13.532678357981066,-148.09355682758186,19,3
2012-03-09 15:00:00.727476+00:00,17.25,35.84,40.0,1638.5402037599297,13.532678357981066,-148.09355682758186,21,2
2012-03-09 15:01:00.727476+00:00,17.39,36.13,40.0,2048.487751174798,13.346822628034015,-148.46526828747596,22,2
2012-03-09 15:02:00.727476+00:00,17.54,36.42,40.0,2332.68734392653,13.64812371888134,-147.86266610578133,22,2
2012-03-09 15:03:00.727476+00:00,17.3,35.94,40.0,2376.298430387814,13.72028451636391,-147.71834451081617,22,2
2012-03-09 15:04:00.727476+00:00,17.34,36.03,40.0,2333.543741557396,13.676999952946202,-147.80491363765157,21,3
2012-03-09 15:05:00.727476+00:00,17.54,36.42,40.0,2577.4266646481574,13.763569079781616,-147.63177538398077,21,2
2012-03-09 15:06:00.727476+00:00,17.66,36.66,40.0,2780.161613522303,14.002488950843569,-147.15393564185686,22,2
2012-03-09 15:07:00.727476+00:00,17.56,36.47,40.0,2943.508450657191,13.890987632189452,-147.37693827916507,22,2
2012-03-09 15:08:00.727476+00:00,17.54,36.42,40.0,2943.508450657191,13.890987632189452,-147.37693827916507,22,2
2012-03-09 15:09:00.727476+00:00,17.71,36.76,40.0,2943.508450657191,13.890987632189452,-147.37693827916507,22,2
2012-03-09 15:10:00.727476+00:00,17.78,36.9,40.0,2887.677088760826,13.890987632189452,-147.37693827916507,22,2
2012-03-09 15:11:00.727476+00:00,17.76,36.86,40.0,2904.1203389179345,14.018406184597287,-147.1221011743494,19,2
2012-03-09 15:12:00.727476+00:00,17.68,36.71,40.0,2871.233838603717,14.018406184597287,-147.1221011743494,17,3
2012-03-09 15:13:00.727476+00:00,18.03,37.4,40.0,2887.677088760826,14.195460738636571,-146.76799206627084,16,2
2012-03-09 15:14:00.727476+00:00,18.03,37.4,40.0,2887.677088760826,14.195460738636571,-146.76799206627084,16,2
2012-03-09 15:18:00.727476+00:00,18.23,37.8,40.0,2871.233838603717,14.461349965760988,-146.236213612022,15,2
2012-03-09 15:19:00.727476+00:00,8.99,19.33,29.38,2871.233838603717,14.556415055541107,-146.04608343246178,15,2
2012-03-09 15:20:00.727476+00:00,9.04,19.42,29.52,3284.240944550432,14.598051374510185,-145.96281079452362,16,2
2012-03-09 15:21:00.727476+00:00,9.17,19.67,29.9,2708.7426280623413,14.171384480238864,-146.81614458306626,18,2
2012-03-09 15:22:00.727476+00:00,8.92,19.17,29.14,2652.7344386706577,13.950662161862828,-147.25758921981833,21,2
2012-03-09 15:23:00.727476+00:00,8.89,19.11,29.05,2642.128709328201,13.93933516329249,-147.280243216959,22,2
2012-03-09 15:24:00.727476+00:00,8.93,19.2,29.19,2631.522979985744,13.950662161862828,-147.25758921981833,23,3
2012-03-09 15:25:00.727476+00:00,8.89,19.11,29.05,2631.522979985744,13.950662161862828,-147.25758921981833,23,2
2012-03-09 15:26:00.727476+00:00,8.79,18.92,28.76,2436.427351332684,14.047769458696996,-147.06337462615,23,2
2012-03-09 15:27:00.727476+00:00,8.7,18.73,28.48,2436.427351332684,14.047769458696996,-147.06337462615,23,3
2012-03-09 15:28:00.727476+00:00,8.64,18.6,28.29,2436.427351332684,14.047769458696996,-147.06337462615,23,2
2012-03-09 15:29:00.727476+00:00,8.61,18.54,28.19,2434.333984926492,13.958144054107722,-147.2426254353285,24,3
2012-03-09 15:30:00.727476+00:00,8.52,18.35,27.91,2436.427351332684,14.047769458696996,-147.06337462615,23,2
2012-03-09 15:31:00.727476+00:00,8.42,18.16,27.63,2824.488286555936,14.3485054335196,-146.4619026765048,22,2
2012-03-09 15:32:00.727476+00:00,8.3,17.91,27.25,3216.735954591572,14.649241408342204,-145.8604307268596,19,2
2012-03-09 15:33:00.727476+00:00,8.44,18.2,27.67,3216.735954591572,14.649241408342204,-145.8604307268596,17,3
2012-03-09 15:34:00.727476+00:00,8.75,18.82,28.62,2709.9743410735514,14.190045640621513,-146.77882226230096,15,2
2012-03-09 15:35:00.727476+00:00,9.73,20.83,31.64,2562.291969270107,14.118907549659257,-146.9210984442255,16,2
2012-03-09 15:39:00.727476+00:00,10.18,21.74,33.01,2051.012398440161,13.228210609880584,-148.70249232378282,15,3
2012-03-09 15:40:00.727476+00:00,10.25,21.87,33.2,1712.3462974992517,12.944033698384718,-149.27084614677457,16,2
2012-03-09 15:41:00.727476+00:00,10.26,21.9,33.25,1465.2982516394195,12.554637523176446,-150.0496384971911,17,2
2012-03-09 15:42:00.727476+00:00,10.28,21.93,33.3,1385.6169377644803,12.554637523176446,-150.0496384971911,19,2
2012-03-09 15:43:00.727476+00:00,10.3,21.96,33.35,1163.6586065301613,12.432148834245568,-150.29461587505284,21,2
2012-03-09 15:45:00.727476+00:00,10.39,22.16,33.65,1087.9420024143246,11.805706838768092,-151.54749986600785,20,3
2012-03-09 15:58:00.727476+00:00,10.69,22.76,34.55,1120.115880270952,11.25582044683772,-152.64727264986857,16,2
2012-03-09 16:00:00.727476+00:00,10.84,23.06,35.0,1120.115880270952,11.23404597262235,-152.6908215982993,18,2
2012-03-09 16:01:00.727476+00:00,10.89,23.16,35.15,1120.115880270952,11.390342304602587,-152.37822893433884,20,2
2012-03-09 16:02:00.727476+00:00,10.94,23.26,35.3,1149.4836380465538,11.45599396627703,-152.24692561098993,23,2
2012-03-09 16:03:00.727476+00:00,11.04,23.47,35.61,1292.9345829185804,11.566891547694013,-152.02513044815595,22,3
2012-03-09 16:04:00.727476+00:00,11.09,23.57,35.76,1484.573523112799,12.20772830711672,-150.74345692931055,22,2
2012-03-09 16:05:00.727476+00:00,11.13,23.64,35.86,1484.573523112799,12.340906129743924,-150.47710128405615,22,2
2012-03-09 16:07:00.727476+00:00,11.23,23.84,36.17,1602.0417884390226,12.443640844791036,-150.2716318539619,22,2
2012-03-09 16:08:00.727476+00:00,11.24,23.87,36.22,1523.9356027446668,12.378328617300248,-150.4022563089435,23,3
2012-03-09 16:09:00.727476+00:00,11.26,23.91,36.27,1602.0417884390226,12.58500041435835,-149.98891271482728,22,2
2012-03-09 16:10:00.727476+00:00,11.28,23.94,36.33,1705.0785424243318,12.657059043593485,-149.84479545635702,22,2
2012-03-09 16:11:00.727476+00:00,11.3,23.98,36.38,1730.0091107152853,12.79167221141645,-149.5755691207111,23,3
2012-03-09 16:12:00.727476+00:00,11.33,24.05,36.48,2123.268292931595,13.011666027964894,-149.13558148761422,20,2
2012-03-09 16:13:00.727476+00:00,11.33,24.05,36.48,2123.268292931595,13.011666027964894,-149.13558148761422,18,2
2012-03-09 16:14:00.727476+00:00,11.36,24.11,36.58,2130.1164912651457,13.011666027964894,-149.13558148761422,16,2
2012-03-09 16:15:00.727476+00:00,11.42,24.22,36.74,2130.1164912651457,13.011666027964894,-149.13558148761422,16,2
2012-03-09 16:16:00.727476+00:00,11.43,24.25,36.79,2130.1164912651457,13.011666027964894,-149.13558148761422,16,2
2012-03-09 16:20:00.727476+00:00,11.47,24.32,36.89,1604.9442625488296,12.328898181960769,-150.50111717962244,16,2
2012-03-09 16:21:00.727476+00:00,11.47,24.32,36.89,1565.9337360295797,12.097457427531248,-150.96399868848147,16,3
2012-03-09 16:22:00.727476+00:00,11.47,24.32,36.89,1447.338604012837,11.995543123389943,-151.16782729676407,18,2
2012-03-09 16:23:00.727476+00:00,11.48,24.35,36.95,1410.7084507628788,11.995543123389943,-151.16782729676407,20,2
2012-03-09 16:24:00.727476+00:00,11.48,24.35,36.95,1334.939875304457,11.958308428935885,-151.24229668567222,22,2
2012-03-09 16:25:00.727476+00:00,11.48,24.35,36.95,1249.3586660637038,11.958308428935885,-151.24229668567222,22,2
2012-03-09 16:40:00.727476+00:00,12.02,25.44,38.57,1413.9028921139368,12.554616414244054,-150.0496807150559,13,2
2012-03-09 16:41:00.727476+00:00,12.06,25.51,38.68,1490.9447089277544,12.6697392965464,-149.81943495045118,12,2
2012-03-09 16:42:00.727476+00:00,12.08,25.55,38.73,1490.9447089277544,12.6697392965464,-149.81943495045118,12,2
2012-03-09 16:50:00.727476+00:00,12.24,25.87,39.22,1218.9978466518023,12.469569732628186,-150.21977407828763,17,2
2012-03-09 16:51:00.727476+00:00,12.24,25.87,39.22,1218.9978466518023,12.009853357719289,-151.13920682810542,19,2
2012-03-09 16:52:00.727476+00:00,12.26,25.9,39.27,1145.2772454747287,11.989922241288898,-151.1790690609662,20,2
2012-03-09 16:53:00.727476+00:00,12.27,25.94,39.32,1059.093586662494,11.92283467480409,-151.31324419393582,20,2
2012-03-09 16:54:00.727476+00:00,12.31,26.01,39.43,1059.093586662494,11.92283467480409,-151.31324419393582,20,2
2012-03-09 16:57:00.727476+00:00,12.42,26.23,39.76,1058.536882059272,11.6366200458054,-151.8856734519332,17,2
2012-03-09 16:59:00.727476+00:00,12.47,26.33,39.92,1058.536882059272,11.6366200458054,-151.8856734519332,13,2
2012-03-09 17:06:00.727476+00:00,12.8,26.99,40.0,1172.9876614731447,12.253200680962834,-150.6525121816183,12,2
2012-03-09 17:09:00.727476+00:00,12.86,27.1,40.0,967.350632110662,11.818615627281828,-151.52168228898032,14,2
2012-03-09 17:16:00.727476+00:00,0.0,0.01,0.02,730.981848077082,11.52140850341105,-152.1160965367219,9,2
2012-03-09 18:58:00.727476+00:00,11.5,24.39,37.0,1400.4138324409282,12.106339587785657,-150.94623436797266,19,2
2012-03-09 18:59:00.727476+00:00,11.54,24.46,37.1,1426.717640456145,12.351185427138006,-150.456542689268,21,2
2012-03-09 19:00:00.727476+00:00,11.55,24.49,37.15,1600.8682043660633,12.67955864287213,-149.79979625779973,21,2
2012-03-09 19:01:00.727476+00:00,11.59,24.56,37.26,1603.7483111055772,12.68604158857601,-149.78683036639197,22,3
2012-03-09 19:02:00.727476+00:00,11.6,24.6,37.31,1720.1854407874084,12.716468402062238,-149.7259767394195,22,2
2012-03-09 19:03:00.727476+00:00,11.62,24.63,37.36,1807.7457637956184,12.716468402062238,-149.7259767394195,20,2
2012-03-09 19:04:00.727476+00:00,11.62,24.63,37.36,1807.7457637956184,12.716468402062238,-149.7259767394195,18,2
2012-03-09 19:05:00.727476+00:00,11.62,24.63,37.36,1807.7457637956184,12.716468402062238,-149.7259767394195,16,2
2012-03-09 19:06:00.727476+00:00,11.42,24.22,36.74,1832.4288947943935,12.740412269844583,-149.6780890038548,15,3
2012-03-09 19:16:00.727476+00:00,11.85,25.09,38.04,1369.3506588893451,13.059397085397729,-149.0401193727485,23,3
2012-03-09 19:17:00.727476+00:00,11.88,25.16,38.15,1466.7432624914134,13.060817855490049,-149.0372778325639,22,2
2012-03-09 19:18:00.727476+00:00,11.9,25.19,38.2,1513.9542161960017,13.060817855490049,-149.0372778325639,22,2
2012-03-09 19:19:00.727476+00:00,11.9,25.19,38.2,1693.502105907933,13.254824639585491,-148.64926426437302,22,2
2012-03-09 19:20:00.727476+00:00,11.9,25.19,38.2,1783.8207918533476,13.595567382955508,-147.967778777633,22,2
2012-03-09 19:21:00.727476+00:00,11.92,25.23,38.26,1848.5660943233188,13.622089254271534,-147.91473503500092,20,3
2012-03-09 19:22:00.727476+00:00,11.92,25.23,38.26,1909.441118540865,13.645110183199243,-147.8686931771455,17,2
2012-03-09 19:23:00.727476+00:00,11.94,25.26,38.31,1931.6646899612444,13.805064277591692,-147.5487849883606,15,2
2012-03-09 19:24:00.727476+00:00,11.94,25.26,38.31,1931.6646899612444,13.805064277591692,-147.5487849883606,13,3
2012-03-09 19:41:00.727476+00:00,12.1,25.58,38.79,1120.0312350131164,12.009705045957944,-151.1395034516281,21,3
2012-03-09 19:48:00.727476+00:00,12.02,25.44,38.57,1374.009965197976,12.272600641491168,-150.61371226056164,23,3
2012-03-09 19:49:00.727476+00:00,12.02,25.44,38.57,1387.3782669635711,12.394612260333467,-150.36968902287705,22,2
2012-03-09 19:50:00.727476+00:00,12.01,25.4,38.52,1395.4001997382145,12.50653675244886,-150.14584003864627,21,2
2012-03-09 19:51:00.727476+00:00,11.99,25.37,38.47,1513.6124070312424,12.520237220411278,-150.11843910272142,21,2
2012-03-09 19:52:00.727476+00:00,11.97,25.33,38.42,1588.691771425229,12.953053477604543,-149.2528065883349,21,3
2012-03-09 19:53:00.727476+00:00,11.95,25.3,38.36,1757.1372393517634,13.14283293634784,-148.87324767084831,20,2
2012-03-09 19:55:00.727476+00:00,11.97,25.33,38.42,2083.6867671017785,13.618491439761732,-147.92193066402052,21,2
2012-03-09 19:56:00.727476+00:00,11.97,25.33,38.42,2956.0605390899877,14.041282526355548,-147.0763484908329,22,2
2012-03-09 19:57:00.727476+00:00,11.97,25.33,38.42,3090.8174546460086,14.122124978162184,-146.9146635872196,22,2
2012-03-09 19:58:00.727476+00:00,11.97,25.33,38.42,3438.8468447529503,14.285988139840796,-146.5869372638624,22,2
2012-03-09 19:59:00.727476+00:00,11.97,25.33,38.42,3446.4220887265906,14.285988139840796,-146.5869372638624,24,3
2012-03-09 20:00:00.727476+00:00,11.99,25.37,38.47,3721.2581764477054,14.425063500484528,-146.30878654257492,24,3
2012-03-09 20:01:00.727476+00:00,11.99,25.37,38.47,3690.571699677521,14.401712873975905,-146.35548779559218,25,2
2012-03-09 20:02:00.727476+00:00,11.99,25.37,38.47,3468.898738547854,14.425063500484528,-146.30878654257492,26,2
2012-03-09 20:03:00.727476+00:00,11.99,25.37,38.47,3330.8372997319857,14.425063500484528,-146.30878654257492,26,4
2012-03-09 20:04:00.727476+00:00,11.97,25.33,38.42,3247.225777418186,14.401712873975905,-146.35548779559218,25,2
2012-03-09 20:05:00.727476+00:00,11.97,25.33,38.42,3136.6018730539718,14.278637806250394,-146.60163793104317,26,3
2012-03-09 20:06:00.727476+00:00,11.95,25.3,38.36,3011.509882269468,14.202901075753257,-146.75311139203745,26,2
2012-03-09 20:07:00.727476+00:00,11.95,25.3,38.36,2981.1357024239164,14.05254931915938,-147.05381490522524,26,3
2012-03-09 20:08:00.727476+00:00,11.94,25.26,38.31,2915.726126518468,14.05254931915938,-147.05381490522524,26,2
2012-03-09 20:09:00.727476+00:00,11.92,25.23,38.26,2734.3278904669096,13.947844872938376,-147.26322379766725,25,2
2012-03-09 20:10:00.727476+00:00,11.9,25.19,38.2,2677.6068501924287,13.880461839112934,-147.39798986531812,26,4
2012-03-09 20:11:00.727476+00:00,11.88,25.16,38.15,2608.3183018759546,13.85540631435498,-147.44810091483404,25,2
2012-03-09 20:12:00.727476+00:00,11.87,25.12,38.1,2529.809954604316,13.77442265175237,-147.61006824003923,22,3
2012-03-09 20:13:00.727476+00:00,11.87,25.12,38.1,2370.1801447088583,13.623141681687578,-147.91263018016883,22,2
2012-03-09 20:14:00.727476+00:00,11.85,25.09,38.04,2256.411005038507,13.420284314588836,-148.31834491436632,22,2
2012-03-09 20:15:00.727476+00:00,11.81,25.02,37.94,2083.568837178242,13.290837445670787,-148.57723865220242,21,3
2012-03-09 20:18:00.727476+00:00,11.71,24.81,37.62,2060.83601465008,13.05199150496044,-149.05493053362312,20,3
2012-03-09 20:19:00.727476+00:00,11.67,24.74,37.52,2026.98675781336,13.05199150496044,-149.05493053362312,20,2
2012-03-09 20:20:00.727476+00:00,11.67,24.74,37.52,1921.91561188486,12.957356299263672,-149.24420094501664,20,2
2012-03-09 20:21:00.727476+00:00,11.66,24.7,37.47,1927.6721232639425,12.891320553755014,-149.37627243603396,20,2
2012-03-09 20:22:00.727476+00:00,11.66,24.7,37.47,1972.0205650975315,12.934603027206492,-149.289707489131,22,3
2012-03-09 20:23:00.727476+00:00,11.69,24.77,37.57,1993.6881370004037,12.95997502335104,-149.2389634968419,21,2
2012-03-09 20:24:00.727476+00:00,11.66,24.7,37.47,1972.0205650975315,12.934603027206492,-149.289707489131,22,2
2012-03-09 20:25:00.727476+00:00,11.67,24.74,37.52,1949.3396951668144,12.872216280187942,-149.41448098316812,22,3
2012-03-09 20:26:00.727476+00:00,11.69,24.77,37.57,1870.0844205570704,12.75506081669241,-149.64879191015916,22,2
2012-03-09 20:27:00.727476+00:00,11.69,24.77,37.57,1682.760497081889,12.575140231122932,-150.00863308129811,22,2
2012-03-09 20:28:00.727476+00:00,11.69,24.77,37.57,1632.6702636632394,12.453464214344033,-150.25198511485593,22,2
2012-03-09 20:29:00.727476+00:00,11.67,24.74,37.52,1608.720306304737,12.371160923198008,-150.41659169714796,22,2
2012-03-09 20:30:00.727476+00:00,11.67,24.74,37.52,1473.3790900013084,12.293420968186622,-150.57207160717076,21,2
2012-03-09 20:32:00.727476+00:00,11.69,24.77,37.57,1344.2458591013212,12.228932266918685,-150.70104900970662,17,2
2012-03-09 21:04:00.727476+00:00,11.3,23.98,36.38,1163.3805728347138,12.443448150695128,-150.27201724215374,22,2
2012-03-09 21:05:00.727476+00:00,11.28,23.94,36.33,1223.8910537658428,12.54029330482392,-150.07832693389614,23,3
2012-03-09 21:06:00.727476+00:00,11.24,23.87,36.22,1223.8910537658428,12.709043582082309,-149.74082637937937,23,2
2012-03-09 21:07:00.727476+00:00,11.21,23.81,36.12,1280.6084923147832,12.816428792841467,-149.52605595786105,22,2
2012-03-09 21:09:00.727476+00:00,11.18,23.74,36.02,1423.560415422662,13.22208987991514,-148.7147337837137,23,3
2012-03-09 21:10:00.727476+00:00,11.18,23.74,36.02,1423.560415422662,13.22208987991514,-148.7147337837137,21,2
2012-03-09 21:11:00.727476+00:00,11.18,23.74,36.02,1335.0406375311486,13.033416757935155,-149.09208002767366,18,2
2012-03-09 21:12:00.727476+00:00,11.18,23.74,36.02,1423.560415422662,12.917474031026943,-149.3239654814901,17,2
2012-03-09 21:13:00.727476+00:00,11.19,23.77,36.07,1472.894655146788,12.917474031026943,-149.3239654814901,17,3
2012-03-09 21:17:00.727476+00:00,11.26,23.91,36.27,1377.6672780463523,12.748946754461269,-149.66102003462146,18,2
2012-03-09 21:18:00.727476+00:00,11.28,23.94,36.33,1335.8856924485617,12.72481706148777,-149.70927942056844,17,3
2012-03-09 21:22:00.727476+00:00,11.23,23.84,36.17,1208.2769095401509,12.085626993433785,-150.98765955667642,23,3
2012-03-09 21:23:00.727476+00:00,11.19,23.77,36.07,1282.6449573598295,12.46078551574179,-150.23734251206042,24,2
2012-03-09 21:24:00.727476+00:00,11.18,23.74,36.02,1357.0130051795086,12.57438228077596,-150.01014898199207,23,3
2012-03-09 21:25:00.727476+00:00,11.14,23.67,35.92,1357.0130051795086,12.347986868250294,-150.4629398070434,23,2
2012-03-09 21:26:00.727476+00:00,11.13,23.64,35.86,1280.1908657937604,12.34718875070762,-150.46453604212874,23,2
2012-03-09 21:27:00.727476+00:00,11.08,23.53,35.71,1280.1908657937604,12.281642873028192,-150.59562779748762,23,2
2012-03-09 21:29:00.727476+00:00,11.06,23.5,35.66,1246.01989336747,12.230571668744544,-150.6977702060549,24,2
2012-03-09 21:31:00.727476+00:00,11.04,23.47,35.61,1105.5495916717489,12.158912692061572,-150.84108815942085,24,3
2012-03-09 21:40:00.727476+00:00,11.24,23.87,36.22,779.4674981434595,11.427903418174113,-152.30310670719578,19,2
2012-03-09 22:28:00.727476+00:00,11.18,23.74,36.02,1886.453289491449,13.032278744092643,-149.09435605535867,18,2
2012-03-09 22:29:00.727476+00:00,11.16,23.7,35.97,1886.453289491449,13.032278744092643,-149.09435605535867,20,2
2012-03-09 22:30:00.727476+00:00,11.23,23.84,36.17,1950.259431280365,13.095566789480586,-148.9677799645828,21,2
2012-03-09 22:31:00.727476+00:00,11.21,23.81,36.12,1920.1995751471604,13.081538603587354,-148.99583633636928,22,3
2012-03-09 22:32:00.727476+00:00,11.18,23.74,36.02,1955.14467763474,13.19326156951807,-148.77239040450783,22,3
2012-03-09 22:33:00.727476+00:00,11.14,23.67,35.92,1960.0299239891149,13.290956349555554,-148.57700084443286,23,2
2012-03-09 22:34:00.727476+00:00,11.14,23.67,35.92,1919.0481285613248,13.235304721434488,-148.688304100675,24,2
2012-03-09 22:35:00.727476+00:00,11.14,23.67,35.92,1789.5749429713392,13.137609941397002,-148.88369366074997,24,2
2012-03-09 22:36:00.727476+00:00,11.14,23.67,35.92,1728.970141295547,13.054659816035125,-149.04959391147372,24,3
2012-03-09 22:37:00.727476+00:00,11.14,23.67,35.92,1533.655359096951,13.01715436030567,-149.12460482293267,23,2
2012-03-09 22:38:00.727476+00:00,11.14,23.67,35.92,1486.2713157682797,12.76980821950627,-149.61929710453146,23,2
2012-03-09 22:39:00.727476+00:00,11.16,23.7,35.97,1401.6917271638897,12.743694835648563,-149.6715238722469,22,3
2012-03-09 22:40:00.727476+00:00,11.11,23.6,35.81,1347.910923217635,12.68310868973056,-149.79269616408288,20,2
2012-03-09 22:47:00.727476+00:00,11.24,23.87,36.22,1817.935350399072,12.634725042261104,-149.88946345902178,14,3
2012-03-09 22:48:00.727476+00:00,11.26,23.91,36.27,1931.077221293662,12.833487751197698,-149.4919380411486,15,2
2012-03-09 22:51:00.727476+00:00,11.26,23.91,36.27,2112.1073195929944,12.833487751197698,-149.4919380411486,21,2
2012-03-09 22:52:00.727476+00:00,11.28,23.94,36.33,2152.706080771002,12.833487751197698,-149.4919380411486,21,3
2012-03-09 22:53:00.727476+00:00,11.28,23.94,36.33,2426.05794557388,12.759018030897122,-149.64087748174973,21,2
2012-03-09 22:54:00.727476+00:00,11.28,23.94,36.33,2330.4837219030724,12.79625289104741,-149.56640776144917,22,2
2012-03-09 22:55:00.727476+00:00,11.28,23.94,36.33,2178.033559524561,12.79625289104741,-149.56640776144917,24,2
2012-03-09 22:56:00.727476+00:00,11.28,23.94,36.33,2121.1576208168563,12.707357412605203,-149.7441987183336,25,4
2012-03-09 22:57:00.727476+00:00,11.26,23.91,36.27,2012.389451074645,12.69657244138508,-149.76576866077383,26,2
2012-03-09 22:58:00.727476+00:00,11.24,23.87,36.22,1866.738171141168,12.5437170786689,-150.0714793862062,26,2
2012-03-09 22:59:00.727476+00:00,11.24,23.87,36.22,1673.3436155418935,12.483894241759486,-150.191125060025,26,3
2012-03-09 23:00:00.727476+00:00,11.24,23.87,36.22,1553.2911646753787,12.419076880961624,-150.32075978162075,27,3
2012-03-09 23:02:00.727476+00:00,11.19,23.77,36.07,1452.9590657614494,12.412719031324214,-150.33347548089557,24,2
2012-03-09 23:04:00.727476+00:00,11.09,23.57,35.76,1431.634241074882,12.419076880961624,-150.32075978162075,23,2
2012-03-09 23:07:00.727476+00:00,11.11,23.6,35.81,1489.0785860506676,12.406361181686805,-150.3461911801704,23,2
2012-03-09 23:10:00.727476+00:00,11.08,23.53,35.71,1492.4063310945876,12.682067372973256,-149.79477879759747,21,2
2012-03-09 23:11:00.727476+00:00,11.06,23.5,35.66,1490.7424585726276,12.72968275030044,-149.6995480429431,22,4
2012-03-09 23:12:00.727476+00:00,11.09,23.57,35.76,1406.034023138012,12.714196757201686,-149.73052002914062,23,2
2012-03-09 23:14:00.727476+00:00,11.11,23.6,35.81,1301.624943193121,12.682067372973256,-149.79477879759747,23,2
2012-03-09 23:26:00.727476+00:00,10.76,22.89,34.75,1339.2242753168737,12.625289007058466,-149.90833552942706,25,4
2012-03-09 23:27:00.727476+00:00,10.61,22.59,34.3,1367.6124938271505,12.788967962098106,-149.58097761934778,26,3
2012-03-09 23:29:00.727476+00:00,10.28,21.93,33.3,1575.5374843073705,13.156999970203856,-148.84491360313626,26,2
2012-03-09 23:30:00.727476+00:00,10.2,21.77,33.05,1897.461967685775,13.284229346140911,-148.59045485126217,26,2
2012-03-09 23:31:00.727476+00:00,10.53,22.43,34.05,2194.499232722112,13.309728845921056,-148.53945585170186,25,3
2012-03-09 23:32:00.727476+00:00,10.56,22.49,34.15,2533.224537041201,13.472732348555814,-148.21344884643236,24,4
2012-03-09 23:33:00.727476+00:00,10.64,22.66,34.4,2734.8423083568373,13.731714175914757,-147.69548519171445,22,2
2012-03-09 23:34:00.727476+00:00,10.74,22.86,34.7,2734.8423083568373,13.562054951041286,-148.0348036414614,24,2
2012-03-09 23:35:00.727476+00:00,10.79,22.96,34.85,2724.699138785126,13.493296603527476,-148.17232033648904,25,3
2012-03-09 23:36:00.727476+00:00,10.86,23.09,35.05,2397.313441986313,13.42928222935226,-148.30034908483947,25,2
2012-03-09 23:37:00.727476+00:00,10.92,23.23,35.25,2222.041648247767,13.39302556246048,-148.37286241862304,23,2
2012-03-09 23:39:00.727476+00:00,11.08,23.53,35.71,2208.27044048494,13.41115389590637,-148.33660575173127,24,4
2012-03-09 23:40:00.727476+00:00,11.13,23.64,35.86,2185.744637328976,13.34037701955107,-148.47815950444186,24,2
2012-03-09 23:41:00.727476+00:00,11.01,23.4,35.51,2120.745804072684,13.34037701955107,-148.47815950444186,24,2
2012-03-09 23:42:00.727476+00:00,10.97,23.33,35.41,2087.33318719364,13.20947450965496,-148.73996452423407,25,3
2012-03-09 23:43:00.727476+00:00,18.75,38.82,40.0,2089.688584464411,13.24860149314831,-148.66171055724735,26,3
2012-03-09 23:44:00.727476+00:00,19.34,39.99,40.0,2087.33318719364,13.28772847664166,-148.58345659026068,27,3
2012-03-09 23:46:00.727476+00:00,3.51,7.83,11.97,3346.283414172509,14.410279117371,-146.338355308802,23,4
2012-03-09 23:47:00.727476+00:00,3.49,7.79,11.91,3409.3867964608157,14.410279117371,-146.338355308802,23,2
2012-03-09 23:48:00.727476+00:00,3.49,7.79,11.91,3377.835105316662,14.33672675225676,-146.48546003903047,22,3
2012-03-09 23:49:00.727476+00:00,10.79,22.96,34.85,2890.642575673633,13.860478728730069,-147.43795608608386,21,3
2012-03-09 23:52:00.727476+00:00,10.86,23.09,35.05,2259.489681488686,12.991177153423248,-149.17655923669747,20,2
2012-03-09 23:53:00.727476+00:00,10.91,23.2,35.2,1722.4292511391052,12.620060061416014,-149.91879342071198,19,2
2012-03-09 23:54:00.727476+00:00,10.92,23.23,35.25,1548.2975467685137,12.010991412255173,-151.13693071903364,17,2
2012-03-09 23:55:00.727476+00:00,10.92,23.23,35.25,1355.288026771844,11.805193131559184,-151.54852728042562,17,3
2012-03-09 23:56:00.727476+00:00,10.92,23.23,35.25,1355.288026771844,11.805193131559184,-151.54852728042562,17,2
2012-03-09 23:57:00.727476+00:00,10.91,23.2,35.2,1102.28916706439,11.673438886800342,-151.8120357699433,15,2
2012-03-09 23:59:00.727476+00:00,10.89,23.16,35.15,1006.6749954549176,11.097666625432597,-152.9635802926788,11,2
2012-03-10 00:55:00.727793+00:00,12.45,26.3,39.87,1049.6135596635272,12.003603892226176,-147.06595615990574,23,3
2012-03-10 00:56:00.727793+00:00,12.45,26.3,39.87,1395.8405867995134,12.557388513636951,-145.95838691708417,24,3
2012-03-10 00:57:00.727793+00:00,12.29,25.97,39.38,1457.928892605178,12.591102566946963,-145.89095881046416,24,2
2012-03-10 00:58:00.727793+00:00,12.29,25.97,39.38,1523.7258027833443,12.67216782390367,-145.72882829655074,24,2
2012-03-10 00:59:00.727793+00:00,12.27,25.94,39.32,1480.75764270342,12.594110256891174,-145.88494343057573,25,2
2012-03-10 01:00:00.727793+00:00,12.2,25.79,39.11,1425.094470791882,12.558697801020251,-145.95576834231758,26,2
2012-03-10 01:01:00.727793+00:00,10.39,22.16,33.65,1415.088799076828,12.529300725037745,-146.0145624942826,25,2
2012-03-10 01:02:00.727793+00:00,10.33,22.03,33.45,1415.088799076828,12.526682150271144,-146.0197996438158,25,4
2012-03-10 01:05:00.727793+00:00,10.25,21.87,33.2,1231.0231690567368,12.135437461152394,-146.80228902205332,27,4
2012-03-10 01:06:00.727793+00:00,10.28,21.93,33.3,1209.326421998164,12.053338849546362,-146.96648624526537,26,2
2012-03-10 01:07:00.727793+00:00,10.25,21.87,33.2,1181.9747597924777,12.053160663532836,-146.96684261729243,27,3
2012-03-10 01:09:00.727793+00:00,10.26,21.9,33.25,1238.032087368822,12.302847348558508,-146.46746924724107,26,2
2012-03-10 01:10:00.727793+00:00,10.26,21.9,33.25,1320.4081428029758,12.37707378612043,-146.31901637211723,25,2
2012-03-10 01:11:00.727793+00:00,10.33,22.03,33.45,1328.0641713241946,12.713965125040149,-145.6452336942778,24,3
2012-03-10 01:12:00.727793+00:00,10.38,22.13,33.6,1414.096863855043,13.065466738049125,-144.94223046825982,24,2
2012-03-10 01:13:00.727793+00:00,10.41,22.2,33.7,1445.127782611849,13.080077012138382,-144.91300992008132,23,2
2012-03-10 01:14:00.727793+00:00,10.43,22.23,33.75,1445.127782611849,13.080077012138382,-144.91300992008132,23,3
2012-03-10 01:15:00.727793+00:00,10.49,22.36,33.95,1445.127782611849,13.1141030808622,-144.84495778263368,23,2
2012-03-10 01:16:00.727793+00:00,10.53,22.43,34.05,1359.156390857812,12.98476612448506,-145.10363169538795,24,2
2012-03-10 01:17:00.727793+00:00,10.54,22.46,34.1,1273.1849991037752,12.818619973560953,-145.4359239972362,23,3
2012-03-10 01:18:00.727793+00:00,10.54,22.46,34.1,1263.2378251004534,12.803250927432094,-145.46666208949392,22,2
2012-03-10 01:19:00.727793+00:00,10.61,22.59,34.3,1253.2906510971318,12.787881881303235,-145.49740018175163,19,2
2012-03-10 01:20:00.727793+00:00,10.64,22.66,34.4,1253.2906510971318,12.787881881303235,-145.49740018175163,19,3
2012-03-10 01:25:00.727793+00:00,10.79,22.96,34.85,1198.859079798706,12.592335989950604,-145.88849196445688,20,3
2012-03-10 01:26:00.727793+00:00,10.91,23.2,35.2,1144.4275085002805,12.396790098597972,-146.27958374716215,19,2
2012-03-10 01:27:00.727793+00:00,10.97,23.33,35.41,1273.1812850665965,12.851902228833245,-145.3693594866916,19,2
2012-03-10 01:28:00.727793+00:00,10.87,23.13,35.1,1331.6530551469443,13.01999772849073,-145.03316848737663,21,2
2012-03-10 01:30:00.727793+00:00,10.86,23.09,35.05,1302.4171701067703,13.0319588062705,-145.0092463318171,24,2
2012-03-10 01:31:00.727793+00:00,10.77,22.93,34.8,1331.6530551469443,13.04391988405027,-144.98532417625756,23,2
2012-03-10 01:33:00.727793+00:00,0.0,0.01,0.02,1273.1812850665965,12.908611824057212,-145.25594029624366,25,2
2012-03-10 01:35:00.727793+00:00,10.05,21.47,32.61,1237.5892953028629,12.818084160061607,-145.43699562423487,25,3
2012-03-10 01:37:00.727793+00:00,9.92,21.21,32.22,1126.5813671153155,12.611514782257004,-145.8501343798441,26,4
2012-03-10 01:38:00.727793+00:00,9.88,21.12,32.07,1107.7007092412543,12.595609450985366,-145.88194504238737,23,2
2012-03-10 01:40:00.727793+00:00,9.89,21.15,32.12,1223.7146285909312,12.611514782257004,-145.8501343798441,22,2
2012-03-10 01:44:00.727793+00:00,9.88,21.12,32.07,1643.4339824503656,12.627420113528643,-145.8183237173008,21,2
2012-03-10 01:45:00.727793+00:00,9.91,21.18,32.17,1926.1526685359045,12.6806272616378,-145.7119094210825,20,3
2012-03-10 01:47:00.727793+00:00,9.89,21.15,32.12,2012.698310564443,12.85244694420979,-145.36827005593852,20,2
2012-03-10 01:48:00.727793+00:00,9.89,21.15,32.12,1951.8419073438145,12.733834409746958,-145.60549512486418,23,3
2012-03-10 01:49:00.727793+00:00,9.86,21.08,32.03,1909.7955754480024,12.69991956873872,-145.67332480688063,23,2
2012-03-10 01:50:00.727793+00:00,9.88,21.12,32.07,1900.4634297279945,12.59047800730978,-145.89220792973853,23,3
2012-03-10 01:51:00.727793+00:00,9.91,21.18,32.17,1759.9445491012236,12.59047800730978,-145.89220792973853,23,2
2012-03-10 01:52:00.727793+00:00,9.99,21.34,32.42,1659.2788740174967,12.574267024268638,-145.92462989582083,23,2
2012-03-10 01:53:00.727793+00:00,9.96,21.28,32.32,1588.5686916828213,12.524724301396056,-146.02371534156595,22,3
2012-03-10 01:55:00.727793+00:00,10.09,21.54,32.71,1584.426874242571,12.524724301396056,-146.02371534156595,22,3
2012-03-10 01:57:00.727793+00:00,10.23,21.83,33.15,1493.3175727472824,12.502622997184387,-146.0679179499893,22,2
2012-03-10 01:58:00.727793+00:00,10.28,21.93,33.3,1491.9595795325815,12.495870904143834,-146.08142213607042,21,2
2012-03-10 01:59:00.727793+00:00,10.25,21.87,33.2,1502.8452920953669,12.610406378521382,-145.85235118731532,22,2
2012-03-10 02:00:00.727793+00:00,10.18,21.74,33.01,1493.3175727472824,12.59857693152192,-145.87601008131423,22,2
2012-03-10 02:01:00.727793+00:00,10.28,21.93,33.3,1494.6755659619832,12.701282958900006,-145.67059802655808,21,3
2012-03-10 02:02:00.727793+00:00,10.28,21.93,33.3,1494.6755659619832,12.701282958900006,-145.67059802655808,23,2
2012-03-10 02:03:00.727793+00:00,10.35,22.06,33.5,1491.9595795325815,12.701282958900006,-145.67059802655808,23,2
2012-03-10 02:04:00.727793+00:00,10.35,22.06,33.5,1462.6733043815766,12.583670014272077,-145.90582391581393,24,3
2012-03-10 02:05:00.727793+00:00,10.3,21.96,33.35,1462.6733043815766,12.583670014272077,-145.90582391581393,24,2
2012-03-10 02:06:00.727793+00:00,10.23,21.83,33.15,1462.6733043815766,12.583670014272077,-145.90582391581393,24,3
2012-03-10 02:07:00.727793+00:00,10.28,21.93,33.3,1453.012514601572,12.475685550261664,-146.12179284383475,22,2
2012-03-10 02:08:00.727793+00:00,10.28,21.93,33.3,1470.6758954414463,12.701282958900006,-145.67059802655808,23,2
2012-03-10 02:10:00.727793+00:00,10.43,22.23,33.75,1512.674119643225,12.744210442722231,-145.58474305891363,21,2
2012-03-10 02:11:00.727793+00:00,10.25,21.87,33.2,1551.3531497888089,12.759796339435736,-145.5535712654866,20,2
2012-03-10 02:12:00.727793+00:00,10.1,21.57,32.76,1617.2015050778027,12.77538223614924,-145.5223994720596,19,2
2012-03-10 02:13:00.727793+00:00,10.01,21.38,32.47,1692.1840148304564,12.77538223614924,-145.5223994720596,19,2
2012-03-10 02:14:00.727793+00:00,9.94,21.25,32.27,1847.5226996344068,12.792734971325832,-145.48769400170642,18,2
2012-03-10 02:16:00.727793+00:00,9.83,21.02,31.93,2011.3253964007868,13.0405746120287,-144.9920147203007,19,2
2012-03-10 02:17:00.727793+00:00,9.83,21.02,31.93,2011.51570760659,13.144818384068918,-144.78352717622025,20,2
2012-03-10 02:18:00.727793+00:00,9.8,20.95,31.83,2118.3908971148708,13.381683222508896,-144.30979749934028,20,2
2012-03-10 02:19:00.727793+00:00,9.78,20.92,31.78,2220.7331882203207,13.381683222508896,-144.30979749934028,20,3
2012-03-10 02:20:00.727793+00:00,9.73,20.83,31.64,2316.368263785026,13.5142015505766,-144.0447608432049,21,2
2012-03-10 02:21:00.727793+00:00,9.72,20.79,31.59,2044.588625906259,13.249164894441192,-144.57483415547568,23,2
2012-03-10 02:22:00.727793+00:00,9.69,20.73,31.49,2084.8433692809376,13.379482182420611,-144.31419957951684,22,2
2012-03-10 02:23:00.727793+00:00,9.65,20.66,31.39,2044.588625906259,13.249164894441192,-144.57483415547568,21,3
2012-03-10 02:24:00.727793+00:00,9.64,20.63,31.35,2044.588625906259,13.249164894441192,-144.57483415547568,19,2
2012-03-10 02:25:00.727793+00:00,9.62,20.6,31.3,2044.588625906259,13.687706311170713,-143.69775132201667,19,2
2012-03-10 02:26:00.727793+00:00,9.62,20.6,31.3,2044.588625906259,13.730487721135882,-143.61218850208633,19,3
2012-03-10 02:30:00.727793+00:00,9.53,20.41,31.01,2044.0444073177423,13.827557418160833,-143.41804910803643,20,3
2012-03-10 02:31:00.727793+00:00,28.07,40.0,40.0,2530.5541505132646,13.98429353987362,-143.10457686461086,19,2
2012-03-10 02:32:00.727793+00:00,17.78,36.9,40.0,2210.01085268066,14.272469953953609,-142.5282240364509,20,3
2012-03-10 02:33:00.727793+00:00,17.76,36.86,40.0,2210.01085268066,14.272469953953609,-142.5282240364509,22,2
2012-03-10 02:34:00.727793+00:00,18.93,39.19,40.0,2210.01085268066,14.272469953953609,-142.5282240364509,24,2
2012-03-10 02:35:00.727793+00:00,18.93,39.19,40.0,2043.5001887292256,13.98429353987362,-143.10457686461086,23,3
2012-03-10 02:36:00.727793+00:00,18.93,39.19,40.0,2052.143046887603,13.98429353987362,-143.10457686461086,23,2
2012-03-10 02:37:00.727793+00:00,19.04,39.4,40.0,2214.332281759848,14.102567874512651,-142.86802819533278,24,3
2012-03-10 02:38:00.727793+00:00,13.65,28.69,40.0,2376.521516632094,14.431634402365097,-142.2098951396279,23,2
2012-03-10 02:39:00.727793+00:00,13.65,28.69,40.0,2376.521516632094,14.431634402365097,-142.2098951396279,23,2
2012-03-10 02:40:00.727793+00:00,13.65,28.69,40.0,2214.332281759848,14.006411302635486,-143.06034133908713,22,2
2012-03-10 02:41:00.727793+00:00,13.65,28.69,40.0,2214.332281759848,14.006411302635486,-143.06034133908713,22,2
2012-03-10 02:42:00.727793+00:00,6.21,13.58,20.7,2080.537041107011,13.773501346660208,-143.52616125103768,23,3
2012-03-10 02:43:00.727793+00:00,5.72,12.56,19.15,2308.300683513068,14.006411302635486,-143.06034133908713,22,2
2012-03-10 02:44:00.727793+00:00,10.33,22.03,33.45,2069.9818051806706,13.722675133572956,-143.62781367721217,22,2
2012-03-10 02:45:00.727793+00:00,10.3,21.96,33.35,2069.9818051806706,13.690464287332611,-143.69223536969287,22,2
2012-03-10 02:46:00.727793+00:00,10.3,21.96,33.35,2308.300683513068,13.974200456395144,-143.1247630315678,22,3
2012-03-10 02:47:00.727793+00:00,10.23,21.83,33.15,2536.064325919125,14.239321258610763,-142.59452142713656,21,2
2012-03-10 02:48:00.727793+00:00,10.25,21.87,33.2,2738.0531128668363,14.442294429080944,-142.1885750861962,21,2
2012-03-10 02:49:00.727793+00:00,10.23,21.83,33.15,2738.0531128668363,14.636487191702969,-141.80018956095213,21,2
2012-03-10 02:50:00.727793+00:00,10.2,21.77,33.05,3079.5566294384407,14.643592902175223,-141.7859781400076,22,2
2012-03-10 02:51:00.727793+00:00,10.17,21.7,32.96,3390.754225286427,14.653104597088962,-141.76695475018016,22,2
2012-03-10 02:52:00.727793+00:00,10.1,21.57,32.76,3564.465380248764,14.655510581530448,-141.7621427812972,21,2
2012-03-10 02:53:00.727793+00:00,7.79,16.86,25.66,3626.894800718172,14.951468889982555,-141.17022616439297,22,2
2012-03-10 02:54:00.727793+00:00,7.83,16.95,25.8,3737.454240816557,15.36744797290476,-140.3382679985486,22,3
2012-03-10 02:55:00.727793+00:00,7.83,16.95,25.8,3737.454240816557,15.354801768925151,-140.3635604065078,22,2
2012-03-10 02:56:00.727793+00:00,8.01,17.32,26.36,3737.454240816557,15.228345515282872,-140.61647291379234,22,2
2012-03-10 02:57:00.727793+00:00,7.88,17.04,25.94,3660.307689601597,15.128724461949046,-140.81571502046,23,2
2012-03-10 02:58:00.727793+00:00,7.56,16.39,24.95,3660.307689601597,15.128724461949046,-140.81571502046,23,3
2012-03-10 02:59:00.727793+00:00,14.46,30.3,40.0,3626.894800718172,14.834341097066137,-141.4044817502258,22,2
2012-03-10 03:00:00.727793+00:00,14.48,30.34,40.0,3464.814705015038,14.661382467985572,-141.75039900838695,21,2
2012-03-10 03:01:00.727793+00:00,7.61,16.49,25.09,3360.287707092103,14.657460679284046,-141.75824258579,21,3
2012-03-10 03:02:00.727793+00:00,10.38,22.13,33.6,2963.484990227113,14.524341993850877,-142.02447995665634,21,2
2012-03-10 03:03:00.727793+00:00,10.44,22.26,33.8,2697.53314100564,14.257803729053194,-142.5575564862517,20,2
2012-03-10 03:05:00.727793+00:00,10.53,22.43,34.05,2060.102655829867,13.579606047462848,-143.9139518494324,20,2
2012-03-10 03:06:00.727793+00:00,10.49,22.36,33.95,1591.432723625392,13.339802782331072,-144.39355837969595,20,3
2012-03-10 03:11:00.727793+00:00,9.91,21.18,32.17,1462.6491014648398,13.32681005586647,-144.41954383262515,21,2
2012-03-10 03:12:00.727793+00:00,9.89,21.15,32.12,1777.187093773868,13.429281561087588,-144.21460082218292,21,2
2012-03-10 03:13:00.727793+00:00,9.89,21.15,32.12,1827.5991106207011,13.601510199418223,-143.87014354552164,21,3
2012-03-10 03:14:00.727793+00:00,9.88,21.12,32.07,2532.1086854022783,14.503281549844978,-142.06660084466813,21,2
2012-03-10 03:15:00.727793+00:00,9.86,21.08,32.03,2544.0282715944486,14.49084776155756,-142.09146842124295,22,2
2012-03-10 03:16:00.727793+00:00,9.84,21.05,31.98,2555.94785778662,14.478413973270143,-142.1163359978178,23,2
2012-03-10 03:17:00.727793+00:00,9.84,21.05,31.98,2555.94785778662,14.39505278020214,-142.2830583839538,23,2
2012-03-10 03:18:00.727793+00:00,9.88,21.12,32.07,2470.274876093571,14.157373521788502,-142.75841690078107,24,2
2012-03-10 03:19:00.727793+00:00,9.84,21.05,31.98,2470.274876093571,14.157373521788502,-142.75841690078107,22,2
2012-03-10 03:20:00.727793+00:00,16.82,35.0,40.0,2408.441066784864,14.094787223730073,-142.88358949689794,23,4
2012-03-10 03:21:00.727793+00:00,17.1,35.56,40.0,2408.441066784864,14.094787223730073,-142.88358949689794,23,2
2012-03-10 03:22:00.727793+00:00,17.08,35.51,40.0,2470.274876093571,14.097926384762768,-142.87731117483256,24,2
2012-03-10 03:23:00.727793+00:00,17.1,35.56,40.0,2537.569485410661,14.097926384762768,-142.87731117483256,24,2
2012-03-10 03:24:00.727793+00:00,17.37,36.08,40.0,2449.0917582758784,13.963486489409105,-143.1461909655399,24,2
2012-03-10 03:25:00.727793+00:00,17.39,36.13,40.0,2607.339303701402,14.113727966206785,-142.8457080119445,24,3
2012-03-10 03:26:00.727793+00:00,9.12,19.58,29.76,2817.5810220458434,14.126390386618109,-142.82038317112188,23,2
2012-03-10 03:27:00.727793+00:00,9.24,19.83,30.14,2723.431554197109,14.15491379896779,-142.7633363464225,24,3
2012-03-10 03:28:00.727793+00:00,9.24,19.83,30.14,2795.31756999999,14.215588343775131,-142.64198725680782,24,3
2012-03-10 03:29:00.727793+00:00,9.26,19.87,30.19,2795.31756999999,14.15491379896779,-142.7633363464225,24,2
2012-03-10 03:30:00.727793+00:00,9.27,19.9,30.24,2555.3282334784326,14.10106554579546,-142.87103285276717,23,2
2012-03-10 03:31:00.727793+00:00,4.11,9.12,13.94,2489.742449766893,13.774321320545278,-143.52452130326753,23,2
2012-03-10 03:32:00.727793+00:00,4.12,9.16,14.0,2151.9838557590933,13.477395080515643,-144.11837378332677,22,3
2012-03-10 03:33:00.727793+00:00,9.35,20.06,30.48,1900.9453187537256,13.477395080515643,-144.11837378332677,22,2
2012-03-10 03:34:00.727793+00:00,9.43,20.22,30.72,1900.9453187537256,13.377328857589928,-144.31850622917824,22,2
2012-03-10 03:35:00.727793+00:00,9.51,20.38,30.96,1900.9453187537256,13.274152077253468,-144.52485978985115,22,2
2012-03-10 03:36:00.727793+00:00,8.39,18.1,27.53,1900.9453187537256,13.186191718436854,-144.70078050748435,22,2
2012-03-10 03:37:00.727793+00:00,8.0,17.29,26.31,2063.226071354557,13.234092582018375,-144.60497878032132,21,2
2012-03-10 03:38:00.727793+00:00,7.97,17.23,26.22,2110.147872485101,13.245293466050942,-144.5825770122562,21,2
2012-03-10 03:39:00.727793+00:00,7.94,17.17,26.12,2179.4210358795563,13.4429105341231,-144.18734287611187,22,2
2012-03-10 03:40:00.727793+00:00,7.92,17.14,26.08,2451.5043456606354,13.480659029790726,-144.11184588477664,22,3
2012-03-10 03:41:00.727793+00:00,8.03,17.35,26.41,2559.939813061415,13.55166047150229,-143.9698430013535,22,2
2012-03-10 03:42:00.727793+00:00,8.0,17.29,26.31,2596.2109185141694,13.721244762949622,-143.63067441845882,23,2
2012-03-10 03:43:00.727793+00:00,7.95,17.2,26.17,2596.2109185141694,13.721244762949622,-143.63067441845882,23,3
2012-03-10 03:44:00.727793+00:00,7.97,17.23,26.22,2559.939813061415,13.844389965351912,-143.38438401365426,22,2
2012-03-10 03:45:00.727793+00:00,7.92,17.14,26.08,2426.5660530978057,13.789305619509816,-143.49455270533844,21,2
2012-03-10 03:46:00.727793+00:00,9.15,19.64,29.86,2379.33998371261,13.721244762949622,-143.63067441845882,23,3
2012-03-10 03:47:00.727793+00:00,9.2,19.74,30.0,2376.109584311307,13.736552903230164,-143.60005813789775,23,2
2012-03-10 03:48:00.727793+00:00,8.18,17.67,26.87,2376.109584311307,13.736552903230164,-143.60005813789775,23,2
2012-03-10 03:50:00.727793+00:00,8.41,18.13,27.58,2376.109584311307,13.548520777948006,-143.97612238846207,23,3
2012-03-10 03:51:00.727793+00:00,8.16,17.63,26.83,2379.311906752764,13.736552903230164,-143.60005813789775,23,3
2012-03-10 03:52:00.727793+00:00,24.47,40.0,40.0,2385.32663241553,13.753065935310564,-143.56703207373695,22,2
2012-03-10 03:53:00.727793+00:00,24.47,40.0,40.0,2529.7439965706226,13.99287391389316,-143.08741611657177,22,2
2012-03-10 03:54:00.727793+00:00,8.9,19.14,29.09,2736.671797862916,13.99287391389316,-143.08741611657177,22,3
2012-03-10 03:55:00.727793+00:00,8.95,19.23,29.24,3157.96251384004,14.430505294601412,-142.21215335515527,23,2
2012-03-10 03:56:00.727793+00:00,9.01,19.36,29.43,3194.804978629252,14.490865465480937,-142.0914330133962,21,2
2012-03-10 03:57:00.727793+00:00,9.04,19.42,29.52,3194.804978629252,14.430505294601412,-142.21215335515527,21,2
2012-03-10 03:58:00.727793+00:00,9.24,19.83,30.14,3194.804978629252,14.26799766596433,-142.5371686124294,21,2
2012-03-10 03:59:00.727793+00:00,9.21,19.77,30.05,2392.475590094124,14.26799766596433,-142.5371686124294,21,2
2012-03-10 04:01:00.727793+00:00,9.21,19.77,30.05,1788.2640947480832,13.026889177536749,-145.0193855892846,21,3
2012-03-10 04:02:00.727793+00:00,9.24,19.83,30.14,1739.8313828879868,12.98308736352474,-145.1069892173086,22,2
2012-03-10 04:03:00.727793+00:00,9.26,19.87,30.19,1698.569041326476,12.816816642331109,-145.4395306596959,22,2
2012-03-10 04:04:00.727793+00:00,9.09,19.52,29.66,1702.6188361213758,12.792921826951476,-145.48732029045516,24,3
2012-03-10 04:05:00.727793+00:00,9.07,19.48,29.62,1691.7614918250292,12.6565813935799,-145.7600011571983,23,2
2012-03-10 04:06:00.727793+00:00,9.15,19.64,29.86,1691.7614918250292,12.6565813935799,-145.7600011571983,23,2
2012-03-10 04:07:00.727793+00:00,9.12,19.58,29.76,1766.186585358251,12.977051891082317,-145.11906016219345,23,3
2012-03-10 04:08:00.727793+00:00,9.12,19.58,29.76,1777.2253400531672,13.024106527968511,-145.02495088842107,24,3
2012-03-10 04:09:00.727793+00:00,9.07,19.48,29.62,1880.6948074089828,13.211827174325304,-144.64950959570749,23,2
2012-03-10 04:10:00.727793+00:00,9.01,19.36,29.43,2016.658174525917,13.554741929161292,-143.9636800860355,24,3
2012-03-10 04:12:00.727793+00:00,8.96,19.26,29.28,2474.938926588457,13.816352082571818,-143.44045977921445,24,2
2012-03-10 04:13:00.727793+00:00,9.01,19.36,29.43,2603.03020905256,13.914412863833352,-143.24433821669138,24,3
2012-03-10 04:14:00.727793+00:00,8.99,19.33,29.38,2597.248403998995,13.878665451315973,-143.31583304172614,23,2
2012-03-10 04:15:00.727793+00:00,8.95,19.23,29.24,2471.59746765209,13.861959868070407,-143.34924420821727,23,4
2012-03-10 04:16:00.727793+00:00,8.79,18.92,28.76,2347.4431819876418,13.807999290949036,-143.45716536246002,24,2
2012-03-10 04:17:00.727793+00:00,7.62,16.52,25.14,2347.4431819876418,13.80685716640374,-143.4594496115506,24,2
2012-03-10 04:18:00.727793+00:00,15.01,31.41,40.0,2457.346595923002,13.859675618979816,-143.35381270639846,23,2
2012-03-10 04:19:00.727793+00:00,14.89,31.16,40.0,2471.59746765209,13.859675618979816,-143.35381270639846,23,2
2012-03-10 04:20:00.727793+00:00,14.77,30.91,40.0,2644.982500313119,13.861959868070407,-143.34924420821727,23,2
2012-03-10 04:21:00.727793+00:00,14.99,31.36,40.0,2764.0012871328545,13.99000030128662,-143.09316334178484,22,3
2012-03-10 04:22:00.727793+00:00,14.4,30.18,40.0,3160.4690438310818,14.021283652878669,-143.03059663860074,23,2
2012-03-10 04:23:00.727793+00:00,7.83,16.95,25.8,3805.6406339939504,14.573141925794957,-141.9268800927682,23,2
2012-03-10 04:24:00.727793+00:00,7.91,17.11,26.03,4043.682159829674,14.74093267077618,-141.59129860280575,24,3
2012-03-10 04:25:00.727793+00:00,7.88,17.04,25.94,4164.614128533422,14.754557557510942,-141.5640488293362,24,2
2012-03-10 04:26:00.727793+00:00,7.88,17.04,25.94,4382.840327638194,14.872203533396933,-141.32875687756422,24,2
2012-03-10 04:27:00.727793+00:00,13.73,28.84,40.0,4470.187465618543,14.90912921972674,-141.2549055049046,24,3
2012-03-10 04:28:00.727793+00:00,13.69,28.76,40.0,4736.806547039592,14.945218226121572,-141.18272749211494,25,2
2012-03-10 04:29:00.727793+00:00,13.69,28.76,40.0,4837.0092438432575,14.945218226121572,-141.18272749211494,25,3
2012-03-10 04:30:00.727793+00:00,0.0,0.01,0.02,5057.72723224127,15.24388069580544,-140.5854025527472,24,3
2012-03-10 04:31:00.727793+00:00,0.0,0.01,0.02,5089.416226383658,14.945218226121572,-141.18272749211494,25,2
2012-03-10 04:32:00.727793+00:00,0.0,0.01,0.02,4889.202300285204,14.9221469669675,-141.2288700104231,24,2
2012-03-10 04:33:00.727793+00:00,0.0,0.01,0.02,4839.541738980639,14.886057960572668,-141.30104802321273,24,3
2012-03-10 04:34:00.727793+00:00,0.0,0.01,0.02,4842.074234118019,14.899075707813427,-141.27501252873122,23,2
2012-03-10 04:35:00.727793+00:00,0.0,0.01,0.02,4936.330366452387,14.899075707813427,-141.27501252873122,23,2
2012-03-10 04:36:00.727793+00:00,0.0,0.01,0.02,4889.202300285204,14.9221469669675,-141.2288700104231,22,4
2012-03-10 04:39:00.727793+00:00,40.0,40.0,0.17,4322.123457007965,14.796918166979683,-141.4793276103987,22,2
2012-03-10 04:40:00.727793+00:00,13.51,28.42,40.0,3950.328062622414,14.6499176419986,-141.7733286603609,23,2
2012-03-10 04:41:00.727793+00:00,13.51,28.42,40.0,3441.133130959416,14.6499176419986,-141.7733286603609,23,3
2012-03-10 04:42:00.727793+00:00,13.51,28.42,40.0,3240.167357998039,14.194795279433656,-142.68357338549075,23,2
2012-03-10 04:43:00.727793+00:00,13.51,28.42,40.0,3377.072149987292,14.722379070499183,-141.62840580335973,23,2
2012-03-10 04:44:00.727793+00:00,13.51,28.42,40.0,3377.072149987292,14.722379070499183,-141.62840580335973,23,3
2012-03-10 04:45:00.727793+00:00,13.51,28.42,40.0,3186.4177790606373,14.194272715102066,-142.68461851415395,24,2
2012-03-10 04:46:00.727793+00:00,13.5,28.38,40.0,3131.993969980754,14.176154917611692,-142.7208541091347,24,3
2012-03-10 04:47:00.727793+00:00,13.48,28.34,40.0,3132.668200123236,14.193750150770477,-142.68566364281713,23,2
2012-03-10 04:48:00.727793+00:00,13.48,28.34,40.0,3185.7435489181557,14.45806461063483,-142.15703472308843,22,2
2012-03-10 04:49:00.727793+00:00,13.46,28.3,40.0,2993.377057983009,14.359035691555617,-142.35509256124686,20,3
2012-03-10 04:50:00.727793+00:00,13.44,28.26,40.0,3240.167357998039,14.722379070499183,-141.62840580335973,17,2
2012-03-10 04:51:00.727793+00:00,13.42,28.23,40.0,2993.377057983009,14.359035691555617,-142.35509256124686,14,2
2012-03-10 04:52:00.727793+00:00,13.4,28.19,40.0,3061.8294539776352,14.359035691555617,-142.35509256124686,12,2
2012-03-10 05:01:00.727793+00:00,13.08,27.55,40.0,3251.6403841179813,13.98805564001774,-143.0970526643226,10,2
2012-03-10 05:04:00.727793+00:00,13.02,27.44,40.0,4045.667577250004,14.1944479518282,-142.68426804070168,17,2
2012-03-10 05:05:00.727793+00:00,13.02,27.44,40.0,4045.667577250004,14.310210932977878,-142.4527420784023,19,2
2012-03-10 05:06:00.727793+00:00,13.06,27.51,40.0,4131.574693659671,14.394888052594604,-142.28338783916888,20,2
2012-03-10 05:07:00.727793+00:00,13.06,27.51,40.0,4326.0954481477365,14.625460238040652,-141.82224346827678,20,2
2012-03-10 05:08:00.727793+00:00,13.06,27.51,40.0,4434.709086226135,14.771355303869973,-141.53045333661814,21,3
2012-03-10 05:09:00.727793+00:00,13.02,27.44,40.0,4434.709086226135,14.771355303869973,-141.53045333661814,23,2
2012-03-10 05:10:00.727793+00:00,13.02,27.44,40.0,4695.033215874453,15.059965808716573,-140.95323232692493,23,3
2012-03-10 05:11:00.727793+00:00,12.99,27.36,40.0,4695.033215874453,15.059965808716573,-140.95323232692493,23,2
2012-03-10 05:12:00.727793+00:00,12.99,27.36,40.0,4373.063965690319,14.915660556293272,-141.24184283177152,24,2
2012-03-10 05:13:00.727793+00:00,12.97,27.32,40.0,4036.556267303825,14.754712059183651,-141.56373982599078,24,2
2012-03-10 05:14:00.727793+00:00,12.97,27.32,40.0,4022.017819101465,14.738068814497332,-141.59702631536342,25,2
2012-03-10 05:15:00.727793+00:00,12.95,27.29,40.0,4022.017819101465,14.738068814497332,-141.59702631536342,25,3
2012-03-10 05:16:00.727793+00:00,12.89,27.18,40.0,4051.094715506185,14.738068814497332,-141.59702631536342,25,2
2012-03-10 05:17:00.727793+00:00,12.87,27.14,40.0,4036.556267303825,14.678896613226248,-141.7153707179056,26,4
2012-03-10 05:18:00.727793+00:00,12.87,27.14,40.0,4036.556267303825,14.678896613226248,-141.7153707179056,26,2
2012-03-10 05:19:00.727793+00:00,12.97,27.32,40.0,4165.882649998006,14.546864712230436,-141.9794345198972,26,3
2012-03-10 05:20:00.727793+00:00,12.97,27.32,40.0,4036.556267303825,14.421723729893811,-142.22971648457047,26,2
2012-03-10 05:21:00.727793+00:00,12.99,27.36,40.0,4036.556267303825,14.421723729893811,-142.22971648457047,26,4
2012-03-10 05:22:00.727793+00:00,12.99,27.36,40.0,3938.9905231257526,14.340359218588684,-142.3924455071807,24,2
2012-03-10 05:23:00.727793+00:00,12.99,27.36,40.0,3721.7253335351343,14.228558138198055,-142.61604766796196,22,2
2012-03-10 05:24:00.727793+00:00,12.97,27.32,40.0,4280.670584489827,14.43933797210766,-142.19448800014277,21,3
2012-03-10 05:25:00.727793+00:00,12.95,27.29,40.0,4280.670584489827,14.63408419000331,-141.80499556435146,21,2
2012-03-10 05:26:00.727793+00:00,12.95,27.29,40.0,4297.678266674149,14.770226290787951,-141.53271136278218,20,2
2012-03-10 05:28:00.727793+00:00,12.93,27.25,40.0,4429.0756545348095,14.804961819139184,-141.4632403060797,21,2
2012-03-10 05:29:00.727793+00:00,12.84,27.06,40.0,4429.0756545348095,14.804961819139184,-141.4632403060797,21,2
2012-03-10 05:30:00.727793+00:00,12.82,27.03,40.0,4696.1666250922535,14.85566510535589,-141.3618337336463,22,2
2012-03-10 05:31:00.727793+00:00,12.8,26.99,40.0,4842.20717506164,14.85566510535589,-141.3618337336463,22,3
2012-03-10 05:32:00.727793+00:00,12.86,27.1,40.0,4885.4616353276415,14.906368391572595,-141.2604271612129,23,3
2012-03-10 05:33:00.727793+00:00,12.86,27.1,40.0,4798.952714795637,14.906368391572595,-141.2604271612129,25,2
2012-03-10 05:34:00.727793+00:00,12.84,27.06,40.0,4646.350670406951,14.719523004571249,-141.63411793521558,26,3
2012-03-10 05:35:00.727793+00:00,12.75,26.88,40.0,4573.548507932785,14.584028141458983,-141.90510766144013,26,3
2012-03-10 05:36:00.727793+00:00,12.71,26.81,40.0,4491.365451196725,14.363094463778785,-142.3469750168005,27,2
2012-03-10 05:37:00.727793+00:00,12.65,26.7,40.0,4491.365451196725,14.38816812139553,-142.29682770156705,25,3
2012-03-10 05:38:00.727793+00:00,12.62,26.62,40.0,4343.380283785246,14.375631292587157,-142.32190135918376,26,2
2012-03-10 05:39:00.727793+00:00,12.56,26.52,40.0,4092.720905186936,14.375631292587157,-142.32190135918376,26,3
2012-03-10 05:40:00.727793+00:00,12.58,26.55,40.0,3868.484975829572,14.363094463778785,-142.3469750168005,25,2
2012-03-10 05:41:00.727793+00:00,12.56,26.52,40.0,3685.5595939552977,14.363094463778785,-142.3469750168005,25,3
2012-03-10 05:42:00.727793+00:00,12.42,26.23,39.76,3520.998950271801,14.10746331979685,-142.8582373047644,25,2
2012-03-10 05:43:00.727793+00:00,12.35,26.08,39.54,3369.7658904956606,14.088050169673952,-142.8970636050102,24,3
2012-03-10 05:44:00.727793+00:00,12.36,26.12,39.59,2885.0228498842266,14.088050169673952,-142.8970636050102,24,3
2012-03-10 05:45:00.727793+00:00,12.56,26.52,40.0,2761.708961532676,14.088050169673952,-142.8970636050102,24,2
2012-03-10 05:48:00.727793+00:00,12.58,26.55,40.0,2216.1035411534217,13.637626697936623,-143.79791054848485,23,2
2012-03-10 05:49:00.727793+00:00,12.56,26.52,40.0,1998.7957766522009,13.384593428941118,-144.30397708647584,23,3
2012-03-10 05:50:00.727793+00:00,12.51,26.41,40.0,1716.8736683006107,12.926177350955966,-145.22080924244617,23,2
2012-03-10 05:51:00.727793+00:00,12.49,26.37,39.97,1675.6538874646462,12.877118856139912,-145.31892623207827,23,3
2012-03-10 05:52:00.727793+00:00,12.47,26.33,39.92,1696.2637778826283,12.821992090894362,-145.4291797625694,24,2
2012-03-10 05:53:00.727793+00:00,12.45,26.3,39.87,1675.6538874646462,12.877118856139912,-145.31892623207827,25,2
2012-03-10 05:54:00.727793+00:00,12.44,26.26,39.81,1657.8592082353025,12.538494952052986,-145.99617404025213,24,2
2012-03-10 05:55:00.727793+00:00,12.36,26.12,39.59,1658.8229133568234,12.513868629974006,-146.04542668441007,25,3
2012-03-10 05:57:00.727793+00:00,12.2,25.79,39.11,1682.2654814150142,12.48248234423192,-146.10819925589425,24,4
2012-03-10 05:58:00.727793+00:00,12.08,25.55,38.73,1667.2384004107348,12.48248234423192,-146.10819925589425,24,2
2012-03-10 05:59:00.727793+00:00,11.99,25.37,38.47,1656.8955031137814,12.418023283256312,-146.23711737784546,25,2
2012-03-10 06:00:00.727793+00:00,11.95,25.3,38.36,1525.484240629961,12.41662308813642,-146.23991776808526,25,3
2012-03-10 06:01:00.727793+00:00,11.95,25.3,38.36,1481.9112395353036,12.41662308813642,-146.23991776808526,25,2
2012-03-10 06:02:00.727793+00:00,11.87,25.12,38.1,1514.401078537078,12.344674820426944,-146.3838143035042,22,2
2012-03-10 06:03:00.727793+00:00,11.83,25.05,37.99,1332.5370391396643,12.272726552717472,-146.52771083892316,19,3
2012-03-10 06:09:00.727793+00:00,12.04,25.47,38.63,1133.6492517262968,12.575650536996797,-145.9218628703645,19,3
2012-03-10 06:10:00.727793+00:00,12.04,25.47,38.63,1297.4273263544692,12.767741290042585,-145.5376813642729,19,2
2012-03-10 06:11:00.727793+00:00,12.04,25.47,38.63,1481.2281111419798,13.63858565874107,-143.79599262687594,19,3
2012-03-10 06:12:00.727793+00:00,12.06,25.51,38.68,1454.9403450212797,13.623485694760154,-143.82619255483775,21,2
2012-03-10 06:13:00.727793+00:00,12.06,25.51,38.68,1390.337052079072,13.530450372470334,-144.01226319941742,23,2
2012-03-10 06:14:00.727793+00:00,12.04,25.47,38.63,1167.2502337721949,12.68987896617773,-145.69340601200264,23,2
2012-03-10 06:16:00.727793+00:00,12.01,25.4,38.52,1126.1338425384724,12.607783147781618,-145.8575976487949,25,2
2012-03-10 06:23:00.727793+00:00,11.81,25.02,37.94,1134.547977278639,12.304023941840294,-146.4651160606775,23,2
2012-03-10 06:24:00.727793+00:00,11.78,24.95,37.83,1168.4999716639309,12.048087389441587,-146.9769891654749,22,2
2012-03-10 06:42:00.727793+00:00,11.33,24.05,36.48,1410.845475000585,12.72612970708958,-145.62090453017893,13,2
2012-03-10 06:43:00.727793+00:00,11.33,24.05,36.48,1410.845475000585,12.72612970708958,-145.62090453017893,15,2
2012-03-10 06:44:00.727793+00:00,11.33,24.05,36.48,1484.5619472382864,13.0384666742364,-144.9962305958853,18,3
2012-03-10 06:45:00.727793+00:00,11.31,24.01,36.43,1484.5619472382864,13.0384666742364,-144.9962305958853,20,2
2012-03-10 06:46:00.727793+00:00,11.31,24.01,36.43,1484.5619472382864,13.0384666742364,-144.9962305958853,22,2
2012-03-10 06:47:00.727793+00:00,11.31,24.01,36.43,1380.0610305612252,13.0384666742364,-144.9962305958853,22,2
2012-03-10 06:48:00.727793+00:00,11.31,24.01,36.43,1349.276586121865,12.72612970708958,-145.62090453017893,23,2
2012-03-10 06:49:00.727793+00:00,11.28,23.94,36.33,1349.276586121865,12.72612970708958,-145.62090453017893,23,3
2012-03-10 06:50:00.727793+00:00,11.26,23.91,36.27,1274.277794433967,12.828125441657882,-145.41691306104232,22,2
2012-03-10 06:51:00.727793+00:00,11.26,23.91,36.27,1231.677233023397,12.634787044521488,-145.80358985531512,23,2
2012-03-10 07:14:00.727793+00:00,10.17,21.7,32.96,1109.2904212307735,11.57398297898218,-147.92519798639375,16,3
2012-03-10 07:15:00.727793+00:00,10.1,21.57,32.76,1145.5292991314714,11.668748571326985,-147.73566680170416,18,2
2012-03-10 07:19:00.727793+00:00,21.74,40.0,40.0,1369.847235350055,12.651789280668954,-145.76958538302017,16,2
2012-03-10 07:20:00.727793+00:00,21.77,40.0,40.0,1635.1091029443207,13.005055082078698,-145.06305378020068,16,2
2012-03-10 07:21:00.727793+00:00,21.77,40.0,40.0,1654.571923637197,13.271499947604656,-144.53016404914877,16,3
2012-03-10 07:24:00.727793+00:00,21.83,40.0,40.0,1802.107137011103,13.370266877654068,-144.33263018904995,21,2
2012-03-10 07:25:00.727793+00:00,21.83,40.0,40.0,1802.107137011103,13.370266877654068,-144.33263018904995,21,3
2012-03-10 07:26:00.727793+00:00,21.83,40.0,40.0,2123.015413342592,13.80522773997308,-143.46270846441195,22,2
2012-03-10 07:27:00.727793+00:00,21.83,40.0,40.0,2268.6848867132344,14.123611040106807,-142.82594186414448,21,2
2012-03-10 07:28:00.727793+00:00,22.12,40.0,40.0,2268.6848867132344,14.123611040106807,-142.82594186414448,23,3
2012-03-10 07:29:00.727793+00:00,22.12,40.0,40.0,2268.6848867132344,14.123611040106807,-142.82594186414448,23,2
2012-03-10 07:30:00.727793+00:00,22.09,40.0,40.0,2219.544620128512,13.78165452541302,-143.50985489353204,23,2
2012-03-10 07:31:00.727793+00:00,22.05,40.0,40.0,2193.97244134076,13.768242824351676,-143.53667829565472,22,3
2012-03-10 07:32:00.727793+00:00,22.05,40.0,40.0,2168.400262553007,13.754831123290334,-143.5635016977774,21,2
2012-03-10 07:33:00.727793+00:00,21.99,40.0,40.0,2193.97244134076,13.768242824351676,-143.53667829565472,20,2
2012-03-10 07:34:00.727793+00:00,21.93,40.0,40.0,2219.544620128512,13.78165452541302,-143.50985489353204,21,3
2012-03-10 07:37:00.727793+00:00,6.02,13.2,20.13,2092.427953513912,13.754831123290334,-143.5635016977774,19,2
2012-03-10 07:38:00.727793+00:00,6.02,13.2,20.13,1938.067033201587,13.711229064550274,-143.65070581525754,20,2
2012-03-10 07:39:00.727793+00:00,6.02,13.2,20.13,1866.677409433124,13.711229064550274,-143.65070581525754,20,3
2012-03-10 07:41:00.727793+00:00,6.02,13.2,20.13,1827.977545850103,13.667627005810212,-143.7379099327377,21,2
2012-03-10 07:42:00.727793+00:00,6.02,13.2,20.13,1866.677409433124,13.742813222787106,-143.5875374987839,22,3
2012-03-10 07:43:00.727793+00:00,6.02,13.2,20.13,1798.3673621159292,13.736622803431578,-143.59991833749493,22,2
2012-03-10 07:44:00.727793+00:00,6.02,13.2,20.13,1467.1669764648154,13.22202242679965,-144.62911909075876,23,2
2012-03-10 07:45:00.727793+00:00,6.02,13.2,20.13,1467.1669764648154,13.22202242679965,-144.62911909075876,23,3
2012-03-10 07:46:00.727793+00:00,21.45,40.0,40.0,1448.1781665155554,13.185236874399642,-144.70269019555877,24,2
2012-03-10 07:47:00.727793+00:00,21.49,40.0,40.0,1429.1893565662956,13.22202242679965,-144.62911909075876,25,2
2012-03-10 07:48:00.727793+00:00,21.52,40.0,40.0,1727.3302180118803,13.44658691551308,-144.17999011333194,24,3
2012-03-10 07:49:00.727793+00:00,21.49,40.0,40.0,1756.3060946746282,13.44658691551308,-144.17999011333194,24,3
2012-03-10 07:50:00.727793+00:00,21.52,40.0,40.0,1758.8151166112923,13.28831518256852,-144.49653357922105,23,2
2012-03-10 07:51:00.727793+00:00,21.49,40.0,40.0,1753.7970727379643,13.22202242679965,-144.62911909075876,23,3
2012-03-10 07:52:00.727793+00:00,21.49,40.0,40.0,1753.7970727379643,13.22202242679965,-144.62911909075876,21,2
2012-03-10 07:53:00.727793+00:00,21.49,40.0,40.0,1758.8151166112923,13.22202242679965,-144.62911909075876,21,2
2012-03-10 07:54:00.727793+00:00,21.33,40.0,40.0,1896.439776675959,13.50846039764589,-144.0562431490663,20,3
2012-03-10 07:58:00.727793+00:00,21.12,40.0,40.0,2032.493156490057,13.533610085258845,-144.0059437738404,20,2
2012-03-10 07:59:00.727793+00:00,21.06,40.0,40.0,2032.493156490057,13.533610085258845,-144.0059437738404,20,3
2012-03-10 08:00:00.727793+00:00,21.03,40.0,40.0,2032.493156490057,13.533610085258845,-144.0059437738404,20,2
2012-03-10 08:01:00.727793+00:00,21.0,40.0,40.0,2440.792374310619,13.94853618561327,-143.17609157313154,21,2
2012-03-10 08:02:00.727793+00:00,20.97,40.0,40.0,2422.281059504441,13.928126199347162,-143.21691154566378,23,3
2012-03-10 08:03:00.727793+00:00,20.94,40.0,40.0,2422.281059504441,13.928126199347162,-143.21691154566378,23,2
2012-03-10 08:04:00.727793+00:00,20.88,40.0,40.0,2276.6457138481683,13.738628784130263,-143.59590637609756,23,2
2012-03-10 08:05:00.727793+00:00,20.85,40.0,40.0,2220.15885177603,13.651959022646292,-143.76924589906548,24,2
2012-03-10 08:06:00.727793+00:00,20.79,40.0,40.0,2336.362274057439,13.63457668391596,-143.80401057652617,24,3
2012-03-10 08:07:00.727793+00:00,20.7,40.0,40.0,2409.179946885576,13.833377491738712,-143.40640896088067,24,2
2012-03-10 08:08:00.727793+00:00,20.64,40.0,40.0,2409.179946885576,13.833377491738712,-143.40640896088067,24,2
2012-03-10 08:09:00.727793+00:00,20.61,40.0,40.0,2396.0788342667106,13.738628784130263,-143.59590637609756,25,4
2012-03-10 08:10:00.727793+00:00,20.55,40.0,40.0,2396.0788342667106,13.738628784130263,-143.59590637609756,25,2
2012-03-10 08:11:00.727793+00:00,20.52,40.0,40.0,2384.6287903052203,13.277974940445672,-144.51721406346675,23,2
2012-03-10 08:12:00.727793+00:00,20.49,40.0,40.0,2309.909462706351,13.255713027252185,-144.56173788985373,23,3
2012-03-10 08:13:00.727793+00:00,20.73,40.0,40.0,2384.6287903052203,13.277974940445672,-144.51721406346675,23,3
2012-03-10 08:14:00.727793+00:00,20.7,40.0,40.0,2396.0788342667106,13.530524583701656,-144.01211477695475,23,2
2012-03-10 08:17:00.727793+00:00,20.55,40.0,40.0,3292.438026270629,14.436603784414531,-142.199956375529,23,2
2012-03-10 08:18:00.727793+00:00,20.58,40.0,40.0,3292.438026270629,14.66832257451646,-141.73651879532517,25,3
2012-03-10 08:19:00.727793+00:00,20.61,40.0,40.0,3467.5215685453927,14.896693922490163,-141.27977609937776,24,3
2012-03-10 08:20:00.727793+00:00,20.58,40.0,40.0,3497.727724301192,15.05735482657347,-140.95845429121115,24,2
2012-03-10 08:21:00.727793+00:00,20.58,40.0,40.0,3452.190406053862,15.000019806018791,-141.0731243323205,27,3
2012-03-10 08:22:00.727793+00:00,20.55,40.0,40.0,3436.1507210993946,14.961462601557203,-141.1502387412437,28,3
2012-03-10 08:23:00.727793+00:00,20.43,40.0,40.0,3406.4979823357644,14.79561398580604,-141.48193597274602,28,3
2012-03-10 08:24:00.727793+00:00,20.38,40.0,40.0,3272.137641621976,14.650692262318392,-141.7717794197213,27,2
2012-03-10 08:25:00.727793+00:00,20.46,40.0,40.0,2795.337242860534,14.352268024663118,-142.36862789503186,28,3
2012-03-10 08:26:00.727793+00:00,20.46,40.0,40.0,2760.6422576659784,14.076106070766429,-142.92095180282524,27,3
2012-03-10 08:27:00.727793+00:00,11.16,23.7,35.97,2491.402838553068,13.86557837417212,-143.34200719601387,28,4
2012-03-10 08:29:00.727793+00:00,11.11,23.6,35.81,2080.4143071924545,13.619955651507905,-143.83325264134228,26,3
2012-03-10 08:30:00.727793+00:00,11.09,23.57,35.76,1990.1011871333203,13.51463671155595,-144.0438905212462,27,3
2012-03-10 08:31:00.727793+00:00,11.06,23.5,35.66,1996.966765399522,13.506938142051863,-144.05928766025437,24,2
2012-03-10 08:32:00.727793+00:00,10.97,23.33,35.41,1775.2145489053198,13.384393086454429,-144.30437777144925,23,3
2012-03-10 08:33:00.727793+00:00,20.35,40.0,40.0,1743.7563001420274,13.263484092596569,-144.54619575916496,22,2
2012-03-10 08:34:00.727793+00:00,20.35,40.0,40.0,1775.2145489053198,13.384393086454429,-144.30437777144925,23,3
2012-03-10 08:35:00.727793+00:00,20.35,40.0,40.0,1775.2145489053198,13.384393086454429,-144.30437777144925,21,2
2012-03-10 08:38:00.727793+00:00,20.32,40.0,40.0,2951.3021608017334,14.5035703216919,-142.06602330097428,22,2
2012-03-10 08:39:00.727793+00:00,20.32,40.0,40.0,2951.3021608017334,14.6020181785239,-141.8691275873103,22,3
2012-03-10 08:40:00.727793+00:00,20.32,40.0,40.0,3251.024942088768,14.887031634781897,-141.29910067479432,22,3
2012-03-10 08:41:00.727793+00:00,20.29,40.0,40.0,3423.0555224120667,14.755143109951458,-141.56287772445518,23,2
2012-03-10 08:42:00.727793+00:00,20.29,40.0,40.0,3427.958587196783,15.090796248599458,-140.89157144715918,23,3
2012-03-10 08:43:00.727793+00:00,20.26,40.0,40.0,4099.568099087468,15.090796248599458,-140.89157144715918,25,2
2012-03-10 08:44:00.727793+00:00,20.26,40.0,40.0,4111.869392373519,15.039855983157173,-140.99345197804377,24,2
2012-03-10 08:45:00.727793+00:00,20.26,40.0,40.0,4183.164627401997,15.039855983157173,-140.99345197804377,24,3
2012-03-10 08:46:00.727793+00:00,20.23,40.0,40.0,4373.303646448372,15.233712244268949,-140.60573945582018,24,2
2012-03-10 08:47:00.727793+00:00,20.23,40.0,40.0,4418.2688882506645,15.233712244268949,-140.60573945582018,24,2
2012-03-10 08:48:00.727793+00:00,20.17,40.0,40.0,4437.907193434819,15.376628239938434,-140.31990746448122,23,3
2012-03-10 08:49:00.727793+00:00,20.17,40.0,40.0,4437.907193434819,15.376628239938434,-140.31990746448122,23,2
2012-03-10 08:50:00.727793+00:00,20.17,40.0,40.0,4398.63058306651,14.988915717714884,-141.09533250892832,23,2
2012-03-10 08:51:00.727793+00:00,20.2,40.0,40.0,4437.907193434819,15.096613918039049,-140.87993610828,23,3
2012-03-10 08:52:00.727793+00:00,20.23,40.0,40.0,4437.907193434819,15.096613918039049,-140.87993610828,23,2
2012-03-10 08:53:00.727793+00:00,20.23,40.0,40.0,4544.457636465699,15.096613918039049,-140.87993610828,21,2
2012-03-10 08:54:00.727793+00:00,20.26,40.0,40.0,4379.513521997484,15.027352230638268,-141.01845948308153,20,3
2012-03-10 08:55:00.727793+00:00,20.23,40.0,40.0,4379.513521997484,15.027352230638268,-141.01845948308153,20,2
2012-03-10 08:56:00.727793+00:00,20.15,40.0,40.0,4214.5694075292695,14.958090543237487,-141.1569828578831,19,2
2012-03-10 08:57:00.727793+00:00,20.15,40.0,40.0,4214.5694075292695,15.0447865725317,-140.9835907992947,19,2
2012-03-10 09:00:00.727793+00:00,20.23,40.0,40.0,4587.2537304625685,15.36070352693022,-140.35175689049763,19,3
2012-03-10 09:01:00.727793+00:00,20.17,40.0,40.0,4587.2537304625685,15.45768586678232,-140.15779221079345,19,2
2012-03-10 09:02:00.727793+00:00,20.12,40.0,40.0,4954.162471081706,15.535084487405788,-140.0029949695465,19,2
2012-03-10 09:03:00.727793+00:00,20.09,40.0,40.0,5219.993309393697,15.765356666262283,-139.54245061183352,21,2
2012-03-10 09:04:00.727793+00:00,20.09,40.0,40.0,5276.590643951148,15.835994532947671,-139.40117487846274,22,3
2012-03-10 09:05:00.727793+00:00,20.03,40.0,40.0,5603.780912996862,16.18855437185655,-138.696055200645,22,2
2012-03-10 09:06:00.727793+00:00,20.06,40.0,40.0,5878.441081652838,16.26718620229267,-138.53879153977277,22,2
2012-03-10 09:07:00.727793+00:00,20.09,40.0,40.0,5460.131698649854,16.18150565540477,-138.71015263354855,23,2
2012-03-10 09:08:00.727793+00:00,20.06,40.0,40.0,5460.131698649854,16.18150565540477,-138.71015263354855,23,3
2012-03-10 09:09:00.727793+00:00,20.0,40.0,40.0,5460.131698649854,16.18150565540477,-138.71015263354855,23,2
2012-03-10 09:10:00.727793+00:00,19.97,40.0,40.0,7242.96291670568,16.576697627058266,-137.91976869024157,23,2
2012-03-10 09:11:00.727793+00:00,19.97,40.0,40.0,7242.96291670568,16.576697627058266,-137.91976869024157,23,3
2012-03-10 09:12:00.727793+00:00,19.95,40.0,40.0,7223.06007509725,16.540579752353995,-137.9920044396501,23,2
2012-03-10 09:13:00.727793+00:00,19.95,40.0,40.0,5578.057494638122,16.27603111690248,-138.52110171055313,22,2
2012-03-10 09:14:00.727793+00:00,19.92,40.0,40.0,5460.131698649854,16.05664655651554,-138.959870831327,23,2
2012-03-10 09:15:00.727793+00:00,19.97,40.0,40.0,5225.121570382212,16.02816831148263,-139.01682732139284,23,3
2012-03-10 09:16:00.727793+00:00,19.95,40.0,40.0,5192.084014404601,15.772320112963392,-139.5285237184313,22,2
2012-03-10 09:17:00.727793+00:00,19.86,40.0,40.0,5195.944654547043,15.77307651219368,-139.5270109199707,19,2
2012-03-10 09:18:00.727793+00:00,19.83,40.0,40.0,5195.944654547043,15.77307651219368,-139.5270109199707,17,3
2012-03-10 09:19:00.727793+00:00,19.83,40.0,40.0,5195.944654547043,15.77307651219368,-139.5270109199707,15,2
2012-03-10 09:20:00.727793+00:00,19.75,40.0,40.0,4901.079317110443,15.598515588815827,-139.87613276672644,12,2
2012-03-10 09:36:00.727793+00:00,9.06,19.45,29.57,5324.000102031818,15.973658920490108,-139.12584610337785,14,3
2012-03-10 09:37:00.727793+00:00,9.06,19.45,29.57,4791.641231607195,15.687842574178369,-139.69747879600135,16,2
2012-03-10 09:38:00.727793+00:00,9.04,19.42,29.52,4791.641231607195,15.687842574178369,-139.69747879600135,18,2
2012-03-10 09:39:00.727793+00:00,19.81,40.0,40.0,4463.055191410072,15.535563385419811,-140.00203717351846,21,2
2012-03-10 09:40:00.727793+00:00,19.81,40.0,40.0,4336.157982553468,15.535563385419811,-140.00203717351846,23,3
2012-03-10 09:41:00.727793+00:00,19.81,40.0,40.0,4210.991583950735,15.379983188186854,-140.31319756798436,23,2
2012-03-10 09:42:00.727793+00:00,19.81,40.0,40.0,4091.77304872103,15.24743478090604,-140.578294382546,23,2
2012-03-10 09:43:00.727793+00:00,19.81,40.0,40.0,4001.0310753740855,15.132004328197532,-140.80915528796302,23,3
2012-03-10 09:44:00.727793+00:00,19.78,40.0,40.0,3527.7779554245008,15.013335612405026,-141.04649271954804,23,2
2012-03-10 09:45:00.727793+00:00,19.83,40.0,40.0,3329.432726778828,14.832777381004744,-141.4076091823486,23,2
2012-03-10 09:46:00.727793+00:00,19.81,40.0,40.0,2996.314675117584,14.639482421257233,-141.79419910184362,23,2
2012-03-10 09:47:00.727793+00:00,19.81,40.0,40.0,2924.636339552901,14.561850540679306,-141.94946286299947,23,3
2012-03-10 09:48:00.727793+00:00,19.81,40.0,40.0,2889.443582392877,14.470507886128946,-142.1321481721002,24,2
2012-03-10 09:49:00.727793+00:00,19.78,40.0,40.0,2717.9807664064406,14.521938251890514,-142.02928744057706,23,2
2012-03-10 09:50:00.727793+00:00,19.78,40.0,40.0,2717.9807664064406,14.521938251890514,-142.02928744057706,23,3
2012-03-10 09:51:00.727793+00:00,19.75,40.0,40.0,2652.490894566826,14.521938251890514,-142.02928744057706,23,2
2012-03-10 09:52:00.727793+00:00,19.72,40.0,40.0,2231.265289908762,13.891675362758836,-143.2898132188404,23,2
2012-03-10 09:53:00.727793+00:00,19.72,40.0,40.0,2152.1969759678286,13.536833390897096,-143.9994971625639,23,3
2012-03-10 09:54:00.727793+00:00,19.69,40.0,40.0,2152.1969759678286,13.536833390897096,-143.9994971625639,23,2
2012-03-10 09:55:00.727793+00:00,19.67,40.0,40.0,2008.9783107061623,14.0325930142221,-143.0079779159139,21,2
2012-03-10 09:56:00.727793+00:00,19.67,40.0,40.0,2008.9783107061623,14.0325930142221,-143.0079779159139,19,3
2012-03-10 09:57:00.727793+00:00,19.67,40.0,40.0,2008.9783107061623,14.0325930142221,-143.0079779159139,17,2
2012-03-10 09:58:00.727793+00:00,19.64,40.0,40.0,1843.651736980913,13.709767374974032,-143.65362919441003,14,2
2012-03-10 09:59:00.727793+00:00,19.64,40.0,40.0,1843.651736980913,13.709767374974032,-143.65362919441003,12,2
2012-03-10 10:28:00.727793+00:00,18.99,39.29,40.0,13923.631759659023,17.84952808103047,-135.37410778229713,14,3
2012-03-10 10:29:00.727793+00:00,18.99,39.29,40.0,12974.24952526694,17.850087074003326,-135.37298979635142,16,2
2012-03-10 10:30:00.727793+00:00,18.96,39.24,40.0,12282.688584822048,17.662374030527207,-135.74841588330366,19,2
2012-03-10 10:31:00.727793+00:00,18.93,39.19,40.0,12368.18329909449,17.662374030527207,-135.74841588330366,21,2
2012-03-10 10:32:00.727793+00:00,18.91,39.13,40.0,12368.18329909449,17.662374030527207,-135.74841588330366,23,3
2012-03-10 10:33:00.727793+00:00,18.85,39.03,40.0,13016.99688240316,17.850087074003326,-135.37298979635142,24,2
2012-03-10 10:34:00.727793+00:00,18.83,38.98,40.0,13665.81046571183,17.984603820817753,-135.1039563027226,23,3
2012-03-10 10:35:00.727793+00:00,18.8,38.93,40.0,13665.81046571183,17.984603820817753,-135.1039563027226,23,2
2012-03-10 10:36:00.727793+00:00,18.78,38.87,40.0,12325.435941958269,17.75244342204735,-135.5682771002634,24,2
2012-03-10 10:37:00.727793+00:00,18.72,38.77,40.0,12282.688584822048,17.662374030527207,-135.74841588330366,23,2
2012-03-10 10:38:00.727793+00:00,18.7,38.72,40.0,12253.394788342768,17.50947513800697,-136.05421366834415,22,3
2012-03-10 10:39:00.727793+00:00,18.67,38.67,40.0,12011.739746332065,17.350829281273146,-136.3715053818118,20,2
2012-03-10 10:40:00.727793+00:00,18.64,38.61,40.0,12224.100991863488,17.35657624548673,-136.36001145338463,17,3
2012-03-10 10:41:00.727793+00:00,18.62,38.56,40.0,11799.378500800638,17.345082317059564,-136.38299931023897,15,2
2012-03-10 10:42:00.727793+00:00,18.62,38.56,40.0,10631.310638676929,17.12678540813617,-136.81959312808576,13,2
2012-03-10 10:48:00.727793+00:00,18.46,38.25,40.0,7663.789547394397,16.84898720952667,-137.37518952530473,10,2
2012-03-10 10:49:00.727793+00:00,18.46,38.25,40.0,7402.513516322164,16.61273640145415,-137.8476911414498,11,3
2012-03-10 10:50:00.727793+00:00,18.46,38.25,40.0,6634.8131059601765,15.903894415909436,-139.2653751125392,13,2
2012-03-10 10:51:00.727793+00:00,18.46,38.25,40.0,6064.840835670148,15.770516861192334,-139.53213022197343,15,2
2012-03-10 10:57:00.727793+00:00,16.8,34.95,40.0,1508.048984052558,13.35614368213503,-144.36087658008802,17,2
2012-03-10 10:59:00.727793+00:00,16.73,34.81,40.0,17711.385822119257,17.909155222442237,-135.25485349947365,21,2
2012-03-10 11:00:00.727793+00:00,16.73,34.81,40.0,17711.385822119257,17.909155222442237,-135.25485349947365,21,3
2012-03-10 11:01:00.727793+00:00,16.68,34.72,40.0,20333.51809058526,18.366374994843397,-134.3404139546713,21,2
2012-03-10 11:02:00.727793+00:00,16.66,34.68,40.0,20071.73619592365,18.469226680035217,-134.13471058428766,22,2
2012-03-10 11:03:00.727793+00:00,16.64,34.63,40.0,19380.25827301216,18.306905766231708,-134.45935241189466,24,3
2012-03-10 11:04:00.727793+00:00,16.61,34.59,40.0,18950.56224476228,18.247436537620025,-134.57829086911804,25,2
2012-03-10 11:05:00.727793+00:00,16.59,34.54,40.0,17711.385822119257,17.909155222442237,-135.25485349947365,25,2
2012-03-10 11:06:00.727793+00:00,16.57,34.49,40.0,12131.803343683612,17.053235677357193,-136.96669258964369,24,3
2012-03-10 11:07:00.727793+00:00,16.55,34.45,40.0,9351.133095586349,15.857980382764907,-139.35720317882829,24,2
2012-03-10 11:08:00.727793+00:00,16.52,34.4,40.0,5107.925542471721,15.463123777800616,-140.14691638875686,24,3
2012-03-10 11:09:00.727793+00:00,16.45,34.27,40.0,4941.15618340368,14.972799136317196,-141.1275656717237,24,3
2012-03-10 11:10:00.727793+00:00,16.45,34.27,40.0,4822.169594739294,15.303671220540595,-140.46582150327689,25,2
2012-03-10 11:11:00.727793+00:00,16.39,34.13,40.0,4941.15618340368,15.339378691555936,-140.39440656124623,26,2
2012-03-10 11:12:00.727793+00:00,16.3,33.95,40.0,4561.207493272736,15.303671220540595,-140.46582150327689,25,3
2012-03-10 11:14:00.727793+00:00,16.09,33.55,40.0,4182.051020299253,15.029519672610093,-141.01412459913792,23,3
2012-03-10 11:15:00.727793+00:00,16.05,33.46,40.0,3770.938897099124,14.990219238930743,-141.0927254664966,24,2
2012-03-10 11:16:00.727793+00:00,16.0,33.37,40.0,3770.938897099124,14.990219238930743,-141.0927254664966,24,3
2012-03-10 11:17:00.727793+00:00,15.96,33.29,40.0,3745.206041247533,15.029519672610093,-141.01412459913792,25,2
2012-03-10 11:18:00.727793+00:00,15.96,33.29,40.0,3927.6132265806714,15.330742123435105,-140.41167969748787,24,2
2012-03-10 11:19:00.727793+00:00,15.98,33.33,40.0,4185.904958277884,15.391865058777626,-140.28943382680285,24,3
2012-03-10 11:20:00.727793+00:00,16.0,33.37,40.0,4414.721090406896,15.4595182042347,-140.15412753588868,23,2
2012-03-10 11:21:00.727793+00:00,16.0,33.37,40.0,4058.554700210627,15.029519672610093,-141.01412459913792,23,2
2012-03-10 11:22:00.727793+00:00,16.03,33.42,40.0,3796.671752950714,14.950918805251394,-141.1713263338553,23,3
2012-03-10 11:23:00.727793+00:00,16.0,33.37,40.0,3690.929324917752,14.950918805251394,-141.1713263338553,23,2
2012-03-10 11:24:00.727793+00:00,16.0,33.37,40.0,4032.058395976724,15.220577841355048,-140.63200826164797,24,2
2012-03-10 11:25:00.727793+00:00,15.98,33.33,40.0,4042.63186871929,15.404253348037946,-140.2646572482822,23,3
2012-03-10 11:26:00.727793+00:00,16.0,33.37,40.0,4042.63186871929,15.404253348037946,-140.2646572482822,21,2
2012-03-10 11:27:00.727793+00:00,16.05,33.46,40.0,4032.058395976724,15.210996447098,-140.65117105016208,18,2
2012-03-10 11:28:00.727793+00:00,16.07,33.51,40.0,4042.63186871929,15.288831547276793,-140.4955008498045,19,2
2012-03-10 11:29:00.727793+00:00,16.0,33.37,40.0,4284.939332125602,15.288831547276793,-140.4955008498045,19,3
2012-03-10 11:32:00.727793+00:00,15.92,33.2,40.0,5423.930337264015,15.487570277861312,-140.09802338863545,19,2
2012-03-10 11:33:00.727793+00:00,15.89,33.15,40.0,5423.930337264015,15.487570277861312,-140.09802338863545,19,2
2012-03-10 11:34:00.727793+00:00,15.92,33.2,40.0,6010.582834161841,15.512062905014965,-140.04903813432816,18,2
2012-03-10 11:35:00.727793+00:00,15.94,33.24,40.0,6493.454759857289,15.61987246199198,-139.83341902037412,19,2
2012-03-10 11:36:00.727793+00:00,15.96,33.29,40.0,5594.868297489112,15.61987246199198,-139.83341902037412,21,3
2012-03-10 11:37:00.727793+00:00,15.96,33.29,40.0,5974.54970056063,15.701828000886522,-139.66950794258503,24,2
2012-03-10 11:38:00.727793+00:00,15.94,33.24,40.0,5541.384557190519,15.667936191809869,-139.73729156073836,24,2
2012-03-10 11:39:00.727793+00:00,15.96,33.29,40.0,5455.915577077971,15.58543340315622,-139.90229713804564,24,3
2012-03-10 11:40:00.727793+00:00,15.96,33.29,40.0,5249.557487756566,15.466801831493674,-140.13956028137073,24,2
2012-03-10 11:41:00.727793+00:00,15.98,33.33,40.0,5074.197383516879,15.290293845480305,-140.4925762533975,24,2
2012-03-10 11:42:00.727793+00:00,16.03,33.42,40.0,4826.267879189857,15.248790395262665,-140.57558315383275,24,4
2012-03-10 11:43:00.727793+00:00,16.03,33.42,40.0,4467.648418935859,15.111203328962546,-140.850757286433,25,2
2012-03-10 11:44:00.727793+00:00,16.03,33.42,40.0,3854.758956993137,14.474139321552713,-142.12488530125268,25,2
2012-03-10 11:45:00.727793+00:00,16.0,33.37,40.0,3104.214316269715,14.407195035098066,-142.25877387416196,24,3
2012-03-10 11:46:00.727793+00:00,15.98,33.33,40.0,2955.862289427489,14.378531928578784,-142.3161000872005,23,2
2012-03-10 11:47:00.727793+00:00,16.03,33.42,40.0,2860.447663819474,14.043815181154033,-142.98553358205004,22,2
2012-03-10 11:48:00.727793+00:00,16.0,33.37,40.0,2799.0960883735333,13.822399414802105,-143.4283651147539,22,3
2012-03-10 11:49:00.727793+00:00,16.0,33.37,40.0,2663.911606019867,13.822399414802105,-143.4283651147539,22,2
2012-03-10 11:52:00.727793+00:00,15.94,33.24,40.0,1492.7874595311714,13.1442839256795,-144.7845960929991,22,3
2012-03-10 11:53:00.727793+00:00,15.94,33.24,40.0,1157.59126531506,12.636429396448026,-145.80030515146206,20,2
2012-03-10 11:54:00.727793+00:00,15.94,33.24,40.0,1142.3922397201136,12.546675968390598,-145.9798120075769,18,2
2012-03-10 11:55:00.727793+00:00,15.94,33.24,40.0,1157.0843651425191,12.636429396448026,-145.80030515146206,16,3
2012-03-10 11:56:00.727793+00:00,15.94,33.24,40.0,1172.2833907374654,12.722253459331778,-145.62865702569454,15,2
2012-03-10 12:01:00.728110+00:00,15.81,32.98,40.0,1058.1172261493352,12.991585770124134,-147.03325190141834,13,2
2012-03-10 12:02:00.728110+00:00,15.92,33.2,40.0,1413.7145828754776,13.060733031386423,-146.89495737889374,15,2
2012-03-10 12:03:00.728110+00:00,16.0,33.37,40.0,1487.2540640950374,13.314509145468792,-146.38740515072902,17,3
2012-03-10 12:04:00.728110+00:00,15.92,33.2,40.0,1543.938134344452,13.387844624093088,-146.24073419348042,19,2
2012-03-10 12:05:00.728110+00:00,15.92,33.2,40.0,1618.3031763809972,13.595532776384688,-145.8253578888972,22,2
2012-03-10 12:06:00.728110+00:00,36.59,40.0,0.17,1926.492895470564,14.217528766385607,-144.58136590889535,20,2
2012-03-10 12:07:00.728110+00:00,36.59,40.0,0.17,2351.790693279057,14.659297397927784,-143.697828645811,18,2
2012-03-10 12:08:00.728110+00:00,36.59,40.0,0.17,2650.136931778553,14.87770052585256,-143.26102238996145,16,2
2012-03-10 12:09:00.728110+00:00,36.59,40.0,0.17,3028.2731875474683,15.13490322366547,-142.74661699433565,16,2
2012-03-10 12:10:00.728110+00:00,36.59,40.0,0.17,3493.371435417716,15.692562347515578,-141.63129874663542,17,2
2012-03-10 12:13:00.728110+00:00,36.59,40.0,0.17,3032.6596987882745,15.348116775794615,-142.32018989007736,18,2
2012-03-10 12:14:00.728110+00:00,36.59,40.0,0.17,2703.750787243865,15.2355508060182,-142.5453218296302,18,2
2012-03-10 12:15:00.728110+00:00,36.59,40.0,0.17,2708.137298484671,15.47264910367904,-142.0711252343085,16,3
2012-03-10 12:16:00.728110+00:00,40.0,0.07,0.17,2746.346582383942,15.5167399402377,-141.98294356119118,19,2
2012-03-10 12:17:00.728110+00:00,15.89,33.15,40.0,3527.654118037544,15.519287892332072,-141.97784765700246,21,3
2012-03-10 12:18:00.728110+00:00,15.96,33.29,40.0,3527.654118037544,15.519287892332072,-141.97784765700246,23,2
2012-03-10 12:20:00.728110+00:00,6.49,14.18,21.61,3660.1427045549576,15.5167399402377,-141.98294356119118,23,2
2012-03-10 12:21:00.728110+00:00,6.48,14.15,21.56,3974.2672441658174,15.351805237433688,-142.3128129667992,24,3
2012-03-10 12:22:00.728110+00:00,6.49,14.18,21.61,4798.939878488682,15.57018501760288,-141.87605340646084,25,2
2012-03-10 12:23:00.728110+00:00,6.52,14.24,21.71,4817.726137555584,15.544736454967476,-141.92695053173165,24,4
2012-03-10 12:24:00.728110+00:00,6.51,14.21,21.66,4836.5123966224855,15.773914642259614,-141.46859415714738,25,2
2012-03-10 12:25:00.728110+00:00,6.52,14.24,21.71,4817.726137555584,15.97130157609526,-141.07382028947606,26,3
2012-03-10 12:26:00.728110+00:00,6.49,14.18,21.61,4660.143222354588,15.97130157609526,-141.07382028947606,24,2
2012-03-10 12:27:00.728110+00:00,6.55,14.31,21.8,4521.346566220494,15.969650809712848,-141.07712182224088,23,3
2012-03-10 12:28:00.728110+00:00,6.61,14.43,21.99,4416.1866052876685,16.557274600712958,-139.9018742402407,22,3
2012-03-10 12:29:00.728110+00:00,6.99,15.21,23.17,5130.888784058605,16.798312390624293,-139.41979866041802,21,2
2012-03-10 12:31:00.728110+00:00,7.54,16.36,24.91,5369.702014006763,17.095794230767574,-138.82483498013144,18,2
2012-03-10 12:33:00.728110+00:00,11.5,24.39,37.0,6941.330695099619,17.51239680304238,-137.99162983558182,16,2
2012-03-10 12:38:00.728110+00:00,7.23,15.71,23.92,16816.30344380719,19.11200830272543,-134.79240683621572,13,3
2012-03-10 12:39:00.728110+00:00,7.17,15.59,23.73,12947.574473736957,19.08616422092198,-134.84409499982263,12,2
2012-03-10 12:43:00.728110+00:00,1.64,3.7,5.66,18505.81078832777,19.270669369714938,-134.47508470223673,15,2
2012-03-10 12:45:00.728110+00:00,16.36,34.09,40.0,17752.10966356797,19.585785670482142,-133.84485210070233,17,3
2012-03-10 12:46:00.728110+00:00,16.99,35.33,40.0,17529.636453350045,19.585785670482142,-133.84485210070233,19,2
2012-03-10 12:47:00.728110+00:00,0.0,0.0,0.0,16823.071993872014,19.585785670482142,-133.84485210070233,19,2
2012-03-10 12:48:00.728110+00:00,0.0,0.0,0.0,16823.071993872014,19.41737953187005,-134.18166437792647,19,2
2012-03-10 12:50:00.728110+00:00,0.0,0.0,0.0,14621.287187810634,19.270669369714938,-134.47508470223673,21,3
2012-03-10 12:52:00.728110+00:00,5.76,12.66,19.3,12670.310227157366,18.969672253507305,-135.07707893465198,23,2
2012-03-10 12:53:00.728110+00:00,20.03,40.0,40.0,10571.45964036261,18.068134948915084,-136.88015354383643,25,2
2012-03-10 12:54:00.728110+00:00,5.75,12.62,19.25,9883.705176154474,17.947266646939713,-137.12189014778718,25,3
2012-03-10 12:55:00.728110+00:00,13.82,29.03,40.0,9047.53261539162,17.762287592641382,-137.49184825638383,26,3
2012-03-10 12:56:00.728110+00:00,14.46,30.3,40.0,9335.056199886494,17.711033666952545,-137.59435610776148,26,3
2012-03-10 12:57:00.728110+00:00,14.48,30.34,40.0,9875.815702108312,17.752172278957026,-137.51207888375254,27,4
2012-03-10 12:58:00.728110+00:00,14.66,30.71,40.0,9879.760439131393,17.80668350721373,-137.4030564272391,28,2
2012-03-10 12:59:00.728110+00:00,6.6,14.4,21.94,11882.752460086547,17.80668350721373,-137.4030564272391,28,2
2012-03-10 13:00:00.728110+00:00,14.99,31.36,40.0,14013.112365308803,17.861194735470434,-137.2940339707257,27,4
2012-03-10 13:01:00.728110+00:00,38.41,40.0,0.17,14740.48662478462,17.904230691205072,-137.20796205925643,26,2
2012-03-10 13:02:00.728110+00:00,15.96,33.29,40.0,17783.95694510825,18.262552349038632,-136.49131874358932,25,2
2012-03-10 13:03:00.728110+00:00,16.2,33.77,40.0,18442.260079568103,18.33415158197655,-136.34812027771352,24,3
2012-03-10 13:04:00.728110+00:00,17.22,35.8,40.0,18879.39975174408,18.35368468858441,-136.3090540644978,25,2
2012-03-10 13:05:00.728110+00:00,17.08,35.51,40.0,19768.50586053848,18.58870480455996,-135.83901383254667,23,2
2012-03-10 13:06:00.728110+00:00,17.08,35.51,40.0,21883.715657480527,18.58870480455996,-135.83901383254667,23,3
2012-03-10 13:07:00.728110+00:00,17.1,35.56,40.0,21767.241226311817,18.58870480455996,-135.83901383254667,23,2
2012-03-10 13:08:00.728110+00:00,17.22,35.8,40.0,21505.669326371684,18.58870480455996,-135.83901383254667,23,2
2012-03-10 13:09:00.728110+00:00,17.2,35.75,40.0,21505.669326371684,18.58870480455996,-135.83901383254667,23,3
2012-03-10 13:10:00.728110+00:00,17.2,35.75,40.0,21505.669326371684,18.58870480455996,-135.83901383254667,23,2
2012-03-10 13:11:00.728110+00:00,17.2,35.75,40.0,21373.560058309296,18.49662009020558,-136.02318326125544,22,2
2012-03-10 13:12:00.728110+00:00,17.2,35.75,40.0,18768.474259790462,18.19140231915673,-136.63361880335313,21,3
2012-03-10 13:13:00.728110+00:00,17.18,35.7,40.0,18362.332720218943,18.158021852342927,-136.70037973698072,20,2
2012-03-10 13:14:00.728110+00:00,17.18,35.7,40.0,16195.659422636798,17.880797587815287,-137.254828266036,18,2
2012-03-10 13:27:00.728110+00:00,17.18,35.7,40.0,19014.26661460891,18.37516880441892,-136.26608583282876,17,2
2012-03-10 13:28:00.728110+00:00,17.2,35.75,40.0,19509.70821897577,18.39381357073992,-136.22879630018676,17,2
2012-03-10 13:29:00.728110+00:00,17.2,35.75,40.0,19509.70821897577,18.39381357073992,-136.22879630018676,19,2
2012-03-10 13:30:00.728110+00:00,17.2,35.75,40.0,19509.70821897577,18.39381357073992,-136.22879630018676,21,2
2012-03-10 13:31:00.728110+00:00,17.22,35.8,40.0,20514.01870168936,18.42835206734565,-136.1597193069753,21,3
2012-03-10 13:32:00.728110+00:00,17.22,35.8,40.0,20745.098577665056,18.60054114751168,-135.81534114664322,24,2
2012-03-10 13:33:00.728110+00:00,17.25,35.84,40.0,20030.930925168628,18.772730227677712,-135.47096298631115,23,2
2012-03-10 13:34:00.728110+00:00,17.3,35.94,40.0,19509.70821897577,18.56782688460495,-135.8807696724567,23,3
2012-03-10 13:35:00.728110+00:00,17.32,35.99,40.0,18616.26879546909,18.480820227672435,-136.05478298632173,24,2
2012-03-10 13:36:00.728110+00:00,17.34,36.03,40.0,17401.75377124235,18.39381357073992,-136.22879630018676,23,2
2012-03-10 13:37:00.728110+00:00,17.37,36.08,40.0,17071.793269606886,18.188618430897364,-136.63918657987188,23,3
2012-03-10 13:38:00.728110+00:00,17.42,36.18,40.0,16873.720814958244,18.253140512557927,-136.51014241655074,24,2
2012-03-10 13:39:00.728110+00:00,17.44,36.22,40.0,16675.6483603096,18.41957240316835,-136.17727863532988,23,3
2012-03-10 13:40:00.728110+00:00,17.51,36.37,40.0,16675.6483603096,18.41957240316835,-136.17727863532988,23,2
2012-03-10 13:41:00.728110+00:00,17.54,36.42,40.0,15247.227290658791,18.100793906096985,-136.8148356294726,24,2
2012-03-10 13:42:00.728110+00:00,17.59,36.51,40.0,13715.381372455036,17.75694278489383,-137.50253787187893,23,3
2012-03-10 13:43:00.728110+00:00,17.61,36.56,40.0,13767.093796731511,17.769479096959724,-137.47746524774715,24,2
2012-03-10 13:44:00.728110+00:00,17.63,36.61,40.0,13498.12049002251,17.744046275555807,-137.52833089055497,24,2
2012-03-10 13:45:00.728110+00:00,17.66,36.66,40.0,13498.12049002251,17.744046275555807,-137.52833089055497,22,3
2012-03-10 13:46:00.728110+00:00,17.68,36.71,40.0,13280.859607589982,17.625119128758303,-137.76618518415,21,2
2012-03-10 13:47:00.728110+00:00,17.76,36.86,40.0,13498.12049002251,17.67813444748804,-137.6601545466905,22,2
2012-03-10 13:48:00.728110+00:00,17.76,36.86,40.0,13715.381372455036,17.731149766217783,-137.55412390923104,21,3
2012-03-10 13:51:00.728110+00:00,17.81,36.95,40.0,18050.32184960915,18.24488538630104,-136.5266526690645,21,2
2012-03-10 13:52:00.728110+00:00,17.83,37.0,40.0,18730.02893033828,18.4352206080803,-136.145982225506,21,2
2012-03-10 13:53:00.728110+00:00,17.88,37.1,40.0,19777.584624556526,18.50566570698067,-136.00509202770525,21,2
2012-03-10 13:54:00.728110+00:00,17.88,37.1,40.0,22189.74055781532,18.7390582530363,-135.538306935594,21,3
2012-03-10 13:55:00.728110+00:00,17.91,37.15,40.0,22189.74055781532,18.7390582530363,-135.538306935594,23,2
2012-03-10 13:56:00.728110+00:00,17.91,37.15,40.0,22933.55168447332,18.745692458075656,-135.5250385255153,24,2
2012-03-10 13:57:00.728110+00:00,12.11,25.62,38.84,23677.362811131326,18.75232666311501,-135.51177011543658,23,3
2012-03-10 13:58:00.728110+00:00,12.11,25.62,38.84,19777.584624556526,18.721278579989985,-135.5738662816866,23,2
2012-03-10 13:59:00.728110+00:00,12.11,25.62,38.84,19226.096521165924,18.50566570698067,-136.00509202770525,23,2
2012-03-10 14:00:00.728110+00:00,12.11,25.62,38.84,19226.096521165924,18.50566570698067,-136.00509202770525,23,3
2012-03-10 14:01:00.728110+00:00,12.11,25.62,38.84,18714.15542048414,18.40106165280247,-136.21430013606167,24,2
2012-03-10 14:02:00.728110+00:00,12.11,25.62,38.84,16563.32175087597,18.217447338860648,-136.5815287639453,24,2
2012-03-10 14:03:00.728110+00:00,12.11,25.62,38.84,15801.35586606817,17.90251525106987,-137.21139293952686,23,3
2012-03-10 14:04:00.728110+00:00,12.11,25.62,38.84,14564.656730588777,17.843369867502687,-137.32968370666123,22,2
2012-03-10 14:05:00.728110+00:00,12.11,25.62,38.84,12428.504739128137,17.676804292798725,-137.66281485606913,21,2
2012-03-10 14:06:00.728110+00:00,12.1,25.58,38.79,11849.252038888631,17.342286982749407,-138.33184947616778,19,3
2012-03-10 14:07:00.728110+00:00,40.0,0.07,0.17,11659.793259297085,17.12576696197666,-138.7648895177133,18,3
2012-03-10 14:36:00.728110+00:00,19.04,39.4,40.0,9050.590772824367,16.700216630303512,-139.61599018105957,15,2
2012-03-10 14:37:00.728110+00:00,19.07,39.45,40.0,9232.164928338309,16.79560968604185,-139.4252040695829,16,2
2012-03-10 14:38:00.728110+00:00,19.09,39.5,40.0,9413.739083852246,16.89100274178019,-139.2344179581062,17,2
2012-03-10 14:39:00.728110+00:00,19.12,39.56,40.0,9522.72062680444,16.89100274178019,-139.2344179581062,19,2
2012-03-10 14:40:00.728110+00:00,19.12,39.56,40.0,10536.43874530554,17.013443441608132,-138.9895365584503,20,2
2012-03-10 14:41:00.728110+00:00,19.15,39.61,40.0,10536.43874530554,17.013443441608132,-138.9895365584503,22,2
2012-03-10 14:42:00.728110+00:00,19.2,39.72,40.0,9685.75110848974,16.84185849903755,-139.3327064435915,22,2
2012-03-10 14:43:00.728110+00:00,19.23,39.77,40.0,9404.817403734249,16.769369469650133,-139.47768450236634,22,3
2012-03-10 14:44:00.728110+00:00,19.28,39.88,40.0,9404.817403734249,16.769369469650133,-139.47768450236634,22,2
2012-03-10 14:45:00.728110+00:00,19.34,39.99,40.0,9404.817403734249,16.769369469650133,-139.47768450236634,22,2
2012-03-10 14:46:00.728110+00:00,19.42,40.0,40.0,9286.914180664058,16.746024683005356,-139.52437407565589,23,2
2012-03-10 14:47:00.728110+00:00,19.45,40.0,40.0,9286.914180664058,16.746024683005356,-139.52437407565589,23,2
2012-03-10 14:48:00.728110+00:00,19.53,40.0,40.0,9286.914180664058,16.746024683005356,-139.52437407565589,23,3
2012-03-10 14:49:00.728110+00:00,19.58,40.0,40.0,8785.832222102777,16.79271425629491,-139.43099492907675,23,2
2012-03-10 14:50:00.728110+00:00,19.61,40.0,40.0,8721.936383078153,16.746024683005356,-139.52437407565589,23,2
2012-03-10 14:51:00.728110+00:00,19.67,40.0,40.0,8721.936383078153,16.746024683005356,-139.52437407565589,23,3
2012-03-10 14:52:00.728110+00:00,19.69,40.0,40.0,8452.284567372106,16.674884656242824,-139.66665412918093,20,2
2012-03-10 14:53:00.728110+00:00,19.69,40.0,40.0,8452.284567372106,16.674884656242824,-139.66665412918093,18,2
2012-03-10 14:54:00.728110+00:00,19.69,40.0,40.0,8118.736912641436,16.515367991346185,-139.9856874589742,17,3
2012-03-10 14:55:00.728110+00:00,19.75,40.0,40.0,9033.836347409078,16.674884656242824,-139.66665412918093,18,2
2012-03-10 14:59:00.728110+00:00,19.89,40.0,40.0,9281.84047271538,16.36578854384554,-140.2848463539755,17,2
2012-03-10 15:00:00.728110+00:00,19.95,40.0,40.0,9281.84047271538,16.36578854384554,-140.2848463539755,17,3
2012-03-10 15:01:00.728110+00:00,19.97,40.0,40.0,9513.561653550038,16.784261543393804,-139.44790035487898,18,2
2012-03-10 15:02:00.728110+00:00,20.0,40.0,40.0,9513.561653550038,16.784261543393804,-139.44790035487898,20,3
2012-03-10 15:03:00.728110+00:00,20.0,40.0,40.0,9513.561653550038,16.784261543393804,-139.44790035487898,20,2
2012-03-10 15:04:00.728110+00:00,20.03,40.0,40.0,9745.282834384694,17.116732252504093,-138.78295893665842,21,2
2012-03-10 15:05:00.728110+00:00,20.09,40.0,40.0,9745.282834384694,17.116732252504093,-138.78295893665842,21,2
2012-03-10 15:06:00.728110+00:00,20.12,40.0,40.0,9745.282834384694,17.116732252504093,-138.78295893665842,21,3
2012-03-10 15:09:00.728110+00:00,20.26,40.0,40.0,11092.868395805312,17.38936847083377,-138.23768649999906,21,2
2012-03-10 15:10:00.728110+00:00,20.29,40.0,40.0,11092.868395805312,17.38936847083377,-138.23768649999906,21,3
2012-03-10 15:11:00.728110+00:00,20.35,40.0,40.0,9309.273210859772,16.717607803155943,-139.5812078353547,21,2
2012-03-10 15:12:00.728110+00:00,20.35,40.0,40.0,8395.290240641727,16.67646748960223,-139.6634884624621,21,2
2012-03-10 15:13:00.728110+00:00,20.35,40.0,40.0,8395.290240641727,16.67646748960223,-139.6634884624621,21,3
2012-03-10 15:14:00.728110+00:00,20.38,40.0,40.0,8357.012673306373,16.65623849256729,-139.703946456532,20,2
2012-03-10 15:15:00.728110+00:00,20.46,40.0,40.0,7977.298659865959,16.569484033404336,-139.8774553748579,19,2
2012-03-10 15:16:00.728110+00:00,20.55,40.0,40.0,7546.125605268151,16.49417907177354,-140.02806529811951,20,3
2012-03-10 15:19:00.728110+00:00,20.67,40.0,40.0,6564.055464105636,16.3185148561668,-140.379393729333,20,2
2012-03-10 15:20:00.728110+00:00,20.7,40.0,40.0,6497.329264506758,16.139519340802444,-140.7373847600617,20,3
2012-03-10 15:21:00.728110+00:00,20.73,40.0,40.0,6536.353430030324,16.008275590024,-140.99987226161858,20,2
2012-03-10 15:22:00.728110+00:00,20.76,40.0,40.0,6578.215419612681,16.10707630500728,-140.80227083165204,20,2
2012-03-10 15:23:00.728110+00:00,20.76,40.0,40.0,6578.215419612681,16.10707630500728,-140.80227083165204,22,3
2012-03-10 15:24:00.728110+00:00,20.76,40.0,40.0,7291.608056776977,16.38911846786855,-140.2381865059295,24,2
2012-03-10 15:25:00.728110+00:00,20.73,40.0,40.0,7345.310289653606,16.395642455002807,-140.22513853166097,24,3
2012-03-10 15:26:00.728110+00:00,20.76,40.0,40.0,7317.608255578294,16.395642455002807,-140.22513853166097,24,2
2012-03-10 15:27:00.728110+00:00,20.76,40.0,40.0,7317.608255578294,16.395642455002807,-140.22513853166097,24,2
2012-03-10 15:28:00.728110+00:00,20.76,40.0,40.0,6550.51338553737,16.13552069767906,-140.74538204630846,23,3
2012-03-10 15:29:00.728110+00:00,20.79,40.0,40.0,7678.136521562723,16.474680574107687,-140.06706229345122,24,2
2012-03-10 15:30:00.728110+00:00,20.79,40.0,40.0,7808.766647180031,16.501402550313962,-140.01361834103866,24,2
2012-03-10 15:31:00.728110+00:00,20.79,40.0,40.0,8780.578559429432,16.86728440294887,-139.28185463576887,21,3
2012-03-10 15:32:00.728110+00:00,20.79,40.0,40.0,8780.578559429432,16.86728440294887,-139.28185463576887,19,2
2012-03-10 15:33:00.728110+00:00,20.82,40.0,40.0,8780.578559429432,16.86728440294887,-139.28185463576887,19,2
2012-03-10 15:34:00.728110+00:00,20.85,40.0,40.0,8780.578559429432,16.766343671713063,-139.48373609824048,19,3
2012-03-10 15:38:00.728110+00:00,20.91,40.0,40.0,8989.494902303222,16.86728440294887,-139.28185463576887,19,3
2012-03-10 15:39:00.728110+00:00,20.91,40.0,40.0,9085.606990999564,16.816814037330964,-139.3827953670047,18,2
2012-03-10 15:40:00.728110+00:00,20.94,40.0,40.0,9390.635422569696,16.766343671713063,-139.48373609824048,19,2
2012-03-10 15:41:00.728110+00:00,20.94,40.0,40.0,8802.734401235013,16.766343671713063,-139.48373609824048,21,2
2012-03-10 15:42:00.728110+00:00,20.94,40.0,40.0,8243.77549939138,16.766343671713063,-139.48373609824048,23,3
2012-03-10 15:43:00.728110+00:00,20.97,40.0,40.0,8059.465487382542,16.66683268515991,-139.68275807134677,24,2
2012-03-10 15:44:00.728110+00:00,20.97,40.0,40.0,7684.967186894302,16.567321698606754,-139.88178004445308,23,3
2012-03-10 15:45:00.728110+00:00,20.97,40.0,40.0,6501.746594569034,16.510189644318114,-139.99604415303037,23,2
2012-03-10 15:46:00.728110+00:00,20.97,40.0,40.0,5865.667544376581,16.23147280544487,-140.55347783077684,23,2
2012-03-10 15:47:00.728110+00:00,20.97,40.0,40.0,5570.01523614124,16.021920477224562,-140.9725824872175,23,2
2012-03-10 15:48:00.728110+00:00,20.97,40.0,40.0,5346.793222484705,15.790454574079211,-141.43551429350816,23,3
2012-03-10 15:49:00.728110+00:00,20.97,40.0,40.0,4780.63268151804,15.753511019374947,-141.5094014029167,23,2
2012-03-10 15:50:00.728110+00:00,20.94,40.0,40.0,4110.14186465878,15.616418971094,-141.7835854994786,21,2
2012-03-10 15:51:00.728110+00:00,20.94,40.0,40.0,3884.0581196550047,15.328342604734154,-142.35973823219828,19,3
2012-03-10 15:52:00.728110+00:00,20.94,40.0,40.0,3756.7507184489623,15.283504757632045,-142.44941392640249,18,2
2012-03-10 15:53:00.728110+00:00,20.91,40.0,40.0,3167.505682365112,14.93089882536828,-143.15462579093003,17,2
2012-03-10 15:54:00.728110+00:00,20.91,40.0,40.0,2344.241263893475,14.18345244281789,-144.6495185560308,17,2
2012-03-10 15:57:00.728110+00:00,21.06,40.0,40.0,2108.189303849573,13.633051488646618,-145.75032046437337,17,2
2012-03-10 15:58:00.728110+00:00,21.09,40.0,40.0,2178.839944198881,13.786239906255702,-145.44394362915517,17,2
2012-03-10 15:59:00.728110+00:00,21.18,40.0,40.0,2485.6733673504377,13.82983670074582,-145.35675004017494,17,2
2012-03-10 16:00:00.728110+00:00,21.21,40.0,40.0,2780.270094209072,14.161364416950676,-144.69369460776525,19,3
2012-03-10 16:01:00.728110+00:00,21.21,40.0,40.0,2847.301291572472,14.18345244281789,-144.6495185560308,21,2
2012-03-10 16:02:00.728110+00:00,21.21,40.0,40.0,2905.494691794247,14.377814487663676,-144.26079446633923,20,2
2012-03-10 16:03:00.728110+00:00,21.21,40.0,40.0,3040.2375666512644,14.653956141690037,-143.7085111582865,18,2
2012-03-10 16:04:00.728110+00:00,21.21,40.0,40.0,3272.8237464919234,14.758276630862248,-143.4998701799421,16,2
2012-03-10 16:05:00.728110+00:00,21.24,40.0,40.0,3697.80991784095,14.887515868172688,-143.24139170532123,14,3
2012-03-10 16:31:00.728110+00:00,21.86,40.0,40.0,3693.2691136652606,14.82082910233938,-143.37476523698783,11,2
2012-03-10 16:32:00.728110+00:00,21.89,40.0,40.0,3444.11207586742,14.758414066268736,-143.49959530912912,13,2
2012-03-10 16:33:00.728110+00:00,21.93,40.0,40.0,3263.6651273603293,14.687050251719675,-143.64232293822724,15,2
2012-03-10 16:34:00.728110+00:00,21.96,40.0,40.0,2937.146961645501,14.56419822906362,-143.88802698353936,18,2
2012-03-10 16:35:00.728110+00:00,21.99,40.0,40.0,2883.76621546692,14.54857704655378,-143.91926934855903,20,2
2012-03-10 16:36:00.728110+00:00,22.02,40.0,40.0,2888.099128921639,14.59441052340722,-143.82760239485214,21,2
2012-03-10 16:37:00.728110+00:00,22.02,40.0,40.0,2879.433302012201,14.50274356970034,-144.01093630226592,21,2
2012-03-10 16:38:00.728110+00:00,22.09,40.0,40.0,2783.322102524535,14.426819342390464,-144.16278475688569,20,3
2012-03-10 16:39:00.728110+00:00,22.12,40.0,40.0,2687.210903036869,14.350895115080585,-144.31463321150542,17,2
2012-03-10 16:40:00.728110+00:00,22.22,40.0,40.0,2514.2688469796385,14.173668125561749,-144.6690871905431,16,2
2012-03-10 16:41:00.728110+00:00,22.25,40.0,40.0,2514.2688469796385,14.173668125561749,-144.6690871905431,14,2
2012-03-10 16:42:00.728110+00:00,22.28,40.0,40.0,2514.2688469796385,14.173668125561749,-144.6690871905431,12,2
2012-03-10 16:53:00.728110+00:00,22.84,40.0,40.0,4006.919310209298,15.309933980883642,-142.39655547989932,13,2
2012-03-10 16:54:00.728110+00:00,22.84,40.0,40.0,4759.664492584025,15.90736730183703,-141.20168883799252,14,2
2012-03-10 16:55:00.728110+00:00,2.76,6.18,9.46,4006.919310209298,15.474503574450033,-142.06741629276652,15,2
2012-03-10 16:56:00.728110+00:00,2.76,6.18,9.46,4006.919310209298,15.474503574450033,-142.06741629276652,17,2
2012-03-10 16:57:00.728110+00:00,2.76,6.18,9.46,3953.920400792673,15.438221331787478,-142.13998077809163,19,3
2012-03-10 16:58:00.728110+00:00,2.76,6.18,9.46,3962.048639878105,15.456362453118755,-142.1036985354291,18,2
2012-03-10 17:00:00.728110+00:00,2.76,6.18,9.46,3860.2786528633856,15.456362453118755,-142.1036985354291,14,2
2012-03-10 17:01:00.728110+00:00,2.76,6.18,9.46,3860.2786528633856,15.456362453118755,-142.1036985354291,12,3
2012-03-10 19:40:00.728110+00:00,8.98,19.29,29.33,1284.5933457296865,12.813174286353313,-147.39007486895997,13,3
2012-03-10 19:41:00.728110+00:00,8.99,19.33,29.38,1259.072971938098,12.615735478461916,-147.78495248474275,16,2
2012-03-10 19:42:00.728110+00:00,8.99,19.33,29.38,1259.072971938098,12.615735478461916,-147.78495248474275,18,2
2012-03-10 19:45:00.728110+00:00,9.01,19.36,29.43,1318.8905614569508,12.806173003349402,-147.4040774349678,22,3
2012-03-10 19:46:00.728110+00:00,9.03,19.39,29.47,1318.8905614569508,12.806173003349402,-147.4040774349678,20,2
2012-03-10 19:47:00.728110+00:00,9.03,19.39,29.47,1318.8905614569508,12.806173003349402,-147.4040774349678,18,2
2012-03-10 19:48:00.728110+00:00,14.81,30.99,40.0,1582.3703320867994,12.8819709205187,-147.2524816006292,18,2
2012-03-10 19:49:00.728110+00:00,14.85,31.07,40.0,1647.4908953672252,13.064242657908046,-146.8879381258505,18,3
2012-03-10 19:53:00.728110+00:00,15.01,31.41,40.0,3035.27916081195,14.303737113967422,-144.40894921373174,18,2
2012-03-10 19:54:00.728110+00:00,15.01,31.41,40.0,3978.582049440496,14.69330991546785,-143.6298036107309,18,2
2012-03-10 19:55:00.728110+00:00,15.01,31.41,40.0,4213.243015864187,14.83988370909166,-143.33665602348327,18,2
2012-03-10 19:56:00.728110+00:00,15.01,31.41,40.0,4130.278346952831,14.69330991546785,-143.6298036107309,20,3
2012-03-10 19:57:00.728110+00:00,15.04,31.45,40.0,4059.067929931544,14.566273563281818,-143.88387631510295,22,2
2012-03-10 19:58:00.728110+00:00,15.04,31.45,40.0,4022.2114749014577,14.530253428145167,-143.95591658537626,23,2
2012-03-10 19:59:00.728110+00:00,15.06,31.49,40.0,3861.2397139193617,14.417194072977797,-144.182035295711,23,3
2012-03-10 20:00:00.728110+00:00,15.08,31.53,40.0,3423.735264842026,14.392533748140028,-144.23135594538653,23,2
2012-03-10 20:01:00.728110+00:00,15.08,31.53,40.0,3382.7231042453686,14.40486391055891,-144.20669562054877,22,2
2012-03-10 20:02:00.728110+00:00,15.08,31.53,40.0,3305.814885889116,14.294159764830566,-144.42810391200544,23,3
2012-03-10 20:03:00.728110+00:00,15.12,31.61,40.0,2958.5386916613065,14.18298757988956,-144.65044828188746,21,2
2012-03-10 20:04:00.728110+00:00,15.14,31.66,40.0,2850.40246899853,13.790069514873291,-145.43628441192,18,2
2012-03-10 20:05:00.728110+00:00,15.16,31.7,40.0,2602.44013307743,13.65822732867489,-145.6999687843168,18,2
2012-03-10 20:06:00.728110+00:00,15.2,31.78,40.0,2222.5349299824406,13.467399599011202,-146.0816242436442,19,2
2012-03-10 20:07:00.728110+00:00,15.22,31.82,40.0,2053.467662204383,13.277706015568318,-146.46101141052995,19,2
2012-03-10 20:10:00.728110+00:00,15.25,31.87,40.0,1559.0209722857967,12.733115705480529,-147.55019203070557,19,3
2012-03-10 20:11:00.728110+00:00,15.31,31.99,40.0,1484.1060984808616,12.587048342725303,-147.84232675621598,19,2
2012-03-10 20:12:00.728110+00:00,15.39,32.16,40.0,1364.8373707456983,12.556343987704388,-147.9037354662578,18,2
2012-03-10 20:15:00.728110+00:00,15.42,32.2,40.0,1383.3939271617082,12.743000295458843,-147.5304228507489,23,2
2012-03-10 20:16:00.728110+00:00,15.42,32.2,40.0,1533.3254365781377,12.827838394618333,-147.36074665242992,23,2
2012-03-10 20:17:00.728110+00:00,15.44,32.25,40.0,1560.6340072355492,13.005367079299946,-147.0056892830667,23,3
2012-03-10 20:18:00.728110+00:00,15.44,32.25,40.0,1622.461371346264,13.19698520210989,-146.6224530374468,23,2
2012-03-10 20:19:00.728110+00:00,15.52,32.42,40.0,1623.822335035019,13.359984402330369,-146.2964546370059,23,2
2012-03-10 20:20:00.728110+00:00,15.54,32.46,40.0,1693.9047246055816,13.381359018620548,-146.2537054044255,22,2
2012-03-10 20:21:00.728110+00:00,15.5,32.38,40.0,1701.1000426023595,13.398574864335943,-146.21927371299472,20,3
2012-03-10 20:22:00.728110+00:00,15.46,32.29,40.0,1722.165057291548,13.359984402330369,-146.2964546370059,19,2
2012-03-10 20:23:00.728110+00:00,15.48,32.33,40.0,1701.1000426023595,13.35087766732538,-146.31466810701585,18,2
2012-03-10 20:24:00.728110+00:00,15.48,32.33,40.0,1641.3995322635487,13.17356900581017,-146.66928543004624,18,3
2012-03-10 20:40:00.728110+00:00,40.0,0.07,0.17,1047.219769489937,12.220721980508198,-148.5749794806502,20,3
2012-03-10 20:42:00.728110+00:00,40.0,0.07,0.17,1207.209562139643,12.525815976126395,-147.9647914894138,17,2
2012-03-10 20:47:00.728110+00:00,16.34,34.04,40.0,1625.4885181700731,13.115865430061634,-146.7846925815433,18,2
2012-03-10 20:48:00.728110+00:00,16.36,34.09,40.0,1883.388231976067,13.54276485326389,-145.93089373513882,18,2
2012-03-10 20:49:00.728110+00:00,16.41,34.18,40.0,2095.355116055419,13.578663644378084,-145.8590961529104,18,3
2012-03-10 20:50:00.728110+00:00,16.43,34.22,40.0,2095.355116055419,13.578663644378084,-145.8590961529104,20,2
2012-03-10 20:51:00.728110+00:00,16.45,34.27,40.0,2131.654645377502,13.548999646641802,-145.918424148383,23,2
2012-03-10 20:52:00.728110+00:00,16.48,34.31,40.0,2362.8199917358475,13.608327642114366,-145.79976815743785,23,2
2012-03-10 20:53:00.728110+00:00,16.52,34.4,40.0,2443.922534682035,13.62879734169261,-145.75882875828137,22,3
2012-03-10 20:54:00.728110+00:00,16.5,34.36,40.0,2476.2013975996074,13.649267041270855,-145.71788935912488,23,2
2012-03-10 20:55:00.728110+00:00,16.52,34.4,40.0,2554.700663227386,13.855725874334691,-145.3049716929972,22,2
2012-03-10 20:56:00.728110+00:00,16.55,34.45,40.0,2699.912757621181,14.203441877741652,-144.60953968618327,22,3
2012-03-10 20:57:00.728110+00:00,16.55,34.45,40.0,2776.694682943349,14.228199511912775,-144.56002441784105,23,2
2012-03-10 20:58:00.728110+00:00,16.57,34.49,40.0,2794.462544968452,14.257718907615576,-144.50098562643544,22,2
2012-03-10 20:59:00.728110+00:00,16.55,34.45,40.0,2794.462544968452,14.257718907615576,-144.50098562643544,20,2
2012-03-10 21:00:00.728110+00:00,16.57,34.49,40.0,2844.079040064333,14.306488355341315,-144.40344673098394,18,2
2012-03-10 21:01:00.728110+00:00,16.59,34.54,40.0,2745.3164850648136,14.34233154793167,-144.33176034580327,18,3
2012-03-10 21:02:00.728110+00:00,16.64,34.63,40.0,2741.5011838001465,14.34233154793167,-144.33176034580327,18,2
2012-03-10 21:05:00.728110+00:00,16.8,34.95,40.0,2382.936769073925,14.051976596553168,-144.91247024856025,19,2
2012-03-10 21:06:00.728110+00:00,16.89,35.14,40.0,2202.5215899830027,13.965565074824882,-145.0852932920168,19,2
2012-03-10 21:07:00.728110+00:00,16.94,35.23,40.0,2114.389842406443,13.898866844884855,-145.21868975189687,18,2
2012-03-10 21:08:00.728110+00:00,16.96,35.28,40.0,1878.25554801072,13.378921090484244,-146.2585812606981,19,2
2012-03-10 21:09:00.728110+00:00,16.94,35.23,40.0,1878.25554801072,13.378921090484244,-146.2585812606981,21,3
2012-03-10 21:10:00.728110+00:00,16.94,35.23,40.0,2024.388169203197,13.77307433903907,-145.47027476358846,24,2
2012-03-10 21:11:00.728110+00:00,16.94,35.23,40.0,2102.889995646435,13.930060219429398,-145.1563030028078,23,2
2012-03-10 21:12:00.728110+00:00,16.96,35.28,40.0,2102.889995646435,13.930060219429398,-145.1563030028078,23,3
2012-03-10 21:13:00.728110+00:00,17.01,35.37,40.0,2102.889995646435,13.930060219429398,-145.1563030028078,23,2
2012-03-10 21:14:00.728110+00:00,17.01,35.37,40.0,2017.0124893409488,14.01883811554328,-144.97874721058002,23,2
2012-03-10 21:15:00.728110+00:00,17.03,35.42,40.0,1948.1156214108164,13.908853799293656,-145.1987158430793,23,3
2012-03-10 21:16:00.728110+00:00,17.01,35.37,40.0,1948.1156214108164,13.908853799293656,-145.1987158430793,23,2
2012-03-10 21:17:00.728110+00:00,17.03,35.42,40.0,1919.7605516492245,13.90189743538124,-145.21262857090414,24,2
2012-03-10 21:18:00.728110+00:00,17.08,35.51,40.0,1893.63476053849,13.894941071468825,-145.22654129872896,23,3
2012-03-10 21:19:00.728110+00:00,17.13,35.61,40.0,1893.63476053849,13.894941071468825,-145.22654129872896,21,2
2012-03-10 21:20:00.728110+00:00,17.15,35.65,40.0,1811.1718280522368,13.768166324761,-145.4800907921446,18,2
2012-03-10 21:21:00.728110+00:00,17.2,35.75,40.0,1809.757232821864,13.476009472160415,-146.06440449734575,17,2
2012-03-10 21:22:00.728110+00:00,17.27,35.89,40.0,1631.4286419368511,13.308327353461236,-146.39976873474413,17,3
2012-03-10 21:26:00.728110+00:00,17.49,36.32,40.0,1202.3430172962787,12.320341940606706,-148.37573956045318,18,2
2012-03-10 21:27:00.728110+00:00,17.51,36.37,40.0,920.5403078763076,11.892295871945796,-149.231831697775,17,3
2012-03-10 23:13:00.728110+00:00,13.17,27.73,40.0,1329.0674428885598,11.779773383646814,-149.45687667437295,13,2
2012-03-10 23:14:00.728110+00:00,13.19,27.77,40.0,1329.0674428885598,11.779773383646814,-149.45687667437295,15,2
2012-03-10 23:15:00.728110+00:00,13.21,27.81,40.0,1270.290394460963,11.757565888396575,-149.50129166487343,17,2
2012-03-10 23:16:00.728110+00:00,13.23,27.85,40.0,1258.4076831944024,11.757565888396575,-149.50129166487343,19,2
2012-03-10 23:17:00.728110+00:00,13.08,27.55,40.0,1258.4076831944024,11.757565888396575,-149.50129166487343,19,2
2012-03-10 23:19:00.728110+00:00,13.12,27.62,40.0,1131.1759377001083,11.601275923999282,-149.813871593668,17,2
2012-03-12 10:57:00.729061+00:00,0.53,1.2,1.84,2519.5553346483957,13.71046181740468,-149.14871395864208,10,2
2012-03-12 10:58:00.729061+00:00,0.53,1.2,1.84,2519.5553346483957,13.71046181740468,-149.14871395864208,10,2
2012-03-12 11:00:00.729061+00:00,0.02,0.05,0.1,2140.468946705052,13.509022409262151,-149.55159277492714,14,2
2012-03-12 11:01:00.729061+00:00,0.02,0.03,0.03,2140.468946705052,13.506324947313114,-149.5569876988252,16,2
2012-03-12 11:04:00.729061+00:00,21.18,40.0,40.0,1620.8686445140088,13.43067816317168,-149.70828126710808,16,2
2012-03-12 11:05:00.729061+00:00,38.0,40.0,0.17,1440.3321709516842,13.08449988883827,-150.4006378157749,14,2
2012-03-12 11:06:00.729061+00:00,38.0,40.0,0.17,1440.3321709516842,13.08449988883827,-150.4006378157749,12,2
2012-03-12 11:14:00.729061+00:00,38.0,40.0,0.17,1029.65782218227,13.100376380909704,-150.36888483163202,7,2
2012-03-12 16:15:00.729378+00:00,12.53,26.44,40.0,8104.580285691727,17.11967241903103,-140.95611245544922,12,2
2012-03-12 16:16:00.729378+00:00,12.51,26.41,40.0,8104.580285691727,17.11967241903103,-140.95611245544922,14,2
2012-03-12 16:17:00.729378+00:00,12.49,26.37,39.97,7894.202333655907,17.11967241903103,-140.95611245544922,16,2
2012-03-12 16:18:00.729378+00:00,12.49,26.37,39.97,7193.442194225736,17.09728818071538,-141.00088093208052,18,2
2012-03-12 16:19:00.729378+00:00,12.45,26.3,39.87,7407.058512796008,17.273199158060887,-140.64905897738947,20,2
2012-03-12 16:20:00.729378+00:00,12.42,26.23,39.76,7804.232613511424,17.328575475238573,-140.53830634303412,20,2
2012-03-12 16:21:00.729378+00:00,12.35,26.08,39.54,7894.202333655907,17.448998536623762,-140.29746022026376,20,2
2012-03-12 16:22:00.729378+00:00,12.31,26.01,39.43,7487.279885672162,17.346202833004337,-140.5030516275026,20,2
2012-03-12 16:23:00.729378+00:00,12.26,25.9,39.27,7836.979867005983,17.448998536623762,-140.29746022026376,20,2
2012-03-12 16:24:00.729378+00:00,12.2,25.79,39.11,7836.979867005983,17.448998536623762,-140.29746022026376,20,2
2012-03-12 16:25:00.729378+00:00,12.17,25.72,39.0,7836.979867005983,17.448998536623762,-140.29746022026376,20,2
2012-03-12 16:26:00.729378+00:00,12.11,25.62,38.84,7836.979867005983,17.429647352477616,-140.33616258855605,20,2
2012-03-12 16:27:00.729378+00:00,12.08,25.55,38.73,7487.279885672162,17.32381859468869,-140.5478201041339,20,2
2012-03-12 16:28:00.729378+00:00,12.04,25.47,38.63,7896.423994211313,17.444812893148864,-140.30583150721355,20,2
2012-03-12 16:29:00.729378+00:00,12.02,25.44,38.57,8045.837841561126,17.46247243532309,-140.2705124228651,19,2
2012-03-12 16:30:00.729378+00:00,11.99,25.37,38.47,7409.1149579298435,17.427153350974635,-140.34115059156198,19,2
2012-03-12 16:31:00.729378+00:00,11.95,25.3,38.36,7227.549624482825,17.24688066858988,-140.70169595633152,19,2
2012-03-12 16:32:00.729378+00:00,11.94,25.26,38.31,7052.946946514981,17.18901520717131,-140.81742687916864,19,2
2012-03-12 16:33:00.729378+00:00,11.92,25.23,38.26,6591.690322598661,17.070726976466492,-141.05400334057828,19,2
2012-03-12 16:34:00.729378+00:00,11.92,25.23,38.26,6279.079616749778,16.973731591448434,-141.2479941106144,19,2
2012-03-12 16:35:00.729378+00:00,11.88,25.16,38.15,4661.204722974986,16.292059904348662,-142.61133748481396,19,2
2012-03-12 16:37:00.729378+00:00,11.85,25.09,38.04,2402.992189532015,14.801343805747758,-145.59276968201576,15,2
2012-03-12 16:38:00.729378+00:00,11.83,25.05,37.99,2268.168650688531,14.64998413010704,-145.8954890332972,13,2
2012-03-12 16:39:00.729378+00:00,11.83,25.05,37.99,2234.596435685072,14.562363744005957,-146.07072980549935,12,2
2012-03-12 16:50:00.729378+00:00,4.61,10.21,15.59,13617.680184815144,17.806586704407525,-139.58228388469624,11,2
2012-03-12 16:51:00.729378+00:00,4.61,10.21,15.59,13617.680184815144,17.806586704407525,-139.58228388469624,13,2
2012-03-12 16:52:00.729378+00:00,4.61,10.21,15.59,14602.406767783476,17.899801775863924,-139.3958537417834,15,2
2012-03-12 16:53:00.729378+00:00,4.58,10.14,15.48,14602.406767783476,17.966812978765624,-139.26183133598002,17,2
2012-03-12 16:54:00.729378+00:00,4.53,10.03,15.32,14602.406767783476,17.966812978765624,-139.26183133598002,19,2
2012-03-12 16:55:00.729378+00:00,4.46,9.89,15.11,15382.773008995317,18.266116576257147,-138.663224140997,19,2
2012-03-12 16:56:00.729378+00:00,4.43,9.82,15.0,15052.995923507162,18.303212629436707,-138.58903203463785,20,2
2012-03-12 16:57:00.729378+00:00,4.39,9.75,14.89,14170.449511417077,18.17102804411677,-138.85340120527775,20,2
2012-03-12 16:58:00.729378+00:00,4.36,9.67,14.78,13486.749815764451,18.02137624537101,-139.15270480276925,20,2
2012-03-12 16:59:00.729378+00:00,4.33,9.6,14.67,12594.284164906185,17.94817947635999,-139.2990983407913,20,2
2012-03-12 17:00:00.729378+00:00,4.29,9.53,14.56,11851.763996902626,17.126444760242922,-140.94256777302542,21,2
2012-03-12 17:01:00.729378+00:00,4.26,9.46,14.45,10845.887759494351,16.791217981199182,-141.61302133111292,23,2
2012-03-12 17:02:00.729378+00:00,4.14,9.2,14.05,10845.887759494351,16.461522634530578,-142.27241202445012,23,2
2012-03-12 17:03:00.729378+00:00,4.05,9.01,13.77,10845.887759494351,16.029101628339898,-143.13725403683148,23,2
2012-03-12 17:04:00.729378+00:00,4.04,8.97,13.71,10532.72692346484,15.989023861709471,-143.21740957009234,24,2
2012-03-12 17:05:00.729378+00:00,4.07,9.05,13.82,10532.72692346484,15.914261651352255,-143.36693399080676,24,4
2012-03-12 17:06:00.729378+00:00,4.12,9.16,14.0,10845.887759494351,15.879577207625466,-143.43630287826034,25,3
2012-03-12 17:07:00.729378+00:00,4.16,9.23,14.11,10532.72692346484,15.914261651352255,-143.36693399080676,24,2
2012-03-12 17:08:00.729378+00:00,4.23,9.38,14.33,11081.15350033596,15.914261651352255,-143.36693399080676,22,2
2012-03-12 17:09:00.729378+00:00,4.26,9.46,14.45,11322.176123032576,15.771611605091088,-143.6522340833291,20,3
2012-03-12 17:10:00.729378+00:00,4.26,9.46,14.45,11327.933004887582,15.879577207625466,-143.43630287826034,17,2
2012-03-12 17:11:00.729378+00:00,4.23,9.38,14.33,11724.601753039706,16.71740182537981,-141.76065364275166,13,3
2012-03-12 17:32:00.729378+00:00,8.68,18.7,28.43,20262.94608701415,18.94808982405469,-137.2992776454019,12,2
2012-03-12 17:33:00.729378+00:00,8.68,18.7,28.43,19337.931916421745,18.906850051746883,-137.3817571900175,15,2
2012-03-12 17:34:00.729378+00:00,8.67,18.67,28.38,17656.723681492655,18.79060504099015,-137.61424721153097,18,2
2012-03-12 17:35:00.729378+00:00,8.64,18.6,28.29,16182.728663562631,18.467286138258643,-138.260885016994,21,2
2012-03-12 17:36:00.729378+00:00,8.61,18.54,28.19,15302.669654611302,18.34723480219704,-138.5009876891172,24,2
2012-03-12 17:37:00.729378+00:00,8.56,18.45,28.05,14334.72982873042,18.058924636341885,-139.0776080208275,25,3
2012-03-12 17:38:00.729378+00:00,8.52,18.35,27.91,12362.193956627114,17.740767386001366,-139.71392252150855,26,3
2012-03-12 17:39:00.729378+00:00,8.44,18.2,27.67,10892.09544253486,17.60248823285273,-139.9904808278058,27,3
2012-03-12 17:40:00.729378+00:00,8.38,18.07,27.49,9283.583983461684,17.12060264453449,-140.95425200444228,28,3
2012-03-12 17:41:00.729378+00:00,8.3,17.91,27.25,5830.693271201055,16.76721311385198,-141.66103106580732,29,3
2012-03-12 17:42:00.729378+00:00,8.2,17.7,26.92,5707.68112620153,15.722139684594412,-143.75117792432243,29,3
2012-03-12 17:43:00.729378+00:00,8.06,17.42,26.5,5769.187198701293,15.704407715526427,-143.7866418624584,28,2
2012-03-12 17:44:00.729378+00:00,7.95,17.2,26.17,5707.68112620153,15.722139684594412,-143.75117792432243,27,4
2012-03-12 17:45:00.729378+00:00,7.91,17.11,26.03,5479.30220948141,15.704407715526427,-143.7866418624584,28,3
2012-03-12 17:46:00.729378+00:00,7.85,16.98,25.84,5008.443016804161,15.686675746458445,-143.8221058005944,29,2
2012-03-12 17:47:00.729378+00:00,7.77,16.83,25.61,4824.47888762086,15.261595463804134,-144.672266365903,29,2
2012-03-12 17:48:00.729378+00:00,7.7,16.67,25.37,4603.41790559018,15.332775764089808,-144.52990576533165,30,2
2012-03-12 17:49:00.729378+00:00,7.61,16.49,25.09,4198.3927943762,15.261595463804134,-144.672266365903,31,3
2012-03-12 17:50:00.729378+00:00,7.56,16.39,24.95,4603.41790559018,15.332775764089808,-144.52990576533165,30,4
2012-03-12 17:51:00.729378+00:00,7.56,16.39,24.95,4198.3927943762,15.261595463804134,-144.672266365903,29,4
2012-03-12 17:52:00.729378+00:00,7.61,16.49,25.09,5008.443016804161,15.670465865847722,-143.85452556181582,29,3
2012-03-12 17:53:00.729378+00:00,7.68,16.64,25.33,4198.3927943762,15.670465865847722,-143.85452556181582,29,4
2012-03-12 17:54:00.729378+00:00,7.68,16.64,25.33,3864.026169312981,15.403956064375482,-144.3875451647603,27,3
2012-03-12 17:55:00.729378+00:00,7.7,16.67,25.37,4198.3927943762,15.403956064375482,-144.3875451647603,23,2
2012-03-12 17:56:00.729378+00:00,7.68,16.64,25.33,5529.859028778305,15.403956064375482,-144.3875451647603,19,2
2012-03-12 17:57:00.729378+00:00,7.7,16.67,25.37,5682.069360326741,15.5372109651116,-144.12103536328806,16,2
2012-03-12 19:36:00.729378+00:00,12.15,25.69,38.95,1215.5292906901518,12.36649154081477,-150.46247421188173,11,2
2012-03-12 19:39:00.729378+00:00,4.17,9.27,14.17,1278.4619623890344,12.27780230933949,-150.6398526748323,16,2
2012-03-12 19:43:00.729378+00:00,3.91,8.71,13.3,1580.0127555793413,12.662139779482146,-149.87117773454696,19,2
2012-03-12 19:44:00.729378+00:00,3.93,8.74,13.36,2626.28069973692,13.618279854322186,-147.9588975848669,19,2
2012-03-12 19:45:00.729378+00:00,3.97,8.82,13.48,3313.966173891608,14.102936452362547,-146.98958438878617,19,2
2012-03-12 19:46:00.729378+00:00,3.97,8.82,13.48,3510.7360705981982,14.222367739957376,-146.75072181359653,18,2
2012-03-12 19:47:00.729378+00:00,3.98,8.86,13.54,3593.7311706881765,14.42664858339434,-146.3421601267226,19,2
2012-03-12 19:48:00.729378+00:00,4.0,8.9,13.6,3741.99634948146,14.482092638333691,-146.2312720168439,18,2
2012-03-12 19:49:00.729378+00:00,4.02,8.94,13.65,3890.261528274744,14.537536693273044,-146.12038390696517,17,2
2012-03-12 19:50:00.729378+00:00,4.02,8.94,13.65,3526.056910480654,14.401854567916615,-146.39174815767805,17,2
2012-03-12 19:52:00.729378+00:00,4.04,8.97,13.71,3129.86712218832,14.102936452362547,-146.98958438878617,17,2
2012-03-12 19:58:00.729378+00:00,3.22,7.2,11.01,3075.649747273229,14.982557111409712,-145.23034307069184,23,3
2012-03-12 19:59:00.729378+00:00,3.26,7.28,11.14,76305.49371737473,20.78776781705374,-133.6199216594038,25,3
2012-03-12 20:00:00.729378+00:00,3.3,7.37,11.27,209506.10982649555,23.37011885239373,-128.45521958872382,27,3
2012-03-12 20:01:00.729378+00:00,3.34,7.46,11.4,281352.0975965765,23.92055753896245,-127.35434221558636,29,3
2012-03-12 20:02:00.729378+00:00,3.4,7.58,11.59,296744.59342025645,24.123022154274125,-126.94941298496305,30,3
2012-03-12 20:03:00.729378+00:00,3.41,7.63,11.66,309825.8327337972,24.2226572932266,-126.75014270705807,33,2
2012-03-12 20:04:00.729378+00:00,3.41,7.63,11.66,296744.59342025645,24.123022154274125,-126.94941298496305,32,4
2012-03-12 20:05:00.729378+00:00,3.45,7.71,11.79,319195.4251279396,24.30753107754271,-126.58039513842586,32,4
2012-03-12 20:06:00.729378+00:00,3.53,7.87,12.04,328710.7266009798,24.409104332569544,-126.37724862837216,32,3
2012-03-12 20:07:00.729378+00:00,3.66,8.16,12.47,331693.5200070865,24.45057928045776,-126.29429873259576,32,4
2012-03-12 20:08:00.729378+00:00,3.81,8.47,12.95,328710.7266009798,24.409104332569544,-126.37724862837216,32,3
2012-03-12 20:09:00.729378+00:00,3.88,8.63,13.19,269181.2727531866,23.9067637413401,-127.38192981083108,30,3
2012-03-12 20:10:00.729378+00:00,3.93,8.74,13.36,327340.06445667066,24.50118254301116,-126.19309220748896,30,2
2012-03-12 20:11:00.729378+00:00,4.02,8.94,13.65,325823.69323346374,24.57656128274205,-126.04233472802716,29,3
2012-03-12 20:12:00.729378+00:00,4.04,8.97,13.71,235559.81690190884,23.91477694596587,-127.36590340157954,30,3
2012-03-12 20:13:00.729378+00:00,4.11,9.12,13.94,235559.81690190884,23.91477694596587,-127.36590340157954,28,2
2012-03-12 20:14:00.729378+00:00,4.28,9.49,14.5,269764.795682738,24.191485800565907,-126.81248569237944,29,3
2012-03-12 20:15:00.729378+00:00,4.44,9.85,15.05,203924.34448208837,23.70809197260658,-127.77927334829812,30,3
2012-03-12 20:16:00.729378+00:00,4.54,10.07,15.38,201354.83812107964,23.63806809136583,-127.91932111077962,31,4
2012-03-12 20:17:00.729378+00:00,4.56,10.1,15.43,178577.29780532728,23.25315747102851,-128.68914235145425,32,3
2012-03-12 20:18:00.729378+00:00,4.64,10.28,15.7,182391.1741959244,23.378329677011457,-128.43879793948835,32,3
2012-03-12 20:19:00.729378+00:00,4.64,10.28,15.7,202696.5961915907,23.69318028105055,-127.80909673141018,34,3
2012-03-12 20:20:00.729378+00:00,4.69,10.38,15.86,182391.1741959244,23.378329677011457,-128.43879793948835,32,4
2012-03-12 20:21:00.729378+00:00,4.79,10.59,16.17,104394.23451952689,21.804207858342323,-131.5870415768266,30,4
2012-03-12 20:22:00.729378+00:00,4.81,10.63,16.22,25170.19629723143,18.35856083619303,-138.4783356211252,28,3
2012-03-12 20:23:00.729378+00:00,4.81,10.63,16.22,4979.433826178323,16.227297218358487,-142.7408628567943,27,3
2012-03-12 20:24:00.729378+00:00,4.87,10.76,16.43,4488.966142754047,16.05396603873586,-143.08752521603955,26,3
2012-03-12 20:27:00.729378+00:00,4.68,10.35,15.8,3434.0532172785934,15.278493822465236,-144.6384696485808,20,2
2012-03-12 20:28:00.729378+00:00,4.71,10.42,15.91,3375.4324106930217,15.278493822465236,-144.6384696485808,18,2
2012-03-12 20:29:00.729378+00:00,4.82,10.66,16.28,3241.2978761403506,15.218105714774222,-144.75924586396283,15,2
2012-03-12 20:30:00.729378+00:00,5.59,12.3,18.76,2675.4687735443163,14.574128096212158,-146.04720110108696,15,2
2012-03-12 20:31:00.729378+00:00,5.72,12.56,19.15,2879.776777790405,14.74918181135369,-145.6970936708039,16,2
2012-03-12 20:32:00.729378+00:00,5.75,12.62,19.25,2548.100874210863,14.4410548031295,-146.31334768725227,16,2
2012-03-12 20:35:00.729378+00:00,6.25,13.68,20.85,3103.752124147097,14.74918181135369,-145.6970936708039,16,2
2012-03-12 20:36:00.729378+00:00,6.33,13.83,21.09,3123.4194662577,15.101953482693036,-144.9915503281252,17,2
2012-03-12 20:37:00.729378+00:00,6.37,13.93,21.23,3370.4703992296054,15.271324032659829,-144.65280922819164,18,2
2012-03-12 20:39:00.729378+00:00,6.4,13.99,21.33,3231.3738532135185,15.101953482693036,-144.9915503281252,23,2
2012-03-12 20:40:00.729378+00:00,6.42,14.02,21.37,12723.984491940735,17.28959092825814,-140.61627543699498,24,3
2012-03-12 20:41:00.729378+00:00,6.45,14.09,21.47,104784.51035910824,22.540351389845263,-130.11475451382074,25,3
2012-03-12 20:42:00.729378+00:00,6.45,14.09,21.47,109126.85704553065,22.815721468614587,-129.56401435628212,27,4
2012-03-12 20:43:00.729378+00:00,6.45,14.09,21.47,119841.55125292797,22.90790518875644,-129.3796469159984,29,3
2012-03-12 20:44:00.729378+00:00,6.45,14.09,21.47,119841.55125292797,22.90790518875644,-129.3796469159984,31,3
2012-03-12 20:45:00.729378+00:00,6.51,14.21,21.66,114484.2041492293,22.861813328685518,-129.47183063614025,32,3
2012-03-12 20:46:00.729378+00:00,6.51,14.21,21.66,106955.68370231942,22.678036429229927,-129.83938443505144,32,4
2012-03-12 20:47:00.729378+00:00,6.51,14.21,21.66,101080.23444758666,22.50588440588181,-130.18368848174762,33,3
2012-03-12 20:48:00.729378+00:00,6.49,14.18,21.61,98026.3092755548,22.5078688494795,-130.17971959455227,34,3
2012-03-12 20:49:00.729378+00:00,6.48,14.15,21.56,89067.98270963163,22.29294104570092,-130.6095752021094,34,3
2012-03-12 20:50:00.729378+00:00,6.46,14.12,21.52,86013.59378561302,22.174096840980177,-130.8472636115509,34,3
2012-03-12 20:51:00.729378+00:00,6.43,14.06,21.42,86013.59378561302,22.174096840980177,-130.8472636115509,34,4
2012-03-12 20:52:00.729378+00:00,6.42,14.02,21.37,83163.58131574032,22.079997685520027,-131.0354619224712,33,4
2012-03-12 20:53:00.729378+00:00,6.42,14.02,21.37,83163.58131574032,22.079997685520027,-131.0354619224712,33,3
2012-03-12 20:54:00.729378+00:00,6.4,13.99,21.33,83163.58131574032,22.079997685520027,-131.0354619224712,33,3
2012-03-12 20:55:00.729378+00:00,6.39,13.96,21.28,73638.48285123114,21.8825404365698,-131.43037642037166,33,3
2012-03-12 20:56:00.729378+00:00,6.39,13.96,21.28,72006.4628569241,21.786976244851186,-131.6215048038089,33,3
2012-03-12 20:57:00.729378+00:00,6.37,13.93,21.23,61598.3198419916,21.62323159434785,-131.9489941048156,32,3
2012-03-12 20:58:00.729378+00:00,6.37,13.93,21.23,54402.56032284595,21.283830103838334,-132.62779708583463,32,3
2012-03-12 20:59:00.729378+00:00,6.37,13.93,21.23,47052.339528155215,20.8738753777315,-133.4477065380483,32,4
2012-03-12 21:00:00.729378+00:00,6.36,13.9,21.18,39233.59636246196,20.60980412453932,-133.97584904443264,30,3
2012-03-12 21:01:00.729378+00:00,6.37,13.93,21.23,37542.72404704092,20.580030757447798,-134.03539577861568,27,3
2012-03-12 21:02:00.729378+00:00,6.37,13.93,21.23,36932.4473792506,20.488477484361034,-134.2185023247892,24,4
2012-03-12 21:03:00.729378+00:00,6.39,13.96,21.28,33493.429455549165,20.20073695672022,-134.7939833800708,22,4
2012-03-12 21:04:00.729378+00:00,6.48,14.15,21.56,19512.38037405406,18.47314227402524,-138.24917274546078,22,2
2012-03-12 21:08:00.729378+00:00,6.6,14.4,21.94,24642.270613176537,18.76088280166605,-137.67369169017917,22,2
2012-03-12 21:09:00.729378+00:00,6.6,14.4,21.94,61757.46776868664,19.86021782173766,-135.47502165003596,22,4
2012-03-12 21:10:00.729378+00:00,6.6,14.4,21.94,112651.60597902478,22.77870079759101,-129.63805569832925,25,3
2012-03-12 21:11:00.729378+00:00,6.6,14.4,21.94,105824.8368471012,22.77870079759101,-129.63805569832925,29,4
2012-03-12 21:12:00.729378+00:00,6.58,14.37,21.9,43944.94979417122,19.57479862158296,-136.04586005034537,32,3
2012-03-12 21:13:00.729378+00:00,6.58,14.37,21.9,69512.00165775625,21.89484846245996,-131.40576036859136,35,4
2012-03-12 21:14:00.729378+00:00,6.58,14.37,21.9,70399.38180767761,21.941067534665287,-131.3133222241807,36,3
2012-03-12 21:15:00.729378+00:00,6.57,14.34,21.85,69512.00165775625,21.89484846245996,-131.40576036859136,35,3
2012-03-12 21:16:00.729378+00:00,6.55,14.31,21.8,59129.50044907101,21.48188520321664,-132.231686887078,34,4
2012-03-12 21:17:00.729378+00:00,6.57,14.34,21.85,53003.51482030234,21.20509504296324,-132.7852672075848,34,4
2012-03-12 21:18:00.729378+00:00,6.57,14.34,21.85,39361.68907478861,20.62067113842211,-133.95411501666706,35,4
2012-03-12 21:19:00.729378+00:00,6.58,14.37,21.9,39361.68907478861,20.62067113842211,-133.95411501666706,35,4
2012-03-12 21:20:00.729378+00:00,6.6,14.4,21.94,43092.70414527097,20.75912723640124,-133.6772028207088,34,3
2012-03-12 21:21:00.729378+00:00,6.61,14.43,21.99,39361.68907478861,20.62067113842211,-133.95411501666706,33,3
2012-03-12 21:22:00.729378+00:00,6.61,14.43,21.99,39361.68907478861,20.62067113842211,-133.95411501666706,31,4
2012-03-12 21:23:00.729378+00:00,6.61,14.43,21.99,39361.68907478861,20.62067113842211,-133.95411501666706,27,2
2012-03-12 21:24:00.729378+00:00,6.64,14.49,22.09,32193.35368475864,20.21116166198722,-134.77313396953684,25,3
2012-03-12 21:25:00.729378+00:00,6.69,14.59,22.23,5175.686046716962,15.939029634170286,-143.3173980251707,23,3
2012-03-12 21:26:00.729378+00:00,6.73,14.68,22.37,1589.2620505310251,13.78016521157424,-147.6351268703628,21,3
2012-03-12 21:37:00.729378+00:00,7.91,17.11,26.03,3623.979884669083,14.139014480263947,-146.91742833298338,21,2
2012-03-12 21:38:00.729378+00:00,7.91,17.11,26.03,7137.239352018019,16.05423195392923,-143.08699338565282,22,2
2012-03-12 21:39:00.729378+00:00,7.91,17.11,26.03,10650.498819366956,17.969449427594512,-139.25655843832226,23,4
2012-03-12 21:40:00.729378+00:00,7.91,17.11,26.03,10650.498819366956,17.969449427594512,-139.25655843832226,27,3
2012-03-12 21:41:00.729378+00:00,7.89,17.07,25.98,11404.105280620308,17.86027872801313,-139.474899837485,30,4
2012-03-12 21:42:00.729378+00:00,7.89,17.07,25.98,10411.697578105286,17.86027872801313,-139.474899837485,32,4
2012-03-12 21:43:00.729378+00:00,7.91,17.11,26.03,10172.896336843616,16.614828144681915,-141.96580100414744,33,3
2012-03-12 21:44:00.729378+00:00,7.89,17.07,25.98,8916.991856536526,16.133435936479437,-142.9285854205524,32,3
2012-03-12 21:45:00.729378+00:00,7.88,17.04,25.94,8916.991856536526,16.133435936479437,-142.9285854205524,30,3
2012-03-12 21:46:00.729378+00:00,7.88,17.04,25.94,8057.876022216405,16.133435936479437,-142.9285854205524,30,3
2012-03-12 21:47:00.729378+00:00,7.89,17.07,25.98,8454.664668203373,16.614828144681915,-141.96580100414744,29,3
2012-03-12 21:48:00.729378+00:00,7.91,17.11,26.03,9313.780502523496,17.02507194830767,-141.14531339689592,28,3
2012-03-12 21:50:00.729378+00:00,7.92,17.14,26.08,8454.664668203373,17.271571630101608,-140.65231403330807,25,3
2012-03-12 21:51:00.729378+00:00,7.95,17.2,26.17,7529.345775180767,16.905525961345464,-141.38440537082033,24,2
2012-03-12 21:52:00.729378+00:00,7.91,17.11,26.03,8454.664668203373,17.271571630101608,-140.65231403330807,23,3
2012-03-12 21:53:00.729378+00:00,7.88,17.04,25.94,9091.089410228098,17.581077615067393,-140.03330206337648,22,2
2012-03-12 21:54:00.729378+00:00,7.88,17.04,25.94,9091.089410228098,17.581077615067393,-140.03330206337648,20,2
2012-03-12 21:56:00.729378+00:00,7.86,17.01,25.89,9727.51415225282,17.72683947820137,-139.74177833710854,15,2
2012-03-12 21:57:00.729378+00:00,7.82,16.92,25.75,8562.55916319246,17.499205554151487,-140.1970461852083,12,2
2012-03-13 03:21:00.729695+00:00,13.63,28.65,40.0,12507.530582630518,17.1865318374897,-141.66019124852107,16,2
2012-03-13 03:22:00.729695+00:00,13.63,28.65,40.0,12555.372370051218,17.266044701322596,-141.5011655208553,17,2
2012-03-13 03:23:00.729695+00:00,13.63,28.65,40.0,12459.688795209817,17.266044701322596,-141.5011655208553,19,2
2012-03-13 03:24:00.729695+00:00,13.63,28.65,40.0,12555.372370051218,17.543512314428554,-140.9462302946434,19,2
2012-03-13 03:25:00.729695+00:00,13.57,28.53,40.0,12721.454081475036,17.560805146837367,-140.91164462982573,20,2
2012-03-13 03:26:00.729695+00:00,13.57,28.53,40.0,12721.454081475036,17.560805146837367,-140.91164462982573,22,2
2012-03-13 03:27:00.729695+00:00,13.57,28.53,40.0,12721.454081475036,17.560805146837367,-140.91164462982573,22,2
2012-03-13 03:28:00.729695+00:00,13.55,28.49,40.0,12092.712033467356,17.3115506183289,-141.41015368684268,22,2
2012-03-13 03:29:00.729695+00:00,13.57,28.53,40.0,12092.712033467356,17.3115506183289,-141.41015368684268,22,2
2012-03-13 03:30:00.729695+00:00,13.57,28.53,40.0,10125.167376127052,17.266044701322596,-141.5011655208553,23,3
2012-03-13 03:31:00.729695+00:00,13.59,28.57,40.0,9779.019385468217,17.071679137425587,-141.8898966486493,24,2
2012-03-13 03:32:00.729695+00:00,13.59,28.57,40.0,8514.293550181876,16.952827944923044,-142.1275990336544,24,3
2012-03-13 03:33:00.729695+00:00,13.59,28.57,40.0,6394.271236509292,16.524431711624636,-142.9843915002512,24,2
2012-03-13 03:34:00.729695+00:00,13.59,28.57,40.0,5067.956788265739,16.032444853055903,-143.96836521738868,25,3
2012-03-13 03:35:00.729695+00:00,13.73,28.84,40.0,4371.847627683266,15.90439438901502,-144.22446614547044,23,3
2012-03-13 03:36:00.729695+00:00,13.77,28.92,40.0,4371.847627683266,15.90439438901502,-144.22446614547044,19,2
2012-03-13 03:37:00.729695+00:00,13.8,28.99,40.0,3586.08462065776,15.31995000053396,-145.39335492243254,18,2
2012-03-13 03:38:00.729695+00:00,13.92,29.23,40.0,3772.0142431231034,15.552342777320863,-144.92856936885877,17,2
2012-03-13 03:39:00.729695+00:00,14.02,29.42,40.0,3772.0142431231034,15.552342777320863,-144.92856936885877,17,2
2012-03-13 03:42:00.729695+00:00,13.98,29.35,40.0,7423.873856400766,16.928971951448105,-142.17531102060428,15,2
2012-03-13 03:43:00.729695+00:00,13.98,29.35,40.0,7915.924505019677,17.056009711533985,-141.92123550043252,15,2
2012-03-13 03:45:00.729695+00:00,14.0,29.39,40.0,9493.754777368287,17.496622225717637,-141.0400104720652,16,2
2012-03-13 03:46:00.729695+00:00,14.02,29.42,40.0,9062.546553281849,17.362447533421772,-141.30835985665692,18,2
2012-03-13 03:47:00.729695+00:00,14.02,29.42,40.0,8729.56146689848,17.18939777227487,-141.65445937895075,19,2
2012-03-13 03:48:00.729695+00:00,14.02,29.42,40.0,8637.230474239603,17.173688589621328,-141.68587774425782,20,2
2012-03-13 03:49:00.729695+00:00,14.0,29.39,40.0,8637.230474239603,17.173688589621328,-141.68587774425782,20,2
2012-03-13 03:50:00.729695+00:00,14.02,29.42,40.0,8637.230474239603,17.173688589621328,-141.68587774425782,20,2
2012-03-13 03:51:00.729695+00:00,14.04,29.46,40.0,8637.230474239603,17.173688589621328,-141.68587774425782,20,2
2012-03-13 03:52:00.729695+00:00,14.04,29.46,40.0,8729.56146689848,17.16795291922938,-141.6973490850417,19,2
2012-03-13 03:53:00.729695+00:00,14.06,29.5,40.0,9058.082251911628,17.16795291922938,-141.6973490850417,19,2
2012-03-13 03:54:00.729695+00:00,14.02,29.42,40.0,9058.082251911628,17.08085093478148,-141.87155305393753,19,2
2012-03-13 03:55:00.729695+00:00,14.0,29.39,40.0,9058.082251911628,17.08085093478148,-141.87155305393753,19,2
2012-03-13 03:57:00.729695+00:00,13.98,29.35,40.0,9058.082251911628,17.08085093478148,-141.87155305393753,17,2
2012-03-13 03:58:00.729695+00:00,13.98,29.35,40.0,9513.677068952478,17.231197894145144,-141.57085913521018,15,2
2012-03-13 03:59:00.729695+00:00,13.96,29.31,40.0,9145.356986894923,17.136792552923534,-141.7596698176534,14,2
2012-03-13 04:00:00.729695+00:00,14.0,29.39,40.0,9145.356986894923,17.136792552923534,-141.7596698176534,14,2
2012-03-13 04:04:00.729695+00:00,14.16,29.7,40.0,9261.66122607762,17.2320819365106,-141.56909105047927,14,2
2012-03-13 04:05:00.729695+00:00,14.16,29.7,40.0,9261.66122607762,17.2320819365106,-141.56909105047927,14,2
2012-03-13 04:06:00.729695+00:00,14.2,29.78,40.0,9059.95331022361,17.353612970509644,-141.32602898248118,14,2
2012-03-13 04:08:00.729695+00:00,14.22,29.82,40.0,7907.336174549039,17.081769615752066,-141.86971569199636,18,2
2012-03-13 04:09:00.729695+00:00,14.24,29.86,40.0,7527.475088674575,16.930573252628072,-142.1721084182443,19,2
2012-03-13 04:10:00.729695+00:00,14.26,29.9,40.0,7452.338795429365,16.88088319391349,-142.27148853567348,19,2
2012-03-13 04:11:00.729695+00:00,14.34,30.06,40.0,6254.129818591022,16.69535485546406,-142.64254521257234,20,2
2012-03-13 04:12:00.729695+00:00,14.4,30.18,40.0,5946.761580883562,16.408746830125082,-143.21576126325033,20,2
2012-03-13 04:13:00.729695+00:00,14.44,30.26,40.0,5913.372811129763,16.158118815352722,-143.71701729279505,20,2
2012-03-13 04:14:00.729695+00:00,14.5,30.38,40.0,4474.363991328243,15.90504816576654,-144.2231585919674,19,2
2012-03-13 04:15:00.729695+00:00,14.6,30.58,40.0,4243.811798062229,15.14964878988494,-145.7339573437306,19,2
2012-03-13 04:16:00.729695+00:00,14.74,30.87,40.0,4198.765273173385,15.127171096781977,-145.77891272993654,19,2
2012-03-13 04:17:00.729695+00:00,14.87,31.12,40.0,3966.854069966245,15.01656670295478,-146.0001215175909,19,2
2012-03-13 04:19:00.729695+00:00,15.01,31.41,40.0,3966.854069966245,15.01656670295478,-146.0001215175909,19,2
2012-03-13 04:20:00.729695+00:00,15.01,31.41,40.0,3454.7864446002927,14.405019645817266,-147.22321563186594,17,2
2012-03-13 04:21:00.729695+00:00,14.97,31.32,40.0,3426.424531066096,14.40052244738899,-147.23221002872248,15,2
2012-03-13 04:22:00.729695+00:00,14.93,31.24,40.0,3440.6054878331943,14.355286997580478,-147.3226809283395,14,2
2012-03-13 04:23:00.729695+00:00,15.27,31.91,40.0,3454.7864446002927,14.40052244738899,-147.23221002872248,13,2
2012-03-13 04:27:00.729695+00:00,15.42,32.2,40.0,5194.108360122169,15.361582035511615,-145.31009085247723,14,2
2012-03-13 04:29:00.729695+00:00,15.57,32.5,40.0,5719.37558354915,15.528027358369872,-144.97720020676073,14,2
2012-03-13 04:30:00.729695+00:00,15.72,32.81,40.0,4887.004290326519,15.328874391849622,-145.37550613980125,16,2
2012-03-13 04:31:00.729695+00:00,15.65,32.68,40.0,4345.334000045003,15.321768613247515,-145.38971769700544,18,2
2012-03-13 04:32:00.729695+00:00,40.0,0.07,0.17,4887.004290326519,15.328874391849622,-145.37550613980125,18,2
2012-03-13 04:33:00.729695+00:00,40.0,0.07,0.17,4887.004290326519,15.328874391849622,-145.37550613980125,18,2
2012-03-13 04:34:00.729695+00:00,40.0,0.07,0.17,4301.99313581786,15.081114135091315,-145.87102665331787,18,2
2012-03-13 04:35:00.729695+00:00,40.0,0.07,0.17,4013.185911989421,14.678666196104366,-146.67592253129175,18,2
2012-03-13 04:36:00.729695+00:00,40.0,0.07,0.17,3861.721073514904,14.545494604989235,-146.942265713522,18,2
2012-03-13 04:39:00.729695+00:00,40.0,0.07,0.17,3369.817949151532,14.545494604989235,-146.942265713522,18,2
2012-03-13 04:40:00.729695+00:00,40.0,0.07,0.17,3328.1129713465134,14.545494604989235,-146.942265713522,18,2
2012-03-13 04:41:00.729695+00:00,40.0,0.07,0.17,3077.078645738613,14.545494604989235,-146.942265713522,18,2
2012-03-13 04:42:00.729695+00:00,40.0,0.07,0.17,2913.098006795985,14.481142126903316,-147.07097066969385,19,2
2012-03-13 04:43:00.729695+00:00,15.57,32.5,40.0,2788.7814127084634,14.468566628593518,-147.09612166631342,19,2
2012-03-13 04:44:00.729695+00:00,15.63,32.63,40.0,2788.7814127084634,14.481142126903316,-147.07097066969385,17,2
2012-03-13 04:45:00.729695+00:00,15.67,32.72,40.0,2727.1373833732378,14.481142126903316,-147.07097066969385,15,2
2012-03-13 04:46:00.729695+00:00,15.65,32.68,40.0,2727.1373833732378,14.481142126903316,-147.07097066969385,13,2
2012-03-13 04:47:00.729695+00:00,15.65,32.68,40.0,2727.1373833732378,14.312889451393138,-147.4074760207142,13,2
2012-03-13 04:52:00.729695+00:00,16.57,34.49,40.0,2503.2549248034857,14.22021320822968,-147.59282850704113,13,2
2012-03-13 04:53:00.729695+00:00,16.52,34.4,40.0,2926.513139722383,14.368750231191653,-147.29575446111718,14,2
2012-03-13 04:54:00.729695+00:00,16.61,34.59,40.0,2926.513139722383,14.368750231191653,-147.29575446111718,16,2
2012-03-13 04:55:00.729695+00:00,16.57,34.49,40.0,3028.2597479646656,14.406637781977402,-147.21997935954568,17,2
2012-03-13 04:56:00.729695+00:00,16.45,34.27,40.0,3114.5681664360022,14.431333975869268,-147.17058697176194,19,2
2012-03-13 04:57:00.729695+00:00,16.16,33.68,40.0,3464.8612587430907,14.73911612320518,-146.5550226770901,19,2
2012-03-13 04:59:00.729695+00:00,15.87,33.11,40.0,4991.255264092849,15.509140684877638,-145.0149735537452,19,2
2012-03-13 05:00:00.729695+00:00,15.87,33.11,40.0,5004.772636202841,15.561749081771142,-144.9097567599582,19,2
2012-03-13 05:01:00.729695+00:00,15.74,32.85,40.0,5240.85790994074,15.594560285740863,-144.84413435201876,19,2
2012-03-13 05:02:00.729695+00:00,15.57,32.5,40.0,6197.825967489632,16.130378097853416,-143.77249872779365,19,2
2012-03-13 05:03:00.729695+00:00,15.54,32.46,40.0,6238.267007784167,16.23422487147112,-143.56480518055824,19,2
2012-03-13 05:04:00.729695+00:00,15.44,32.25,40.0,6620.786074665641,16.357955603035364,-143.31734371742976,19,2
2012-03-13 05:05:00.729695+00:00,15.52,32.42,40.0,6638.350864850976,16.362315169063763,-143.30862458537297,20,2
2012-03-13 05:06:00.729695+00:00,8.52,18.35,27.91,6671.752970459381,16.44794659142141,-143.13736174065764,20,2
2012-03-13 05:07:00.729695+00:00,8.53,18.38,27.96,6671.752970459381,16.44794659142141,-143.13736174065764,18,2
2012-03-13 05:08:00.729695+00:00,8.55,18.41,28.0,6655.915655036312,16.36667473509216,-143.29990545331614,17,2
2012-03-13 05:09:00.729695+00:00,8.52,18.35,27.91,6514.893747236138,16.23422487147112,-143.56480518055824,15,2
2012-03-13 05:10:00.729695+00:00,8.52,18.35,27.91,6514.893747236138,16.23422487147112,-143.56480518055824,13,2
2012-03-13 05:22:00.729695+00:00,16.89,35.14,40.0,4399.572017945804,15.579213296165932,-144.8748283311686,12,2
2012-03-13 05:23:00.729695+00:00,16.75,34.86,40.0,4399.572017945804,15.579213296165932,-144.8748283311686,14,2
2012-03-13 05:24:00.729695+00:00,16.73,34.81,40.0,4138.835539992891,15.424951335677497,-145.18335225214548,16,2
2012-03-13 05:25:00.729695+00:00,16.68,34.72,40.0,4138.835539992891,15.424951335677497,-145.18335225214548,18,2
2012-03-13 05:26:00.729695+00:00,7.47,16.21,24.67,4175.607550552317,15.555530401589357,-144.92219412032176,19,2
2012-03-13 05:27:00.729695+00:00,7.44,16.14,24.58,4197.778300399423,15.648655993538627,-144.7359429364232,20,2
2012-03-13 05:28:00.729695+00:00,7.47,16.21,24.67,3920.57107929826,15.424951335677497,-145.18335225214548,20,2
2012-03-13 05:29:00.729695+00:00,7.47,16.21,24.67,3568.381391238241,15.045944049822715,-145.94136682385505,21,2
2012-03-13 05:30:00.729695+00:00,7.48,16.24,24.72,3141.25508954654,14.966080202915547,-146.10109451766937,22,2
2012-03-13 05:31:00.729695+00:00,7.53,16.33,24.86,3070.2027657183453,14.56063281449375,-146.91198929451298,22,2
2012-03-13 05:32:00.729695+00:00,7.53,16.33,24.86,2931.485234426409,14.56063281449375,-146.91198929451298,20,2
2012-03-13 05:33:00.729695+00:00,7.5,16.27,24.77,2668.1213191861084,14.220772495891364,-147.59170993171776,21,3
2012-03-13 05:34:00.729695+00:00,7.5,16.27,24.77,2224.6297029676816,14.19767217924652,-147.63791056500745,20,3
2012-03-13 05:36:00.729695+00:00,2.41,5.41,8.28,1759.3126987527617,13.282699281320005,-149.46785636086045,19,2
2012-03-13 05:37:00.729695+00:00,2.67,5.98,9.16,1747.6348341946434,13.095766114512353,-149.84172269447578,19,2
2012-03-13 05:39:00.729695+00:00,10.72,22.83,34.65,1753.4737664737029,13.050542820230785,-149.93216928303892,14,2
2012-03-13 05:40:00.729695+00:00,10.72,22.83,34.65,1747.6348341946434,12.965887779894436,-150.1014793637116,11,2
2012-03-13 08:44:00.729695+00:00,13.25,27.89,40.0,1727.781565278215,13.415439213438836,-149.2023764966228,11,2
2012-03-13 08:46:00.729695+00:00,13.25,27.89,40.0,1750.0846062974172,13.304826534362917,-149.42360185477463,15,2
2012-03-13 08:47:00.729695+00:00,13.25,27.89,40.0,1750.0846062974172,13.304826534362917,-149.42360185477463,15,2
2012-03-13 08:48:00.729695+00:00,13.25,27.89,40.0,1738.9330857878165,13.254805624728586,-149.52364367404329,16,2
2012-03-13 08:49:00.729695+00:00,13.29,27.96,40.0,1787.9852741979855,13.360132873900875,-149.3129891756987,14,2
2012-03-13 08:50:00.729695+00:00,13.3,28.0,40.0,1825.8859420985543,13.304826534362917,-149.42360185477463,13,2
2012-03-13 10:30:00.729695+00:00,11.14,23.67,35.92,1073.7539043251647,12.404326589583505,-151.22460174433346,15,2
2012-03-13 10:35:00.729695+00:00,11.18,23.74,36.02,1395.4445727712937,13.102203864417916,-149.82884719466463,20,2
2012-03-13 10:36:00.729695+00:00,11.18,23.74,36.02,1404.7979794402338,13.178269082551134,-149.6767167583982,20,2
2012-03-13 10:37:00.729695+00:00,11.16,23.7,35.97,1507.3430775650208,13.35032037956987,-149.3326141643607,20,2
2012-03-13 10:38:00.729695+00:00,11.16,23.7,35.97,1723.022367932792,13.459998738378427,-149.11325744674363,20,3
2012-03-13 10:39:00.729695+00:00,11.16,23.7,35.97,1786.4681844549511,13.67338583587381,-148.68648325175286,20,2
2012-03-13 10:40:00.729695+00:00,11.16,23.7,35.97,1801.7035230644808,13.879774275503117,-148.27370637249425,19,2
2012-03-13 10:41:00.729695+00:00,11.16,23.7,35.97,1862.652362634702,13.727389959584272,-148.57847500433195,18,2
2012-03-13 10:42:00.729695+00:00,11.16,23.7,35.97,1738.2577065423216,13.580385023177634,-148.8724848771452,18,2
2012-03-13 10:43:00.729695+00:00,11.19,23.77,36.07,1597.547298030233,13.561186057514346,-148.9108828084718,18,3
2012-03-13 10:47:00.729695+00:00,11.21,23.81,36.12,1482.5202457925084,13.501383766386535,-149.0304873907274,18,3
2012-03-13 10:48:00.729695+00:00,11.24,23.87,36.22,1438.920698307648,13.290431883537485,-149.4523911564255,18,2
2012-03-13 10:49:00.729695+00:00,11.23,23.84,36.17,1423.0385012223378,13.07481046939261,-149.8836339847153,18,2
2012-03-13 10:50:00.729695+00:00,11.23,23.84,36.17,1449.7643744255674,12.799117260317905,-150.43502040286467,20,2
2012-03-13 10:51:00.729695+00:00,11.23,23.84,36.17,1440.5356257857345,12.672745472345028,-150.6877639788104,21,2
2012-03-13 10:52:00.729695+00:00,11.23,23.84,36.17,1440.5356257857345,12.60732995971187,-150.81859500407674,21,2
2012-03-13 10:53:00.729695+00:00,11.23,23.84,36.17,1395.7752137128734,12.51283259990183,-151.0075897236968,20,2
2012-03-13 10:54:00.729695+00:00,11.23,23.84,36.17,1352.66579594892,12.48658989249336,-151.06007513851375,19,2
2012-03-13 11:27:00.729695+00:00,11.59,24.56,37.26,1393.402809933675,13.164826603546926,-149.70360171640664,16,2
2012-03-13 11:28:00.729695+00:00,11.6,24.6,37.31,1445.0872100550855,13.334391915547132,-149.3644710924062,17,2
2012-03-13 11:29:00.729695+00:00,11.64,24.67,37.41,1531.9039468776011,13.341294518398849,-149.3506658867028,17,2
2012-03-13 11:30:00.729695+00:00,11.66,24.7,37.47,1531.9039468776011,13.39486821644417,-149.24351849061213,17,2
2012-03-13 11:31:00.729695+00:00,11.67,24.74,37.52,1445.0872100550855,13.341294518398849,-149.3506658867028,19,2
2012-03-13 11:32:00.729695+00:00,11.69,24.77,37.57,1409.7618137070515,13.33784321697299,-149.3575684895545,20,2
2012-03-13 11:33:00.729695+00:00,11.71,24.81,37.62,1309.635971300322,13.168958666061828,-149.6953375913768,20,2
2012-03-13 11:52:00.729695+00:00,11.64,24.67,37.41,775.5492129221645,12.005906837709023,-152.02144124808245,16,2
2012-03-13 11:54:00.729695+00:00,11.62,24.63,37.36,741.0179132820563,11.928266716181446,-152.17672149113758,13,3
2012-03-13 17:19:00.720012+00:00,11.8,24.98,37.89,637.5163647348107,11.306676198615822,-149.37511755543693,6,2
2012-03-13 18:34:00.720012+00:00,0.0,0.02,0.02,1188.6008337556889,14.245098367647357,-143.49827321737388,13,2
2012-03-13 18:36:00.720012+00:00,2.82,6.33,9.68,1291.8344684461738,14.27737243204422,-143.43372508858016,14,2
2012-03-13 18:37:00.720012+00:00,2.82,6.33,9.68,1441.216222765183,14.348144971890356,-143.2921800088879,16,3
2012-03-13 18:38:00.720012+00:00,2.82,6.33,9.68,1636.25060750323,14.59996176296236,-142.7885464267439,18,4
2012-03-13 18:41:00.720012+00:00,2.82,6.33,9.68,2564.3991392986354,15.872093000604588,-140.2442839514594,19,2
2012-03-13 18:42:00.720012+00:00,2.82,6.33,9.68,3601.3715647644203,16.018400657120058,-139.9516686384285,16,2
2012-03-13 18:43:00.720012+00:00,2.82,6.33,9.68,4207.709814335341,16.116239436759933,-139.7559910791487,13,4
2012-03-13 18:44:00.720012+00:00,2.82,6.33,9.68,4221.859495580709,17.167666296530946,-137.6531373596067,11,2
2012-03-13 19:07:00.720012+00:00,4.95,10.94,16.69,3045.276379223338,16.66847593541263,-138.6515180818433,6,2
2012-03-13 19:11:00.720012+00:00,40.0,0.07,0.17,2568.2439559175946,16.583437729970132,-138.8215944927283,5,2
2012-03-14 00:10:00.720329+00:00,0.0,0.01,0.02,637.036868570467,11.725889489286814,-149.66044533055577,6,2
2012-03-14 01:40:00.720329+00:00,11.76,24.91,37.78,1030.9392299788258,11.060740061110694,-150.990744186908,18,2
2012-03-14 04:53:00.720329+00:00,12.24,25.87,39.22,4341.370179015618,15.4676257151556,-142.17697287881816,12,2
2012-03-14 04:54:00.720329+00:00,12.26,25.9,39.27,4341.370179015618,15.4676257151556,-142.17697287881816,14,2
2012-03-14 04:55:00.720329+00:00,12.26,25.9,39.27,3835.481850859291,15.014524636020123,-143.08317503708912,15,2
2012-03-14 04:56:00.720329+00:00,12.26,25.9,39.27,3835.481850859291,15.014524636020123,-143.08317503708912,17,2
2012-03-14 04:57:00.720329+00:00,12.27,25.94,39.32,4165.655163367734,15.296122502968654,-142.51997930319206,20,2
2012-03-14 04:58:00.720329+00:00,12.27,25.94,39.32,4089.196398883384,15.296122502968654,-142.51997930319206,20,2
2012-03-14 05:00:00.720329+00:00,12.27,25.94,39.32,3549.9167670080838,14.895498954910588,-143.3212263993082,20,2
2012-03-14 05:01:00.720329+00:00,12.26,25.9,39.27,3306.855969017343,14.687553503769909,-143.73711730158954,20,2
2012-03-14 05:02:00.720329+00:00,12.27,25.94,39.32,3122.2703091165704,14.438531415704375,-144.23516147772062,20,2
2012-03-14 05:03:00.720329+00:00,12.26,25.9,39.27,2920.01863034916,14.308978152991198,-144.494268003147,18,2
2012-03-14 05:04:00.720329+00:00,12.24,25.87,39.22,2732.9564188978284,14.272168414158408,-144.56788748081254,16,3
2012-03-14 05:05:00.720329+00:00,12.24,25.87,39.22,2702.3629419680665,14.24874747663928,-144.6147293558508,17,2
2012-03-14 05:06:00.720329+00:00,12.22,25.83,39.16,2283.346793098596,13.89135036718943,-145.3295235747505,16,2
2012-03-14 05:10:00.720329+00:00,12.18,25.76,39.06,1224.566672446596,12.402828772812123,-148.30656676350512,16,2
2012-03-14 05:11:00.720329+00:00,12.2,25.79,39.11,1196.0519134037725,12.400823912415229,-148.3105764842989,14,2
2012-03-14 05:12:00.720329+00:00,12.2,25.79,39.11,1196.0519134037725,12.400823912415229,-148.3105764842989,12,2
2012-03-14 05:14:00.720329+00:00,12.18,25.76,39.06,1206.8060982373297,12.598494044545772,-147.91523622003783,15,2
2012-03-14 05:18:00.720329+00:00,3.08,6.89,10.53,1905.606115600542,13.386392544367451,-146.33943922039447,14,2
2012-03-14 05:19:00.720329+00:00,3.08,6.89,10.53,2441.801955301701,14.056875045612944,-144.99847421790346,15,2
2012-03-14 05:20:00.720329+00:00,3.08,6.89,10.53,2566.9314673311032,14.060796312409334,-144.9906316843107,15,2
2012-03-14 05:21:00.720329+00:00,3.08,6.89,10.53,2638.932340523331,14.060796312409334,-144.9906316843107,17,2
2012-03-14 05:22:00.720329+00:00,3.08,6.89,10.53,2638.932340523331,14.060796312409334,-144.9906316843107,19,2
2012-03-14 05:23:00.720329+00:00,3.08,6.89,10.53,2602.931903927217,13.957986799727395,-145.1962507096746,20,2
2012-03-14 05:24:00.720329+00:00,3.08,6.89,10.53,2602.931903927217,13.817658332000448,-145.47690764512848,20,2
2012-03-14 05:25:00.720329+00:00,3.08,6.89,10.53,2638.932340523331,13.780139376955434,-145.5519455552185,19,2
2012-03-14 05:26:00.720329+00:00,3.08,6.89,10.53,2638.932340523331,13.780139376955434,-145.5519455552185,17,2
2012-03-14 05:27:00.720329+00:00,11.83,25.05,37.99,2566.9314673311032,13.748827772164605,-145.61456876480014,17,2
2012-03-14 05:28:00.720329+00:00,11.83,25.05,37.99,2527.4351328732646,13.710801671867925,-145.69062096539352,16,2
2012-03-14 05:29:00.720329+00:00,11.83,25.05,37.99,2286.2343434942686,13.570549274524875,-145.97112576007962,14,2
2012-03-14 05:41:00.720329+00:00,11.87,25.12,38.1,1042.921618465689,12.708251062840237,-147.69572218344888,17,2
2012-03-14 05:42:00.720329+00:00,11.87,25.12,38.1,1129.6189378200731,12.80469212442441,-147.50284006028056,16,2
2012-03-14 05:43:00.720329+00:00,11.87,25.12,38.1,1150.3709592640332,12.790991083745578,-147.5302421416382,17,3
2012-03-14 05:55:00.720329+00:00,11.67,24.74,37.52,877.0054976273213,12.053051798361276,-149.0061207124068,15,2
2012-03-14 06:01:00.720329+00:00,11.64,24.67,37.41,814.126461591231,11.513317031931477,-150.08559024526642,17,2
2012-03-14 06:17:00.720329+00:00,27.98,40.0,40.0,1860.5049105664168,13.440550447273427,-146.2311234145825,11,2
2012-03-14 06:18:00.720329+00:00,27.98,40.0,40.0,2510.3784385054228,13.961285209136506,-145.18965389085636,11,2
2012-03-14 06:21:00.720329+00:00,10.86,23.09,35.05,2510.3784385054228,13.608332408462124,-145.89555949220514,15,2
2012-03-14 06:22:00.720329+00:00,10.86,23.09,35.05,2476.502742327798,13.58625398720873,-145.93971633471193,16,2
2012-03-14 06:23:00.720329+00:00,10.81,22.99,34.9,1845.2383977540007,13.40835991271602,-146.29550448369733,16,2
2012-03-14 06:24:00.720329+00:00,27.66,40.0,40.0,1678.299927305717,13.272444947535051,-146.56733441405927,16,2
2012-03-14 06:40:00.720329+00:00,11.31,24.01,36.43,968.4706772903438,12.396188852043649,-148.31984660504207,14,2
2012-03-14 06:42:00.720329+00:00,11.33,24.05,36.48,968.4706772903438,12.086207460560008,-148.93980938800934,12,2
2012-03-14 07:21:00.720329+00:00,11.24,23.87,36.22,1081.6368363443323,12.264548003812717,-148.58312830150396,18,2
2012-03-14 07:22:00.720329+00:00,11.24,23.87,36.22,1099.7832660118097,12.4200897007856,-148.27204490755818,20,2
2012-03-14 07:23:00.720329+00:00,11.24,23.87,36.22,1120.2016382581114,12.574254471212967,-147.96371536670344,20,2
2012-03-14 07:24:00.720329+00:00,11.24,23.87,36.22,1132.1441367229352,12.59809147944398,-147.9160413502414,21,3
2012-03-14 07:25:00.720329+00:00,11.26,23.91,36.27,1264.6891339992608,12.82580134422118,-147.460621620687,19,2
2012-03-14 07:26:00.720329+00:00,11.26,23.91,36.27,1522.422016901057,13.301108352694744,-146.5100076037399,17,2
2012-03-14 07:27:00.720329+00:00,11.26,23.91,36.27,1522.422016901057,13.3059464412133,-146.5003314267028,15,2
2012-03-14 07:28:00.720329+00:00,11.26,23.91,36.27,1522.422016901057,13.3059464412133,-146.5003314267028,13,2
2012-03-14 07:36:00.720329+00:00,11.14,23.67,35.92,1009.2406519941452,12.458065641191302,-148.19609302674678,10,2
2012-03-14 07:37:00.720329+00:00,11.14,23.67,35.92,1009.2406519941452,12.458065641191302,-148.19609302674678,10,2
2012-03-14 07:38:00.720329+00:00,11.14,23.67,35.92,1009.2406519941452,12.458065641191302,-148.19609302674678,10,2
2012-03-14 07:40:00.720329+00:00,11.14,23.67,35.92,1009.2406519941452,12.458065641191302,-148.19609302674678,10,2
2012-03-14 07:56:00.720329+00:00,12.17,25.72,39.0,1863.5889856427448,13.99053927162732,-145.13114576587475,6,2
2012-03-14 07:57:00.720329+00:00,12.33,26.05,39.49,2245.03459149672,14.105043959893266,-144.90213638934284,8,2
2012-03-14 07:58:00.720329+00:00,12.36,26.12,39.59,3093.954986937997,14.724633861276716,-143.66295658657594,11,2
2012-03-14 08:02:00.720329+00:00,12.38,26.15,39.65,3457.7957225495425,15.140045747563253,-142.83213281400288,13,3
2012-03-14 08:03:00.720329+00:00,12.38,26.15,39.65,3546.145655722619,15.290188883017962,-142.53184654309342,13,2
2012-03-14 08:04:00.720329+00:00,12.38,26.15,39.65,4716.541385111863,15.51535621783886,-142.08151187345163,13,2
2012-03-14 08:05:00.720329+00:00,12.36,26.12,39.59,4750.035299346471,15.735235885347462,-141.64175253843445,16,2
2012-03-14 08:08:00.720329+00:00,12.35,26.08,39.54,5405.067885794906,15.726200910263827,-141.65982248860172,17,2
2012-03-14 08:09:00.720329+00:00,12.33,26.05,39.49,4753.278082130649,15.51535621783886,-142.08151187345163,17,2
2012-03-14 08:10:00.720329+00:00,12.33,26.05,39.49,5079.172983962777,15.620778564051344,-141.87066718102668,16,3
2012-03-14 08:11:00.720329+00:00,12.27,25.94,39.32,4640.625719033102,15.4908793404787,-142.13046562817198,18,2
2012-03-14 08:12:00.720329+00:00,12.29,25.97,39.38,4348.579345797805,15.40860211210696,-142.29502008491545,20,2
2012-03-14 08:13:00.720329+00:00,12.27,25.94,39.32,3965.95384712771,14.77130564199869,-143.569613025132,21,2
2012-03-14 08:14:00.720329+00:00,40.0,0.07,0.17,2787.2011199738054,14.69658327876984,-143.71905775158967,21,2
2012-03-14 08:16:00.720329+00:00,40.0,0.07,0.17,2761.564868940978,14.672188069996093,-143.7678481691372,19,3
2012-03-14 08:17:00.720329+00:00,40.0,0.07,0.17,2559.930960771553,13.919030375908418,-145.27416355731253,17,2
2012-03-14 08:18:00.720329+00:00,40.0,0.07,0.17,2559.930960771553,13.919030375908418,-145.27416355731253,15,2
2012-03-14 08:19:00.720329+00:00,40.0,0.07,0.17,1867.6654308672855,13.759197206497795,-145.59382989613377,15,2
2012-03-14 08:20:00.720329+00:00,12.54,26.48,40.0,1925.056164420982,13.81043995582985,-145.49134439746967,16,2
2012-03-14 08:24:00.720329+00:00,12.27,25.94,39.32,2341.976080064774,14.359851996997063,-144.39252031513524,16,2
2012-03-14 08:25:00.720329+00:00,12.27,25.94,39.32,1982.446897974678,13.862954224473157,-145.38631586018306,15,2
2012-03-14 08:26:00.720329+00:00,12.27,25.94,39.32,1956.840563447764,13.86231846481753,-145.3875873794943,16,2
2012-03-14 08:27:00.720329+00:00,12.26,25.9,39.27,2272.9660020587,13.863160305510064,-145.38590369810925,18,2
2012-03-14 08:28:00.720329+00:00,12.26,25.9,39.27,2272.9660020587,13.863160305510064,-145.38590369810925,20,2
2012-03-14 08:29:00.720329+00:00,12.26,25.9,39.27,2632.4951841487955,14.278436583595813,-144.55535114193776,20,2
2012-03-14 08:30:00.720329+00:00,12.26,25.9,39.27,2701.5052621548703,14.693506780644652,-143.72521074784007,19,2
2012-03-14 08:31:00.720329+00:00,12.26,25.9,39.27,2701.5052621548703,14.693506780644652,-143.72521074784007,19,2
2012-03-14 08:32:00.720329+00:00,12.27,25.94,39.32,3064.883038394022,14.884858715346487,-143.34250687843638,19,2
2012-03-14 08:33:00.720329+00:00,12.27,25.94,39.32,3064.883038394022,14.884858715346487,-143.34250687843638,17,2
2012-03-14 08:34:00.720329+00:00,12.29,25.97,39.38,3173.940615215309,14.917508950947248,-143.27720640723487,14,2
2012-03-14 08:36:00.720329+00:00,12.29,25.97,39.38,3965.819965113668,15.037760220803971,-143.03670386752142,15,2
2012-03-14 08:40:00.720329+00:00,12.31,26.01,39.43,3954.185815105092,15.229435820980864,-142.65335266716764,16,2
2012-03-14 08:41:00.720329+00:00,12.33,26.05,39.49,3954.185815105092,15.229435820980864,-142.65335266716764,16,2
2012-03-14 08:42:00.720329+00:00,12.31,26.01,39.43,3967.77240492055,15.146185748010572,-142.81985281310824,16,2
2012-03-14 08:43:00.720329+00:00,12.31,26.01,39.43,3954.185815105092,15.0931304563805,-142.92596339636836,18,2
2012-03-14 08:44:00.720329+00:00,12.31,26.01,39.43,3841.073507287265,15.0931304563805,-142.92596339636836,20,2
2012-03-14 08:45:00.720329+00:00,12.33,26.05,39.49,3503.192214330893,15.06341857379986,-142.98538716152964,20,3
2012-03-14 08:47:00.720329+00:00,12.35,26.08,39.54,2718.1817162431626,14.359205824631378,-144.39381265986663,20,2
2012-03-14 08:48:00.720329+00:00,12.38,26.15,39.65,2599.2287536866265,14.282212710419747,-144.5477988882899,20,2
2012-03-14 08:49:00.720329+00:00,12.38,26.15,39.65,2550.426165801268,14.217428010942252,-144.67736828724486,18,2
2012-03-14 08:50:00.720329+00:00,12.36,26.12,39.59,2443.182692032831,14.217428010942252,-144.67736828724486,16,2
2012-03-14 08:51:00.720329+00:00,12.36,26.12,39.59,2345.725421964325,14.04233408845162,-145.02755613222612,15,2
2012-03-14 08:52:00.720329+00:00,12.38,26.15,39.65,2345.725421964325,14.04233408845162,-145.02755613222612,15,2
2012-03-14 08:56:00.720329+00:00,12.49,26.37,39.97,1919.026170779137,13.811255868220746,-145.48971257268786,15,2
2012-03-14 08:57:00.720329+00:00,12.54,26.48,40.0,2132.375796371731,14.1067078673766,-144.89880857437618,16,2
2012-03-14 08:58:00.720329+00:00,12.56,26.52,40.0,1919.026170779137,13.811255868220746,-145.48971257268786,15,2
2012-03-14 08:59:00.720329+00:00,12.56,26.52,40.0,1919.026170779137,13.811255868220746,-145.48971257268786,17,2
2012-03-14 09:00:00.720329+00:00,12.56,26.52,40.0,1919.026170779137,13.811255868220746,-145.48971257268786,19,2
2012-03-14 09:01:00.720329+00:00,12.54,26.48,40.0,2324.951346278246,14.26407756147037,-144.58406918618863,20,2
2012-03-14 09:02:00.720329+00:00,12.53,26.44,40.0,2263.4266006626704,14.17776769056,-144.7566889280094,20,2
2012-03-14 09:03:00.720329+00:00,12.53,26.44,40.0,2517.562016101841,14.67412594823379,-143.7639724126618,21,2
2012-03-14 09:04:00.720329+00:00,12.54,26.48,40.0,1920.938810995097,13.875234727293634,-145.3617548545421,21,2
2012-03-14 09:05:00.720329+00:00,12.54,26.48,40.0,1920.938810995097,13.875234727293634,-145.3617548545421,21,2
2012-03-14 09:06:00.720329+00:00,12.54,26.48,40.0,1795.9766795479864,13.514266120145775,-146.08369206883782,21,2
2012-03-14 09:07:00.720329+00:00,12.54,26.48,40.0,1715.53517391707,13.289142820146033,-146.53393866883732,18,2
2012-03-14 09:08:00.720329+00:00,12.54,26.48,40.0,1635.0936682861534,13.365401914289109,-146.38142048055116,17,3
2012-03-14 09:09:00.720329+00:00,12.54,26.48,40.0,1635.0936682861534,13.365401914289109,-146.38142048055116,15,2
2012-03-14 09:10:00.720329+00:00,12.54,26.48,40.0,1635.0936682861534,13.365401914289109,-146.38142048055116,13,2
2012-03-14 13:05:00.720646+00:00,12.71,26.81,40.0,851.2454168838744,11.44495932246586,-148.0173291094008,11,2
2012-03-14 13:06:00.720646+00:00,12.71,26.81,40.0,884.6591723644424,11.4506159248974,-148.00601590453772,12,2
2012-03-14 13:34:00.720646+00:00,17.98,37.3,40.0,1275.4012717679989,12.824844098285451,-145.2575595577616,17,2
2012-03-14 13:35:00.720646+00:00,12.76,26.92,40.0,1275.4012717679989,12.824844098285451,-145.2575595577616,19,2
2012-03-14 13:37:00.720646+00:00,12.75,26.88,40.0,1352.223856650231,12.76964217962217,-145.36796339508817,20,2
2012-03-14 13:38:00.720646+00:00,12.76,26.92,40.0,1352.223856650231,12.76964217962217,-145.36796339508817,20,2
2012-03-14 13:40:00.720646+00:00,12.73,26.84,40.0,1352.223856650231,12.76964217962217,-145.36796339508817,20,2
2012-03-14 13:41:00.720646+00:00,12.75,26.88,40.0,1385.0823122631457,12.872056156360788,-145.16313544161093,20,2
2012-03-14 13:42:00.720646+00:00,12.75,26.88,40.0,1421.0936226099438,13.004892288598317,-144.89746317713588,20,2
2012-03-14 13:43:00.720646+00:00,12.76,26.92,40.0,1404.8052443796082,13.036648400082086,-144.83395095416836,19,2
2012-03-14 13:44:00.720646+00:00,12.78,26.95,40.0,1437.3820008402795,13.057397545610376,-144.7924526631118,19,2
2012-03-14 13:45:00.720646+00:00,12.78,26.95,40.0,1421.0936226099438,13.04702297284623,-144.8132018086401,18,2
2012-03-14 13:46:00.720646+00:00,12.78,26.95,40.0,1421.0936226099438,13.04702297284623,-144.8132018086401,18,2
2012-03-14 13:48:00.720646+00:00,12.78,26.95,40.0,1291.918005967922,12.84268126416245,-145.2218852260076,16,2
2012-03-14 15:34:00.720646+00:00,12.93,27.25,40.0,1068.8860385523587,12.515479344977308,-145.8762890643779,12,3
2012-03-14 16:40:00.720646+00:00,12.82,27.03,40.0,1782.5258020123988,13.880261756809553,-143.1467242407134,11,2
2012-03-14 16:41:00.720646+00:00,12.78,26.95,40.0,1841.8094159841855,13.902970739376014,-143.1013062755805,12,2
2012-03-14 16:42:00.720646+00:00,12.78,26.95,40.0,1901.0930299559727,13.925679721942476,-143.05588831044756,15,2
2012-03-14 16:44:00.720646+00:00,12.75,26.88,40.0,1901.0930299559727,13.925679721942476,-143.05588831044756,17,2
2012-03-14 16:45:00.720646+00:00,12.75,26.88,40.0,2050.112436707864,14.12664021788908,-142.65396731855435,18,2
2012-03-14 16:46:00.720646+00:00,12.71,26.81,40.0,1901.0930299559727,13.925679721942476,-143.05588831044756,17,2
2012-03-14 16:47:00.720646+00:00,12.73,26.84,40.0,1782.5258020123988,13.880261756809553,-143.1467242407134,17,2
2012-03-14 16:48:00.720646+00:00,12.71,26.81,40.0,1515.8784608989345,13.535776745463984,-143.83569426340455,18,2
2012-03-14 16:50:00.720646+00:00,12.69,26.77,40.0,1378.7333892009854,13.21361762333938,-144.48001250765375,18,2
2012-03-14 16:52:00.720646+00:00,12.67,26.73,40.0,1257.9307786656757,13.130103292679207,-144.6470411689741,15,2
2012-03-14 16:53:00.720646+00:00,12.67,26.73,40.0,1152.7065504229386,12.905426780994222,-145.09639419234406,18,2
2012-03-14 17:05:00.720646+00:00,12.53,26.44,40.0,1028.0158160977992,11.77705285168112,-147.35314205097026,10,2
2012-03-14 17:08:00.720646+00:00,12.51,26.41,40.0,981.5733485225178,11.642322913007908,-147.6226019283167,14,2
2012-03-14 22:52:00.720646+00:00,10.97,23.33,35.41,1105.1729996702911,13.029641811027366,-144.8479641322778,18,2
2012-03-14 22:53:00.720646+00:00,10.99,23.36,35.46,1198.9405854402928,13.128525252861964,-144.6501972486086,19,3
2012-03-14 22:54:00.720646+00:00,11.01,23.4,35.51,1207.6550577045575,13.128525252861964,-144.6501972486086,19,2
2012-03-14 22:55:00.720646+00:00,11.02,23.43,35.56,1263.6960049387585,13.224663711348718,-144.45792033163508,20,2
2012-03-14 22:56:00.720646+00:00,11.04,23.47,35.61,1458.0009453523735,13.456651625083556,-143.9939445041654,19,2
2012-03-14 22:57:00.720646+00:00,11.06,23.5,35.66,1634.5661054990123,13.738162881770908,-143.4309219907907,20,2
2012-03-14 22:59:00.720646+00:00,11.08,23.53,35.71,1387.822229173656,13.398086577367174,-144.11107459959817,20,2
2012-03-14 23:00:00.720646+00:00,11.08,23.53,35.71,1387.822229173656,13.398086577367174,-144.11107459959817,18,2
2012-03-14 23:01:00.720646+00:00,11.08,23.53,35.71,1303.3402262512714,13.189205077124278,-144.528837600084,16,2
2012-03-14 23:02:00.720646+00:00,11.06,23.5,35.66,1229.678248790378,12.818125833727231,-145.27099608687806,15,2
2012-03-14 23:03:00.720646+00:00,11.08,23.53,35.71,1207.6550577045575,12.686146029397085,-145.53495569553834,15,3
2012-03-14 23:47:00.720646+00:00,10.53,22.43,34.05,1184.7754312923269,13.20516643495922,-144.49691488441408,16,2
2012-03-14 23:48:00.720646+00:00,10.46,22.29,33.85,1184.7754312923269,13.270983426822536,-144.36528090068742,16,2
2012-03-14 23:49:00.720646+00:00,10.44,22.26,33.8,1184.7754312923269,13.448528116978393,-144.0101915203757,16,2
2012-03-14 23:50:00.720646+00:00,10.46,22.29,33.85,1218.8217247791365,13.560668936761047,-143.7859098808104,19,2
2012-03-14 23:51:00.720646+00:00,10.46,22.29,33.85,1254.2259480244384,13.56608215531794,-143.77508344369664,18,2
2012-03-14 23:52:00.720646+00:00,10.46,22.29,33.85,1218.8217247791365,13.560668936761047,-143.7859098808104,19,2
2012-03-14 23:53:00.720646+00:00,10.44,22.26,33.8,1184.7754312923269,13.448528116978393,-144.0101915203757,18,2
2012-03-14 23:54:00.720646+00:00,10.46,22.29,33.85,1135.544964325915,13.270983426822536,-144.36528090068742,16,2
2012-03-14 23:55:00.720646+00:00,10.46,22.29,33.85,1106.0829834315157,13.166720913507142,-144.57380592731823,14,2
2012-03-14 23:57:00.720646+00:00,10.44,22.26,33.8,885.4101409278411,12.659602636927469,-145.58804248047758,10,2
2012-03-15 00:52:00.720963+00:00,15.76,32.89,40.0,1094.9684998072348,12.353109980935514,-144.00933928418016,18,2
2012-03-15 00:53:00.720963+00:00,15.78,32.94,40.0,1099.433070884381,12.462841540161596,-143.78987616572795,19,2
2012-03-15 00:55:00.720963+00:00,15.78,32.94,40.0,1112.6435342115649,12.519539087199057,-143.67648107165306,19,2
2012-03-15 00:56:00.720963+00:00,15.85,33.07,40.0,1247.9467652453038,12.519539087199057,-143.67648107165306,17,2
2012-03-15 00:57:00.720963+00:00,15.83,33.02,40.0,1173.6899180648425,12.491190313680326,-143.73317861869052,16,2
2012-03-15 01:46:00.720963+00:00,9.7,20.76,31.54,1361.7764028893102,12.63311391343011,-143.44933141919097,13,2
2012-03-15 01:47:00.720963+00:00,9.7,20.76,31.54,1361.7764028893102,12.63311391343011,-143.44933141919097,15,2
2012-03-15 01:48:00.720963+00:00,9.73,20.83,31.64,1361.7764028893102,12.63311391343011,-143.44933141919097,17,2
2012-03-15 01:49:00.720963+00:00,9.75,20.86,31.69,1552.3027869307996,12.878836595032745,-142.95788605598568,18,2
2012-03-15 01:50:00.720963+00:00,9.75,20.86,31.69,1552.3027869307996,12.878836595032745,-142.95788605598568,18,2
2012-03-15 01:51:00.720963+00:00,9.73,20.83,31.64,1470.8306551971946,13.12455927663538,-142.46644069278042,19,2
2012-03-15 01:52:00.720963+00:00,9.73,20.83,31.64,1470.8306551971946,13.12455927663538,-142.46644069278042,19,2
2012-03-15 01:53:00.720963+00:00,9.75,20.86,31.69,1300.5126506577117,12.67293089727576,-143.36969745149966,19,2
2012-03-15 01:55:00.720963+00:00,9.75,20.86,31.69,1300.5126506577117,12.67293089727576,-143.36969745149966,15,2
2012-03-15 01:56:00.720963+00:00,9.89,21.15,32.12,1300.5126506577117,12.67293089727576,-143.36969745149966,15,2
2012-03-15 01:57:00.720963+00:00,9.92,21.21,32.22,1199.5525825571176,12.60917931724006,-143.49720061157106,15,3
2012-03-15 02:01:00.720963+00:00,9.97,21.31,32.37,1096.6063576848358,11.894670100508218,-144.92621904503477,16,2
2012-03-15 02:03:00.720963+00:00,10.05,21.47,32.61,1078.6707054112956,11.701071518346964,-145.31341620935726,15,2
2012-03-15 02:29:00.720963+00:00,10.44,22.26,33.8,1002.3397176478107,12.06121535021946,-144.59312854561227,11,2
2012-03-15 03:14:00.720963+00:00,17.2,35.75,40.0,1475.2767434621576,12.97835738497839,-142.7588444760944,5,2
2012-03-15 03:33:00.720963+00:00,13.17,27.73,40.0,1446.8157358684584,12.673399361427313,-143.36876052319656,7,2
2012-03-15 03:35:00.720963+00:00,13.17,27.73,40.0,1446.8157358684584,12.673399361427313,-143.36876052319656,7,2
2012-03-15 03:43:00.720963+00:00,11.87,25.12,38.1,1321.0554951261038,12.863802610118553,-142.98795402581408,11,2
2012-03-15 03:44:00.720963+00:00,11.87,25.12,38.1,1321.0554951261038,12.863802610118553,-142.98795402581408,11,2
2012-03-15 03:46:00.720963+00:00,11.76,24.91,37.78,927.4177750646236,11.939276936427577,-144.83700537319604,13,2
2012-03-15 03:47:00.720963+00:00,11.64,24.67,37.41,927.4177750646236,11.816107396551788,-145.0833444529476,15,2
2012-03-15 03:58:00.720963+00:00,22.25,40.0,40.0,1167.8660505848225,12.502759459803372,-143.7100403264444,10,2
2012-03-15 03:59:00.720963+00:00,22.25,40.0,40.0,1069.463861764876,12.363268444810988,-143.9890223564292,12,2
2012-03-15 04:00:00.720963+00:00,22.28,40.0,40.0,1069.463861764876,12.347974611896332,-144.01961002225852,14,2
2012-03-15 04:01:00.720963+00:00,22.28,40.0,40.0,1069.463861764876,12.347974611896332,-144.01961002225852,16,2
2012-03-15 04:02:00.720963+00:00,22.31,40.0,40.0,1069.463861764876,12.347974611896332,-144.01961002225852,18,2
2012-03-15 04:05:00.720963+00:00,22.81,40.0,40.0,1194.3554707257686,12.292710288847957,-144.13013866835524,18,2
2012-03-15 04:06:00.720963+00:00,22.91,40.0,40.0,1194.3554707257686,12.292710288847957,-144.13013866835524,18,2
2012-03-15 04:07:00.720963+00:00,22.98,40.0,40.0,1194.3554707257686,12.292710288847957,-144.13013866835524,18,2
2012-03-15 04:11:00.720963+00:00,23.15,40.0,40.0,1024.0422162319828,11.871917073976924,-144.97172509809732,19,2
2012-03-15 04:19:00.720963+00:00,22.94,40.0,40.0,1084.6688916770051,12.22159852801363,-144.27236219002393,16,3
2012-03-15 04:20:00.720963+00:00,22.98,40.0,40.0,1270.9405619674085,12.566817156311847,-143.5819249334275,16,2
2012-03-15 04:21:00.720963+00:00,23.01,40.0,40.0,1586.571541852952,13.197600512240392,-142.32035822157042,16,2
2012-03-15 04:22:00.720963+00:00,23.05,40.0,40.0,1133.1013849272222,12.516413165468316,-143.68273291511454,19,2
2012-03-15 04:23:00.720963+00:00,23.05,40.0,40.0,1116.031754169915,12.385711026256168,-143.94413719353884,20,2
2012-03-15 04:24:00.720963+00:00,23.08,40.0,40.0,1098.962123412608,12.255008887044015,-144.20554147196316,19,2
2012-03-15 04:25:00.720963+00:00,23.15,40.0,40.0,999.9679014647264,12.161837240857562,-144.39188476433606,18,2
2012-03-15 04:26:00.720963+00:00,23.15,40.0,40.0,922.8443509663114,12.107193318731255,-144.50117260858866,17,3
2012-03-15 04:41:00.720963+00:00,11.4,24.18,36.69,1086.8366773336502,12.446424273630535,-143.8227106987901,16,3
2012-03-15 04:42:00.720963+00:00,11.4,24.18,36.69,1176.3553823017317,12.446424273630535,-143.8227106987901,16,2
2012-03-15 04:43:00.720963+00:00,11.42,24.22,36.74,1282.9607057699272,12.59626760363223,-143.52302403878673,17,2
2012-03-15 04:44:00.720963+00:00,11.43,24.25,36.79,1282.9607057699272,12.59626760363223,-143.52302403878673,19,2
2012-03-15 04:45:00.720963+00:00,11.43,24.25,36.79,1282.9607057699272,12.59626760363223,-143.52302403878673,21,2
2012-03-15 04:46:00.720963+00:00,11.45,24.29,36.84,1201.4591711245894,12.451007499513697,-143.81354424702377,21,2
2012-03-15 04:47:00.720963+00:00,11.47,24.32,36.89,1174.501096441419,11.254208986958554,-146.20714127213407,21,2
2012-03-15 04:48:00.720963+00:00,11.48,24.35,36.95,1187.980133783004,11.09062336834357,-146.53431250936404,20,2
2012-03-15 05:03:00.720963+00:00,12.02,25.44,38.57,1293.274380757678,11.624611526881775,-145.46633619228763,16,2
2012-03-15 05:04:00.720963+00:00,12.06,25.51,38.68,1409.0699078378948,11.828171595934489,-145.0592160541822,16,2
2012-03-15 05:05:00.720963+00:00,12.1,25.58,38.79,1409.0699078378948,12.098525978694015,-144.51850728866316,16,2
2012-03-15 05:06:00.720963+00:00,12.11,25.62,38.84,1364.4325108919852,12.098525978694015,-144.51850728866316,18,2
2012-03-15 05:07:00.720963+00:00,12.13,25.65,38.89,1357.8743784534804,11.96001742688384,-144.79552439228348,20,3
2012-03-15 05:08:00.720963+00:00,12.13,25.65,38.89,1357.8743784534804,11.96001742688384,-144.79552439228348,20,2
2012-03-15 05:09:00.720963+00:00,12.15,25.69,38.95,1352.4672198024518,12.034181558812772,-144.64719612842563,19,2
2012-03-15 05:26:00.720963+00:00,12.36,26.12,39.59,1384.5628784173475,12.374522421236817,-143.96651440357755,14,2
2012-03-15 05:27:00.720963+00:00,12.36,26.12,39.59,1426.103305080548,12.582349268843824,-143.55086070836353,15,2
2012-03-15 05:28:00.720963+00:00,12.36,26.12,39.59,1494.9017086645044,12.725693974092032,-143.2641712978671,15,2
2012-03-15 05:29:00.720963+00:00,12.36,26.12,39.59,1742.8562320405545,13.133691495349249,-142.44817625535268,16,2
2012-03-15 05:30:00.720963+00:00,12.38,26.15,39.65,1745.961753112004,12.938149368567908,-142.83926050891534,19,2
2012-03-15 05:31:00.720963+00:00,12.38,26.15,39.65,1868.386254264304,13.236094689260456,-142.24336986753025,20,2
2012-03-15 05:32:00.720963+00:00,12.4,26.19,39.7,1868.386254264304,13.236094689260456,-142.24336986753025,20,2
2012-03-15 05:33:00.720963+00:00,12.4,26.19,39.7,1868.386254264304,13.236094689260456,-142.24336986753025,20,2
2012-03-15 05:34:00.720963+00:00,12.42,26.23,39.76,1949.3978668175257,13.236094689260456,-142.24336986753025,20,2
2012-03-15 05:35:00.720963+00:00,12.44,26.26,39.81,1949.3978668175257,13.236094689260456,-142.24336986753025,20,2
2012-03-15 05:36:00.720963+00:00,12.47,26.33,39.92,1949.3978668175257,13.236094689260456,-142.24336986753025,20,2
2012-03-15 05:37:00.720963+00:00,12.49,26.37,39.97,1949.3978668175257,13.119486113639836,-142.4765870187715,20,2
2012-03-15 05:38:00.720963+00:00,12.53,26.44,40.0,1874.012559627222,13.10679667995202,-142.50196588614713,20,2
2012-03-15 05:39:00.720963+00:00,12.54,26.48,40.0,1745.961753112004,12.938149368567908,-142.83926050891534,21,2
2012-03-15 05:40:00.720963+00:00,12.56,26.52,40.0,1819.01379239214,12.962334326771362,-142.79089059250845,20,2
2012-03-15 05:41:00.720963+00:00,12.6,26.59,40.0,2002.06336614244,13.275443991336129,-142.16467126337892,21,2
2012-03-15 05:42:00.720963+00:00,12.58,26.55,40.0,2002.06336614244,13.275443991336129,-142.16467126337892,19,2
2012-03-15 05:43:00.720963+00:00,12.6,26.59,40.0,2002.06336614244,13.275443991336129,-142.16467126337892,17,2
2012-03-15 05:44:00.720963+00:00,12.6,26.59,40.0,2002.06336614244,13.275443991336129,-142.16467126337892,15,2
2012-03-15 05:45:00.720963+00:00,12.64,26.66,40.0,2173.9141814557565,13.300822858711769,-142.11391352862765,15,2
2012-03-15 05:46:00.720963+00:00,12.65,26.7,40.0,2293.205737514566,13.519210595040402,-141.67713805597035,16,2
2012-03-15 05:49:00.720963+00:00,12.67,26.73,40.0,4594.768861012973,14.760016039634625,-139.19552716678194,16,2
2012-03-15 05:50:00.720963+00:00,12.69,26.77,40.0,5182.624680989609,15.031417239698802,-138.6527247666536,16,2
2012-03-15 05:51:00.720963+00:00,12.69,26.77,40.0,6188.884639479424,15.5410513937636,-137.63345645852397,14,2
2012-03-15 05:52:00.720963+00:00,12.69,26.77,40.0,5688.040046247361,15.313813239483943,-138.0879327670833,16,2
2012-03-15 05:53:00.720963+00:00,12.71,26.81,40.0,5439.364077563411,15.293584529777142,-138.1283901864969,18,2
2012-03-15 05:54:00.720963+00:00,12.71,26.81,40.0,5275.841495034344,15.282577632513298,-138.15040398102457,19,2
2012-03-15 05:55:00.720963+00:00,12.73,26.84,40.0,4943.385790608791,15.098055301244068,-138.51944864356304,20,2
2012-03-15 05:57:00.720963+00:00,12.78,26.95,40.0,3832.921913714704,14.51039961578532,-139.69476001448052,18,2
2012-03-15 05:58:00.720963+00:00,12.82,27.03,40.0,3706.669204152575,14.397843891265206,-139.91987146352076,16,2
2012-03-15 05:59:00.720963+00:00,12.84,27.06,40.0,3602.834893731927,14.163618237068931,-140.38832277191332,14,2
2012-03-15 06:00:00.720963+00:00,12.86,27.1,40.0,3578.39041793478,14.163618237068931,-140.38832277191332,12,2
2012-03-15 06:01:00.720963+00:00,12.89,27.18,40.0,3460.0744344317263,14.1313811951232,-140.4527968558048,11,2
2012-03-15 06:41:00.720963+00:00,10.97,23.33,35.41,1222.751179959269,12.21134738719835,-144.29286447165447,15,2
2012-03-15 06:42:00.720963+00:00,10.91,23.2,35.2,1230.5451366572197,12.21712667128484,-144.2813059034815,14,2
2012-03-15 06:43:00.720963+00:00,10.87,23.13,35.1,1337.0898918971411,12.606091553457706,-143.50337613913575,16,2
2012-03-15 06:44:00.720963+00:00,10.87,23.13,35.1,1337.0898918971411,12.606091553457706,-143.50337613913575,18,2
2012-03-15 06:45:00.720963+00:00,10.89,23.16,35.15,1238.3390933551702,12.222905955371331,-144.26974733530852,19,2
2012-03-15 06:47:00.720963+00:00,10.86,23.09,35.05,1238.3390933551702,12.222905955371331,-144.26974733530852,19,2
2012-03-15 06:48:00.720963+00:00,10.87,23.13,35.1,1222.751179959269,12.222905955371331,-144.26974733530852,19,2
2012-03-15 06:49:00.720963+00:00,10.91,23.2,35.2,1222.751179959269,12.222905955371331,-144.26974733530852,19,2
2012-03-15 06:50:00.720963+00:00,10.96,23.3,35.35,1222.751179959269,12.222905955371331,-144.26974733530852,19,2
2012-03-15 06:51:00.720963+00:00,10.99,23.36,35.46,1084.355119876029,12.044126790672252,-144.62730566470668,18,2
2012-03-15 06:53:00.720963+00:00,11.09,23.57,35.76,1084.355119876029,11.933470717098368,-144.84861781185444,14,2
2012-03-15 07:00:00.720963+00:00,11.08,23.53,35.71,1072.3178595387913,11.956646460983126,-144.8022663240849,13,2
2012-03-15 07:01:00.720963+00:00,11.09,23.57,35.76,1315.2566304324316,12.92867571632334,-142.8582078134045,13,2
2012-03-15 07:02:00.720963+00:00,11.08,23.53,35.71,1315.2566304324316,12.92867571632334,-142.8582078134045,15,3
2012-03-15 07:04:00.720963+00:00,11.06,23.5,35.66,1129.555709333024,12.36248866000136,-143.99058192604846,19,2
2012-03-15 07:07:00.720963+00:00,11.16,23.7,35.97,957.131584809126,12.101162728188768,-144.51323378967362,16,2
2012-03-15 07:15:00.720963+00:00,11.19,23.77,36.07,1131.7234699370556,12.31159774696178,-144.09236375212762,15,2
2012-03-15 07:16:00.720963+00:00,11.21,23.81,36.12,1131.7234699370556,12.37290126266272,-143.96975672072574,13,2
2012-03-15 07:22:00.720963+00:00,10.82,23.03,34.95,933.6608968957664,11.895752449880776,-144.9240543462896,13,2
2012-03-15 07:47:00.720963+00:00,11.21,23.81,36.12,1035.7878363019047,12.142235049698243,-144.4310891466547,13,2
2012-03-15 07:48:00.720963+00:00,11.23,23.84,36.17,1035.7878363019047,12.142235049698243,-144.4310891466547,15,3
2012-03-15 07:50:00.720963+00:00,11.24,23.87,36.22,1035.7878363019047,12.142235049698243,-144.4310891466547,19,2
2012-03-15 07:51:00.720963+00:00,11.24,23.87,36.22,1035.7878363019047,12.142235049698243,-144.4310891466547,21,2
2012-03-15 07:52:00.720963+00:00,11.28,23.94,36.33,1035.7878363019047,12.142235049698243,-144.4310891466547,21,3
2012-03-15 07:55:00.720963+00:00,11.33,24.05,36.48,1221.549390328903,12.38914744403651,-143.93726435797814,21,3
2012-03-15 07:57:00.720963+00:00,11.42,24.22,36.74,1174.8901577374777,12.123054960642982,-144.4694493247652,20,2
2012-03-15 08:01:00.720963+00:00,11.5,24.39,37.0,1137.5528818109824,11.890116822512686,-144.93532560102582,19,2
2012-03-15 08:23:00.720963+00:00,11.92,25.23,38.26,1119.1963554718411,12.109780607250173,-144.49599803155084,20,2
2012-03-15 08:24:00.720963+00:00,11.94,25.26,38.31,1119.1963554718411,12.109780607250173,-144.49599803155084,20,2
2012-03-15 08:26:00.720963+00:00,11.95,25.3,38.36,1214.4061846886275,12.267120182107467,-144.18131888183623,18,2
2012-03-15 08:27:00.720963+00:00,11.97,25.33,38.42,1288.3820586018687,12.42003716753196,-143.87548491098724,19,2
2012-03-15 08:28:00.720963+00:00,11.99,25.37,38.47,1397.0424711926464,12.497590395068585,-143.720378455914,18,2
2012-03-15 08:33:00.720963+00:00,12.08,25.55,38.73,1377.70091689565,12.495582698967103,-143.72439384811696,13,2
2012-03-15 08:34:00.720963+00:00,12.11,25.62,38.84,1397.0424711926464,12.497590395068585,-143.720378455914,12,2
2012-03-15 08:39:00.720963+00:00,12.26,25.9,39.27,2273.727672121235,13.188268218647751,-142.33902280875566,14,2
2012-03-15 08:40:00.720963+00:00,12.22,25.83,39.16,2647.474801520821,13.546045399204033,-141.62346844764312,14,2
2012-03-15 08:41:00.720963+00:00,12.24,25.87,39.22,2525.3946195352646,13.546045399204033,-141.62346844764312,16,2
2012-03-15 08:42:00.720963+00:00,12.24,25.87,39.22,2484.9947883693094,13.52242562251354,-141.67070800102408,18,2
2012-03-15 08:43:00.720963+00:00,12.24,25.87,39.22,2347.069081791205,13.362137918880222,-141.99128340829074,20,2
2012-03-15 08:44:00.720963+00:00,12.24,25.87,39.22,2347.069081791205,13.362137918880222,-141.99128340829074,20,2
2012-03-15 08:45:00.720963+00:00,12.24,25.87,39.22,2158.3066829908257,13.25382289039488,-142.2079134652614,20,3
2012-03-15 08:46:00.720963+00:00,12.26,25.9,39.27,2008.178093216332,13.086268804076038,-142.5430216378991,20,2
2012-03-15 08:47:00.720963+00:00,12.26,25.9,39.27,1825.0490900955544,12.919792873792677,-142.87597349846584,20,2
2012-03-15 08:49:00.720963+00:00,12.27,25.94,39.32,1785.9649566191388,12.665301746220258,-143.38495575361063,20,2
2012-03-15 08:50:00.720963+00:00,12.31,26.01,39.43,1768.8364206932529,12.623053145086676,-143.46945295587784,20,2
2012-03-15 08:51:00.720963+00:00,12.33,26.05,39.49,1768.8364206932529,12.623053145086676,-143.46945295587784,20,2
2012-03-15 08:52:00.720963+00:00,12.35,26.08,39.54,1654.2506853301363,12.459240397895956,-143.79707845025928,20,2
2012-03-15 08:53:00.720963+00:00,12.38,26.15,39.65,1503.2253578983427,12.459240397895956,-143.79707845025928,20,3
2012-03-15 08:54:00.720963+00:00,12.38,26.15,39.65,1506.9100607792684,12.58946419288738,-143.5366308602764,19,2
2012-03-15 08:55:00.720963+00:00,12.4,26.19,39.7,1499.5406550174168,12.58946419288738,-143.5366308602764,17,2
2012-03-15 08:56:00.720963+00:00,12.42,26.23,39.76,1496.235416355857,12.329016602904534,-144.05752604024212,17,2
2012-03-15 08:57:00.720963+00:00,12.44,26.26,39.81,1355.4949577942543,12.317396623912996,-144.0807659982252,16,2
2012-03-15 09:09:00.720963+00:00,12.44,26.26,39.81,1079.151036696885,12.271389148182925,-144.17278094968532,18,2
2012-03-15 09:12:00.720963+00:00,12.54,26.48,40.0,980.290120963085,11.84575567951531,-145.02404788702057,20,2
2012-03-15 09:19:00.720963+00:00,12.69,26.77,40.0,969.6148658889384,11.627854286332024,-145.4598506733871,16,2
2012-03-15 09:25:00.720963+00:00,5.96,13.07,19.93,1391.458075897951,12.49594062297808,-143.72367800009502,15,2
2012-03-15 09:26:00.720963+00:00,5.95,13.04,19.88,1536.1850790081653,12.754192965979833,-143.2071733140915,15,2
2012-03-15 09:27:00.720963+00:00,5.95,13.04,19.88,1536.1850790081653,12.754192965979833,-143.2071733140915,15,2
2012-03-15 09:28:00.720963+00:00,5.92,12.98,19.79,1536.1850790081653,12.754192965979833,-143.2071733140915,17,3
2012-03-15 09:30:00.720963+00:00,5.89,12.91,19.69,1536.1850790081653,12.754192965979833,-143.2071733140915,19,2
2012-03-15 09:32:00.720963+00:00,5.78,12.69,19.35,1391.458075897951,12.754192965979833,-143.2071733140915,19,2
2012-03-15 09:33:00.720963+00:00,5.75,12.62,19.25,1391.458075897951,12.754192965979833,-143.2071733140915,19,2
2012-03-15 09:34:00.720963+00:00,13.08,27.55,40.0,1391.458075897951,12.754192965979833,-143.2071733140915,19,2
2012-03-15 09:35:00.720963+00:00,13.1,27.58,40.0,1342.3006503341958,12.482074674281394,-143.7514098974884,19,2
2012-03-15 09:36:00.720963+00:00,13.12,27.62,40.0,1408.38330281889,12.521291612387904,-143.67297602127536,20,2
2012-03-15 09:37:00.720963+00:00,13.02,27.44,40.0,1474.4659553035845,12.832601102436644,-143.0503570411779,21,2
2012-03-15 09:38:00.720963+00:00,13.06,27.51,40.0,1474.4659553035845,12.832601102436644,-143.0503570411779,21,2
2012-03-15 09:39:00.720963+00:00,13.17,27.73,40.0,1342.3006503341958,12.209982122339165,-144.29559500137285,21,2
2012-03-15 09:40:00.720963+00:00,13.12,27.62,40.0,1342.3006503341958,12.209982122339165,-144.29559500137285,19,2
2012-03-15 09:41:00.720963+00:00,13.23,27.85,40.0,1304.1489464630893,11.758651318690534,-145.1982566086701,17,3
2012-03-15 09:42:00.720963+00:00,13.25,27.89,40.0,1245.175412044453,11.741351068616304,-145.23285710881856,16,2
2012-03-15 09:43:00.720963+00:00,12.84,27.06,40.0,1245.175412044453,11.741351068616304,-145.23285710881856,16,2
2012-03-15 09:47:00.720963+00:00,12.89,27.18,40.0,1040.337089690386,11.741045472207936,-145.2334683016353,16,2
2012-03-15 09:48:00.720963+00:00,12.99,27.36,40.0,1040.337089690386,11.767180121016736,-145.1811990040177,16,2
2012-03-15 09:49:00.720963+00:00,12.86,27.1,40.0,1301.7699357047516,12.315653657904733,-144.08425193024172,16,2
2012-03-15 09:50:00.720963+00:00,6.02,13.2,20.13,1304.4572581857133,12.381008505921816,-143.95354223420753,18,2
2012-03-15 09:51:00.720963+00:00,6.07,13.3,20.27,1355.5760371401757,12.381008505921816,-143.95354223420753,20,2
2012-03-15 09:52:00.720963+00:00,6.1,13.36,20.37,1465.059393135034,12.496080098419093,-143.723399049213,20,2
2012-03-15 09:53:00.720963+00:00,6.13,13.42,20.46,1365.5318700450407,12.314592677349635,-144.0863738913519,20,3
2012-03-15 09:54:00.720963+00:00,12.78,26.95,40.0,1330.790035749602,12.21524421514042,-144.28507081577033,20,2
2012-03-15 09:55:00.720963+00:00,6.48,14.15,21.56,1330.790035749602,12.21524421514042,-144.28507081577033,20,2
2012-03-15 09:59:00.720963+00:00,40.0,0.07,0.17,1303.6832828272388,12.151355283708376,-144.41284867863442,19,2
2012-03-15 10:01:00.720963+00:00,12.69,26.77,40.0,1303.6832828272388,12.151355283708376,-144.41284867863442,19,2
2012-03-15 10:02:00.720963+00:00,40.0,0.07,0.17,1303.6832828272388,12.272989599245946,-144.1695800475593,19,2
2012-03-15 10:03:00.720963+00:00,12.78,26.95,40.0,1303.6832828272388,12.272989599245946,-144.1695800475593,17,2
2012-03-15 10:04:00.720963+00:00,13.3,28.0,40.0,1303.6832828272388,12.272989599245946,-144.1695800475593,15,2
2012-03-15 10:05:00.720963+00:00,13.17,27.73,40.0,1452.6174911527614,12.429737558688991,-143.85608412867322,14,2
2012-03-15 10:06:00.720963+00:00,13.02,27.44,40.0,1631.5321073481955,12.790364106717824,-143.13483103261552,14,2
2012-03-15 10:10:00.720963+00:00,13.25,27.89,40.0,2160.556695599817,13.45154070907164,-141.8124778279079,14,2
2012-03-15 10:11:00.720963+00:00,13.23,27.85,40.0,2274.942648049984,13.521293631742436,-141.6729719825663,14,2
2012-03-15 10:12:00.720963+00:00,13.27,27.92,40.0,2349.9182058959136,13.55133126839262,-141.61289670926593,15,2
2012-03-15 10:13:00.720963+00:00,13.27,27.92,40.0,3027.2711718802093,14.227992304982152,-140.25957463608688,16,2
2012-03-15 10:14:00.720963+00:00,13.29,27.96,40.0,2970.5262392502023,14.227992304982152,-140.25957463608688,18,2
2012-03-15 10:15:00.720963+00:00,13.3,28.0,40.0,3505.6001666311,14.903897549334037,-138.9077641473831,19,2
2012-03-15 10:16:00.720963+00:00,13.34,28.07,40.0,3505.6001666311,14.903897549334037,-138.9077641473831,19,2
2012-03-15 10:17:00.720963+00:00,13.36,28.11,40.0,3256.942004398905,14.74020010239273,-139.23515904126572,19,2
2012-03-15 10:19:00.720963+00:00,13.36,28.11,40.0,2372.006956857528,13.92578029822829,-140.8639986495946,18,2
2012-03-15 10:20:00.720963+00:00,13.36,28.11,40.0,2493.8867913481718,14.182330203605824,-140.35089883883953,19,2
2012-03-15 10:21:00.720963+00:00,13.4,28.19,40.0,2493.8867913481718,14.182330203605824,-140.35089883883953,19,2
2012-03-15 10:22:00.720963+00:00,13.4,28.19,40.0,2493.8867913481718,14.182330203605824,-140.35089883883953,19,2
2012-03-15 10:23:00.720963+00:00,13.42,28.23,40.0,2211.114645804708,13.65075403559034,-141.4140511748705,20,2
2012-03-15 10:24:00.720963+00:00,13.4,28.19,40.0,2108.4812032836435,13.602175973787151,-141.51120729847688,20,2
2012-03-15 10:25:00.720963+00:00,13.4,28.19,40.0,2057.510557632196,13.546020009804971,-141.62351922644123,20,2
2012-03-15 10:26:00.720963+00:00,13.4,28.19,40.0,2015.6515029501645,13.52307907475986,-141.66940109653143,20,2
2012-03-15 10:27:00.720963+00:00,13.38,28.15,40.0,1927.96153958919,13.37416269329032,-141.96723385947053,18,2
2012-03-15 10:28:00.720963+00:00,13.4,28.19,40.0,1788.9231668831808,13.092057648673151,-142.53144394870486,16,2
2012-03-15 10:29:00.720963+00:00,13.44,28.26,40.0,1557.8505607386,12.847157814409208,-143.02124361723276,16,2
2012-03-15 10:30:00.720963+00:00,13.42,28.23,40.0,1462.125723662182,12.47625833957548,-143.7630425669002,16,2
2012-03-15 10:37:00.720963+00:00,13.48,28.34,40.0,1100.1513200344807,10.908688927949338,-146.8981813901525,16,2
2012-03-15 11:32:00.720963+00:00,14.74,30.87,40.0,1143.4700728320072,12.023768483822952,-144.66802227840526,16,2
2012-03-15 11:35:00.720963+00:00,14.81,30.99,40.0,1102.3279580474962,11.933660911591756,-144.84823742286767,16,3
2012-03-15 11:37:00.720963+00:00,14.97,31.32,40.0,949.2092404864718,11.595374526398087,-145.524810193255,17,2
2012-03-15 11:47:00.720963+00:00,15.59,32.55,40.0,994.1605828170544,12.10045635409756,-144.51464653785604,13,2
2012-03-15 11:48:00.720963+00:00,15.59,32.55,40.0,867.576572505105,11.563223548249235,-145.5891121495527,13,2
2012-03-15 11:50:00.720963+00:00,15.59,32.55,40.0,855.6345038266836,11.543392434490803,-145.62877437706956,14,2
2012-03-15 12:34:00.721280+00:00,9.91,21.18,32.17,1471.7459575072655,12.816730009302615,-141.66922460872792,13,2
2012-03-15 12:35:00.721280+00:00,9.91,21.18,32.17,1510.9651215521865,12.859095997976366,-141.5844926313804,12,2
2012-03-15 12:37:00.721280+00:00,9.91,21.18,32.17,1550.1842855971074,12.901461986650116,-141.4997606540329,17,2
2012-03-15 12:38:00.721280+00:00,9.91,21.18,32.17,1510.9651215521865,12.859095997976366,-141.5844926313804,18,2
2012-03-15 12:40:00.721280+00:00,9.91,21.18,32.17,1357.1633442231732,12.649923312602873,-142.00283800212742,17,2
2012-03-15 12:41:00.721280+00:00,9.91,21.18,32.17,1357.1633442231732,12.649923312602873,-142.00283800212742,17,2
2012-03-15 12:42:00.721280+00:00,9.92,21.21,32.22,1186.3999398478666,12.230092967666614,-142.84249869199994,18,2
2012-03-15 12:45:00.721280+00:00,9.92,21.21,32.22,932.4003134485578,11.9099141086172,-143.48285641009875,18,2
2012-03-20 03:29:00.724133+00:00,9.54,20.44,31.06,1133.3657255164503,12.725653221493893,-150.72842630310825,11,3
2012-03-20 03:31:00.724133+00:00,9.49,20.34,30.91,1318.8575498868856,12.725653221493893,-150.72842630310825,15,2
2012-03-20 03:32:00.724133+00:00,18.7,38.72,40.0,1318.8575498868856,12.725653221493893,-150.72842630310825,15,2
2012-03-20 03:35:00.724133+00:00,18.7,38.72,40.0,1915.447724327392,13.311971592273869,-149.5557895615483,15,2
2012-03-20 03:39:00.724133+00:00,18.7,38.72,40.0,2292.339151372684,13.923349722673132,-148.33303330074978,16,2
2012-03-20 03:40:00.724133+00:00,18.7,38.72,40.0,2556.816027093253,14.185361823024524,-147.809009100047,16,3
2012-03-20 03:41:00.724133+00:00,18.7,38.72,40.0,2556.816027093253,14.266536824215084,-147.64665909766586,16,2
2012-03-20 03:43:00.724133+00:00,12.06,25.51,38.68,2845.1336937815768,14.524486645855836,-147.13075945438436,21,2
2012-03-20 03:44:00.724133+00:00,12.08,25.55,38.73,2845.1336937815768,14.524486645855836,-147.13075945438436,21,2
2012-03-20 03:45:00.724133+00:00,12.08,25.55,38.73,2845.1336937815768,14.524486645855836,-147.13075945438436,21,2
2012-03-20 03:46:00.724133+00:00,12.08,25.55,38.73,2864.4499697917645,14.573809674048269,-147.0321133979995,20,2
2012-03-20 03:47:00.724133+00:00,12.08,25.55,38.73,2819.619214685089,14.6231327022407,-146.93346734161463,21,3
2012-03-20 03:48:00.724133+00:00,12.08,25.55,38.73,2442.6590075882773,14.475560965289258,-147.22861081551753,22,2
2012-03-20 03:49:00.724133+00:00,12.08,25.55,38.73,2059.880663232541,14.270341308642449,-147.63905012881114,22,2
2012-03-20 03:50:00.724133+00:00,12.08,25.55,38.73,1876.4223775389864,14.013585183320991,-148.15256237945405,22,2
2012-03-20 03:51:00.724133+00:00,12.1,25.58,38.79,1683.5855879968371,13.50815712730856,-149.16341849147892,23,2
2012-03-20 03:52:00.724133+00:00,12.1,25.58,38.79,1651.7855048897668,13.17025217804867,-149.8392283899987,22,3
2012-03-20 03:53:00.724133+00:00,12.08,25.55,38.73,1474.875084249682,13.06895294552001,-150.041826855056,22,2
2012-03-20 03:54:00.724133+00:00,12.08,25.55,38.73,1312.504722309879,12.976016348538248,-150.22770004901952,22,2
2012-03-20 03:56:00.724133+00:00,12.08,25.55,38.73,1089.6889645482188,12.734736093109472,-150.7102605598771,20,3
2012-03-20 03:57:00.724133+00:00,12.08,25.55,38.73,1089.6889645482188,12.734736093109472,-150.7102605598771,20,2
2012-03-20 03:58:00.724133+00:00,12.1,25.58,38.79,1034.9527694752728,11.863470498056133,-152.45279174998376,20,2
2012-03-20 03:59:00.724133+00:00,12.11,25.62,38.84,1034.9527694752728,11.863470498056133,-152.45279174998376,20,2
2012-03-20 04:01:00.724133+00:00,12.13,25.65,38.89,996.5490013137633,11.853803090354438,-152.47212656538716,19,2
2012-03-20 04:02:00.724133+00:00,12.11,25.62,38.84,1073.3565376367822,11.873137905757822,-152.4334569345804,19,2
2012-03-20 04:03:00.724133+00:00,12.11,25.62,38.84,996.5490013137633,11.930489983382024,-152.318752779332,19,2
2012-03-20 04:04:00.724133+00:00,12.08,25.55,38.73,1265.332725985142,12.408004344173854,-151.36372405774833,19,2
2012-03-20 04:05:00.724133+00:00,12.08,25.55,38.73,1567.86618895908,13.102009999083712,-149.9757127479286,19,2
2012-03-20 04:06:00.724133+00:00,12.08,25.55,38.73,1719.340723166178,13.176909374249504,-149.825913997597,22,2
2012-03-20 04:07:00.724133+00:00,12.06,25.51,38.68,1859.3659887795836,13.176909374249504,-149.825913997597,22,2
2012-03-20 04:08:00.724133+00:00,12.04,25.47,38.63,1893.3264214623064,13.251808749415297,-149.67611524726544,21,2
2012-03-20 04:09:00.724133+00:00,12.04,25.47,38.63,1928.2926175666744,13.251808749415297,-149.67611524726544,21,2
2012-03-20 04:10:00.724133+00:00,12.02,25.44,38.57,1928.2926175666744,13.102009999083712,-149.9757127479286,21,2
2012-03-20 04:11:00.724133+00:00,12.02,25.44,38.57,1988.126140093481,13.067248045151365,-150.0452366557933,22,3
2012-03-20 04:12:00.724133+00:00,12.02,25.44,38.57,1988.126140093481,13.067248045151365,-150.0452366557933,22,2
2012-03-20 04:13:00.724133+00:00,12.02,25.44,38.57,2309.365235022714,13.102009999083712,-149.9757127479286,21,2
2012-03-20 04:14:00.724133+00:00,12.02,25.44,38.57,2309.365235022714,13.102009999083712,-149.9757127479286,19,2
2012-03-20 04:15:00.724133+00:00,12.02,25.44,38.57,2466.3353474581577,13.182589062104071,-149.8145546218879,18,3
2012-03-20 04:16:00.724133+00:00,12.02,25.44,38.57,2178.6624488215007,12.91836054639966,-150.3430116532967,18,2
2012-03-20 04:17:00.724133+00:00,12.04,25.47,38.63,2098.4303124346998,12.91836054639966,-150.3430116532967,18,2
2012-03-20 04:20:00.724133+00:00,12.1,25.58,38.79,2476.133267543153,13.403438890360516,-149.37285496537498,18,3
2012-03-20 04:21:00.724133+00:00,12.1,25.58,38.79,2462.019276083523,13.367769555997215,-149.4441936341016,17,2
2012-03-20 04:22:00.724133+00:00,12.1,25.58,38.79,1826.7964872556431,13.230287423796998,-149.71915789850203,17,2
2012-03-20 04:23:00.724133+00:00,12.11,25.62,38.84,1651.3565945386672,12.88852149481893,-150.4026897564582,18,2
2012-03-20 04:25:00.724133+00:00,12.11,25.62,38.84,1449.4211762568486,12.308962602953285,-151.56180754018948,22,3
2012-03-20 04:28:00.724133+00:00,12.13,25.65,38.89,1461.4335968531475,12.54675556584086,-151.0862216144143,21,2
2012-03-20 04:29:00.724133+00:00,12.15,25.69,38.95,1475.916701821691,12.637340529301955,-150.90505168749212,23,3
2012-03-20 04:30:00.724133+00:00,12.13,25.65,38.89,1547.5308351360263,12.59204804757141,-150.9956366509532,22,2
2012-03-20 04:31:00.724133+00:00,12.13,25.65,38.89,1682.6773951899888,12.745376285480525,-150.688980175135,22,2
2012-03-20 04:32:00.724133+00:00,12.13,25.65,38.89,1856.4443510816689,12.939049616488123,-150.30163351311978,22,2
2012-03-20 04:33:00.724133+00:00,12.13,25.65,38.89,1856.4443510816689,12.939049616488123,-150.30163351311978,22,2
2012-03-20 04:34:00.724133+00:00,12.13,25.65,38.89,1856.4443510816689,12.939049616488123,-150.30163351311978,20,3
2012-03-20 04:35:00.724133+00:00,12.11,25.62,38.84,1856.4443510816689,13.04855306476269,-150.08262661657068,18,2
2012-03-20 04:36:00.724133+00:00,12.11,25.62,38.84,2154.9508825084786,13.379379769253852,-149.42097320758833,19,2
2012-03-20 04:37:00.724133+00:00,12.13,25.65,38.89,2191.353822326293,13.445071983283054,-149.28958877952994,19,2
2012-03-20 04:40:00.724133+00:00,12.2,25.79,39.11,2663.3723787586646,13.913022313016937,-148.35368812006217,18,3
2012-03-20 04:41:00.724133+00:00,12.22,25.83,39.16,3055.5483792079926,14.065759946948308,-148.0482128521994,19,2
2012-03-20 04:42:00.724133+00:00,12.24,25.87,39.22,3055.5483792079926,14.065759946948308,-148.0482128521994,19,2
2012-03-20 04:43:00.724133+00:00,12.24,25.87,39.22,4263.92913520391,14.759419304909205,-146.66089413627762,19,2
2012-03-20 04:44:00.724133+00:00,12.22,25.83,39.16,5189.569849605748,14.891551804745744,-146.39662913660456,21,2
2012-03-20 04:45:00.724133+00:00,12.18,25.76,39.06,5508.795871984381,15.485233256721529,-145.209266232653,22,2
2012-03-20 04:46:00.724133+00:00,12.17,25.72,39.0,5592.5836197630415,15.686100277118982,-144.80753219185806,22,3
2012-03-20 04:47:00.724133+00:00,12.15,25.69,38.95,5605.562604733856,15.686100277118982,-144.80753219185806,22,2
2012-03-20 04:48:00.724133+00:00,12.13,25.65,38.89,5979.064394377712,15.686100277118982,-144.80753219185806,22,2
2012-03-20 04:49:00.724133+00:00,12.1,25.58,38.79,6483.536056914976,15.702652554182052,-144.77442763773195,22,2
2012-03-20 04:50:00.724133+00:00,12.02,25.44,38.57,6621.023466764129,15.845669711496503,-144.48839332310305,23,3
2012-03-20 04:51:00.724133+00:00,11.95,25.3,38.36,6483.536056914976,15.702652554182052,-144.77442763773195,22,2
2012-03-20 04:52:00.724133+00:00,11.94,25.26,38.31,6483.536056914976,15.702652554182052,-144.77442763773195,22,2
2012-03-20 04:53:00.724133+00:00,11.92,25.23,38.26,6483.536056914976,15.702652554182052,-144.77442763773195,22,2
2012-03-20 04:54:00.724133+00:00,11.9,25.19,38.2,6957.781588452377,16.00527455888072,-144.1691836283346,22,2
2012-03-20 04:55:00.724133+00:00,11.87,25.12,38.1,6957.781588452377,16.00527455888072,-144.1691836283346,22,3
2012-03-20 04:56:00.724133+00:00,11.85,25.09,38.04,7569.514529838932,16.22504741084174,-143.72963792441257,21,2
2012-03-20 04:57:00.724133+00:00,11.83,25.05,37.99,6348.608771073412,15.53540484451924,-145.10892305705755,21,2
2012-03-20 04:58:00.724133+00:00,11.83,25.05,37.99,6348.608771073412,15.53540484451924,-145.10892305705755,19,2
2012-03-20 04:59:00.724133+00:00,11.83,25.05,37.99,6148.810475019771,15.479927173609614,-145.2198783988768,19,2
2012-03-20 05:00:00.724133+00:00,11.83,25.05,37.99,6139.210018986686,15.445943294162976,-145.28784615777008,18,2
2012-03-20 05:01:00.724133+00:00,11.87,25.12,38.1,6139.210018986686,15.445943294162976,-145.28784615777008,18,3
2012-03-20 05:04:00.724133+00:00,11.9,25.19,38.2,5566.490982699117,15.479927173609614,-145.2198783988768,19,2
2012-03-20 05:05:00.724133+00:00,11.9,25.19,38.2,5566.490982699117,15.479927173609614,-145.2198783988768,19,2
2012-03-20 05:06:00.724133+00:00,11.92,25.23,38.26,5424.903889460276,15.506184076284011,-145.16736459352802,19,2
2012-03-20 05:07:00.724133+00:00,11.92,25.23,38.26,5527.171942755714,15.838054340300156,-144.50362406549573,19,2
2012-03-20 05:08:00.724133+00:00,11.9,25.19,38.2,5627.018355060729,15.918941924426314,-144.3418488972434,22,3
2012-03-20 05:09:00.724133+00:00,11.9,25.19,38.2,7770.117948524461,16.675075285322514,-142.829582175451,22,2
2012-03-20 05:10:00.724133+00:00,11.88,25.16,38.15,7770.117948524461,16.675075285322514,-142.829582175451,22,2
2012-03-20 05:11:00.724133+00:00,11.88,25.16,38.15,7770.117948524461,16.675075285322514,-142.829582175451,22,2
2012-03-20 05:12:00.724133+00:00,11.87,25.12,38.1,7770.117948524461,16.675075285322514,-142.829582175451,22,3
2012-03-20 05:13:00.724133+00:00,11.81,25.02,37.94,7770.117948524461,16.675075285322514,-142.829582175451,22,2
2012-03-20 05:14:00.724133+00:00,11.8,24.98,37.89,7934.037733321726,16.70215833708479,-142.7754160719265,22,2
2012-03-20 05:15:00.724133+00:00,11.8,24.98,37.89,7708.118259098493,16.623854953658388,-142.9320228387793,22,2
2012-03-20 05:16:00.724133+00:00,11.78,24.95,37.83,7173.945166994448,16.47790490899417,-143.2239229281077,22,2
2012-03-20 05:17:00.724133+00:00,11.76,24.91,37.78,6723.202782480678,16.385020752267128,-143.4096912415618,22,2
2012-03-20 05:18:00.724133+00:00,11.74,24.88,37.73,7238.470854308238,16.636075374127806,-142.90758199784042,21,3
2012-03-20 05:19:00.724133+00:00,11.73,24.84,37.68,6720.252566161556,16.349108992509855,-143.4815147610763,22,2
2012-03-20 05:20:00.724133+00:00,11.71,24.81,37.62,6202.034278014873,16.027963844868832,-144.12380505635838,21,2
2012-03-20 05:21:00.724133+00:00,11.71,24.81,37.62,6202.034278014873,16.027963844868832,-144.12380505635838,19,2
2012-03-20 05:22:00.724133+00:00,11.71,24.81,37.62,5857.072777581969,16.01836721491523,-144.14299831626556,18,2
2012-03-20 05:23:00.724133+00:00,11.71,24.81,37.62,5135.326644531578,15.722620936112335,-144.73449087387135,17,3
2012-03-20 05:24:00.724133+00:00,11.69,24.77,37.57,5135.326644531578,15.722620936112335,-144.73449087387135,17,2
2012-03-20 05:27:00.724133+00:00,11.6,24.6,37.31,4990.369859064686,15.623863288030922,-144.9320061700342,18,2
2012-03-20 05:28:00.724133+00:00,11.57,24.53,37.21,4990.369859064686,15.623863288030922,-144.9320061700342,18,2
2012-03-20 05:29:00.724133+00:00,11.57,24.53,37.21,5135.326644531578,16.027963844868832,-144.12380505635838,17,2
2012-03-20 05:30:00.724133+00:00,11.55,24.49,37.15,5977.99421925742,15.895206158325886,-144.38932042944427,18,3
2012-03-20 05:31:00.724133+00:00,11.55,24.49,37.15,5489.424653675153,15.674978768692574,-144.8297752087109,21,2
2012-03-20 05:32:00.724133+00:00,11.54,24.46,37.1,6300.0000092961,16.025073003178665,-144.12958673973873,22,2
2012-03-20 05:33:00.724133+00:00,11.52,24.42,37.05,6300.0000092961,16.025073003178665,-144.12958673973873,22,2
2012-03-20 05:34:00.724133+00:00,11.5,24.39,37.0,6110.735577671314,15.89965247083524,-144.38042780442555,22,2
2012-03-20 05:35:00.724133+00:00,11.48,24.35,36.95,4832.973410134396,15.415245078987017,-145.349242588122,21,3
2012-03-20 05:36:00.724133+00:00,11.45,24.29,36.84,4832.973410134396,15.415245078987017,-145.349242588122,21,2
2012-03-20 05:37:00.724133+00:00,11.42,24.22,36.74,4892.745738604018,15.460109754479364,-145.2595132371373,22,2
2012-03-20 05:38:00.724133+00:00,11.4,24.18,36.69,4820.373483823114,15.367566724137006,-145.44459929782204,22,2
2012-03-20 05:39:00.724133+00:00,11.36,24.11,36.58,4356.460050848268,15.159110746034472,-145.8615112540271,22,2
2012-03-20 05:40:00.724133+00:00,11.36,24.11,36.58,3860.041935057073,15.112515757860706,-145.9547012303746,22,2
2012-03-20 05:41:00.724133+00:00,11.36,24.11,36.58,3792.948420606337,14.8150360821027,-146.54966058189063,21,2
2012-03-20 05:42:00.724133+00:00,11.35,24.08,36.53,3395.823275438218,14.636556900606408,-146.90661894488323,21,3
2012-03-20 05:43:00.724133+00:00,11.36,24.11,36.58,3194.4184890487795,14.470970075570724,-147.23779259495458,21,2
2012-03-20 05:44:00.724133+00:00,11.36,24.11,36.58,2988.946601381412,14.470970075570724,-147.23779259495458,19,2
2012-03-20 05:45:00.724133+00:00,11.38,24.15,36.63,2933.1708490014457,14.319501140343691,-147.54073046540867,18,2
2012-03-20 05:46:00.724133+00:00,11.36,24.11,36.58,2346.8160067524445,13.57804727789049,-149.02363819031504,19,2
2012-03-20 05:47:00.724133+00:00,11.36,24.11,36.58,2252.5372186884697,13.44732535878623,-149.2850820285236,17,3
2012-03-20 06:29:00.724133+00:00,10.49,22.36,33.95,1046.3891701983691,11.773391445939472,-152.63294985421712,21,2
2012-03-20 06:32:00.724133+00:00,10.41,22.2,33.7,1046.3891701983691,11.773391445939472,-152.63294985421712,17,2
2012-03-20 06:33:00.724133+00:00,10.35,22.06,33.5,1114.5543692831702,11.970549485419756,-152.23863377525652,18,2
2012-03-20 06:34:00.724133+00:00,10.28,21.93,33.3,1240.577482962662,12.16770752490004,-151.84431769629597,17,2
2012-03-20 06:38:00.724133+00:00,10.15,21.67,32.91,1709.8448521853393,12.42740620452432,-151.3249203370474,17,3
2012-03-20 06:39:00.724133+00:00,10.05,21.47,32.61,1709.8448521853393,12.42740620452432,-151.3249203370474,17,2
2012-03-20 06:40:00.724133+00:00,9.88,21.12,32.07,1709.8448521853393,12.42740620452432,-151.3249203370474,17,2
2012-03-20 06:41:00.724133+00:00,9.84,21.05,31.98,1685.3838273988745,12.392611181629206,-151.3945103828376,20,2
2012-03-20 06:42:00.724133+00:00,9.81,20.99,31.88,1685.3838273988745,12.392611181629206,-151.3945103828376,22,2
2012-03-20 06:43:00.724133+00:00,9.64,20.63,31.35,1660.9228026124094,12.443660192903163,-151.29241236028972,21,2
2012-03-20 06:44:00.724133+00:00,9.49,20.34,30.91,1685.6222032807625,12.53722568337761,-151.10528137934082,21,2
2012-03-20 06:45:00.724133+00:00,9.42,20.18,30.67,2149.8766134093707,13.240065592901278,-149.69960156029347,21,3
2012-03-20 06:46:00.724133+00:00,9.35,20.06,30.48,2573.042751710204,13.546691900148623,-149.0863489457988,21,2
2012-03-20 06:47:00.724133+00:00,9.38,20.12,30.57,2609.4695483192763,13.61204624508992,-148.9556402559162,22,2
2012-03-20 06:48:00.724133+00:00,9.61,20.57,31.25,2609.4695483192763,13.700879152289708,-148.77797444151662,22,2
2012-03-20 06:49:00.724133+00:00,9.65,20.66,31.39,2626.2023681454484,13.751022127430897,-148.67768849123422,22,2
2012-03-20 06:50:00.724133+00:00,9.73,20.83,31.64,2671.846494921251,13.86819135461846,-148.4433500368591,22,2
2012-03-20 06:51:00.724133+00:00,9.75,20.86,31.69,2697.796644914153,14.025365265337362,-148.1290022154213,21,2
2012-03-20 06:52:00.724133+00:00,9.73,20.83,31.64,2697.796644914153,14.127019758469208,-147.92569322915762,21,3
2012-03-20 06:53:00.724133+00:00,9.75,20.86,31.69,2697.796644914153,14.398045130083316,-147.3836424859294,19,2
2012-03-20 06:54:00.724133+00:00,9.78,20.92,31.78,2694.0963276911307,14.241902141084369,-147.69592846392732,18,2
2012-03-20 06:55:00.724133+00:00,9.81,20.99,31.88,3211.0901756386256,14.628024231043277,-146.92368428400948,18,2
2012-03-20 06:56:00.724133+00:00,9.81,20.99,31.88,3057.3350270756955,14.52789857757196,-147.1239355909521,19,2
2012-03-20 06:59:00.724133+00:00,9.7,20.76,31.54,3012.090696739997,14.46297185382764,-147.25378903844074,18,2
2012-03-20 07:00:00.724133+00:00,9.56,20.47,31.1,3012.090696739997,14.46297185382764,-147.25378903844074,18,3
2012-03-20 07:01:00.724133+00:00,9.45,20.25,30.77,3012.090696739997,14.46297185382764,-147.25378903844074,18,2
2012-03-20 07:02:00.724133+00:00,9.18,19.71,29.95,3012.090696739997,14.247856440981948,-147.68401986413215,18,2
2012-03-20 07:03:00.724133+00:00,8.99,19.33,29.38,3713.302731025341,14.70372587204512,-146.7722810020058,20,2
2012-03-20 07:04:00.724133+00:00,8.98,19.29,29.33,4369.270434974986,14.924409158957468,-146.3309144281811,21,2
2012-03-20 07:05:00.724133+00:00,8.65,18.63,28.34,4390.927296110316,15.199891428628591,-145.77994988883884,22,2
2012-03-20 07:06:00.724133+00:00,8.65,18.63,28.34,4412.584157245648,15.47537369829972,-145.22898534949658,21,2
2012-03-20 07:07:00.724133+00:00,9.07,19.48,29.62,5446.97727291534,15.770551344305098,-144.63863005748584,21,2
2012-03-20 07:08:00.724133+00:00,9.34,20.02,30.43,5446.97727291534,15.770551344305098,-144.63863005748584,21,2
2012-03-20 07:09:00.724133+00:00,9.51,20.38,30.96,5446.97727291534,15.770551344305098,-144.63863005748584,21,2
2012-03-20 07:10:00.724133+00:00,9.53,20.41,31.01,5446.97727291534,15.770551344305098,-144.63863005748584,21,3
2012-03-20 07:11:00.724133+00:00,9.45,20.25,30.77,5446.97727291534,15.770551344305098,-144.63863005748584,21,2
2012-03-20 07:12:00.724133+00:00,9.56,20.47,31.1,5446.97727291534,15.770551344305098,-144.63863005748584,21,2
2012-03-20 07:13:00.724133+00:00,9.54,20.44,31.06,5041.497690025697,15.622715741505232,-144.93430126308556,22,2
2012-03-20 07:14:00.724133+00:00,9.54,20.44,31.06,4501.587833145993,15.257757689197147,-145.66421736770172,21,2
2012-03-20 07:15:00.724133+00:00,9.53,20.41,31.01,4415.1095176745,15.171840047564212,-145.8360526509676,18,2
2012-03-20 07:16:00.724133+00:00,9.51,20.38,30.96,4331.186887197328,15.257757689197147,-145.66421736770172,17,2
2012-03-20 07:17:00.724133+00:00,9.48,20.31,30.86,4328.631202203008,15.085922405931278,-146.00788793423348,17,3
2012-03-20 07:18:00.724133+00:00,9.46,20.28,30.81,4183.070161394022,15.013273642092358,-146.1531854619113,17,2
2012-03-20 07:21:00.724133+00:00,9.45,20.25,30.77,3355.63134480985,14.897695939972946,-146.38434086615013,17,2
2012-03-20 07:22:00.724133+00:00,9.42,20.18,30.67,3202.338700975163,14.800479183900428,-146.57877437829518,18,2
2012-03-20 07:23:00.724133+00:00,9.4,20.15,30.62,3049.046057140477,14.703262427827912,-146.7732078904402,17,2
2012-03-20 07:24:00.724133+00:00,9.38,20.12,30.57,2463.200292151744,13.919192711051096,-148.34134732399383,18,2
2012-03-20 07:25:00.724133+00:00,9.38,20.12,30.57,1994.2924383288112,13.57898629033532,-149.0217601654254,20,3
2012-03-20 07:26:00.724133+00:00,9.37,20.09,30.53,1877.3545271630117,13.293594716024296,-149.59254331404745,21,2
2012-03-20 07:27:00.724133+00:00,9.37,20.09,30.53,1888.9273779231712,13.411998598220944,-149.35573554965413,22,2
2012-03-20 07:28:00.724133+00:00,9.35,20.06,30.48,1839.902602185643,13.405044939036678,-149.36964286802268,22,2
2012-03-20 07:29:00.724133+00:00,9.34,20.02,30.43,1788.68203637954,13.405044939036678,-149.36964286802268,22,2
2012-03-20 07:30:00.724133+00:00,9.34,20.02,30.43,1760.0987117215636,13.271316233059087,-149.63710027997786,22,2
2012-03-20 07:31:00.724133+00:00,9.32,19.99,30.38,1737.529576557269,13.19208037218408,-149.7955720017279,22,2
2012-03-20 07:32:00.724133+00:00,9.31,19.96,30.33,1579.1492752396584,13.135122994274282,-149.90948675754748,21,3
2012-03-20 07:33:00.724133+00:00,9.24,19.83,30.14,1423.5835230856344,13.011483154327912,-150.1567664374402,21,2
2012-03-20 07:34:00.724133+00:00,17.76,36.86,40.0,1383.3843913616836,12.811617728844595,-150.55649728840683,19,2
2012-03-20 07:37:00.724133+00:00,17.71,36.76,40.0,1127.9900018849394,12.53928117632922,-151.1011703934376,14,3
2012-03-20 07:52:00.724133+00:00,8.96,19.26,29.28,939.5169415682392,11.313499359630512,-153.55273402683503,10,2
2012-03-20 08:09:00.724133+00:00,8.72,18.76,28.52,1127.9751013838645,12.574144047144664,-151.0314446518067,11,2
2012-03-20 08:17:00.724133+00:00,8.79,18.92,28.76,1161.0315459960534,12.55140711185986,-151.07691852237633,16,3
2012-03-20 08:18:00.724133+00:00,8.64,18.6,28.29,1161.0315459960534,12.55140711185986,-151.07691852237633,18,2
2012-03-20 08:19:00.724133+00:00,8.55,18.41,28.0,1194.0879906082423,12.567153993801064,-151.0454247584939,19,2
2012-03-20 08:21:00.724133+00:00,8.5,18.32,27.86,1023.1464080093722,12.461068247527724,-151.25759625104058,21,2
2012-03-20 08:22:00.724133+00:00,8.5,18.32,27.86,1350.7926778447925,13.031794399720876,-150.1161439466543,21,2
2012-03-20 08:23:00.724133+00:00,8.53,18.38,27.96,1356.7638780988125,13.260669382009295,-149.65839398207746,20,2
2012-03-20 08:24:00.724133+00:00,8.55,18.41,28.0,1350.7926778447925,13.031794399720876,-150.1161439466543,19,3
2012-03-20 08:25:00.724133+00:00,8.56,18.45,28.05,1186.9695429270823,12.852622230757104,-150.47448828458184,18,2
2012-03-20 08:27:00.724133+00:00,8.61,18.54,28.19,1192.9407431811023,13.102198313343331,-149.97533611940938,14,2
2012-03-20 08:38:00.724133+00:00,8.7,18.73,28.48,1535.7916919233237,13.430214597972157,-149.31930355015172,15,2
2012-03-20 08:39:00.724133+00:00,8.67,18.67,28.38,1555.2437281240182,13.510701331551257,-149.15833008299353,16,2
2012-03-20 08:40:00.724133+00:00,8.65,18.63,28.34,1535.7916919233237,13.430214597972157,-149.31930355015172,17,3
2012-03-20 08:41:00.724133+00:00,8.62,18.57,28.24,1206.776181091136,13.193189244936326,-149.79335425622338,18,2
2012-03-20 08:42:00.724133+00:00,8.62,18.57,28.24,1117.4528910021377,12.938175194153107,-150.3033823577898,20,2
2012-03-20 08:43:00.724133+00:00,8.61,18.54,28.19,963.0067563812626,12.92018649640572,-150.33935975328458,21,2
2012-03-20 08:44:00.724133+00:00,8.59,18.51,28.15,1189.8863161642948,12.938175194153107,-150.3033823577898,22,2
2012-03-20 08:45:00.724133+00:00,8.58,18.48,28.1,1189.8863161642948,12.938175194153107,-150.3033823577898,22,2
2012-03-20 08:47:00.724133+00:00,8.55,18.41,28.0,1357.1451117453269,12.92018649640572,-150.33935975328458,21,2
2012-03-20 08:48:00.724133+00:00,8.55,18.41,28.0,1357.1451117453269,12.92018649640572,-150.33935975328458,19,2
2012-03-20 08:49:00.724133+00:00,8.55,18.41,28.0,1357.1451117453269,12.92018649640572,-150.33935975328458,17,3
2012-03-20 08:50:00.724133+00:00,8.49,18.29,27.82,1357.1451117453269,12.92018649640572,-150.33935975328458,17,2
2012-03-20 08:51:00.724133+00:00,8.41,18.13,27.58,1357.1451117453269,12.92018649640572,-150.33935975328458,17,2
2012-03-20 08:55:00.724133+00:00,8.3,17.91,27.25,1647.6771103764945,13.18487156908056,-149.80998960793494,16,2
2012-03-20 08:56:00.724133+00:00,8.29,17.88,27.2,1647.6771103764945,13.18487156908056,-149.80998960793494,16,2
2012-03-20 08:57:00.724133+00:00,8.27,17.85,27.16,2145.637836068312,14.292093700026378,-147.59554534604328,17,2
2012-03-20 08:58:00.724133+00:00,8.26,17.82,27.11,2145.637836068312,14.292093700026378,-147.59554534604328,19,2
2012-03-20 08:59:00.724133+00:00,8.26,17.82,27.11,2145.637836068312,14.292093700026378,-147.59554534604328,21,2
2012-03-20 09:00:00.724133+00:00,8.24,17.79,27.06,2145.637836068312,14.352042673186247,-147.47564739972353,21,2
2012-03-20 09:01:00.724133+00:00,8.23,17.76,27.02,2678.879025110663,14.611012197065234,-146.95770835196558,21,2
2012-03-20 09:02:00.724133+00:00,8.2,17.7,26.92,3310.875777684556,14.79972654868227,-146.5802796487315,21,3
2012-03-20 09:03:00.724133+00:00,8.16,17.63,26.83,3310.875777684556,14.79972654868227,-146.5802796487315,21,2
2012-03-20 09:04:00.724133+00:00,8.15,17.6,26.78,2815.516549075393,14.368795628134624,-147.4421414898268,21,2
2012-03-20 09:05:00.724133+00:00,8.09,17.48,26.59,2815.516549075393,14.368795628134624,-147.4421414898268,21,2
2012-03-20 09:06:00.724133+00:00,8.01,17.32,26.36,2900.858360908076,14.270930264785434,-147.63787221652518,22,2
2012-03-20 09:07:00.724133+00:00,7.91,17.11,26.03,2986.20017274076,14.274147451744197,-147.63143784260765,21,2
2012-03-20 09:08:00.724133+00:00,7.91,17.11,26.03,3226.311367858379,14.368795628134624,-147.4421414898268,21,2
2012-03-20 09:09:00.724133+00:00,7.88,17.04,25.94,3226.311367858379,14.368795628134624,-147.4421414898268,21,2
2012-03-20 09:10:00.724133+00:00,14.04,29.46,40.0,3338.335373439444,14.368795628134624,-147.4421414898268,21,3
2012-03-20 09:11:00.724133+00:00,13.94,29.27,40.0,3338.335373439444,14.368795628134624,-147.4421414898268,21,2
2012-03-20 09:12:00.724133+00:00,13.88,29.15,40.0,3393.5173370192742,14.401269356846504,-147.37719403240305,21,2
2012-03-20 09:13:00.724133+00:00,13.84,29.07,40.0,3410.654006336267,14.44105527847038,-147.29762218915528,20,2
2012-03-20 09:14:00.724133+00:00,13.82,29.03,40.0,3880.268968698285,14.96665945288654,-146.24641384032296,18,2
2012-03-20 09:15:00.724133+00:00,13.78,28.96,40.0,3427.7906756532598,14.480841200094254,-147.21805034590753,17,2
2012-03-20 09:16:00.724133+00:00,13.69,28.76,40.0,4513.825792380505,15.082712190126225,-146.0143083658436,17,2
2012-03-20 09:17:00.724133+00:00,13.59,28.57,40.0,3914.935327889357,14.580324454853905,-147.01908383638823,17,2
2012-03-20 09:20:00.724133+00:00,13.57,28.53,40.0,2652.677540211416,14.113016405210011,-147.953699935676,17,2
2012-03-20 09:21:00.724133+00:00,13.59,28.57,40.0,2604.344738363377,14.113016405210011,-147.953699935676,17,2
2012-03-20 09:22:00.724133+00:00,13.57,28.53,40.0,2273.6470695523203,13.860772250877726,-148.4581882443406,17,3
2012-03-20 09:23:00.724133+00:00,13.55,28.49,40.0,2174.9385885465545,13.164733376089144,-149.85026599391776,18,2
2012-03-20 09:24:00.724133+00:00,13.55,28.49,40.0,2076.230107540788,13.081005038912885,-150.01772266827027,21,2
2012-03-20 09:25:00.724133+00:00,13.53,28.46,40.0,2174.9385885465545,13.470888644895304,-149.23795545630543,22,2
2012-03-20 09:26:00.724133+00:00,13.5,28.38,40.0,2076.230107540788,13.081005038912885,-150.01772266827027,21,2
2012-03-20 09:27:00.724133+00:00,13.5,28.38,40.0,1485.914910258692,13.362932166534163,-149.45386841302772,21,2
2012-03-20 09:28:00.724133+00:00,13.48,28.34,40.0,1485.914910258692,13.362932166534163,-149.45386841302772,21,3
2012-03-20 09:29:00.724133+00:00,13.46,28.3,40.0,1485.914910258692,13.362932166534163,-149.45386841302772,21,2
2012-03-20 09:30:00.724133+00:00,13.46,28.3,40.0,1485.914910258692,13.362932166534163,-149.45386841302772,21,2
2012-03-20 09:31:00.724133+00:00,13.44,28.26,40.0,2116.960258680891,14.014614690573277,-148.1505033649495,22,2
2012-03-20 09:32:00.724133+00:00,13.42,28.23,40.0,2626.528821195276,14.19216240799016,-147.79540793011574,22,2
2012-03-20 09:33:00.724133+00:00,13.42,28.23,40.0,2626.528821195276,14.19216240799016,-147.79540793011574,22,2
2012-03-20 09:34:00.724133+00:00,13.38,28.15,40.0,3153.4754267776198,14.666297214612383,-146.84713831687128,21,2
2012-03-20 09:35:00.724133+00:00,13.36,28.11,40.0,3153.4754267776198,14.666297214612383,-146.84713831687128,21,2
2012-03-20 09:36:00.724133+00:00,13.34,28.07,40.0,3153.4754267776198,14.666297214612383,-146.84713831687128,21,2
2012-03-20 09:37:00.724133+00:00,13.34,28.07,40.0,3374.098654943807,14.666297214612383,-146.84713831687128,19,3
2012-03-20 09:38:00.724133+00:00,13.34,28.07,40.0,3460.184838117601,14.666297214612383,-146.84713831687128,17,2
2012-03-20 09:39:00.724133+00:00,13.27,27.92,40.0,3496.9471665525302,14.82161248023547,-146.5365077856251,17,2
2012-03-20 09:40:00.724133+00:00,13.21,27.81,40.0,3676.550097727583,14.931626772362112,-146.3164792013718,18,2
2012-03-20 09:43:00.724133+00:00,13.08,27.55,40.0,3848.2195320285055,15.041641064488758,-146.0964506171185,17,2
2012-03-20 09:44:00.724133+00:00,13.04,27.47,40.0,3848.2195320285055,15.041641064488758,-146.0964506171185,17,2
2012-03-20 09:45:00.724133+00:00,13.02,27.44,40.0,3848.2195320285055,15.041641064488758,-146.0964506171185,17,2
2012-03-20 09:46:00.724133+00:00,13.0,27.4,40.0,3848.2195320285055,15.041641064488758,-146.0964506171185,17,2
2012-03-20 09:47:00.724133+00:00,13.0,27.4,40.0,3848.2195320285055,15.041641064488758,-146.0964506171185,19,2
2012-03-20 09:48:00.724133+00:00,12.99,27.36,40.0,3958.763193996195,15.217992238545463,-145.74374826900512,22,2
2012-03-20 09:49:00.724133+00:00,13.0,27.4,40.0,3901.16369531743,15.1598440759936,-145.86004459410884,22,2
2012-03-20 09:50:00.724133+00:00,12.99,27.36,40.0,3954.1078586063554,15.278047087498445,-145.62363857109915,21,2
2012-03-20 09:51:00.724133+00:00,12.97,27.32,40.0,3354.199996087537,14.739115732858634,-146.70150128037878,21,2
2012-03-20 09:52:00.724133+00:00,12.95,27.29,40.0,3354.199996087537,14.739115732858634,-146.70150128037878,21,2
2012-03-20 09:53:00.724133+00:00,12.93,27.25,40.0,3354.199996087537,14.739115732858634,-146.70150128037878,21,2
2012-03-20 09:54:00.724133+00:00,12.91,27.21,40.0,3354.199996087537,14.739115732858634,-146.70150128037878,21,3
2012-03-20 09:55:00.724133+00:00,12.91,27.21,40.0,3155.118341478152,14.498715643672824,-147.18230145875037,21,2
2012-03-20 09:56:00.724133+00:00,12.89,27.18,40.0,3028.398176305296,14.498715643672824,-147.18230145875037,21,2
2012-03-20 09:57:00.724133+00:00,12.86,27.1,40.0,2576.0345060796662,14.430497653299128,-147.3187374394978,21,2
2012-03-20 09:58:00.724133+00:00,12.86,27.1,40.0,2219.824248678241,13.920176200442238,-148.33938034521157,20,2
2012-03-20 09:59:00.724133+00:00,12.84,27.06,40.0,2216.068454587191,13.798379049654052,-148.58297464678793,18,2
2012-03-20 10:00:00.724133+00:00,12.82,27.03,40.0,1947.0028724532365,13.240579532904428,-149.69857368028718,16,2
2012-03-20 10:01:00.724133+00:00,12.82,27.03,40.0,1639.5033820332087,12.987868773068149,-150.20399519995976,16,3
2012-03-20 10:06:00.724133+00:00,12.67,26.73,40.0,1770.200165349463,12.830218376345224,-150.5192959934056,17,2
2012-03-20 10:07:00.724133+00:00,12.64,26.66,40.0,1939.2419638311203,13.186669667339515,-149.80639341141702,17,2
2012-03-20 10:08:00.724133+00:00,12.62,26.62,40.0,2390.1880388072823,13.514608578924372,-149.15051558824732,17,2
2012-03-20 10:09:00.724133+00:00,12.62,26.62,40.0,2390.1880388072823,13.514608578924372,-149.15051558824732,19,2
2012-03-20 10:10:00.724133+00:00,12.6,26.59,40.0,2390.1880388072823,13.514608578924372,-149.15051558824732,21,2
2012-03-20 10:11:00.724133+00:00,12.6,26.59,40.0,2513.20851376571,13.775444654965758,-148.62884343616452,21,3
2012-03-20 10:12:00.724133+00:00,12.58,26.55,40.0,2390.1880388072823,14.301608090148816,-147.5765165657984,21,2
2012-03-20 10:13:00.724133+00:00,12.56,26.52,40.0,2541.7618882778384,14.30357804464905,-147.5725766567979,21,2
2012-03-20 10:14:00.724133+00:00,12.56,26.52,40.0,2390.1880388072823,14.301608090148816,-147.5765165657984,21,2
2012-03-20 10:15:00.724133+00:00,12.51,26.41,40.0,2305.422448632695,14.127984855797528,-147.92376303450098,21,2
2012-03-20 10:16:00.724133+00:00,12.49,26.37,39.97,2074.474941663902,13.967774360479437,-148.24418402513717,19,2
2012-03-20 10:17:00.724133+00:00,12.49,26.37,39.97,1941.1784420225747,13.552781181203589,-149.07417038368885,18,2
2012-03-20 10:18:00.724133+00:00,12.45,26.3,39.87,1918.589190956216,13.17944703094569,-149.82083868420466,17,2
2012-03-20 10:19:00.724133+00:00,12.42,26.23,39.76,1620.1840097873933,12.870753285289284,-150.43822617551746,16,3
2012-03-20 10:28:00.724133+00:00,12.01,25.4,38.52,1153.5701969319337,12.382380880514908,-151.41497098506622,16,2
2012-03-20 10:33:00.724133+00:00,12.06,25.51,38.68,1342.6757182386564,12.558871080876692,-151.06199058434265,16,2
2012-03-20 10:34:00.724133+00:00,12.06,25.51,38.68,1400.9134999837945,12.639319399610024,-150.901093946876,17,2
2012-03-20 10:35:00.724133+00:00,12.04,25.47,38.63,2493.92479804527,13.864388765107554,-148.45095521588095,17,2
2012-03-20 10:36:00.724133+00:00,12.02,25.44,38.57,2493.92479804527,13.864388765107554,-148.45095521588095,19,2
2012-03-20 10:37:00.724133+00:00,12.02,25.44,38.57,2290.72631828768,13.864388765107554,-148.45095521588095,21,2
2012-03-20 10:38:00.724133+00:00,12.01,25.4,38.52,2290.72631828768,13.864388765107554,-148.45095521588095,21,2
2012-03-20 10:39:00.724133+00:00,12.01,25.4,38.52,2290.72631828768,13.864388765107554,-148.45095521588095,21,2
2012-03-20 10:40:00.724133+00:00,12.01,25.4,38.52,2290.72631828768,13.729623999649789,-148.72048474679647,21,2
2012-03-20 10:41:00.724133+00:00,11.99,25.37,38.47,2290.72631828768,13.729623999649789,-148.72048474679647,21,3
2012-03-20 10:42:00.724133+00:00,11.99,25.37,38.47,1950.862652498517,13.359330017216273,-149.4610727116635,21,2
2012-03-20 10:43:00.724133+00:00,11.99,25.37,38.47,1950.862652498517,13.359330017216273,-149.4610727116635,21,2
2012-03-20 10:44:00.724133+00:00,11.99,25.37,38.47,1758.2331748937488,13.314040144000389,-149.55165245809525,20,2
2012-03-20 10:45:00.724133+00:00,12.01,25.4,38.52,1565.6036972889806,13.2687502707845,-149.64223220452703,21,2
2012-03-20 10:46:00.724133+00:00,12.02,25.44,38.57,1565.6036972889806,13.2687502707845,-149.64223220452703,21,2
2012-03-20 10:47:00.724133+00:00,12.02,25.44,38.57,1565.6036972889806,12.615362933636838,-150.9490068788224,21,2
2012-03-20 10:48:00.724133+00:00,12.02,25.44,38.57,1565.6036972889806,12.615362933636838,-150.9490068788224,21,2
2012-03-20 10:49:00.724133+00:00,12.04,25.47,38.63,1565.6036972889806,12.906702854160192,-150.36632703777565,21,3
2012-03-20 10:50:00.724133+00:00,12.04,25.47,38.63,1690.8143684367658,13.133016435688234,-149.91369987471955,22,2
2012-03-20 10:51:00.724133+00:00,12.04,25.47,38.63,1690.8143684367658,13.133016435688234,-149.91369987471955,20,2
2012-03-20 10:52:00.724133+00:00,12.04,25.47,38.63,1690.8143684367658,13.349404210040994,-149.48092432601405,18,2
2012-03-20 10:53:00.724133+00:00,12.06,25.51,38.68,1816.025039584551,12.925370925267735,-150.32899089556057,17,2
2012-03-20 10:54:00.724133+00:00,12.08,25.55,38.73,1816.025039584551,12.925370925267735,-150.32899089556057,17,2
2012-03-20 10:55:00.724133+00:00,12.08,25.55,38.73,1835.1046702677772,12.965038651094725,-150.2496554439066,16,2
2012-03-20 10:58:00.724133+00:00,12.1,25.58,38.79,1540.8239089734757,12.577473443512089,-151.02478585907187,16,2
2012-03-20 10:59:00.724133+00:00,12.11,25.62,38.84,1351.4391988165305,12.298416208648868,-151.5829003287983,16,2
2012-03-20 11:00:00.724133+00:00,12.11,25.62,38.84,1123.227337203818,12.06953791395008,-152.04065691819588,15,3
2012-03-20 11:01:00.724133+00:00,12.11,25.62,38.84,1123.227337203818,12.06953791395008,-152.04065691819588,17,2
2012-03-20 11:03:00.724133+00:00,12.06,25.51,38.68,999.9573441791993,11.43657418779986,-153.3065843704963,20,2
2012-03-20 11:04:00.724133+00:00,12.06,25.51,38.68,1123.227337203818,12.06953791395008,-152.04065691819588,21,2
2012-03-20 11:05:00.724133+00:00,12.02,25.44,38.57,1123.227337203818,12.06953791395008,-152.04065691819588,21,2
2012-03-20 11:06:00.724133+00:00,12.01,25.4,38.52,1504.3342177052969,12.447403430188343,-151.28492588571936,21,2
2012-03-20 11:07:00.724133+00:00,11.95,25.3,38.36,1504.3342177052969,12.447403430188343,-151.28492588571936,21,2
2012-03-20 11:08:00.724133+00:00,11.92,25.23,38.26,1504.3342177052969,12.447403430188343,-151.28492588571936,21,2
2012-03-20 11:09:00.724133+00:00,11.87,25.12,38.1,1504.3342177052969,12.447403430188343,-151.28492588571936,21,3
2012-03-20 11:11:00.724133+00:00,11.67,24.74,37.52,1504.3342177052969,12.816451244992097,-150.54683025611186,21,2
2012-03-20 11:12:00.724133+00:00,11.59,24.56,37.26,1504.3342177052969,12.816451244992097,-150.54683025611186,21,2
2012-03-20 11:13:00.724133+00:00,11.52,24.42,37.05,1504.3342177052969,12.830769779876706,-150.51819318634264,21,2
2012-03-20 11:14:00.724133+00:00,11.5,24.39,37.0,1482.382457456008,12.578748376293776,-151.0222359935085,20,2
2012-03-20 11:15:00.724133+00:00,11.54,24.46,37.1,1667.7743172387095,12.676851420671172,-150.82602990475368,19,2
2012-03-20 11:16:00.724133+00:00,11.54,24.46,37.1,1667.7743172387095,12.676851420671172,-150.82602990475368,17,3
2012-03-20 11:18:00.724133+00:00,11.62,24.63,37.36,2158.5642923177,12.834698903248498,-150.51033493959903,15,3
2012-03-20 11:23:00.724133+00:00,11.59,24.56,37.26,4962.87811366157,15.105426809769869,-145.96887912655632,16,2
2012-03-20 11:24:00.724133+00:00,11.57,24.53,37.21,5886.362328743969,15.508703852762878,-145.1623250405703,16,2
2012-03-20 11:25:00.724133+00:00,11.55,24.49,37.15,7086.649834482657,16.134110822691984,-143.9115111007121,17,3
2012-03-20 11:26:00.724133+00:00,11.54,24.46,37.1,7086.649834482657,16.134110822691984,-143.9115111007121,19,2
2012-03-20 11:27:00.724133+00:00,11.54,24.46,37.1,7086.649834482657,16.134110822691984,-143.9115111007121,21,2
2012-03-20 11:28:00.724133+00:00,11.5,24.39,37.0,7086.649834482657,16.134110822691984,-143.9115111007121,21,2
2012-03-20 11:29:00.724133+00:00,11.48,24.35,36.95,7372.353064094502,16.405631131702144,-143.36847048269175,22,2
2012-03-20 11:30:00.724133+00:00,11.47,24.32,36.89,7018.671465546276,16.377593592355574,-143.4245455613849,22,2
2012-03-20 11:31:00.724133+00:00,11.47,24.32,36.89,7018.671465546276,16.377593592355574,-143.4245455613849,20,2
2012-03-20 11:32:00.724133+00:00,11.45,24.29,36.84,7018.671465546276,16.377593592355574,-143.4245455613849,18,2
2012-03-20 11:33:00.724133+00:00,11.43,24.25,36.79,7018.671465546276,16.377593592355574,-143.4245455613849,16,2
2012-03-20 11:34:00.724133+00:00,11.42,24.22,36.74,7018.671465546276,16.377593592355574,-143.4245455613849,14,3
2012-03-20 12:24:00.724450+00:00,13.06,27.51,40.0,4095.437776468552,15.620661993554188,-143.69541808846526,12,2
2012-03-20 12:25:00.724450+00:00,13.06,27.51,40.0,3282.425896433642,14.84299573285644,-145.25075060986077,14,2
2012-03-20 12:26:00.724450+00:00,13.06,27.51,40.0,3282.425896433642,14.84299573285644,-145.25075060986077,14,2
2012-03-20 12:27:00.724450+00:00,13.06,27.51,40.0,3282.425896433642,14.84299573285644,-145.25075060986077,14,2
2012-03-20 12:28:00.724450+00:00,13.06,27.51,40.0,3282.425896433642,14.84299573285644,-145.25075060986077,14,3
2012-03-20 12:29:00.724450+00:00,13.15,27.7,40.0,3925.45837717515,15.235654151073456,-144.4654337734267,13,2
2012-03-20 14:20:00.724450+00:00,8.98,19.29,29.33,900.3439759488202,11.00868102297416,-152.9193800296253,21,2
2012-03-20 14:23:00.724450+00:00,8.99,19.33,29.38,1385.8947192605897,11.712376245934593,-151.51198958370443,22,2
2012-03-20 14:24:00.724450+00:00,8.98,19.29,29.33,1694.4861763925628,12.013288184583962,-150.9101657064057,21,2
2012-03-20 14:25:00.724450+00:00,9.03,19.39,29.47,1931.4860539282968,12.296610983938244,-150.34352010769717,21,3
2012-03-20 14:26:00.724450+00:00,9.07,19.48,29.62,1937.771272074852,12.316276587411496,-150.30418890075063,22,2
2012-03-20 14:27:00.724450+00:00,9.07,19.48,29.62,1945.480472969495,12.388815915160652,-150.15911024525232,20,2
2012-03-20 14:28:00.724450+00:00,9.07,19.48,29.62,1953.106567967259,12.449795402977305,-150.03715126961902,19,2
2012-03-20 14:29:00.724450+00:00,9.1,19.55,29.71,1969.0986819852155,12.797028426352092,-149.34268522286942,18,2
2012-03-20 14:30:00.724450+00:00,9.18,19.71,29.95,1954.1339684805437,12.923053792301475,-149.09063449097067,18,3
2012-03-20 14:33:00.724450+00:00,9.38,20.12,30.57,1817.508325075836,13.202969795251695,-148.53080248507024,19,2
2012-03-20 14:34:00.724450+00:00,9.51,20.38,30.96,1798.1587559498137,13.288858464685717,-148.3590251462022,19,2
2012-03-20 14:35:00.724450+00:00,9.7,20.76,31.54,1798.1587559498137,13.614434767985031,-147.70787253960356,19,2
2012-03-20 14:36:00.724450+00:00,9.8,20.95,31.83,1766.7257745728475,13.93839030664587,-147.05996146228188,18,2
2012-03-20 14:37:00.724450+00:00,9.83,21.02,31.93,1853.567403393348,14.13473411363148,-146.66727384831069,20,2
2012-03-20 14:38:00.724450+00:00,9.91,21.18,32.17,1930.958728609503,14.262345845306708,-146.41205038496022,21,3
2012-03-20 14:39:00.724450+00:00,9.92,21.21,32.22,2079.611418953431,14.372837395801294,-146.19106728397105,21,2
2012-03-20 14:40:00.724450+00:00,9.96,21.28,32.32,2195.433078995479,14.542075245579802,-145.85259158441403,21,2
2012-03-20 14:41:00.724450+00:00,9.97,21.31,32.37,2444.2798379025844,14.54856983813457,-145.83960239930448,21,2
2012-03-20 14:42:00.724450+00:00,9.99,21.34,32.42,2775.0844636371453,14.717798929855412,-145.5011442158628,21,2
2012-03-20 14:43:00.724450+00:00,9.99,21.34,32.42,2929.387556124589,14.858963729817225,-145.21881461593918,21,2
2012-03-20 14:44:00.724450+00:00,9.99,21.34,32.42,3025.3628266690366,14.94287086366034,-145.05100034825296,21,2
2012-03-20 14:45:00.724450+00:00,9.97,21.31,32.37,3101.832704730897,14.94287086366034,-145.05100034825296,21,2
2012-03-20 14:46:00.724450+00:00,9.94,21.25,32.27,3210.4682588253386,15.130635393798396,-144.67547128797685,21,3
2012-03-20 14:47:00.724450+00:00,9.89,21.15,32.12,3276.6365724510074,15.14826575375893,-144.64021056805578,21,2
2012-03-20 14:48:00.724450+00:00,9.84,21.05,31.98,3490.039018280247,15.374456566182053,-144.18782894320952,22,2
2012-03-20 14:49:00.724450+00:00,9.83,21.02,31.93,3490.039018280247,15.374456566182053,-144.18782894320952,22,2
2012-03-20 14:50:00.724450+00:00,9.78,20.92,31.78,3490.039018280247,15.374456566182053,-144.18782894320952,22,2
2012-03-20 14:51:00.724450+00:00,9.7,20.76,31.54,3490.039018280247,15.374456566182053,-144.18782894320952,22,2
2012-03-20 14:52:00.724450+00:00,9.65,20.66,31.39,3306.759244627585,15.266020177455268,-144.4047017206631,20,2
2012-03-20 14:53:00.724450+00:00,9.64,20.63,31.35,3252.441467580364,15.260005541762922,-144.4167309920478,18,3
2012-03-20 14:54:00.724450+00:00,9.69,20.73,31.49,3084.117959678247,15.15894139728464,-144.61885928100435,18,2
2012-03-20 14:55:00.724450+00:00,9.8,20.95,31.83,2731.0078425071883,14.72871330331908,-145.47931546893548,19,2
2012-03-20 14:56:00.724450+00:00,9.81,20.99,31.88,3403.0502304298307,15.450838997478932,-144.03506408061577,19,2
2012-03-20 14:59:00.724450+00:00,9.8,20.95,31.83,3156.750984769759,15.25316808569609,-144.43040590418144,18,3
2012-03-20 15:00:00.724450+00:00,9.76,20.89,31.73,3156.750984769759,15.25316808569609,-144.43040590418144,18,2
2012-03-20 15:01:00.724450+00:00,9.76,20.89,31.73,3430.2220563434416,15.450838997478932,-144.03506408061577,19,2
2012-03-20 15:02:00.724450+00:00,9.75,20.86,31.69,3450.562254563839,15.577949168079758,-143.78084373941414,20,2
2012-03-20 15:03:00.724450+00:00,9.73,20.83,31.64,3450.562254563839,15.566139755256431,-143.80446256506076,22,2
2012-03-20 15:04:00.724450+00:00,9.72,20.79,31.59,3405.1512005751065,15.474353495753324,-143.98803508406698,22,2
2012-03-20 15:05:00.724450+00:00,9.69,20.73,31.49,3339.399948365977,15.450838997478932,-144.03506408061577,21,2
2012-03-20 15:06:00.724450+00:00,9.72,20.79,31.59,2883.279913196076,15.055497173913247,-144.82574772774714,21,3
2012-03-20 15:07:00.724450+00:00,9.76,20.89,31.73,2763.204397725345,14.988002457495009,-144.96073716058362,21,2
2012-03-20 15:08:00.724450+00:00,9.8,20.95,31.83,2620.4254681862603,14.852191544557964,-145.2323589864577,22,2
2012-03-20 15:09:00.724450+00:00,9.84,21.05,31.98,2576.2458351822734,14.852191544557964,-145.2323589864577,22,2
2012-03-20 15:10:00.724450+00:00,9.92,21.21,32.22,2567.687157501842,14.812185108631812,-145.31237185831,22,2
2012-03-20 15:11:00.724450+00:00,10.01,21.38,32.47,2567.687157501842,14.78965194532443,-145.35743818492475,20,2
2012-03-20 15:12:00.724450+00:00,10.12,21.6,32.81,2525.5481176252483,14.691804005414152,-145.55313406474534,18,3
2012-03-20 15:13:00.724450+00:00,10.22,21.8,33.1,2485.7030716950358,14.6602977749433,-145.61614652568704,17,2
2012-03-20 15:14:00.724450+00:00,10.26,21.9,33.25,2551.656103430666,14.723310235885007,-145.49012160380363,17,2
2012-03-20 15:15:00.724450+00:00,10.26,21.9,33.25,2644.5119972567595,14.87904498943485,-145.17865209670393,18,2
2012-03-20 15:18:00.724450+00:00,9.86,21.08,32.03,3058.3129430114946,15.056618215280723,-144.82350564501218,17,2
2012-03-20 15:19:00.724450+00:00,9.75,20.86,31.69,3243.9460462309767,15.056618215280723,-144.82350564501218,17,2
2012-03-20 15:20:00.724450+00:00,9.69,20.73,31.49,3523.799920397788,15.213833881521897,-144.50907431252983,17,3
2012-03-20 15:21:00.724450+00:00,9.7,20.76,31.54,3523.799920397788,15.213833881521897,-144.50907431252983,19,2
2012-03-20 15:22:00.724450+00:00,9.78,20.92,31.78,3530.930987082564,15.213833881521897,-144.50907431252983,21,2
2012-03-20 15:23:00.724450+00:00,9.88,21.12,32.07,3791.949743472229,15.631856678445033,-143.67302871868355,22,2
2012-03-20 15:24:00.724450+00:00,9.92,21.21,32.22,3791.949743472229,15.584169604919635,-143.76840286573434,22,2
2012-03-20 15:25:00.724450+00:00,9.88,21.12,32.07,3530.930987082564,15.118459734471108,-144.6998226066314,21,3
2012-03-20 15:26:00.724450+00:00,9.88,21.12,32.07,3530.930987082564,15.118459734471108,-144.6998226066314,21,2
2012-03-20 15:27:00.724450+00:00,9.92,21.21,32.22,3764.830029771808,15.497119601476772,-143.94250287262008,22,2
2012-03-20 15:28:00.724450+00:00,9.97,21.31,32.37,3764.830029771808,15.497119601476772,-143.94250287262008,22,2
2012-03-20 15:29:00.724450+00:00,10.01,21.38,32.47,3766.113829846403,15.497119601476772,-143.94250287262008,22,2
2012-03-20 15:30:00.724450+00:00,9.99,21.34,32.42,3766.113829846403,15.47728177727505,-143.9821785210235,22,2
2012-03-20 15:31:00.724450+00:00,9.96,21.28,32.32,3998.729072461052,15.836103820078993,-143.26453443541564,21,2
2012-03-20 15:32:00.724450+00:00,9.92,21.21,32.22,3998.729072461052,15.836103820078993,-143.26453443541564,21,3
2012-03-20 15:33:00.724450+00:00,9.84,21.05,31.98,3998.729072461052,15.836103820078993,-143.26453443541564,21,2
2012-03-20 15:34:00.724450+00:00,9.81,20.99,31.88,3766.113829846403,15.474984790129293,-143.98677249531505,20,2
2012-03-20 15:35:00.724450+00:00,9.84,21.05,31.98,3766.113829846403,15.474984790129293,-143.98677249531505,18,2
2012-03-20 15:36:00.724450+00:00,9.91,21.18,32.17,3342.498874650021,15.113865760179594,-144.70901055521443,19,2
2012-03-20 15:37:00.724450+00:00,9.94,21.25,32.27,3329.005031299205,15.069805473358542,-144.7971311288565,18,2
2012-03-20 15:38:00.724450+00:00,9.96,21.28,32.32,3424.504887590071,15.256261780555604,-144.42421851446244,18,2
2012-03-20 15:40:00.724450+00:00,9.99,21.34,32.42,3381.1393014218493,15.259502637345324,-144.417736800883,18,2
2012-03-20 15:41:00.724450+00:00,10.01,21.38,32.47,3381.1393014218493,15.259502637345324,-144.417736800883,18,2
2012-03-20 15:42:00.724450+00:00,10.01,21.38,32.47,3446.7674148953106,15.398657800931616,-144.13942647371042,19,2
2012-03-20 15:43:00.724450+00:00,9.96,21.28,32.32,3446.7674148953106,15.398657800931616,-144.13942647371042,19,2
2012-03-20 15:44:00.724450+00:00,9.89,21.15,32.12,3544.889916163316,15.455744438817868,-144.0252531979379,20,2
2012-03-20 15:45:00.724450+00:00,9.84,21.05,31.98,3497.1051425981686,15.455744438817868,-144.0252531979379,22,2
2012-03-20 15:46:00.724450+00:00,9.78,20.92,31.78,3594.2318407911043,15.716672780940508,-143.50339651369262,21,2
2012-03-20 15:47:00.724450+00:00,9.73,20.83,31.64,3594.2318407911043,15.744413666312218,-143.4479147429492,21,2
2012-03-20 15:48:00.724450+00:00,9.69,20.73,31.49,3547.442870301027,15.744413666312218,-143.4479147429492,21,3
2012-03-20 15:49:00.724450+00:00,9.67,20.7,31.44,3367.504547728806,15.683484198031204,-143.56977367951123,21,2
2012-03-20 15:50:00.724450+00:00,9.67,20.7,31.44,3246.602950020325,15.364436573449945,-144.20786892867375,22,2
2012-03-20 15:51:00.724450+00:00,9.67,20.7,31.44,3034.100472329308,15.1586461265512,-144.61944982247124,22,2
2012-03-20 15:52:00.724450+00:00,9.7,20.76,31.54,2932.0079824145982,15.150149654837472,-144.6364427658987,21,2
2012-03-20 15:53:00.724450+00:00,9.72,20.79,31.59,2806.031473556482,14.94356073211122,-145.0496206113512,21,2
2012-03-20 15:54:00.724450+00:00,9.73,20.83,31.64,2567.9910518768897,14.645095999416128,-145.64655007674136,21,3
2012-03-20 15:55:00.724450+00:00,9.76,20.89,31.73,2290.5834368273763,14.439169070292431,-146.05840393498875,21,2
2012-03-20 15:56:00.724450+00:00,9.76,20.89,31.73,2188.747946031126,14.291081154644402,-146.3545797662848,20,2
2012-03-20 15:57:00.724450+00:00,9.8,20.95,31.83,2158.989215200222,14.291081154644402,-146.3545797662848,18,2
2012-03-20 15:58:00.724450+00:00,9.83,21.02,31.93,1999.9434901879663,14.15974503045762,-146.6172520146584,16,2
2012-03-20 15:59:00.724450+00:00,9.92,21.21,32.22,1820.247180041899,14.009369703732402,-146.91800266810884,14,2
2012-03-20 16:38:00.724450+00:00,9.75,20.86,31.69,1102.7527341953391,13.34945933764401,-148.2378234002856,12,3
2012-03-20 18:55:00.724450+00:00,12.71,26.81,40.0,4248.283772872921,15.25095334954398,-144.4348353764857,12,2
2012-03-20 18:56:00.724450+00:00,12.69,26.77,40.0,4248.283772872921,15.25095334954398,-144.4348353764857,14,2
2012-03-20 18:57:00.724450+00:00,12.69,26.77,40.0,4248.283772872921,15.25095334954398,-144.4348353764857,16,2
2012-03-20 18:58:00.724450+00:00,12.69,26.77,40.0,4248.283772872921,15.292806284030132,-144.35112950751338,18,3
2012-03-20 18:59:00.724450+00:00,12.69,26.77,40.0,4248.283772872921,15.37222991241751,-144.19228225073863,20,2
2012-03-20 19:00:00.724450+00:00,12.67,26.73,40.0,4636.885802557084,15.6656409748295,-143.60546012591465,20,2
2012-03-20 19:01:00.724450+00:00,12.71,26.81,40.0,4636.885802557084,15.698277142837451,-143.54018778989874,20,2
2012-03-20 19:02:00.724450+00:00,12.67,26.73,40.0,4652.320378601097,15.698277142837451,-143.54018778989874,20,2
2012-03-20 19:03:00.724450+00:00,12.64,26.66,40.0,4652.320378601097,15.698277142837451,-143.54018778989874,20,2
2012-03-20 19:04:00.724450+00:00,12.62,26.62,40.0,4490.030653037739,15.91181823435732,-143.113105606859,21,2
2012-03-20 19:06:00.724450+00:00,12.6,26.59,40.0,4428.004707788904,16.16406067273654,-142.60862073010054,18,2
2012-03-20 19:07:00.724450+00:00,12.56,26.52,40.0,4428.004707788904,16.16406067273654,-142.60862073010054,18,2
2012-03-20 19:08:00.724450+00:00,12.51,26.41,40.0,4559.235364946693,16.20918553474592,-142.5183710060818,18,2
2012-03-20 19:09:00.724450+00:00,12.45,26.3,39.87,4559.235364946693,16.20918553474592,-142.5183710060818,18,2
2012-03-20 19:10:00.724450+00:00,12.4,26.19,39.7,4490.030653037739,16.14429137411696,-142.6481593273397,19,2
2012-03-20 19:12:00.724450+00:00,12.26,25.9,39.27,4490.030653037739,16.14429137411696,-142.6481593273397,19,2
2012-03-20 19:13:00.724450+00:00,12.18,25.76,39.06,4490.030653037739,16.14429137411696,-142.6481593273397,19,2
2012-03-20 19:14:00.724450+00:00,12.13,25.65,38.89,3883.288898915049,16.0540416500982,-142.82865877537722,19,2
2012-03-20 19:15:00.724450+00:00,12.1,25.58,38.79,4522.772015454066,16.14429137411696,-142.6481593273397,19,2
2012-03-20 19:16:00.724450+00:00,12.08,25.55,38.73,4522.772015454066,16.14429137411696,-142.6481593273397,21,2
2012-03-20 19:17:00.724450+00:00,12.02,25.44,38.57,4522.772015454066,16.14429137411696,-142.6481593273397,21,3
2012-03-20 19:18:00.724450+00:00,11.97,25.33,38.42,3883.288898915049,15.836505742493792,-143.26373059058605,21,2
2012-03-20 19:19:00.724450+00:00,11.94,25.26,38.31,4495.21389220927,15.900239704495092,-143.13626266658343,21,2
2012-03-20 19:20:00.724450+00:00,11.92,25.23,38.26,4508.992953831668,16.128749455829716,-142.67924316391418,22,2
2012-03-20 19:21:00.724450+00:00,11.9,25.19,38.2,4391.153203732942,15.815990424650275,-143.30476122627306,22,2
2012-03-20 19:22:00.724450+00:00,11.88,25.16,38.15,4391.153203732942,15.815990424650275,-143.30476122627306,20,2
2012-03-20 19:23:00.724450+00:00,11.9,25.19,38.2,4287.092515256614,15.73174114480546,-143.4732597859627,19,2
2012-03-20 19:24:00.724450+00:00,11.92,25.23,38.26,4549.007290949123,15.942647342378852,-143.05144739081592,18,2
2012-03-20 19:25:00.724450+00:00,11.95,25.3,38.36,4549.007290949123,15.942647342378852,-143.05144739081592,18,3
2012-03-20 19:28:00.724450+00:00,11.97,25.33,38.42,4707.887132228643,16.02974307782819,-142.87725591991725,18,2
2012-03-20 19:29:00.724450+00:00,11.97,25.33,38.42,4707.887132228643,16.02974307782819,-142.87725591991725,18,2
2012-03-20 19:30:00.724450+00:00,11.97,25.33,38.42,4602.800689688975,15.985054980262612,-142.9666321150484,17,2
2012-03-20 19:31:00.724450+00:00,11.95,25.3,38.36,4707.887132228643,16.02974307782819,-142.87725591991725,18,2
2012-03-20 19:32:00.724450+00:00,11.94,25.26,38.31,4707.887132228643,16.02974307782819,-142.87725591991725,20,2
2012-03-20 19:33:00.724450+00:00,11.94,25.26,38.31,4812.973574768311,16.07443117539377,-142.78787972478608,21,2
2012-03-20 19:34:00.724450+00:00,11.92,25.23,38.26,4812.973574768311,16.07443117539377,-142.78787972478608,21,3
2012-03-20 19:35:00.724450+00:00,11.9,25.19,38.2,4812.973574768311,16.07443117539377,-142.78787972478608,21,2
2012-03-20 19:36:00.724450+00:00,11.9,25.19,38.2,4344.005203769767,15.937195977013374,-143.0623501215469,21,2
2012-03-20 19:37:00.724450+00:00,11.88,25.16,38.15,4271.116397763183,15.734868379397506,-143.46700531677865,21,2
2012-03-20 19:38:00.724450+00:00,11.87,25.12,38.1,4259.379382521998,15.581248336853054,-143.77424540186752,21,2
2012-03-20 19:39:00.724450+00:00,11.83,25.05,37.99,4259.379382521998,15.581248336853054,-143.77424540186752,21,2
2012-03-20 19:40:00.724450+00:00,11.83,25.05,37.99,4254.753057247975,15.35911240761292,-144.2185172603478,19,2
2012-03-20 19:41:00.724450+00:00,11.8,24.98,37.89,4118.860470908691,15.632801929557973,-143.67113821645768,18,2
2012-03-20 19:42:00.724450+00:00,11.78,24.95,37.83,3838.920233608763,15.33631659484888,-144.26410888587588,18,2
2012-03-20 19:43:00.724450+00:00,11.74,24.88,37.73,3417.758938177637,15.166158729042266,-144.6044246174891,18,2
2012-03-20 19:46:00.724450+00:00,11.69,24.77,37.57,2474.5637637453783,14.802559582225456,-145.33162291112274,13,3
2012-03-20 19:47:00.724450+00:00,11.64,24.67,37.41,2385.1093953285417,14.67591365640057,-145.58491476277248,13,2
2012-03-20 19:48:00.724450+00:00,11.48,24.35,36.95,2199.893855701928,14.423547228659038,-146.08964761825555,13,2
2012-03-20 19:52:00.724450+00:00,11.4,24.18,36.69,2921.3285432655616,15.188880943857477,-144.55898018785868,15,2
2012-03-20 19:53:00.724450+00:00,11.35,24.08,36.53,3861.8560145644474,15.35476120511949,-144.22721966533464,15,2
2012-03-20 19:54:00.724450+00:00,11.3,23.98,36.38,4434.950617027287,15.395878889553996,-144.14498429646562,16,2
2012-03-20 19:55:00.724450+00:00,11.26,23.91,36.27,4509.972535430848,15.395878889553996,-144.14498429646562,18,2
2012-03-20 19:56:00.724450+00:00,11.24,23.87,36.22,4945.333093056686,15.579814014309155,-143.77711404695532,20,2
2012-03-20 19:57:00.724450+00:00,11.28,23.94,36.33,5367.9170705386405,15.840590869237024,-143.25556033709958,21,2
2012-03-20 19:58:00.724450+00:00,11.24,23.87,36.22,5420.655504550587,15.851580454184305,-143.23358116720502,21,2
2012-03-20 19:59:00.724450+00:00,11.23,23.84,36.17,5420.655504550587,16.060448891821576,-142.8158442919305,21,2
2012-03-20 20:00:00.724450+00:00,11.21,23.81,36.12,5367.9170705386405,15.873903396567016,-143.1889352824396,21,2
2012-03-20 20:01:00.724450+00:00,11.19,23.77,36.07,5318.951518473813,15.873903396567016,-143.1889352824396,21,2
2012-03-20 20:02:00.724450+00:00,11.16,23.7,35.97,4856.969751816381,15.722631454629816,-143.491479166314,21,2
2012-03-20 20:03:00.724450+00:00,11.14,23.67,35.92,4762.2002110785625,15.722631454629816,-143.491479166314,21,3
2012-03-20 20:04:00.724450+00:00,11.14,23.67,35.92,4539.4707443182,15.64344311349178,-143.64985584859005,21,2
2012-03-20 20:05:00.724450+00:00,11.14,23.67,35.92,4333.220551877057,15.64344311349178,-143.64985584859005,21,2
2012-03-20 20:06:00.724450+00:00,11.14,23.67,35.92,3977.393106627832,15.49495601666705,-143.94683004223953,19,2
2012-03-20 20:07:00.724450+00:00,11.11,23.6,35.81,3771.830986396265,15.196882396134464,-144.5429772833047,18,2
2012-03-20 20:08:00.724450+00:00,11.08,23.53,35.71,3680.337929899043,14.98304786324825,-144.97064634907713,18,2
2012-03-20 20:09:00.724450+00:00,11.04,23.47,35.61,3609.7740115144775,14.750079645546943,-145.43658278447975,18,3
2012-03-20 20:12:00.724450+00:00,11.01,23.4,35.51,3036.155211836295,14.441938333424044,-146.05286540872555,18,2
2012-03-20 20:13:00.724450+00:00,10.97,23.33,35.41,3069.215317809916,14.46762685480634,-146.00148836596094,19,2
2012-03-20 20:14:00.724450+00:00,10.94,23.26,35.3,3015.0981128632425,14.384041828243664,-146.1686584190863,19,2
2012-03-20 20:15:00.724450+00:00,10.91,23.2,35.2,3015.0981128632425,14.23402089934771,-146.46870027687822,19,2
2012-03-20 20:16:00.724450+00:00,10.89,23.16,35.15,3015.0981128632425,14.23402089934771,-146.46870027687822,21,2
2012-03-20 20:17:00.724450+00:00,10.87,23.13,35.1,3069.215317809916,14.23402089934771,-146.46870027687822,21,2
2012-03-20 20:18:00.724450+00:00,10.86,23.09,35.05,3169.1467003488024,14.23402089934771,-146.46870027687822,21,3
2012-03-20 20:19:00.724450+00:00,0.0,0.02,0.02,3169.1467003488024,14.23402089934771,-146.46870027687822,21,2
2012-03-20 20:20:00.724450+00:00,0.0,0.02,0.02,3419.9390364329543,14.23402089934771,-146.46870027687822,19,2
2012-03-20 20:21:00.724450+00:00,0.0,0.02,0.02,3438.951085740112,14.2911674981627,-146.35440707924823,17,2
2012-03-20 20:22:00.724450+00:00,0.0,0.02,0.02,3429.4450610865333,14.452628364748714,-146.0314853460762,16,2
2012-03-20 20:23:00.724450+00:00,0.0,0.02,0.02,3036.7834480050838,14.13968301819407,-146.6573760391855,16,2
2012-03-20 20:27:00.724450+00:00,0.0,0.02,0.02,3110.989156564685,14.79814485460752,-145.3404523663586,12,3
2012-03-20 20:31:00.724450+00:00,10.59,22.56,34.25,3797.621737282736,15.473044414388609,-143.99065324679643,17,2
2012-03-20 20:32:00.724450+00:00,10.59,22.56,34.25,4050.857350784999,15.580386630648228,-143.77596881427718,18,2
2012-03-20 20:33:00.724450+00:00,10.58,22.53,34.2,4561.74477226972,15.83883504754228,-143.25907198048907,17,2
2012-03-20 20:34:00.724450+00:00,10.58,22.53,34.2,4894.442650673523,16.02111609958391,-142.8945098764058,19,2
2012-03-20 20:35:00.724450+00:00,10.56,22.49,34.15,5338.574368546427,16.02111609958391,-142.8945098764058,21,2
2012-03-20 20:36:00.724450+00:00,10.56,22.49,34.15,5782.440267021336,16.65265900831316,-141.63142405894732,21,2
2012-03-20 20:37:00.724450+00:00,10.54,22.46,34.1,6115.790792135821,16.771186432388866,-141.3943692107959,21,2
2012-03-20 20:38:00.724450+00:00,10.51,22.39,34.0,6115.790792135821,16.517270538465286,-141.90220099864308,21,3
2012-03-20 20:39:00.724450+00:00,10.49,22.36,33.95,6115.790792135821,16.517270538465286,-141.90220099864308,21,2
2012-03-20 20:40:00.724450+00:00,10.48,22.33,33.9,6115.790792135821,16.517270538465286,-141.90220099864308,21,2
2012-03-20 20:41:00.724450+00:00,10.44,22.26,33.8,6503.636410980316,16.107265440636425,-142.72221119430077,21,2
2012-03-20 20:42:00.724450+00:00,10.41,22.2,33.7,6624.82933281346,16.107265440636425,-142.72221119430077,21,2
2012-03-20 20:43:00.724450+00:00,10.38,22.13,33.6,6624.82933281346,16.107265440636425,-142.72221119430077,21,2
2012-03-20 20:44:00.724450+00:00,10.35,22.06,33.5,6503.636410980316,16.011598168366753,-142.91354573884013,21,2
2012-03-20 20:45:00.724450+00:00,10.33,22.03,33.45,6164.131010229771,15.937157970019054,-143.06242613553553,20,3
2012-03-20 20:46:00.724450+00:00,10.31,22.0,33.4,6164.131010229771,15.937157970019054,-143.06242613553553,18,2
2012-03-20 20:47:00.724450+00:00,10.28,21.93,33.3,6661.049600819428,15.937157970019054,-143.06242613553553,18,2
2012-03-20 20:48:00.724450+00:00,10.26,21.9,33.25,6697.269868825395,16.011598168366753,-142.91354573884013,19,2
2012-03-20 20:49:00.724450+00:00,10.22,21.8,33.1,6697.269868825395,16.011598168366753,-142.91354573884013,19,2
2012-03-20 20:52:00.724450+00:00,10.12,21.6,32.81,6415.484382243429,15.72568852913659,-143.48536501730047,18,2
2012-03-20 20:53:00.724450+00:00,10.1,21.57,32.76,5948.844138748233,15.628502510555162,-143.67973705446332,18,2
2012-03-20 20:54:00.724450+00:00,10.07,21.51,32.66,5916.393595242926,15.458188481239995,-144.02036511309365,18,3
2012-03-20 20:55:00.724450+00:00,10.07,21.51,32.66,5702.5079213371855,15.4165499671265,-144.10364214132062,19,2
2012-03-20 20:56:00.724450+00:00,10.07,21.51,32.66,5696.290560212877,15.342829154410278,-144.25108376675308,21,2
2012-03-20 20:57:00.724450+00:00,10.02,21.41,32.51,4889.439951582344,15.327690075800705,-144.2813619239722,22,2
2012-03-20 20:58:00.724450+00:00,10.01,21.38,32.47,4724.040516040686,15.264194635378695,-144.40835280481625,21,2
2012-03-20 20:59:00.724450+00:00,9.97,21.31,32.37,4578.998642328481,15.136413471573452,-144.66391513242672,21,2
2012-03-20 21:00:00.724450+00:00,9.96,21.28,32.32,4162.56060920442,14.65711484865859,-145.62251237825646,21,2
2012-03-20 21:01:00.724450+00:00,9.91,21.18,32.17,3636.506063991483,14.346382038637472,-146.24397799829867,21,3
2012-03-20 21:02:00.724450+00:00,9.88,21.12,32.07,3515.6237934622304,14.154764087615952,-146.62721390034173,21,2
2012-03-20 21:03:00.724450+00:00,9.86,21.08,32.03,3545.5169375746955,14.061214159512197,-146.81431375654924,22,2
2012-03-20 21:04:00.724450+00:00,9.83,21.02,31.93,3406.386089990145,13.946340117920156,-147.04406183973333,21,2
2012-03-20 21:05:00.724450+00:00,9.81,20.99,31.88,3406.386089990145,13.946340117920156,-147.04406183973333,19,2
2012-03-20 21:06:00.724450+00:00,9.75,20.86,31.69,3272.8147625451734,13.76784376891422,-147.40105453774518,19,2
2012-03-20 21:07:00.724450+00:00,9.65,20.66,31.39,3490.898085838653,13.688213121628536,-147.56031583231658,18,2
2012-03-20 21:08:00.724450+00:00,9.56,20.47,31.1,3605.958072839322,13.646700130511014,-147.6433418145516,18,2
2012-03-20 21:11:00.724450+00:00,9.45,20.25,30.77,3989.026616159916,13.56863739669676,-147.7994672821801,18,2
2012-03-20 21:12:00.724450+00:00,9.46,20.28,30.81,4208.157289430358,13.56863739669676,-147.7994672821801,18,2
2012-03-20 21:13:00.724450+00:00,9.51,20.38,30.96,4213.753471547622,13.56863739669676,-147.7994672821801,18,2
2012-03-20 21:14:00.724450+00:00,9.54,20.44,31.06,4216.190402549298,13.830594890592405,-147.27555229438883,19,2
2012-03-20 21:15:00.724450+00:00,9.54,20.44,31.06,4216.190402549298,13.866663122742146,-147.20341583008934,21,2
2012-03-20 21:16:00.724450+00:00,9.57,20.5,31.15,4216.190402549298,14.332743761598742,-146.27125455237615,21,3
2012-03-20 21:17:00.724450+00:00,9.61,20.57,31.25,4211.316540545947,14.98779664580255,-144.96114878396853,21,2
2012-03-20 21:18:00.724450+00:00,9.65,20.66,31.39,4208.157289430358,15.13614801793753,-144.6644460396986,22,2
2012-03-20 21:19:00.724450+00:00,9.69,20.73,31.49,3984.544913037,15.20857495435266,-144.51959216686834,22,2
2012-03-20 21:20:00.724450+00:00,9.72,20.79,31.59,4204.9980383147695,15.215889014950475,-144.5049640456727,21,2
2012-03-20 21:21:00.724450+00:00,9.73,20.83,31.64,3764.09178775923,15.215889014950475,-144.5049640456727,21,2
2012-03-20 21:22:00.724450+00:00,9.72,20.79,31.59,3426.7061372303046,15.215889014950475,-144.5049640456727,19,2
2012-03-20 21:23:00.724450+00:00,9.72,20.79,31.59,4067.469698701984,15.44564868104122,-144.04544471349118,17,3
2012-03-20 21:25:00.724450+00:00,9.62,20.6,31.3,4757.810871917961,16.012686461453608,-142.91136915266642,17,2
2012-03-20 21:28:00.724450+00:00,9.53,20.41,31.01,4538.790037971932,15.93280661855621,-143.07112883846122,17,2
2012-03-20 21:29:00.724450+00:00,9.46,20.28,30.81,5260.833455268139,15.93280661855621,-143.07112883846122,17,2
2012-03-20 21:30:00.724450+00:00,9.35,20.06,30.48,4794.5562543585,15.836580149346675,-143.26358177688027,18,2
2012-03-20 21:31:00.724450+00:00,9.34,20.02,30.43,5272.4096075644575,15.97274654000491,-142.9912489955638,18,3
2012-03-20 21:32:00.724450+00:00,9.34,20.02,30.43,4891.274283697537,15.97274654000491,-142.9912489955638,20,2
2012-03-20 21:33:00.724450+00:00,9.32,19.99,30.38,4621.888044546228,16.012686461453608,-142.91136915266642,21,2
2012-03-20 21:34:00.724450+00:00,9.34,20.02,30.43,4521.715112126934,15.93280661855621,-143.07112883846122,21,2
2012-03-20 21:35:00.724450+00:00,9.32,19.99,30.38,4255.46609877867,15.977560431376356,-142.98162121282093,22,2
2012-03-20 21:36:00.724450+00:00,9.32,19.99,30.38,4255.46609877867,15.977560431376356,-142.98162121282093,22,2
2012-03-20 21:37:00.724450+00:00,9.27,19.9,30.24,4154.0204421936105,15.977560431376356,-142.98162121282093,22,2
2012-03-20 21:38:00.724450+00:00,9.24,19.83,30.14,4125.387740278742,16.214767182615574,-142.5072077103425,21,2
2012-03-20 21:39:00.724450+00:00,9.26,19.87,30.19,4125.387740278742,16.1487608640729,-142.63922034742785,21,2
2012-03-20 21:40:00.724450+00:00,9.27,19.9,30.24,3694.808693519085,15.763012100509057,-143.41071787455553,21,3
2012-03-20 21:41:00.724450+00:00,9.27,19.9,30.24,3604.329145329335,15.377753920735795,-144.18123423410205,21,2
2012-03-20 21:42:00.724450+00:00,9.26,19.87,30.19,3319.223267900125,15.320426312742688,-144.29588945008825,21,2
2012-03-20 21:43:00.724450+00:00,9.26,19.87,30.19,3294.2933138213752,15.260952328920547,-144.41483741773254,19,2
2012-03-20 21:44:00.724450+00:00,9.26,19.87,30.19,3091.572143872264,15.09731171322585,-144.74211864912195,18,2
2012-03-20 21:45:00.724450+00:00,9.32,19.99,30.38,3083.0976005372145,15.025390287218078,-144.88596150113747,17,2
2012-03-20 21:46:00.724450+00:00,9.37,20.09,30.53,3100.046687207314,15.169233139233622,-144.5982757971064,17,3
2012-03-20 21:49:00.724450+00:00,9.49,20.34,30.91,3540.9892986353184,15.31680815696886,-144.30312576163593,18,2
2012-03-20 21:50:00.724450+00:00,9.51,20.38,30.96,3777.986445068482,15.31680815696886,-144.30312576163593,18,2
2012-03-20 21:51:00.724450+00:00,23.08,40.0,40.0,4228.015839847825,15.394202523071993,-144.14833702942963,16,2
2012-03-20 21:52:00.724450+00:00,23.08,40.0,40.0,5121.115157886428,16.330867275584197,-142.27500752440525,16,2
2012-03-20 21:53:00.724450+00:00,23.05,40.0,40.0,5121.115157886428,16.330867275584197,-142.27500752440525,18,2
2012-03-20 21:54:00.724450+00:00,23.05,40.0,40.0,4849.260206642955,16.231717487138233,-142.47330710129717,19,3
2012-03-20 21:57:00.724450+00:00,23.05,40.0,40.0,4531.719590145397,16.16586031125002,-142.6050214530736,19,2
2012-03-20 21:58:00.724450+00:00,23.08,40.0,40.0,4526.403847373848,16.020131568528303,-142.89647893851702,19,2
2012-03-20 21:59:00.724450+00:00,23.12,40.0,40.0,3930.8911147881367,16.011862067869053,-142.91301793983553,19,2
2012-03-20 22:00:00.724450+00:00,23.12,40.0,40.0,3518.133343606644,16.011862067869053,-142.91301793983553,19,2
2012-03-20 22:01:00.724450+00:00,9.32,19.99,30.38,3503.6530586189547,15.987039031729566,-142.9626640121145,20,2
2012-03-20 22:02:00.724450+00:00,9.32,19.99,30.38,3336.2185915784185,15.6324483665035,-143.67184534256666,18,2
2012-03-20 22:03:00.724450+00:00,20.15,40.0,40.0,3044.8809164815475,15.265282868450262,-144.4061763386731,18,3
2012-03-20 22:04:00.724450+00:00,9.07,19.48,29.62,3044.8809164815475,15.265282868450262,-144.4061763386731,18,2
2012-03-20 22:08:00.724450+00:00,8.78,18.89,28.71,2740.501107650617,15.302680737416924,-144.3313806007398,19,2
2012-03-20 22:09:00.724450+00:00,8.72,18.76,28.52,2983.300799318873,15.457401064771725,-144.02193994603016,18,2
2012-03-20 22:10:00.724450+00:00,8.68,18.7,28.43,2613.123353363215,15.202266671406454,-144.53220873276072,18,2
2012-03-20 22:11:00.724450+00:00,8.67,18.67,28.38,2640.1340722517643,15.22604434827332,-144.484653379027,19,3
2012-03-20 22:12:00.724450+00:00,8.65,18.63,28.34,2640.1340722517643,15.22604434827332,-144.484653379027,21,2
2012-03-20 22:13:00.724450+00:00,8.62,18.57,28.24,2586.112634474666,15.22604434827332,-144.484653379027,21,2
2012-03-20 22:14:00.724450+00:00,8.62,18.57,28.24,2570.054444637531,15.146138359552122,-144.6444653564694,22,2
2012-03-20 22:15:00.724450+00:00,8.61,18.54,28.19,2580.860912629435,15.085219398936832,-144.76630327769996,22,2
2012-03-20 22:16:00.724450+00:00,8.58,18.48,28.1,2586.112634474666,14.484087505083425,-145.9685670654068,21,2
2012-03-20 22:17:00.724450+00:00,8.55,18.41,28.0,2982.8948725267,14.484087505083425,-145.9685670654068,21,3
2012-03-20 22:18:00.724450+00:00,8.53,18.38,27.96,2985.5597195728865,14.261912615534088,-146.41291684450545,22,2
2012-03-20 22:19:00.724450+00:00,8.52,18.35,27.91,3010.5017117221014,14.261912615534088,-146.41291684450545,22,2
2012-03-20 22:20:00.724450+00:00,8.53,18.38,27.96,3230.852313200112,14.484087505083425,-145.9685670654068,23,2
2012-03-20 22:21:00.724450+00:00,8.53,18.38,27.96,3314.15897180701,14.484087505083425,-145.9685670654068,23,2
2012-03-20 22:22:00.724450+00:00,8.53,18.38,27.96,3233.36405801724,13.89683766738906,-147.14306674079552,24,3
2012-03-20 22:23:00.724450+00:00,8.53,18.38,27.96,3275.0173873206886,13.804175937175996,-147.32839020122162,22,2
2012-03-20 22:24:00.724450+00:00,8.52,18.35,27.91,3314.15897180701,13.770115164352726,-147.3965117468682,19,2
2012-03-20 22:25:00.724450+00:00,8.49,18.29,27.82,3311.0539228281614,13.79264345963662,-147.3514551563004,18,2
2012-03-20 22:26:00.724450+00:00,8.52,18.35,27.91,3317.1111908627936,14.201285822859452,-146.53417042985473,18,4
2012-03-20 22:30:00.724450+00:00,8.68,18.7,28.43,2268.685371111344,14.962106054359168,-145.0125299668553,17,2
2012-03-20 22:31:00.724450+00:00,8.7,18.73,28.48,2155.3504397123284,14.962106054359168,-145.0125299668553,17,2
2012-03-20 22:32:00.724450+00:00,8.68,18.7,28.43,2651.670681054071,15.528500750121896,-143.87974057532983,16,2
2012-03-20 22:33:00.724450+00:00,8.67,18.67,28.38,2651.670681054071,15.528500750121896,-143.87974057532983,18,3
2012-03-20 22:34:00.724450+00:00,8.64,18.6,28.29,2653.0784416378983,15.492130911518078,-143.95248025253747,20,2
2012-03-20 22:35:00.724450+00:00,8.64,18.6,28.29,2271.5008922789984,15.133184796649443,-144.67037248227473,21,2
2012-03-20 22:36:00.724450+00:00,8.61,18.54,28.19,2558.116359987304,15.102163967818536,-144.73241413993657,22,2
2012-03-20 22:37:00.724450+00:00,8.59,18.51,28.15,2558.116359987304,15.102163967818536,-144.73241413993657,22,2
2012-03-20 22:38:00.724450+00:00,8.53,18.38,27.96,2558.116359987304,15.025449394866536,-144.88584328584056,22,2
2012-03-20 22:39:00.724450+00:00,8.49,18.29,27.82,2558.116359987304,15.025449394866536,-144.88584328584056,22,2
2012-03-20 22:40:00.724450+00:00,8.44,18.2,27.67,2844.7318276956094,15.242221881277906,-144.45229831301782,21,2
2012-03-20 22:41:00.724450+00:00,8.41,18.13,27.58,2844.7318276956094,15.242221881277906,-144.45229831301782,21,3
2012-03-20 22:42:00.724450+00:00,8.39,18.1,27.53,2844.7318276956094,15.242221881277906,-144.45229831301782,21,2
2012-03-20 22:43:00.724450+00:00,8.39,18.1,27.53,2844.7318276956094,15.242221881277906,-144.45229831301782,21,2
2012-03-20 22:44:00.724450+00:00,8.39,18.1,27.53,2960.901102554446,15.332915871832054,-144.27091033190953,22,2
2012-03-20 22:45:00.724450+00:00,8.41,18.13,27.58,2960.901102554446,15.357822132441845,-144.22109781068994,22,2
2012-03-20 22:46:00.724450+00:00,8.38,18.07,27.49,2960.901102554446,15.533090673671708,-143.8705607282302,20,2
2012-03-20 22:47:00.724450+00:00,8.39,18.1,27.53,3247.744384959597,15.65577107015649,-143.62519993526064,18,2
2012-03-20 22:48:00.724450+00:00,8.38,18.07,27.49,3555.83145991136,15.764276217973917,-143.4081896396258,18,3
2012-03-20 22:49:00.724450+00:00,8.35,18.01,27.39,4071.649421507205,16.13179521752813,-142.67315164051735,18,2
2012-03-20 22:50:00.724450+00:00,8.27,17.85,27.16,4568.539380740575,16.42558428740415,-142.08557350076535,18,2
2012-03-20 22:53:00.724450+00:00,18.64,38.61,40.0,6781.538327933505,17.34581282535227,-140.24511642486908,19,2
2012-03-20 22:54:00.724450+00:00,18.59,38.51,40.0,8216.963719103313,17.799183041649894,-139.33837599227382,18,2
2012-03-20 22:55:00.724450+00:00,18.54,38.41,40.0,9174.52504504571,17.799183041649894,-139.33837599227382,18,2
2012-03-20 22:56:00.724450+00:00,18.54,38.41,40.0,10743.394336741349,18.25255325794752,-138.4316355596786,19,2
2012-03-20 22:57:00.724450+00:00,18.54,38.41,40.0,10743.394336741349,18.25255325794752,-138.4316355596786,21,3
2012-03-20 22:58:00.724450+00:00,18.52,38.36,40.0,10743.394336741349,18.18416488394202,-138.56841230768958,21,2
2012-03-20 22:59:00.724450+00:00,18.46,38.25,40.0,10743.394336741349,18.18416488394202,-138.56841230768958,21,2
2012-03-20 23:00:00.724450+00:00,18.44,38.2,40.0,10743.394336741349,18.18416488394202,-138.56841230768958,21,2
2012-03-20 23:01:00.724450+00:00,18.41,38.15,40.0,7605.65575335007,17.10754584907906,-140.7216503774155,21,2
2012-03-20 23:02:00.724450+00:00,18.41,38.15,40.0,7605.65575335007,17.10754584907906,-140.7216503774155,21,2
2012-03-20 23:03:00.724450+00:00,18.39,38.1,40.0,7605.65575335007,17.10754584907906,-140.7216503774155,21,2
2012-03-20 23:04:00.724450+00:00,18.39,38.1,40.0,7605.65575335007,17.10754584907906,-140.7216503774155,21,3
2012-03-20 23:05:00.724450+00:00,18.39,38.1,40.0,7526.055283775694,17.06049401231069,-140.81575405095225,20,2
2012-03-20 23:06:00.724450+00:00,18.39,38.1,40.0,7526.055283775694,17.06049401231069,-140.81575405095225,18,2
2012-03-20 23:07:00.724450+00:00,18.34,38.0,40.0,7608.936870405233,17.06049401231069,-140.81575405095225,18,2
2012-03-20 23:08:00.724450+00:00,7.92,17.14,26.08,7608.936870405233,17.06049401231069,-140.81575405095225,18,2
2012-03-20 23:09:00.724450+00:00,7.92,17.14,26.08,7648.842542087047,17.10754584907906,-140.7216503774155,19,2
2012-03-20 23:12:00.724450+00:00,7.95,17.2,26.17,8595.69067860557,17.194452629600917,-140.54783681637178,18,2
2012-03-20 23:13:00.724450+00:00,7.98,17.26,26.26,8364.04088750258,17.208986489091156,-140.51876909739133,18,2
2012-03-20 23:14:00.724450+00:00,7.97,17.23,26.22,8364.04088750258,17.324105966776763,-140.2885301420201,18,3
2012-03-20 23:15:00.724450+00:00,7.98,17.26,26.26,9079.239232918111,17.50865677893899,-139.91942851769565,19,2
2012-03-20 23:16:00.724450+00:00,7.97,17.23,26.22,8364.04088750258,17.324105966776763,-140.2885301420201,22,2
2012-03-20 23:17:00.724450+00:00,8.01,17.32,26.36,8252.084834389096,17.455403916280105,-140.0259342430134,22,2
2012-03-20 23:18:00.724450+00:00,7.98,17.26,26.26,8439.73929851018,17.49980629697162,-139.9371294816304,22,2
2012-03-20 23:19:00.724450+00:00,8.01,17.32,26.36,8677.903555966619,17.412137111051955,-140.11246785346972,21,2
2012-03-20 23:20:00.724450+00:00,8.0,17.29,26.31,8967.47575615906,17.424327447601186,-140.08808718037128,21,3
2012-03-20 23:21:00.724450+00:00,7.94,17.17,26.12,8967.47575615906,17.424327447601186,-140.08808718037128,21,2
2012-03-20 23:22:00.724450+00:00,7.88,17.04,25.94,9023.357494538586,17.6409395167748,-139.65486304202403,22,2
2012-03-20 23:23:00.724450+00:00,7.85,16.98,25.84,9250.407291591611,17.618720687998255,-139.69930069957712,22,2
2012-03-20 23:24:00.724450+00:00,7.79,16.86,25.66,8822.68965606284,17.41823227932657,-140.1002775169205,22,2
2012-03-20 23:25:00.724450+00:00,7.73,16.73,25.47,8822.68965606284,17.41823227932657,-140.1002775169205,20,2
2012-03-20 23:26:00.724450+00:00,7.74,16.76,25.52,8967.47575615906,17.424327447601186,-140.08808718037128,17,2
2012-03-20 23:27:00.724450+00:00,7.74,16.76,25.52,8826.944244072605,17.618720687998255,-139.69930069957712,16,3
2012-03-20 23:28:00.724450+00:00,7.65,16.58,25.23,8826.944244072605,17.618720687998255,-139.69930069957712,16,2
2012-03-20 23:32:00.724450+00:00,17.66,36.66,40.0,5805.057851947886,16.804625326483652,-141.32749142260633,15,2
2012-03-20 23:33:00.724450+00:00,17.66,36.66,40.0,5401.011318297058,16.756092937909337,-141.42455619975496,15,2
2012-03-20 23:34:00.724450+00:00,17.63,36.61,40.0,4705.91587587036,16.322684803634896,-142.29137246830385,16,2
2012-03-20 23:35:00.724450+00:00,17.63,36.61,40.0,4451.400581859778,16.321578309843193,-142.29358545588724,17,2
2012-03-20 23:36:00.724450+00:00,17.63,36.61,40.0,4451.400581859778,16.321578309843193,-142.29358545588724,17,2
2012-03-20 23:37:00.724450+00:00,17.61,36.56,40.0,4330.473582517714,16.320254871553153,-142.29623233246733,16,2
2012-03-20 23:38:00.724450+00:00,17.59,36.51,40.0,4209.546583175649,16.290819479819195,-142.35510311593524,15,3
2012-03-20 23:39:00.724450+00:00,17.51,36.37,40.0,4209.546583175649,15.805543996328677,-143.3256540829163,15,2
2012-03-20 23:43:00.724450+00:00,17.32,35.99,40.0,4294.143611737211,15.557744230727202,-143.82125361411923,15,2
2012-03-20 23:44:00.724450+00:00,17.32,35.99,40.0,4387.29681400427,15.565100912221745,-143.80654025113014,14,2
2012-03-20 23:45:00.724450+00:00,17.32,35.99,40.0,4294.143611737211,15.557744230727202,-143.82125361411923,15,2
2012-03-20 23:46:00.724450+00:00,17.32,35.99,40.0,3480.4279203086394,15.482173952983304,-143.97239416960704,17,2
2012-03-20 23:47:00.724450+00:00,17.3,35.94,40.0,3024.410790677389,15.47768164404091,-143.98137878749182,19,2
2012-03-20 23:48:00.724450+00:00,17.27,35.89,40.0,2754.069576662627,15.124651619209107,-144.6874388371554,21,2
2012-03-20 23:49:00.724450+00:00,17.25,35.84,40.0,2430.9158242236795,14.766037724298736,-145.40466662697617,21,2
2012-03-20 23:50:00.724450+00:00,17.22,35.8,40.0,1918.1981158342896,14.495934789612622,-145.94487249634838,20,2
2012-03-20 23:51:00.724450+00:00,17.2,35.75,40.0,1643.4752057165915,14.285273951150725,-146.36619417327216,18,2
2012-03-20 23:52:00.724450+00:00,17.13,35.61,40.0,1625.4006866258294,13.993485037918482,-146.94977199973664,16,3
2012-03-20 23:53:00.724450+00:00,17.1,35.56,40.0,1609.1148003714789,13.719933424527266,-147.49687522651908,15,2
2012-03-20 23:58:00.724450+00:00,17.22,35.8,40.0,1221.013990905096,13.48050467061434,-147.97573273434494,14,2
2012-03-20 23:59:00.724450+00:00,17.32,35.99,40.0,1221.013990905096,13.632359067639245,-147.67202394029513,12,2
2012-03-21 00:00:00.724767+00:00,17.25,35.84,40.0,2969.605610567519,15.335164169208626,-143.40094455827284,13,2
2012-03-21 00:01:00.724767+00:00,17.22,35.8,40.0,3499.2431784132345,15.4379975000304,-143.1952778966293,15,2
2012-03-21 00:02:00.724767+00:00,17.18,35.7,40.0,5944.626077276394,16.68679003132687,-140.69769283403636,18,2
2012-03-21 00:03:00.724767+00:00,17.18,35.7,40.0,5297.490579361913,16.53339706393955,-141.004478768811,19,2
2012-03-21 00:04:00.724767+00:00,17.18,35.7,40.0,5944.626077276394,16.68679003132687,-140.69769283403636,18,2
2012-03-21 00:05:00.724767+00:00,17.15,35.65,40.0,7062.666985452709,17.117372363672676,-139.83652816934477,19,2
2012-03-21 00:06:00.724767+00:00,17.15,35.65,40.0,8866.364704288266,17.585697885944683,-138.89987712480072,19,3
2012-03-21 00:07:00.724767+00:00,17.15,35.65,40.0,11196.076746412871,17.855361853452173,-138.36054918978576,19,2
2012-03-21 00:09:00.724767+00:00,17.13,35.61,40.0,11568.228911068642,17.841936504860673,-138.38739988696875,19,2
2012-03-21 00:10:00.724767+00:00,17.1,35.56,40.0,11568.228911068642,17.79938010502998,-138.47251268663013,19,2
2012-03-21 00:11:00.724767+00:00,17.1,35.56,40.0,11401.640963897313,17.614098486481215,-138.84307592372767,19,2
2012-03-21 00:12:00.724767+00:00,17.1,35.56,40.0,10792.299993688632,17.528988207016422,-139.01329648265727,18,2
2012-03-21 00:13:00.724767+00:00,17.1,35.56,40.0,11484.934937482976,17.599898186212947,-138.8714765242642,20,2
2012-03-21 00:14:00.724767+00:00,17.08,35.51,40.0,10792.299993688632,17.585089975844422,-138.90109294500127,22,2
2012-03-21 00:15:00.724767+00:00,17.08,35.51,40.0,10182.95902347995,17.58448206574416,-138.90230876520178,21,2
2012-03-21 00:16:00.724767+00:00,17.08,35.51,40.0,10156.300944787754,17.47227852808816,-139.12671584051378,21,2
2012-03-21 00:17:00.724767+00:00,17.06,35.47,40.0,10156.300944787754,17.47227852808816,-139.12671584051378,19,2
2012-03-21 00:18:00.724767+00:00,17.03,35.42,40.0,10001.869181619972,17.353875776339983,-139.36352134401014,18,2
2012-03-21 00:19:00.724767+00:00,17.08,35.51,40.0,10001.869181619972,17.52838029691616,-139.01451230285778,18,3
2012-03-21 00:20:00.724767+00:00,6.87,14.96,22.79,10213.44323500249,17.777126364964154,-138.5170201667618,18,2
2012-03-21 00:23:00.724767+00:00,7.36,15.99,24.34,11670.560338721956,18.0087248742541,-138.0538231481819,18,2
2012-03-21 00:24:00.724767+00:00,7.48,16.24,24.72,12581.99315843472,18.04237627684877,-137.98652034299255,18,2
2012-03-21 00:25:00.724767+00:00,7.54,16.36,24.91,15047.891763930482,18.167410145912733,-137.73645260486464,18,3
2012-03-21 00:26:00.724767+00:00,7.56,16.39,24.95,15704.666327404146,18.22733134209726,-137.61661021249557,18,2
2012-03-21 00:27:00.724767+00:00,7.54,16.36,24.91,15704.666327404146,18.22733134209726,-137.61661021249557,20,2
2012-03-21 00:28:00.724767+00:00,7.56,16.39,24.95,15289.884042709273,18.25244385785597,-137.56638518097816,21,2
2012-03-21 00:29:00.724767+00:00,7.59,16.45,25.05,14805.899485151693,18.182667677180397,-137.7059375423293,21,2
2012-03-21 00:30:00.724767+00:00,7.64,16.55,25.19,13011.163958635329,18.07129873815064,-137.92867542038883,22,2
2012-03-21 00:31:00.724767+00:00,7.65,16.58,25.23,12581.99315843472,17.928630918362025,-138.21401105996603,22,2
2012-03-21 00:32:00.724767+00:00,7.64,16.55,25.19,9011.034423412835,17.857320750765183,-138.35663139515972,21,2
2012-03-21 00:33:00.724767+00:00,7.62,16.52,25.14,7548.094475934567,17.226529249883868,-139.61821439692238,20,2
2012-03-21 00:34:00.724767+00:00,7.61,16.49,25.09,6275.228915043727,16.746707258368264,-140.57785837995357,18,2
2012-03-21 00:35:00.724767+00:00,7.59,16.45,25.05,5058.959322502153,16.35156398438412,-141.36814492792186,16,3
2012-03-21 00:36:00.724767+00:00,7.57,16.42,25.0,4257.167825692654,15.80758001536129,-142.45611286596753,15,2
2012-03-21 00:37:00.724767+00:00,7.64,16.55,25.19,4257.167825692654,15.78784845559618,-142.49557598549774,15,2
2012-03-21 00:41:00.724767+00:00,17.56,36.47,40.0,10566.661580412254,18.045457546216504,-137.9803578042571,15,2
2012-03-21 00:42:00.724767+00:00,17.61,36.56,40.0,13047.2224398693,18.22168184237961,-137.6279092119309,15,3
2012-03-21 00:43:00.724767+00:00,17.61,36.56,40.0,13511.548765718882,18.416193996192504,-137.2388849043051,16,2
2012-03-21 00:44:00.724767+00:00,17.66,36.66,40.0,14813.95094080432,18.520636642363648,-137.0299996119628,19,2
2012-03-21 00:45:00.724767+00:00,17.68,36.71,40.0,14813.95094080432,18.520636642363648,-137.0299996119628,21,2
2012-03-21 00:46:00.724767+00:00,17.68,36.71,40.0,14913.88823062744,18.60377462994537,-136.86372363679936,22,2
2012-03-21 00:47:00.724767+00:00,17.68,36.71,40.0,15390.411161656535,18.689938518547457,-136.6913958595952,22,2
2012-03-21 00:48:00.724767+00:00,17.68,36.71,40.0,19415.30927519367,19.377489315854078,-135.31629426498196,21,2
2012-03-21 00:49:00.724767+00:00,17.71,36.76,40.0,20778.053220854505,19.294641952672357,-135.4819889913454,21,2
2012-03-21 00:50:00.724767+00:00,7.61,16.49,25.09,20778.053220854505,19.294641952672357,-135.4819889913454,21,3
2012-03-21 00:51:00.724767+00:00,7.64,16.55,25.19,18394.914396069827,18.887935801706803,-136.29540129327648,22,2
2012-03-21 00:52:00.724767+00:00,7.7,16.67,25.37,18394.914396069827,18.884541997880888,-136.30218890092834,22,2
2012-03-21 00:53:00.724767+00:00,7.76,16.8,25.56,19120.597582914248,18.884541997880888,-136.30218890092834,22,2
2012-03-21 00:54:00.724767+00:00,7.83,16.95,25.8,17463.141944973995,18.43818863717697,-137.19489562233616,21,3
2012-03-21 00:55:00.724767+00:00,7.89,17.07,25.98,19120.597582914248,18.863021491098745,-136.34522991449262,20,2
2012-03-21 00:56:00.724767+00:00,7.95,17.2,26.17,19120.597582914248,18.863021491098745,-136.34522991449262,18,2
2012-03-21 00:57:00.724767+00:00,8.0,17.29,26.31,19650.81085411753,18.863021491098745,-136.34522991449262,16,2
2012-03-21 00:58:00.724767+00:00,8.0,17.29,26.31,16737.45875812957,18.342494331540777,-137.38628423360854,16,2
2012-03-21 00:59:00.724767+00:00,8.0,17.29,26.31,14938.481870936908,18.43818863717697,-137.19489562233616,17,2
2012-03-21 01:03:00.724767+00:00,7.91,17.11,26.03,9726.943873337284,18.223754178706915,-137.62376453927627,15,2
2012-03-21 01:04:00.724767+00:00,7.91,17.11,26.03,9080.599773251584,17.711778876962377,-138.64771514276535,15,3
2012-03-21 01:05:00.724767+00:00,7.88,17.04,25.94,9195.913252419155,17.626640416751012,-138.8179920631881,16,2
2012-03-21 01:07:00.724767+00:00,7.85,16.98,25.84,10403.98099423818,17.711778876962377,-138.64771514276535,21,2
2012-03-21 01:08:00.724767+00:00,7.83,16.95,25.8,10879.529924090864,18.02561160005397,-138.02004969658216,21,2
2012-03-21 01:09:00.724767+00:00,7.82,16.92,25.75,11838.54025929484,18.232917315865187,-137.60543826495973,20,2
2012-03-21 01:10:00.724767+00:00,7.82,16.92,25.75,12845.395264809476,18.319631587983203,-137.4320097207237,20,2
2012-03-21 01:11:00.724767+00:00,7.77,16.83,25.61,14082.773584386676,18.50203941102137,-137.06719407464738,20,3
2012-03-21 01:12:00.724767+00:00,7.74,16.76,25.52,17494.76429923957,18.74452582195976,-136.58222125277058,21,2
2012-03-21 01:13:00.724767+00:00,7.73,16.73,25.47,21183.70623464371,19.337130397986183,-135.39701210071772,21,2
2012-03-21 01:14:00.724767+00:00,7.7,16.67,25.37,24484.600655970225,19.64590968026001,-134.77945353617008,21,2
2012-03-21 01:15:00.724767+00:00,7.67,16.61,25.28,25873.6562153984,19.818143241888592,-134.4349864129129,22,2
2012-03-21 01:16:00.724767+00:00,7.65,16.58,25.23,26924.84823794137,19.84141518951598,-134.38844251765812,22,2
2012-03-21 01:17:00.724767+00:00,7.61,16.49,25.09,27351.074785299068,19.88326122596939,-134.3047504447513,21,2
2012-03-21 01:18:00.724767+00:00,7.57,16.42,25.0,28511.329395543074,19.992682067141835,-134.08590876240643,21,2
2012-03-21 01:19:00.724767+00:00,7.53,16.33,24.86,27351.074785299068,19.992682067141835,-134.08590876240643,21,2
2012-03-21 01:20:00.724767+00:00,7.51,16.3,24.81,28350.27793767313,19.99500136949136,-134.08127015770737,21,3
2012-03-21 01:21:00.724767+00:00,7.5,16.27,24.77,27351.074785299068,19.99500136949136,-134.08127015770737,19,2
2012-03-21 01:22:00.724767+00:00,7.44,16.14,24.58,27292.61127890217,19.922798511826613,-134.22567587303686,18,2
2012-03-21 01:23:00.724767+00:00,7.38,16.02,24.39,27246.879923245066,19.922798511826613,-134.22567587303686,18,2
2012-03-21 01:24:00.724767+00:00,7.35,15.96,24.3,24314.64447690502,19.515579512675323,-135.04011387133943,18,2
2012-03-21 01:27:00.724767+00:00,7.17,15.59,23.73,19512.34323233073,18.796219113935628,-136.47883466881885,17,2
2012-03-21 01:28:00.724767+00:00,7.18,15.62,23.78,20349.088016209927,19.24795205336076,-135.5753687899686,18,2
2012-03-21 01:29:00.724767+00:00,7.18,15.62,23.78,20349.088016209927,19.324831392918703,-135.42161011085267,18,2
2012-03-21 01:30:00.724767+00:00,7.12,15.49,23.59,19260.75946436924,19.445623262603128,-135.18002637148385,18,2
2012-03-21 01:31:00.724767+00:00,7.11,15.46,23.55,19260.75946436924,19.445623262603128,-135.18002637148385,20,2
2012-03-21 01:32:00.724767+00:00,7.09,15.43,23.5,21185.832800089123,19.69968499278588,-134.67190291111834,21,2
2012-03-21 01:33:00.724767+00:00,7.03,15.31,23.31,21185.832800089123,19.69968499278588,-134.67190291111834,21,3
2012-03-21 01:34:00.724767+00:00,6.94,15.12,23.03,21036.89826929562,19.462330283417103,-135.14661232985588,22,2
2012-03-21 01:35:00.724767+00:00,6.9,15.03,22.89,21036.89826929562,19.462330283417103,-135.14661232985588,22,2
2012-03-21 01:36:00.724767+00:00,6.85,14.93,22.75,21856.33140109462,19.47625780961192,-135.11875727746627,22,2
2012-03-21 01:37:00.724767+00:00,6.73,14.68,22.37,21856.33140109462,19.436967891124294,-135.1973371144415,22,2
2012-03-21 01:38:00.724767+00:00,6.55,14.31,21.8,20887.96373850212,19.191561532420373,-135.68814983184936,21,3
2012-03-21 01:39:00.724767+00:00,6.54,14.28,21.75,20887.96373850212,19.182112850643897,-135.7070471954023,21,2
2012-03-21 01:40:00.724767+00:00,6.49,14.18,21.61,21076.47952769176,19.171135583941307,-135.72900172880748,22,2
2012-03-21 01:41:00.724767+00:00,6.52,14.24,21.71,20231.723977874062,19.120461922360384,-135.83034905196934,22,2
2012-03-21 01:42:00.724767+00:00,6.51,14.21,21.66,19429.51514635757,19.00193399072481,-136.06740491524047,22,2
2012-03-21 01:43:00.724767+00:00,6.51,14.21,21.66,19429.51514635757,18.941616752219907,-136.1880393922503,20,2
2012-03-21 01:44:00.724767+00:00,6.51,14.21,21.66,19283.54607546915,18.9209751555136,-136.2293225856629,17,2
2012-03-21 01:45:00.724767+00:00,6.52,14.24,21.71,17797.14143374773,18.693802161237173,-136.68366857421574,17,3
2012-03-21 01:46:00.724767+00:00,6.57,14.34,21.85,16776.512113592715,18.374225689418623,-137.32282151785287,17,2
2012-03-21 01:50:00.724767+00:00,7.08,15.4,23.45,10832.913237793233,17.722284264733524,-138.62670436722306,17,2
2012-03-21 01:51:00.724767+00:00,7.12,15.49,23.59,10624.44485990827,17.631951160371436,-138.80737057594723,17,3
2012-03-21 01:52:00.724767+00:00,7.11,15.46,23.55,10624.44485990827,17.631951160371436,-138.80737057594723,17,2
2012-03-21 01:53:00.724767+00:00,7.08,15.4,23.45,10496.068843216424,17.35206384658318,-139.36714520352373,20,2
2012-03-21 01:54:00.724767+00:00,7.03,15.31,23.31,10372.817659739609,17.100987730012882,-139.86929743666434,22,2
2012-03-21 01:55:00.724767+00:00,6.96,15.15,23.08,10270.446566480456,16.793995591301353,-140.48328171408738,22,2
2012-03-21 01:56:00.724767+00:00,6.91,15.06,22.94,7929.674836857458,16.408572871419302,-141.2541271538515,22,2
2012-03-21 01:57:00.724767+00:00,6.82,14.87,22.65,7445.354270510527,16.157382318624187,-141.75650825944172,21,2
2012-03-21 01:58:00.724767+00:00,6.75,14.71,22.42,6424.084826189004,16.022986026079735,-142.02530084453065,20,2
2012-03-21 01:59:00.724767+00:00,6.72,14.65,22.32,5971.219285153287,15.557599408352054,-142.956074079986,20,3
2012-03-21 02:00:00.724767+00:00,6.7,14.62,22.27,5695.8935283227165,15.463373875470689,-143.14452514574873,20,2
2012-03-21 02:01:00.724767+00:00,6.66,14.53,22.13,4956.867540852841,15.432567018290412,-143.20613886010926,20,2
2012-03-21 02:03:00.724767+00:00,6.58,14.37,21.9,3883.992589596804,15.33740102299954,-143.396470850691,20,2
2012-03-21 02:04:00.724767+00:00,6.58,14.37,21.9,3614.162726798414,15.33740102299954,-143.396470850691,20,2
2012-03-21 02:05:00.724767+00:00,6.61,14.43,21.99,3549.5850060108705,15.08722739457735,-143.89681810753538,20,3
2012-03-21 02:06:00.724767+00:00,6.61,14.43,21.99,3250.2153396393837,14.555572857488055,-144.960127181714,19,2
2012-03-21 02:07:00.724767+00:00,6.63,14.46,22.04,2576.2004384085585,14.393448139864038,-145.28437661696205,18,2
2012-03-21 02:08:00.724767+00:00,6.55,14.31,21.8,2600.9877938843256,14.429039303573926,-145.21319428954226,19,2
2012-03-21 02:09:00.724767+00:00,6.46,14.12,21.52,3385.086351252952,15.424090779591744,-143.22309133750662,20,2
2012-03-21 02:12:00.724767+00:00,16.36,34.09,40.0,4642.191040590769,16.283793436798145,-141.50368602309382,19,2
2012-03-21 02:13:00.724767+00:00,16.36,34.09,40.0,4655.774546914522,16.31105180499913,-141.4491692866918,19,2
2012-03-21 02:14:00.724767+00:00,16.32,34.0,40.0,5586.767285122429,16.341227875664867,-141.38881714536038,19,3
2012-03-21 02:15:00.724767+00:00,16.32,34.0,40.0,5820.356605542596,16.466781497949565,-141.13770990079098,19,2
2012-03-21 02:16:00.724767+00:00,16.3,33.95,40.0,5820.356605542596,16.466781497949565,-141.13770990079098,21,2
2012-03-21 02:17:00.724767+00:00,16.27,33.91,40.0,5753.631553867803,16.453804320319442,-141.16366425605122,22,2
2012-03-21 02:18:00.724767+00:00,16.27,33.91,40.0,5684.912547192525,16.391027509177093,-141.28921787833593,22,2
2012-03-21 02:19:00.724767+00:00,16.27,33.91,40.0,5686.906502193009,16.31105180499913,-141.4491692866918,21,3
2012-03-21 02:20:00.724767+00:00,16.3,33.95,40.0,6379.787446934854,16.394764079868285,-141.28174473695353,21,2
2012-03-21 02:21:00.724767+00:00,16.32,34.0,40.0,6727.286085303812,16.394764079868285,-141.28174473695353,21,2
2012-03-21 02:22:00.724767+00:00,16.34,34.04,40.0,6747.053303174855,16.42428787404372,-141.22269714860266,22,2
2012-03-21 02:23:00.724767+00:00,16.34,34.04,40.0,6757.306568455071,16.492846463842668,-141.08557996900475,22,2
2012-03-21 02:24:00.724767+00:00,16.36,34.09,40.0,6757.306568455071,16.542673865684122,-140.98592516532187,22,2
2012-03-21 02:25:00.724767+00:00,16.36,34.09,40.0,6737.539350584029,16.490654544530766,-141.08996380762858,22,2
2012-03-21 02:26:00.724767+00:00,16.39,34.13,40.0,6766.820521045897,16.540481946372218,-140.99030900394567,19,2
2012-03-21 02:27:00.724767+00:00,16.41,34.18,40.0,6933.6997020876925,16.567479007320667,-140.93631488204875,17,3
2012-03-21 02:28:00.724767+00:00,16.45,34.27,40.0,7090.056895066119,16.73886986182483,-140.59353317304044,16,2
2012-03-21 02:29:00.724767+00:00,16.39,34.13,40.0,8617.166618868407,17.139833174890143,-139.7916065469098,16,2
2012-03-21 02:33:00.724767+00:00,16.43,34.22,40.0,9278.31049747118,17.18281095427187,-139.70565098814637,16,2
2012-03-21 02:34:00.724767+00:00,16.48,34.31,40.0,9278.31049747118,17.319641256435567,-139.43199038381897,16,2
2012-03-21 02:35:00.724767+00:00,16.48,34.31,40.0,11032.777754688,17.701534606959576,-138.66820368277092,16,3
2012-03-21 02:36:00.724767+00:00,16.52,34.4,40.0,11375.873730969932,17.701534606959576,-138.66820368277092,18,2
2012-03-21 02:37:00.724767+00:00,16.55,34.45,40.0,11375.873730969932,17.701534606959576,-138.66820368277092,20,2
2012-03-21 02:38:00.724767+00:00,16.55,34.45,40.0,11375.873730969932,17.863122420526317,-138.34502805563747,22,2
2012-03-21 02:39:00.724767+00:00,16.61,34.59,40.0,11375.873730969932,18.097635534662608,-137.87600182736486,22,2
2012-03-21 02:40:00.724767+00:00,16.71,34.77,40.0,11375.873730969932,17.89006730578302,-138.29113828512405,22,2
2012-03-21 02:41:00.724767+00:00,16.73,34.81,40.0,10614.488716245376,17.80712160774536,-138.45702968119937,22,2
2012-03-21 02:42:00.724767+00:00,16.71,34.77,40.0,10526.730279643669,17.673646333904244,-138.7239802288816,21,2
2012-03-21 02:43:00.724767+00:00,16.68,34.72,40.0,10393.237363537904,17.673646333904244,-138.7239802288816,21,3
2012-03-21 02:44:00.724767+00:00,16.68,34.72,40.0,10343.803064884987,17.673646333904244,-138.7239802288816,21,2
2012-03-21 02:45:00.724767+00:00,16.71,34.77,40.0,10204.164614342037,17.618309643106567,-138.83465361047698,22,2
2012-03-21 02:46:00.724767+00:00,16.71,34.77,40.0,9487.90154749553,17.541017654176528,-138.98923758833706,22,2
2012-03-21 02:47:00.724767+00:00,16.75,34.86,40.0,9487.90154749553,17.47857032753088,-139.11413224162837,22,2
2012-03-21 02:48:00.724767+00:00,16.73,34.81,40.0,9390.493424748154,17.372702335087727,-139.32586822651467,21,2
2012-03-21 02:49:00.724767+00:00,16.78,34.91,40.0,8044.952702844795,17.42060382105757,-139.23006525457495,21,3
2012-03-21 02:50:00.724767+00:00,16.78,34.91,40.0,8044.952702844795,17.42060382105757,-139.23006525457495,21,2
2012-03-21 02:51:00.724767+00:00,16.78,34.91,40.0,9487.90154749553,17.78547143467142,-138.50033002734727,22,2
2012-03-21 02:52:00.724767+00:00,16.78,34.91,40.0,9390.493424748154,17.98650454936881,-138.09826379795248,21,2
2012-03-21 02:53:00.724767+00:00,16.78,34.91,40.0,9390.493424748154,17.98650454936881,-138.09826379795248,19,2
2012-03-21 02:54:00.724767+00:00,16.78,34.91,40.0,9390.493424748154,17.98650454936881,-138.09826379795248,17,2
2012-03-21 02:55:00.724767+00:00,16.82,35.0,40.0,9390.493424748154,17.98650454936881,-138.09826379795248,15,2
2012-03-21 02:56:00.724767+00:00,16.87,35.09,40.0,10635.41614145434,17.98650454936881,-138.09826379795248,15,3
2012-03-21 03:00:00.724767+00:00,16.92,35.19,40.0,7899.924619804844,17.1007291153029,-139.8698146660843,16,2
2012-03-21 03:01:00.724767+00:00,16.94,35.23,40.0,7373.15227771707,16.738693470759635,-140.59388595517083,15,2
2012-03-21 03:02:00.724767+00:00,16.92,35.19,40.0,7482.897667518775,16.505499901987033,-141.06027309271605,16,2
2012-03-21 03:03:00.724767+00:00,16.92,35.19,40.0,7358.770772681242,16.505499901987033,-141.06027309271605,18,3
2012-03-21 03:04:00.724767+00:00,16.94,35.23,40.0,7482.897667518775,16.51714629572724,-141.0369803052356,22,2
2012-03-21 03:05:00.724767+00:00,17.06,35.47,40.0,7482.897667518775,16.51714629572724,-141.0369803052356,24,2
2012-03-21 03:06:00.724767+00:00,17.18,35.7,40.0,7468.516162482947,16.51714629572724,-141.0369803052356,24,2
2012-03-21 03:07:00.724767+00:00,17.25,35.84,40.0,7344.389267645415,16.634097356437643,-140.80307818381482,25,2
2012-03-21 03:08:00.724767+00:00,17.32,35.99,40.0,8057.579524193416,16.510077680683104,-141.0511175353239,26,3
2012-03-21 03:09:00.724767+00:00,17.27,35.89,40.0,8855.467114599263,16.472570459357357,-141.12613197797538,26,3
2012-03-21 03:10:00.724767+00:00,17.25,35.84,40.0,8855.467114599263,16.596590135111896,-140.8780926264663,26,3
2012-03-21 03:11:00.724767+00:00,17.25,35.84,40.0,8770.769780741415,16.55908291378615,-140.9531070691178,27,3
2012-03-21 03:12:00.724767+00:00,6.78,14.78,22.51,8770.769780741415,16.55908291378615,-140.9531070691178,27,2
2012-03-21 03:13:00.724767+00:00,6.82,14.87,22.65,9767.418648368966,16.55908291378615,-140.9531070691178,27,3
2012-03-21 03:14:00.724767+00:00,6.52,14.24,21.71,8770.769780741415,16.55908291378615,-140.9531070691178,25,3
2012-03-21 03:15:00.724767+00:00,6.55,14.31,21.8,9534.404708482369,16.596590135111896,-140.8780926264663,24,3
2012-03-21 03:16:00.724767+00:00,6.63,14.46,22.04,8757.604851866738,16.596590135111896,-140.8780926264663,24,2
2012-03-21 03:17:00.724767+00:00,17.01,35.37,40.0,8699.392945302752,16.38884654207927,-141.29357981253156,23,2
2012-03-21 03:18:00.724767+00:00,7.14,15.52,23.64,8681.151184722466,16.47396472793271,-141.12334344082467,20,2
2012-03-21 03:19:00.724767+00:00,7.15,15.55,23.69,8662.90942414218,16.38884654207927,-141.29357981253156,17,2
2012-03-21 03:20:00.724767+00:00,7.12,15.49,23.59,6894.6062388803775,15.71987141086717,-142.63153007495578,17,2
2012-03-21 03:21:00.724767+00:00,17.03,35.42,40.0,7618.621744763735,16.54472321231104,-140.981826472068,16,2
2012-03-21 03:25:00.724767+00:00,7.44,16.14,24.58,5386.529862597033,16.38884654207927,-141.29357981253156,17,2
2012-03-21 03:26:00.724767+00:00,7.41,16.08,24.48,5599.355863648932,16.70059988254281,-140.67007313160448,17,2
2012-03-21 03:27:00.724767+00:00,7.29,15.83,24.11,7805.470346613206,16.810401833954312,-140.4504692287815,17,2
2012-03-21 03:28:00.724767+00:00,7.26,15.77,24.02,7805.470346613206,16.810401833954312,-140.4504692287815,19,2
2012-03-21 03:29:00.724767+00:00,7.21,15.68,23.88,7805.470346613206,16.94986719132137,-140.17153851404737,21,3
2012-03-21 03:30:00.724767+00:00,7.15,15.55,23.69,7805.470346613206,16.94986719132137,-140.17153851404737,21,2
2012-03-21 03:31:00.724767+00:00,7.09,15.43,23.5,7630.278717727884,17.1940354547379,-139.68320198721432,22,2
2012-03-21 03:32:00.724767+00:00,7.03,15.31,23.31,8478.0381724839,17.312031021914365,-139.44721085286136,22,2
2012-03-21 03:33:00.724767+00:00,7.05,15.34,23.36,9318.058226342731,17.44110409937935,-139.1890646979314,22,2
2012-03-21 03:34:00.724767+00:00,7.03,15.31,23.31,9551.708601241997,17.192966550521547,-139.685339795647,23,2
2012-03-21 03:35:00.724767+00:00,7.05,15.34,23.36,9888.193152923508,17.44465821180297,-139.18195647308414,22,2
2012-03-21 03:36:00.724767+00:00,7.05,15.34,23.36,10025.14070886579,17.657539280478684,-138.75619433573274,22,3
2012-03-21 03:37:00.724767+00:00,7.09,15.43,23.5,10025.14070886579,17.657539280478684,-138.75619433573274,22,2
2012-03-21 03:38:00.724767+00:00,7.11,15.46,23.55,10089.11890486554,17.192966550521547,-139.685339795647,23,2
2012-03-21 03:39:00.724767+00:00,7.12,15.49,23.59,10207.45142256818,17.192966550521547,-139.685339795647,23,3
2012-03-21 03:40:00.724767+00:00,7.17,15.59,23.73,10270.397312560232,17.189412438097925,-139.69244802049425,24,2
2012-03-21 03:41:00.724767+00:00,7.15,15.55,23.69,10677.221014326522,17.192966550521547,-139.685339795647,23,2
2012-03-21 03:42:00.724767+00:00,7.18,15.62,23.78,11019.577103773016,17.210813019854367,-139.64964685698135,22,3
2012-03-21 03:43:00.724767+00:00,7.17,15.59,23.73,11988.500332918102,17.210813019854367,-139.64964685698135,20,2
2012-03-21 03:44:00.724767+00:00,7.23,15.71,23.92,12668.784317265028,17.228659489187187,-139.61395391831573,17,2
2012-03-21 03:45:00.724767+00:00,7.21,15.68,23.88,12668.784317265028,17.228659489187187,-139.61395391831573,17,3
2012-03-21 03:46:00.724767+00:00,7.27,15.8,24.06,13412.230260418211,17.963427145255572,-138.14441860617893,18,2
2012-03-21 03:50:00.724767+00:00,17.13,35.61,40.0,17842.091167869527,18.92140300616145,-136.22846688436718,16,2
2012-03-21 03:51:00.724767+00:00,17.13,35.61,40.0,18982.86887175877,19.01960902367625,-136.0320548493376,16,2
2012-03-21 03:52:00.724767+00:00,17.18,35.7,40.0,20070.422206395007,19.023506787299983,-136.02425932209013,17,3
2012-03-21 03:53:00.724767+00:00,17.15,35.65,40.0,20070.422206395007,19.023506787299983,-136.02425932209013,19,2
2012-03-21 03:54:00.724767+00:00,17.15,35.65,40.0,18982.86887175877,19.01960902367625,-136.0320548493376,22,2
2012-03-21 03:55:00.724767+00:00,17.18,35.7,40.0,22062.32663605833,19.322042428117225,-135.42718804045563,22,2
2012-03-21 03:56:00.724767+00:00,17.2,35.75,40.0,20070.422206395007,19.023506787299983,-136.02425932209013,21,2
2012-03-21 03:57:00.724767+00:00,17.2,35.75,40.0,20070.422206395007,19.023506787299983,-136.02425932209013,21,2
2012-03-21 03:58:00.724767+00:00,17.22,35.8,40.0,20070.422206395007,19.015711260052512,-136.03985037658506,21,3
2012-03-21 03:59:00.724767+00:00,17.2,35.75,40.0,20070.422206395007,19.015711260052512,-136.03985037658506,21,2
2012-03-21 04:00:00.724767+00:00,17.22,35.8,40.0,21976.97735813543,19.22364369910534,-135.6239854984794,22,2
2012-03-21 04:01:00.724767+00:00,17.22,35.8,40.0,20024.53782532637,19.042829969904965,-135.98561295688015,22,2
2012-03-21 04:02:00.724767+00:00,17.25,35.84,40.0,20024.53782532637,19.042829969904965,-135.98561295688015,22,2
2012-03-21 04:03:00.724767+00:00,17.3,35.94,40.0,20024.53782532637,19.042829969904965,-135.98561295688015,22,2
2012-03-21 04:04:00.724767+00:00,17.3,35.94,40.0,20149.352000103525,19.24947604303612,-135.57232081061787,21,2
2012-03-21 04:05:00.724767+00:00,17.22,35.8,40.0,20149.352000103525,19.24947604303612,-135.57232081061787,21,2
2012-03-21 04:06:00.724767+00:00,17.22,35.8,40.0,19899.723650549207,19.117535525650677,-135.83620184538876,21,3
2012-03-21 04:07:00.724767+00:00,17.2,35.75,40.0,19469.82958763413,18.97685971121224,-136.1175534742656,20,2
2012-03-21 04:08:00.724767+00:00,17.13,35.61,40.0,19469.82958763413,18.961795289112903,-136.1476823184643,18,2
2012-03-21 04:09:00.724767+00:00,7.57,16.42,25.0,17195.447139426105,18.508825881572385,-137.0536211335453,18,2
2012-03-21 04:10:00.724767+00:00,17.3,35.94,40.0,15350.958754133166,18.21159671056963,-137.64807947555084,17,3
2012-03-21 04:14:00.724767+00:00,17.37,36.08,40.0,17772.441936965097,18.933687653839463,-136.20389758901115,18,2
2012-03-21 04:15:00.724767+00:00,17.37,36.08,40.0,17772.441936965097,18.933687653839463,-136.20389758901115,18,2
2012-03-21 04:16:00.724767+00:00,17.39,36.13,40.0,17772.441936965097,18.933687653839463,-136.20389758901115,18,2
2012-03-21 04:17:00.724767+00:00,17.37,36.08,40.0,18083.633464197654,18.997237767891285,-136.0767973609075,19,2
2012-03-21 04:18:00.724767+00:00,17.37,36.08,40.0,18083.633464197654,18.997237767891285,-136.0767973609075,21,2
2012-03-21 04:19:00.724767+00:00,17.34,36.03,40.0,22721.55253089001,19.13518180253364,-135.80090929162284,21,3
2012-03-21 04:20:00.724767+00:00,17.32,35.99,40.0,17917.71958993315,18.845585852155036,-136.38010119238,22,2
2012-03-21 04:21:00.724767+00:00,17.3,35.94,40.0,17917.71958993315,18.809958030355183,-136.4513568359797,22,2
2012-03-21 04:22:00.724767+00:00,17.3,35.94,40.0,17470.78934731101,18.58925370475596,-136.89276548717817,22,2
2012-03-21 04:23:00.724767+00:00,17.25,35.84,40.0,16397.49722043075,18.5600758339258,-136.9511212288385,21,3
2012-03-21 04:24:00.724767+00:00,17.27,35.89,40.0,15545.18467140476,18.29233271111308,-137.48660747446394,22,2
2012-03-21 04:25:00.724767+00:00,17.27,35.89,40.0,14763.01043137557,18.02907225469231,-138.01312838730547,22,2
2012-03-21 04:26:00.724767+00:00,17.27,35.89,40.0,13437.047894488524,17.806412188131944,-138.4584485204262,22,2
2012-03-21 04:27:00.724767+00:00,17.3,35.94,40.0,13223.952951843225,17.660334520059912,-138.75060385657028,22,2
2012-03-21 04:28:00.724767+00:00,17.3,35.94,40.0,12848.809144866806,17.59040916199686,-138.89045457269637,22,2
2012-03-21 04:29:00.724767+00:00,17.3,35.94,40.0,10771.174475496762,17.439364945476513,-139.19254300573706,22,3
2012-03-21 04:30:00.724767+00:00,17.32,35.99,40.0,9882.887852383148,17.158071958363614,-139.75512897996288,21,2
2012-03-21 04:31:00.724767+00:00,17.34,36.03,40.0,7781.582648268207,16.915270029556282,-140.24073283757753,22,2
2012-03-21 04:32:00.724767+00:00,17.39,36.13,40.0,7412.221512329627,16.852560298696094,-140.3661522992979,21,2
2012-03-21 04:33:00.724767+00:00,17.39,36.13,40.0,7041.231624149681,16.836118346908883,-140.39903620287234,19,2
2012-03-21 04:34:00.724767+00:00,17.34,36.03,40.0,6162.905578423936,16.264392220631954,-141.5424884554262,16,2
2012-03-21 04:35:00.724767+00:00,17.42,36.18,40.0,5461.621633302086,15.72588251489518,-142.61950786689974,16,3
2012-03-21 04:36:00.724767+00:00,17.49,36.32,40.0,5491.090028834974,15.866735061550052,-142.33780277359,16,2
2012-03-21 04:40:00.724767+00:00,17.59,36.51,40.0,5537.080963729743,16.18378045933408,-141.70371197802194,17,2
2012-03-21 04:41:00.724767+00:00,17.56,36.47,40.0,6161.517608397464,16.405564607506022,-141.26014368167807,16,2
2012-03-21 04:42:00.724767+00:00,17.54,36.42,40.0,6410.514218124769,16.598399504562455,-140.8744738875652,17,2
2012-03-21 04:43:00.724767+00:00,17.51,36.37,40.0,6742.704490586423,16.44810662935159,-141.17505963798692,19,2
2012-03-21 04:44:00.724767+00:00,17.49,36.32,40.0,7033.09692188429,16.44810662935159,-141.17505963798692,21,2
2012-03-21 04:45:00.724767+00:00,17.46,36.27,40.0,7305.772972677896,16.44810662935159,-141.17505963798692,21,3
2012-03-21 04:46:00.724767+00:00,17.44,36.22,40.0,7547.765449490322,16.44810662935159,-141.17505963798692,21,2
2012-03-21 04:47:00.724767+00:00,17.46,36.27,40.0,7743.445615237557,16.61287413012021,-140.84552463644968,22,2
2012-03-21 04:48:00.724767+00:00,17.44,36.22,40.0,8263.484745367712,16.632205405919215,-140.80686208485167,22,2
2012-03-21 04:49:00.724767+00:00,17.39,36.13,40.0,8919.695472536117,16.73647554630604,-140.598321804078,22,2
2012-03-21 04:50:00.724767+00:00,17.42,36.18,40.0,9633.918244968145,16.962346067735684,-140.14658076121873,21,2
2012-03-21 04:51:00.724767+00:00,17.44,36.22,40.0,10406.414547623122,17.042060372747414,-139.98715215119526,21,3
2012-03-21 04:52:00.724767+00:00,17.46,36.27,40.0,10458.727502504877,17.190643462910153,-139.6899859708698,21,2
2012-03-21 04:53:00.724767+00:00,17.46,36.27,40.0,10582.704406851142,17.261700536782506,-139.5478718231251,22,2
2012-03-21 04:54:00.724767+00:00,17.49,36.32,40.0,10582.704406851142,17.326482791789815,-139.41830731311046,22,2
2012-03-21 04:55:00.724767+00:00,17.49,36.32,40.0,10582.704406851142,17.391967073934495,-139.2873387488211,22,2
2012-03-21 04:56:00.724767+00:00,17.49,36.32,40.0,10582.704406851142,17.44751315518287,-139.17624658632434,22,2
2012-03-21 04:57:00.724767+00:00,17.49,36.32,40.0,10458.727502504877,17.331607973794824,-139.40805694910046,21,2
2012-03-21 04:58:00.724767+00:00,17.51,36.37,40.0,10458.727502504877,17.331607973794824,-139.40805694910046,19,3
2012-03-21 04:59:00.724767+00:00,17.54,36.42,40.0,10406.414547623122,17.3213576097848,-139.4285576771205,17,2
2012-03-21 05:00:00.724767+00:00,17.54,36.42,40.0,9227.07328032789,16.854404810182167,-140.36246327632574,16,2
2012-03-21 05:01:00.724767+00:00,17.59,36.51,40.0,9097.060237154506,16.98675789585942,-140.0977571049713,16,2
2012-03-21 05:05:00.724767+00:00,17.66,36.66,40.0,11683.592720072094,17.664015436457237,-138.74324202377562,16,2
2012-03-21 05:06:00.724767+00:00,17.68,36.71,40.0,12502.508120797878,17.70131721263828,-138.66863847141354,16,3
2012-03-21 05:07:00.724767+00:00,17.68,36.71,40.0,12951.630082965808,17.755399113617944,-138.5604746694542,16,2
2012-03-21 05:08:00.724767+00:00,17.68,36.71,40.0,12951.630082965808,17.755399113617944,-138.5604746694542,18,2
2012-03-21 05:09:00.724767+00:00,17.68,36.71,40.0,12975.575768761468,17.773101232061414,-138.52507043256728,21,2
2012-03-21 05:10:00.724767+00:00,17.71,36.76,40.0,13716.262053106468,18.243549071628863,-137.58417475343236,22,2
2012-03-21 05:11:00.724767+00:00,17.71,36.76,40.0,13716.262053106468,18.243549071628863,-137.58417475343236,22,2
2012-03-21 05:12:00.724767+00:00,17.71,36.76,40.0,13424.65976175374,18.243549071628863,-137.58417475343236,22,2
2012-03-21 05:13:00.724767+00:00,17.71,36.76,40.0,12975.575768761468,18.445149174569945,-137.18097454755022,21,2
2012-03-21 05:14:00.724767+00:00,17.73,36.81,40.0,12975.575768761468,18.445149174569945,-137.18097454755022,21,2
2012-03-21 05:15:00.724767+00:00,17.73,36.81,40.0,11855.203446827456,17.737696995174474,-138.59587890634114,21,3
2012-03-21 05:16:00.724767+00:00,17.73,36.81,40.0,10979.898332096722,17.589565149187045,-138.892142598316,22,2
2012-03-21 05:17:00.724767+00:00,17.68,36.71,40.0,10296.477039586662,17.544536851923688,-138.98219919284273,22,2
2012-03-21 05:18:00.724767+00:00,17.68,36.71,40.0,9538.4660368958,17.44104129693897,-139.18919030281216,22,2
2012-03-21 05:19:00.724767+00:00,17.66,36.66,40.0,8619.192043598707,17.323573262526637,-139.42412637163682,21,2
2012-03-21 05:20:00.724767+00:00,17.63,36.61,40.0,8560.665101087798,17.22607562178839,-139.61912165311333,21,3
2012-03-21 05:21:00.724767+00:00,17.61,36.56,40.0,6926.3393587657465,17.07078740629982,-139.92969808409046,21,2
2012-03-21 05:22:00.724767+00:00,17.59,36.51,40.0,6641.951129874691,16.46213820349645,-141.1469964896972,21,2
2012-03-21 05:23:00.724767+00:00,17.56,36.47,40.0,5959.8419734967365,16.367157621235386,-141.33695765421933,19,2
2012-03-21 05:24:00.724767+00:00,17.54,36.42,40.0,5694.654461332302,16.229161326515282,-141.61295024365953,17,2
2012-03-21 05:25:00.724767+00:00,17.49,36.32,40.0,5694.654461332302,16.229161326515282,-141.61295024365953,15,2
2012-03-21 05:26:00.724767+00:00,17.44,36.22,40.0,5241.286540480353,16.087192669910714,-141.89688755686868,13,2
2012-03-21 05:31:00.724767+00:00,17.96,37.25,40.0,12565.331796987615,17.99247775011864,-138.0863173964528,14,2
2012-03-21 05:32:00.724767+00:00,17.96,37.25,40.0,13196.615400765037,18.31272097490444,-137.44583094688124,14,3
2012-03-21 05:33:00.724767+00:00,17.96,37.25,40.0,13196.615400765037,18.31272097490444,-137.44583094688124,16,2
2012-03-21 05:34:00.724767+00:00,17.96,37.25,40.0,13071.959117184204,18.127354248711114,-137.81656439926786,19,2
2012-03-21 05:35:00.724767+00:00,17.93,37.2,40.0,13071.959117184204,18.127354248711114,-137.81656439926786,21,2
2012-03-21 05:36:00.724767+00:00,17.93,37.2,40.0,12565.331796987615,18.22493241320406,-137.62140807028197,22,2
2012-03-21 05:37:00.724767+00:00,17.91,37.15,40.0,11350.229420293846,17.857601251526162,-138.35607039363776,21,2
2012-03-21 05:38:00.724767+00:00,17.91,37.15,40.0,10991.008460305584,17.65408770313918,-138.76309749041175,21,3
2012-03-21 05:39:00.724767+00:00,17.88,37.1,40.0,10342.679295617809,17.563153885671603,-138.9449651253469,21,2
2012-03-21 05:40:00.724767+00:00,17.83,37.0,40.0,9600.127448240935,17.46684174248671,-139.13758941171668,22,2
2012-03-21 05:41:00.724767+00:00,17.81,36.95,40.0,9600.127448240935,17.46684174248671,-139.13758941171668,22,2
2012-03-21 05:42:00.724767+00:00,17.78,36.9,40.0,9245.561652393564,17.421736941617674,-139.22779901345476,22,2
2012-03-21 05:43:00.724767+00:00,17.76,36.86,40.0,9245.561652393564,17.421736941617674,-139.22779901345476,22,2
2012-03-21 05:44:00.724767+00:00,17.71,36.76,40.0,9140.705263776768,17.409373387232325,-139.25252612222545,21,2
2012-03-21 05:45:00.724767+00:00,17.66,36.66,40.0,8726.309623841771,17.336051266514584,-139.39917036366094,21,3
2012-03-21 05:46:00.724767+00:00,17.59,36.51,40.0,8252.11508484422,17.105036784233036,-139.86119932822402,22,2
2012-03-21 05:47:00.724767+00:00,17.51,36.37,40.0,7569.460450372833,17.017149424458317,-140.03697404777347,22,2
2012-03-21 05:48:00.724767+00:00,17.46,36.27,40.0,7124.507112375219,16.745703523218868,-140.57986585025236,22,2
2012-03-21 05:49:00.724767+00:00,17.39,36.13,40.0,7039.1603762909945,16.374146517120845,-141.32297986244842,21,2
2012-03-21 05:50:00.724767+00:00,17.34,36.03,40.0,6755.758163159402,16.35263850829672,-141.36599588009665,18,3
2012-03-21 05:51:00.724767+00:00,7.71,16.7,25.42,6644.0989549783135,16.35263850829672,-141.36599588009665,16,2
2012-03-21 05:52:00.724767+00:00,17.27,35.89,40.0,6936.906422676822,16.331130499472597,-141.4090118977449,17,2
2012-03-21 05:53:00.724767+00:00,17.25,35.84,40.0,6936.906422676822,16.331130499472597,-141.4090118977449,17,2
2012-03-21 05:57:00.724767+00:00,17.03,35.42,40.0,7120.490276890508,16.346230617526217,-141.37881166163766,16,2
2012-03-21 05:58:00.724767+00:00,17.01,35.37,40.0,7382.894935812716,16.346230617526217,-141.37881166163766,16,3
2012-03-21 05:59:00.724767+00:00,16.94,35.23,40.0,8327.436018320815,16.379760072087592,-141.3117527525149,18,2
2012-03-21 06:00:00.724767+00:00,16.94,35.23,40.0,8343.966236593682,16.489509953258093,-141.0922529901739,20,2
2012-03-21 06:01:00.724767+00:00,16.94,35.23,40.0,8343.966236593682,16.53749278097405,-140.996287334742,22,2
2012-03-21 06:02:00.724767+00:00,16.92,35.19,40.0,8349.869824530322,16.537814480272587,-140.99564393614492,21,3
2012-03-21 06:03:00.724767+00:00,16.89,35.14,40.0,8349.869824530322,16.537814480272587,-140.99564393614492,21,2
2012-03-21 06:04:00.724767+00:00,16.89,35.14,40.0,8564.740759725843,16.65563499056435,-140.7600029155614,22,2
2012-03-21 06:05:00.724767+00:00,16.92,35.19,40.0,8472.041313532061,16.68307960747306,-140.70511368174397,22,2
2012-03-21 06:06:00.724767+00:00,16.92,35.19,40.0,8343.966236593682,16.77280456669668,-140.52566376329673,22,2
2012-03-21 06:07:00.724767+00:00,16.94,35.23,40.0,8277.605624800204,16.962559833892826,-140.14615322890444,22,2
2012-03-21 06:08:00.724767+00:00,7.57,16.42,25.0,8245.46932948375,16.992931387768188,-140.08541012115373,22,2
2012-03-21 06:09:00.724767+00:00,7.59,16.45,25.05,7695.943475964365,16.849770050586585,-140.37173279551692,21,2
2012-03-21 06:10:00.724767+00:00,7.61,16.49,25.09,7079.691568487746,16.79945122149405,-140.47237045370198,21,3
2012-03-21 06:11:00.724767+00:00,7.64,16.55,25.19,7063.792985973631,16.79945122149405,-140.47237045370198,21,2
2012-03-21 06:12:00.724767+00:00,7.67,16.61,25.28,6663.187252062165,16.79945122149405,-140.47237045370198,21,2
2012-03-21 06:13:00.724767+00:00,7.68,16.64,25.33,6356.114639748158,16.79945122149405,-140.47237045370198,21,2
2012-03-21 06:14:00.724767+00:00,7.7,16.67,25.37,6153.25870876913,16.779583425173033,-140.51210604634403,21,2
2012-03-21 06:15:00.724767+00:00,7.74,16.76,25.52,6153.25870876913,16.779583425173033,-140.51210604634403,21,2
2012-03-21 06:16:00.724767+00:00,7.76,16.8,25.56,5534.014598158521,16.267889080395893,-141.5354947358983,19,2
2012-03-21 06:17:00.724767+00:00,7.8,16.89,25.7,5534.014598158521,16.267889080395893,-141.5354947358983,17,2
2012-03-21 06:18:00.724767+00:00,7.8,16.89,25.7,5534.014598158521,16.267889080395893,-141.5354947358983,15,3
2012-03-21 06:19:00.724767+00:00,7.77,16.83,25.61,5102.472254011965,16.216792195789015,-141.63768850511207,15,2
2012-03-21 06:25:00.724767+00:00,7.48,16.24,24.72,2397.04615405156,13.764854889037588,-146.54156311861493,15,2
2012-03-21 06:26:00.724767+00:00,7.48,16.24,24.72,2937.8143417765286,13.969331949071384,-146.13260899854734,17,2
2012-03-21 06:27:00.724767+00:00,7.48,16.24,24.72,2937.8143417765286,13.969331949071384,-146.13260899854734,19,2
2012-03-21 06:28:00.724767+00:00,7.48,16.24,24.72,3111.1936542790854,13.969331949071384,-146.13260899854734,21,2
2012-03-21 06:29:00.724767+00:00,7.5,16.27,24.77,3411.6204867788774,14.344131433154615,-145.38301003038086,21,3
2012-03-21 06:30:00.724767+00:00,7.5,16.27,24.77,3513.8533611337407,14.474455855840104,-145.12236118500988,22,2
2012-03-21 06:31:00.724767+00:00,7.5,16.27,24.77,3795.557808637804,14.743192304770716,-144.58488828714866,22,2
2012-03-21 06:32:00.724767+00:00,7.5,16.27,24.77,4300.613753598856,14.90660320534736,-144.25806648599536,22,2
2012-03-21 06:33:00.724767+00:00,7.54,16.36,24.91,4403.839501741598,15.02446919436732,-144.02233450795546,21,3
2012-03-21 06:34:00.724767+00:00,7.48,16.24,24.72,4555.27840226808,15.172302859142226,-143.72666717840565,21,2
2012-03-21 06:35:00.724767+00:00,17.3,35.94,40.0,4947.532971584851,15.198037241220913,-143.67519841424826,22,2
2012-03-21 06:36:00.724767+00:00,17.27,35.89,40.0,5147.875959160339,15.672976917866189,-142.72531906095773,22,2
2012-03-21 06:37:00.724767+00:00,17.27,35.89,40.0,5621.289129845178,16.155672226344564,-141.759928444001,22,2
2012-03-21 06:38:00.724767+00:00,17.25,35.84,40.0,6114.998290452082,16.44370583525267,-141.18386122618475,22,2
2012-03-21 06:39:00.724767+00:00,17.3,35.94,40.0,7849.100756642627,16.648038003343245,-140.7751968900036,22,2
2012-03-21 06:40:00.724767+00:00,17.3,35.94,40.0,8493.88723755243,16.665733193782483,-140.73980650912517,21,3
2012-03-21 06:41:00.724767+00:00,17.27,35.89,40.0,8693.722893787744,16.66642803663101,-140.73841682342808,19,2
2012-03-21 06:42:00.724767+00:00,17.25,35.84,40.0,8951.751982092253,16.669242874092273,-140.73278714850557,17,2
2012-03-21 06:43:00.724767+00:00,17.22,35.8,40.0,8951.751982092253,16.669242874092273,-140.73278714850557,15,2
2012-03-21 06:44:00.724767+00:00,17.15,35.65,40.0,8951.751982092253,16.669242874092273,-140.73278714850557,13,2
2012-03-21 09:24:00.724767+00:00,12.49,26.37,39.97,1073.8754756775018,12.169056389366872,-149.73316011795634,15,3
2012-03-21 09:25:00.724767+00:00,12.45,26.3,39.87,1073.8754756775018,12.169056389366872,-149.73316011795634,17,2
2012-03-21 10:21:00.724767+00:00,12.91,27.21,40.0,1164.6162017910162,11.607540077560287,-150.85619274156954,20,2
2012-03-21 10:22:00.724767+00:00,12.91,27.21,40.0,1164.6162017910162,11.68911912527308,-150.69303464614393,22,2
2012-03-21 10:23:00.724767+00:00,12.91,27.21,40.0,1164.6162017910162,11.770475533869444,-150.53032182895123,22,2
2012-03-21 11:51:00.724767+00:00,12.95,27.29,40.0,1080.3658783161786,11.913922140761745,-150.2434286151666,17,2
2012-03-21 11:53:00.724767+00:00,12.95,27.29,40.0,1060.555490843082,11.913922140761745,-150.2434286151666,21,3
2012-03-21 11:54:00.724767+00:00,12.97,27.32,40.0,997.5582864600208,11.716331451789143,-150.6386099931118,21,2
2012-03-21 11:55:00.724767+00:00,13.0,27.4,40.0,918.9039627770412,11.561315724512744,-150.9486414476646,21,2
2012-03-21 11:56:00.724767+00:00,13.0,27.4,40.0,885.3552909153741,11.561315724512744,-150.9486414476646,19,2
2012-03-21 11:57:00.724767+00:00,13.0,27.4,40.0,885.3552909153741,11.561315724512744,-150.9486414476646,17,2
2012-03-21 11:58:00.724767+00:00,13.1,27.58,40.0,832.3679169386439,11.396534663811703,-151.2782035690667,14,2
2012-03-21 11:59:00.724767+00:00,13.1,27.58,40.0,790.274407568166,11.396534663811703,-151.2782035690667,12,3
2012-03-21 12:00:00.725084+00:00,13.15,27.7,40.0,1001.3646587884276,12.15142276439331,-151.32977535637767,13,2
2012-03-21 12:01:00.725084+00:00,7.94,17.17,26.12,1155.8626596524205,12.66112009296126,-150.3103806992418,15,2
2012-03-21 12:02:00.725084+00:00,7.88,17.04,25.94,1310.3529166749274,12.68267652667224,-150.26726783181982,17,2
2012-03-21 12:03:00.725084+00:00,7.85,16.98,25.84,1311.4581412888283,12.68267652667224,-150.26726783181982,19,2
2012-03-21 12:04:00.725084+00:00,7.85,16.98,25.84,1311.4581412888283,12.68267652667224,-150.26726783181982,19,2
2012-03-21 12:05:00.725084+00:00,7.85,16.98,25.84,1359.4333767528033,12.82151164986422,-149.98959758543586,17,3
2012-03-21 12:06:00.725084+00:00,7.85,16.98,25.84,1424.849913255452,12.936207596719209,-149.7602056917259,16,2
2012-03-21 12:07:00.725084+00:00,13.1,27.58,40.0,1559.2769354583063,13.401105691386196,-148.8304095023919,16,2
2012-03-21 12:11:00.725084+00:00,0.0,0.02,0.02,2122.398386979525,13.717539821886964,-148.19754124139035,15,2
2012-03-21 12:12:00.725084+00:00,0.0,0.01,0.02,2004.544006774316,13.717539821886964,-148.19754124139035,15,2
2012-03-21 12:13:00.725084+00:00,0.0,0.01,0.02,1758.7647849180908,13.676085399360122,-148.28045008644403,16,3
2012-03-21 12:15:00.725084+00:00,36.9,40.0,0.17,1758.7647849180908,13.676085399360122,-148.28045008644403,18,2
2012-03-21 12:16:00.725084+00:00,36.9,40.0,0.17,1760.463775200022,13.717539821886964,-148.19754124139035,17,2
2012-03-21 12:17:00.725084+00:00,36.9,40.0,0.17,1705.3898480003609,13.558991555649214,-148.51463777386587,16,3
2012-03-21 12:18:00.725084+00:00,36.9,40.0,0.17,1607.565174352404,13.480655014632529,-148.67131085589924,16,2
2012-03-21 12:22:00.725084+00:00,36.9,40.0,0.17,1427.4394359839123,12.764106766252093,-150.1044073526601,17,2
2012-03-21 12:23:00.725084+00:00,36.9,40.0,0.17,1416.0381523267424,13.068877629910537,-149.4948656253432,16,3
2012-03-21 12:24:00.725084+00:00,36.9,40.0,0.17,1272.6882585834232,13.03203819553871,-149.56854449408686,16,2
2012-03-21 12:25:00.725084+00:00,40.0,0.07,0.17,1239.8712946533226,12.690427897508448,-150.2517650901474,19,2
2012-03-21 12:26:00.725084+00:00,3.14,7.02,10.74,1182.5870683438684,12.690427897508448,-150.2517650901474,21,2
2012-03-21 12:27:00.725084+00:00,14.1,29.58,40.0,1118.8468145731513,13.165946751753271,-149.30072738165777,21,2
2012-03-21 12:28:00.725084+00:00,14.16,29.7,40.0,950.915102066998,12.73361568533572,-150.16538951449286,19,3
2012-03-21 13:38:00.725084+00:00,13.06,27.51,40.0,878.6638660027581,12.813473579520164,-150.00567372612397,13,3
2012-03-21 13:52:00.725084+00:00,13.27,27.92,40.0,909.6428017377084,12.300175092361762,-151.0322707004408,17,2
2012-03-21 13:53:00.725084+00:00,13.3,28.0,40.0,976.7806564518304,12.434359287508284,-150.76390231014773,17,2
2012-03-21 16:17:00.725084+00:00,15.74,32.85,40.0,1078.6062109354734,12.996348280116152,-149.639924324932,18,2
2012-03-21 16:18:00.725084+00:00,15.83,33.02,40.0,1078.6062109354734,12.8421347160317,-149.9483514531009,18,2
2012-03-21 16:19:00.725084+00:00,15.89,33.15,40.0,1101.4342600186883,12.95628497867326,-149.7200509278178,17,2
2012-03-21 16:20:00.725084+00:00,15.87,33.11,40.0,1078.6062109354734,12.8421347160317,-149.9483514531009,18,2
2012-03-21 22:21:00.725084+00:00,11.95,25.3,38.36,1138.429807680826,13.001826085846508,-149.6289687134713,19,2
2012-03-21 22:22:00.725084+00:00,11.94,25.26,38.31,1167.98605467143,12.887920822931278,-149.85677923930177,20,2
2012-03-21 22:23:00.725084+00:00,11.9,25.19,38.2,1225.716697529821,13.159215696416922,-149.31418949233046,20,2
2012-03-21 22:25:00.725084+00:00,11.83,25.05,37.99,1140.1554371928544,12.655692118948842,-150.32123664726663,20,2
2012-03-21 22:26:00.725084+00:00,11.76,24.91,37.78,1128.7886616481933,12.655692118948842,-150.32123664726663,20,2
2012-03-21 22:56:00.725084+00:00,5.5,12.1,18.46,796.1472035727425,12.046050643953514,-151.5405195972573,8,2
2012-03-22 17:59:00.725718+00:00,11.67,24.74,37.52,1236.3934248209302,11.960987128675884,-149.55050606925408,16,2
2012-03-22 18:00:00.725718+00:00,11.67,24.74,37.52,1261.1536834932958,11.980486347142312,-149.5115076323212,17,2
2012-03-22 18:01:00.725718+00:00,11.67,24.74,37.52,1218.0346251442145,11.980486347142312,-149.5115076323212,19,2
2012-03-22 18:02:00.725718+00:00,11.69,24.77,37.57,1214.8338956463897,12.001603424168106,-149.4692734782696,20,2
2012-03-22 18:03:00.725718+00:00,11.67,24.74,37.52,1178.8541341728233,11.889270522056515,-149.6939392824928,20,2
2012-03-22 20:46:00.725718+00:00,14.58,30.54,40.0,719.4082301367396,12.242007450060315,-148.9884654264852,19,2
2012-03-22 22:11:00.725718+00:00,13.12,27.62,40.0,1086.983908728346,11.983287763835236,-149.50590479893538,17,2
2012-03-22 22:16:00.725718+00:00,13.15,27.7,40.0,1262.9746702731609,12.38882024922382,-148.6948398281582,15,2
2012-03-22 22:20:00.725718+00:00,13.15,27.7,40.0,1232.824203333282,13.01791250982193,-147.43665530696197,15,2
2012-03-22 22:21:00.725718+00:00,13.15,27.7,40.0,1194.4947912276743,12.69626799927002,-148.07994432806578,15,2
2012-03-22 22:22:00.725718+00:00,13.19,27.77,40.0,1098.4044218275594,12.67677149051909,-148.11893734556764,14,2
2012-03-22 22:23:00.725718+00:00,13.17,27.73,40.0,1096.6870270877748,12.657274981768165,-148.1579303630695,15,2
2012-03-22 23:01:00.725718+00:00,12.76,26.92,40.0,1045.935688639103,11.67193432424177,-150.1286116781223,12,2
2012-03-22 23:02:00.725718+00:00,12.8,26.99,40.0,1045.935688639103,11.67193432424177,-150.1286116781223,12,2
2012-03-22 23:24:00.725718+00:00,39.98,40.0,0.17,966.2590972135052,11.559031819583486,-150.35441668743886,14,2
2012-03-22 23:25:00.725718+00:00,39.98,40.0,0.17,999.71776440564,11.90322668239531,-149.66602696181522,15,2
2012-03-22 23:26:00.725718+00:00,39.98,40.0,0.17,1063.5297044561153,12.668019795970713,-148.1364407346644,16,2
2012-03-22 23:27:00.725718+00:00,39.98,40.0,0.17,1143.128475455162,13.065362235866823,-147.3417558548722,17,2
2012-03-22 23:30:00.725718+00:00,39.98,40.0,0.17,1836.5279221055573,13.621645646753468,-146.2291890330989,17,2
2012-03-22 23:31:00.725718+00:00,39.98,40.0,0.17,1891.2505376965037,13.621645646753468,-146.2291890330989,17,2
2012-03-22 23:32:00.725718+00:00,39.98,40.0,0.17,1891.2505376965037,13.681344221791536,-146.10979188302275,17,2
2012-03-22 23:33:00.725718+00:00,39.98,40.0,0.17,1929.337346306744,13.847346380869055,-145.7777875648677,18,2
2012-03-22 23:34:00.725718+00:00,12.78,26.95,40.0,1899.455423960124,13.677876865083816,-146.11672659643818,20,2
2012-03-22 23:35:00.725718+00:00,12.86,27.1,40.0,1733.4091852349477,13.32970767429364,-146.81306497801853,18,2
2012-03-22 23:37:00.725718+00:00,12.86,27.1,40.0,1741.6140714985677,13.32970767429364,-146.81306497801853,16,2
2012-03-22 23:38:00.725718+00:00,12.8,26.99,40.0,1926.956140204724,13.523778039459405,-146.42492424768702,16,2
2012-03-22 23:39:00.725718+00:00,12.8,26.99,40.0,1926.956140204724,13.523778039459405,-146.42492424768702,16,2
2012-03-22 23:42:00.725718+00:00,12.75,26.88,40.0,1907.660310223744,13.373146570542714,-146.72618718552042,15,2
2012-03-22 23:43:00.725718+00:00,12.73,26.84,40.0,1907.660310223744,13.373146570542714,-146.72618718552042,15,2
2012-03-22 23:44:00.725718+00:00,12.69,26.77,40.0,1946.251970185704,13.373146570542714,-146.72618718552042,15,2
2012-03-22 23:45:00.725718+00:00,12.69,26.77,40.0,1946.251970185704,13.373146570542714,-146.72618718552042,17,2
2012-03-22 23:46:00.725718+00:00,12.69,26.77,40.0,1946.251970185704,13.373146570542714,-146.72618718552042,19,2
2012-03-22 23:47:00.725718+00:00,12.69,26.77,40.0,1725.4326203475396,13.373146570542714,-146.72618718552042,19,2
2012-03-22 23:48:00.725718+00:00,12.71,26.81,40.0,1691.410162633313,13.331018818056483,-146.81044269049286,19,2
2012-03-22 23:49:00.725718+00:00,12.71,26.81,40.0,1548.00702308873,12.908256170527626,-147.6559679855506,19,2
2012-03-22 23:50:00.725718+00:00,12.69,26.77,40.0,1471.8943535664168,12.827137262658647,-147.81820580128854,19,2
2012-03-22 23:51:00.725718+00:00,12.67,26.73,40.0,1383.630893095528,12.804675297462172,-147.8631297316815,20,2
2012-03-22 23:52:00.725718+00:00,12.67,26.73,40.0,1288.2104499433583,12.619788894109094,-148.23290253838763,19,2
2012-03-22 23:53:00.725718+00:00,12.69,26.77,40.0,1103.8889691863824,12.38727107648836,-148.6979381736291,18,2
2012-03-22 23:54:00.725718+00:00,12.69,26.77,40.0,1015.9131528064496,12.05231270334846,-149.36785491990892,16,2
2012-03-22 23:56:00.725718+00:00,12.73,26.84,40.0,872.5570620332628,11.67351126339301,-150.1254577998198,12,2
2012-03-23 00:06:00.726035+00:00,12.76,26.92,40.0,818.592018549459,12.05600440830546,-149.41734701791307,15,2
2012-03-23 00:07:00.726035+00:00,12.76,26.92,40.0,818.592018549459,12.05600440830546,-149.41734701791307,17,2
2012-03-23 00:08:00.726035+00:00,12.75,26.88,40.0,818.592018549459,12.05600440830546,-149.41734701791307,19,2
2012-03-23 00:09:00.726035+00:00,12.73,26.84,40.0,859.482659567894,12.264817009325968,-148.99972181587208,20,2
2012-03-23 00:14:00.726035+00:00,12.71,26.81,40.0,1007.7915132173208,12.620450807541491,-148.288454219441,20,2
2012-03-23 00:16:00.726035+00:00,12.67,26.73,40.0,1067.532825764969,12.541382345085124,-148.44659114435376,20,2
2012-03-23 00:17:00.726035+00:00,12.65,26.7,40.0,1127.8553833560045,12.541382345085124,-148.44659114435376,20,2
2012-03-23 00:25:00.726035+00:00,12.69,26.77,40.0,1284.8251633131554,13.042539654868852,-147.4442765247863,15,2
2012-03-23 00:26:00.726035+00:00,12.71,26.81,40.0,1284.8251633131554,13.12231975155218,-147.28471633141965,15,2
2012-03-23 00:27:00.726035+00:00,12.71,26.81,40.0,1495.4600921089068,13.640340476167175,-146.24867488218968,14,2
2012-03-23 00:28:00.726035+00:00,12.69,26.77,40.0,1495.4600921089068,13.640340476167175,-146.24867488218968,16,2
2012-03-23 00:29:00.726035+00:00,12.69,26.77,40.0,1495.4600921089068,13.619430519780686,-146.29049479496263,18,2
2012-03-23 00:30:00.726035+00:00,12.71,26.81,40.0,1706.0950209046582,13.938261741107889,-145.65283235230822,19,2
2012-03-23 00:31:00.726035+00:00,12.69,26.77,40.0,1706.0950209046582,13.938261741107889,-145.65283235230822,19,2
2012-03-23 00:33:00.726035+00:00,12.67,26.73,40.0,1596.3738434101442,13.611851209580603,-146.3056534153628,18,2
2012-03-23 00:34:00.726035+00:00,12.67,26.73,40.0,1596.3738434101442,13.611851209580603,-146.3056534153628,18,2
2012-03-23 00:35:00.726035+00:00,12.69,26.77,40.0,1469.450304042094,13.611851209580603,-146.3056534153628,18,2
2012-03-23 00:37:00.726035+00:00,12.71,26.81,40.0,1291.1674808737232,13.285440678053318,-146.95847447841737,19,2
2012-03-23 00:38:00.726035+00:00,12.73,26.84,40.0,1291.1674808737232,13.285440678053318,-146.95847447841737,19,2
2012-03-23 00:42:00.726035+00:00,12.75,26.88,40.0,1308.2588776020268,13.361762749920247,-146.80583033468352,16,2
2012-03-23 00:46:00.726035+00:00,12.75,26.88,40.0,1498.141538767013,13.459454973343682,-146.61044588783665,16,2
2012-03-23 00:47:00.726035+00:00,12.73,26.84,40.0,1540.123842213281,13.515806856529618,-146.49774212146477,16,2
2012-03-23 00:48:00.726035+00:00,12.67,26.73,40.0,1540.123842213281,13.515806856529618,-146.49774212146477,16,2
2012-03-23 00:49:00.726035+00:00,12.67,26.73,40.0,1540.123842213281,13.362064620136806,-146.8052265942504,16,2
2012-03-23 00:50:00.726035+00:00,12.65,26.7,40.0,1540.123842213281,13.362064620136806,-146.8052265942504,18,2
2012-03-23 00:52:00.726035+00:00,12.64,26.66,40.0,1533.214361279459,13.411811541774185,-146.70573275097564,19,2
2012-03-23 00:53:00.726035+00:00,12.6,26.59,40.0,1426.6839211658512,13.411811541774185,-146.70573275097564,19,2
2012-03-23 00:54:00.726035+00:00,12.6,26.59,40.0,1341.1835528630827,13.222792980037203,-147.0837698744496,18,2
2012-03-23 00:55:00.726035+00:00,12.56,26.52,40.0,1242.5433721903155,13.03112558784102,-147.46710465884195,18,2
2012-03-23 00:56:00.726035+00:00,12.51,26.41,40.0,1157.6504001552769,12.902303968027583,-147.72474789846882,18,2
2012-03-23 01:07:00.726035+00:00,12.31,26.01,39.43,1545.6173857360873,13.072745496452862,-147.38386484161828,14,2
2012-03-23 01:08:00.726035+00:00,12.33,26.05,39.49,1627.5392640092073,13.299092495493472,-146.93117084353705,14,2
2012-03-23 01:09:00.726035+00:00,12.33,26.05,39.49,1603.9794295894496,13.51418943423042,-146.50097696606315,15,2
2012-03-23 01:10:00.726035+00:00,12.35,26.08,39.54,1475.005308225745,13.51418943423042,-146.50097696606315,17,2
2012-03-23 01:11:00.726035+00:00,12.38,26.15,39.65,1440.1356730432096,13.51418943423042,-146.50097696606315,19,2
2012-03-23 01:12:00.726035+00:00,12.47,26.33,39.92,1327.2290367996784,13.51418943423042,-146.50097696606315,19,2
2012-03-23 01:15:00.726035+00:00,12.64,26.66,40.0,1189.5532915636686,13.04427763088118,-147.44080057276165,20,2
2012-03-23 01:18:00.726035+00:00,12.64,26.66,40.0,793.2571289579951,12.384147076749436,-148.76106168102513,18,2
2012-03-23 01:29:00.726035+00:00,12.67,26.73,40.0,1266.3067584238938,12.704556662672568,-148.1202425091789,13,2
2012-03-23 01:30:00.726035+00:00,12.62,26.62,40.0,1433.707901004439,13.615748345563688,-146.2978591433966,13,2
2012-03-23 01:32:00.726035+00:00,12.56,26.52,40.0,1542.1386650991053,13.483286214211446,-146.56278340610112,17,2
2012-03-23 01:33:00.726035+00:00,12.56,26.52,40.0,1441.672766812483,13.483286214211446,-146.56278340610112,19,2
2012-03-23 01:35:00.726035+00:00,12.53,26.44,40.0,1276.2092515442232,13.261861835782891,-147.00563216295822,20,2
2012-03-23 01:36:00.726035+00:00,12.49,26.37,39.97,1300.6058279587623,13.483286214211446,-146.56278340610112,19,2
2012-03-23 01:37:00.726035+00:00,12.47,26.33,39.92,1251.8126751296838,13.483286214211446,-146.56278340610112,19,2
2012-03-23 01:47:00.726035+00:00,12.53,26.44,40.0,1088.4776443427445,12.991513967148782,-147.54632790022643,14,2
2012-03-23 01:51:00.726035+00:00,12.4,26.19,39.7,1637.0641466751956,13.695767074942204,-146.1378216846396,18,3
2012-03-23 01:52:00.726035+00:00,12.44,26.26,39.81,1580.7710294777085,13.499032302610011,-146.53129122930395,20,2
2012-03-23 01:53:00.726035+00:00,12.42,26.23,39.76,1637.0641466751956,13.499032302610011,-146.53129122930395,20,3
2012-03-23 01:54:00.726035+00:00,12.49,26.37,39.97,1637.0641466751956,13.499032302610011,-146.53129122930395,22,3
2012-03-23 01:55:00.726035+00:00,12.53,26.44,40.0,1637.0641466751956,13.499032302610011,-146.53129122930395,24,3
2012-03-23 01:56:00.726035+00:00,12.54,26.48,40.0,1687.792746024449,13.52588811172829,-146.47757961106743,25,3
2012-03-23 01:57:00.726035+00:00,12.56,26.52,40.0,1576.9518828558848,13.568415121616432,-146.39252559129113,24,2
2012-03-23 01:58:00.726035+00:00,12.6,26.59,40.0,1567.568218385827,13.52588811172829,-146.47757961106743,25,2
2012-03-23 02:00:00.726035+00:00,12.64,26.66,40.0,1567.568218385827,13.366845893909623,-146.79566404670476,23,3
2012-03-23 02:02:00.726035+00:00,12.65,26.7,40.0,1423.268564135799,13.262769902937858,-147.0038160286483,21,3
2012-03-23 02:03:00.726035+00:00,12.69,26.77,40.0,1273.9298223458711,13.262769902937858,-147.0038160286483,21,3
2012-03-23 02:05:00.726035+00:00,12.69,26.77,40.0,1274.8397378123716,13.262769902937858,-147.0038160286483,19,2
2012-03-23 02:06:00.726035+00:00,12.69,26.77,40.0,1274.8397378123716,13.262769902937858,-147.0038160286483,17,2
2012-03-23 02:07:00.726035+00:00,12.73,26.84,40.0,1392.3702481662465,13.531907798851629,-146.46554023682074,17,2
2012-03-23 02:08:00.726035+00:00,12.73,26.84,40.0,1552.1711008431098,13.56931512885181,-146.3907255768204,16,2
2012-03-23 02:09:00.726035+00:00,12.75,26.88,40.0,1554.443725521084,13.667813190310651,-146.19372945390268,16,2
2012-03-23 02:12:00.726035+00:00,12.76,26.92,40.0,1689.201757586952,13.947108263879944,-145.6351393067641,16,2
2012-03-23 02:13:00.726035+00:00,12.76,26.92,40.0,1911.3033266358807,14.27253480727371,-144.98428621997658,16,2
2012-03-23 02:14:00.726035+00:00,12.75,26.88,40.0,2064.330990047832,14.488779985458144,-144.5517958636077,17,2
2012-03-23 02:15:00.726035+00:00,12.75,26.88,40.0,2255.2551368990216,14.64322111666814,-144.24291360118772,18,2
2012-03-23 02:16:00.726035+00:00,12.75,26.88,40.0,2547.985499940645,15.230152604247005,-143.06905062603,19,2
2012-03-23 02:17:00.726035+00:00,12.73,26.84,40.0,2562.66227578041,14.886383858669909,-143.75658811718418,19,2
2012-03-23 02:18:00.726035+00:00,12.73,26.84,40.0,2562.66227578041,14.886383858669909,-143.75658811718418,19,2
2012-03-23 02:19:00.726035+00:00,12.71,26.81,40.0,2646.812184693252,14.886383858669909,-143.75658811718418,19,2
2012-03-23 02:20:00.726035+00:00,12.69,26.77,40.0,2646.812184693252,14.886383858669909,-143.75658811718418,19,2
2012-03-23 02:21:00.726035+00:00,12.67,26.73,40.0,2646.812184693252,14.886383858669909,-143.75658811718418,19,2
2012-03-23 02:22:00.726035+00:00,12.67,26.73,40.0,2646.812184693252,14.886383858669909,-143.75658811718418,19,2
2012-03-23 02:23:00.726035+00:00,12.69,26.77,40.0,2646.812184693252,14.886383858669909,-143.75658811718418,19,2
2012-03-23 02:24:00.726035+00:00,12.69,26.77,40.0,2323.939492391185,14.417356559659703,-144.69464271520457,18,2
2012-03-23 02:25:00.726035+00:00,12.73,26.84,40.0,2323.939492391185,14.417356559659703,-144.69464271520457,18,2
2012-03-23 02:26:00.726035+00:00,12.73,26.84,40.0,2001.066800089118,13.948329260649505,-145.63269731322498,19,2
2012-03-23 02:27:00.726035+00:00,12.75,26.88,40.0,1817.623947964922,14.014610640031387,-145.50013455446123,19,2
2012-03-23 02:30:00.726035+00:00,12.76,26.92,40.0,1793.187758363437,14.014610640031387,-145.50013455446123,19,2
2012-03-23 02:31:00.726035+00:00,12.78,26.95,40.0,1793.187758363437,14.014610640031387,-145.50013455446123,19,2
2012-03-23 02:32:00.726035+00:00,12.8,26.99,40.0,1754.4715776323171,14.014610640031387,-145.50013455446123,19,2
2012-03-23 02:33:00.726035+00:00,12.8,26.99,40.0,1731.0130928935623,14.014610640031387,-145.50013455446123,19,2
2012-03-23 02:35:00.726035+00:00,12.82,27.03,40.0,1633.3100112911634,14.014610640031387,-145.50013455446123,19,2
2012-03-23 02:36:00.726035+00:00,12.86,27.1,40.0,1628.1946279856058,14.014610640031387,-145.50013455446123,19,2
2012-03-23 02:37:00.726035+00:00,12.87,27.14,40.0,1390.3494385779445,13.369462761093926,-146.79043031233616,19,2
2012-03-23 02:38:00.726035+00:00,12.87,27.14,40.0,1390.3494385779445,13.369462761093926,-146.79043031233616,19,2
2012-03-23 02:39:00.726035+00:00,12.87,27.14,40.0,1390.3494385779445,13.369462761093926,-146.79043031233616,19,2
2012-03-23 02:40:00.726035+00:00,12.89,27.18,40.0,1401.372327851904,13.67604501949069,-146.1772657955426,18,2
2012-03-23 02:41:00.726035+00:00,12.89,27.18,40.0,1374.986004070097,13.56705986833208,-146.39523609785982,16,2
2012-03-23 02:42:00.726035+00:00,12.89,27.18,40.0,1517.1474589194324,12.946395900451488,-147.63656403362103,15,2
2012-03-23 02:43:00.726035+00:00,12.89,27.18,40.0,1564.9541120243643,13.072025606124065,-147.38530462227587,15,2
2012-03-23 02:44:00.726035+00:00,12.91,27.21,40.0,1564.9541120243643,13.072025606124065,-147.38530462227587,15,2
2012-03-23 02:47:00.726035+00:00,13.02,27.44,40.0,1753.2591755115932,13.616464253846488,-146.296427326831,16,2
2012-03-23 02:48:00.726035+00:00,13.08,27.55,40.0,1679.9705464002127,13.652913841942162,-146.22352815063968,16,2
2012-03-23 02:49:00.726035+00:00,13.1,27.58,40.0,1596.880784506288,13.399011647127054,-146.73133254026988,16,2
2012-03-23 02:50:00.726035+00:00,13.13,27.66,40.0,1428.3877374223985,13.072025606124065,-147.38530462227587,17,2
2012-03-23 02:51:00.726035+00:00,13.13,27.66,40.0,1384.4526318928663,12.946395900451488,-147.63656403362103,19,2
2012-03-23 02:52:00.726035+00:00,13.17,27.73,40.0,1281.9527540517902,12.987867042792631,-147.55362174893872,20,2
2012-03-23 02:57:00.726035+00:00,13.19,27.77,40.0,1320.9206557824366,12.857692886801363,-147.8139700609213,20,2
2012-03-23 02:58:00.726035+00:00,13.19,27.77,40.0,1282.211698979096,12.857692886801363,-147.8139700609213,20,2
2012-03-23 02:59:00.726035+00:00,13.19,27.77,40.0,1266.4011338229532,12.9037084794612,-147.7219388756016,19,2
2012-03-23 03:00:00.726035+00:00,13.19,27.77,40.0,1266.4011338229532,12.9037084794612,-147.7219388756016,17,2
2012-03-23 03:01:00.726035+00:00,13.21,27.81,40.0,1298.0222641352389,13.004283494315684,-147.52078884589264,15,2
2012-03-23 03:11:00.726035+00:00,13.19,27.77,40.0,1034.575224821269,12.815895448532167,-147.89756493745966,19,2
2012-03-23 03:12:00.726035+00:00,13.19,27.77,40.0,1050.6636018465977,12.880272728299063,-147.76881037792586,20,2
2012-03-23 03:13:00.726035+00:00,13.19,27.77,40.0,1119.4833356305253,13.06421770553353,-147.40092042345694,20,2
2012-03-23 03:14:00.726035+00:00,13.21,27.81,40.0,1119.4833356305253,13.06421770553353,-147.40092042345694,20,2
2012-03-23 03:15:00.726035+00:00,13.23,27.85,40.0,1151.0874440777668,13.02198705120738,-147.48538173210926,20,2
2012-03-23 03:16:00.726035+00:00,13.25,27.89,40.0,1090.3422891792152,12.707380816092815,-148.11459420233837,20,3
2012-03-23 03:24:00.726035+00:00,13.36,28.11,40.0,933.4358831209604,12.150162507257733,-149.22903082000855,15,2
2012-03-23 03:25:00.726035+00:00,13.38,28.15,40.0,842.8747957354805,12.144165422779608,-149.2410249889648,16,2
2012-03-23 03:38:00.726035+00:00,13.9,29.19,40.0,759.310871072507,11.952551123285954,-149.6242535879521,27,3
2012-03-23 03:47:00.726035+00:00,13.46,28.3,40.0,990.2759298429892,12.68107339483451,-148.167209044855,16,2
2012-03-23 03:48:00.726035+00:00,13.34,28.07,40.0,1115.296626338254,13.019037587947455,-147.49128065862908,16,2
2012-03-23 03:49:00.726035+00:00,14.85,31.07,40.0,1459.815868220932,13.780996156819564,-145.96736352088487,15,2
2012-03-23 03:50:00.726035+00:00,14.83,31.03,40.0,1459.815868220932,13.920953713741469,-145.68744840704107,17,2
2012-03-23 03:51:00.726035+00:00,14.83,31.03,40.0,1459.815868220932,13.920953713741469,-145.68744840704107,19,2
2012-03-23 03:52:00.726035+00:00,14.81,30.99,40.0,1459.815868220932,13.961428134504176,-145.60649956551566,19,2
2012-03-23 03:54:00.726035+00:00,14.79,30.95,40.0,1470.5853356796842,14.161925996385929,-145.20550384175215,19,2
2012-03-23 03:55:00.726035+00:00,14.81,30.99,40.0,1458.3230373801057,13.920953713741469,-145.68744840704107,19,2
2012-03-23 03:56:00.726035+00:00,14.81,30.99,40.0,1371.334643709086,13.624688938261013,-146.27997795800198,19,2
2012-03-23 03:57:00.726035+00:00,14.81,30.99,40.0,1322.3232517698991,13.609962959953537,-146.30942991461694,18,2
2012-03-23 03:58:00.726035+00:00,14.83,31.03,40.0,1322.3232517698991,13.609962959953537,-146.30942991461694,16,2
2012-03-23 03:59:00.726035+00:00,13.38,28.15,40.0,1273.3118598307124,13.595236981646057,-146.33888187123188,15,2
2012-03-23 05:08:00.726035+00:00,13.9,29.19,40.0,960.289786114273,12.675508165881553,-148.17833950276088,12,2
2012-03-23 05:09:00.726035+00:00,13.9,29.19,40.0,1062.6759141283617,12.997598895588023,-147.53415804334796,14,2
2012-03-23 05:12:00.726035+00:00,13.88,29.15,40.0,1386.3700031545654,13.508351922500452,-146.51265198952308,20,2
2012-03-23 05:13:00.726035+00:00,13.92,29.23,40.0,1569.19361243635,13.717651290140497,-146.09405325424302,20,2
2012-03-23 05:14:00.726035+00:00,13.92,29.23,40.0,1636.8184698826417,13.754837958663302,-146.01967991719738,20,2
2012-03-23 05:15:00.726035+00:00,13.96,29.31,40.0,1661.693956932383,13.64604577773632,-146.23726427905137,20,2
2012-03-23 05:16:00.726035+00:00,13.98,29.35,40.0,1661.693956932383,13.64604577773632,-146.23726427905137,20,2
2012-03-23 05:17:00.726035+00:00,13.94,29.27,40.0,1661.693956932383,13.45044665825866,-146.6284625180067,20,2
2012-03-23 05:18:00.726035+00:00,13.92,29.23,40.0,1744.198472029391,13.291373596586912,-146.9466086413502,19,2
2012-03-23 05:19:00.726035+00:00,13.94,29.27,40.0,1744.198472029391,13.291373596586912,-146.9466086413502,17,2
2012-03-23 15:37:00.726352+00:00,12.84,27.06,40.0,1196.7185830855074,12.138743681532215,-150.61616805368217,16,2
2012-03-23 15:38:00.726352+00:00,12.86,27.1,40.0,1480.1357214971956,12.356309633980771,-150.18103614878504,17,2
2012-03-23 15:39:00.726352+00:00,12.86,27.1,40.0,1570.2564704145238,12.419362312146792,-150.05493079245298,18,2
2012-03-23 15:40:00.726352+00:00,12.86,27.1,40.0,1660.3772193318523,12.482414990312808,-149.92882543612097,19,2
2012-03-23 15:41:00.726352+00:00,12.87,27.14,40.0,1664.1435654615912,12.648978236576786,-149.595698943593,20,2
2012-03-23 15:42:00.726352+00:00,12.89,27.18,40.0,1667.9099115913302,12.50286110750262,-149.88793320174133,19,2
2012-03-23 15:43:00.726352+00:00,12.89,27.18,40.0,1667.9099115913302,12.50286110750262,-149.88793320174133,17,2
2012-03-23 15:44:00.726352+00:00,12.93,27.25,40.0,1480.1357214971956,12.50286110750262,-149.88793320174133,15,2
2012-03-23 15:45:00.726352+00:00,12.93,27.25,40.0,1480.1357214971956,12.50286110750262,-149.88793320174133,15,2
2012-03-23 15:46:00.726352+00:00,12.93,27.25,40.0,1480.1357214971956,12.50286110750262,-149.88793320174133,15,2
2012-03-23 15:50:00.726352+00:00,8.99,19.33,29.38,1242.1054801239504,12.50286110750262,-149.88793320174133,11,2
2012-03-23 15:58:00.726352+00:00,9.01,19.36,29.43,1311.3713674629478,13.5235357703426,-147.84658387606137,11,2
2012-03-23 16:51:00.726352+00:00,12.84,27.06,40.0,1565.4839950906835,13.377262113968785,-148.13913118880902,12,2
2012-03-23 16:52:00.726352+00:00,12.84,27.06,40.0,1912.637323075614,14.005336854207354,-146.88298170833187,13,2
2012-03-23 16:54:00.726352+00:00,12.82,27.03,40.0,1699.600035616591,14.005336854207354,-146.88298170833187,17,2
2012-03-23 16:55:00.726352+00:00,12.82,27.03,40.0,1720.3650968124946,14.044112063422777,-146.80543128990104,18,2
2012-03-23 16:56:00.726352+00:00,12.8,26.99,40.0,1699.600035616591,14.082887272638196,-146.72788087147018,17,2
2012-03-23 16:57:00.726352+00:00,12.78,26.95,40.0,1218.330667105753,13.477767363300648,-147.9381206901453,17,2
2012-03-23 16:58:00.726352+00:00,12.76,26.92,40.0,1244.5849090004344,13.49449429532185,-147.90466682610287,16,2
2012-03-23 17:13:00.726352+00:00,40.0,0.07,0.17,2017.121751954936,14.100488057287004,-146.69267930217256,11,2
2012-03-23 17:15:00.726352+00:00,40.0,0.07,0.17,1994.041127665112,13.779326564043997,-147.3350022886586,14,2
2012-03-23 17:16:00.726352+00:00,40.0,0.07,0.17,1693.3641135009698,13.641579131361066,-147.61049715402447,16,2
2012-03-23 17:17:00.726352+00:00,40.0,0.07,0.17,1362.7062476634333,13.02993296023852,-148.83378949626956,18,2
2012-03-23 17:18:00.726352+00:00,40.0,0.07,0.17,1282.242526412802,12.34851060194356,-150.19663421285946,17,2
2012-03-23 17:20:00.726352+00:00,12.62,26.62,40.0,1078.4692382501053,11.876027204465922,-151.14160100781476,16,2
2012-03-23 17:36:00.726352+00:00,12.47,26.33,39.92,1888.2442840331769,13.874124975724945,-147.1454054652967,12,2
2012-03-23 17:37:00.726352+00:00,12.47,26.33,39.92,2332.25162070804,14.684017135492766,-145.52562114576105,13,2
2012-03-23 17:38:00.726352+00:00,12.45,26.3,39.87,2332.25162070804,14.684017135492766,-145.52562114576105,15,2
2012-03-23 17:40:00.726352+00:00,12.47,26.33,39.92,2287.734914116442,14.625380288235585,-145.64289484027543,19,2
2012-03-23 17:41:00.726352+00:00,12.47,26.33,39.92,1938.8571050460785,13.911121097802964,-147.07141322114066,19,2
2012-03-23 17:42:00.726352+00:00,12.47,26.33,39.92,1941.581808725968,13.89093712404264,-147.1117811686613,18,2
2012-03-23 17:43:00.726352+00:00,12.47,26.33,39.92,1938.8571050460785,13.870753150282315,-147.15214911618196,19,2
2012-03-23 17:44:00.726352+00:00,12.47,26.33,39.92,1570.5572630693334,12.905027178840973,-149.08360105906465,19,2
2012-03-23 17:45:00.726352+00:00,12.47,26.33,39.92,1444.2369473583144,12.905027178840973,-149.08360105906465,19,2
2012-03-23 17:47:00.726352+00:00,12.47,26.33,39.92,1275.666410279911,12.8010437816204,-149.29156785350577,18,2
2012-03-23 17:48:00.726352+00:00,12.49,26.37,39.97,1119.4475456045889,12.531673929097977,-149.83030755855063,17,2
2012-03-23 18:49:00.726352+00:00,12.24,25.87,39.22,1192.972312961604,12.403480679948649,-150.0866940568493,18,2
2012-03-23 18:50:00.726352+00:00,12.24,25.87,39.22,1191.4643007948016,12.563454371866202,-149.76674667301418,18,2
2012-03-23 18:51:00.726352+00:00,12.26,25.9,39.27,1155.8195768190133,12.422778373238652,-150.04809867026927,17,2
2012-03-23 18:52:00.726352+00:00,12.26,25.9,39.27,1191.4643007948016,12.68232174195556,-149.52901193283546,16,2
2012-03-23 18:53:00.726352+00:00,12.26,25.9,39.27,1155.7867616391045,12.801052225361431,-149.29155096602372,17,2
2012-03-23 18:56:00.726352+00:00,12.29,25.97,39.38,1027.8965936826526,12.801052225361431,-149.29155096602372,13,2
2012-03-23 19:33:00.726352+00:00,12.38,26.15,39.65,1213.167899197114,13.250652476173729,-148.39235046439916,8,2
2012-03-23 23:41:00.726352+00:00,14.44,30.26,40.0,887.2999186638801,12.368493779493036,-150.1566678577605,12,2
2012-03-23 23:42:00.726352+00:00,14.48,30.34,40.0,1186.6364893122145,13.688062760309927,-147.51752989612675,12,2
2012-03-23 23:45:00.726352+00:00,40.0,0.07,0.17,6417.608139433505,17.367182971354545,-140.1592894740375,12,2
2012-03-24 00:17:00.726669+00:00,40.0,0.07,0.17,1947.0860304205469,13.293774015424573,-148.9702043355129,14,2
2012-03-24 00:18:00.726669+00:00,40.0,0.07,0.17,2008.2236495611976,13.465060939649083,-148.62763048706387,15,2
2012-03-24 00:19:00.726669+00:00,40.0,0.07,0.17,1947.0860304205469,13.239411357366496,-149.07892965162904,16,2
2012-03-24 00:20:00.726669+00:00,40.0,0.07,0.17,1947.0860304205469,13.239411357366496,-149.07892965162904,18,2
2012-03-24 00:21:00.726669+00:00,9.38,20.12,30.57,2008.2236495611976,13.465060939649083,-148.62763048706387,19,2
2012-03-24 00:22:00.726669+00:00,13.06,27.51,40.0,1970.955801666908,13.796768836407123,-147.96421469354777,18,2
2012-03-24 00:23:00.726669+00:00,13.12,27.62,40.0,1909.818182526257,13.239411357366496,-149.07892965162904,18,2
2012-03-24 00:24:00.726669+00:00,13.1,27.58,40.0,1596.098112054042,13.011873043107078,-149.53400628014788,18,2
2012-03-24 00:25:00.726669+00:00,13.12,27.62,40.0,1286.1296586338822,12.903814879302097,-149.75012260775787,18,2
2012-03-24 00:32:00.726669+00:00,12.86,27.1,40.0,1125.6046936048083,12.817353818250533,-149.92304472986098,14,2
2012-03-24 00:39:00.726669+00:00,12.8,26.99,40.0,1306.9485834861437,13.011988420571182,-149.53377552521968,14,2
2012-03-24 00:40:00.726669+00:00,12.76,26.92,40.0,1450.5621554873442,12.840839652980783,-149.87607306040047,13,2
2012-03-24 00:41:00.726669+00:00,12.82,27.03,40.0,1665.512180251856,13.329726301150457,-148.89829976406116,14,2
2012-03-24 00:42:00.726669+00:00,12.82,27.03,40.0,1665.512180251856,13.263706232897746,-149.03033990056656,16,2
2012-03-24 00:44:00.726669+00:00,12.84,27.06,40.0,1635.0623448366634,12.618167726576996,-150.32141691320803,19,2
2012-03-24 00:45:00.726669+00:00,12.86,27.1,40.0,1635.0623448366634,12.618167726576996,-150.32141691320803,19,2
2012-03-24 00:46:00.726669+00:00,12.84,27.06,40.0,1635.0623448366634,12.618167726576996,-150.32141691320803,19,2
2012-03-24 00:47:00.726669+00:00,12.93,27.25,40.0,1635.0623448366634,12.618167726576996,-150.32141691320803,19,2
2012-03-24 00:48:00.726669+00:00,12.95,27.29,40.0,1635.0623448366634,12.618167726576996,-150.32141691320803,19,2
2012-03-24 00:49:00.726669+00:00,12.87,27.14,40.0,1635.0623448366634,12.618167726576996,-150.32141691320803,19,2
2012-03-24 00:50:00.726669+00:00,12.99,27.36,40.0,1794.0317558171532,13.237500890170782,-149.0827505860205,20,2
2012-03-24 00:51:00.726669+00:00,13.06,27.51,40.0,1953.0011667976428,13.85683405376457,-147.8440842588329,19,2
2012-03-24 00:52:00.726669+00:00,13.06,27.51,40.0,1953.0011667976428,13.85683405376457,-147.8440842588329,19,2
2012-03-24 00:53:00.726669+00:00,13.15,27.7,40.0,1553.1238929668334,12.720968806784644,-150.11581475279277,19,2
2012-03-24 00:54:00.726669+00:00,13.36,28.11,40.0,1529.7496356581128,13.043587731674725,-149.4705769030126,18,2
2012-03-24 00:55:00.726669+00:00,13.34,28.07,40.0,1481.3972436936856,13.043587731674725,-149.4705769030126,16,2
2012-03-24 00:57:00.726669+00:00,13.51,28.42,40.0,1452.7868190214444,13.043587731674725,-149.4705769030126,12,2
2012-03-24 00:58:00.726669+00:00,13.34,28.07,40.0,1506.3753783493923,13.3662066565648,-148.82533905323243,11,2
2012-03-24 01:03:00.726669+00:00,13.06,27.51,40.0,1675.482684447771,13.534337486848113,-148.48907739266582,12,2
2012-03-24 01:05:00.726669+00:00,13.02,27.44,40.0,1844.589990546149,13.702468317131425,-148.1528157320992,15,2
2012-03-24 01:06:00.726669+00:00,13.0,27.4,40.0,1844.589990546149,13.702468317131425,-148.1528157320992,17,2
2012-03-24 01:07:00.726669+00:00,13.02,27.44,40.0,1207.301660957173,13.196436563442344,-149.16487923947736,19,2
2012-03-24 01:08:00.726669+00:00,13.04,27.47,40.0,1207.301660957173,13.196436563442344,-149.16487923947736,19,2
2012-03-24 01:09:00.726669+00:00,13.02,27.44,40.0,1352.3265172253582,13.327613056739482,-148.9025262528831,18,2
2012-03-24 01:10:00.726669+00:00,13.02,27.44,40.0,1207.301660957173,13.196436563442344,-149.16487923947736,17,2
2012-03-24 01:11:00.726669+00:00,13.0,27.4,40.0,1128.3287582919895,12.905372559362942,-149.74700724763616,17,2
2012-03-24 01:18:00.726669+00:00,12.87,27.14,40.0,1044.149611419199,12.037478383667942,-151.48279559902616,12,2
2012-03-24 01:21:00.726669+00:00,12.78,26.95,40.0,1004.6024629823802,11.381177753206016,-152.79539685995002,11,2
2012-03-24 13:51:00.726986+00:00,15.12,31.61,40.0,1248.8016812971823,12.59724441601348,-150.98276104113108,19,2
2012-03-24 13:52:00.726986+00:00,15.16,31.7,40.0,1118.711409354144,11.883601409044132,-152.41004705506978,20,2
2012-03-24 13:54:00.726986+00:00,15.18,31.74,40.0,1226.5965518730293,12.020038858061527,-152.137172157035,16,2
2012-03-24 13:55:00.726986+00:00,15.22,31.82,40.0,1245.8805484192246,12.020038858061527,-152.137172157035,14,2
2012-03-24 14:01:00.726986+00:00,10.54,22.46,34.1,1543.7144152587543,12.94617950367074,-150.28489086581658,14,2
2012-03-24 14:02:00.726986+00:00,0.0,0.01,0.02,1727.3869498915249,13.32906519023786,-149.51911949268234,13,2
2012-03-24 14:03:00.726986+00:00,0.0,0.01,0.02,1727.3869498915249,13.32906519023786,-149.51911949268234,15,2
2012-03-24 14:04:00.726986+00:00,0.0,0.01,0.02,1762.589003154175,13.431476269891215,-149.31429733337563,16,2
2012-03-24 14:05:00.726986+00:00,10.07,21.51,32.66,1762.589003154175,13.431476269891215,-149.31429733337563,18,2
2012-03-24 14:06:00.726986+00:00,9.94,21.25,32.27,1727.3869498915249,13.32906519023786,-149.51911949268234,17,2
2012-03-24 14:08:00.726986+00:00,9.45,20.25,30.77,1580.668174120926,13.327440480600544,-149.522368911957,15,2
2012-03-24 14:10:00.726986+00:00,9.45,20.25,30.77,1288.579290591051,12.875431226508397,-150.42638742014128,12,2
2012-03-24 16:29:00.726986+00:00,40.0,0.07,0.17,960.3570511261804,12.204213758858684,-151.7688223554407,10,2
2012-03-24 16:48:00.726986+00:00,9.06,19.45,29.57,1086.7351459944985,12.810716724142017,-150.55581642487402,14,2
2012-03-24 16:49:00.726986+00:00,9.15,19.64,29.86,1086.7351459944985,12.810716724142017,-150.55581642487402,14,2
2012-03-24 16:50:00.726986+00:00,9.31,19.96,30.33,1086.7351459944985,12.810716724142017,-150.55581642487402,14,2
2012-03-24 16:52:00.726986+00:00,9.42,20.18,30.67,1183.8945938926877,12.80028671301633,-150.5766764471254,17,2
2012-03-24 16:55:00.726986+00:00,9.45,20.25,30.77,1106.655326388104,12.579971755398988,-151.01730636236007,17,2
2012-03-24 16:58:00.726986+00:00,9.56,20.47,31.1,820.3623299015323,11.347000139857142,-153.4832495934438,14,2
2012-03-24 17:25:00.726986+00:00,9.94,21.25,32.27,1359.6083315596047,12.891092337015962,-150.39506519912612,14,2
2012-03-24 17:26:00.726986+00:00,9.94,21.25,32.27,1380.5680650877796,12.899785986327808,-150.37767790050245,13,2
2012-03-24 19:45:00.726986+00:00,9.21,19.77,30.05,1186.320757705976,13.046317935651516,-150.08461400185502,13,2
2012-03-24 19:46:00.726986+00:00,9.23,19.8,30.09,1259.8457459462095,13.113093553893162,-149.95106276537172,14,2
2012-03-24 19:48:00.726986+00:00,13.48,28.34,40.0,2000.5449868515,13.867128913063553,-148.44299204703094,14,2
2012-03-24 19:49:00.726986+00:00,13.48,28.34,40.0,2000.5449868515,13.867128913063553,-148.44299204703094,14,2
2012-03-24 19:50:00.726986+00:00,13.61,28.61,40.0,1982.5746820593845,13.805283929958438,-148.56668201324118,15,2
2012-03-24 19:55:00.726986+00:00,13.88,29.15,40.0,1392.524844999689,13.805283929958438,-148.56668201324118,9,2
2012-03-24 21:09:00.726986+00:00,0.0,0.01,0.02,2411.234182541248,13.812288888497058,-148.55267209616397,12,2
2012-03-24 21:10:00.726986+00:00,0.0,0.01,0.02,2411.234182541248,13.812288888497058,-148.55267209616397,14,2
2012-03-24 21:11:00.726986+00:00,0.0,0.01,0.02,2411.234182541248,13.812288888497058,-148.55267209616397,16,2
2012-03-24 21:12:00.726986+00:00,0.0,0.01,0.02,2411.234182541248,13.812288888497058,-148.55267209616397,18,2
2012-03-24 21:13:00.726986+00:00,0.0,0.01,0.02,3071.5574356722773,14.400764521027863,-147.37572083110234,18,2
2012-03-24 21:14:00.726986+00:00,0.0,0.01,0.02,3049.619534721817,14.216418599655782,-147.7444126738465,18,2
2012-03-24 21:15:00.726986+00:00,0.0,0.01,0.02,3046.749308215089,14.216418599655782,-147.7444126738465,18,2
2012-03-24 21:16:00.726986+00:00,15.33,32.04,40.0,3542.9571635370853,14.719442297874195,-146.73836527740968,19,2
2012-03-24 21:17:00.726986+00:00,15.33,32.04,40.0,2368.6708955281656,14.22754334732111,-147.72216317851584,19,2
2012-03-24 21:19:00.726986+00:00,15.33,32.04,40.0,2841.057414405502,14.473492822597652,-147.23026422796278,16,2
2012-03-24 21:20:00.726986+00:00,15.39,32.16,40.0,2343.9273136476118,14.22754334732111,-147.72216317851584,15,2
2012-03-24 21:21:00.726986+00:00,15.46,32.29,40.0,2304.155940128821,13.652907029269045,-148.87143581461996,15,2
2012-03-24 21:22:00.726986+00:00,11.5,24.39,37.0,1818.0935736688411,12.90671289903848,-150.36382407508108,14,2
2012-03-24 21:25:00.726986+00:00,11.67,24.74,37.52,1650.018391262201,12.802104402723394,-150.57304106771127,9,2
2012-03-25 21:02:00.727620+00:00,0.01,0.03,0.06,6610.806381208745,16.511003540600324,-144.65159252569933,5,3
2012-03-30 05:08:00.720473+00:00,40.0,0.07,0.17,15153.488080144,18.450421577398064,-132.27278604127343,5,3
2012-03-30 14:34:00.720790+00:00,15.72,32.81,40.0,1377.1067972125304,12.27560431536929,-148.52324070799534,7,2
2012-03-30 14:41:00.720790+00:00,15.35,32.08,40.0,776.8929089825021,12.778428452803864,-147.51759243312617,7,2
2012-03-30 14:48:00.720790+00:00,15.52,32.42,40.0,9119.865075852627,16.409994269442983,-140.25446079984795,16,2
2012-03-30 14:49:00.720790+00:00,15.54,32.46,40.0,9119.865075852627,16.409994269442983,-140.25446079984795,18,2
2012-03-30 14:50:00.720790+00:00,15.54,32.46,40.0,9662.319645935831,16.639303860757245,-139.79584161721942,18,2
2012-03-30 14:51:00.720790+00:00,15.57,32.5,40.0,10173.480224919767,16.73430152026601,-139.60584629820187,18,2
2012-03-30 14:52:00.720790+00:00,15.59,32.55,40.0,9662.319645935831,16.601744690809838,-139.87095995711422,20,2
2012-03-30 14:53:00.720790+00:00,15.63,32.63,40.0,9200.900057170657,16.409994269442983,-140.25446079984795,20,2
2012-03-30 14:54:00.720790+00:00,15.67,32.72,40.0,8638.261603122344,16.18943754492073,-140.69557424889246,20,2
2012-03-30 14:55:00.720790+00:00,15.7,32.76,40.0,8408.939830052026,16.021643126631538,-141.03116308547084,20,2
2012-03-30 14:56:00.720790+00:00,15.74,32.85,40.0,7943.886240185383,15.89757581518651,-141.2792977083609,18,2
2012-03-30 14:57:00.720790+00:00,15.78,32.94,40.0,7648.715749356139,15.839984446268994,-141.39448044619593,16,2
2012-03-30 14:58:00.720790+00:00,15.87,33.11,40.0,6999.969100139159,15.779685972286993,-141.51507739415993,15,2
2012-03-30 14:59:00.720790+00:00,15.96,33.29,40.0,5874.507226347644,15.641554981267864,-141.79133937619815,15,2
2012-03-30 15:03:00.720790+00:00,16.23,33.82,40.0,3942.498063334393,15.098106154875888,-142.8782370289821,15,2
2012-03-30 15:04:00.720790+00:00,16.27,33.91,40.0,3444.0813516098046,14.572733359260123,-143.92898262021365,14,2
2012-03-30 15:05:00.720790+00:00,16.27,33.91,40.0,3148.413099361146,14.572733359260123,-143.92898262021365,14,2
2012-03-30 15:06:00.720790+00:00,16.27,33.91,40.0,2890.0347430200563,14.430462611894075,-144.21352411494576,16,2
2012-03-30 15:07:00.720790+00:00,16.27,33.91,40.0,2890.0347430200563,14.430462611894075,-144.21352411494576,16,2
2012-03-30 15:09:00.720790+00:00,16.25,33.86,40.0,2630.2620017889285,13.989969334530452,-145.094510669673,14,2
2012-03-30 15:10:00.720790+00:00,16.3,33.95,40.0,2477.454426860185,13.82356699822846,-145.42731534227698,12,2
2012-03-30 19:28:00.720790+00:00,8.87,19.07,29.0,1064.4644024197655,12.714529693617884,-147.64538995149815,7,2
2012-03-30 19:30:00.720790+00:00,8.87,19.07,29.0,899.3231421498813,12.462205308630004,-148.1500387214739,9,2
2012-03-30 21:00:00.720790+00:00,3.84,8.55,13.07,2968.2192739231164,14.01175289854607,-145.05094354164177,13,2
2012-03-30 21:01:00.720790+00:00,3.6,8.04,12.29,5052.790300365987,14.73184309588904,-143.61076314695583,14,2
2012-03-30 21:03:00.720790+00:00,3.06,6.84,10.46,5052.790300365987,14.73184309588904,-143.61076314695583,14,2
2012-03-30 21:06:00.720790+00:00,2.46,5.52,8.44,5722.908980465176,15.443237100921918,-142.1879751368901,14,2
2012-03-30 21:08:00.720790+00:00,2.43,5.46,8.36,5722.908980465176,15.5443200184635,-141.9858093018069,16,2
2012-03-30 21:09:00.720790+00:00,2.43,5.46,8.36,5722.908980465176,15.5443200184635,-141.9858093018069,16,2
2012-03-30 21:11:00.720790+00:00,2.43,5.46,8.36,5733.946400206766,15.43454090861183,-142.20536752151023,17,3
2012-03-30 21:12:00.720790+00:00,2.43,5.46,8.36,5733.946400206766,15.43454090861183,-142.20536752151023,19,2
2012-03-30 21:13:00.720790+00:00,2.43,5.46,8.36,5300.776665644758,15.252618124085448,-142.569213090563,20,2
2012-03-30 21:14:00.720790+00:00,2.43,5.46,8.36,5300.776665644758,15.252618124085448,-142.569213090563,20,2
2012-03-30 21:15:00.720790+00:00,2.43,5.46,8.36,4867.606931082751,15.070695339559068,-142.93305865961577,21,2
2012-03-30 21:16:00.720790+00:00,2.41,5.41,8.28,4417.885186216128,14.601332992143137,-143.87178335444764,21,2
2012-03-30 21:17:00.720790+00:00,2.5,5.62,8.6,4254.866397096891,14.397837977954785,-144.27877338282434,20,2
2012-03-30 21:18:00.720790+00:00,2.53,5.68,8.69,3336.9907397523284,14.234549374451106,-144.6053505898317,20,2
2012-03-30 21:19:00.720790+00:00,2.5,5.62,8.6,3336.9907397523284,14.234549374451106,-144.6053505898317,20,2
2012-03-30 21:20:00.720790+00:00,2.58,5.78,8.84,3277.3095695448947,14.146142199710471,-144.78216493931296,20,2
2012-03-30 21:21:00.720790+00:00,2.6,5.83,8.92,3277.3095695448947,14.146142199710471,-144.78216493931296,20,2
2012-03-30 21:22:00.720790+00:00,2.58,5.78,8.84,3277.3095695448947,14.146142199710471,-144.78216493931296,20,2
2012-03-30 21:23:00.720790+00:00,2.58,5.78,8.84,3336.9907397523284,14.234549374451106,-144.6053505898317,20,2
2012-03-30 21:24:00.720790+00:00,2.5,5.62,8.6,3611.2219667075424,14.381900380988249,-144.3106485767574,20,2
2012-03-30 21:25:00.720790+00:00,2.62,5.88,9.0,4160.9677447666345,14.54518898449193,-143.98407136975004,20,2
2012-03-30 21:26:00.720790+00:00,2.62,5.88,9.0,3235.943151964313,14.154446507592356,-144.7655563235492,20,2
2012-03-30 21:27:00.720790+00:00,2.6,5.83,8.92,3570.137906154494,14.381900380988249,-144.3106485767574,20,2
2012-03-30 21:28:00.720790+00:00,2.62,5.88,9.0,4259.470211885124,14.66491943860298,-143.74461046152794,20,2
2012-03-30 21:29:00.720790+00:00,2.55,5.73,8.77,4999.871649723746,15.058337154152817,-142.95777503042825,20,2
2012-03-30 21:30:00.720790+00:00,2.53,5.68,8.69,5000.498230011583,15.2247314941185,-142.6249863504969,20,2
2012-03-30 21:31:00.720790+00:00,2.55,5.73,8.77,4615.516700740942,15.00718824033092,-143.06007285807203,20,2
2012-03-30 21:32:00.720790+00:00,2.33,5.24,8.02,4887.850050203419,15.2247314941185,-142.6249863504969,20,2
2012-03-30 21:33:00.720790+00:00,2.01,4.53,6.93,5159.55681937806,15.41133485743975,-142.25177962385442,21,2
2012-03-30 21:34:00.720790+00:00,1.92,4.33,6.63,4887.850050203419,15.347652416028144,-142.37914450667762,22,2
2012-03-30 21:35:00.720790+00:00,1.95,4.4,6.73,4686.216127419253,15.173582580296603,-142.72728417814068,23,2
2012-03-30 21:36:00.720790+00:00,2.1,4.72,7.22,4922.886473398657,15.43158361824652,-142.2112821022409,24,2
2012-03-30 21:37:00.720790+00:00,2.1,4.72,7.22,4922.886473398657,15.43158361824652,-142.2112821022409,24,2
2012-03-30 21:38:00.720790+00:00,2.1,4.72,7.22,4922.886473398657,15.43158361824652,-142.2112821022409,24,4
2012-03-30 21:39:00.720790+00:00,2.1,4.72,7.22,4922.886473398657,15.43158361824652,-142.2112821022409,24,3
2012-03-30 21:40:00.720790+00:00,2.1,4.72,7.22,4922.886473398657,15.43158361824652,-142.2112821022409,24,3
2012-03-30 21:41:00.720790+00:00,2.1,4.72,7.22,4922.886473398657,15.622041445831623,-141.83036644707067,24,2
2012-03-30 21:42:00.720790+00:00,2.1,4.72,7.22,4673.810765851005,15.53190281231846,-142.01064371409697,24,2
2012-03-30 21:43:00.720790+00:00,2.12,4.78,7.31,4638.038404858043,14.738561824307668,-143.59732569011857,23,2
2012-03-30 21:44:00.720790+00:00,2.23,5.01,7.67,2546.311344795992,14.091003295295998,-144.8924427481419,22,2
2012-03-30 21:45:00.720790+00:00,2.53,5.68,8.69,2282.946795442156,13.82115400337332,-145.43214133198725,21,2
2012-03-30 21:46:00.720790+00:00,2.36,5.3,8.11,1944.4662409898244,13.559909438692234,-145.95463046134944,20,2
2012-03-30 21:47:00.720790+00:00,2.38,5.35,8.19,1944.4662409898244,13.559909438692234,-145.95463046134944,20,2
2012-03-30 21:48:00.720790+00:00,2.46,5.52,8.44,2038.6934628098595,13.663828283723277,-145.74679277128735,20,2
2012-03-30 21:49:00.720790+00:00,2.78,6.23,9.53,1830.847950703818,13.464467144915112,-146.1455150489037,20,2
2012-03-30 21:51:00.720790+00:00,2.58,5.78,8.84,2224.5339481423944,14.091003295295998,-144.8924427481419,20,2
2012-03-30 21:52:00.720790+00:00,2.6,5.83,8.92,3405.002526774582,14.102212799814865,-144.87002373910417,21,2
2012-03-30 21:53:00.720790+00:00,2.62,5.88,9.0,4397.171992367294,15.11282116451234,-142.84880700970922,22,2
2012-03-30 21:54:00.720790+00:00,2.62,5.88,9.0,4511.857873079332,15.667474284918043,-141.7395007688978,23,2
2012-03-30 21:55:00.720790+00:00,2.64,5.93,9.08,4709.3548521962375,15.670886596985463,-141.73267614476296,24,2
2012-03-30 21:56:00.720790+00:00,2.64,5.93,9.08,4709.3548521962375,15.670886596985463,-141.73267614476296,24,3
2012-03-30 21:57:00.720790+00:00,2.64,5.93,9.08,4709.3548521962375,15.670886596985463,-141.73267614476296,24,2
2012-03-30 21:58:00.720790+00:00,2.64,5.93,9.08,5075.775948025228,15.924494478289333,-141.22546038215523,24,4
2012-03-30 21:59:00.720790+00:00,2.64,5.93,9.08,5075.775948025228,15.924494478289333,-141.22546038215523,24,3
2012-03-30 22:00:00.720790+00:00,2.64,5.93,9.08,4601.183416189304,15.335204373319485,-142.40404059209493,24,2
2012-03-30 22:01:00.720790+00:00,2.67,5.98,9.16,4479.520524190692,14.76194306748694,-143.55056320376002,24,2
2012-03-30 22:02:00.720790+00:00,2.69,6.03,9.23,4285.270236732816,14.672356265434956,-143.729736807864,23,2
2012-03-30 22:03:00.720790+00:00,2.74,6.13,9.38,2934.979928966414,14.672356265434956,-143.729736807864,21,2
2012-03-30 22:04:00.720790+00:00,2.74,6.13,9.38,2362.096020062771,14.265596144740035,-144.54325704925384,19,2
2012-03-30 22:05:00.720790+00:00,2.5,5.62,8.6,1874.9597059845128,13.764856045796485,-145.54473724714092,18,2
2012-03-30 22:06:00.720790+00:00,2.58,5.78,8.84,2095.295939111851,14.023968380377472,-145.02651257797896,18,2
2012-03-30 22:10:00.720790+00:00,2.82,6.33,9.68,3569.8288525750563,14.676105006768942,-143.722239325196,19,2
2012-03-30 22:11:00.720790+00:00,3.06,6.84,10.46,4285.270236732816,14.80187791178448,-143.47069351516492,19,2
2012-03-30 22:12:00.720790+00:00,3.22,7.2,11.01,4672.75805522852,14.930325926467834,-143.21379748579824,20,2
2012-03-30 22:13:00.720790+00:00,3.24,7.24,11.07,4952.494291213436,15.117191433733684,-142.84006647126654,22,2
2012-03-30 22:14:00.720790+00:00,3.24,7.24,11.07,6500.771669674175,15.188468654844376,-142.69751202904516,23,3
2012-03-30 22:16:00.720790+00:00,3.26,7.28,11.14,8920.288012616893,15.842197695590876,-141.39005394755213,25,3
2012-03-30 22:17:00.720790+00:00,3.24,7.24,11.07,8049.39327693176,15.671802225537911,-141.7308448876581,24,3
2012-03-30 22:18:00.720790+00:00,3.24,7.24,11.07,8049.39327693176,15.671802225537911,-141.7308448876581,24,2
2012-03-30 22:19:00.720790+00:00,3.24,7.24,11.07,4548.315929952898,14.245695854774198,-144.5830576291855,25,3
2012-03-30 22:20:00.720790+00:00,3.24,7.24,11.07,4548.315929952898,14.245695854774198,-144.5830576291855,25,3
2012-03-30 22:21:00.720790+00:00,3.24,7.24,11.07,3849.76295959073,14.166581255211998,-144.7412868283099,24,3
2012-03-30 22:22:00.720790+00:00,3.26,7.28,11.14,3476.8697314784176,13.723306810704528,-145.62783571732484,24,2
2012-03-30 22:23:00.720790+00:00,3.24,7.24,11.07,2810.162734731196,13.261358101961491,-146.55173313481097,22,2
2012-03-30 22:24:00.720790+00:00,3.22,7.2,11.01,2488.3325370758484,13.207999743799236,-146.65844985113543,23,2
2012-03-30 22:25:00.720790+00:00,3.22,7.2,11.01,2451.4007473653164,13.029422976398514,-147.01560338593686,22,2
2012-03-30 22:26:00.720790+00:00,2.31,5.19,7.94,2488.3325370758484,13.207999743799236,-146.65844985113543,21,2
2012-03-30 22:27:00.720790+00:00,4.0,8.9,13.6,2451.4007473653164,13.029422976398514,-147.01560338593686,20,2
2012-03-30 22:28:00.720790+00:00,4.05,9.01,13.77,2651.4300579431706,13.261358101961491,-146.55173313481097,18,2
2012-03-30 22:29:00.720790+00:00,4.12,9.16,14.0,2488.3325370758484,13.207999743799236,-146.65844985113543,15,2
2012-03-30 22:30:00.720790+00:00,4.14,9.2,14.05,2414.468957654784,12.850846208997794,-147.3727569207383,15,3
2012-03-30 22:31:00.720790+00:00,4.17,9.27,14.17,2207.4222508585817,13.029422976398514,-147.01560338593686,16,2
2012-03-30 22:35:00.720790+00:00,4.49,9.96,15.21,2000.37554406238,13.174749190804338,-146.72495095712523,13,2
2012-03-30 22:36:00.720790+00:00,4.72,10.45,15.96,1906.87931783156,13.057437623601798,-146.95957409153033,11,2
2012-03-30 22:37:00.720790+00:00,4.76,10.52,16.07,1953.62743094697,13.116093407203069,-146.8422625243278,10,2
2012-03-30 22:38:00.720790+00:00,4.76,10.52,16.07,1953.62743094697,13.116093407203069,-146.8422625243278,10,2
2012-03-31 02:55:00.721107+00:00,16.27,33.91,40.0,7126.810068162849,16.565040426654733,-141.57383784327425,11,2
2012-03-31 02:56:00.721107+00:00,16.3,33.95,40.0,9923.817106935836,17.210769937344953,-140.2823788218938,13,2
2012-03-31 02:57:00.721107+00:00,16.32,34.0,40.0,9923.817106935836,17.210769937344953,-140.2823788218938,15,2
2012-03-31 02:58:00.721107+00:00,16.36,34.09,40.0,9923.817106935836,17.210769937344953,-140.2823788218938,17,2
2012-03-31 02:59:00.721107+00:00,16.39,34.13,40.0,9923.817106935836,17.210769937344953,-140.2823788218938,19,2
2012-03-31 03:00:00.721107+00:00,16.41,34.18,40.0,10058.309747343485,17.227245947358117,-140.2494268018675,19,2
2012-03-31 03:01:00.721107+00:00,16.45,34.27,40.0,10058.309747343485,17.227245947358117,-140.2494268018675,17,2
2012-03-31 03:02:00.721107+00:00,16.48,34.31,40.0,9991.06342713966,17.219007942351535,-140.26590281188066,16,2
2012-03-31 03:03:00.721107+00:00,16.57,34.49,40.0,9991.06342713966,17.219007942351535,-140.26590281188066,16,2
2012-03-31 03:04:00.721107+00:00,16.64,34.63,40.0,10646.441430624516,17.46342114673433,-139.77707640311507,16,2
2012-03-31 03:07:00.721107+00:00,25.19,40.0,40.0,12728.516775507169,17.97885048123944,-138.74621773410485,13,2
2012-03-31 03:08:00.721107+00:00,25.19,40.0,40.0,7954.712998542711,16.960329746613777,-140.78325920335618,13,2
2012-03-31 03:09:00.721107+00:00,25.19,40.0,40.0,7954.712998542711,16.960329746613777,-140.78325920335618,13,2
2012-03-31 03:10:00.721107+00:00,25.19,40.0,40.0,7781.866231163466,16.69303361145335,-141.31785147367702,14,2
2012-03-31 03:13:00.721107+00:00,25.19,40.0,40.0,8662.245322440187,17.435191907321595,-139.83353488194055,14,2
2012-03-31 03:14:00.721107+00:00,25.19,40.0,40.0,8662.245322440187,17.435191907321595,-139.83353488194055,12,2
2012-03-31 03:15:00.721107+00:00,25.19,40.0,40.0,7954.712998542711,16.960329746613777,-140.78325920335618,11,2
2012-03-31 03:16:00.721107+00:00,40.0,0.07,0.17,8662.245322440187,16.97517754367852,-140.7535636092267,12,2
2012-03-31 03:20:00.721107+00:00,17.54,36.42,40.0,8507.656045000189,16.74331498790429,-141.21728872077514,14,2
2012-03-31 03:21:00.721107+00:00,17.59,36.51,40.0,7582.196141915889,16.614698657722947,-141.47452138113783,14,2
2012-03-31 03:22:00.721107+00:00,17.63,36.61,40.0,7645.534443662713,16.605101138524198,-141.49371641953533,15,2
2012-03-31 03:23:00.721107+00:00,17.68,36.71,40.0,8082.384804969341,16.732792680380577,-141.23833333582257,17,2
2012-03-31 03:24:00.721107+00:00,17.73,36.81,40.0,9450.513702325672,16.76921801496283,-141.16548266665805,19,2
2012-03-31 03:25:00.721107+00:00,17.76,36.86,40.0,9485.106796800934,17.03374474810031,-140.63642920038308,20,2
2012-03-31 03:26:00.721107+00:00,7.51,16.3,24.81,9460.979524116889,16.923341085210097,-140.85723652616352,20,2
2012-03-31 03:27:00.721107+00:00,7.53,16.33,24.86,9471.4453459081,17.077464155457363,-140.548990385669,19,2
2012-03-31 03:28:00.721107+00:00,7.53,16.33,24.86,9471.4453459081,17.077464155457363,-140.548990385669,17,2
2012-03-31 03:29:00.721107+00:00,7.54,16.36,24.91,9471.4453459081,17.077464155457363,-140.548990385669,15,2
2012-03-31 03:30:00.721107+00:00,7.54,16.36,24.91,9471.4453459081,17.077464155457363,-140.548990385669,15,2
2012-03-31 03:31:00.721107+00:00,7.53,16.33,24.86,9471.4453459081,17.077464155457363,-140.548990385669,15,2
2012-03-31 03:35:00.721107+00:00,0.0,0.02,0.02,9399.165048514817,16.83958853868008,-141.02474161922356,12,2
2012-03-31 03:36:00.721107+00:00,0.0,0.02,0.02,7959.89227427018,16.812972509768656,-141.07797367704643,12,2
2012-03-31 03:37:00.721107+00:00,0.0,0.02,0.02,6548.0410351482615,16.676290114738435,-141.35133846710684,13,2
2012-03-31 03:41:00.721107+00:00,0.0,0.02,0.02,6599.547645489371,16.676290114738435,-141.35133846710684,17,2
2012-03-31 03:42:00.721107+00:00,0.0,0.02,0.02,6599.547645489371,16.676290114738435,-141.35133846710684,17,2
2012-03-31 03:43:00.721107+00:00,22.64,40.0,40.0,6599.547645489371,16.676290114738435,-141.35133846710684,17,2
2012-03-31 03:44:00.721107+00:00,31.42,40.0,40.0,6573.7943403188165,16.549954805789383,-141.60400908500495,16,2
2012-03-31 03:45:00.721107+00:00,17.54,36.42,40.0,5974.641566123448,16.189460840552464,-142.3249970154788,16,2
2012-03-31 03:46:00.721107+00:00,17.37,36.08,40.0,6656.81635024704,16.549954805789383,-141.60400908500495,16,2
2012-03-31 03:47:00.721107+00:00,17.3,35.94,40.0,7767.489389687547,16.64258231367308,-141.41875406923754,16,2
2012-03-31 03:50:00.721107+00:00,17.15,35.65,40.0,8592.139925583266,17.118591129370735,-140.46673643784226,16,2
2012-03-31 03:51:00.721107+00:00,17.13,35.61,40.0,8800.683357021193,17.118591129370735,-140.46673643784226,16,2
2012-03-31 03:52:00.721107+00:00,17.1,35.56,40.0,8800.683357021193,17.118591129370735,-140.46673643784226,16,2
2012-03-31 03:53:00.721107+00:00,17.13,35.61,40.0,9590.254364637003,16.895857172937028,-140.9122043507097,17,2
2012-03-31 03:54:00.721107+00:00,17.13,35.61,40.0,9959.383719781008,16.895857172937028,-140.9122043507097,19,2
2012-03-31 03:55:00.721107+00:00,17.13,35.61,40.0,11082.022140530606,17.31829642733915,-140.06732584190544,20,2
2012-03-31 03:56:00.721107+00:00,17.15,35.65,40.0,11082.022140530606,17.013290318284774,-140.67733806001416,20,2
2012-03-31 03:57:00.721107+00:00,17.18,35.7,40.0,10441.369343267932,16.85065552383842,-141.0026076489069,20,2
2012-03-31 03:58:00.721107+00:00,17.18,35.7,40.0,10441.369343267932,16.85065552383842,-141.0026076489069,20,2
2012-03-31 03:59:00.721107+00:00,17.2,35.75,40.0,10923.354966754858,17.16874500126319,-140.36642869405736,21,2
2012-03-31 04:00:00.721107+00:00,17.18,35.7,40.0,10923.354966754858,17.16874500126319,-140.36642869405736,21,2
2012-03-31 04:01:00.721107+00:00,17.18,35.7,40.0,10923.354966754858,17.16874500126319,-140.36642869405736,19,2
2012-03-31 04:02:00.721107+00:00,17.18,35.7,40.0,10923.354966754858,17.16874500126319,-140.36642869405736,17,2
2012-03-31 04:03:00.721107+00:00,17.18,35.7,40.0,10441.369343267932,17.065657439458974,-140.5726038176658,16,2
2012-03-31 04:04:00.721107+00:00,17.08,35.51,40.0,11398.080316053543,17.32375965475138,-140.05639938708097,16,2
2012-03-31 04:05:00.721107+00:00,16.94,35.23,40.0,11886.705143644243,17.42992224798259,-139.84407420061854,16,2
2012-03-31 04:08:00.721107+00:00,16.71,34.77,40.0,13288.010142661911,17.65023451772906,-139.4034496611256,16,2
2012-03-31 04:09:00.721107+00:00,16.66,34.68,40.0,14468.771625770054,17.478774308239572,-139.74637008010458,15,2
2012-03-31 04:10:00.721107+00:00,16.64,34.63,40.0,14884.763707824535,17.478774308239572,-139.74637008010458,15,2
2012-03-31 04:11:00.721107+00:00,16.64,34.63,40.0,14468.771625770054,17.478774308239572,-139.74637008010458,17,2
2012-03-31 04:12:00.721107+00:00,16.61,34.59,40.0,14468.771625770054,17.478774308239572,-139.74637008010458,19,2
2012-03-31 04:13:00.721107+00:00,16.59,34.54,40.0,14676.767666797296,17.5987854108735,-139.5063478748367,20,2
2012-03-31 04:14:00.721107+00:00,16.55,34.45,40.0,14660.117379643269,17.549933350616513,-139.6040519953507,20,2
2012-03-31 04:15:00.721107+00:00,16.52,34.4,40.0,13397.251959442458,17.448775415212577,-139.80636786615855,20,2
2012-03-31 04:16:00.721107+00:00,16.5,34.36,40.0,14435.471051462,17.718796513507428,-139.26632566956886,19,2
2012-03-31 04:17:00.721107+00:00,16.52,34.4,40.0,14435.471051462,17.718796513507428,-139.26632566956886,17,2
2012-03-31 04:18:00.721107+00:00,16.52,34.4,40.0,12200.55354678558,17.448775415212577,-139.80636786615855,16,2
2012-03-31 04:19:00.721107+00:00,16.5,34.36,40.0,12200.55354678558,17.655807702436825,-139.3923032917101,14,2
2012-03-31 04:20:00.721107+00:00,16.59,34.54,40.0,12200.55354678558,17.655807702436825,-139.3923032917101,14,2
2012-03-31 04:25:00.721107+00:00,16.94,35.23,40.0,16199.808181306931,18.097965287076963,-138.50798812242982,14,2
2012-03-31 04:26:00.721107+00:00,16.94,35.23,40.0,15410.20795375436,18.063069486198007,-138.5777797241877,15,2
2012-03-31 04:27:00.721107+00:00,16.94,35.23,40.0,12745.273613139958,17.57482048071935,-139.55427773514504,17,2
2012-03-31 04:28:00.721107+00:00,16.94,35.23,40.0,13891.564736802831,17.672894569939096,-139.3581295567055,18,2
2012-03-31 04:29:00.721107+00:00,16.94,35.23,40.0,13566.667245440356,17.573818689864247,-139.55628131685523,20,2
2012-03-31 04:30:00.721107+00:00,16.94,35.23,40.0,13566.667245440356,17.573818689864247,-139.55628131685523,20,2
2012-03-31 04:31:00.721107+00:00,16.89,35.14,40.0,12728.145577513636,17.549237543645155,-139.60544360929342,20,2
2012-03-31 04:32:00.721107+00:00,6.81,14.84,22.61,12728.145577513636,17.549237543645155,-139.60544360929342,20,2
2012-03-31 04:33:00.721107+00:00,6.82,14.87,22.65,12728.145577513636,17.549237543645155,-139.60544360929342,20,2
2012-03-31 04:34:00.721107+00:00,16.94,35.23,40.0,12728.145577513636,17.549237543645155,-139.60544360929342,18,2
2012-03-31 04:35:00.721107+00:00,16.94,35.23,40.0,11722.60025078733,17.30272737838005,-140.0984639398236,16,2
2012-03-31 04:36:00.721107+00:00,6.9,15.03,22.89,11722.60025078733,17.297573022157312,-140.10877265226912,14,2
2012-03-31 04:37:00.721107+00:00,6.91,15.06,22.94,11706.73193354665,16.800782009987977,-141.10235467660775,12,2
2012-03-31 04:43:00.721107+00:00,17.61,36.56,40.0,3796.782292000605,15.180825411157494,-144.34226787426874,11,2
2012-03-31 04:44:00.721107+00:00,17.54,36.42,40.0,4410.215095760707,15.200145485278412,-144.3036277260269,13,2
2012-03-31 04:45:00.721107+00:00,17.54,36.42,40.0,4634.904472194249,15.64386846934701,-143.4161817578897,15,2
2012-03-31 04:46:00.721107+00:00,17.51,36.37,40.0,5812.90464454536,16.01685670953377,-142.67020527751615,17,2
2012-03-31 04:47:00.721107+00:00,17.49,36.32,40.0,7028.093578107227,16.38035043591763,-141.94321782474847,19,2
2012-03-31 04:48:00.721107+00:00,17.44,36.22,40.0,8256.113050425683,16.83690819089164,-141.03010231480044,20,2
2012-03-31 04:49:00.721107+00:00,17.44,36.22,40.0,9361.824570706129,17.062387501266528,-140.57914369405069,20,2
2012-03-31 04:50:00.721107+00:00,17.39,36.13,40.0,10150.352508426082,17.243692168191274,-140.2165343602012,20,2
2012-03-31 04:51:00.721107+00:00,17.39,36.13,40.0,10456.284985098224,17.34504989108845,-140.01381891440684,20,2
2012-03-31 04:52:00.721107+00:00,17.37,36.08,40.0,10843.170002152234,17.514643023604087,-139.67463264937555,18,2
2012-03-31 04:53:00.721107+00:00,17.37,36.08,40.0,13440.640258278332,18.041488066166814,-138.6209425642501,16,2
2012-03-31 04:54:00.721107+00:00,17.37,36.08,40.0,13609.251986252024,18.12074620455981,-138.4624262874641,14,2
2012-03-31 04:55:00.721107+00:00,17.34,36.03,40.0,13609.251986252024,18.12074620455981,-138.4624262874641,12,2
2012-03-31 05:01:00.721107+00:00,17.51,36.37,40.0,8298.57450642021,17.410708803572934,-139.88250108943788,12,2
2012-03-31 05:02:00.721107+00:00,17.56,36.47,40.0,8111.60936092397,17.375913546698364,-139.952091603187,14,2
2012-03-31 05:03:00.721107+00:00,17.59,36.51,40.0,7263.953210096408,16.912551156052125,-140.87881638447948,16,2
2012-03-31 05:04:00.721107+00:00,17.61,36.56,40.0,7263.953210096408,16.912551156052125,-140.87881638447948,18,2
2012-03-31 05:05:00.721107+00:00,17.63,36.61,40.0,7040.784999473857,16.912551156052125,-140.87881638447948,20,2
2012-03-31 05:06:00.721107+00:00,7.61,16.49,25.09,6213.428340408296,16.846850326893758,-141.01021804279625,20,2
2012-03-31 05:07:00.721107+00:00,7.68,16.64,25.33,5380.277693763694,16.59075513607403,-141.52240842443567,20,2
2012-03-31 05:08:00.721107+00:00,7.73,16.73,25.47,5127.030517574196,16.391778703344038,-141.92036128989565,20,2
2012-03-31 05:09:00.721107+00:00,7.76,16.8,25.56,4907.101696275682,16.26441955055908,-142.17507959546558,18,2
2012-03-31 05:10:00.721107+00:00,7.82,16.92,25.75,4907.101696275682,16.26441955055908,-142.17507959546558,16,2
2012-03-31 05:11:00.721107+00:00,7.88,17.04,25.94,4907.101696275682,16.26441955055908,-142.17507959546558,14,2
2012-03-31 05:12:00.721107+00:00,7.92,17.14,26.08,4898.726526668955,16.084794545540895,-142.53432960550194,14,2
2012-03-31 05:17:00.721107+00:00,7.79,16.86,25.66,4430.025322532365,15.182689501891062,-144.3385396928016,14,2
2012-03-31 05:18:00.721107+00:00,7.74,16.76,25.52,4048.36189534263,14.86260930030559,-144.97870009597256,14,3
2012-03-31 05:19:00.721107+00:00,7.74,16.76,25.52,3968.0520646153727,14.86260930030559,-144.97870009597256,16,2
2012-03-31 05:21:00.721107+00:00,7.74,16.76,25.52,3968.0520646153727,14.86260930030559,-144.97870009597256,20,2
2012-03-31 05:22:00.721107+00:00,7.71,16.7,25.42,3968.0520646153727,14.86260930030559,-144.97870009597256,18,3
2012-03-31 05:23:00.721107+00:00,7.79,16.86,25.66,3892.7511389362817,14.738951824610831,-145.22601504736207,16,2
2012-03-31 05:24:00.721107+00:00,18.75,38.82,40.0,3830.7965260339806,14.643577207422323,-145.41676428173906,14,2
2012-03-31 05:25:00.721107+00:00,18.8,38.93,40.0,3179.3575562573305,13.786130958656324,-147.13165677927108,14,2
2012-03-31 05:30:00.721107+00:00,8.72,18.76,28.52,2399.518020810099,13.75329178066892,-147.19733513524588,18,2
2012-03-31 05:31:00.721107+00:00,8.79,18.92,28.76,2678.146795047125,13.926037591469736,-146.85184351364424,19,3
2012-03-31 05:32:00.721107+00:00,8.81,18.95,28.81,3248.177047859485,14.000028213617172,-146.7038622693494,21,3
2012-03-31 05:33:00.721107+00:00,8.82,18.98,28.86,3361.8347615229764,14.446757887653687,-145.81040292127636,23,4
2012-03-31 05:34:00.721107+00:00,8.79,18.92,28.76,3411.622309103883,14.51558317909132,-145.6727523384011,25,3
2012-03-31 05:35:00.721107+00:00,8.75,18.82,28.62,4862.055896216018,14.70077349685643,-145.30237170287086,25,2
2012-03-31 05:36:00.721107+00:00,8.73,18.79,28.57,6096.767014219819,15.759703699444604,-143.18451129769454,24,2
2012-03-31 05:37:00.721107+00:00,8.72,18.76,28.52,7341.673426238952,16.3321180146415,-142.03968266730072,23,2
2012-03-31 05:38:00.721107+00:00,8.73,18.79,28.57,9650.268236230468,16.901565872787867,-140.900786951008,22,2
2012-03-31 05:39:00.721107+00:00,8.72,18.76,28.52,10097.7675335103,17.058439124316365,-140.587040447951,20,2
2012-03-31 05:40:00.721107+00:00,8.7,18.73,28.48,10600.673714405548,17.134110839623133,-140.43569701733747,19,2
2012-03-31 05:41:00.721107+00:00,8.68,18.7,28.43,11152.204743144644,17.512805028910922,-139.67830863876188,17,2
2012-03-31 05:42:00.721107+00:00,8.68,18.7,28.43,12149.19167770302,18.093942891960083,-138.51603291266355,15,2
2012-03-31 05:43:00.721107+00:00,8.65,18.63,28.34,13541.536800261498,18.33295545164511,-138.0380077932935,13,2
2012-03-31 05:44:00.721107+00:00,8.65,18.63,28.34,17834.844186795315,18.771235883221628,-137.16144693014047,11,2
2012-03-31 05:52:00.721107+00:00,8.99,19.33,29.38,1181.8952877885686,12.348267905257732,-150.00738288606826,12,2
2012-03-31 05:53:00.721107+00:00,9.04,19.42,29.52,1269.603903293781,12.430728499700887,-149.84246169718193,14,2
2012-03-31 05:56:00.721107+00:00,9.1,19.55,29.71,1192.4779216715715,12.505753502020855,-149.692411692542,19,2
2012-03-31 05:57:00.721107+00:00,9.27,19.9,30.24,1192.4779216715715,12.505753502020855,-149.692411692542,17,2
2012-03-31 05:58:00.721107+00:00,9.49,20.34,30.91,1017.060690661146,11.896902618032364,-150.910113460519,17,2
2012-03-31 05:59:00.721107+00:00,9.62,20.6,31.3,968.1682595610278,11.829250383436095,-151.04541792971153,17,2
2012-03-31 06:12:00.721107+00:00,9.91,21.18,32.17,839.9745837855565,10.050546018125626,-154.60282666033248,15,2
2012-03-31 06:17:00.721107+00:00,9.89,21.15,32.12,1373.2637132128425,11.18181507855804,-152.34028853946765,17,2
2012-03-31 06:18:00.721107+00:00,9.92,21.21,32.22,1195.480174450025,11.28095610614073,-152.14200648430227,17,2
2012-03-31 06:21:00.721107+00:00,9.91,21.18,32.17,1407.9216077619758,11.063346235315787,-152.57722622595213,12,2
2012-03-31 07:06:00.721107+00:00,10.79,22.96,34.85,957.2932105447908,11.841121318145888,-151.02167606029195,14,2
2012-03-31 07:07:00.721107+00:00,10.79,22.96,34.85,957.2932105447908,11.841121318145888,-151.02167606029195,14,2
2012-03-31 07:21:00.721107+00:00,10.69,22.76,34.55,3927.201932677645,14.914087756559756,-144.8757431834642,11,2
2012-03-31 07:22:00.721107+00:00,10.66,22.69,34.45,3927.201932677645,14.914087756559756,-144.8757431834642,13,2
2012-03-31 07:23:00.721107+00:00,10.64,22.66,34.4,3927.201932677645,14.914087756559756,-144.8757431834642,15,2
2012-03-31 07:24:00.721107+00:00,10.62,22.63,34.35,3927.201932677645,14.914087756559756,-144.8757431834642,17,2
2012-03-31 07:25:00.721107+00:00,10.61,22.59,34.3,3455.1706263581773,14.643456726013376,-145.41700524455698,19,2
2012-03-31 07:26:00.721107+00:00,10.61,22.59,34.3,3118.5852400689164,14.545111139974532,-145.61369641663467,20,2
2012-03-31 07:27:00.721107+00:00,10.58,22.53,34.2,3046.900816637909,14.302589883152764,-146.09873893027822,20,2
2012-03-31 07:28:00.721107+00:00,10.54,22.46,34.1,3046.900816637909,14.302589883152764,-146.09873893027822,18,2
2012-03-31 07:29:00.721107+00:00,10.53,22.43,34.05,2953.70685158994,14.06847301131869,-146.56697267394634,16,2
2012-03-31 07:30:00.721107+00:00,10.51,22.39,34.0,2953.70685158994,13.937519215165306,-146.82888026625312,14,2
2012-03-31 07:31:00.721107+00:00,10.49,22.36,33.95,2769.5813759859257,13.703680745426244,-147.29655720573123,12,2
2012-03-31 07:38:00.721107+00:00,10.84,23.06,35.0,4545.823656163793,15.492437538577716,-143.7190436194283,12,2
2012-03-31 07:39:00.721107+00:00,10.82,23.03,34.95,4388.953604792143,15.492437538577716,-143.7190436194283,14,3
2012-03-31 07:40:00.721107+00:00,10.84,23.06,35.0,4388.953604792143,15.492437538577716,-143.7190436194283,16,2
2012-03-31 07:41:00.721107+00:00,10.86,23.09,35.05,4388.953604792143,15.492437538577716,-143.7190436194283,18,2
2012-03-31 07:42:00.721107+00:00,10.86,23.09,35.05,4040.3736220962473,15.285385785736835,-144.13314712511004,20,2
2012-03-31 07:43:00.721107+00:00,10.87,23.13,35.1,3842.4641927122175,15.18142762583367,-144.3410634449164,21,2
2012-03-31 07:44:00.721107+00:00,10.91,23.2,35.2,3765.9800620734,15.18142762583367,-144.3410634449164,21,2
2012-03-31 07:45:00.721107+00:00,10.92,23.23,35.25,3754.6528260104415,15.18142762583367,-144.3410634449164,21,2
2012-03-31 07:46:00.721107+00:00,10.94,23.26,35.3,3742.857057618727,15.18142762583367,-144.3410634449164,21,2
2012-03-31 07:47:00.721107+00:00,10.96,23.3,35.35,3491.7878677421268,15.187478878992348,-144.32896093859904,20,2
2012-03-31 07:48:00.721107+00:00,10.96,23.3,35.35,3489.797426138843,15.18142762583367,-144.3410634449164,17,2
2012-03-31 07:49:00.721107+00:00,10.97,23.33,35.41,3489.797426138843,15.18142762583367,-144.3410634449164,15,2
2012-03-31 07:50:00.721107+00:00,10.99,23.36,35.46,3489.797426138843,15.18142762583367,-144.3410634449164,13,2
2012-03-31 07:51:00.721107+00:00,11.02,23.43,35.56,3489.797426138843,15.18142762583367,-144.3410634449164,13,2
2012-03-31 07:56:00.721107+00:00,10.99,23.36,35.46,3634.083024078128,15.359041573988266,-143.98583554860718,13,2
2012-03-31 07:57:00.721107+00:00,10.97,23.33,35.41,4060.308651774265,15.457588441092476,-143.78874181439878,14,2
2012-03-31 07:58:00.721107+00:00,10.94,23.26,35.3,4060.308651774265,15.457588441092476,-143.78874181439878,16,2
2012-03-31 07:59:00.721107+00:00,10.92,23.23,35.25,4060.308651774265,15.457588441092476,-143.78874181439878,18,3
2012-03-31 08:00:00.721107+00:00,10.91,23.2,35.2,3634.083024078128,15.265080929874856,-144.173756836834,21,2
2012-03-31 08:01:00.721107+00:00,10.87,23.13,35.1,3633.171977313114,15.10459926352133,-144.49472016954107,21,2
2012-03-31 08:02:00.721107+00:00,10.86,23.09,35.05,3464.997816054382,14.730224588708808,-145.2434695191661,21,2
2012-03-31 08:03:00.721107+00:00,10.84,23.06,35.0,3436.4411631630646,14.69959675047142,-145.30472519564086,20,2
2012-03-31 08:04:00.721107+00:00,10.79,22.96,34.85,3421.043650101791,14.69959675047142,-145.30472519564086,18,2
2012-03-31 08:05:00.721107+00:00,10.76,22.89,34.75,3308.4102202379745,14.63143016962901,-145.4410583573257,16,2
2012-03-31 08:06:00.721107+00:00,10.72,22.83,34.65,3201.1267242368976,14.584761859350886,-145.53439497788196,14,2
2012-03-31 08:12:00.721107+00:00,10.74,22.86,34.7,1373.942066234551,12.844021299998031,-149.01587609658765,12,2
2012-03-31 08:13:00.721107+00:00,10.71,22.79,34.6,1440.4660601539065,12.891073029862753,-148.9217726368582,13,2
2012-03-31 08:15:00.721107+00:00,10.71,22.79,34.6,1440.4660601539065,12.891073029862753,-148.9217726368582,17,2
2012-03-31 08:16:00.721107+00:00,10.72,22.83,34.65,1440.4660601539065,12.891073029862753,-148.9217726368582,19,2
2012-03-31 08:17:00.721107+00:00,10.69,22.76,34.55,1440.4660601539065,12.89623712363656,-148.9114444493106,21,2
2012-03-31 08:18:00.721107+00:00,10.66,22.69,34.45,1413.1517819596909,12.893655076749656,-148.9166085430844,20,2
2012-03-31 08:19:00.721107+00:00,10.66,22.69,34.45,1413.1517819596909,13.023176967452637,-148.65756476167846,20,2
2012-03-31 08:20:00.721107+00:00,10.64,22.66,34.4,1586.8496308272674,13.023176967452637,-148.65756476167846,20,2
2012-03-31 08:21:00.721107+00:00,10.64,22.66,34.4,1686.8860942761994,13.178913244751218,-148.34609220708128,20,2
2012-03-31 08:22:00.721107+00:00,10.64,22.66,34.4,1686.8860942761994,13.178913244751218,-148.34609220708128,20,2
2012-03-31 08:23:00.721107+00:00,10.64,22.66,34.4,1686.8860942761994,13.178913244751218,-148.34609220708128,20,2
2012-03-31 08:24:00.721107+00:00,10.62,22.63,34.35,1686.8860942761994,13.178913244751218,-148.34609220708128,20,2
2012-03-31 08:25:00.721107+00:00,10.62,22.63,34.35,1930.8636683373588,13.524427053862516,-147.6550645888587,19,2
2012-03-31 08:26:00.721107+00:00,10.61,22.59,34.3,2005.6710934457208,13.524427053862516,-147.6550645888587,17,2
2012-03-31 08:27:00.721107+00:00,10.61,22.59,34.3,2130.749408454044,13.524427053862516,-147.6550645888587,15,2
2012-03-31 08:28:00.721107+00:00,10.61,22.59,34.3,2130.749408454044,13.524427053862516,-147.6550645888587,13,2
2012-03-31 08:29:00.721107+00:00,10.59,22.56,34.25,2130.749408454044,13.524427053862516,-147.6550645888587,11,2
2012-03-31 08:35:00.721107+00:00,10.17,21.7,32.96,4028.8977065168046,14.093017436474238,-146.51788382363526,11,3
2012-03-31 08:36:00.721107+00:00,10.12,21.6,32.81,4400.60197180673,14.093017436474238,-146.51788382363526,13,2
2012-03-31 08:38:00.721107+00:00,10.07,21.51,32.66,4400.60197180673,14.093017436474238,-146.51788382363526,17,3
2012-03-31 08:40:00.721107+00:00,9.99,21.34,32.42,4258.566144135517,13.974219304337346,-146.75548008790904,20,3
2012-03-31 08:41:00.721107+00:00,9.92,21.21,32.22,4400.60197180673,13.855421172200456,-146.9930763521828,19,2
2012-03-31 08:43:00.721107+00:00,9.97,21.31,32.37,4296.451903785888,14.044805665595357,-146.61430736539302,19,2
2012-03-31 08:44:00.721107+00:00,10.01,21.38,32.47,4314.696934621646,14.093017436474238,-146.51788382363526,19,2
2012-03-31 08:45:00.721107+00:00,10.02,21.41,32.51,4296.451903785888,14.11682032263192,-146.4702780513199,19,2
2012-03-31 08:47:00.721107+00:00,10.02,21.41,32.51,4223.332314270665,14.173086644577843,-146.35774540742804,16,2
2012-03-31 08:48:00.721107+00:00,10.04,21.44,32.56,4223.332314270665,14.295656746789934,-146.11260520300385,14,2
2012-03-31 08:49:00.721107+00:00,10.05,21.47,32.61,4223.332314270665,14.404165717351129,-145.89558726188147,14,2
2012-03-31 08:50:00.721107+00:00,10.05,21.47,32.61,4223.332314270665,14.590890873650917,-145.5221369492819,14,2
2012-03-31 08:54:00.721107+00:00,10.04,21.44,32.56,3510.999355528971,14.60280327912335,-145.498312138337,15,2
2012-03-31 08:55:00.721107+00:00,10.07,21.51,32.66,3510.999355528971,14.87074319280664,-144.96243231097046,15,2
2012-03-31 08:56:00.721107+00:00,10.09,21.54,32.71,3564.283745921475,14.677803408235146,-145.34831188011344,16,2
2012-03-31 08:57:00.721107+00:00,10.09,21.54,32.71,3777.942137849749,14.677803408235146,-145.34831188011344,18,2
2012-03-31 08:58:00.721107+00:00,10.09,21.54,32.71,3973.817397700604,14.689011482152138,-145.32589573227943,20,2
2012-03-31 08:59:00.721107+00:00,10.09,21.54,32.71,3973.817397700604,14.689011482152138,-145.32589573227943,20,2
2012-03-31 09:00:00.721107+00:00,10.09,21.54,32.71,4265.507058488915,14.689011482152138,-145.32589573227943,20,2
2012-03-31 09:01:00.721107+00:00,10.09,21.54,32.71,4521.695460962144,14.87074319280664,-144.96243231097046,21,2
2012-03-31 09:02:00.721107+00:00,10.09,21.54,32.71,4549.585873009582,14.918237579649578,-144.86744353728457,20,2
2012-03-31 09:03:00.721107+00:00,10.07,21.51,32.66,4549.585873009582,14.893505456432736,-144.91690778371827,20,2
2012-03-31 09:04:00.721107+00:00,10.05,21.47,32.61,4543.679342213647,14.886872306083202,-144.93017408441733,19,2
2012-03-31 09:05:00.721107+00:00,10.05,21.47,32.61,4521.695460962144,14.862729576554612,-144.97845954347451,17,2
2012-03-31 09:06:00.721107+00:00,10.04,21.44,32.56,4521.695460962144,14.862729576554612,-144.97845954347451,15,2
2012-03-31 09:07:00.721107+00:00,10.01,21.38,32.47,3907.696984302044,14.862729576554612,-144.97845954347451,13,2
2012-03-31 09:08:00.721107+00:00,9.97,21.31,32.37,3588.233282870829,14.230110894187396,-146.24369690820893,13,2
2012-03-31 09:13:00.721107+00:00,9.65,20.66,31.39,2890.126621848413,13.60220825501034,-147.49950218656306,13,2
2012-03-31 09:14:00.721107+00:00,9.61,20.57,31.25,2884.1255205288858,13.564677895704616,-147.5745629051745,14,2
2012-03-31 09:15:00.721107+00:00,9.56,20.47,31.1,2884.1255205288858,13.564677895704616,-147.5745629051745,16,2
2012-03-31 09:16:00.721107+00:00,9.57,20.5,31.15,2884.1255205288858,13.564677895704616,-147.5745629051745,18,2
2012-03-31 09:17:00.721107+00:00,9.57,20.5,31.15,2884.1255205288858,13.564677895704616,-147.5745629051745,20,2
2012-03-31 09:18:00.721107+00:00,9.56,20.47,31.1,3016.991873829994,13.564677895704616,-147.5745629051745,20,2
2012-03-31 09:19:00.721107+00:00,9.54,20.44,31.06,3016.991873829994,13.564677895704616,-147.5745629051745,20,2
2012-03-31 09:20:00.721107+00:00,9.56,20.47,31.1,3077.9448544870847,13.547112116045785,-147.60969446449218,20,2
2012-03-31 09:21:00.721107+00:00,9.56,20.47,31.1,2967.983609188627,13.483269934654556,-147.73737882727465,20,2
2012-03-31 09:22:00.721107+00:00,9.57,20.5,31.15,2792.4543747148373,13.17803135573682,-148.34785598511007,19,2
2012-03-31 09:23:00.721107+00:00,9.56,20.47,31.1,2792.4543747148373,13.17803135573682,-148.34785598511007,17,2
2012-03-31 09:24:00.721107+00:00,9.56,20.47,31.1,2792.4543747148373,13.17803135573682,-148.34785598511007,15,2
2012-03-31 09:25:00.721107+00:00,9.75,20.86,31.69,2792.4543747148373,12.954442427444109,-148.7950338416955,13,2
2012-03-31 09:26:00.721107+00:00,9.78,20.92,31.78,2792.4543747148373,12.838599027642273,-149.0267206412992,11,2
2012-03-31 09:32:00.721107+00:00,9.24,19.83,30.14,2337.0663627854024,12.656964133987811,-149.38999042860812,11,2
2012-03-31 09:33:00.721107+00:00,9.26,19.87,30.19,1862.6304374821757,12.656964133987811,-149.38999042860812,13,2
2012-03-31 09:34:00.721107+00:00,9.26,19.87,30.19,1570.0412055940296,12.656964133987811,-149.38999042860812,15,2
2012-03-31 09:35:00.721107+00:00,9.26,19.87,30.19,1522.4672082151596,12.589397984034797,-149.52512272851413,17,2
2012-03-31 09:36:00.721107+00:00,9.26,19.87,30.19,1465.470736815077,12.623181059011303,-149.45755657856114,18,2
2012-03-31 09:37:00.721107+00:00,9.26,19.87,30.19,1465.470736815077,12.680056085071495,-149.34380652644074,18,2
2012-03-31 09:50:00.721107+00:00,19.95,40.0,40.0,2176.671005536789,13.709888844706526,-147.28414100717066,12,2
2012-03-31 09:51:00.721107+00:00,8.76,18.85,28.67,2529.765606727248,13.709888844706526,-147.28414100717066,14,2
2012-03-31 09:52:00.721107+00:00,8.96,19.26,29.28,2852.782811930565,13.89451334930376,-146.9148919979762,17,2
2012-03-31 09:53:00.721107+00:00,9.09,19.52,29.66,2852.782811930565,13.89451334930376,-146.9148919979762,19,2
2012-03-31 09:54:00.721107+00:00,9.18,19.71,29.95,2852.782811930565,13.89451334930376,-146.9148919979762,21,2
2012-03-31 09:55:00.721107+00:00,9.23,19.8,30.09,2852.782811930565,13.89451334930376,-146.9148919979762,21,2
2012-03-31 09:56:00.721107+00:00,9.26,19.87,30.19,2852.782811930565,13.525264340109294,-147.65339001636514,19,2
2012-03-31 09:57:00.721107+00:00,9.31,19.96,30.33,2852.782811930565,13.449714636217212,-147.8044894241493,17,3
2012-03-31 09:58:00.721107+00:00,9.37,20.09,30.53,2852.782811930565,13.449714636217212,-147.8044894241493,15,2
2012-03-31 09:59:00.721107+00:00,9.46,20.28,30.81,2741.636333269368,13.35883604583548,-147.98624660491276,14,2
2012-03-31 10:04:00.721107+00:00,11.08,23.53,35.71,1240.0198419947556,12.65196050743797,-149.3999976817078,11,2
2012-03-31 10:05:00.721107+00:00,11.08,23.53,35.71,1077.388834561844,12.529050130956096,-149.64581843467153,9,2
2012-03-31 10:08:00.721107+00:00,11.04,23.47,35.61,1275.2552604627667,12.233609764597308,-150.2366991673891,14,2
2012-03-31 10:11:00.721107+00:00,11.04,23.47,35.61,1244.04422610763,11.752286669826155,-151.19934535693142,16,2
2012-03-31 10:12:00.721107+00:00,11.04,23.47,35.61,1248.0686102205048,11.657735810900316,-151.3884470747831,15,2
2012-03-31 10:13:00.721107+00:00,10.13,21.64,32.86,1109.547151657208,11.63822262962966,-151.4274734373244,16,2
2012-03-31 10:34:00.721107+00:00,10.41,22.2,33.7,1155.7149032354312,11.687822756953274,-151.32827318267718,18,3
2012-03-31 10:35:00.721107+00:00,10.41,22.2,33.7,1156.338991500627,11.775409071577457,-151.15310055342883,17,2
2012-03-31 10:36:00.721107+00:00,10.41,22.2,33.7,1156.338991500627,11.775409071577457,-151.15310055342883,17,2
2012-03-31 10:37:00.721107+00:00,10.44,22.26,33.8,1243.7333482946476,11.898009490281542,-150.90789971602064,15,2
2012-03-31 10:38:00.721107+00:00,10.51,22.39,34.0,1381.6198385716857,11.945736469284205,-150.81244575801531,12,2
2012-03-31 10:46:00.721107+00:00,10.54,22.46,34.1,1111.2685204677052,12.417812389478383,-149.86829391762697,8,2
2012-03-31 10:47:00.721107+00:00,10.56,22.49,34.15,1104.5462742251818,12.367564219212966,-149.9687902581578,9,2
2012-03-31 11:38:00.721107+00:00,9.97,21.31,32.37,807.0022844028995,11.297915216263627,-152.10808826405645,17,2
2012-03-31 12:10:00.721424+00:00,18.08,37.5,40.0,6556.971211296677,15.659854625726126,-141.31536755749318,11,2
2012-03-31 12:11:00.721424+00:00,18.01,37.35,40.0,6617.327765741678,15.659854625726126,-141.31536755749318,13,2
2012-03-31 12:12:00.721424+00:00,17.93,37.2,40.0,6671.178258741906,15.83678745782768,-140.96150189329006,14,2
2012-03-31 12:13:00.721424+00:00,17.93,37.2,40.0,6587.149488519178,15.66926138608727,-141.29655403677089,16,2
2012-03-31 12:14:00.721424+00:00,17.93,37.2,40.0,6587.149488519178,15.66926138608727,-141.29655403677089,16,2
2012-03-31 12:15:00.721424+00:00,17.93,37.2,40.0,6617.327765741678,15.678668146448413,-141.2777405160486,15,2
2012-03-31 12:16:00.721424+00:00,7.62,16.52,25.14,6725.028751742134,15.678668146448413,-141.2777405160486,13,2
2012-03-31 12:23:00.721424+00:00,16.66,34.68,40.0,9023.854096511091,16.442366910275176,-139.7503429883951,12,2
2012-03-31 12:24:00.721424+00:00,16.61,34.59,40.0,9023.854096511091,16.442366910275176,-139.7503429883951,14,2
2012-03-31 12:25:00.721424+00:00,16.57,34.49,40.0,9023.854096511091,16.442366910275176,-139.7503429883951,16,2
2012-03-31 12:26:00.721424+00:00,16.52,34.4,40.0,9023.854096511091,16.442366910275176,-139.7503429883951,18,2
2012-03-31 12:27:00.721424+00:00,16.48,34.31,40.0,10114.458411609292,16.521556058619034,-139.59196469170735,20,2
2012-03-31 12:28:00.721424+00:00,16.45,34.27,40.0,10958.520425526369,16.75123869065793,-139.13259942762957,18,2
2012-03-31 12:29:00.721424+00:00,16.41,34.18,40.0,10958.520425526369,16.75123869065793,-139.13259942762957,16,2
2012-03-31 12:30:00.721424+00:00,16.36,34.09,40.0,11258.658937171198,16.927267581909547,-138.78054164512633,14,2
2012-03-31 12:31:00.721424+00:00,16.25,33.86,40.0,11423.202434660212,17.4594434650904,-137.71618987876462,13,2
2012-03-31 12:36:00.721424+00:00,15.57,32.5,40.0,9849.620289611416,16.57171812408671,-139.491640560772,13,2
2012-03-31 12:37:00.721424+00:00,15.44,32.25,40.0,9680.346547708625,16.57171812408671,-139.491640560772,13,2
2012-03-31 12:38:00.721424+00:00,15.37,32.12,40.0,9680.346547708625,16.57171812408671,-139.491640560772,15,2
2012-03-31 12:39:00.721424+00:00,15.33,32.04,40.0,9849.620289611416,16.57171812408671,-139.491640560772,17,2
2012-03-31 12:40:00.721424+00:00,15.25,31.87,40.0,9927.217806755469,16.57171812408671,-139.491640560772,19,2
2012-03-31 12:41:00.721424+00:00,15.14,31.66,40.0,9986.573442146022,16.45273721862217,-139.7296023717011,20,2
2012-03-31 12:42:00.721424+00:00,15.04,31.45,40.0,10846.502568458138,16.45273721862217,-139.7296023717011,20,2
2012-03-31 12:43:00.721424+00:00,14.93,31.24,40.0,10846.502568458138,16.45273721862217,-139.7296023717011,20,2
2012-03-31 12:44:00.721424+00:00,14.89,31.16,40.0,11741.484304044803,16.518927529914265,-139.5972217491169,20,2
2012-03-31 12:45:00.721424+00:00,14.85,31.07,40.0,11870.84979699515,16.518927529914265,-139.5972217491169,18,2
2012-03-31 12:46:00.721424+00:00,14.81,30.99,40.0,12487.689072652727,16.591114598560285,-139.45284761182486,16,2
2012-03-31 12:47:00.721424+00:00,14.74,30.87,40.0,13069.571100025065,16.33375631315763,-139.96756418263018,15,2
2012-03-31 12:48:00.721424+00:00,14.68,30.75,40.0,11905.807045280391,16.33375631315763,-139.96756418263018,15,2
2012-03-31 12:52:00.721424+00:00,5.5,12.1,18.46,6725.129387677338,15.623143403852929,-141.38879000123956,15,2
2012-03-31 12:53:00.721424+00:00,5.44,11.97,18.26,5745.313778890336,15.450844450636875,-141.73338790767167,15,2
2012-03-31 12:54:00.721424+00:00,5.3,11.67,17.81,5016.611306562045,15.347171589158044,-141.94073363062932,15,2
2012-03-31 12:55:00.721424+00:00,14.02,29.42,40.0,4962.600758536211,15.347171589158044,-141.94073363062932,17,2
2012-03-31 12:56:00.721424+00:00,14.0,29.39,40.0,4962.600758536211,15.347171589158044,-141.94073363062932,19,2
2012-03-31 12:57:00.721424+00:00,13.98,29.35,40.0,4720.734881280612,15.176298971940051,-142.28247886506531,20,2
2012-03-31 12:58:00.721424+00:00,13.94,29.27,40.0,4487.7622789299685,15.176298971940051,-142.28247886506531,20,2
2012-03-31 12:59:00.721424+00:00,13.9,29.19,40.0,4324.136041868146,14.942743050516764,-142.7495907079119,20,2
2012-03-31 13:00:00.721424+00:00,13.82,29.03,40.0,4087.3263333764817,14.885344881158744,-142.86438704662794,20,2
2012-03-31 13:01:00.721424+00:00,13.75,28.88,40.0,3739.5700339795226,15.011868066441057,-142.61134067606332,20,2
2012-03-31 13:02:00.721424+00:00,13.71,28.8,40.0,3436.22580985744,15.011868066441057,-142.61134067606332,18,2
2012-03-31 13:03:00.721424+00:00,13.71,28.8,40.0,3359.0386603556985,15.058363950662793,-142.51834890761984,16,2
2012-03-31 13:04:00.721424+00:00,13.73,28.84,40.0,3313.27616528884,15.058363950662793,-142.51834890761984,14,2
2012-03-31 13:05:00.721424+00:00,13.75,28.88,40.0,3404.280973604088,15.113238002904488,-142.40860080313644,12,2
2012-03-31 13:11:00.721424+00:00,13.3,28.0,40.0,7812.116325133085,16.287869806803357,-140.0593371953387,11,2
2012-03-31 13:12:00.721424+00:00,4.79,10.59,16.17,7812.116325133085,16.287869806803357,-140.0593371953387,13,2
2012-03-31 13:13:00.721424+00:00,4.74,10.49,16.01,7191.236682685722,16.237228221480965,-140.1606203659835,15,2
2012-03-31 13:14:00.721424+00:00,4.76,10.52,16.07,7191.236682685722,16.13033734624999,-140.37440211644545,17,2
2012-03-31 13:15:00.721424+00:00,4.77,10.56,16.12,7191.236682685722,15.87692755302938,-140.88122170288668,19,2
2012-03-31 13:16:00.721424+00:00,4.74,10.49,16.01,6932.371338583734,15.57563841033155,-141.48379998828233,20,2
2012-03-31 13:17:00.721424+00:00,13.15,27.7,40.0,6512.287956555421,15.382654857208223,-141.86976709452898,20,2
2012-03-31 13:18:00.721424+00:00,13.12,27.62,40.0,6006.634536112731,15.203908339192536,-142.22726013056035,20,2
2012-03-31 13:19:00.721424+00:00,13.08,27.55,40.0,5587.65783046473,15.040442937769413,-142.5541909334066,20,2
2012-03-31 13:20:00.721424+00:00,13.02,27.44,40.0,5259.556146254654,14.73456942609927,-143.16593795674692,20,2
2012-03-31 13:21:00.721424+00:00,12.99,27.36,40.0,5259.556146254654,14.73456942609927,-143.16593795674692,18,2
2012-03-31 13:22:00.721424+00:00,12.95,27.29,40.0,5259.556146254654,14.73456942609927,-143.16593795674692,16,2
2012-03-31 13:23:00.721424+00:00,12.91,27.21,40.0,5259.556146254654,14.67459696932855,-143.28588287028833,14,2
2012-03-31 13:24:00.721424+00:00,12.87,27.14,40.0,4860.706367924658,14.41624431458801,-143.80258817976943,12,2
2012-03-31 13:30:00.721424+00:00,12.45,26.3,39.87,5500.815203403372,14.440084485471122,-143.7549078380032,12,2
2012-03-31 13:31:00.721424+00:00,12.44,26.26,39.81,5500.815203403372,14.440084485471122,-143.7549078380032,14,2
2012-03-31 13:32:00.721424+00:00,12.45,26.3,39.87,5912.919246115756,14.465282237261125,-143.7045123344232,16,2
2012-03-31 13:33:00.721424+00:00,12.45,26.3,39.87,6111.074089319731,14.510936306933196,-143.61320419507905,18,2
2012-03-31 13:34:00.721424+00:00,12.45,26.3,39.87,6111.074089319731,14.510936306933196,-143.61320419507905,20,2
2012-03-31 13:35:00.721424+00:00,12.44,26.26,39.81,6111.074089319731,14.555677955630063,-143.5237208976853,20,2
2012-03-31 13:36:00.721424+00:00,12.44,26.26,39.81,5912.919246115756,14.555677955630063,-143.5237208976853,20,2
2012-03-31 13:37:00.721424+00:00,12.44,26.26,39.81,5912.919246115756,14.789685995096484,-143.05570481875247,20,2
2012-03-31 13:38:00.721424+00:00,12.42,26.23,39.76,5912.919246115756,14.830237607812029,-142.97460159332138,20,2
2012-03-31 13:39:00.721424+00:00,12.4,26.19,39.7,6190.465631349169,15.024895437500009,-142.58528593394544,20,2
2012-03-31 13:40:00.721424+00:00,12.38,26.15,39.65,6190.465631349169,15.024895437500009,-142.58528593394544,18,2
2012-03-31 13:41:00.721424+00:00,12.38,26.15,39.65,6190.465631349169,15.024895437500009,-142.58528593394544,16,2
2012-03-31 13:42:00.721424+00:00,12.35,26.08,39.54,6190.465631349169,15.061093045300314,-142.5128907183448,14,2
2012-03-31 13:43:00.721424+00:00,12.36,26.12,39.59,5656.28138767989,14.765052483167665,-143.1049718426101,14,2
2012-03-31 13:48:00.721424+00:00,12.33,26.05,39.49,1492.049781895672,12.692600861081226,-147.249875086783,13,2
2012-03-31 13:49:00.721424+00:00,12.53,26.44,40.0,1023.026696580574,12.1140071547509,-148.40706249944364,13,2
2012-03-31 13:50:00.721424+00:00,12.53,26.44,40.0,1023.026696580574,12.1140071547509,-148.40706249944364,15,2
2012-03-31 13:51:00.721424+00:00,12.51,26.41,40.0,1023.026696580574,12.25149587313574,-148.13208506267395,17,2
2012-03-31 13:55:00.721424+00:00,12.42,26.23,39.76,1423.6898045242106,13.159280172682823,-146.31651646357977,19,2
2012-03-31 13:56:00.721424+00:00,12.42,26.23,39.76,1656.2555613969394,13.50134911554649,-145.63237857785245,17,2
2012-03-31 13:57:00.721424+00:00,12.42,26.23,39.76,3044.128466437494,14.724262381801502,-143.18655204534244,15,2
2012-03-31 13:58:00.721424+00:00,12.42,26.23,39.76,3148.565631443524,14.993060392746438,-142.64895602345257,14,2
2012-03-31 13:59:00.721424+00:00,12.42,26.23,39.76,3701.7654451960425,15.266254393668742,-142.10256802160794,12,2
2012-03-31 14:06:00.721424+00:00,4.58,10.14,15.48,10300.672304883485,16.83342589509167,-138.9682250187621,12,2
2012-03-31 14:07:00.721424+00:00,4.56,10.1,15.43,10300.672304883485,16.83342589509167,-138.9682250187621,14,2
2012-03-31 14:08:00.721424+00:00,4.58,10.14,15.48,10300.672304883485,16.83342589509167,-138.9682250187621,16,2
2012-03-31 14:09:00.721424+00:00,4.59,10.17,15.54,10111.16233077686,16.668153945430582,-139.29876891808425,18,2
2012-03-31 14:10:00.721424+00:00,4.61,10.21,15.59,9685.647690094149,16.51048083547788,-139.61411513798967,20,2
2012-03-31 14:11:00.721424+00:00,4.64,10.28,15.7,9685.647690094149,16.51048083547788,-139.61411513798967,20,2
2012-03-31 14:12:00.721424+00:00,4.66,10.31,15.75,9094.046896720429,16.327821295169706,-139.979434218606,20,2
2012-03-31 14:13:00.721424+00:00,4.72,10.45,15.96,8730.704593789676,15.954036111536956,-140.72700458587153,19,2
2012-03-31 14:14:00.721424+00:00,13.61,28.61,40.0,8125.543767331238,15.842488032202386,-140.95010074454066,17,2
2012-03-31 14:15:00.721424+00:00,13.61,28.61,40.0,7310.857217074805,15.5816181766607,-141.47184045562403,16,2
2012-03-31 14:16:00.721424+00:00,4.81,10.63,16.22,6018.828732002199,15.445762964934747,-141.74355087907594,16,2
2012-03-31 14:17:00.721424+00:00,4.85,10.73,16.38,5003.119121172156,15.244422403310883,-142.14623200232364,16,2
2012-03-31 14:20:00.721424+00:00,4.97,10.97,16.74,3846.2128411271824,14.867223045704025,-142.90063071753738,16,2
2012-03-31 14:21:00.721424+00:00,12.86,27.1,40.0,3827.84070196908,14.867223045704025,-142.90063071753738,16,2
2012-03-31 14:22:00.721424+00:00,12.82,27.03,40.0,3814.866090789027,14.746725503855114,-143.1416258012352,16,2
2012-03-31 14:23:00.721424+00:00,12.76,26.92,40.0,3968.800861885296,14.904282618489738,-142.82651157196594,17,2
2012-03-31 14:24:00.721424+00:00,12.76,26.92,40.0,3968.800861885296,14.904282618489738,-142.82651157196594,19,2
2012-03-31 14:25:00.721424+00:00,12.73,26.84,40.0,3814.866090789027,14.578129069057084,-143.47881867083126,20,2
2012-03-31 14:26:00.721424+00:00,12.67,26.73,40.0,3572.179830853633,14.465011184188045,-143.7050544405693,20,2
2012-03-31 14:27:00.721424+00:00,12.64,26.66,40.0,3572.179830853633,14.148734992674932,-144.33760682359556,20,2
2012-03-31 14:28:00.721424+00:00,12.58,26.55,40.0,3572.179830853633,13.92470144602608,-144.78567391689327,20,2
2012-03-31 14:29:00.721424+00:00,12.53,26.44,40.0,3266.1338047432805,13.76386697359651,-145.1073428617524,20,2
2012-03-31 14:30:00.721424+00:00,12.47,26.33,39.92,2982.0098641550467,13.604383267227853,-145.42631027448974,20,2
2012-03-31 14:31:00.721424+00:00,12.42,26.23,39.76,2780.958624691768,13.58850589990294,-145.45806500913957,20,2
2012-03-31 14:32:00.721424+00:00,12.38,26.15,39.65,2780.958624691768,13.47364137177907,-145.6877940653873,18,2
2012-03-31 14:33:00.721424+00:00,12.35,26.08,39.54,2760.8748354837808,13.22859388555446,-146.1778890378365,16,2
2012-03-31 14:34:00.721424+00:00,12.31,26.01,39.43,2760.8748354837808,13.044531901372718,-146.54601300619998,14,2
2012-03-31 14:35:00.721424+00:00,12.2,25.79,39.11,2733.2887424794394,12.61098658036606,-147.4131036482133,13,2
2012-03-31 14:40:00.721424+00:00,11.5,24.39,37.0,1524.2451416435458,11.745893707859846,-149.14328939322576,13,2
2012-03-31 14:41:00.721424+00:00,11.36,24.11,36.58,1524.2451416435458,11.815564097918418,-149.0039486131086,13,2
2012-03-31 14:43:00.721424+00:00,11.11,23.6,35.81,2149.150309498009,12.16515311418016,-148.3047705805851,17,2
2012-03-31 14:44:00.721424+00:00,11.06,23.5,35.66,2909.9742720378767,12.16515311418016,-148.3047705805851,19,2
2012-03-31 14:45:00.721424+00:00,11.02,23.43,35.56,2878.89920733705,12.20386557909455,-148.22734565075632,20,2
2012-03-31 14:46:00.721424+00:00,10.99,23.36,35.46,2878.89920733705,12.285825098110928,-148.06342661272356,20,2
2012-03-31 14:47:00.721424+00:00,10.96,23.3,35.35,2878.89920733705,12.20386557909455,-148.22734565075632,20,2
2012-03-31 14:48:00.721424+00:00,10.94,23.26,35.3,2878.89920733705,11.990358606049288,-148.65435959684686,20,2
2012-03-31 14:49:00.721424+00:00,10.87,23.13,35.1,2878.89920733705,11.607894996087753,-149.41928681676993,20,2
2012-03-31 14:50:00.721424+00:00,10.79,22.96,34.85,2207.2184410999453,11.327228396759317,-149.9806200154268,19,2
2012-03-31 15:00:00.721424+00:00,3.88,8.63,13.19,3363.2176689690755,12.717382049304163,-147.2003127103371,10,2
2012-03-31 15:01:00.721424+00:00,3.89,8.67,13.25,3168.25912699345,12.717382049304163,-147.2003127103371,12,2
2012-03-31 15:02:00.721424+00:00,3.89,8.67,13.25,2966.72387803977,12.717382049304163,-147.2003127103371,14,2
2012-03-31 15:04:00.721424+00:00,9.01,19.36,29.43,2848.6443993176485,12.8827191840527,-146.86963844084002,18,2
2012-03-31 15:05:00.721424+00:00,8.93,19.2,29.19,2872.678073153609,12.902694791721864,-146.8296872255017,19,2
2012-03-31 15:06:00.721424+00:00,8.84,19.01,28.9,2836.9694590937047,12.902694791721864,-146.8296872255017,19,2
2012-03-31 15:07:00.721424+00:00,8.76,18.85,28.67,2824.610725481688,12.931630478422116,-146.77181585210118,19,2
2012-03-31 15:08:00.721424+00:00,8.67,18.67,28.38,2464.236213509728,12.931630478422116,-146.77181585210118,19,2
2012-03-31 15:09:00.721424+00:00,8.58,18.48,28.1,2422.391285657466,12.751825500323454,-147.1314258082985,20,2
2012-03-31 15:10:00.721424+00:00,8.53,18.38,27.96,2380.5463578052045,12.931630478422116,-146.77181585210118,19,2
2012-03-31 15:11:00.721424+00:00,8.53,18.38,27.96,2380.5463578052045,13.094976793025628,-146.44512322289418,17,2
2012-03-31 15:12:00.721424+00:00,8.52,18.35,27.91,2380.5463578052045,13.259637973525782,-146.11580086189386,15,2
2012-03-31 15:13:00.721424+00:00,8.52,18.35,27.91,2380.5463578052045,13.259637973525782,-146.11580086189386,13,2
2012-03-31 15:14:00.721424+00:00,8.52,18.35,27.91,2171.7942986104845,12.339208244019591,-147.95666032090625,12,2
2012-03-31 15:19:00.721424+00:00,8.93,19.2,29.19,1347.486229020403,12.899036634312148,-146.83700354032112,12,2
2012-03-31 15:20:00.721424+00:00,8.96,19.26,29.28,1181.7178652028665,12.638907472224282,-147.35726186449685,13,2
2012-03-31 15:21:00.721424+00:00,8.93,19.2,29.19,1274.02040279572,13.402333396979651,-145.83041001498611,15,2
2012-03-31 15:22:00.721424+00:00,8.84,19.01,28.9,1596.5835936650503,13.43832367812473,-145.75842945269596,17,2
2012-03-31 15:23:00.721424+00:00,8.72,18.76,28.52,1742.0402897126078,13.59234530923526,-145.45038619047492,19,2
2012-03-31 15:24:00.721424+00:00,8.61,18.54,28.19,1925.8203365587967,13.828323610000878,-144.97842958894367,20,2
2012-03-31 15:25:00.721424+00:00,8.55,18.41,28.0,2097.8992747050083,14.089874983780414,-144.4553268413846,20,2
2012-03-31 15:26:00.721424+00:00,8.53,18.38,27.96,2278.228844952316,14.248922729378949,-144.13723135018756,20,2
2012-03-31 15:27:00.721424+00:00,8.52,18.35,27.91,2442.47177457147,14.373554140787853,-143.88796852736974,21,2
2012-03-31 15:28:00.721424+00:00,8.5,18.32,27.86,2475.1053300565927,14.401769306134604,-143.8315381966762,22,2
2012-03-31 15:29:00.721424+00:00,8.47,18.26,27.77,2610.9801311967994,14.525117418954204,-143.584841971037,22,2
2012-03-31 15:30:00.721424+00:00,8.45,18.23,27.72,2835.694520408728,14.678460172940728,-143.27815646306397,20,2
2012-03-31 15:31:00.721424+00:00,8.44,18.2,27.67,3267.0264271338365,14.93721628855548,-142.76064423183448,18,2
2012-03-31 15:32:00.721424+00:00,8.41,18.13,27.58,3267.0264271338365,14.93721628855548,-142.76064423183448,16,4
2012-03-31 15:33:00.721424+00:00,8.39,18.1,27.53,2835.694520408728,14.68874058709611,-143.25759563475322,14,3
2012-03-31 15:40:00.721424+00:00,8.18,17.67,26.87,1925.734919608956,12.89268350142957,-146.8497098060863,20,3
2012-03-31 15:41:00.721424+00:00,8.18,17.67,26.87,1914.1396675297076,12.882576232206532,-146.86992434453236,23,4
2012-03-31 15:42:00.721424+00:00,8.21,17.73,26.97,1937.330171688204,12.902790770652606,-146.82949526764023,25,3
2012-03-31 15:43:00.721424+00:00,8.23,17.76,27.02,1980.936214509937,13.010112584111097,-146.61485164072326,27,4
2012-03-31 15:44:00.721424+00:00,8.26,17.82,27.11,2033.9348077330496,13.495590846337295,-145.64389511627084,29,3
2012-03-31 15:45:00.721424+00:00,8.29,17.88,27.2,2086.269127073299,13.736428750318048,-145.16221930830932,28,4
2012-03-31 15:46:00.721424+00:00,8.29,17.88,27.2,2120.184650476342,13.823450923784415,-144.9881749613766,27,2
2012-03-31 15:47:00.721424+00:00,8.33,17.98,27.34,2120.184650476342,14.211772367290386,-144.21153207436464,25,2
2012-03-31 15:48:00.721424+00:00,8.38,18.07,27.49,2180.3135571404214,14.217774429409449,-144.19952795012654,24,2
2012-03-31 15:49:00.721424+00:00,8.39,18.1,27.53,2463.4768541063527,14.301531352475754,-144.0320141039939,20,2
2012-03-31 15:50:00.721424+00:00,8.42,18.16,27.63,2686.5112444082047,14.379286213422995,-143.87650438209943,17,2
2012-03-31 15:51:00.721424+00:00,8.45,18.23,27.72,2741.1293367576336,14.711303752629236,-143.21246930368696,14,2
2012-03-31 15:52:00.721424+00:00,8.49,18.29,27.82,2741.1293367576336,14.711303752629236,-143.21246930368696,12,2
2012-03-31 16:00:00.721424+00:00,7.74,16.76,25.52,3201.2783145930343,14.549516675184575,-143.53604345857627,18,3
2012-03-31 16:01:00.721424+00:00,7.85,16.98,25.84,3223.9747720328387,14.643947097934554,-143.3471826130763,21,3
2012-03-31 16:02:00.721424+00:00,7.86,17.01,25.89,3201.2783145930343,14.549516675184575,-143.53604345857627,24,4
2012-03-31 16:03:00.721424+00:00,7.88,17.04,25.94,3223.9747720328387,14.643947097934554,-143.3471826130763,27,3
2012-03-31 16:04:00.721424+00:00,7.86,17.01,25.89,3223.9747720328387,14.643947097934554,-143.3471826130763,31,3
2012-03-31 16:05:00.721424+00:00,7.88,17.04,25.94,3223.9747720328387,14.643947097934554,-143.3471826130763,33,3
2012-03-31 16:06:00.721424+00:00,7.91,17.11,26.03,3217.7436968204647,14.549516675184575,-143.53604345857627,34,3
2012-03-31 16:07:00.721424+00:00,7.89,17.07,25.98,3256.2914841044085,14.584374015121316,-143.4663287787028,34,3
2012-03-31 16:08:00.721424+00:00,7.91,17.11,26.03,3252.711095010456,14.584374015121316,-143.4663287787028,34,3
2012-03-31 16:09:00.721424+00:00,7.91,17.11,26.03,3281.447417988073,14.611200401083885,-143.41267600677767,33,4
2012-03-31 16:10:00.721424+00:00,7.89,17.07,25.98,3281.447417988073,14.52480093230808,-143.58547494432926,31,4
2012-03-31 16:11:00.721424+00:00,7.89,17.07,25.98,3246.480019798082,14.44793852040345,-143.73919976813852,28,4
2012-03-31 16:12:00.721424+00:00,7.88,17.04,25.94,3281.447417988073,14.52480093230808,-143.58547494432926,25,4
2012-03-31 16:13:00.721424+00:00,7.88,17.04,25.94,3246.480019798082,14.44793852040345,-143.73919976813852,22,3
2012-03-31 16:21:00.721424+00:00,7.35,15.96,24.3,8660.31139877249,16.496839500858083,-139.64139780722928,17,3
2012-03-31 16:22:00.721424+00:00,7.39,16.05,24.44,8660.31139877249,16.496839500858083,-139.64139780722928,19,2
2012-03-31 16:23:00.721424+00:00,7.42,16.11,24.53,8621.172471314112,16.413979028001386,-139.80711875294267,23,3
2012-03-31 16:24:00.721424+00:00,7.5,16.27,24.77,8310.110947903098,16.314428206725424,-140.0062203954946,26,2
2012-03-31 16:25:00.721424+00:00,7.54,16.36,24.91,7769.048335939551,16.175254557533197,-140.28456769387904,30,4
2012-03-31 16:26:00.721424+00:00,7.56,16.39,24.95,7539.047247387016,16.135631729616936,-140.36381334971156,31,3
2012-03-31 16:27:00.721424+00:00,7.61,16.49,25.09,7229.353037814411,15.993518322440393,-140.64804016406464,32,3
2012-03-31 16:28:00.721424+00:00,7.71,16.7,25.42,6554.682541729472,15.771893932334674,-141.09128894427607,33,4
2012-03-31 16:29:00.721424+00:00,7.86,17.01,25.89,6386.009246506519,15.752153410343311,-141.1307699882588,34,3
2012-03-31 16:30:00.721424+00:00,8.0,17.29,26.31,5814.02268722777,15.61062695993266,-141.4138228890801,32,4
2012-03-31 16:31:00.721424+00:00,8.03,17.35,26.41,5814.02268722777,15.61062695993266,-141.4138228890801,28,4
2012-03-31 16:32:00.721424+00:00,8.06,17.42,26.5,4934.941707912989,15.258587419398577,-142.1179019701483,26,3
2012-03-31 16:33:00.721424+00:00,8.09,17.48,26.59,4934.941707912989,15.258587419398577,-142.1179019701483,22,4
2012-03-31 16:34:00.721424+00:00,8.1,17.51,26.64,4554.643865550582,15.045708760626962,-142.5436592876915,19,2
2012-03-31 16:40:00.721424+00:00,8.04,17.39,26.45,6517.741027081402,15.98168516946571,-140.67170647001402,19,3
2012-03-31 16:41:00.721424+00:00,8.03,17.35,26.41,6630.74909004597,16.058184586388236,-140.51870763616895,20,3
2012-03-31 16:42:00.721424+00:00,8.0,17.29,26.31,6860.651157037721,16.13564531158297,-140.36378618577947,22,4
2012-03-31 16:43:00.721424+00:00,7.98,17.26,26.26,7035.7165729063,16.188538216150114,-140.2580003766452,24,4
2012-03-31 16:44:00.721424+00:00,7.97,17.23,26.22,7234.153515338508,16.24253660850127,-140.1500035919429,26,3
2012-03-31 16:45:00.721424+00:00,7.95,17.2,26.17,7979.376395072158,16.371348093153383,-139.89238062263868,27,3
2012-03-31 16:46:00.721424+00:00,7.92,17.14,26.08,8941.66651829497,16.552968642317676,-139.52913952431007,25,2
2012-03-31 16:47:00.721424+00:00,7.88,17.04,25.94,9132.664133904273,16.711116899262684,-139.21284301042007,24,2
2012-03-31 16:49:00.721424+00:00,7.77,16.83,25.61,11359.473459002518,17.324552663380928,-137.98597148218357,20,2
2012-03-31 16:50:00.721424+00:00,7.7,16.67,25.37,12688.631125927464,17.77065977245025,-137.09375726404494,19,3
2012-03-31 16:51:00.721424+00:00,7.64,16.55,25.19,11359.473459002518,17.324552663380928,-137.98597148218357,20,2
2012-03-31 16:52:00.721424+00:00,7.47,16.21,24.67,12102.66637685315,17.499417137518172,-137.6362425339091,20,2
2012-03-31 16:53:00.721424+00:00,7.41,16.08,24.48,12463.19283390294,17.548254517421,-137.53856777410346,18,2
2012-03-31 16:55:00.721424+00:00,7.18,15.62,23.78,12463.19283390294,17.548254517421,-137.53856777410346,14,2
2012-03-31 16:56:00.721424+00:00,7.08,15.4,23.45,12463.19283390294,17.548254517421,-137.53856777410346,12,2
2012-03-31 17:05:00.721424+00:00,7.54,16.36,24.91,11872.835298525835,17.136614253958708,-138.36184830102803,11,2
2012-03-31 17:06:00.721424+00:00,7.56,16.39,24.95,11872.835298525835,17.136614253958708,-138.36184830102803,13,2
2012-03-31 17:07:00.721424+00:00,7.57,16.42,25.0,11872.835298525835,17.136614253958708,-138.36184830102803,15,2
2012-03-31 17:08:00.721424+00:00,7.59,16.45,25.05,11872.835298525835,17.136614253958708,-138.36184830102803,17,2
2012-03-31 17:09:00.721424+00:00,7.59,16.45,25.05,11852.429972234431,17.136614253958708,-138.36184830102803,19,2
2012-03-31 17:10:00.721424+00:00,7.59,16.45,25.05,11835.739922597177,17.136614253958708,-138.36184830102803,21,2
2012-03-31 17:11:00.721424+00:00,7.61,16.49,25.09,9862.81516766192,16.895101766438408,-138.8448732760686,23,2
2012-03-31 17:12:00.721424+00:00,7.65,16.58,25.23,8440.090459009429,16.3610645295227,-139.9129477499,24,2
2012-03-31 17:13:00.721424+00:00,7.7,16.67,25.37,7396.6243257104925,16.121200394301894,-140.39267602034164,26,2
2012-03-31 17:14:00.721424+00:00,7.77,16.83,25.61,6419.860878368273,16.067661632875115,-140.4997535431952,27,2
2012-03-31 17:15:00.721424+00:00,7.83,16.95,25.8,6089.303349598166,15.726543501324745,-141.18198980629592,28,4
2012-03-31 17:16:00.721424+00:00,7.86,17.01,25.89,5611.966754180969,15.566541781426626,-141.50199324609218,26,3
2012-03-31 17:17:00.721424+00:00,7.89,17.07,25.98,4754.355000687607,15.171947895172732,-142.29118101859996,24,4
2012-03-31 17:18:00.721424+00:00,7.95,17.2,26.17,4173.691200555799,14.903909651407856,-142.8272575061297,22,4
2012-03-31 17:19:00.721424+00:00,8.12,17.54,26.69,3785.828579188837,14.721372586768709,-143.192331635408,20,3
2012-03-31 17:29:00.721424+00:00,8.81,18.95,28.81,1953.725198501109,13.450734176808172,-145.7336084553291,18,3
2012-03-31 17:30:00.721424+00:00,8.82,18.98,28.86,1953.725198501109,13.450734176808172,-145.7336084553291,20,4
2012-03-31 17:31:00.721424+00:00,8.84,19.01,28.9,1953.725198501109,13.450734176808172,-145.7336084553291,22,4
2012-03-31 17:32:00.721424+00:00,8.87,19.07,29.0,1953.725198501109,13.450734176808172,-145.7336084553291,24,3
2012-03-31 17:33:00.721424+00:00,8.92,19.17,29.14,1953.725198501109,13.450734176808172,-145.7336084553291,26,3
2012-03-31 17:34:00.721424+00:00,8.96,19.26,29.28,1917.3027651208515,13.38704727092409,-145.86098226709726,27,2
2012-03-31 17:35:00.721424+00:00,9.04,19.42,29.52,1803.7631536076888,13.257510043979018,-146.1200567209874,24,2
2012-03-31 17:36:00.721424+00:00,9.07,19.48,29.62,1689.9279084352715,13.3211969498631,-145.99268290921924,22,2
2012-03-31 17:37:00.721424+00:00,9.09,19.52,29.66,1663.6899606857426,13.282885160882302,-146.06930648718082,20,2
2012-03-31 17:38:00.721424+00:00,9.1,19.55,29.71,1626.5369825220064,12.994160459844654,-146.6467558892561,19,2
2012-03-31 17:39:00.721424+00:00,9.1,19.55,29.71,1626.5369825220064,12.994160459844654,-146.6467558892561,19,2
2012-03-31 17:40:00.721424+00:00,9.1,19.55,29.71,1626.5369825220064,12.994160459844654,-146.6467558892561,19,2
2012-03-31 17:41:00.721424+00:00,9.13,19.61,29.81,1626.5369825220064,12.994160459844654,-146.6467558892561,17,2
2012-03-31 17:44:00.721424+00:00,8.96,19.26,29.28,1354.6124216601006,11.661364415233352,-149.31234797847873,11,2
2012-03-31 17:57:00.721424+00:00,7.97,17.23,26.22,2383.523223360402,14.127356780559056,-144.38036324782735,12,2
2012-03-31 17:58:00.721424+00:00,7.97,17.23,26.22,2383.523223360402,14.127356780559056,-144.38036324782735,14,2
2012-03-31 17:59:00.721424+00:00,7.97,17.23,26.22,2484.030254883115,14.22785391216857,-144.1793689846083,16,2
2012-03-31 18:00:00.721424+00:00,8.0,17.29,26.31,2484.030254883115,14.22785391216857,-144.1793689846083,18,2
2012-03-31 18:01:00.721424+00:00,8.03,17.35,26.41,2484.030254883115,14.22785391216857,-144.1793689846083,20,2
2012-03-31 18:02:00.721424+00:00,8.07,17.45,26.55,2484.030254883115,14.22785391216857,-144.1793689846083,20,2
2012-03-31 18:03:00.721424+00:00,8.09,17.48,26.59,2484.030254883115,14.22785391216857,-144.1793689846083,20,2
2012-03-31 18:04:00.721424+00:00,8.1,17.51,26.64,2415.797964818923,14.191047202036518,-144.2529824048724,20,2
2012-03-31 18:05:00.721424+00:00,8.12,17.54,26.69,2415.797964818923,14.191047202036518,-144.2529824048724,20,2
2012-03-31 18:06:00.721424+00:00,8.13,17.57,26.73,2246.5764823038844,13.998861890137908,-144.63735302866962,20,2
2012-03-31 18:07:00.721424+00:00,8.15,17.6,26.78,2246.5764823038844,13.998861890137908,-144.63735302866962,18,2
2012-03-31 18:08:00.721424+00:00,8.16,17.63,26.83,2246.5764823038844,13.998861890137908,-144.63735302866962,16,2
2012-03-31 18:09:00.721424+00:00,8.18,17.67,26.87,2207.3056543150974,13.9362900401729,-144.7624967285996,14,2
2012-03-31 18:10:00.721424+00:00,8.15,17.6,26.78,2207.3056543150974,13.9362900401729,-144.7624967285996,12,2
2012-03-31 18:19:00.721424+00:00,8.78,18.89,28.71,3993.2639862183046,15.784212279736144,-141.06665224947312,11,2
2012-03-31 18:21:00.721424+00:00,8.7,18.73,28.48,4012.511288799552,15.784212279736144,-141.06665224947312,15,2
2012-03-31 18:22:00.721424+00:00,8.67,18.67,28.38,4012.511288799552,15.784212279736144,-141.06665224947312,17,2
2012-03-31 18:23:00.721424+00:00,8.65,18.63,28.34,3993.2639862183046,15.756506000407866,-141.1220648081297,21,2
2012-03-31 18:24:00.721424+00:00,40.0,0.07,0.17,4332.679415547586,15.832406306545003,-140.9702641958554,22,2
2012-03-31 18:25:00.721424+00:00,40.0,0.07,0.17,4332.679415547586,15.818553166880864,-140.9979704751837,22,2
2012-03-31 18:26:00.721424+00:00,40.0,0.07,0.17,3993.2639862183046,15.674258456728596,-141.28655989548824,25,2
2012-03-31 18:27:00.721424+00:00,40.0,0.07,0.17,3320.9704883412296,15.08443941267271,-142.4661979836,26,3
2012-03-31 18:28:00.721424+00:00,40.0,0.07,0.17,3054.672791357186,15.028124473544716,-142.578827861856,27,4
2012-03-31 18:30:00.721424+00:00,40.0,0.07,0.17,2641.565955069259,13.920931044125188,-144.79321472069506,30,4
2012-03-31 18:31:00.721424+00:00,40.0,0.07,0.17,2385.7099811423896,13.843874650823048,-144.94732750729935,31,4
2012-03-31 18:32:00.721424+00:00,40.0,0.07,0.17,2332.384205611716,13.766302488539562,-145.1024718318663,31,3
2012-03-31 18:33:00.721424+00:00,40.0,0.07,0.17,2427.712465237173,13.655963810940182,-145.32314918706507,28,3
2012-03-31 18:34:00.721424+00:00,8.21,17.73,26.97,2332.384205611716,13.468052971057316,-145.6989708668308,25,3
2012-03-31 18:35:00.721424+00:00,8.21,17.73,26.97,2323.679109892725,13.655963810940182,-145.32314918706507,24,4
2012-03-31 18:36:00.721424+00:00,8.18,17.67,26.87,2271.720216920595,13.595806131197582,-145.44346454655027,20,3
2012-03-31 19:10:00.721424+00:00,11.19,23.77,36.07,2657.0932668215,12.11308599063316,-148.40890482767912,11,2
2012-03-31 19:11:00.721424+00:00,11.24,23.87,36.22,2186.7242948340886,11.96438240448779,-148.70631199996984,13,2
2012-03-31 19:12:00.721424+00:00,11.24,23.87,36.22,2174.4375362195287,11.918329072220171,-148.79841866450508,14,2
2012-03-31 19:13:00.721424+00:00,11.24,23.87,36.22,2080.0022292027725,11.86891501841402,-148.8972467721174,16,2
2012-03-31 19:14:00.721424+00:00,11.31,24.01,36.43,2080.0022292027725,11.86891501841402,-148.8972467721174,18,2
2012-03-31 19:15:00.721424+00:00,11.45,24.29,36.84,1997.8536808005756,11.865554296875487,-148.90396821519445,19,2
2012-03-31 19:18:00.721424+00:00,11.64,24.67,37.41,2657.0932668215,11.828311725044092,-148.97845335885725,19,2
2012-03-31 19:19:00.721424+00:00,11.73,24.84,37.68,2650.9540369042597,11.784090899718866,-149.06689500950768,19,2
2012-03-31 19:20:00.721424+00:00,11.74,24.88,37.73,2677.708922402916,11.784090899718866,-149.06689500950768,19,2
2012-03-31 19:21:00.721424+00:00,11.69,24.77,37.57,2811.1602025168777,11.784090899718866,-149.06689500950768,19,2
2012-03-31 19:22:00.721424+00:00,11.71,24.81,37.62,2908.7482888173467,11.80620131238148,-149.02267418418245,18,2
2012-03-31 19:23:00.721424+00:00,11.71,24.81,37.62,3029.5381750086817,11.853548716844982,-148.92797937525546,16,2
2012-03-31 19:24:00.721424+00:00,11.73,24.84,37.68,3057.685532816536,11.853548716844982,-148.92797937525546,14,2
2012-03-31 19:25:00.721424+00:00,11.71,24.81,37.62,3057.685532816536,11.915013873131263,-148.80504906268288,12,2
2012-03-31 19:33:00.721424+00:00,11.38,24.15,36.63,799.0208676460309,10.599727213816392,-151.43562238131264,11,2
2012-03-31 19:40:00.721424+00:00,11.23,23.84,36.17,1062.5842906434525,9.58053219846578,-153.47401241201388,17,2
2012-03-31 19:41:00.721424+00:00,11.16,23.7,35.97,1011.5086702543964,9.58053219846578,-153.47401241201388,17,2
2012-03-31 19:42:00.721424+00:00,11.13,23.64,35.86,1062.5842906434525,9.58053219846578,-153.47401241201388,15,2
2012-03-31 19:43:00.721424+00:00,11.11,23.6,35.81,1066.1934795286602,9.58053219846578,-153.47401241201388,13,3
2012-03-31 19:54:00.721424+00:00,12.01,25.4,38.52,2912.1035153627518,12.894805140705683,-146.84546652753406,13,2
2012-03-31 19:55:00.721424+00:00,12.06,25.51,38.68,3267.946443192052,12.894805140705683,-146.84546652753406,15,2
2012-03-31 19:56:00.721424+00:00,12.11,25.62,38.84,3267.946443192052,12.894805140705683,-146.84546652753406,17,2
2012-03-31 19:57:00.721424+00:00,12.15,25.69,38.95,3267.946443192052,12.894805140705683,-146.84546652753406,19,2
2012-03-31 19:58:00.721424+00:00,12.18,25.76,39.06,3331.0032944273767,12.908980508559084,-146.81711579182726,20,2
2012-03-31 19:59:00.721424+00:00,12.26,25.9,39.27,3692.249478100446,13.35205378161434,-145.93096924571677,20,2
2012-03-31 20:00:00.721424+00:00,12.31,26.01,39.43,3972.033260685259,13.471737099964438,-145.69160260901657,20,2
2012-03-31 20:01:00.721424+00:00,12.35,26.08,39.54,4370.131336848652,13.538816659738558,-145.5574434894683,20,2
2012-03-31 20:02:00.721424+00:00,5.05,11.14,17.0,4591.047237963241,13.736514991678522,-145.1620468255884,20,2
2012-03-31 20:03:00.721424+00:00,5.03,11.11,16.95,4864.285111909263,13.994577876598123,-144.64592105574917,20,2
2012-03-31 20:04:00.721424+00:00,12.58,26.55,40.0,4814.449974940695,14.046675068590474,-144.54172667176448,20,2
2012-03-31 20:05:00.721424+00:00,5.06,11.17,17.05,5319.202859995811,14.104315252805243,-144.42644630333496,18,2
2012-03-31 20:06:00.721424+00:00,5.08,11.21,17.1,5721.69018652036,14.268769321794991,-144.09753816535545,16,2
2012-03-31 20:07:00.721424+00:00,5.08,11.21,17.1,5878.945649195863,14.324356492452678,-143.9863638240401,14,2
2012-03-31 20:08:00.721424+00:00,5.08,11.21,17.1,6280.880422828628,14.324356492452678,-143.9863638240401,12,2
2012-03-31 20:14:00.721424+00:00,12.93,27.25,40.0,6376.23609777028,13.446603897964147,-145.74186901301712,11,2
2012-03-31 20:15:00.721424+00:00,12.99,27.36,40.0,6937.0370224001645,13.6757003284958,-145.2836761519538,13,2
2012-03-31 20:16:00.721424+00:00,12.99,27.36,40.0,6947.943747063393,14.114465704878448,-144.40614539918852,15,2
2012-03-31 20:17:00.721424+00:00,13.0,27.4,40.0,6937.0370224001645,14.204200311203724,-144.226676186538,17,2
2012-03-31 20:18:00.721424+00:00,13.08,27.55,40.0,6937.0370224001645,14.204200311203724,-144.226676186538,19,2
2012-03-31 20:19:00.721424+00:00,4.74,10.49,16.01,6942.490384731778,14.507512581955698,-143.62005164503404,20,2
2012-03-31 20:20:00.721424+00:00,4.74,10.49,16.01,6978.263469901794,14.627118840573758,-143.3808391277979,20,2
2012-03-31 20:21:00.721424+00:00,4.72,10.45,15.96,7310.208909068059,14.72667558355229,-143.18172564184084,20,2
2012-03-31 20:22:00.721424+00:00,4.71,10.42,15.91,7635.504029458865,14.799155012089148,-143.0367667847671,20,2
2012-03-31 20:23:00.721424+00:00,4.71,10.42,15.91,6966.739527025606,15.189445701783397,-142.25618540537863,20,2
2012-03-31 20:24:00.721424+00:00,4.69,10.38,15.86,6813.463452951739,15.090778832600028,-142.45351914374538,20,2
2012-03-31 20:25:00.721424+00:00,4.66,10.31,15.75,6388.111820656662,15.00073703207122,-142.633602744803,20,2
2012-03-31 20:26:00.721424+00:00,4.64,10.28,15.7,6228.66717440099,15.00073703207122,-142.633602744803,18,2
2012-03-31 20:27:00.721424+00:00,4.63,10.24,15.64,6228.66717440099,15.00073703207122,-142.633602744803,16,2
2012-03-31 20:28:00.721424+00:00,4.63,10.24,15.64,6228.66717440099,15.00073703207122,-142.633602744803,14,2
2012-03-31 20:29:00.721424+00:00,4.66,10.31,15.75,6228.66717440099,15.00073703207122,-142.633602744803,12,2
2012-03-31 20:40:00.721424+00:00,4.48,9.93,15.16,12743.412540862011,16.457686793037475,-139.71970322287046,11,2
2012-03-31 20:41:00.721424+00:00,4.53,10.03,15.32,12883.41662669137,16.457686793037475,-139.71970322287046,13,2
2012-03-31 20:42:00.721424+00:00,4.53,10.03,15.32,13464.594829756428,16.62140089440148,-139.39227502014248,15,2
2012-03-31 20:43:00.721424+00:00,4.53,10.03,15.32,13917.572838260405,16.629604599356156,-139.37586761023312,17,2
2012-03-31 20:44:00.721424+00:00,4.51,10.0,15.27,13917.572838260405,16.629604599356156,-139.37586761023312,19,2
2012-03-31 20:45:00.721424+00:00,4.53,10.03,15.32,14071.645865242972,16.77546106583714,-139.08415467727116,20,2
2012-03-31 20:46:00.721424+00:00,4.54,10.07,15.38,14696.559846172697,16.993497410036078,-138.6480819888733,20,2
2012-03-31 20:47:00.721424+00:00,13.15,27.7,40.0,15121.008707680929,16.993497410036078,-138.6480819888733,20,2
2012-03-31 20:48:00.721424+00:00,13.42,28.23,40.0,16078.340294302605,16.91103144285499,-138.81301392323542,20,2
2012-03-31 20:49:00.721424+00:00,13.51,28.42,40.0,17463.960383083417,17.074081439773877,-138.48691392939767,19,2
2012-03-31 20:50:00.721424+00:00,13.46,28.3,40.0,15296.0507982766,16.783226243503595,-139.06862432193824,19,2
2012-03-31 20:51:00.721424+00:00,13.51,28.42,40.0,15239.980358330991,16.783226243503595,-139.06862432193824,19,2
2012-03-31 20:52:00.721424+00:00,13.51,28.42,40.0,16234.98322531351,16.783226243503595,-139.06862432193824,19,2
2012-03-31 20:53:00.721424+00:00,13.42,28.23,40.0,16234.98322531351,16.783226243503595,-139.06862432193824,17,2
2012-03-31 20:54:00.721424+00:00,13.34,28.07,40.0,16234.98322531351,16.783226243503595,-139.06862432193824,15,2
2012-03-31 20:55:00.721424+00:00,13.34,28.07,40.0,16234.98322531351,16.783226243503595,-139.06862432193824,13,2
2012-03-31 21:08:00.721424+00:00,4.51,10.0,15.27,4887.751502073816,12.913670809229522,-146.8077351904864,11,2
2012-03-31 21:09:00.721424+00:00,4.44,9.85,15.05,4887.751502073816,13.09967706318088,-146.43572268258367,13,2
2012-03-31 21:10:00.721424+00:00,4.41,9.78,14.94,4890.652225102875,13.485198803771317,-145.6646792014028,15,2
2012-03-31 21:11:00.721424+00:00,4.39,9.75,14.89,5130.296695003374,13.944149375154131,-144.74677805863718,17,2
2012-03-31 21:12:00.721424+00:00,4.41,9.78,14.94,5696.309871145917,14.015137435483464,-144.6048019379785,19,2
2012-03-31 21:13:00.721424+00:00,4.41,9.78,14.94,5857.091146631743,14.082120864223842,-144.47083508049775,20,2
2012-03-31 21:14:00.721424+00:00,4.38,9.71,14.83,5857.091146631743,14.082120864223842,-144.47083508049775,20,2
2012-03-31 21:15:00.721424+00:00,4.33,9.6,14.67,5857.091146631743,14.21423325724894,-144.20661029444756,20,2
2012-03-31 21:16:00.721424+00:00,4.31,9.57,14.61,5857.091146631743,14.21423325724894,-144.20661029444756,20,2
2012-03-31 21:17:00.721424+00:00,4.31,9.57,14.61,6074.184843952742,14.303463555056728,-144.02814969883198,19,2
2012-03-31 21:18:00.721424+00:00,4.33,9.6,14.67,6409.139080566084,14.612584203450307,-143.4099084020448,17,2
2012-03-31 21:19:00.721424+00:00,4.33,9.6,14.67,7069.664198023304,14.612584203450307,-143.4099084020448,15,2
2012-03-31 21:20:00.721424+00:00,4.34,9.64,14.72,7660.370409978985,14.612584203450307,-143.4099084020448,13,2
2012-03-31 21:21:00.721424+00:00,4.33,9.6,14.67,7660.370409978985,14.303463555056728,-144.02814969883198,13,2
2012-03-31 21:26:00.721424+00:00,13.13,27.66,40.0,11321.655641230096,15.780646919605736,-141.07378296973397,13,2
2012-03-31 21:27:00.721424+00:00,13.15,27.7,40.0,12240.536510114973,15.9152197316917,-140.804637345562,14,2
2012-03-31 21:28:00.721424+00:00,13.15,27.7,40.0,12240.536510114973,15.9152197316917,-140.804637345562,16,2
2012-03-31 21:29:00.721424+00:00,13.15,27.7,40.0,12217.094021880092,15.9152197316917,-140.804637345562,18,2
2012-03-31 21:30:00.721424+00:00,13.15,27.7,40.0,10871.289371345174,15.9152197316917,-140.804637345562,20,2
2012-03-31 21:31:00.721424+00:00,13.17,27.73,40.0,10196.9572057396,16.071279876348648,-140.49251705624812,20,2
2012-03-31 21:32:00.721424+00:00,13.15,27.7,40.0,10196.9572057396,15.92606680906599,-140.78294319081346,20,2
2012-03-31 21:33:00.721424+00:00,4.46,9.89,15.11,9854.06640436651,15.92606680906599,-140.78294319081346,20,2
2012-03-31 21:34:00.721424+00:00,4.56,10.1,15.43,9640.092243960657,15.88382762397021,-140.86742156100502,20,2
2012-03-31 21:35:00.721424+00:00,4.56,10.1,15.43,9109.009552798188,15.872980546595922,-140.88911571575358,19,2
2012-03-31 21:36:00.721424+00:00,4.59,10.17,15.54,9073.395432296164,15.66878632712633,-141.29750415469277,17,2
2012-03-31 21:37:00.721424+00:00,4.71,10.42,15.91,8934.75841617625,15.461436652616978,-141.71220350371146,15,2
2012-03-31 21:38:00.721424+00:00,4.79,10.59,16.17,8239.028667910612,15.111600885434717,-142.411875038076,13,2
2012-03-31 21:39:00.721424+00:00,4.84,10.7,16.33,7829.619293964775,14.885589740858244,-142.86389732722893,13,2
2012-03-31 21:44:00.721424+00:00,4.71,10.42,15.91,3264.1976004807666,11.8194481330979,-148.99618054274964,13,2
2012-03-31 21:45:00.721424+00:00,4.69,10.38,15.86,2746.147605202231,11.505248523064942,-149.62457976281553,14,2
2012-03-31 21:46:00.721424+00:00,4.69,10.38,15.86,2307.660889425244,11.482369443572171,-149.6703379218011,16,2
2012-03-31 21:47:00.721424+00:00,4.66,10.31,15.75,2180.315630408957,11.482369443572171,-149.6703379218011,18,2
2012-03-31 21:48:00.721424+00:00,4.63,10.24,15.64,2009.9592551068824,11.309625908452343,-150.0158249920407,20,2
2012-03-31 21:49:00.721424+00:00,4.53,10.03,15.32,1921.9051815391824,11.170758181924125,-150.29356044509717,20,2
2012-03-31 21:50:00.721424+00:00,4.36,9.67,14.78,1866.5733235625823,10.716403416821978,-151.20226997530148,20,2
2012-03-31 21:51:00.721424+00:00,4.29,9.53,14.56,1866.5733235625823,10.39122354559352,-151.8526297177584,20,2
2012-03-31 21:52:00.721424+00:00,4.31,9.57,14.61,1866.5733235625823,10.054544284366669,-152.5259882402121,20,2
2012-03-31 21:54:00.721424+00:00,4.12,9.16,14.0,1583.786559172839,9.8029170632525,-153.02924268244044,20,2
2012-03-31 21:55:00.721424+00:00,4.09,9.09,13.88,1481.9888744849216,9.693481890285712,-153.248113028374,20,2
2012-03-31 21:56:00.721424+00:00,4.12,9.16,14.0,1547.6763637054205,9.693481890285712,-153.248113028374,20,2
2012-03-31 21:57:00.721424+00:00,4.14,9.2,14.05,1547.6763637054205,9.520600268935464,-153.59387627107452,18,2
2012-03-31 22:00:00.721424+00:00,4.21,9.35,14.28,1864.612607505352,9.466814349976904,-153.70144810899163,12,2
2012-03-31 23:07:00.721424+00:00,8.15,17.6,26.78,2759.876791956107,14.02478398751486,-144.5855088339157,17,2
2012-03-31 23:08:00.721424+00:00,8.15,17.6,26.78,2673.6101969927886,13.985399133844693,-144.66427854125604,20,3
2012-03-31 23:09:00.721424+00:00,8.16,17.63,26.83,2769.60319168391,14.076038023045868,-144.4830007628537,22,3
2012-03-31 23:10:00.721424+00:00,8.18,17.67,26.87,2819.5382255211725,14.138327797853838,-144.35842121323776,24,4
2012-03-31 23:11:00.721424+00:00,8.2,17.7,26.92,2966.204837218358,14.218424742344386,-144.19822732425666,26,3
2012-03-31 23:12:00.721424+00:00,8.2,17.7,26.92,3102.2919351270743,14.287485947557974,-144.0601049138295,27,4
2012-03-31 23:13:00.721424+00:00,8.2,17.7,26.92,3262.522630516188,14.647496351264875,-143.34008410641567,27,2
2012-03-31 23:14:00.721424+00:00,8.2,17.7,26.92,3452.1987278097117,15.494760851997116,-141.6455551049512,26,2
2012-03-31 23:15:00.721424+00:00,8.21,17.73,26.97,3925.221249979087,15.666565186477138,-141.30194643599117,24,2
2012-03-31 23:16:00.721424+00:00,8.21,17.73,26.97,4258.974296892358,15.778688502757904,-141.07769980342962,21,2
2012-03-31 23:17:00.721424+00:00,8.21,17.73,26.97,4732.095922554247,15.829195259808513,-140.9766862893284,17,2
2012-03-31 23:18:00.721424+00:00,8.23,17.76,27.02,4872.229886893056,15.930271363919667,-140.77453408110608,14,2
2012-03-31 23:19:00.721424+00:00,8.21,17.73,26.97,4872.229886893056,15.930271363919667,-140.77453408110608,12,2
2012-03-31 23:26:00.721424+00:00,8.3,17.91,27.25,2029.7496717166348,13.517994544208744,-145.59908772052793,13,3
2012-03-31 23:27:00.721424+00:00,8.3,17.91,27.25,2069.6436276167497,13.488619082474491,-145.65783864399646,16,3
2012-03-31 23:28:00.721424+00:00,8.32,17.95,27.3,2060.3413765323166,13.517994544208744,-145.59908772052793,19,2
2012-03-31 23:29:00.721424+00:00,8.32,17.95,27.3,2060.3413765323166,13.517994544208744,-145.59908772052793,23,2
2012-03-31 23:30:00.721424+00:00,8.3,17.91,27.25,2047.2467866998356,13.488619082474491,-145.65783864399646,26,2
2012-03-31 23:31:00.721424+00:00,8.27,17.85,27.16,2047.2467866998356,13.488619082474491,-145.65783864399646,26,2
2012-03-31 23:32:00.721424+00:00,8.27,17.85,27.16,2109.5375835168647,13.6346771632106,-145.36572248252423,25,3
2012-03-31 23:33:00.721424+00:00,8.26,17.82,27.11,2084.939480024591,13.54696039197542,-145.5411560249946,26,4
2012-03-31 23:34:00.721424+00:00,8.2,17.7,26.92,2084.939480024591,13.54696039197542,-145.5411560249946,28,3
2012-03-31 23:35:00.721424+00:00,8.2,17.7,26.92,2109.5375835168647,13.560366190526118,-145.51434442789318,29,3
2012-03-31 23:36:00.721424+00:00,8.26,17.82,27.11,2123.220737862239,13.59752167686836,-145.44003345520872,28,2
2012-03-31 23:37:00.721424+00:00,8.24,17.79,27.06,2136.903892207613,13.6346771632106,-145.36572248252423,25,2
2012-03-31 23:38:00.721424+00:00,8.18,17.67,26.87,2159.0201097875474,13.59752167686836,-145.44003345520872,22,3
2012-03-31 23:39:00.721424+00:00,8.18,17.67,26.87,2264.7119991147524,13.681981490189404,-145.27111382856663,18,3
2012-03-31 23:40:00.721424+00:00,8.18,17.67,26.87,2571.701289511685,14.003618650707129,-144.62783950753118,16,3
2012-03-31 23:45:00.721424+00:00,8.53,18.38,27.96,2885.3009292618026,14.06700060382224,-144.50107560130095,21,2
2012-03-31 23:46:00.721424+00:00,8.52,18.35,27.91,2951.7940954631117,14.20747897235217,-144.2201188642411,23,4
2012-03-31 23:47:00.721424+00:00,8.44,18.2,27.67,2951.7940954631117,14.274454054091809,-144.0861687007618,25,4
2012-03-31 23:48:00.721424+00:00,8.35,18.01,27.39,3375.134563451187,14.730507640826945,-143.17406152729154,27,4
2012-03-31 23:49:00.721424+00:00,8.29,17.88,27.2,3375.134563451187,14.730507640826945,-143.17406152729154,29,4
2012-03-31 23:50:00.721424+00:00,8.23,17.76,27.02,3238.0918115655336,14.488458290801988,-143.65816022734143,31,3
2012-03-31 23:51:00.721424+00:00,8.16,17.63,26.83,3375.134563451187,14.730507640826945,-143.17406152729154,29,2
2012-03-31 23:52:00.721424+00:00,8.13,17.57,26.73,3464.265913198942,14.805958689149987,-143.02315943064545,28,2
2012-03-31 23:53:00.721424+00:00,8.09,17.48,26.59,3434.688292419381,14.805958689149987,-143.02315943064545,26,3
2012-03-31 23:54:00.721424+00:00,8.06,17.42,26.5,3306.61318750836,14.615558867338514,-143.4039590742684,24,3
2012-03-31 23:56:00.721424+00:00,8.0,17.29,26.31,2880.4386326706094,14.274454054091809,-144.0861687007618,19,3
2012-03-31 23:57:00.721424+00:00,7.98,17.26,26.26,2684.327822233782,14.1894065667593,-144.25626367542685,17,2
2012-03-31 23:58:00.721424+00:00,8.01,17.32,26.36,2632.11993349181,14.051182791595023,-144.53271122575538,15,2
2012-03-31 23:59:00.721424+00:00,8.0,17.29,26.31,2430.7873816180927,13.94372866095292,-144.7476194870396,13,2
2012-04-01 00:06:00.721741+00:00,7.39,16.05,24.44,5858.613230666687,16.445036085151568,-143.30326296702367,19,3
2012-04-01 00:07:00.721741+00:00,7.45,16.17,24.63,7319.038461634072,16.902041675835086,-142.38925178565665,22,3
2012-04-01 00:08:00.721741+00:00,7.47,16.21,24.67,7319.038461634072,16.902041675835086,-142.38925178565665,26,4
2012-04-01 00:09:00.721741+00:00,7.45,16.17,24.63,7319.038461634072,16.902041675835086,-142.38925178565665,30,4
2012-04-01 00:10:00.721741+00:00,7.42,16.11,24.53,8779.46369260146,17.35904726651861,-141.47524060428958,33,3
2012-04-01 00:11:00.721741+00:00,7.45,16.17,24.63,7319.038461634072,16.902041675835086,-142.38925178565665,36,4
2012-04-01 00:12:00.721741+00:00,7.47,16.21,24.67,8978.421083662051,17.400546470306825,-141.39224219671314,36,3
2012-04-01 00:13:00.721741+00:00,7.47,16.21,24.67,9177.378474722644,17.44204567409504,-141.30924378913673,35,4
2012-04-01 00:14:00.721741+00:00,7.47,16.21,24.67,10403.609093010991,17.711669314204034,-140.76999650891872,34,4
2012-04-01 00:15:00.721741+00:00,7.47,16.21,24.67,10086.368758564931,17.669277650854,-140.8547798356188,35,3
2012-04-01 00:16:00.721741+00:00,7.48,16.24,24.72,10236.612685791955,17.710042058610405,-140.773251020106,34,4
2012-04-01 00:17:00.721741+00:00,7.5,16.27,24.77,9250.74931500234,17.50088574582749,-141.1915636456718,34,3
2012-04-01 00:18:00.721741+00:00,7.5,16.27,24.77,8424.49476182863,17.27986655682981,-141.6336020236672,34,3
2012-04-01 00:19:00.721741+00:00,7.54,16.36,24.91,8749.122685877826,17.335748351988236,-141.52183843335033,33,3
2012-04-01 00:20:00.721741+00:00,7.59,16.45,25.05,8424.49476182863,17.27986655682981,-141.6336020236672,30,4
2012-04-01 00:21:00.721741+00:00,7.61,16.49,25.09,8424.49476182863,17.27986655682981,-141.6336020236672,26,3
2012-04-01 00:22:00.721741+00:00,7.61,16.49,25.09,8099.866837779433,17.223984761671378,-141.74536561398406,23,3
2012-04-01 00:23:00.721741+00:00,7.61,16.49,25.09,7498.245916657481,17.016495344698868,-142.16034444792908,20,4
2012-04-01 00:29:00.721741+00:00,8.03,17.35,26.41,6304.803093339391,16.72526514579858,-142.74280484572964,16,3
2012-04-01 00:30:00.721741+00:00,8.09,17.48,26.59,6304.803093339391,16.72526514579858,-142.74280484572964,18,3
2012-04-01 00:31:00.721741+00:00,8.12,17.54,26.69,6304.803093339391,16.72526514579858,-142.74280484572964,20,4
2012-04-01 00:32:00.721741+00:00,8.18,17.67,26.87,6176.866189487806,16.63238118396054,-142.92857276940572,23,3
2012-04-01 00:33:00.721741+00:00,8.18,17.67,26.87,5891.198766497804,16.5367101091112,-143.11991491910442,26,2
2012-04-01 00:34:00.721741+00:00,8.2,17.7,26.92,5442.120894714257,16.436046088631187,-143.32124296006444,28,2
2012-04-01 00:35:00.721741+00:00,8.23,17.76,27.02,4904.83328527564,16.281546251385045,-143.63024263455674,29,2
2012-04-01 00:36:00.721741+00:00,8.36,18.04,27.44,4702.403923307611,16.14100785723203,-143.91131942286276,29,3
2012-04-01 00:37:00.721741+00:00,40.0,0.07,0.17,4665.315993980028,16.11819293733616,-143.9569492626545,26,3
2012-04-01 00:38:00.721741+00:00,40.0,0.07,0.17,4628.228064652445,16.09537801744029,-144.00257910244622,23,3
2012-04-01 00:39:00.721741+00:00,40.0,0.07,0.17,4519.4160416182585,16.09448867034076,-144.0043577966453,22,3
2012-04-01 00:40:00.721741+00:00,40.0,0.07,0.17,4394.365779132013,16.040014796809608,-144.1133055437076,22,4
2012-04-01 00:41:00.721741+00:00,40.0,0.07,0.17,4312.006731553892,16.040014796809608,-144.1133055437076,22,2
2012-04-01 00:44:00.721741+00:00,40.0,0.07,0.17,3631.6950400235673,15.65330248735853,-144.88673016260975,14,2
2012-04-01 00:45:00.721741+00:00,40.0,0.07,0.17,3440.593784038448,15.479978743201226,-145.23337765092435,12,2
2012-04-01 00:46:00.721741+00:00,40.0,0.07,0.17,3667.9284612525535,15.639782782063383,-144.91376957320006,11,2
2012-04-01 00:50:00.721741+00:00,8.15,17.6,26.78,5100.304064448699,16.523697214908022,-143.14594070751076,21,4
2012-04-01 00:51:00.721741+00:00,8.1,17.51,26.64,5100.304064448699,16.523697214908022,-143.14594070751076,23,3
2012-04-01 00:52:00.721741+00:00,8.15,17.6,26.78,5724.926234833338,16.591696492267896,-143.009942152791,25,3
2012-04-01 00:53:00.721741+00:00,8.18,17.67,26.87,5801.67101648833,16.55769685358796,-143.07794143015087,28,3
2012-04-01 00:54:00.721741+00:00,8.21,17.73,26.97,6243.045593163665,16.591696492267896,-143.009942152791,31,3
2012-04-01 00:55:00.721741+00:00,8.24,17.79,27.06,6273.732432246879,16.63977383171258,-142.91378747390166,32,3
2012-04-01 00:56:00.721741+00:00,8.26,17.82,27.11,6243.045593163665,16.523697214908022,-143.14594070751076,33,4
2012-04-01 00:57:00.721741+00:00,8.26,17.82,27.11,6157.236131724838,16.463323149457917,-143.26668883841097,34,3
2012-04-01 00:58:00.721741+00:00,8.29,17.88,27.2,5878.415798143321,16.402949084007812,-143.38743696931118,35,4
2012-04-01 00:59:00.721741+00:00,8.29,17.88,27.2,5525.843373309004,16.291307160696554,-143.6107208159337,35,3
2012-04-01 01:00:00.721741+00:00,8.27,17.85,27.16,5120.0920164698655,15.942074963257186,-144.30918521081242,34,3
2012-04-01 01:01:00.721741+00:00,8.32,17.95,27.3,4714.340659630727,15.81832477792232,-144.55668558148216,33,4
2012-04-01 01:02:00.721741+00:00,8.39,18.1,27.53,4329.708431148254,15.734457788151394,-144.72441956102404,34,4
2012-04-01 01:03:00.721741+00:00,8.53,18.38,27.96,4082.910980022436,15.524613661610534,-145.14410781410575,34,4
2012-04-01 01:04:00.721741+00:00,8.68,18.7,28.43,4011.3089667682834,15.430832864614988,-145.33166940809684,33,3
2012-04-01 01:05:00.721741+00:00,8.73,18.79,28.57,3938.859813205429,15.238558666679946,-145.7162178039669,30,3
2012-04-01 01:06:00.721741+00:00,8.79,18.92,28.76,3481.6145456545337,15.238558666679946,-145.7162178039669,26,3
2012-04-01 01:07:00.721741+00:00,8.81,18.95,28.81,2908.2715880053324,15.238558666679946,-145.7162178039669,22,3
2012-04-01 01:08:00.721741+00:00,8.84,19.01,28.9,2908.2715880053324,15.238558666679946,-145.7162178039669,18,2
2012-04-01 01:09:00.721741+00:00,8.93,19.2,29.19,3211.891634057128,15.326726730098612,-145.5398816771296,16,2
2012-04-01 01:14:00.721741+00:00,8.65,18.63,28.34,4055.810242828364,15.92744349001459,-144.33844815729765,18,3
2012-04-01 01:15:00.721741+00:00,8.72,18.76,28.52,4194.425608245025,16.00489866567919,-144.18353780596846,20,4
2012-04-01 01:16:00.721741+00:00,8.84,19.01,28.9,4355.066421236427,16.041979695663464,-144.1093757459999,22,3
2012-04-01 01:17:00.721741+00:00,8.95,19.23,29.24,5351.816699894674,16.086478034652913,-144.020379068021,24,3
2012-04-01 01:18:00.721741+00:00,8.98,19.29,29.33,5351.816699894674,16.086478034652913,-144.020379068021,26,3
2012-04-01 01:19:00.721741+00:00,9.01,19.36,29.43,6268.636863501851,16.123999779589365,-143.94533557814808,27,3
2012-04-01 01:20:00.721741+00:00,9.04,19.42,29.52,4275.136306185358,16.035003101610474,-144.12332893410587,27,2
2012-04-01 01:21:00.721741+00:00,9.06,19.45,29.57,3997.9055753520342,15.974794229747902,-144.243746677831,27,2
2012-04-01 01:22:00.721741+00:00,9.1,19.55,29.71,3557.2603082717496,15.806561899064391,-144.58021133919803,28,2
2012-04-01 01:23:00.721741+00:00,9.15,19.64,29.86,3222.1743118002487,15.556270881555822,-145.08079337421515,28,2
2012-04-01 01:24:00.721741+00:00,9.21,19.77,30.05,3003.266086180817,15.03225698970251,-146.12882115792178,28,3
2012-04-01 01:25:00.721741+00:00,9.27,19.9,30.24,2886.667963766993,14.569517016668703,-147.05430110398942,28,3
2012-04-01 01:26:00.721741+00:00,9.37,20.09,30.53,2676.0207503137603,14.36495605389939,-147.46342302952803,27,4
2012-04-01 01:27:00.721741+00:00,4.21,9.35,14.28,2669.988753463719,14.352613972703656,-147.48810719191948,25,4
2012-04-01 01:28:00.721741+00:00,4.19,9.31,14.22,2436.7316072654003,14.056738749890314,-148.07985763754618,23,4
2012-04-01 01:29:00.721741+00:00,4.16,9.23,14.11,2436.7316072654003,14.013456066633962,-148.16642300405888,21,2
2012-04-01 01:30:00.721741+00:00,4.07,9.05,13.82,2178.5384394362595,13.656372764787736,-148.88058960775135,17,2
2012-04-01 01:36:00.721741+00:00,4.02,8.94,13.65,1438.1162390039592,13.049516729543724,-150.09430167823936,16,3
2012-04-01 01:37:00.721741+00:00,3.97,8.82,13.48,1438.1162390039592,13.049516729543724,-150.09430167823936,18,3
2012-04-01 01:38:00.721741+00:00,3.97,8.82,13.48,1474.751465274645,12.922889956008554,-150.3475552253097,20,3
2012-04-01 01:39:00.721741+00:00,3.95,8.78,13.42,1576.0037658567646,12.906187453162593,-150.3809602310016,22,2
2012-04-01 01:41:00.721741+00:00,11.48,24.35,36.95,1932.915691329417,12.936363287390352,-150.3206085625461,23,2
2012-04-01 01:42:00.721741+00:00,11.64,24.67,37.41,2034.55695869004,13.062990060925523,-150.06735501547575,22,2
2012-04-01 01:43:00.721741+00:00,11.83,25.05,37.99,1952.6484646939505,12.922889956008554,-150.3475552253097,22,2
2012-04-01 01:44:00.721741+00:00,11.88,25.16,38.15,1907.090712936852,12.909416624626754,-150.3745018880733,21,2
2012-04-01 01:45:00.721741+00:00,11.9,25.19,38.2,2136.1982260506634,12.909416624626754,-150.3745018880733,19,2
2012-04-01 01:46:00.721741+00:00,11.92,25.23,38.26,2272.2852884112517,12.936363287390352,-150.3206085625461,17,2
2012-04-01 01:47:00.721741+00:00,11.94,25.26,38.31,2386.281018179937,12.936363287390352,-150.3206085625461,15,3
2012-04-01 01:48:00.721741+00:00,11.94,25.26,38.31,2404.086563679864,13.204437675189332,-149.78445978694816,13,3
2012-04-01 01:55:00.721741+00:00,12.53,26.44,40.0,2549.349123831016,13.176465739585414,-149.840403658156,14,3
2012-04-01 01:56:00.721741+00:00,12.49,26.37,39.97,2906.1968108515043,13.018258689842687,-150.15681775764142,17,2
2012-04-01 01:57:00.721741+00:00,12.47,26.33,39.92,2983.8087803349363,13.202063727514886,-149.78920768229705,18,4
2012-04-01 01:58:00.721741+00:00,12.47,26.33,39.92,3187.822861971188,13.393011914762376,-149.40731130780205,20,2
2012-04-01 01:59:00.721741+00:00,12.47,26.33,39.92,3341.7276365794314,13.659190320720528,-148.87495449588576,22,2
2012-04-01 02:00:00.721741+00:00,12.51,26.41,40.0,3401.6224455317897,13.918225577103383,-148.35688398312004,21,2
2012-04-01 02:01:00.721741+00:00,12.49,26.37,39.97,5193.387284877182,14.139883718380874,-147.91356770056507,21,2
2012-04-01 02:02:00.721741+00:00,12.53,26.44,40.0,5259.902770568739,14.534528881881876,-147.12427737356305,21,2
2012-04-01 02:03:00.721741+00:00,12.54,26.48,40.0,5595.563825762645,14.9410794275462,-146.31117628223438,22,2
2012-04-01 02:04:00.721741+00:00,12.56,26.52,40.0,5259.902770568739,14.974275774986744,-146.2447835873533,23,2
2012-04-01 02:06:00.721741+00:00,12.58,26.55,40.0,5199.104642848191,14.907883080105655,-146.3775689771155,23,2
2012-04-01 02:07:00.721741+00:00,12.64,26.66,40.0,4366.306111424231,14.799404874445877,-146.59452538843504,24,3
2012-04-01 02:08:00.721741+00:00,12.67,26.73,40.0,3620.683772973541,14.794354849273612,-146.60462543877958,23,3
2012-04-01 02:09:00.721741+00:00,12.73,26.84,40.0,2993.205929094258,14.794354849273612,-146.60462543877958,21,3
2012-04-01 02:10:00.721741+00:00,12.73,26.84,40.0,2205.848983603269,13.9596276338513,-148.27407986962422,19,4
2012-04-01 02:46:00.721741+00:00,11.21,23.81,36.12,5229.206752663062,14.261929543551984,-147.66947605022284,12,3
2012-04-01 02:48:00.721741+00:00,11.18,23.74,36.02,4809.196523226587,14.261929543551984,-147.66947605022284,14,2
2012-04-01 02:49:00.721741+00:00,11.18,23.74,36.02,4809.196523226587,14.261929543551984,-147.66947605022284,14,2
2012-04-01 02:50:00.721741+00:00,11.18,23.74,36.02,4809.196523226587,14.261929543551984,-147.66947605022284,14,2
2012-04-01 02:51:00.721741+00:00,11.26,23.91,36.27,4320.575965938533,14.154186033649376,-147.88496307002805,12,2
2012-04-01 02:57:00.721741+00:00,9.96,21.28,32.32,6393.73297298483,14.579633668995516,-147.0340677993358,11,2
2012-04-01 02:58:00.721741+00:00,9.94,21.25,32.27,6393.73297298483,14.579633668995516,-147.0340677993358,13,2
2012-04-01 02:59:00.721741+00:00,9.92,21.21,32.22,6699.4288856965095,14.579633668995516,-147.0340677993358,15,2
2012-04-01 03:00:00.721741+00:00,9.88,21.12,32.07,6699.4288856965095,14.579633668995516,-147.0340677993358,17,2
2012-04-01 03:01:00.721741+00:00,9.88,21.12,32.07,6393.73297298483,14.579633668995516,-147.0340677993358,19,2
2012-04-01 03:02:00.721741+00:00,9.88,21.12,32.07,6256.170071583458,14.74844973432171,-146.6964356686834,20,2
2012-04-01 03:03:00.721741+00:00,9.92,21.21,32.22,5902.026208885376,14.90364107797982,-146.3860529813672,20,2
2012-04-01 03:04:00.721741+00:00,9.94,21.25,32.27,5947.079704510973,15.167481686755234,-145.85837176381636,20,2
2012-04-01 03:05:00.721741+00:00,9.92,21.21,32.22,6077.185542161212,15.143533361469585,-145.90626841438765,20,2
2012-04-01 03:06:00.721741+00:00,9.92,21.21,32.22,6023.617129033353,15.05654828362642,-146.08023857007396,20,2
2012-04-01 03:07:00.721741+00:00,9.94,21.25,32.27,5738.80890449056,15.05654828362642,-146.08023857007396,20,2
2012-04-01 03:08:00.721741+00:00,9.96,21.28,32.32,5496.76647238855,14.734968955373006,-146.7233972265808,20,2
2012-04-01 03:09:00.721741+00:00,9.97,21.31,32.37,5214.927594945817,14.80027963613271,-146.5927758650614,18,2
2012-04-01 03:10:00.721741+00:00,10.01,21.38,32.47,5143.780750107764,14.80027963613271,-146.5927758650614,16,2
2012-04-01 03:11:00.721741+00:00,10.04,21.44,32.56,5449.18481809411,14.80027963613271,-146.5927758650614,14,2
2012-04-01 03:12:00.721741+00:00,10.01,21.38,32.47,5731.023695536843,14.06202335274638,-148.06928843183405,13,2
2012-04-01 03:17:00.721741+00:00,8.98,19.29,29.33,2344.3763687376354,13.91042055207799,-148.37249403317082,17,2
2012-04-01 03:18:00.721741+00:00,8.92,19.17,29.14,1776.3536224014488,14.115680726381855,-147.96197368456308,18,2
2012-04-01 03:19:00.721741+00:00,8.92,19.17,29.14,1718.509618032232,13.91042055207799,-148.37249403317082,21,2
2012-04-01 03:20:00.721741+00:00,8.95,19.23,29.24,1718.509618032232,13.91042055207799,-148.37249403317082,23,3
2012-04-01 03:21:00.721741+00:00,8.99,19.33,29.38,1834.197626770666,13.91042055207799,-148.37249403317082,25,4
2012-04-01 03:22:00.721741+00:00,9.09,19.52,29.66,2589.6962495532216,14.498916711716342,-147.19550171389417,26,3
2012-04-01 03:23:00.721741+00:00,9.24,19.83,30.14,2589.6962495532216,14.622269292986651,-146.9487965513535,26,3
2012-04-01 03:24:00.721741+00:00,9.35,20.06,30.48,2589.6962495532216,14.622269292986651,-146.9487965513535,26,3
2012-04-01 03:25:00.721741+00:00,9.4,20.15,30.62,3448.7564646296064,15.966852165828406,-144.25963080567,25,2
2012-04-01 03:26:00.721741+00:00,9.43,20.22,30.72,3682.6502433442943,16.14815601854314,-143.89702310024052,24,2
2012-04-01 03:27:00.721741+00:00,9.46,20.28,30.81,4206.657973594286,16.296923303433488,-143.59948853045984,22,2
2012-04-01 03:28:00.721741+00:00,9.49,20.34,30.91,5024.616907576491,16.517008700125977,-143.15931773707484,21,2
2012-04-01 03:29:00.721741+00:00,9.51,20.38,30.96,5470.700649019573,16.723893604874974,-142.7455479275769,20,2
2012-04-01 03:30:00.721741+00:00,9.51,20.38,30.96,5813.258741854794,16.930639318882644,-142.33205649956153,20,2
2012-04-01 03:31:00.721741+00:00,9.53,20.41,31.01,6042.901035630104,17.003510535846054,-142.1863140656347,18,2
2012-04-01 03:32:00.721741+00:00,9.53,20.41,31.01,6042.901035630104,17.003510535846054,-142.1863140656347,16,2
2012-04-01 03:33:00.721741+00:00,9.46,20.28,30.81,6208.511915487778,16.968671988436178,-142.25599116045447,15,2
2012-04-01 03:34:00.721741+00:00,9.43,20.22,30.72,5661.221093423714,16.79038222426427,-142.61257068879826,16,3
2012-04-01 03:38:00.721741+00:00,9.23,19.8,30.09,5466.656050518341,16.230874128849443,-143.7315868796279,16,3
2012-04-01 03:39:00.721741+00:00,9.13,19.61,29.81,5466.656050518341,15.659657806342317,-144.8740195246422,16,3
2012-04-01 03:41:00.721741+00:00,9.03,19.39,29.47,5466.656050518341,15.152550058329524,-145.88823502066776,18,2
2012-04-01 03:42:00.721741+00:00,9.01,19.36,29.43,5466.656050518341,15.152550058329524,-145.88823502066776,20,2
2012-04-01 03:43:00.721741+00:00,8.98,19.29,29.33,5424.343560482047,15.129318418565848,-145.93469830019512,21,2
2012-04-01 03:44:00.721741+00:00,8.96,19.26,29.28,5466.656050518341,15.152941089130527,-145.88745295906577,20,2
2012-04-01 03:45:00.721741+00:00,8.96,19.26,29.28,5921.66815296194,15.17930185554168,-145.83473142624348,20,2
2012-04-01 03:46:00.721741+00:00,8.95,19.23,29.24,5921.66815296194,15.17930185554168,-145.83473142624348,20,2
2012-04-01 03:47:00.721741+00:00,8.92,19.17,29.14,5921.66815296194,15.155679184977,-145.8819767673728,20,2
2012-04-01 03:48:00.721741+00:00,8.92,19.17,29.14,5921.66815296194,15.569417161131234,-145.05450081506433,18,2
2012-04-01 03:49:00.721741+00:00,8.92,19.17,29.14,5921.66815296194,15.569417161131234,-145.05450081506433,16,2
2012-04-01 03:50:00.721741+00:00,8.93,19.2,29.19,5921.66815296194,15.569417161131234,-145.05450081506433,14,3
2012-04-01 03:51:00.721741+00:00,8.95,19.23,29.24,5921.66815296194,15.569417161131234,-145.05450081506433,12,2
2012-04-01 03:57:00.721741+00:00,9.34,20.02,30.43,3056.3428157833105,15.185394185278026,-145.82254676677076,18,2
2012-04-01 03:58:00.721741+00:00,9.35,20.06,30.48,2772.4139743458672,14.648059591950757,-146.8972159534253,22,3
2012-04-01 03:59:00.721741+00:00,9.37,20.09,30.53,2612.902599628727,14.37713507900738,-147.43906497931204,26,3
2012-04-01 04:00:00.721741+00:00,9.4,20.15,30.62,2612.902599628727,14.37713507900738,-147.43906497931204,28,4
2012-04-01 04:01:00.721741+00:00,9.42,20.18,30.67,2602.634943422997,14.37713507900738,-147.43906497931204,30,4
2012-04-01 04:02:00.721741+00:00,9.51,20.38,30.96,2521.6773701455395,14.362474031580197,-147.4683870741664,31,4
2012-04-01 04:03:00.721741+00:00,9.67,20.7,31.44,2498.6191102261937,14.251404775733356,-147.6905255858601,31,4
2012-04-01 04:04:00.721741+00:00,9.8,20.95,31.83,2433.312253707116,13.96184886382258,-148.26963740968165,29,3
2012-04-01 04:05:00.721741+00:00,9.97,21.31,32.37,2465.9656819666548,13.836533821360714,-148.52026749460538,28,2
2012-04-01 04:06:00.721741+00:00,10.12,21.6,32.81,2521.6773701455395,13.854131710509366,-148.48507171630808,27,2
2012-04-01 04:07:00.721741+00:00,10.17,21.7,32.96,2531.461971302672,14.032271013610975,-148.12879311010488,24,3
2012-04-01 04:09:00.721741+00:00,10.28,21.93,33.3,2779.383939028844,14.799418282830391,-146.594498571666,20,3
2012-04-01 04:10:00.721741+00:00,10.33,22.03,33.45,2779.383939028844,14.80448928719294,-146.5843565629409,18,2
2012-04-01 04:11:00.721741+00:00,4.02,8.94,13.65,2962.1162113399305,14.80448928719294,-146.5843565629409,16,2
2012-04-01 04:12:00.721741+00:00,4.04,8.97,13.71,3215.67077122122,15.018907399511985,-146.15552033830284,14,2
2012-04-01 04:13:00.721741+00:00,4.05,9.01,13.77,3500.0738487527897,15.018907399511985,-146.15552033830284,12,2
2012-04-01 04:20:00.721741+00:00,11.28,23.94,36.33,3648.583095586799,13.824030432790188,-148.54527427174642,7,2
2012-04-01 04:21:00.721741+00:00,11.28,23.94,36.33,3384.681254490144,13.466746785467834,-149.25984156639112,8,2
2012-04-01 06:45:00.721741+00:00,13.9,29.19,40.0,1343.071059569079,12.334521657456191,-151.52429182241443,5,2
2012-04-01 12:34:00.722058+00:00,21.15,40.0,40.0,3055.1518922332066,14.189954519508392,-148.68902480547865,11,2
2012-04-01 12:35:00.722058+00:00,21.09,40.0,40.0,3055.1518922332066,14.34568199340618,-148.37756985768308,13,2
2012-04-01 12:36:00.722058+00:00,21.06,40.0,40.0,3055.1518922332066,14.34568199340618,-148.37756985768308,15,2
2012-04-01 12:37:00.722058+00:00,21.03,40.0,40.0,3055.1518922332066,14.34568199340618,-148.37756985768308,17,2
2012-04-01 12:38:00.722058+00:00,20.97,40.0,40.0,3055.1518922332066,14.34568199340618,-148.37756985768308,19,2
2012-04-01 12:39:00.722058+00:00,20.94,40.0,40.0,3455.065562458553,14.603258966737704,-147.86241591102004,20,2
2012-04-01 12:40:00.722058+00:00,20.88,40.0,40.0,3455.065562458553,14.603258966737704,-147.86241591102004,20,2
2012-04-01 12:41:00.722058+00:00,20.88,40.0,40.0,3854.979232683899,14.860835940069226,-147.347261964357,21,2
2012-04-01 12:42:00.722058+00:00,20.79,40.0,40.0,3545.0050231960245,14.603258966737704,-147.86241591102004,20,2
2012-04-01 12:43:00.722058+00:00,20.79,40.0,40.0,3545.0050231960245,14.603258966737704,-147.86241591102004,18,2
2012-04-01 12:44:00.722058+00:00,20.76,40.0,40.0,3545.0050231960245,14.603258966737704,-147.86241591102004,16,2
2012-04-01 12:45:00.722058+00:00,20.73,40.0,40.0,3545.0050231960245,14.495060812154389,-148.07881222018665,14,2
2012-04-01 12:46:00.722058+00:00,20.73,40.0,40.0,3545.0050231960245,14.495060812154389,-148.07881222018665,12,2
2012-04-01 12:53:00.722058+00:00,19.97,40.0,40.0,6559.508885257752,16.307090100358337,-144.45475364377876,9,2
2012-04-01 12:54:00.722058+00:00,19.97,40.0,40.0,6559.508885257752,16.307090100358337,-144.45475364377876,9,2
2012-04-01 12:55:00.722058+00:00,19.97,40.0,40.0,6559.508885257752,16.307090100358337,-144.45475364377876,9,2
2012-04-01 17:38:00.722058+00:00,18.36,38.05,40.0,4940.30662466678,15.179218839432163,-146.71049616563113,15,2
2012-04-01 17:39:00.722058+00:00,18.36,38.05,40.0,4997.655522198364,15.247237925661915,-146.57445799317162,16,3
2012-04-01 17:40:00.722058+00:00,18.36,38.05,40.0,5055.0044197299485,15.315257011891672,-146.4384198207121,17,3
2012-04-01 17:41:00.722058+00:00,18.36,38.05,40.0,5055.0044197299485,15.315257011891672,-146.4384198207121,17,3
2012-04-01 17:42:00.722058+00:00,18.36,38.05,40.0,5055.0044197299485,15.315257011891672,-146.4384198207121,17,2
2012-04-01 17:43:00.722058+00:00,18.34,38.0,40.0,4997.655522198364,15.247237925661915,-146.57445799317162,16,2
2012-04-01 19:47:00.722058+00:00,17.88,37.1,40.0,22855.94258408304,18.46088991598875,-140.14715401251794,12,2
2012-04-01 19:48:00.722058+00:00,17.88,37.1,40.0,24219.683602881512,18.60825858689748,-139.8524166707005,14,2
2012-04-01 19:49:00.722058+00:00,17.91,37.15,40.0,24219.683602881512,18.60825858689748,-139.8524166707005,16,2
2012-04-01 19:50:00.722058+00:00,17.91,37.15,40.0,24219.683602881512,18.60825858689748,-139.8524166707005,18,2
2012-04-01 19:51:00.722058+00:00,17.91,37.15,40.0,22855.94258408304,18.46088991598875,-140.14715401251794,20,2
2012-04-01 19:52:00.722058+00:00,17.88,37.1,40.0,21488.83758921358,18.37118038632984,-140.32657307183575,20,2
2012-04-01 19:53:00.722058+00:00,17.88,37.1,40.0,19384.770044007462,18.308576983943897,-140.45177987660767,19,2
2012-04-01 19:54:00.722058+00:00,17.88,37.1,40.0,19384.770044007462,18.308576983943897,-140.45177987660767,17,2
2012-04-01 19:55:00.722058+00:00,17.88,37.1,40.0,19384.770044007462,18.308576983943897,-140.45177987660767,15,2
2012-04-01 19:56:00.722058+00:00,17.93,37.2,40.0,19384.770044007462,18.308576983943897,-140.45177987660767,13,2
2012-04-01 19:57:00.722058+00:00,17.93,37.2,40.0,17260.84037932291,17.9054411712065,-141.25805150208242,11,2
2012-04-01 20:04:00.722058+00:00,17.44,36.22,40.0,14580.357476577925,17.69572566229333,-141.67748251990878,10,2
2012-04-01 20:05:00.722058+00:00,17.44,36.22,40.0,14580.357476577925,17.69572566229333,-141.67748251990878,10,2
2012-04-01 20:06:00.722058+00:00,17.44,36.22,40.0,14580.357476577925,17.69572566229333,-141.67748251990878,10,2
2012-04-01 20:07:00.722058+00:00,17.44,36.22,40.0,14580.357476577925,17.69572566229333,-141.67748251990878,10,2
2012-04-01 20:08:00.722058+00:00,17.44,36.22,40.0,14580.357476577925,17.69572566229333,-141.67748251990878,10,2
2012-04-01 20:25:00.722058+00:00,17.39,36.13,40.0,20895.63767902465,18.111536724131945,-140.84586039623156,14,2
2012-04-01 20:26:00.722058+00:00,17.39,36.13,40.0,22520.1212838427,18.34038787215232,-140.38815810019082,16,2
2012-04-01 20:27:00.722058+00:00,17.39,36.13,40.0,24328.625333466527,18.697322885930863,-139.67428807263371,16,2
2012-04-01 20:28:00.722058+00:00,17.39,36.13,40.0,25981.903230915683,18.92573256547745,-139.21746871354054,17,2
2012-04-01 20:29:00.722058+00:00,17.42,36.18,40.0,26323.892053886924,18.92573256547745,-139.21746871354054,19,2
2012-04-01 20:30:00.722058+00:00,17.42,36.18,40.0,26658.43732406757,18.94707281046093,-139.1747882235736,20,2
2012-04-01 20:31:00.722058+00:00,17.39,36.13,40.0,27003.99625916875,18.94707281046093,-139.1747882235736,20,2
2012-04-01 20:32:00.722058+00:00,17.39,36.13,40.0,27003.99625916875,18.94707281046093,-139.1747882235736,20,2
2012-04-01 20:33:00.722058+00:00,17.37,36.08,40.0,29112.55352538242,19.23960787006207,-138.58971810437131,20,2
2012-04-01 20:34:00.722058+00:00,17.34,36.03,40.0,29112.55352538242,19.23960787006207,-138.58971810437131,20,2
2012-04-01 20:35:00.722058+00:00,17.3,35.94,40.0,33174.49825022967,19.636065305918592,-137.79680323265828,19,2
2012-04-01 20:36:00.722058+00:00,17.3,35.94,40.0,31662.00558343921,19.325561890700403,-138.41781006309463,18,2
2012-04-01 20:37:00.722058+00:00,17.2,35.75,40.0,31662.00558343921,19.325561890700403,-138.41781006309463,18,2
2012-04-01 20:38:00.722058+00:00,17.13,35.61,40.0,31662.00558343921,19.30773241136796,-138.45346902175953,18,2
2012-04-01 20:39:00.722058+00:00,17.03,35.42,40.0,31662.00558343921,19.25817372895065,-138.55258638659416,18,2
2012-04-01 20:41:00.722058+00:00,16.92,35.19,40.0,33542.57364327365,19.047666860147142,-138.97360012420117,18,2
2012-04-01 20:42:00.722058+00:00,16.87,35.09,40.0,33542.57364327365,19.047666860147142,-138.97360012420117,18,2
2012-04-01 20:43:00.722058+00:00,16.82,35.0,40.0,33724.0668796276,19.047666860147142,-138.97360012420117,18,2
2012-04-01 20:44:00.722058+00:00,16.8,34.95,40.0,33648.02574174285,19.047666860147142,-138.97360012420117,18,2
2012-04-01 20:45:00.722058+00:00,16.8,34.95,40.0,30110.03434997377,18.46177220450889,-140.14538943547768,17,2
2012-04-01 20:46:00.722058+00:00,16.8,34.95,40.0,33648.02574174285,19.047666860147142,-138.97360012420117,16,2
2012-04-01 20:47:00.722058+00:00,16.78,34.91,40.0,33648.02574174285,19.047666860147142,-138.97360012420117,14,2
2012-04-01 20:48:00.722058+00:00,16.75,34.86,40.0,28505.613450153192,18.39986363628301,-140.26920657192943,14,2
2012-04-01 20:53:00.722058+00:00,16.12,33.6,40.0,4279.538255065435,13.579704537748857,-149.90952476899776,14,2
2012-04-01 20:54:00.722058+00:00,15.74,32.85,40.0,4279.538255065435,13.579704537748857,-149.90952476899776,14,2
2012-04-01 20:55:00.722058+00:00,15.74,32.85,40.0,4279.538255065435,13.579704537748857,-149.90952476899776,16,2
2012-04-01 20:56:00.722058+00:00,15.76,32.89,40.0,4287.71508160853,13.579704537748857,-149.90952476899776,18,2
2012-04-01 20:57:00.722058+00:00,15.78,32.94,40.0,4426.610185165262,13.8343130350654,-149.40030777436465,20,2
2012-04-01 20:58:00.722058+00:00,15.81,32.98,40.0,4496.41882062264,14.033448673398576,-149.0020364976983,20,2
2012-04-01 20:59:00.722058+00:00,15.85,33.07,40.0,4873.786643675279,14.250590160500192,-148.56775352349507,20,2
2012-04-01 21:00:00.722058+00:00,15.94,33.24,40.0,5001.0053240489415,14.33820263868562,-148.3925285671242,20,2
2012-04-01 21:01:00.722058+00:00,16.0,33.37,40.0,5177.157060878722,14.418758456241225,-148.23141693201302,20,2
2012-04-01 21:02:00.722058+00:00,16.03,33.42,40.0,5280.314711220307,14.541801721313972,-147.9853304018675,18,2
2012-04-01 21:03:00.722058+00:00,16.05,33.46,40.0,5280.314711220307,14.703811445686783,-147.66131095312187,16,2
2012-04-01 21:04:00.722058+00:00,16.07,33.51,40.0,5846.861975022802,15.000147463562564,-147.06863891737032,14,2
2012-04-01 21:05:00.722058+00:00,16.09,33.55,40.0,6552.23779757176,15.36957351309329,-146.3297868183089,12,2
2012-04-01 21:10:00.722058+00:00,16.48,34.31,40.0,20453.837583027493,17.986650632217057,-141.09563258006136,12,2
2012-04-01 21:12:00.722058+00:00,16.55,34.45,40.0,25803.170709474103,18.65259197647654,-139.76374989154235,14,2
2012-04-01 21:13:00.722058+00:00,16.55,34.45,40.0,25803.170709474103,18.65259197647654,-139.76374989154235,16,2
2012-04-01 21:14:00.722058+00:00,16.55,34.45,40.0,25803.170709474103,18.65259197647654,-139.76374989154235,18,2
2012-04-01 21:15:00.722058+00:00,16.57,34.49,40.0,27895.6972009787,18.68102382020006,-139.70688620409533,20,2
2012-04-01 21:16:00.722058+00:00,16.59,34.54,40.0,30436.236189829146,18.771473330070695,-139.52598718435405,20,2
2012-04-01 21:17:00.722058+00:00,16.61,34.59,40.0,30801.564360934823,19.141303524826466,-138.78632679484252,20,2
2012-04-01 21:18:00.722058+00:00,16.64,34.63,40.0,33713.11821258663,19.231605347820302,-138.60572314885485,20,2
2012-04-01 21:19:00.722058+00:00,16.66,34.68,40.0,37379.695648584006,19.50009980860444,-138.06873422728657,20,2
2012-04-01 21:20:00.722058+00:00,16.68,34.72,40.0,37922.32589901326,19.50009980860444,-138.06873422728657,20,2
2012-04-01 21:21:00.722058+00:00,16.73,34.81,40.0,40876.32337908092,19.54128937941748,-137.98635508566048,20,2
2012-04-01 21:22:00.722058+00:00,16.73,34.81,40.0,40210.615477489104,19.53625369687371,-137.99642645074803,19,2
2012-04-01 21:23:00.722058+00:00,16.75,34.86,40.0,40210.615477489104,19.53625369687371,-137.99642645074803,19,2
2012-04-01 21:24:00.722058+00:00,16.75,34.86,40.0,40210.615477489104,19.508454117484007,-138.05202560952745,19,2
2012-04-01 21:25:00.722058+00:00,16.78,34.91,40.0,39069.50001017106,19.45410144166657,-138.1607309611623,18,2
2012-04-01 21:26:00.722058+00:00,16.8,34.95,40.0,39069.50001017106,19.45410144166657,-138.1607309611623,16,2
2012-04-01 21:28:00.722058+00:00,17.08,35.51,40.0,39624.13109075253,19.46800123136142,-138.1329313817726,16,2
2012-04-01 21:32:00.722058+00:00,17.46,36.27,40.0,29573.48759556093,18.89458689784493,-139.27976004880557,17,2
2012-04-01 21:33:00.722058+00:00,17.46,36.27,40.0,29573.48759556093,18.89458689784493,-139.27976004880557,17,2
2012-04-01 21:34:00.722058+00:00,17.49,36.32,40.0,29573.48759556093,18.89458689784493,-139.27976004880557,17,2
2012-04-01 21:35:00.722058+00:00,17.51,36.37,40.0,27638.102621789243,18.86983477759349,-139.32926428930847,18,2
2012-04-01 21:36:00.722058+00:00,17.51,36.37,40.0,25557.838133294696,18.759166474477382,-139.5506008955407,20,2
2012-04-01 21:37:00.722058+00:00,17.56,36.47,40.0,25178.861376172543,18.6362474554739,-139.79643893354768,20,2
2012-04-01 21:38:00.722058+00:00,17.59,36.51,40.0,23489.416737518543,18.50816807644224,-140.05259769161097,20,2
2012-04-01 21:39:00.722058+00:00,17.61,36.56,40.0,21934.29523732515,18.34813100195805,-140.37267184057936,20,2
2012-04-01 21:40:00.722058+00:00,17.66,36.66,40.0,21051.97266753616,18.20146365005984,-140.6660065443758,19,2
2012-04-01 21:41:00.722058+00:00,17.66,36.66,40.0,18136.37155962484,17.618697391525217,-141.83153906144503,19,2
2012-04-01 21:42:00.722058+00:00,17.68,36.71,40.0,15887.090489686096,17.32462819932863,-142.4196774458382,19,2
2012-04-01 21:43:00.722058+00:00,17.68,36.71,40.0,14508.206756046411,16.88490484616821,-143.29912415215904,18,2
2012-04-01 21:45:00.722058+00:00,17.56,36.47,40.0,13755.288172604753,16.572258800007443,-143.92441624448057,17,2
2012-04-01 21:46:00.722058+00:00,17.51,36.37,40.0,15261.12533948807,17.32462819932863,-142.4196774458382,17,2
2012-04-01 21:47:00.722058+00:00,17.51,36.37,40.0,18136.37155962484,17.331137740795086,-142.4066583629053,17,2
2012-04-01 21:49:00.722058+00:00,17.49,36.32,40.0,28021.687208658248,18.882005388526643,-139.30492306744216,17,2
2012-04-01 21:50:00.722058+00:00,17.51,36.37,40.0,28628.69246210777,19.06545900415332,-138.9380158361888,18,2
2012-04-01 21:51:00.722058+00:00,17.51,36.37,40.0,33875.58308901826,19.299200872462933,-138.4705320995696,18,2
2012-04-01 21:52:00.722058+00:00,17.49,36.32,40.0,42638.90236498456,19.74322674999042,-137.58248034451464,18,2
2012-04-01 21:53:00.722058+00:00,17.46,36.27,40.0,43318.50781724085,19.788606507109733,-137.491720830276,19,2
2012-04-01 21:54:00.722058+00:00,17.44,36.22,40.0,45888.426371845984,20.181821229012307,-136.70529138647083,20,2
2012-04-01 21:55:00.722058+00:00,17.46,36.27,40.0,45208.82091958969,20.136441471892997,-136.79605090070947,20,2
2012-04-01 21:56:00.722058+00:00,17.46,36.27,40.0,45208.82091958969,20.136441471892997,-136.79605090070947,20,2
2012-04-01 21:57:00.722058+00:00,17.46,36.27,40.0,41996.70095307652,19.96653403340917,-137.1358657776771,20,2
2012-04-01 21:58:00.722058+00:00,17.46,36.27,40.0,41959.29691272828,20.09840234340217,-136.87212915769112,19,2
2012-04-01 21:59:00.722058+00:00,17.46,36.27,40.0,41959.29691272828,20.09840234340217,-136.87212915769112,17,2
2012-04-01 22:00:00.722058+00:00,17.44,36.22,40.0,41378.40351978742,19.89812466813664,-137.2726845082222,16,2
2012-04-01 22:01:00.722058+00:00,17.42,36.18,40.0,41996.70095307652,20.101948199503084,-136.8650374454893,16,2
2012-04-01 22:02:00.722058+00:00,17.39,36.13,40.0,44806.9213209246,20.101948199503084,-136.8650374454893,16,2
2012-04-01 22:05:00.722058+00:00,17.39,36.13,40.0,44806.9213209246,20.101948199503084,-136.8650374454893,16,2
2012-04-01 22:06:00.722058+00:00,17.39,36.13,40.0,44806.9213209246,20.101948199503084,-136.8650374454893,16,2
2012-04-01 22:07:00.722058+00:00,17.37,36.08,40.0,46435.38808290436,20.101948199503084,-136.8650374454893,16,2
2012-04-01 22:08:00.722058+00:00,17.39,36.13,40.0,47579.73764842443,20.10549405560399,-136.8579457332875,17,2
2012-04-01 22:09:00.722058+00:00,17.39,36.13,40.0,47579.73764842443,20.10549405560399,-136.8579457332875,19,2
2012-04-01 22:10:00.722058+00:00,17.39,36.13,40.0,48754.64559029393,20.162162527616186,-136.74460878926308,20,2
2012-04-01 22:11:00.722058+00:00,17.39,36.13,40.0,46435.38808290436,20.030361023059115,-137.0082117983772,20,2
2012-04-01 22:12:00.722058+00:00,17.42,36.18,40.0,44550.79555503861,20.030361023059115,-137.0082117983772,20,2
2012-04-01 22:13:00.722058+00:00,17.42,36.18,40.0,46573.27477412701,20.172455204022373,-136.7240234364507,20,2
2012-04-01 22:14:00.722058+00:00,17.42,36.18,40.0,46573.27477412701,20.172455204022373,-136.7240234364507,20,2
2012-04-01 22:15:00.722058+00:00,17.39,36.13,40.0,46573.27477412701,20.172455204022373,-136.7240234364507,20,2
2012-04-01 22:16:00.722058+00:00,17.39,36.13,40.0,46573.27477412701,20.172455204022373,-136.7240234364507,18,2
2012-04-01 22:17:00.722058+00:00,17.39,36.13,40.0,49727.206349994245,20.348722432025923,-136.3714889804436,16,2
2012-04-01 22:18:00.722058+00:00,17.37,36.08,40.0,45833.031811781344,19.98398522745312,-137.1009633895892,16,2
2012-04-01 22:19:00.722058+00:00,17.37,36.08,40.0,45833.031811781344,19.98398522745312,-137.1009633895892,16,2
2012-04-01 22:23:00.722058+00:00,17.22,35.8,40.0,46891.229877446574,19.99337259459746,-137.08218865530054,17,2
2012-04-01 22:24:00.722058+00:00,17.2,35.75,40.0,46891.229877446574,19.99337259459746,-137.08218865530054,17,2
2012-04-01 22:25:00.722058+00:00,17.2,35.75,40.0,46891.229877446574,19.99337259459746,-137.08218865530054,17,2
2012-04-01 22:26:00.722058+00:00,17.18,35.7,40.0,46891.229877446574,19.99337259459746,-137.08218865530054,19,2
2012-04-01 22:27:00.722058+00:00,17.18,35.7,40.0,46891.229877446574,19.99337259459746,-137.08218865530054,21,2
2012-04-01 22:28:00.722058+00:00,17.15,35.65,40.0,50566.142032195865,20.678075645169155,-135.71278255415714,21,2
2012-04-01 22:29:00.722058+00:00,17.13,35.61,40.0,49138.10021027626,20.676810951814623,-135.7153119408662,21,2
2012-04-01 22:30:00.722058+00:00,17.13,35.61,40.0,45885.53034993547,20.33509177320604,-136.39875029808337,20,2
2012-04-01 22:31:00.722058+00:00,17.1,35.56,40.0,42632.96048959468,19.99337259459746,-137.08218865530054,19,2
2012-04-01 22:32:00.722058+00:00,17.06,35.47,40.0,35843.9128099325,19.292846518758758,-138.48324080697796,19,2
2012-04-01 22:33:00.722058+00:00,17.01,35.37,40.0,33924.42895291565,19.26866304101412,-138.53160776246722,18,2
2012-04-01 22:34:00.722058+00:00,16.96,35.28,40.0,33924.42895291565,19.26866304101412,-138.53160776246722,18,2
2012-04-01 22:37:00.722058+00:00,16.87,35.09,40.0,33572.876536026546,19.13442712646341,-138.80007959156862,18,2
2012-04-01 22:38:00.722058+00:00,16.85,35.05,40.0,31301.840262120582,19.024374689657336,-139.02018446518076,17,2
2012-04-01 22:39:00.722058+00:00,16.85,35.05,40.0,30745.532719551466,18.71964535389706,-139.62964313670133,17,3
2012-04-01 22:40:00.722058+00:00,16.85,35.05,40.0,31023.686490836026,18.98206245858328,-139.10480892732892,18,2
2012-04-01 22:41:00.722058+00:00,16.85,35.05,40.0,31301.840262120582,19.244479563269493,-138.57997471795647,19,2
2012-04-01 22:42:00.722058+00:00,16.82,35.0,40.0,29344.334790038494,18.71964535389706,-139.62964313670133,19,2
2012-04-01 22:44:00.722058+00:00,16.82,35.0,40.0,26699.27627779069,18.604201642038337,-139.86053056041877,19,2
2012-04-01 22:45:00.722058+00:00,16.82,35.0,40.0,26699.27627779069,18.604201642038337,-139.86053056041877,19,2
2012-04-01 22:46:00.722058+00:00,16.82,35.0,40.0,26212.78742686033,18.597864498189317,-139.8732048481168,19,2
2012-04-01 22:47:00.722058+00:00,16.82,35.0,40.0,26212.78742686033,18.597864498189317,-139.8732048481168,19,2
2012-04-01 22:48:00.722058+00:00,16.78,34.91,40.0,23975.1688450465,18.7618280098902,-139.54527782471507,18,2
2012-04-01 22:49:00.722058+00:00,16.78,34.91,40.0,26456.031852325512,18.7618280098902,-139.54527782471507,16,2
2012-04-01 22:50:00.722058+00:00,16.78,34.91,40.0,21471.818768898305,18.275433734763773,-140.5180663749679,16,2
2012-04-01 22:51:00.722058+00:00,16.75,34.86,40.0,20125.098471854217,18.21829640864816,-140.63234102719915,16,2
2012-04-01 22:55:00.722058+00:00,16.73,34.81,40.0,16980.993551611147,18.1817702074158,-140.70539342966384,16,2
2012-04-01 22:56:00.722058+00:00,16.68,34.72,40.0,16980.993551611147,18.1817702074158,-140.70539342966384,16,2
2012-04-01 22:57:00.722058+00:00,16.66,34.68,40.0,14575.443017362117,17.77321936399064,-141.52249511651416,16,2
2012-04-01 22:58:00.722058+00:00,16.66,34.68,40.0,15666.505548136254,17.838162757010082,-141.3926083304753,18,2
2012-04-01 22:59:00.722058+00:00,16.68,34.72,40.0,15666.505548136254,17.838162757010082,-141.3926083304753,20,2
2012-04-01 23:00:00.722058+00:00,16.71,34.77,40.0,15666.505548136254,17.838162757010082,-141.3926083304753,20,2
2012-04-01 23:01:00.722058+00:00,16.73,34.81,40.0,15795.425899447248,17.838162757010082,-141.3926083304753,20,2
2012-04-01 23:02:00.722058+00:00,16.75,34.86,40.0,15872.8062319879,17.838162757010082,-141.3926083304753,20,2
2012-04-01 23:03:00.722058+00:00,16.8,34.95,40.0,16762.94789032673,17.958923991735507,-141.15108586102446,20,2
2012-04-01 23:04:00.722058+00:00,16.82,35.0,40.0,17359.28838305828,17.961716266850146,-141.14550131079517,20,2
2012-04-01 23:05:00.722058+00:00,16.85,35.05,40.0,17359.28838305828,17.961716266850146,-141.14550131079517,18,2
2012-04-01 23:06:00.722058+00:00,16.87,35.09,40.0,17359.28838305828,17.961716266850146,-141.14550131079517,16,2
2012-04-01 23:07:00.722058+00:00,16.92,35.19,40.0,17359.28838305828,17.961716266850146,-141.14550131079517,16,2
2012-04-01 23:08:00.722058+00:00,16.96,35.28,40.0,18001.61895567507,18.027150363207465,-141.01463311808052,16,2
2012-04-01 23:12:00.722058+00:00,17.03,35.42,40.0,18001.61895567507,18.027150363207465,-141.01463311808052,16,2
2012-04-01 23:13:00.722058+00:00,17.03,35.42,40.0,18001.61895567507,18.027150363207465,-141.01463311808052,16,2
2012-04-01 23:14:00.722058+00:00,17.01,35.37,40.0,21098.43024459978,18.418967117071315,-140.23099961035282,16,2
2012-04-01 23:15:00.722058+00:00,16.99,35.33,40.0,21098.43024459978,18.418967117071315,-140.23099961035282,18,2
2012-04-01 23:16:00.722058+00:00,1.8,4.06,6.22,17545.8823578836,17.79186075267111,-141.48521233915324,19,2
2012-04-01 23:17:00.722058+00:00,1.8,4.06,6.22,17545.8823578836,17.79186075267111,-141.48521233915324,17,2
2012-04-01 23:18:00.722058+00:00,1.8,4.06,6.22,14290.180095180556,17.744080235784352,-141.58077337292673,15,2
2012-04-01 23:19:00.722058+00:00,1.8,4.06,6.22,14290.180095180556,17.744080235784352,-141.58077337292673,13,2
2012-04-01 23:20:00.722058+00:00,1.8,4.06,6.22,14290.180095180556,17.744080235784352,-141.58077337292673,11,2
2012-04-01 23:26:00.722058+00:00,6.27,13.71,20.9,16912.000278998697,17.859732698841878,-141.3494684468117,9,2
2012-04-01 23:27:00.722058+00:00,4.05,9.01,13.77,16912.000278998697,17.859732698841878,-141.3494684468117,9,2
2012-04-01 23:28:00.722058+00:00,16.89,35.14,40.0,17376.168499275052,17.882297321283822,-141.3043392019278,10,2
2012-04-01 23:29:00.722058+00:00,16.85,35.05,40.0,16663.122043729614,17.829228893520067,-141.4104760574553,12,2
2012-04-01 23:33:00.722058+00:00,16.75,34.86,40.0,16414.243808460535,17.79872508819826,-141.47148366809893,15,2
2012-04-01 23:34:00.722058+00:00,16.73,34.81,40.0,16414.243808460535,17.79872508819826,-141.47148366809893,15,2
2012-04-01 23:35:00.722058+00:00,16.73,34.81,40.0,16414.243808460535,17.79872508819826,-141.47148366809893,15,2
2012-04-01 23:36:00.722058+00:00,16.73,34.81,40.0,16414.243808460535,17.79872508819826,-141.47148366809893,17,2
2012-04-01 23:37:00.722058+00:00,16.75,34.86,40.0,16414.243808460535,17.79872508819826,-141.47148366809893,19,2
2012-04-01 23:38:00.722058+00:00,16.78,34.91,40.0,16371.732207425795,17.63303127683001,-141.8028712908354,20,2
2012-04-01 23:39:00.722058+00:00,16.82,35.0,40.0,16789.300082627793,17.87507528278144,-141.3187832789326,20,2
2012-04-01 23:40:00.722058+00:00,16.87,35.09,40.0,18247.036596679158,18.13617705227675,-140.79657973994193,20,2
2012-04-01 23:41:00.722058+00:00,16.92,35.19,40.0,18025.96383101284,17.813395055315674,-141.4421437338641,21,2
2012-04-01 23:42:00.722058+00:00,16.96,35.28,40.0,18025.96383101284,17.813395055315674,-141.4421437338641,21,2
2012-04-01 23:43:00.722058+00:00,17.01,35.37,40.0,18025.96383101284,17.813395055315674,-141.4421437338641,21,2
2012-04-01 23:44:00.722058+00:00,17.03,35.42,40.0,17251.467415727908,17.644987854827477,-141.77895813484048,20,3
2012-04-01 23:45:00.722058+00:00,17.03,35.42,40.0,16476.971000442983,17.476580654339283,-142.1157725358169,19,2
2012-04-01 23:46:00.722058+00:00,17.08,35.51,40.0,16403.09580341702,17.47195905990052,-142.1250157246944,18,2
2012-04-01 23:47:00.722058+00:00,17.13,35.61,40.0,16403.09580341702,17.47195905990052,-142.1250157246944,16,2
2012-04-01 23:48:00.722058+00:00,17.13,35.61,40.0,15981.588406224935,17.460112028479674,-142.14870978753612,15,2
2012-04-01 23:53:00.722058+00:00,17.15,35.65,40.0,10262.833558002883,16.61946205762041,-143.83000972925464,14,2
2012-04-01 23:54:00.722058+00:00,17.15,35.65,40.0,10349.395918660368,16.69409624413007,-143.68074135623533,15,2
2012-04-01 23:55:00.722058+00:00,17.15,35.65,40.0,10262.833558002883,16.71975843800277,-143.62941696848992,16,2
2012-04-01 23:56:00.722058+00:00,17.15,35.65,40.0,10176.2711973454,16.69409624413007,-143.68074135623533,17,2
2012-04-01 23:57:00.722058+00:00,17.15,35.65,40.0,9309.74001288626,16.544827871110755,-143.97927810227395,19,2
2012-04-01 23:58:00.722058+00:00,17.15,35.65,40.0,9308.494785825296,16.38490481934619,-144.29912420580308,20,2
2012-04-01 23:59:00.722058+00:00,17.13,35.61,40.0,8991.315002550731,16.16896893662573,-144.730995971244,19,2
2012-04-02 00:00:00.722375+00:00,17.3,35.94,40.0,5733.722096942596,15.29254826824628,-146.00764143194056,16,2
2012-04-02 00:01:00.722375+00:00,17.3,35.94,40.0,6425.929764862687,15.691524278471048,-145.209689411491,18,2
2012-04-02 00:02:00.722375+00:00,17.3,35.94,40.0,7027.046225322843,15.896832677715064,-144.799072613003,20,2
2012-04-02 00:03:00.722375+00:00,17.32,35.99,40.0,8120.223009511322,16.319583355359445,-143.95357125771423,20,2
2012-04-02 00:04:00.722375+00:00,17.3,35.94,40.0,11077.18906107719,16.89027209526703,-142.81219377789907,20,2
2012-04-02 00:05:00.722375+00:00,17.3,35.94,40.0,12050.670823846694,16.96532274674666,-142.66209247493978,19,2
2012-04-02 00:06:00.722375+00:00,17.3,35.94,40.0,12199.438863932632,16.971061320825996,-142.65061532678112,17,2
2012-04-02 00:07:00.722375+00:00,17.3,35.94,40.0,12229.934242110545,17.092548784655293,-142.40764039912253,16,2
2012-04-02 00:08:00.722375+00:00,17.15,35.65,40.0,13659.855306965264,17.762561301900828,-141.06761536463148,16,2
2012-04-02 00:09:00.722375+00:00,17.08,35.51,40.0,16484.508735267933,18.105773212269767,-140.38119154389358,16,2
2012-04-02 00:12:00.722375+00:00,16.99,35.33,40.0,24269.86158242728,18.513327947830145,-139.56608207277284,16,2
2012-04-02 00:13:00.722375+00:00,16.96,35.28,40.0,25434.00799041073,18.513327947830145,-139.56608207277284,16,2
2012-04-02 00:14:00.722375+00:00,16.96,35.28,40.0,27246.71377654966,18.6103785646622,-139.37198083910872,16,2
2012-04-02 00:15:00.722375+00:00,16.99,35.33,40.0,28680.65314256499,18.39262959898405,-139.80747877046502,17,2
2012-04-02 00:16:00.722375+00:00,16.99,35.33,40.0,28680.65314256499,18.4454061579307,-139.70192565257173,19,2
2012-04-02 00:17:00.722375+00:00,17.01,35.37,40.0,29098.064947045903,18.908550845163628,-138.77563627810588,20,2
2012-04-02 00:18:00.722375+00:00,17.01,35.37,40.0,27664.125581030574,18.908550845163628,-138.77563627810588,20,2
2012-04-02 00:19:00.722375+00:00,16.99,35.33,40.0,28453.52555625769,18.92071337843516,-138.7513112115628,20,2
2012-04-02 00:20:00.722375+00:00,16.99,35.33,40.0,28453.52555625769,18.92071337843516,-138.7513112115628,20,2
2012-04-02 00:21:00.722375+00:00,16.96,35.28,40.0,28453.52555625769,18.92071337843516,-138.7513112115628,20,2
2012-04-02 00:22:00.722375+00:00,16.94,35.23,40.0,28453.52555625769,18.92071337843516,-138.7513112115628,20,2
2012-04-02 00:23:00.722375+00:00,16.92,35.19,40.0,28453.52555625769,18.92071337843516,-138.7513112115628,20,2
2012-04-02 00:24:00.722375+00:00,16.87,35.09,40.0,29515.476751526818,19.371695532396554,-137.84934690364005,19,2
2012-04-02 00:25:00.722375+00:00,16.85,35.05,40.0,33111.319677230575,19.54845029225149,-137.49583738393014,17,2
2012-04-02 00:26:00.722375+00:00,16.82,35.0,40.0,25841.63054865457,18.394883728651344,-139.80297051113044,18,2
2012-04-02 00:27:00.722375+00:00,16.8,34.95,40.0,25841.63054865457,18.394883728651344,-139.80297051113044,16,2
2012-04-02 00:28:00.722375+00:00,16.75,34.86,40.0,24291.686736320586,18.302004978349565,-139.988728011734,15,2
2012-04-02 00:31:00.722375+00:00,17.01,35.37,40.0,20658.993141538613,18.206499895795247,-140.17973817684262,15,2
2012-04-02 00:33:00.722375+00:00,17.22,35.8,40.0,17646.71200999282,17.7035305134523,-141.18567694152853,15,2
2012-04-02 00:34:00.722375+00:00,17.2,35.75,40.0,17165.692096519164,17.512799247153836,-141.56713947412544,16,2
2012-04-02 00:35:00.722375+00:00,17.18,35.7,40.0,18070.492164252573,17.71940238784167,-141.15393319274978,18,2
2012-04-02 00:36:00.722375+00:00,17.2,35.75,40.0,20658.993141538613,18.30036723549817,-139.99200349743677,17,2
2012-04-02 00:37:00.722375+00:00,17.18,35.7,40.0,20658.993141538613,18.35052190945044,-139.89169414953224,19,2
2012-04-02 00:38:00.722375+00:00,17.13,35.61,40.0,21101.15094923933,18.42611881294324,-139.74050034254662,20,2
2012-04-02 00:39:00.722375+00:00,17.13,35.61,40.0,21101.15094923933,18.42611881294324,-139.74050034254662,20,2
2012-04-02 00:40:00.722375+00:00,17.1,35.56,40.0,21101.15094923933,18.42611881294324,-139.74050034254662,20,2
2012-04-02 00:41:00.722375+00:00,17.1,35.56,40.0,21805.423641095447,18.42611881294324,-139.74050034254662,20,2
2012-04-02 00:42:00.722375+00:00,17.08,35.51,40.0,22707.442522337093,18.611460359944047,-139.36981724854502,20,2
2012-04-02 00:43:00.722375+00:00,17.08,35.51,40.0,24519.681589920743,18.84486515233305,-138.90300766376703,20,2
2012-04-02 00:44:00.722375+00:00,17.06,35.47,40.0,23197.75370590181,18.7279953266819,-139.13674731506933,20,2
2012-04-02 00:45:00.722375+00:00,17.06,35.47,40.0,21656.29193143177,18.531729522078965,-139.5292789242752,20,2
2012-04-02 00:46:00.722375+00:00,17.06,35.47,40.0,21391.49530233064,18.531729522078965,-139.5292789242752,20,2
2012-04-02 00:47:00.722375+00:00,17.03,35.42,40.0,21391.49530233064,18.479003817776643,-139.63473033287983,20,2
2012-04-02 00:48:00.722375+00:00,17.08,35.51,40.0,21061.86679947105,18.437551334104132,-139.71763530022486,18,2
2012-04-02 00:49:00.722375+00:00,17.08,35.51,40.0,19664.14388000944,18.162165533500783,-140.26840690143155,17,2
2012-04-02 00:50:00.722375+00:00,17.08,35.51,40.0,14880.766179871289,17.49677531511071,-141.5991873382117,17,2
2012-04-02 00:51:00.722375+00:00,17.06,35.47,40.0,14789.053680874787,17.42713251740562,-141.7384729336219,15,2
2012-04-02 00:57:00.722375+00:00,17.68,36.71,40.0,29487.11555457821,19.013108825052484,-138.56652031832817,14,2
2012-04-02 00:58:00.722375+00:00,17.68,36.71,40.0,30729.780217731204,19.013108825052484,-138.56652031832817,16,2
2012-04-02 00:59:00.722375+00:00,17.66,36.66,40.0,33132.37418818397,19.252598546685988,-138.08754087506114,17,2
2012-04-02 01:00:00.722375+00:00,17.63,36.61,40.0,35522.28427153954,19.32257608692751,-137.94758579457812,17,2
2012-04-02 01:01:00.722375+00:00,17.63,36.61,40.0,34327.32922986175,19.28758731680675,-138.0175633348196,20,2
2012-04-02 01:02:00.722375+00:00,17.61,36.56,40.0,38918.724336342,19.434135208774272,-137.72446755088458,21,2
2012-04-02 01:03:00.722375+00:00,17.63,36.61,40.0,40305.89561481759,19.86693398792883,-136.85886999257548,22,2
2012-04-02 01:04:00.722375+00:00,17.59,36.51,40.0,38918.724336342,19.434135208774272,-137.72446755088458,21,2
2012-04-02 01:05:00.722375+00:00,17.56,36.47,40.0,38918.724336342,19.434135208774272,-137.72446755088458,21,3
2012-04-02 01:06:00.722375+00:00,17.54,36.42,40.0,38918.724336342,19.434135208774272,-137.72446755088458,21,2
2012-04-02 01:07:00.722375+00:00,17.54,36.42,40.0,38918.724336342,19.434135208774272,-137.72446755088458,21,2
2012-04-02 01:08:00.722375+00:00,17.51,36.37,40.0,38918.724336342,19.434135208774272,-137.72446755088458,21,2
2012-04-02 01:09:00.722375+00:00,17.56,36.47,40.0,36200.672679495125,19.208352769444595,-138.17603242954394,22,2
2012-04-02 01:10:00.722375+00:00,17.51,36.37,40.0,38918.724336342,19.434135208774272,-137.72446755088458,21,2
2012-04-02 01:11:00.722375+00:00,17.51,36.37,40.0,43997.21914836462,19.879585472959707,-136.8335670225137,18,2
2012-04-02 01:12:00.722375+00:00,17.51,36.37,40.0,33482.62102264824,18.98257033011492,-138.6275973082033,17,2
2012-04-02 01:13:00.722375+00:00,17.51,36.37,40.0,33374.03717058864,18.945509067995932,-138.70171983244126,14,3
2012-04-02 01:14:00.722375+00:00,17.51,36.37,40.0,33482.62102264824,18.98257033011492,-138.6275973082033,13,2
2012-04-02 01:20:00.722375+00:00,18.16,37.65,40.0,18048.12669935638,18.3764922084616,-139.83975355150992,13,2
2012-04-02 01:21:00.722375+00:00,18.21,37.75,40.0,18048.12669935638,18.3764922084616,-139.83975355150992,15,2
2012-04-02 01:22:00.722375+00:00,18.21,37.75,40.0,19894.327764399124,18.42434222941214,-139.74405350960882,16,2
2012-04-02 01:23:00.722375+00:00,18.23,37.8,40.0,20418.596200465126,18.42434222941214,-139.74405350960882,18,2
2012-04-02 01:24:00.722375+00:00,18.23,37.8,40.0,20418.596200465126,18.42434222941214,-139.74405350960882,20,2
2012-04-02 01:25:00.722375+00:00,18.26,37.85,40.0,18572.395135422383,18.24464912496591,-140.1034397185013,20,2
2012-04-02 01:26:00.722375+00:00,18.28,37.9,40.0,19096.66357148838,18.47219225036268,-139.64835346770775,19,2
2012-04-02 01:27:00.722375+00:00,18.28,37.9,40.0,19647.41111643208,18.24464912496591,-140.1034397185013,20,2
2012-04-02 01:28:00.722375+00:00,18.26,37.85,40.0,19647.41111643208,18.24464912496591,-140.1034397185013,20,2
2012-04-02 01:29:00.722375+00:00,18.26,37.85,40.0,21757.68823825651,18.44809733594464,-139.69654329654384,20,2
2012-04-02 01:30:00.722375+00:00,18.26,37.85,40.0,21757.68823825651,18.44809733594464,-139.69654329654384,20,2
2012-04-02 01:31:00.722375+00:00,18.26,37.85,40.0,24384.353709358307,18.65905058578789,-139.27463679685735,20,2
2012-04-02 01:32:00.722375+00:00,18.23,37.8,40.0,28618.859361434694,19.25766673108465,-138.0774045062638,19,2
2012-04-02 01:33:00.722375+00:00,18.23,37.8,40.0,28618.859361434694,19.25766673108465,-138.0774045062638,17,2
2012-04-02 01:34:00.722375+00:00,18.21,37.75,40.0,31273.49748468862,19.41424099075063,-137.76425598693186,15,2
2012-04-02 01:35:00.722375+00:00,18.23,37.8,40.0,26934.080835867568,18.805189549574056,-138.982358869285,14,2
2012-04-02 01:36:00.722375+00:00,18.26,37.85,40.0,24106.344140427384,18.65395177490801,-139.2848344186171,15,2
2012-04-02 01:40:00.722375+00:00,18.46,38.25,40.0,30055.128302100748,18.9802024709382,-138.6323330265567,14,2
2012-04-02 01:41:00.722375+00:00,18.52,38.36,40.0,30055.128302100748,18.9802024709382,-138.6323330265567,14,2
2012-04-02 01:42:00.722375+00:00,18.54,38.41,40.0,26917.99900570862,18.65395177490801,-139.2848344186171,15,2
2012-04-02 01:43:00.722375+00:00,18.57,38.46,40.0,26917.99900570862,18.65395177490801,-139.2848344186171,17,2
2012-04-02 01:44:00.722375+00:00,18.62,38.56,40.0,26917.99900570862,18.65395177490801,-139.2848344186171,19,2
2012-04-02 01:45:00.722375+00:00,18.64,38.61,40.0,28990.83750332921,18.9802024709382,-138.6323330265567,20,2
2012-04-02 01:46:00.722375+00:00,18.7,38.72,40.0,28990.83750332921,18.91473754782787,-138.76326287277735,20,2
2012-04-02 01:47:00.722375+00:00,18.78,38.87,40.0,26725.834354074104,18.857657508476905,-138.8774229514793,20,2
2012-04-02 01:48:00.722375+00:00,18.85,39.03,40.0,26725.834354074104,18.857657508476905,-138.8774229514793,20,2
2012-04-02 01:49:00.722375+00:00,18.88,39.08,40.0,24042.752535950523,18.686159406503545,-139.22041915542604,20,2
2012-04-02 01:50:00.722375+00:00,18.93,39.19,40.0,22371.05891351912,18.6290304792027,-139.33467701002772,20,2
2012-04-02 01:51:00.722375+00:00,18.96,39.24,40.0,20135.09337507485,18.40886184998542,-139.7750142684623,19,2
2012-04-02 01:52:00.722375+00:00,18.99,39.29,40.0,20135.09337507485,18.40886184998542,-139.7750142684623,17,2
2012-04-02 01:53:00.722375+00:00,19.04,39.4,40.0,20135.09337507485,18.326289643613475,-139.9401586812062,15,2
2012-04-02 01:54:00.722375+00:00,19.07,39.45,40.0,20135.09337507485,18.326289643613475,-139.9401586812062,13,2
2012-04-02 01:55:00.722375+00:00,19.09,39.5,40.0,18103.436097269965,17.959428800792246,-140.67388036684864,12,2
2012-04-02 02:00:00.722375+00:00,40.0,0.07,0.17,17767.873808774617,18.312169373893653,-139.96839922064584,8,2
2012-04-02 02:03:00.722375+00:00,40.0,0.07,0.17,13396.078294989333,17.779903212454606,-141.03293154352392,13,2
2012-04-02 02:05:00.722375+00:00,40.0,0.07,0.17,10655.69240403376,17.447794857071305,-141.6971482542905,16,2
2012-04-02 02:06:00.722375+00:00,12.91,27.21,40.0,8489.458948776788,16.817912269936528,-142.95691342856009,16,2
2012-04-02 02:07:00.722375+00:00,40.0,0.07,0.17,8489.458948776788,16.817912269936528,-142.95691342856009,18,2
2012-04-02 02:08:00.722375+00:00,19.81,40.0,40.0,8777.722921999246,16.654038951531614,-143.2846600653699,19,2
2012-04-02 02:09:00.722375+00:00,19.89,40.0,40.0,8489.458948776788,16.65137760161342,-143.28998276520628,20,2
2012-04-02 02:10:00.722375+00:00,19.97,40.0,40.0,8052.260265598728,16.419465480555374,-143.7538070073224,20,2
2012-04-02 02:11:00.722375+00:00,20.06,40.0,40.0,7903.325555643128,16.654038951531614,-143.2846600653699,19,2
2012-04-02 02:12:00.722375+00:00,20.12,40.0,40.0,7903.325555643128,16.654038951531614,-143.2846600653699,17,2
2012-04-02 02:13:00.722375+00:00,20.17,40.0,40.0,7903.325555643128,16.235244816915536,-144.12224833460206,17,2
2012-04-02 02:14:00.722375+00:00,20.26,40.0,40.0,8039.657263765504,16.348623559175664,-143.8954908500818,17,2
2012-04-02 02:15:00.722375+00:00,20.32,40.0,40.0,8878.658517859276,16.589414499475307,-143.41390896948252,17,2
2012-04-02 02:18:00.722375+00:00,20.46,40.0,40.0,10400.372908055271,17.190302620466554,-142.2121327275,17,2
2012-04-02 02:19:00.722375+00:00,20.52,40.0,40.0,11131.97398075931,17.190302620466554,-142.2121327275,17,2
2012-04-02 02:20:00.722375+00:00,20.55,40.0,40.0,11777.289352101472,17.291901611877798,-142.00893474467753,17,2
2012-04-02 02:21:00.722375+00:00,20.58,40.0,40.0,11531.917788621691,17.255747530785424,-142.08124290686226,18,2
2012-04-02 02:22:00.722375+00:00,20.35,40.0,40.0,11531.917788621691,17.255747530785424,-142.08124290686226,20,2
2012-04-02 02:23:00.722375+00:00,20.43,40.0,40.0,14104.82415745862,17.703722997775472,-141.18529197288217,20,2
2012-04-02 02:24:00.722375+00:00,20.49,40.0,40.0,14427.414112832616,17.820397370420576,-140.95194322759198,20,2
2012-04-02 02:25:00.722375+00:00,20.55,40.0,40.0,14509.22953761026,17.8959921622019,-140.80075364402933,20,2
2012-04-02 02:26:00.722375+00:00,20.64,40.0,40.0,15916.75515743776,18.363958950476917,-139.8648200674793,20,2
2012-04-02 02:27:00.722375+00:00,20.67,40.0,40.0,16595.989812371055,18.773250652786267,-139.0462366628606,19,2
2012-04-02 02:28:00.722375+00:00,20.7,40.0,40.0,16595.989812371055,18.773250652786267,-139.0462366628606,17,2
2012-04-02 02:29:00.722375+00:00,20.73,40.0,40.0,15237.520502504463,17.954667248167556,-140.683403472098,17,2
2012-04-02 02:30:00.722375+00:00,20.79,40.0,40.0,15237.520502504463,17.954667248167556,-140.683403472098,17,2
2012-04-02 02:31:00.722375+00:00,20.85,40.0,40.0,15237.520502504463,17.954667248167556,-140.683403472098,17,2
2012-04-02 02:34:00.722375+00:00,21.06,40.0,40.0,14942.730453785409,17.954667248167556,-140.683403472098,17,2
2012-04-02 02:35:00.722375+00:00,21.09,40.0,40.0,14942.730453785409,17.954667248167556,-140.683403472098,17,2
2012-04-02 02:36:00.722375+00:00,21.15,40.0,40.0,10395.951232037272,16.712022689713844,-143.16869258900542,17,2
2012-04-02 02:37:00.722375+00:00,21.15,40.0,40.0,9975.705729259214,16.68725264190961,-143.2182326846139,18,2
2012-04-02 02:38:00.722375+00:00,21.18,40.0,40.0,9975.705729259214,16.68725264190961,-143.2182326846139,20,2
2012-04-02 02:39:00.722375+00:00,21.18,40.0,40.0,10913.893895518828,17.279282043882233,-142.03417388066865,20,2
2012-04-02 02:40:00.722375+00:00,21.21,40.0,40.0,10610.373908084704,17.279282043882233,-142.03417388066865,20,2
2012-04-02 02:41:00.722375+00:00,9.32,19.99,30.38,10610.373908084704,17.279282043882233,-142.03417388066865,20,2
2012-04-02 02:42:00.722375+00:00,21.24,40.0,40.0,10578.668787835097,17.325819068906597,-141.94109983061992,21,2
2012-04-02 02:43:00.722375+00:00,21.27,40.0,40.0,10578.668787835097,17.325819068906597,-141.94109983061992,19,2
2012-04-02 02:44:00.722375+00:00,9.38,20.12,30.57,10578.668787835097,17.325819068906597,-141.94109983061992,17,2
2012-04-02 02:45:00.722375+00:00,9.4,20.15,30.62,10578.668787835097,17.325819068906597,-141.94109983061992,15,2
2012-04-02 02:46:00.722375+00:00,9.43,20.22,30.72,8574.827794536308,16.67118315372939,-143.25037166097434,15,2
2012-04-02 02:47:00.722375+00:00,21.39,40.0,40.0,8574.827794536308,16.67118315372939,-143.25037166097434,15,2
2012-04-02 02:51:00.722375+00:00,21.58,40.0,40.0,6934.402002876896,16.67118315372939,-143.25037166097434,15,2
2012-04-02 02:52:00.722375+00:00,21.61,40.0,40.0,5722.8593069431045,16.022441194510577,-144.54785557941196,14,2
2012-04-02 02:53:00.722375+00:00,21.58,40.0,40.0,5722.8593069431045,16.022441194510577,-144.54785557941196,16,3
2012-04-02 02:55:00.722375+00:00,21.61,40.0,40.0,5195.865401041561,15.81607876474942,-144.96058043893427,20,2
2012-04-02 02:56:00.722375+00:00,21.58,40.0,40.0,5195.865401041561,15.81607876474942,-144.96058043893427,20,2
2012-04-02 02:57:00.722375+00:00,21.61,40.0,40.0,5880.414191073811,16.258458294207077,-144.07582138001897,19,2
2012-04-02 02:58:00.722375+00:00,21.58,40.0,40.0,5880.414191073811,16.258458294207077,-144.07582138001897,17,2
2012-04-02 02:59:00.722375+00:00,21.67,40.0,40.0,5880.414191073811,16.258458294207077,-144.07582138001897,17,2
2012-04-02 03:00:00.722375+00:00,21.61,40.0,40.0,5880.414191073811,16.258458294207077,-144.07582138001897,17,2
2012-04-02 03:01:00.722375+00:00,21.58,40.0,40.0,5880.414191073811,16.258458294207077,-144.07582138001897,17,2
2012-04-02 03:04:00.722375+00:00,21.55,40.0,40.0,6006.567974481666,16.287009768348724,-144.0187184317357,17,2
2012-04-02 03:05:00.722375+00:00,21.49,40.0,40.0,6202.422975797114,16.291531390320024,-144.00967518779308,17,2
2012-04-02 03:06:00.722375+00:00,21.49,40.0,40.0,5907.811522103647,16.07959511128145,-144.4335477458702,17,2
2012-04-02 03:07:00.722375+00:00,21.49,40.0,40.0,5240.030208134193,15.550371414785417,-145.49199513886228,18,2
2012-04-02 03:08:00.722375+00:00,21.52,40.0,40.0,5240.030208134193,15.550371414785417,-145.49199513886228,20,2
2012-04-02 03:09:00.722375+00:00,21.52,40.0,40.0,5534.179593370621,15.907735235168062,-144.777267498097,19,2
2012-04-02 03:10:00.722375+00:00,21.52,40.0,40.0,5534.179593370621,15.907735235168062,-144.777267498097,17,2
2012-04-02 03:11:00.722375+00:00,21.52,40.0,40.0,3972.396380286242,14.790268370684457,-147.01220122706422,17,2
2012-04-02 03:12:00.722375+00:00,21.55,40.0,40.0,4022.768798356964,14.790268370684457,-147.01220122706422,17,2
2012-04-02 03:13:00.722375+00:00,21.61,40.0,40.0,4022.768798356964,14.790268370684457,-147.01220122706422,17,2
2012-04-02 03:16:00.722375+00:00,21.7,40.0,40.0,4069.063405130052,14.68228198091264,-147.22817400660784,17,2
2012-04-02 03:17:00.722375+00:00,21.74,40.0,40.0,4651.8141669122215,15.261388304167037,-146.06996136009906,17,2
2012-04-02 03:18:00.722375+00:00,21.8,40.0,40.0,4651.8141669122215,15.261388304167037,-146.06996136009906,17,2
2012-04-02 03:19:00.722375+00:00,21.83,40.0,40.0,4508.278957715392,15.240823467867145,-146.11109103269882,18,2
2012-04-02 03:20:00.722375+00:00,21.86,40.0,40.0,4962.906544289552,15.437189647602644,-145.71835867322784,20,2
2012-04-02 03:21:00.722375+00:00,21.89,40.0,40.0,6371.523882781568,15.91129943131758,-144.77013910579797,20,2
2012-04-02 03:22:00.722375+00:00,21.93,40.0,40.0,7341.955228517302,16.47659547407763,-143.63954702027786,19,2
2012-04-02 03:23:00.722375+00:00,21.96,40.0,40.0,7657.8249717790195,16.65166824200498,-143.28940148442317,17,2
2012-04-02 03:24:00.722375+00:00,21.96,40.0,40.0,6960.839970697958,15.719428071914797,-145.15388182460353,17,2
2012-04-02 03:25:00.722375+00:00,22.05,40.0,40.0,6960.839970697958,15.719428071914797,-145.15388182460353,17,2
2012-04-02 03:26:00.722375+00:00,22.09,40.0,40.0,8050.9093168013105,16.47146058394233,-143.64981680054848,16,2
2012-04-02 03:29:00.722375+00:00,22.15,40.0,40.0,6960.839970697958,15.719428071914797,-145.15388182460353,17,2
2012-04-02 03:30:00.722375+00:00,22.18,40.0,40.0,6960.839970697958,15.719428071914797,-145.15388182460353,17,2
2012-04-02 03:31:00.722375+00:00,22.22,40.0,40.0,8393.15484134166,16.47146058394233,-143.64981680054848,16,2
2012-04-02 03:32:00.722375+00:00,22.25,40.0,40.0,6805.141678264889,15.68889306600835,-145.21495183641645,18,2
2012-04-02 03:33:00.722375+00:00,22.25,40.0,40.0,6805.141678264889,15.68889306600835,-145.21495183641645,20,2
2012-04-02 03:34:00.722375+00:00,22.28,40.0,40.0,7692.456181943832,16.34405216173435,-143.90463364496443,20,2
2012-04-02 03:35:00.722375+00:00,22.35,40.0,40.0,7692.456181943832,16.398959968424872,-143.79481803158336,20,2
2012-04-02 03:36:00.722375+00:00,22.38,40.0,40.0,6649.443385831821,15.76817367348295,-145.05639062146722,21,2
2012-04-02 03:37:00.722375+00:00,22.41,40.0,40.0,6649.443385831821,15.76817367348295,-145.05639062146722,21,2
2012-04-02 03:38:00.722375+00:00,22.44,40.0,40.0,8387.341714108969,17.029746263366796,-142.5332454416995,19,2
2012-04-02 03:39:00.722375+00:00,22.51,40.0,40.0,8387.341714108969,17.029746263366796,-142.5332454416995,17,2
2012-04-02 03:40:00.722375+00:00,22.54,40.0,40.0,8387.341714108969,17.029746263366796,-142.5332454416995,15,2
2012-04-02 03:41:00.722375+00:00,22.54,40.0,40.0,5337.817130714564,15.76817367348295,-145.05639062146722,15,2
2012-04-02 03:42:00.722375+00:00,22.54,40.0,40.0,6862.579422411766,16.398959968424872,-143.79481803158336,12,2
2012-04-02 05:54:00.722375+00:00,23.39,40.0,40.0,4023.161846463241,15.44922013665197,-145.6942976951292,11,2
2012-04-02 05:55:00.722375+00:00,23.39,40.0,40.0,4023.161846463241,15.44922013665197,-145.6942976951292,13,2
2012-04-02 05:56:00.722375+00:00,23.36,40.0,40.0,4023.161846463241,15.44922013665197,-145.6942976951292,15,2
2012-04-02 05:57:00.722375+00:00,23.36,40.0,40.0,3510.5877115268886,14.849626143671887,-146.89348568108937,18,2
2012-04-02 05:58:00.722375+00:00,23.32,40.0,40.0,3912.569674119959,15.23028765591532,-146.13216265660247,20,2
2012-04-02 05:59:00.722375+00:00,23.29,40.0,40.0,4408.264684820029,15.447254133795411,-145.69822970084232,20,2
2012-04-02 06:00:00.722375+00:00,23.22,40.0,40.0,3801.977501776677,15.011355175178672,-146.57002761807578,21,2
2012-04-02 06:01:00.722375+00:00,23.18,40.0,40.0,4518.673139865047,15.466212809746375,-145.66031234894035,20,2
2012-04-02 06:02:00.722375+00:00,23.18,40.0,40.0,4518.673139865047,15.466212809746375,-145.66031234894035,18,2
2012-04-02 06:03:00.722375+00:00,23.15,40.0,40.0,4518.673139865047,15.466212809746375,-145.66031234894035,16,2
2012-04-02 06:04:00.722375+00:00,23.15,40.0,40.0,4518.673139865047,15.466212809746375,-145.66031234894035,14,2
2012-04-02 06:05:00.722375+00:00,23.08,40.0,40.0,4518.673139865047,15.466212809746375,-145.66031234894035,12,2
2012-04-02 06:11:00.722375+00:00,22.51,40.0,40.0,7143.046524338864,16.52937969712801,-143.5339785741771,11,2
2012-04-02 06:12:00.722375+00:00,22.44,40.0,40.0,7143.046524338864,16.52937969712801,-143.5339785741771,13,2
2012-04-02 06:13:00.722375+00:00,22.44,40.0,40.0,7143.046524338864,16.52937969712801,-143.5339785741771,15,2
2012-04-02 06:14:00.722375+00:00,22.41,40.0,40.0,7143.046524338864,16.52937969712801,-143.5339785741771,17,2
2012-04-02 06:15:00.722375+00:00,22.41,40.0,40.0,7143.046524338864,16.52937969712801,-143.5339785741771,19,2
2012-04-02 06:16:00.722375+00:00,22.38,40.0,40.0,7380.806666639371,16.480522515840647,-143.63169293675182,20,2
2012-04-02 06:17:00.722375+00:00,22.35,40.0,40.0,7380.806666639371,16.480522515840647,-143.63169293675182,20,2
2012-04-02 06:18:00.722375+00:00,22.28,40.0,40.0,7380.806666639371,16.516088178123532,-143.56056161218606,18,2
2012-04-02 06:19:00.722375+00:00,22.28,40.0,40.0,7125.885093922381,16.352043793154152,-143.8886503821248,18,2
2012-04-02 06:20:00.722375+00:00,22.25,40.0,40.0,6796.888290340416,16.202151011653072,-144.18843594512697,18,2
2012-04-02 06:21:00.722375+00:00,22.25,40.0,40.0,6260.811994294254,16.17661198138858,-144.23951400565596,16,2
2012-04-02 06:24:00.722375+00:00,22.18,40.0,40.0,6263.142097890171,16.270902892567165,-144.05093218329878,11,2
2012-04-02 06:29:00.722375+00:00,22.41,40.0,40.0,5177.343589227018,15.843047324846022,-144.9066433187411,13,2
2012-04-02 06:30:00.722375+00:00,22.48,40.0,40.0,5177.343589227018,15.843047324846022,-144.9066433187411,13,2
2012-04-02 06:31:00.722375+00:00,40.0,0.07,0.17,4589.810686622095,15.41430291083838,-145.76413214675637,14,2
2012-04-02 06:32:00.722375+00:00,3.51,7.83,11.97,5177.343589227018,15.843047324846022,-144.9066433187411,15,2
2012-04-02 06:33:00.722375+00:00,3.51,7.83,11.97,5177.343589227018,15.843047324846022,-144.9066433187411,17,2
2012-04-02 06:34:00.722375+00:00,3.51,7.83,11.97,4337.723510362158,15.406367107273311,-145.7800037538865,18,2
2012-04-02 06:35:00.722375+00:00,3.51,7.83,11.97,3649.432010012693,15.03901627295648,-146.51470542252014,18,2
2012-04-02 06:37:00.722375+00:00,40.0,0.07,0.17,3113.6879393424865,14.851550114549246,-146.88963773933463,17,2
2012-04-02 06:38:00.722375+00:00,40.0,0.07,0.17,3131.994249357077,14.694570100822284,-147.20359776678856,16,2
2012-04-02 06:39:00.722375+00:00,40.0,0.07,0.17,3131.994249357077,14.694570100822284,-147.20359776678856,16,2
2012-04-02 06:40:00.722375+00:00,40.0,0.07,0.17,2930.322432091886,14.572646845278951,-147.4474442778752,16,2
2012-04-02 06:43:00.722375+00:00,40.0,0.07,0.17,2643.5739245491864,14.537428782790055,-147.517880402853,18,2
2012-04-02 06:44:00.722375+00:00,40.0,0.07,0.17,2630.33577562327,14.537428782790055,-147.517880402853,18,2
2012-04-02 06:45:00.722375+00:00,40.0,0.07,0.17,2630.33577562327,14.537428782790055,-147.517880402853,18,2
2012-04-02 06:46:00.722375+00:00,20.79,40.0,40.0,2386.825644437773,14.483007630773924,-147.6267227068853,17,2
2012-04-02 06:47:00.722375+00:00,23.36,40.0,40.0,2902.4052383205326,14.537428782790055,-147.517880402853,16,2
2012-04-02 06:48:00.722375+00:00,23.43,40.0,40.0,2873.8459068087664,14.591849934806191,-147.40903809882073,17,2
2012-04-02 06:50:00.722375+00:00,23.71,40.0,40.0,2523.1830775648914,14.40126766614745,-147.79020263613822,17,2
2012-04-02 06:53:00.722375+00:00,11.26,23.91,36.27,2498.857177364872,14.286909876500308,-148.0189182154325,17,3
2012-04-02 06:55:00.722375+00:00,11.5,24.39,37.0,2498.857177364872,14.286909876500308,-148.0189182154325,13,2
2012-04-02 06:56:00.722375+00:00,11.5,24.39,37.0,2498.857177364872,14.286909876500308,-148.0189182154325,13,2
2012-04-02 06:57:00.722375+00:00,11.69,24.77,37.57,2511.0201274648816,13.98538727217138,-148.62196342409038,14,2
2012-04-02 06:58:00.722375+00:00,11.8,24.98,37.89,2511.0201274648816,13.98538727217138,-148.62196342409038,14,2
2012-04-02 07:02:00.722375+00:00,11.9,25.19,38.2,2902.002927648988,14.21300126855608,-148.16673543132097,14,2
2012-04-02 07:03:00.722375+00:00,11.92,25.23,38.26,3294.2116097732533,14.246780696571456,-148.09917657529022,14,2
2012-04-02 07:04:00.722375+00:00,11.92,25.23,38.26,3294.2116097732533,14.246780696571456,-148.09917657529022,16,2
2012-04-02 07:05:00.722375+00:00,11.92,25.23,38.26,3271.0568417582936,14.246780696571456,-148.09917657529022,18,2
2012-04-02 07:06:00.722375+00:00,11.92,25.23,38.26,3137.6619211309226,14.246780696571456,-148.09917657529022,20,2
2012-04-02 07:07:00.722375+00:00,11.94,25.26,38.31,2982.7829861112086,14.37995208951564,-147.83283378940183,20,2
2012-04-02 07:08:00.722375+00:00,11.94,25.26,38.31,3143.701058049969,14.425250908802,-147.74223615082911,20,2
2012-04-02 07:09:00.722375+00:00,11.95,25.3,38.36,3575.273025079843,14.68045264036079,-147.23183268771157,20,2
2012-04-02 07:10:00.722375+00:00,11.97,25.33,38.42,3811.55087726781,14.832575111540852,-146.92758774535142,20,2
2012-04-02 07:11:00.722375+00:00,11.99,25.37,38.47,3972.048248681991,14.949535775624812,-146.6936664171835,20,2
2012-04-02 07:12:00.722375+00:00,12.01,25.4,38.52,4137.078815291365,14.949535775624812,-146.6936664171835,20,2
2012-04-02 07:13:00.722375+00:00,12.02,25.44,38.57,4170.66380696197,14.949535775624812,-146.6936664171835,20,2
2012-04-02 07:14:00.722375+00:00,12.04,25.47,38.63,4258.11870997543,14.949535775624812,-146.6936664171835,20,2
2012-04-02 07:15:00.722375+00:00,12.06,25.51,38.68,4295.312165484358,14.976063053166312,-146.6406118621005,18,2
2012-04-02 07:16:00.722375+00:00,12.08,25.55,38.73,4318.881853065009,14.778740805918634,-147.03525635659585,17,2
2012-04-02 07:17:00.722375+00:00,12.13,25.65,38.89,5470.14941448849,14.778740805918634,-147.03525635659585,17,2
2012-04-02 07:18:00.722375+00:00,12.15,25.69,38.95,6160.29645998162,14.878429012367423,-146.83587994369827,17,3
2012-04-02 07:21:00.722375+00:00,12.24,25.87,39.22,6160.29645998162,14.90049584263528,-146.79174628316255,17,2
2012-04-02 07:22:00.722375+00:00,12.27,25.94,39.32,6160.29645998162,14.90049584263528,-146.79174628316255,17,2
2012-04-02 07:23:00.722375+00:00,12.29,25.97,39.38,6160.29645998162,14.90049584263528,-146.79174628316255,17,2
2012-04-02 07:24:00.722375+00:00,12.31,26.01,39.43,6160.29645998162,14.90049584263528,-146.79174628316255,17,2
2012-04-02 07:25:00.722375+00:00,12.33,26.05,39.49,6160.29645998162,14.90049584263528,-146.79174628316255,19,2
2012-04-02 07:26:00.722375+00:00,12.35,26.08,39.54,6908.753877394362,15.619439912600738,-145.35385814323166,20,2
2012-04-02 07:27:00.722375+00:00,12.4,26.19,39.7,7657.211294807103,16.338383982566196,-143.91597000330074,21,2
2012-04-02 07:28:00.722375+00:00,12.44,26.26,39.81,7644.710535740576,16.338383982566196,-143.91597000330074,21,2
2012-04-02 07:29:00.722375+00:00,12.49,26.37,39.97,7269.426032084213,16.295080876595737,-144.00257621524165,21,2
2012-04-02 07:30:00.722375+00:00,12.53,26.44,40.0,7269.426032084213,16.295080876595737,-144.00257621524165,19,2
2012-04-02 07:31:00.722375+00:00,12.56,26.52,40.0,7269.426032084213,16.295080876595737,-144.00257621524165,17,2
2012-04-02 07:32:00.722375+00:00,12.62,26.62,40.0,7269.426032084213,16.295080876595737,-144.00257621524165,15,2
2012-04-02 07:33:00.722375+00:00,12.71,26.81,40.0,7269.426032084213,16.295080876595737,-144.00257621524165,15,2
2012-04-02 07:34:00.722375+00:00,12.73,26.84,40.0,7269.426032084213,16.295080876595737,-144.00257621524165,15,2
2012-04-02 07:38:00.722375+00:00,40.0,0.07,0.17,5941.978397114913,15.71998809455112,-145.1527617793309,12,2
2012-04-02 07:39:00.722375+00:00,40.0,0.07,0.17,5829.672859729357,15.523342161457055,-145.546053645519,12,2
2012-04-02 07:40:00.722375+00:00,40.0,0.07,0.17,5412.688343556552,15.75608646060671,-145.0805650472197,13,2
2012-04-02 07:41:00.722375+00:00,40.0,0.07,0.17,5412.688343556552,15.75608646060671,-145.0805650472197,13,2
2012-04-02 07:44:00.722375+00:00,40.0,0.07,0.17,5113.2699667949655,15.503632012297814,-145.58547394383748,10,2
2012-04-02 22:05:00.722692+00:00,13.34,28.07,40.0,6913.920953695741,17.125011965139464,-141.7896729862212,12,2
2012-04-02 22:06:00.722692+00:00,13.36,28.11,40.0,6913.920953695741,17.125011965139464,-141.7896729862212,14,2
2012-04-02 22:07:00.722692+00:00,13.36,28.11,40.0,6913.920953695741,17.116141843896003,-141.80741322870813,16,2
2012-04-02 22:08:00.722692+00:00,13.36,28.11,40.0,6179.450642416667,16.755655131248304,-142.5283866540035,18,3
2012-04-02 22:09:00.722692+00:00,13.36,28.11,40.0,6038.140163092117,16.631679740815425,-142.77633743486928,20,2
2012-04-02 22:10:00.722692+00:00,13.36,28.11,40.0,6038.140163092117,16.631679740815425,-142.77633743486928,18,2
2012-04-02 22:11:00.722692+00:00,13.34,28.07,40.0,5697.189220567414,16.55970542048457,-142.920286075531,16,2
2012-04-02 22:13:00.722692+00:00,13.34,28.07,40.0,5201.491119170103,16.16435821208675,-143.71098049232663,15,3
2012-04-02 22:20:00.722692+00:00,13.17,27.73,40.0,921.3080567623148,12.649832017841891,-150.74003288081633,6,2
2012-04-02 22:30:00.722692+00:00,12.42,26.23,39.76,3558.4831643739426,14.265394332361788,-147.50890825177655,7,2
2012-04-02 22:31:00.722692+00:00,12.42,26.23,39.76,3558.4831643739426,14.265394332361788,-147.50890825177655,7,2
2012-04-02 22:32:00.722692+00:00,12.42,26.23,39.76,3558.4831643739426,14.265394332361788,-147.50890825177655,7,2
2012-04-02 22:41:00.722692+00:00,11.8,24.98,37.89,1219.3817148400356,13.56456661577934,-148.91056368494145,13,2
2012-04-02 22:42:00.722692+00:00,11.81,25.02,37.94,1219.3817148400356,13.56456661577934,-148.91056368494145,15,2
2012-04-02 22:43:00.722692+00:00,11.81,25.02,37.94,1219.3817148400356,13.56456661577934,-148.91056368494145,15,2
2012-04-02 22:44:00.722692+00:00,11.81,25.02,37.94,1219.3817148400356,13.56456661577934,-148.91056368494145,15,3
2012-04-02 22:46:00.722692+00:00,11.57,24.53,37.21,1492.3429592457198,13.875921042150726,-148.28785483219866,15,3
2012-04-02 22:50:00.722692+00:00,11.38,24.15,36.63,1431.7065910333645,14.009040623769106,-148.0216156689619,15,2
2012-04-02 22:51:00.722692+00:00,11.35,24.08,36.53,1431.7065910333645,14.009040623769106,-148.0216156689619,15,2
2012-04-02 22:52:00.722692+00:00,11.3,23.98,36.38,1431.7065910333645,14.009040623769106,-148.0216156689619,15,2
2012-04-02 22:53:00.722692+00:00,11.26,23.91,36.27,1431.7065910333645,14.009040623769106,-148.0216156689619,17,2
2012-04-02 22:55:00.722692+00:00,11.21,23.81,36.12,1170.478898318578,13.546931403836544,-148.94583410882703,18,2
2012-04-02 22:56:00.722692+00:00,11.19,23.77,36.07,1164.5585262658033,13.546931403836544,-148.94583410882703,16,2
2012-04-02 22:57:00.722692+00:00,11.18,23.74,36.02,1164.5585262658033,13.546931403836544,-148.94583410882703,14,2
2012-04-02 22:58:00.722692+00:00,11.09,23.57,35.76,1259.5644649955022,13.546931403836544,-148.94583410882703,14,2
2012-04-02 23:03:00.722692+00:00,10.79,22.96,34.85,1538.9639024252524,14.126574075535224,-147.7865487654297,14,2
2012-04-02 23:04:00.722692+00:00,10.79,22.96,34.85,1920.922851040812,14.413708258284183,-147.21228039993176,13,2
2012-04-02 23:05:00.722692+00:00,10.79,22.96,34.85,1920.922851040812,14.413708258284183,-147.21228039993176,13,2
2012-04-02 23:06:00.722692+00:00,10.77,22.93,34.8,1571.991388079784,14.032112385409388,-147.97547214568135,15,2
2012-04-02 23:07:00.722692+00:00,10.74,22.86,34.7,1746.4571195602978,14.222910321846786,-147.59387627280654,16,2
2012-04-02 23:08:00.722692+00:00,10.72,22.83,34.65,1876.820005831487,14.472020902255416,-147.0956551119893,14,2
2012-04-02 23:11:00.722692+00:00,10.72,22.83,34.65,1771.2846382956188,14.151411366714328,-147.73687418307148,8,2
2012-04-02 23:24:00.722692+00:00,22.35,40.0,40.0,2834.310438990324,14.836288561729036,-146.36711979304206,11,2
2012-04-02 23:25:00.722692+00:00,22.35,40.0,40.0,2834.310438990324,14.836288561729036,-146.36711979304206,11,2
2012-04-02 23:26:00.722692+00:00,22.35,40.0,40.0,2834.310438990324,14.836288561729036,-146.36711979304206,11,2
2012-04-02 23:27:00.722692+00:00,22.35,40.0,40.0,2834.310438990324,14.836288561729036,-146.36711979304206,11,2
2012-04-02 23:28:00.722692+00:00,22.31,40.0,40.0,2729.9479970474595,14.813306622905516,-146.4130836706891,14,2
2012-04-02 23:32:00.722692+00:00,22.12,40.0,40.0,2681.819047359944,15.000261357746872,-146.0391742010064,14,2
2012-04-02 23:33:00.722692+00:00,22.09,40.0,40.0,2339.1090388352727,14.771767170070117,-146.4961625763599,14,2
2012-04-02 23:34:00.722692+00:00,22.12,40.0,40.0,1940.165538055252,14.293113572585202,-147.4534697713297,15,2
2012-04-02 23:35:00.722692+00:00,22.12,40.0,40.0,2226.563376102305,14.771767170070117,-146.4961625763599,16,2
2012-04-02 23:36:00.722692+00:00,22.12,40.0,40.0,2226.563376102305,14.771767170070117,-146.4961625763599,16,2
2012-04-02 23:37:00.722692+00:00,22.12,40.0,40.0,2226.563376102305,14.771767170070117,-146.4961625763599,16,2
2012-04-02 23:38:00.722692+00:00,22.09,40.0,40.0,2512.9612141493594,14.791410750701708,-146.4568754150967,15,2
2012-04-02 23:39:00.722692+00:00,21.89,40.0,40.0,2738.0525396152934,15.250420767555031,-145.53885538139008,15,2
2012-04-02 23:43:00.722692+00:00,21.39,40.0,40.0,3981.640731724895,15.786744240200967,-144.4662084360982,15,2
2012-04-02 23:44:00.722692+00:00,21.33,40.0,40.0,3981.640731724895,15.786744240200967,-144.4662084360982,15,2
2012-04-02 23:45:00.722692+00:00,21.3,40.0,40.0,4069.14647680624,15.80095022796508,-144.43779646056998,15,2
2012-04-02 23:46:00.722692+00:00,21.3,40.0,40.0,3981.640731724895,15.786744240200967,-144.4662084360982,17,2
2012-04-02 23:47:00.722692+00:00,21.3,40.0,40.0,3758.5208662985415,15.351714879452349,-145.33626715759544,19,2
2012-04-02 23:48:00.722692+00:00,21.3,40.0,40.0,3758.5208662985415,15.351714879452349,-145.33626715759544,19,2
2012-04-02 23:49:00.722692+00:00,21.33,40.0,40.0,2961.07036911674,15.17784049352126,-145.68401592945762,19,2
2012-04-02 23:50:00.722692+00:00,21.33,40.0,40.0,2869.7617956699983,15.16941966406502,-145.70085758837007,17,2
2012-04-02 23:51:00.722692+00:00,21.36,40.0,40.0,2823.205692921584,14.968826473982942,-146.10204396853425,15,2
2012-04-02 23:52:00.722692+00:00,21.39,40.0,40.0,2817.760579870005,14.672267521793987,-146.69516187291214,13,2
2012-04-02 23:53:00.722692+00:00,21.45,40.0,40.0,2817.760579870005,14.672267521793987,-146.69516187291214,11,2
2012-04-02 23:59:00.722692+00:00,20.82,40.0,40.0,1250.5538574420816,13.199557587079182,-149.64058174234177,7,2
2012-04-03 00:02:00.723009+00:00,20.91,40.0,40.0,1457.4156410966907,14.013512403930848,-145.94639980392526,13,2
2012-04-03 00:03:00.723009+00:00,20.91,40.0,40.0,1549.7631892245124,14.223788106542914,-145.5258483987011,15,2
2012-04-03 00:04:00.723009+00:00,20.91,40.0,40.0,1621.7132390701408,14.223788106542914,-145.5258483987011,17,2
2012-04-03 00:05:00.723009+00:00,20.91,40.0,40.0,1801.0708052513428,14.443195248328632,-145.08703411512968,18,2
2012-04-03 00:06:00.723009+00:00,20.91,40.0,40.0,1859.8962849123984,14.556675792706605,-144.86007302637373,17,2
2012-04-03 00:07:00.723009+00:00,20.91,40.0,40.0,1894.0703642712947,14.617084995987527,-144.7392546198119,16,2
2012-04-03 00:08:00.723009+00:00,20.88,40.0,40.0,2302.0059371649654,15.391540319679258,-143.19034397242842,15,2
2012-04-03 00:09:00.723009+00:00,20.85,40.0,40.0,3039.80215422175,15.89873473204582,-142.1759551476953,15,2
2012-04-03 00:13:00.723009+00:00,20.88,40.0,40.0,3577.5960712220294,16.16852966365047,-141.636365284486,15,2
2012-04-03 00:14:00.723009+00:00,20.85,40.0,40.0,3581.0362421998066,16.259219966801417,-141.4549846781841,15,2
2012-04-03 00:15:00.723009+00:00,20.82,40.0,40.0,5003.183451347495,16.821485688713818,-140.3304532343593,15,2
2012-04-03 00:16:00.723009+00:00,20.79,40.0,40.0,4859.018709382757,16.821485688713818,-140.3304532343593,17,2
2012-04-03 00:17:00.723009+00:00,20.79,40.0,40.0,4859.018709382757,16.821485688713818,-140.3304532343593,19,2
2012-04-03 00:18:00.723009+00:00,20.79,40.0,40.0,4161.540461806946,16.33110856296532,-141.3112074858563,20,2
2012-04-03 00:19:00.723009+00:00,20.79,40.0,40.0,4161.540461806946,16.27086518493588,-141.43169424191518,20,2
2012-04-03 00:20:00.723009+00:00,8.98,19.29,29.33,4131.284582880388,16.21847371485574,-141.5364771820755,20,2
2012-04-03 00:21:00.723009+00:00,20.79,40.0,40.0,4068.245407872485,16.210331573473272,-141.5527614648404,20,2
2012-04-03 00:22:00.723009+00:00,20.79,40.0,40.0,4068.245407872485,16.210331573473272,-141.5527614648404,20,2
2012-04-03 00:23:00.723009+00:00,20.82,40.0,40.0,3869.360284524828,16.210331573473272,-141.5527614648404,20,2
2012-04-03 00:24:00.723009+00:00,20.85,40.0,40.0,3491.8826411097984,15.772751219875172,-142.4279221720366,21,2
2012-04-03 00:25:00.723009+00:00,20.88,40.0,40.0,3270.6079302402213,15.772751219875172,-142.4279221720366,19,2
2012-04-03 00:26:00.723009+00:00,20.91,40.0,40.0,3270.6079302402213,15.772751219875172,-142.4279221720366,17,3
2012-04-03 00:27:00.723009+00:00,20.91,40.0,40.0,3270.6079302402213,15.772751219875172,-142.4279221720366,15,2
2012-04-03 00:28:00.723009+00:00,20.94,40.0,40.0,3270.6079302402213,15.772751219875172,-142.4279221720366,13,2
2012-04-03 00:34:00.723009+00:00,21.24,40.0,40.0,2178.694767739536,14.93282318683654,-144.10777823811387,12,2
2012-04-03 00:35:00.723009+00:00,21.27,40.0,40.0,2178.694767739536,14.93282318683654,-144.10777823811387,14,2
2012-04-03 00:36:00.723009+00:00,21.3,40.0,40.0,2104.348031486892,14.634813801848376,-144.7037970080902,16,2
2012-04-03 00:37:00.723009+00:00,21.3,40.0,40.0,2044.2137708089613,14.424786982768232,-145.12385064625047,18,2
2012-04-03 00:38:00.723009+00:00,21.33,40.0,40.0,1965.6357983646512,14.399675651312576,-145.17407330916177,20,2
2012-04-03 00:39:00.723009+00:00,21.42,40.0,40.0,1526.7913318173637,14.361426002434872,-145.25057260691722,20,2
2012-04-03 00:40:00.723009+00:00,21.52,40.0,40.0,1449.4363235316034,14.272421959685111,-145.42858069241672,20,2
2012-04-03 00:41:00.723009+00:00,21.61,40.0,40.0,1377.589486969213,14.006758208667446,-145.95990819445203,20,2
2012-04-03 00:43:00.723009+00:00,21.74,40.0,40.0,1199.871878313088,13.8594946641561,-146.25443528347475,20,2
2012-04-03 00:44:00.723009+00:00,21.77,40.0,40.0,1119.439178136074,13.751463660255393,-146.47049729127616,18,2
2012-04-03 00:45:00.723009+00:00,21.83,40.0,40.0,1119.439178136074,13.751463660255393,-146.47049729127616,16,2
2012-04-03 00:52:00.723009+00:00,22.15,40.0,40.0,1974.672455392019,14.928670379669022,-144.1160838524489,13,2
2012-04-03 00:53:00.723009+00:00,22.18,40.0,40.0,2033.6048154113796,14.942504416791762,-144.08841577820343,13,2
2012-04-03 00:54:00.723009+00:00,22.18,40.0,40.0,2033.6048154113796,14.942504416791762,-144.08841577820343,15,2
2012-04-03 00:55:00.723009+00:00,22.15,40.0,40.0,2033.6048154113796,14.942504416791762,-144.08841577820343,17,2
2012-04-03 00:56:00.723009+00:00,22.18,40.0,40.0,2033.6048154113796,14.942504416791762,-144.08841577820343,19,2
2012-04-03 00:57:00.723009+00:00,22.22,40.0,40.0,1974.672455392019,14.928670379669022,-144.1160838524489,19,2
2012-04-03 00:58:00.723009+00:00,40.0,0.07,0.17,2010.7986066053752,15.152358587849973,-143.668707436087,18,2
2012-04-03 00:59:00.723009+00:00,40.0,0.07,0.17,2010.7986066053752,15.168659330955006,-143.63610594987694,18,2
2012-04-03 01:00:00.723009+00:00,40.0,0.07,0.17,1987.992397799371,14.942504416791762,-144.08841577820343,17,2
2012-04-03 01:01:00.723009+00:00,40.0,0.07,0.17,1987.992397799371,14.942504416791762,-144.08841577820343,17,2
2012-04-03 01:03:00.723009+00:00,40.0,0.07,0.17,1783.5261483280765,14.537866106405213,-144.89769239897652,13,2
2012-04-03 01:04:00.723009+00:00,40.0,0.07,0.17,1987.992397799371,14.537866106405213,-144.89769239897652,13,2
2012-04-03 01:09:00.723009+00:00,22.12,40.0,40.0,2604.8377799253985,15.303895780163923,-143.3656330514591,15,2
2012-04-03 01:10:00.723009+00:00,22.09,40.0,40.0,2649.7878672026554,15.606375699618049,-142.76067321255084,16,2
2012-04-03 01:11:00.723009+00:00,22.09,40.0,40.0,2902.742568540696,15.60962186578923,-142.75418088020848,16,2
2012-04-03 01:12:00.723009+00:00,22.09,40.0,40.0,2902.742568540696,15.60962186578923,-142.75418088020848,18,2
2012-04-03 01:13:00.723009+00:00,22.09,40.0,40.0,2902.742568540696,15.60962186578923,-142.75418088020848,20,2
2012-04-03 01:14:00.723009+00:00,22.09,40.0,40.0,3001.2178549624496,15.668703107113757,-142.63601839755944,20,2
2012-04-03 01:15:00.723009+00:00,22.09,40.0,40.0,2906.096443200988,15.568540536843116,-142.83634353810072,20,2
2012-04-03 01:16:00.723009+00:00,22.12,40.0,40.0,2686.238668782622,15.381568109132456,-143.21028839352203,20,2
2012-04-03 01:17:00.723009+00:00,22.15,40.0,40.0,2410.5396219847826,15.345358194755176,-143.2827082222766,20,2
2012-04-03 01:18:00.723009+00:00,22.18,40.0,40.0,2410.5396219847826,15.345358194755176,-143.2827082222766,20,2
2012-04-03 01:19:00.723009+00:00,22.18,40.0,40.0,2929.042736970825,16.025520676988844,-141.92238325780926,19,2
2012-04-03 01:20:00.723009+00:00,22.18,40.0,40.0,2929.042736970825,16.025520676988844,-141.92238325780926,17,2
2012-04-03 01:21:00.723009+00:00,22.18,40.0,40.0,2929.042736970825,16.025520676988844,-141.92238325780926,15,2
2012-04-03 01:22:00.723009+00:00,22.22,40.0,40.0,2929.042736970825,16.025520676988844,-141.92238325780926,13,2
2012-04-03 01:23:00.723009+00:00,22.18,40.0,40.0,2899.875111728118,15.937133934708918,-142.0991567423691,12,2
2012-04-03 01:29:00.723009+00:00,22.35,40.0,40.0,2294.670407003653,15.161183924611434,-143.65105676256408,13,2
2012-04-03 01:30:00.723009+00:00,22.35,40.0,40.0,2294.670407003653,15.161183924611434,-143.65105676256408,15,3
2012-04-03 01:31:00.723009+00:00,22.38,40.0,40.0,2151.689616988442,15.161183924611434,-143.65105676256408,17,2
2012-04-03 01:33:00.723009+00:00,22.44,40.0,40.0,1666.3042257590914,14.461254422765291,-145.05091576625637,20,2
2012-04-03 01:34:00.723009+00:00,22.51,40.0,40.0,1646.495573106905,14.461254422765291,-145.05091576625637,20,2
2012-04-03 01:35:00.723009+00:00,22.58,40.0,40.0,1481.809253423703,13.924663118013678,-146.1240983757596,21,3
2012-04-03 01:36:00.723009+00:00,22.61,40.0,40.0,1399.6921480780284,13.811983518102906,-146.34945757558114,21,2
2012-04-03 01:37:00.723009+00:00,22.68,40.0,40.0,1329.0359570713645,14.023079728905714,-145.9272651539755,20,2
2012-04-03 01:38:00.723009+00:00,22.71,40.0,40.0,1329.0359570713645,14.023079728905714,-145.9272651539755,18,2
2012-04-03 01:39:00.723009+00:00,22.74,40.0,40.0,1329.0359570713645,14.023079728905714,-145.9272651539755,16,2
2012-04-03 01:40:00.723009+00:00,22.78,40.0,40.0,1291.652939629017,14.023079728905714,-145.9272651539755,14,2
2012-04-03 01:41:00.723009+00:00,22.88,40.0,40.0,1291.652939629017,14.023079728905714,-145.9272651539755,12,2
2012-04-03 02:06:00.723009+00:00,10.81,22.99,34.9,868.6136991187193,13.423206814470198,-147.12701098284654,13,2
2012-04-03 02:23:00.723009+00:00,10.15,21.67,32.91,858.3944465308033,13.138975006382282,-147.6954745990224,12,2
2012-04-03 03:34:00.723009+00:00,11.54,24.46,37.1,881.8004734775975,13.253391907295832,-147.46664079719528,18,2
2012-04-03 03:47:00.723009+00:00,11.04,23.47,35.61,1258.668670699659,14.068437616530076,-145.83654937872677,12,2
2012-04-03 03:48:00.723009+00:00,11.01,23.4,35.51,1315.9889454533904,14.124031225854154,-145.72536216007865,14,2
2012-04-03 03:49:00.723009+00:00,11.06,23.5,35.66,1345.0348299208026,14.320361324411609,-145.3327019629637,16,2
2012-04-03 03:50:00.723009+00:00,11.08,23.53,35.71,1345.0348299208026,14.320361324411609,-145.3327019629637,18,2
2012-04-03 03:51:00.723009+00:00,11.06,23.5,35.66,1345.0348299208026,14.320361324411609,-145.3327019629637,20,2
2012-04-03 03:52:00.723009+00:00,11.06,23.5,35.66,1345.0348299208026,14.320361324411609,-145.3327019629637,20,2
2012-04-03 03:53:00.723009+00:00,23.74,40.0,40.0,1345.0348299208026,14.320361324411609,-145.3327019629637,20,2
2012-04-03 03:54:00.723009+00:00,23.67,40.0,40.0,1410.130481185499,14.373906050497853,-145.22561251079125,20,2
2012-04-03 03:55:00.723009+00:00,23.67,40.0,40.0,1066.0092685766758,14.085092023508604,-145.80324056476974,20,2
2012-04-03 03:56:00.723009+00:00,23.67,40.0,40.0,1066.0092685766758,13.981771355458218,-146.0098819008705,20,2
2012-04-03 03:57:00.723009+00:00,23.6,40.0,40.0,1066.0092685766758,13.981771355458218,-146.0098819008705,18,2
2012-04-03 03:58:00.723009+00:00,23.57,40.0,40.0,1041.462621562522,13.981771355458218,-146.0098819008705,16,2
2012-04-03 03:59:00.723009+00:00,23.53,40.0,40.0,943.075875371102,13.60398923733834,-146.76544613711025,14,2
2012-04-03 04:06:00.723009+00:00,10.22,21.8,33.1,793.9582149766537,13.22186358771694,-147.52969743635308,10,2
2012-04-03 04:22:00.723009+00:00,20.55,40.0,40.0,3089.46354606391,15.938933204708984,-142.09555820236898,9,2
2012-04-03 04:23:00.723009+00:00,20.55,40.0,40.0,3089.46354606391,15.938933204708984,-142.09555820236898,9,2
2012-04-03 04:24:00.723009+00:00,20.55,40.0,40.0,3089.46354606391,15.938933204708984,-142.09555820236898,9,2
2012-04-03 04:25:00.723009+00:00,20.55,40.0,40.0,3089.46354606391,15.938933204708984,-142.09555820236898,9,2
2012-04-03 20:29:00.723326+00:00,0.01,0.03,0.08,986.9633957130123,12.358518226711952,-152.55031518956318,9,2
2012-04-04 08:10:00.723643+00:00,40.0,40.0,0.17,6602.020924937334,17.424347234038596,-142.14004197678287,5,4
2012-04-07 20:01:00.725862+00:00,39.35,40.0,0.17,821.0910955016292,14.115415823097912,-145.52940408719095,17,3
2012-04-07 20:03:00.725862+00:00,39.44,40.0,0.17,821.0910955016292,13.953168269823388,-145.85389919374,19,4
2012-04-07 20:09:00.725862+00:00,13.42,28.23,40.0,1906.867382779652,15.321506763911682,-143.11722220556342,23,4
2012-04-07 20:10:00.725862+00:00,40.0,0.07,0.17,1646.1394598911463,15.19524900048174,-143.3697377324233,26,3
2012-04-07 20:11:00.725862+00:00,40.0,0.07,0.17,1688.6214782352822,15.313685544537377,-143.13286464431204,29,3
2012-04-07 20:12:00.725862+00:00,40.0,0.07,0.17,1646.1394598911463,15.19524900048174,-143.3697377324233,32,4
2012-04-07 20:13:00.725862+00:00,40.0,0.07,0.17,1643.7357300381518,15.035135530705745,-143.6899646719753,34,4
2012-04-07 20:14:00.725862+00:00,40.0,0.07,0.17,1523.0862440262745,14.935868077026566,-143.88849957933363,34,3
2012-04-07 20:15:00.725862+00:00,40.0,0.07,0.17,1268.3519908187982,14.58760073807447,-144.58503425723785,35,3
2012-04-07 20:16:00.725862+00:00,40.0,0.07,0.17,1098.8009440318144,14.364516147764324,-145.03120343785815,34,3
2012-04-07 20:18:00.725862+00:00,40.0,0.07,0.17,1104.5731417630764,14.3667932904207,-145.0266491525454,31,4
2012-04-07 20:19:00.725862+00:00,40.0,0.07,0.17,1188.1122901691,14.53101016699416,-144.69821539939846,32,3
2012-04-07 20:22:00.725862+00:00,40.0,0.07,0.17,1353.2460417087932,14.990346738573002,-143.77954225624077,30,3
2012-04-07 20:23:00.725862+00:00,40.0,0.07,0.17,1475.6672701913076,15.071079411864767,-143.61807690965725,29,2
2012-04-07 20:24:00.725862+00:00,18.26,37.85,40.0,1590.7067411823768,15.066866958479604,-143.62650181642758,30,3
2012-04-07 20:26:00.725862+00:00,17.22,35.8,40.0,1632.8008180792654,15.13745655251446,-143.48532262835786,30,3
2012-04-07 20:27:00.725862+00:00,6.96,15.15,23.08,1703.4308282210986,15.36828497175926,-143.02366578986826,30,3
2012-04-07 20:28:00.725862+00:00,6.43,14.06,21.42,1689.4052961941195,15.203833693164157,-143.35256834705848,31,2
2012-04-07 20:29:00.725862+00:00,6.43,14.06,21.42,1632.8008180792654,14.985615537928489,-143.7890046575298,30,4
2012-04-07 20:30:00.725862+00:00,6.45,14.09,21.47,1600.6539109625514,14.948719145722968,-143.86279744194084,29,4
2012-04-07 20:31:00.725862+00:00,6.43,14.06,21.42,1701.0437921733983,14.819390748651909,-144.12145423608297,28,3
2012-04-07 20:32:00.725862+00:00,6.43,14.06,21.42,1600.6539109625514,14.580738394938187,-144.5987589435104,25,3
2012-04-07 20:33:00.725862+00:00,6.45,14.09,21.47,1500.112702075348,14.310434491518096,-145.13936675035058,25,2
2012-04-07 20:34:00.725862+00:00,6.43,14.06,21.42,1385.298349882308,14.270414781295113,-145.21940617079656,22,3
2012-04-07 20:38:00.725862+00:00,19.26,39.82,40.0,775.2621265426224,13.236085602135264,-147.28806452911624,18,2
2012-04-07 21:15:00.725862+00:00,28.92,40.0,40.0,589.0196718500172,12.91154771438223,-147.93714030462232,10,2
2012-04-07 21:24:00.725862+00:00,40.0,0.07,0.17,980.7716278843304,13.713372105460437,-146.3334915224659,25,3
2012-04-07 21:25:00.725862+00:00,40.0,0.07,0.17,980.7716278843304,13.675489635812289,-146.4092564617622,25,3
2012-04-07 21:28:00.725862+00:00,40.0,0.07,0.17,980.7716278843304,13.897102472743049,-145.96603078790068,23,3
2012-04-07 21:30:00.725862+00:00,40.0,0.07,0.17,795.572053961496,14.001381807549748,-145.7574721182873,16,3
2012-04-07 21:31:00.725862+00:00,40.0,0.07,0.17,770.4165941011602,14.137707179681172,-145.48482137402442,14,3
2012-04-12 03:04:00.728715+00:00,40.0,0.07,0.17,1473.7278112398917,14.150307798796646,-146.64507670763436,20,2
2012-04-12 03:05:00.728715+00:00,40.0,0.07,0.17,1470.0001507054842,14.1415256290402,-146.66264104714725,23,4
2012-04-12 03:06:00.728715+00:00,40.0,0.07,0.17,1477.4554717742988,14.159089968553094,-146.62751236812144,27,3
2012-04-12 03:07:00.728715+00:00,40.0,0.07,0.17,1473.7278112398917,14.204058443720989,-146.53757541778566,30,4
2012-04-12 03:09:00.728715+00:00,40.0,0.07,0.17,1592.720425598285,14.31997007687683,-146.305752151474,34,3
2012-04-12 03:10:00.728715+00:00,40.0,0.07,0.17,1658.2561989999926,14.390418445627851,-146.16485541397194,33,4
2012-04-12 03:11:00.728715+00:00,40.0,0.07,0.17,1663.6199207086534,14.542102549505731,-145.86148720621617,34,4
2012-04-12 03:12:00.728715+00:00,5.93,13.01,19.84,1663.6199207086534,14.601170574068034,-145.74335115709158,34,2
2012-04-12 03:13:00.728715+00:00,40.0,0.07,0.17,1659.525278598834,14.601170574068034,-145.74335115709158,34,4
2012-04-12 03:14:00.728715+00:00,40.0,0.07,0.17,1665.710466857639,14.569740779116923,-145.8062107469938,32,3
2012-04-12 03:15:00.728715+00:00,40.0,0.07,0.17,1673.1647347152852,14.628808803679227,-145.6880746978692,31,4
2012-04-12 03:16:00.728715+00:00,6.08,13.33,20.32,1658.2561989999926,14.480168276209644,-145.98535575280837,31,3
2012-04-12 03:17:00.728715+00:00,6.27,13.71,20.9,1511.5330412469884,14.409832089068756,-146.12602812709014,32,4
2012-04-12 03:20:00.728715+00:00,8.99,19.33,29.38,888.3790643411687,13.46109589796236,-148.02350050930292,32,3
2012-04-13 11:31:00.729349+00:00,3.75,8.36,12.77,166700.14226576,23.71980991372358,-127.26299864724972,5,2
2012-04-15 10:51:00.720617+00:00,24.14,40.0,40.0,731.695609957673,11.500338012967449,-153.8384489965847,6,2
2012-04-15 11:22:00.720617+00:00,23.05,40.0,40.0,986.6895174585808,12.621231930218306,-151.596661162083,25,2
2012-04-15 11:25:00.720617+00:00,23.08,40.0,40.0,1039.3997075088537,12.898186120138517,-151.0427527822426,25,4
2012-04-15 11:26:00.720617+00:00,23.05,40.0,40.0,1081.7668394790312,12.904393747295089,-151.03033752792945,24,4
2012-04-15 11:27:00.720617+00:00,7.92,17.14,26.08,1159.3319087228317,13.045452651493092,-150.74821971953344,26,3
2012-04-15 11:32:00.720617+00:00,40.0,0.07,0.17,1064.531192521025,13.112771015251028,-150.61358299201754,26,4
2012-04-15 11:35:00.720617+00:00,40.0,0.07,0.17,1089.5895511936922,13.175644145193806,-150.487836732132,31,3
2012-04-15 11:36:00.720617+00:00,40.0,0.07,0.17,1090.543469359559,13.240465303389586,-150.35819441574046,32,4
2012-04-15 11:37:00.720617+00:00,40.0,0.07,0.17,1091.4242611859206,13.195268630755292,-150.44858776100904,31,3
2012-04-15 11:40:00.720617+00:00,40.0,0.07,0.17,1067.506647416608,13.240465303389586,-150.35819441574046,26,4
2012-04-15 11:41:00.720617+00:00,40.0,0.07,0.17,1036.5646247431707,13.22558477770195,-150.38795546711572,25,3
2012-04-15 11:46:00.720617+00:00,40.0,0.07,0.17,1040.1815317389126,13.461124223651384,-149.91687657521683,25,3
2012-04-15 11:47:00.720617+00:00,40.0,0.07,0.17,1031.953788290491,13.35733373034957,-150.12445756182046,24,3
2012-04-15 11:48:00.720617+00:00,40.0,0.07,0.17,1036.5646247431707,13.461124223651384,-149.91687657521683,25,3
2012-04-15 11:50:00.720617+00:00,40.0,0.07,0.17,1036.5646247431707,13.551827364151752,-149.7354702942161,23,3
2012-04-15 11:52:00.720617+00:00,40.0,0.07,0.17,1195.983805778136,13.461124223651384,-149.91687657521683,17,3
2012-04-17 19:39:00.722202+00:00,40.0,0.07,0.17,894.3751787346309,13.31515575765142,-148.8856174152769,26,3
2012-04-17 19:41:00.722202+00:00,40.0,0.07,0.17,972.8932889201418,13.567671440603744,-148.38058604937223,31,3
2012-04-17 19:42:00.722202+00:00,40.0,0.07,0.17,978.9974661998732,13.658801847505034,-148.19832523556963,27,2
2012-04-17 19:43:00.722202+00:00,40.0,0.07,0.17,978.9974661998732,13.336958129273292,-148.84201267203315,27,4
2012-04-17 19:44:00.722202+00:00,40.0,0.07,0.17,995.3906127370064,13.658801847505034,-148.19832523556963,27,3
2012-04-17 19:45:00.722202+00:00,40.0,0.07,0.17,995.3906127370064,13.475832415353874,-148.564264099872,27,3
2012-04-17 19:49:00.722202+00:00,6.6,14.4,21.94,1130.8498420346843,13.329171624653895,-148.85758568127193,17,3
2012-04-17 20:06:00.722202+00:00,33.63,40.0,0.17,820.7232145827753,12.664149540501976,-150.1876298495758,16,2
2012-04-17 20:07:00.722202+00:00,34.21,40.0,0.17,896.2639292446746,12.81053344437403,-149.8948620418317,19,3
2012-04-17 20:13:00.722202+00:00,40.0,0.07,0.17,1014.5313311712192,13.056937432985585,-149.4020540646086,24,3
2012-04-17 20:16:00.722202+00:00,40.0,0.07,0.17,1027.8187472937002,13.294389832317892,-148.92714926594397,22,3
2012-04-17 20:17:00.722202+00:00,25.23,40.0,40.0,993.4466909443984,13.294389832317892,-148.92714926594397,22,3
2012-04-17 20:18:00.722202+00:00,24.85,40.0,40.0,1003.4568606771932,13.397382938890344,-148.72116305279906,23,2
2012-04-17 20:23:00.722202+00:00,40.0,0.07,0.17,802.8713769396209,13.168187259516683,-149.17955441154635,16,3
2012-04-22 11:20:00.725054+00:00,40.0,0.07,0.17,592.4750601279009,12.306385333616785,-151.16454501845448,10,2
2012-04-22 11:28:00.725054+00:00,19.15,39.61,40.0,989.1687448190024,13.633144509610696,-148.51102666646665,24,4
2012-04-22 11:31:00.725054+00:00,15.98,33.33,40.0,1029.4641348604832,13.595788058760288,-148.58573956816747,28,2
2012-04-22 11:32:00.725054+00:00,15.96,33.29,40.0,1088.2878371032164,13.663142742916603,-148.45103019985484,25,3
2012-04-22 11:33:00.725054+00:00,16.12,33.6,40.0,1161.7776578051937,13.674605269310272,-148.42810514706753,21,3
2012-04-22 11:44:00.725054+00:00,0.0,0.01,0.02,838.5849230005849,13.102911110786112,-149.57149346411583,20,3
2012-04-25 15:58:00.727273+00:00,0.0,0.01,0.02,3216.9098659571896,16.09860448835578,-143.79804449028308,5,3
2012-04-25 15:59:00.727273+00:00,0.0,0.01,0.02,3216.9098659571896,16.09860448835578,-143.79804449028308,5,2
2012-04-30 17:36:00.720443+00:00,29.61,40.0,40.0,698.3429587168328,12.403834855178877,-150.11611327204582,13,3
2012-05-05 01:44:00.723296+00:00,40.0,0.07,0.17,990.7675120211936,9.575136429676752,-155.19945163430407,11,2
2012-05-05 01:47:00.723296+00:00,40.0,0.07,0.17,822.2399319480601,9.563850224571375,-155.22202404451482,14,2
2012-05-09 18:42:00.726149+00:00,9.89,21.15,32.12,34324.8801308198,20.215159566080324,-134.61457835292927,13,2
2012-05-09 18:43:00.726149+00:00,9.89,21.15,32.12,34324.8801308198,20.215159566080324,-134.61457835292927,13,3
2012-05-09 18:44:00.726149+00:00,9.89,21.15,32.12,34324.8801308198,20.215159566080324,-134.61457835292927,13,3
2012-05-09 18:46:00.726149+00:00,9.89,21.15,32.12,47454.55900682958,20.28557496328268,-134.47374755852456,11,2
2012-05-09 19:06:00.726149+00:00,40.0,40.0,0.17,1111.4322725792722,13.644749626087638,-147.75539823291464,5,2
2012-05-16 07:05:00.720270+00:00,40.0,0.07,0.17,826.1338116957802,8.704418248654392,-158.69614783406826,20,4
2012-05-16 07:06:00.720270+00:00,40.0,0.07,0.17,850.4449422377483,8.704418248654392,-158.69614783406826,20,4
2012-05-16 07:13:00.720270+00:00,13.94,29.27,40.0,1059.254831278089,8.750797213336991,-158.60338990470308,25,3
2012-05-16 07:14:00.720270+00:00,14.46,30.3,40.0,1209.7716507880657,8.544115335865445,-159.01675365964616,27,3
2012-05-16 07:15:00.720270+00:00,12.18,25.76,39.06,1217.268234023796,8.544115335865445,-159.01675365964616,27,3
2012-05-16 07:16:00.720270+00:00,12.27,25.94,39.32,1318.4325725124754,8.659761233209355,-158.78546186495834,29,3
2012-05-16 07:18:00.720270+00:00,12.87,27.14,40.0,1420.0236417445865,8.736396937094462,-158.63219045718813,26,3
2012-05-16 07:19:00.720270+00:00,12.86,27.1,40.0,1603.320847600674,8.809455680824335,-158.48607296972835,23,3
2012-05-16 07:20:00.720270+00:00,12.31,26.01,39.43,1529.7857804909158,8.80593747029791,-158.49310939078123,22,2
2012-05-16 07:21:00.720270+00:00,13.21,27.81,40.0,1493.5587088543446,8.80593747029791,-158.49310939078123,22,3
2012-05-16 07:25:00.720270+00:00,40.0,0.07,0.17,2575.9452275279364,10.85822366450325,-154.38853700237053,23,3
2012-05-16 07:26:00.720270+00:00,40.0,0.07,0.17,2905.181751594782,11.720436070420696,-152.66411219053566,23,3
2012-05-16 07:27:00.720270+00:00,40.0,0.07,0.17,3280.0114743815525,12.175621576325732,-151.7537411787256,25,3
2012-05-16 07:28:00.720270+00:00,40.0,0.07,0.17,3638.732157054158,12.918260461376656,-150.26846340862377,29,3
2012-05-16 07:29:00.720270+00:00,40.0,0.07,0.17,3873.4931154393257,13.186260700594165,-149.73246293018872,32,3
2012-05-16 07:30:00.720270+00:00,40.0,0.07,0.17,5999.489243774429,13.596685999115373,-148.9116123331463,34,3
2012-05-16 07:31:00.720270+00:00,40.0,0.07,0.17,8567.922127999871,13.948521974765768,-148.2079403818455,34,4
2012-05-16 07:32:00.720270+00:00,40.0,0.07,0.17,11085.089451819542,14.351212815902858,-147.40255869957133,34,4
2012-05-16 07:33:00.720270+00:00,40.0,0.07,0.17,14584.744106872966,14.47338166908093,-147.1582209932152,34,4
2012-05-16 07:34:00.720270+00:00,40.0,0.07,0.17,15795.14850955668,14.799677180911733,-146.50562996955358,33,3
2012-05-16 07:35:00.720270+00:00,40.0,0.07,0.17,17050.858216073862,15.183859051764514,-145.737266227848,34,3
2012-05-16 07:36:00.720270+00:00,3.34,7.46,11.4,17953.153072732195,15.345917589253704,-145.41314915286964,35,4
2012-05-16 07:37:00.720270+00:00,22.31,40.0,40.0,21703.96121058828,15.721300128481817,-144.6623840744134,35,2
2012-05-16 07:38:00.720270+00:00,40.0,0.07,0.17,25427.721527725207,16.08950324445585,-143.92597784246533,34,4
2012-05-16 07:39:00.720270+00:00,40.0,0.07,0.17,26658.568164081295,16.200688277511354,-143.70360777635432,34,3
2012-05-16 07:40:00.720270+00:00,40.0,0.07,0.17,27107.844140185214,16.560441162674085,-142.98410200602888,33,3
2012-05-16 07:41:00.720270+00:00,40.0,0.07,0.17,31915.859114290943,16.77446745880914,-142.5560494137588,34,5
2012-05-16 07:42:00.720270+00:00,40.0,0.07,0.17,36813.00197680594,17.010959519249045,-142.08306529287893,34,3
2012-05-16 07:43:00.720270+00:00,40.0,0.07,0.17,41415.93192452766,17.122066872631148,-141.86085058611474,35,3
2012-05-16 07:44:00.720270+00:00,40.0,0.07,0.17,41932.87248737953,17.139178753558426,-141.8266268242602,36,4
2012-05-16 07:45:00.720270+00:00,40.0,0.07,0.17,42283.30986678939,17.1562906344857,-141.79240306240564,35,4
2012-05-16 07:46:00.720270+00:00,40.0,0.07,0.17,41932.87248737953,17.07538009173435,-141.95422414790835,34,3
2012-05-16 07:47:00.720270+00:00,40.0,0.07,0.17,41499.18351624866,16.94147973683011,-142.22202485771683,34,3
2012-05-16 07:48:00.720270+00:00,40.0,0.07,0.17,36639.34407937639,16.924518261184794,-142.25594780900747,34,3
2012-05-16 07:49:00.720270+00:00,40.0,0.07,0.17,35867.6090674259,16.694883919900754,-142.71521649157555,35,4
2012-05-16 07:50:00.720270+00:00,40.0,0.07,0.17,35867.6090674259,16.596646472314028,-142.911691386749,35,3
2012-05-16 07:51:00.720270+00:00,40.0,0.07,0.17,31181.828078677678,16.699946661695748,-142.70509100798557,34,4
2012-05-16 07:52:00.720270+00:00,3.66,8.16,12.47,28873.55504672776,16.72647976885557,-142.65202479366593,34,3
2012-05-16 07:53:00.720270+00:00,3.14,7.02,10.74,27342.60282746197,16.705009403490745,-142.69496552439557,33,4
2012-05-16 07:54:00.720270+00:00,37.13,40.0,0.17,24758.479204600266,16.571072983523074,-142.9628383643309,33,3
2012-05-16 07:55:00.720270+00:00,36.97,40.0,0.17,20960.09936545288,16.240843533146947,-143.62329726508315,33,4
2012-05-16 07:56:00.720270+00:00,36.97,40.0,0.17,17609.852280140025,15.978602813397725,-144.14777870458158,34,3
2012-05-16 07:57:00.720270+00:00,4.98,11.0,16.8,12534.028948977006,15.898792407284724,-144.3073995168076,33,3
2012-05-16 07:58:00.720270+00:00,5.19,11.44,17.46,8810.606408584823,15.719787262710083,-144.66540980595687,34,3
2012-05-16 07:59:00.720270+00:00,35.71,40.0,0.17,7186.505735539112,15.001486787517386,-146.10201075634228,33,4
2012-05-16 08:00:00.720270+00:00,40.0,0.07,0.17,6237.132810817871,14.10193419394292,-147.90111594349122,34,3
2012-05-16 08:01:00.720270+00:00,40.0,0.07,0.17,5673.747093340684,14.003058942581632,-148.09886644621378,32,4
2012-05-16 08:02:00.720270+00:00,40.0,0.07,0.17,4552.603645059258,13.330650706634762,-149.44368291810753,30,3
2012-05-16 08:03:00.720270+00:00,40.0,0.07,0.17,3006.3793804837383,13.029895547827548,-150.04519323572194,27,4
2012-05-16 08:04:00.720270+00:00,40.0,0.07,0.17,2618.311379925675,12.60557194107311,-150.89384044923082,23,3
2012-05-16 08:05:00.720270+00:00,40.0,0.07,0.17,2318.7473027179885,12.414367078165586,-151.27625017504587,21,3
2012-05-16 08:10:00.720270+00:00,6.07,13.3,20.27,3065.6254751387423,11.099588539843117,-153.90580725169082,16,2
2012-05-16 08:12:00.720270+00:00,6.05,13.26,20.22,3065.6254751387423,11.331069297482358,-153.44284573641232,16,3
2012-05-16 08:13:00.720270+00:00,6.08,13.33,20.32,2962.260892900963,11.293518891383624,-153.5179465486098,17,3
2012-05-16 08:14:00.720270+00:00,3.04,6.8,10.39,2839.7603762650583,10.913898114877211,-154.2771881016226,19,4
2012-05-16 08:15:00.720270+00:00,5.66,12.43,18.96,1695.669153580555,10.90977815158991,-154.2854280281972,20,2
2012-05-16 08:18:00.720270+00:00,4.29,9.53,14.56,1155.780601045377,10.705862792431358,-154.69325874651437,22,2
2012-05-16 08:20:00.720270+00:00,5.16,11.37,17.36,938.8018894348938,10.437209074051117,-155.23056618327482,23,2
2012-05-16 08:22:00.720270+00:00,40.0,0.07,0.17,938.8018894348938,10.349884651815405,-155.40521502774624,23,3
2012-05-16 08:23:00.720270+00:00,39.44,40.0,0.17,1110.989946599935,10.437209074051117,-155.23056618327482,23,4
2012-05-16 08:24:00.720270+00:00,40.0,0.07,0.17,1110.989946599935,10.437209074051117,-155.23056618327482,21,3
2012-05-16 08:25:00.720270+00:00,40.0,0.07,0.17,932.555335447773,10.497324961601556,-155.1103344081739,20,3
2012-05-16 08:31:00.720270+00:00,40.0,0.07,0.17,860.8963341981577,9.616285123485165,-156.87241408440673,12,3
2012-05-18 17:29:00.721855+00:00,40.0,0.07,0.17,923.899320699693,11.746583714759026,-149.21873145386928,11,3
2012-05-18 18:01:00.721855+00:00,40.0,0.07,0.17,887.0176243836953,11.935124022264096,-148.84165083885912,27,3
2012-05-18 18:05:00.721855+00:00,40.0,0.07,0.17,905.7197904321514,11.936134518442143,-148.83962984650304,26,2
2012-05-18 18:10:00.721855+00:00,40.0,0.07,0.17,909.002486089136,12.06370782198455,-148.5844832394182,26,4
2012-05-18 18:11:00.721855+00:00,40.0,0.07,0.17,906.5517450706528,12.071432967900172,-148.56903294758698,27,3
2012-05-18 18:14:00.721855+00:00,40.0,0.07,0.17,1060.9932400256855,12.306038878448232,-148.09982112649087,32,4
2012-05-18 18:15:00.721855+00:00,40.0,0.07,0.17,1085.6380082959045,12.290598577398043,-148.13070172859125,31,4
2012-05-18 18:16:00.721855+00:00,40.0,0.07,0.17,1002.419162221406,12.24791936218029,-148.21606015902677,30,3
2012-05-18 18:17:00.721855+00:00,40.0,0.07,0.17,1004.7028812511448,12.282054679856463,-148.14778952367442,30,3
2012-05-18 18:18:00.721855+00:00,40.0,0.07,0.17,1028.2558609839623,12.24791936218029,-148.21606015902677,32,3
2012-05-18 18:21:00.721855+00:00,40.0,0.07,0.17,1099.2007408473987,12.282054679856463,-148.14778952367442,30,3
2012-05-18 18:23:00.721855+00:00,40.0,0.07,0.17,970.87371367202,12.124101290846111,-148.4636963016951,27,3
2012-05-18 18:25:00.721855+00:00,40.0,0.07,0.17,1140.2593949316731,12.26860367963264,-148.17469152412204,28,3
2012-05-18 18:28:00.721855+00:00,40.0,0.07,0.17,1164.4120160886669,12.232585632131896,-148.24672761912353,27,3
2012-05-18 18:29:00.721855+00:00,40.0,0.07,0.17,1105.4975218522998,12.089806398871644,-148.53228608564405,26,3
2012-05-18 18:30:00.721855+00:00,40.0,0.07,0.17,1105.4975218522998,12.089806398871644,-148.53228608564405,26,4
2012-05-18 18:36:00.721855+00:00,40.0,0.07,0.17,686.851007667113,11.500163531355453,-149.71157182067645,22,3
2012-05-18 18:42:00.721855+00:00,40.0,0.07,0.17,829.8015166027953,11.805268788975894,-149.10136130543555,24,4
2012-05-18 18:44:00.721855+00:00,40.0,0.07,0.17,849.69325151196,11.756877486923308,-149.1981439095407,25,2
2012-05-18 18:53:00.721855+00:00,40.0,0.07,0.17,774.1392644314927,11.756877486923308,-149.1981439095407,15,3
2012-05-19 14:01:00.722489+00:00,40.0,0.07,0.17,2832.3002297405333,15.5109642525984,-141.8429635710899,5,2
2012-05-19 14:02:00.722489+00:00,40.0,0.07,0.17,2832.3002297405333,15.5109642525984,-141.8429635710899,5,3
2012-05-27 23:17:00.727561+00:00,21.39,40.0,40.0,9975.878622903758,18.55544688590004,-140.03092866261167,6,3
2012-06-03 23:11:00.721999+00:00,6.14,13.45,20.51,1046.8246149667098,11.2158554751334,-154.91041126153095,7,2
2012-06-04 10:20:00.722316+00:00,22.54,40.0,40.0,2352.791563421705,16.774065024268275,-143.18904427510063,5,4
2012-06-05 03:24:00.722950+00:00,40.0,0.07,0.17,1263.7122053838707,14.06234190720322,-149.97245169989344,5,3
2012-06-06 12:05:00.723901+00:00,5.22,11.51,17.56,919.594583747704,12.39262070378109,-152.23941617090273,19,3
2012-06-06 12:06:00.723901+00:00,5.24,11.54,17.61,889.6762920252856,12.258743284217708,-152.5071710100295,22,3
2012-06-06 12:07:00.723901+00:00,5.27,11.61,17.71,1014.6597771558514,12.365211778956889,-152.29423402055116,23,3
2012-06-06 12:08:00.723901+00:00,5.24,11.54,17.61,967.1271804517776,12.144371297392455,-152.73591498368,26,3
2012-06-06 12:09:00.723901+00:00,5.24,11.54,17.61,1017.3111933221596,12.16641844760965,-152.69182068324562,28,4
2012-06-06 12:10:00.723901+00:00,5.24,11.54,17.61,1017.3111933221596,12.16641844760965,-152.69182068324562,28,3
2012-06-06 12:14:00.723901+00:00,5.28,11.64,17.76,1064.9314219931964,11.951021325054649,-153.12261492835563,16,2
2012-06-11 15:10:00.727071+00:00,11.71,24.81,37.62,25343.85677189812,20.539902827932565,-136.3627884349704,6,2
2012-06-11 15:11:00.727071+00:00,11.71,24.81,37.62,25343.85677189812,20.539902827932565,-136.3627884349704,6,3
2012-06-13 16:23:00.728339+00:00,19.83,40.0,40.0,1507.6626044867717,8.964767227478495,-158.60872373463656,21,3
2012-06-13 16:24:00.728339+00:00,19.81,40.0,40.0,1507.6626044867717,8.964767227478495,-158.60872373463656,21,3
2012-06-13 16:25:00.728339+00:00,19.81,40.0,40.0,1886.903363281505,9.00029674408421,-158.53766470142511,19,4
2012-06-13 16:45:00.728339+00:00,26.53,40.0,40.0,3698.0099400313575,11.74487700387907,-153.0485041818354,10,2
2012-06-13 16:48:00.728339+00:00,15.85,33.07,40.0,5009.792913023377,12.61082578201234,-151.31660662556885,18,2
2012-06-13 16:49:00.728339+00:00,6.73,14.68,22.37,5424.398919124545,13.094281407978771,-150.349695373636,21,3
2012-06-13 16:50:00.728339+00:00,4.12,9.16,14.0,6666.198346377135,13.676346532562455,-149.1855651244686,25,3
2012-06-13 16:51:00.728339+00:00,4.11,9.12,13.94,7009.318872299173,13.701914563901036,-149.13442906179148,28,4
2012-06-13 16:52:00.728339+00:00,4.05,9.01,13.77,7680.100252740944,13.729653598444145,-149.07895099270524,30,2
2012-06-13 16:53:00.728339+00:00,4.12,9.16,14.0,8140.115734428136,13.7449298156641,-149.04839855826535,29,3
2012-06-13 16:54:00.728339+00:00,4.36,9.67,14.78,8338.639606041812,14.01587072431496,-148.5065167409636,27,3
2012-06-13 16:55:00.728339+00:00,4.28,9.49,14.5,8901.463952192747,14.50977757737898,-147.5187030348356,23,4
2012-06-13 16:56:00.728339+00:00,4.38,9.71,14.83,9675.282085800252,14.729491313984996,-147.07927556162355,20,4
2012-06-13 16:57:00.728339+00:00,4.82,10.66,16.28,9160.03692295378,14.790808515534993,-146.95664115852355,16,2
2012-06-13 17:15:00.728339+00:00,3.89,8.67,13.25,10068.070518807148,14.261728835314152,-148.01480051896525,6,3
2012-06-15 16:18:00.729607+00:00,14.52,30.42,40.0,723.1830100985699,12.3320734919975,-150.81576530342647,13,2
2012-06-15 16:33:00.729607+00:00,35.08,40.0,0.17,715.7817402166575,12.77273590990928,-149.9344404676029,19,2
2012-06-15 16:36:00.729607+00:00,29.41,40.0,40.0,709.0869310270264,13.073090437895749,-149.33373141162997,20,3
2012-06-15 16:37:00.729607+00:00,29.82,40.0,40.0,701.9331485692554,13.097728781432064,-149.28445472455735,22,3
2012-06-16 03:01:00.729924+00:00,0.0,0.01,0.02,2191.048221692951,16.77562949171682,-141.12082825768772,7,3
2012-06-16 03:02:00.729924+00:00,0.0,0.01,0.02,2894.5040477341004,17.05423334922422,-140.56362054267294,8,2
2012-06-16 03:09:00.729924+00:00,0.01,0.02,0.02,12641.860109906404,18.968036529722475,-136.7360141816764,19,2
2012-06-16 03:10:00.729924+00:00,30.76,40.0,40.0,14920.81846340405,19.46610813157389,-135.73987097797357,22,4
2012-06-16 03:11:00.729924+00:00,30.92,40.0,40.0,15691.32640718346,19.719203325311973,-135.2336805904974,26,3
2012-06-16 03:12:00.729924+00:00,1.42,3.21,4.91,15691.32640718346,19.50578312738018,-135.660520986361,28,3
2012-06-16 03:13:00.729924+00:00,0.01,0.03,0.06,15691.32640718346,19.538260876203744,-135.59556548871387,30,3
2012-06-16 03:14:00.729924+00:00,0.01,0.02,0.02,15894.423377868092,19.552518431911068,-135.5670503772992,29,4
2012-06-16 03:15:00.729924+00:00,6.39,13.96,21.28,16899.93900139369,19.576014431779612,-135.52005837756212,26,3
2012-06-16 03:16:00.729924+00:00,6.4,13.99,21.33,18137.41691033507,19.7535180611876,-135.16505111874616,22,3
2012-06-16 03:17:00.729924+00:00,6.49,14.18,21.61,17383.061436499287,19.576014431779612,-135.52005837756212,20,4
2012-06-16 03:22:00.729924+00:00,14.4,30.18,40.0,3924.0388014305927,18.152906993366777,-138.3662732543878,14,2
2012-06-16 03:24:00.729924+00:00,15.7,32.76,40.0,1702.1373456451302,16.310019234406546,-142.05204877230827,13,3
2012-06-16 03:25:00.729924+00:00,15.7,32.76,40.0,1683.715476799896,15.971069146254637,-142.7299489486121,14,2
2012-06-16 03:26:00.729924+00:00,15.7,32.76,40.0,1683.715476799896,15.971069146254637,-142.7299489486121,14,2
2012-06-17 12:23:00.720874+00:00,40.0,0.07,0.17,12118.656645226823,14.712629215500463,-147.49219366066578,16,2
2012-06-17 12:24:00.720874+00:00,40.0,0.07,0.17,13865.871101058869,14.92206572210722,-147.07332064745225,18,4
2012-06-17 12:25:00.720874+00:00,40.0,0.07,0.17,14986.626287045545,15.02546814160392,-146.86651580845887,19,3
2012-06-17 12:26:00.720874+00:00,40.0,0.07,0.17,16693.135330110374,15.050177381334152,-146.8170973289984,18,3
2012-06-17 12:27:00.720874+00:00,40.0,0.07,0.17,16693.135330110374,15.050177381334152,-146.8170973289984,18,2
2012-06-17 12:28:00.720874+00:00,40.0,0.07,0.17,18399.6443731752,15.088074428671868,-146.74130323432297,17,2
2012-06-17 12:47:00.720874+00:00,40.0,0.07,0.17,9049.550592378002,14.900240520566433,-147.11697105053383,10,2
2012-06-17 12:48:00.720874+00:00,40.0,0.07,0.17,8983.55454365516,14.760909557618714,-147.39563297642928,11,3
2012-06-17 12:49:00.720874+00:00,40.0,0.07,0.17,8983.55454365516,14.760909557618714,-147.39563297642928,11,3
2012-06-17 13:07:00.720874+00:00,40.0,0.07,0.17,837.5510607724484,9.39927110861796,-158.11890987443078,6,3
2012-06-19 01:35:00.721825+00:00,1.64,3.7,5.66,10334.821653785026,18.94524063311404,-139.77498028727962,7,3
2012-06-19 01:38:00.721825+00:00,1.64,3.7,5.66,10334.821653785026,18.94524063311404,-139.77498028727962,7,3
2012-06-21 02:08:00.723093+00:00,39.53,40.0,0.17,718.7085331387902,10.676595718034488,-154.2194285348105,12,2
2012-06-21 02:17:00.723093+00:00,40.0,0.07,0.17,1334.265426839675,13.054339063918928,-149.46394184304162,28,2
2012-06-21 02:18:00.723093+00:00,40.0,0.07,0.17,1730.5082899084405,13.283185259988016,-149.00624945090345,29,4
2012-06-21 02:19:00.723093+00:00,40.0,0.07,0.17,1730.5082899084405,13.283185259988016,-149.00624945090345,31,3
2012-06-21 02:20:00.723093+00:00,40.0,0.07,0.17,1710.599365463516,13.303667404672504,-148.9652851615345,32,4
2012-06-21 02:21:00.723093+00:00,40.0,0.07,0.17,1710.599365463516,13.303667404672504,-148.9652851615345,32,4
2012-06-21 02:22:00.723093+00:00,40.0,0.07,0.17,1730.5082899084405,13.324149549356989,-148.9243208721655,31,4
2012-06-21 02:23:00.723093+00:00,40.0,0.07,0.17,1690.6904410185916,13.324149549356989,-148.9243208721655,29,2
2012-06-21 02:24:00.723093+00:00,40.0,0.07,0.17,1556.0568906486817,13.193516636407852,-149.1855866980638,28,3
2012-06-21 02:25:00.723093+00:00,40.0,0.07,0.17,1314.2328409125337,12.679607232915362,-150.21340550504877,27,4
2012-06-21 02:31:00.723093+00:00,40.0,0.07,0.17,917.8721170142122,12.083906135319786,-151.40480770023993,11,3
2012-06-21 13:16:00.723410+00:00,40.0,0.07,0.17,5430.666199459306,15.732875472601984,-146.65677360585062,5,2
2012-06-27 08:21:00.726897+00:00,40.0,0.07,0.17,6718.006668416553,16.914827772566305,-144.31296060121758,5,2
2012-06-27 08:22:00.726897+00:00,40.0,0.07,0.17,6718.006668416553,16.914827772566305,-144.31296060121758,5,3
2012-06-29 05:52:00.728165+00:00,40.0,0.07,0.17,7467.704421375329,14.92228890395322,-145.56949134283906,14,4
2012-06-29 05:53:00.728165+00:00,40.0,0.07,0.17,7467.704421375329,14.92228890395322,-145.56949134283906,14,3
2012-06-29 05:54:00.728165+00:00,40.0,0.07,0.17,7231.430694448258,14.866145881500142,-145.6817773877452,15,2
2012-06-29 05:55:00.728165+00:00,40.0,0.07,0.17,7231.430694448258,14.866145881500142,-145.6817773877452,15,2
2012-06-29 05:56:00.728165+00:00,40.0,0.07,0.17,7231.430694448258,14.866145881500142,-145.6817773877452,15,2
2012-07-07 14:08:00.723554+00:00,40.0,0.07,0.17,14136.028492417498,18.970578240363285,-140.06675325436072,5,2
2012-07-07 14:09:00.723554+00:00,40.0,0.07,0.17,14136.028492417498,18.970578240363285,-140.06675325436072,5,3
2012-07-13 18:08:00.727358+00:00,10.18,21.74,33.01,3499.323995589566,14.524096203504016,-143.9611102711984,21,3
2012-07-13 18:09:00.727358+00:00,10.04,21.44,32.56,3658.539541924537,14.60304955237917,-143.80320357344812,24,2
2012-07-13 18:10:00.727358+00:00,10.15,21.67,32.91,3625.339020785178,14.60304955237917,-143.80320357344812,26,3
2012-07-13 18:11:00.727358+00:00,10.28,21.93,33.3,3625.339020785178,14.733425013030178,-143.5424526521461,28,4
2012-07-13 18:12:00.727358+00:00,10.09,21.54,32.71,3499.323995589566,14.632437796558625,-143.7444270850892,29,4
2012-07-13 18:13:00.727358+00:00,10.25,21.87,33.2,3561.793194733574,14.634886494902409,-143.73952968840163,27,3
2012-07-13 18:14:00.727358+00:00,10.38,22.13,33.6,3561.793194733574,14.634886494902409,-143.73952968840163,27,3
2012-07-13 18:15:00.727358+00:00,10.53,22.43,34.05,3605.857780725137,14.834412229501734,-143.34047821920296,25,2
2012-07-13 18:16:00.727358+00:00,11.01,23.4,35.51,3541.6023472271554,14.863400655673376,-143.2825013668597,26,3
2012-07-13 18:17:00.727358+00:00,12.93,27.25,40.0,3521.4114997207366,14.89238908184502,-143.22452451451642,25,2
2012-07-13 18:20:00.727358+00:00,12.69,26.77,40.0,2407.540529300248,14.120372160961685,-144.76855835628308,25,5
2012-07-13 18:21:00.727358+00:00,18.99,39.29,40.0,2300.8257888728567,13.895022693861073,-145.2192572904843,25,3
2012-07-13 18:22:00.727358+00:00,24.25,40.0,40.0,2294.394689402462,13.854169161736095,-145.30096435473425,25,3
2012-07-13 18:23:00.727358+00:00,5.28,11.64,17.76,2271.5966951794394,13.83295126106949,-145.34340015606745,26,3
2012-07-13 18:24:00.727358+00:00,0.0,0.0,0.0,2271.5966951794394,13.83295126106949,-145.34340015606745,26,3
2012-07-13 18:25:00.727358+00:00,0.0,0.0,0.0,2271.5966951794394,13.83295126106949,-145.34340015606745,24,2
2012-07-13 18:26:00.727358+00:00,25.19,40.0,40.0,2194.381374467299,13.731995088049734,-145.54531250210698,20,4
2012-07-23 09:26:00.723381+00:00,40.0,0.07,0.17,9379.923932195818,17.41480269828174,-142.85693050228508,7,3
2012-07-23 09:27:00.723381+00:00,40.0,0.07,0.17,9379.923932195818,17.41480269828174,-142.85693050228508,7,3
2012-07-30 07:24:00.727819+00:00,39.44,40.0,0.17,13375.148064734132,17.706848040942113,-142.47288377335389,5,2
2012-07-30 07:25:00.727819+00:00,39.44,40.0,0.17,13375.148064734132,17.706848040942113,-142.47288377335389,5,3
2012-08-01 06:10:00.729087+00:00,40.0,0.07,0.17,985.2471428283276,10.65597265061916,-152.27223234186522,18,4
2012-08-01 06:12:00.729087+00:00,40.0,0.07,0.17,899.2386061975609,10.554730808709207,-152.47471602568513,23,3
2012-08-01 06:14:00.729087+00:00,40.0,0.07,0.17,899.2386061975609,10.476043078760632,-152.6320914855823,29,3
2012-08-01 06:24:00.729087+00:00,40.0,0.07,0.17,1165.665297354969,11.54543457036194,-150.49330850237968,27,2
2012-08-01 06:25:00.729087+00:00,40.0,0.07,0.17,1154.752485025378,11.574199110253907,-150.43577942259572,26,3
2012-08-01 06:26:00.729087+00:00,40.0,0.07,0.17,1127.579214639889,11.54543457036194,-150.49330850237968,29,3
2012-08-01 06:27:00.729087+00:00,40.0,0.07,0.17,1154.752485025378,11.636208798106772,-150.31176004689002,28,3
2012-08-01 06:28:00.729087+00:00,40.0,0.07,0.17,1123.8552642384725,11.747964521041649,-150.08824860102027,28,3
2012-08-01 06:33:00.729087+00:00,40.0,0.07,0.17,1058.166091452449,12.191028562897522,-149.20212051730851,27,4
2012-08-01 06:39:00.729087+00:00,40.0,0.07,0.17,1109.2533488917763,12.542998295295789,-148.49818105251197,23,4
2012-08-01 06:42:00.729087+00:00,40.0,0.07,0.17,1048.2299711951666,12.42000938827297,-148.7441588665576,23,3
2012-08-01 06:55:00.729087+00:00,40.0,0.07,0.17,867.0456431321018,11.46983831250062,-150.6445010181023,27,3
2012-08-01 07:04:00.729087+00:00,40.0,0.07,0.17,804.5298014545241,11.122129059856595,-151.33991952339034,29,3
2012-08-08 01:47:00.723525+00:00,5.31,11.71,17.86,634.0721290263189,11.406122240010504,-153.1054314079843,12,3
2012-08-08 02:16:00.723525+00:00,4.46,9.89,15.11,1356.4425408749307,13.728067395033158,-148.461541097939,24,4
2012-08-08 02:17:00.723525+00:00,4.14,9.2,14.05,1443.4569247254606,13.791108352899924,-148.33545918220548,27,3
2012-08-08 02:18:00.723525+00:00,4.19,9.31,14.22,1485.3305803497856,13.811084932402968,-148.29550602319938,28,3
2012-08-08 02:19:00.723525+00:00,4.64,10.28,15.7,1694.991463727088,13.860939658350732,-148.19579657130384,30,3
2012-08-08 02:20:00.723525+00:00,5.56,12.23,18.66,1819.3384788852973,14.43961407425506,-147.0384477394952,30,3
2012-08-08 02:21:00.723525+00:00,21.33,40.0,40.0,2004.215330427587,14.543339953565496,-146.83099598087432,31,3
2012-08-08 02:22:00.723525+00:00,10.58,22.53,34.2,2069.251776125056,14.622055153727963,-146.6735655805494,32,3
2012-08-08 02:23:00.723525+00:00,11.21,23.81,36.12,2159.1126371383384,14.88385515136438,-146.14996558527656,30,3
2012-08-08 02:24:00.723525+00:00,10.99,23.36,35.46,2351.4857903831507,15.077517016070118,-145.76264185586507,30,3
2012-08-08 02:25:00.723525+00:00,5.89,12.91,19.69,2464.6981778290574,15.152069084517253,-145.6135377189708,31,3
2012-08-08 02:26:00.723525+00:00,4.21,9.35,14.28,2513.752716991876,15.161820275738432,-145.59403533652846,31,4
2012-08-08 02:27:00.723525+00:00,4.17,9.27,14.17,2544.406340304583,15.310005278417488,-145.29766533117035,31,3
2012-08-08 02:28:00.723525+00:00,4.04,8.97,13.71,2588.8870265529977,15.23591277707796,-145.44585033384942,32,3
2012-08-08 02:29:00.723525+00:00,4.09,9.09,13.88,2666.681040287593,15.324640989107351,-145.26839390979063,32,3
2012-08-08 02:30:00.723525+00:00,4.05,9.01,13.77,2666.681040287593,15.351286415955922,-145.21510305609348,32,4
2012-08-08 02:31:00.723525+00:00,4.11,9.12,13.94,2699.9943677737742,15.310005278417488,-145.29766533117035,33,3
2012-08-08 02:32:00.723525+00:00,4.12,9.16,14.0,2653.6952866487045,15.351286415955922,-145.21510305609348,32,3
2012-08-08 02:33:00.723525+00:00,3.66,8.16,12.47,2529.07952864823,15.174530349167842,-145.56861518966963,32,3
2012-08-08 02:34:00.723525+00:00,3.26,7.28,11.14,2565.851250012057,15.041772546959889,-145.83413079408555,32,3
2012-08-08 02:35:00.723525+00:00,3.36,7.5,11.47,2423.335680068914,14.921769240205816,-146.0741374075937,31,4
2012-08-08 02:36:00.723525+00:00,4.23,9.38,14.33,2138.009109253049,14.84651097921616,-146.224653929573,30,3
2012-08-08 02:37:00.723525+00:00,4.43,9.82,15.0,1950.18959502498,14.446707459474668,-147.024260969056,31,3
2012-08-08 02:38:00.723525+00:00,5.41,11.91,18.17,1903.144126747485,14.418086598550698,-147.0815026909039,28,3
2012-08-08 02:41:00.723525+00:00,4.48,9.93,15.16,1053.2852932880487,13.824686239574062,-148.26830340885718,21,3
2012-08-08 02:44:00.723525+00:00,31.42,40.0,40.0,760.2182041105498,12.912581609376357,-150.0925126692526,15,2
2012-08-09 12:21:00.724476+00:00,40.0,0.07,0.17,1338.0609574085156,12.55136137534169,-152.5602295480194,6,2
2012-08-09 12:28:00.724476+00:00,40.0,0.07,0.17,1881.0346884542023,14.749881878842462,-148.16318854101786,20,4
2012-08-09 12:29:00.724476+00:00,40.0,0.07,0.17,1881.0346884542023,14.749881878842462,-148.16318854101786,20,3
2012-08-09 12:30:00.724476+00:00,40.0,0.07,0.17,1756.662567864331,14.76343627493864,-148.1360797488255,21,2
2012-08-09 12:31:00.724476+00:00,40.0,0.07,0.17,1756.662567864331,14.76343627493864,-148.1360797488255,21,4
2012-08-09 12:32:00.724476+00:00,40.0,0.07,0.17,2005.406809044074,14.76343627493864,-148.1360797488255,21,3
2012-08-09 12:33:00.724476+00:00,40.0,0.07,0.17,1857.094407008197,14.709090902735651,-148.24477049323147,20,2
2012-08-09 12:36:00.724476+00:00,40.0,0.07,0.17,2005.406809044074,14.78719366492629,-148.08856496885022,11,2
2012-08-16 07:30:00.728596+00:00,40.0,0.07,0.17,877.7378087387956,15.189791554041168,-144.6298595458677,10,3
2012-08-16 07:43:00.728596+00:00,40.0,0.07,0.17,4999.27861946592,17.671891501913862,-139.66565965012228,19,3
2012-08-16 07:44:00.728596+00:00,40.0,0.07,0.17,4901.038609979021,17.797134542814327,-139.41517356832136,20,3
2012-08-16 07:45:00.728596+00:00,40.0,0.07,0.17,4999.27861946592,17.671891501913862,-139.66565965012228,19,3
2012-08-16 07:46:00.728596+00:00,40.0,0.07,0.17,4999.27861946592,17.671891501913862,-139.66565965012228,19,3
2012-08-16 07:47:00.728596+00:00,40.0,0.07,0.17,5304.310977903904,17.797134542814327,-139.41517356832136,18,4
2012-08-16 07:48:00.728596+00:00,40.0,0.07,0.17,4999.27861946592,17.671891501913862,-139.66565965012228,17,2
2012-08-26 08:13:00.724936+00:00,0.96,2.18,3.33,1013.8949996421655,14.73625218870227,-142.87749643969963,9,3
2012-08-26 08:14:00.724936+00:00,0.96,2.18,3.33,1113.9356439400483,14.817286997231353,-142.71542682264146,8,2
2012-08-26 08:31:00.724936+00:00,40.0,0.07,0.17,853.159942776435,14.092283700298587,-144.165433416507,14,2
2012-08-26 08:32:00.724936+00:00,40.0,0.07,0.17,853.159942776435,14.15172651463794,-144.04654778782827,18,4
2012-08-31 08:05:00.728106+00:00,40.0,0.07,0.17,1399.4925487463422,14.415473675851208,-143.94920675579675,25,3
2012-08-31 08:06:00.728106+00:00,40.0,0.07,0.17,1401.9056778264885,14.415473675851208,-143.94920675579675,27,4
2012-08-31 08:07:00.728106+00:00,40.0,0.07,0.17,1486.1673294716472,14.515531364129153,-143.7490913792409,29,3
2012-08-31 08:08:00.728106+00:00,40.0,0.07,0.17,1641.7127359679764,14.559577314488958,-143.66099947852126,32,4
2012-08-31 08:09:00.728106+00:00,40.0,0.07,0.17,1787.1382550567105,14.771214394973455,-143.23772531755228,33,4
2012-08-31 08:10:00.728106+00:00,40.0,0.07,0.17,2121.1581321485864,15.26217666394285,-142.25580077961348,33,2
2012-08-31 08:11:00.728106+00:00,40.0,0.07,0.17,2728.2483352206777,15.634048813119575,-141.51205648126003,32,2
2012-08-31 08:12:00.728106+00:00,40.0,0.07,0.17,2932.2069281726326,15.68250178409371,-141.41515053931175,32,4
2012-08-31 08:13:00.728106+00:00,40.0,0.07,0.17,2801.464349292657,15.634048813119575,-141.51205648126003,32,4
2012-08-31 08:14:00.728106+00:00,40.0,0.07,0.17,2299.415477466891,15.557314122624174,-141.66552586225083,31,3
2012-08-31 08:15:00.728106+00:00,40.0,0.07,0.17,2149.286782285548,15.166884704547854,-142.44638469840348,30,3
2012-08-31 08:16:00.728106+00:00,40.0,0.07,0.17,2149.286782285548,15.166884704547854,-142.44638469840348,30,3
2012-08-31 08:18:00.728106+00:00,40.0,0.07,0.17,1387.579104827502,14.640656298116152,-143.49884151126687,28,2
2012-08-31 08:24:00.728106+00:00,40.0,0.07,0.17,1468.5503135446334,14.640656298116152,-143.49884151126687,30,3
2012-08-31 08:25:00.728106+00:00,40.0,0.07,0.17,1743.0144121672745,14.723891091524372,-143.33237192445046,32,3
2012-08-31 08:26:00.728106+00:00,40.0,0.07,0.17,1900.2848618757837,14.820252250358198,-143.1396496067828,33,4
2012-08-31 08:27:00.728106+00:00,2.26,5.07,7.76,2009.6570681871976,14.9753726581317,-142.82940879123578,34,4
2012-08-31 08:28:00.728106+00:00,2.2,4.96,7.59,2136.954100280502,15.042692418277332,-142.6947692709445,35,3
2012-08-31 08:29:00.728106+00:00,2.23,5.01,7.67,2136.954100280502,15.042692418277332,-142.6947692709445,35,4
2012-08-31 08:30:00.728106+00:00,2.26,5.07,7.76,2189.1467550702973,15.039067528065038,-142.70201905136912,33,4
2012-08-31 08:31:00.728106+00:00,3.81,8.47,12.95,2163.0504276754,14.814129962453428,-143.15189418259234,30,3
2012-08-31 08:32:00.728106+00:00,3.66,8.16,12.47,2163.0504276754,14.786126756304766,-143.20790059488965,26,3
2012-08-31 08:33:00.728106+00:00,3.59,8.0,12.22,2163.0504276754,14.632238429019315,-143.51567724946057,22,3
2012-09-06 22:14:00.722227+00:00,40.0,0.07,0.17,17626.173427635935,19.607209247643485,-138.23554976854663,7,3
2012-09-06 22:15:00.722227+00:00,40.0,0.07,0.17,17626.173427635935,19.607209247643485,-138.23554976854663,7,3
2012-09-09 18:58:00.724129+00:00,22.05,40.0,40.0,887.8829700118175,14.713748621203743,-146.93431087826414,13,2
2012-09-09 19:00:00.724129+00:00,22.05,40.0,40.0,887.8829700118175,14.713748621203743,-146.93431087826414,13,2
2012-09-09 19:14:00.724129+00:00,40.0,0.07,0.17,1780.2193247424425,14.631566280484488,-147.09867555970266,12,2
2012-09-09 19:18:00.724129+00:00,18.54,38.41,40.0,1328.8947895385045,13.950490808239277,-148.46082650419308,16,3
2012-09-09 19:19:00.724129+00:00,18.64,38.61,40.0,1201.7117016732814,13.887581438834086,-148.58664524300346,15,3
2012-09-12 03:51:00.725714+00:00,2.64,5.93,9.08,10694.114330206585,18.58137169724771,-137.73251145267625,12,2
2012-09-12 03:53:00.725714+00:00,1.74,3.92,6.0,8298.340797877077,18.61553832299408,-137.66417820118346,16,3
2012-09-12 03:54:00.725714+00:00,1.67,3.77,5.77,7038.057174488715,18.55837873165274,-137.77849738386615,18,2
2012-09-12 03:55:00.725714+00:00,1.67,3.77,5.77,5944.169730073055,18.40740844061076,-138.08043796595013,21,2
2012-09-12 03:56:00.725714+00:00,1.64,3.7,5.66,6313.163010357813,18.462230347730603,-137.97079415171044,20,3
2012-09-12 03:57:00.725714+00:00,1.46,3.29,5.04,5944.169730073055,18.517052254850444,-137.86115033747075,19,2
2012-09-12 03:58:00.725714+00:00,1.46,3.29,5.04,6669.063894203957,18.55837873165274,-137.77849738386615,18,2
2012-09-12 03:59:00.725714+00:00,1.07,2.42,3.7,6669.063894203957,18.61553832299408,-137.66417820118346,16,3
2012-09-13 10:28:00.726348+00:00,1.07,2.42,3.7,861.6139994182626,11.219674246009248,-152.53370760336804,7,2
2012-09-13 10:38:00.726348+00:00,18.23,37.8,40.0,1050.4692928600134,11.925011806450025,-151.1230324824865,22,2
2012-09-13 10:39:00.726348+00:00,17.68,36.71,40.0,1168.93482034171,12.09822300547394,-150.77661008443866,22,3
2012-09-13 10:40:00.726348+00:00,18.03,37.4,40.0,1645.9242290587972,12.880944227989016,-149.2111676394085,23,4
2012-09-13 10:43:00.726348+00:00,17.86,37.05,40.0,1645.9242290587972,12.929125656404445,-149.11480478257764,27,2
2012-09-13 10:44:00.726348+00:00,17.73,36.81,40.0,1852.283494472964,13.154002879604406,-148.66505033617773,26,3
2012-09-13 10:45:00.726348+00:00,7.32,15.9,24.2,1565.0890032752727,13.049087796192056,-148.87488050300243,25,3
2012-09-13 10:46:00.726348+00:00,7.24,15.74,23.97,1511.4626785910532,12.929125656404445,-149.11480478257764,27,3
2012-09-13 10:48:00.726348+00:00,17.46,36.27,40.0,1668.9063374809589,13.213002751166425,-148.54705059305368,28,2
2012-09-13 10:49:00.726348+00:00,40.0,0.07,0.17,1576.1753558569465,13.297852616932149,-148.37735086152225,28,3
2012-09-13 10:51:00.726348+00:00,40.0,0.07,0.17,1970.0947996153025,13.49686171520896,-147.9793326649686,28,2
2012-09-13 10:52:00.726348+00:00,40.0,0.07,0.17,1948.4752844531947,13.935077595665518,-147.10290090405547,29,3
2012-09-13 10:53:00.726348+00:00,15.14,31.66,40.0,2090.719056592427,13.959240527581857,-147.0545750402228,30,4
2012-09-13 10:54:00.726348+00:00,10.87,23.13,35.1,2279.876801314733,13.989630783444465,-146.99379452849757,30,3
2012-09-13 10:55:00.726348+00:00,10.64,22.66,34.4,2378.338678213375,13.995858107390736,-146.98133988060505,31,3
2012-09-13 10:56:00.726348+00:00,10.74,22.86,34.7,2469.517219686282,14.20834835141888,-146.55635939254876,30,3
2012-09-13 10:57:00.726348+00:00,10.1,21.57,32.76,2484.938205721532,14.125448356268668,-146.72215938284918,32,3
2012-09-13 10:58:00.726348+00:00,9.81,20.99,31.88,2601.6080649647683,14.078931171859146,-146.81519375166823,31,3
2012-09-13 10:59:00.726348+00:00,40.0,0.07,0.17,2601.6080649647683,14.17196554067819,-146.62912501403014,31,4
2012-09-13 11:00:00.726348+00:00,9.62,20.6,31.3,2736.063880821229,14.125448356268668,-146.72215938284918,30,3
2012-09-13 11:01:00.726348+00:00,9.42,20.18,30.67,2601.6080649647683,14.24473116215957,-146.48359377106738,31,3
2012-09-13 11:02:00.726348+00:00,8.1,17.51,26.64,2883.4377990325183,14.442981757282798,-146.08709258082092,31,3
2012-09-13 11:03:00.726348+00:00,7.89,17.07,25.98,3016.642367050971,14.56937572642364,-145.83430464253925,30,2
2012-09-13 11:04:00.726348+00:00,7.41,16.08,24.48,3159.1179597724604,14.72026416777902,-145.5325277598285,31,4
2012-09-13 11:05:00.726348+00:00,7.39,16.05,24.44,3783.820274814761,14.947984367616458,-145.07708736015363,31,3
2012-09-13 11:06:00.726348+00:00,7.02,15.27,23.26,3877.954928833603,15.361357023398336,-144.25034204858986,32,3
2012-09-13 11:07:00.726348+00:00,6.84,14.9,22.7,3934.561954584981,16.02531583667092,-142.92242442204468,32,3
2012-09-13 11:08:00.726348+00:00,6.88,14.99,22.84,6177.3713646591,16.53211096894108,-141.90883415750437,33,4
2012-09-13 11:09:00.726348+00:00,6.93,15.09,22.98,6421.3435617283285,16.894367371173672,-141.1843213530392,34,3
2012-09-13 11:10:00.726348+00:00,6.96,15.15,23.08,8779.32092414108,17.58102932465359,-139.81099744607934,35,3
2012-09-13 11:11:00.726348+00:00,7.08,15.4,23.45,11279.748326882884,17.759737557015566,-139.4535809813554,36,4
2012-09-13 11:12:00.726348+00:00,40.0,0.07,0.17,12253.44334183621,17.902208612533894,-139.16863887031874,35,3
2012-09-13 11:13:00.726348+00:00,40.0,0.07,0.17,12791.56193474806,18.001961545255945,-138.96913300487464,37,4
2012-09-13 11:14:00.726348+00:00,40.0,0.07,0.17,12522.502638292137,18.102720577819596,-138.76761493974732,36,4
2012-09-13 11:15:00.726348+00:00,40.0,0.07,0.17,13366.771645235252,18.133800615266757,-138.705454864853,37,4
2012-09-13 11:16:00.726348+00:00,40.0,0.07,0.17,12791.56193474806,18.133800615266757,-138.705454864853,35,4
2012-09-13 11:17:00.726348+00:00,40.0,40.0,0.17,13079.166789991656,18.148605454262,-138.67584518686257,32,3
2012-09-13 11:18:00.726348+00:00,40.0,40.0,0.17,14267.84265327999,18.29689582734192,-138.37926444070268,30,4
2012-09-13 11:19:00.726348+00:00,40.0,40.0,0.17,14323.856008478757,18.29689582734192,-138.37926444070268,28,3
2012-09-13 11:20:00.726348+00:00,40.0,40.0,0.17,12818.58605811406,18.16341029325724,-138.64623550887205,27,4
2012-09-13 11:23:00.726348+00:00,40.0,40.0,0.17,9352.785591940694,17.599500275483088,-139.77405554442038,25,2
2012-09-13 11:24:00.726348+00:00,40.0,40.0,0.17,7919.714775083901,17.209268997918787,-140.55451809954894,25,3
2012-09-13 11:25:00.726348+00:00,40.0,40.0,0.17,7669.660671229378,16.815504192451666,-141.3420477104832,24,2
2012-09-13 11:26:00.726348+00:00,40.0,40.0,0.17,7635.627082527018,16.559235992351155,-141.8545841106842,25,3
2012-09-13 11:27:00.726348+00:00,40.0,0.07,0.17,6803.683224683133,16.452424046605984,-142.06820800217457,28,3
2012-09-13 11:28:00.726348+00:00,40.0,0.07,0.17,5769.413937517666,16.27608333140299,-142.42088943258057,28,4
2012-09-13 11:29:00.726348+00:00,40.0,0.07,0.17,5445.660898017557,16.11531208602402,-142.74243192333847,29,2
2012-09-13 11:30:00.726348+00:00,40.0,0.07,0.17,4958.204952068947,15.766778629794402,-143.43949883579774,30,3
2012-09-13 11:31:00.726348+00:00,40.0,0.07,0.17,4281.640481204455,15.066160770614516,-144.8407345541575,31,3
2012-09-13 11:32:00.726348+00:00,40.0,0.07,0.17,2675.982243288256,14.685916301147415,-145.6012234930917,31,3
2012-09-13 11:33:00.726348+00:00,40.0,0.07,0.17,2105.752540027315,14.002816752576363,-146.96742259023378,31,2
2012-09-13 11:34:00.726348+00:00,40.0,0.07,0.17,1992.4969524205817,13.795527133431182,-147.38200182852415,29,4
2012-09-13 11:35:00.726348+00:00,6.67,14.56,22.18,1841.8257196607165,13.56234447529168,-147.84836714480315,28,4
2012-09-13 11:37:00.726348+00:00,40.0,0.07,0.17,1825.8198222875476,13.41140826722352,-148.1502395609395,29,5
2012-09-13 11:38:00.726348+00:00,40.0,0.07,0.17,1841.8257196607165,13.454596753740564,-148.06386258790542,30,2
2012-09-13 11:40:00.726348+00:00,26.78,40.0,40.0,2444.4819120730704,14.559293988528488,-145.85446811832955,31,3
2012-09-13 11:41:00.726348+00:00,26.96,40.0,40.0,3177.707240915419,14.763970243447826,-145.44511560849088,32,3
2012-09-13 11:42:00.726348+00:00,26.91,40.0,40.0,3132.5648015389525,14.73921100371122,-145.49463408796407,33,3
2012-09-13 11:43:00.726348+00:00,26.74,40.0,40.0,3594.3911264989074,14.788729483184431,-145.39559712901766,31,4
2012-09-13 11:44:00.726348+00:00,26.66,40.0,40.0,3177.707240915419,14.649252496119852,-145.67455110314685,34,4
2012-09-13 11:45:00.726348+00:00,26.7,40.0,40.0,3107.717106736157,14.270684966983971,-146.43168616141858,35,4
2012-09-13 11:46:00.726348+00:00,26.32,40.0,40.0,2978.86007149676,14.100576947514885,-146.77190220035675,34,4
2012-09-13 11:47:00.726348+00:00,0.0,0.01,0.02,1825.3003407444835,13.609338162053035,-147.75437977128047,33,3
2012-09-13 11:48:00.726348+00:00,0.0,0.01,0.02,1577.2636764734189,13.182127806476968,-148.60880048243257,30,3
2012-09-13 11:50:00.726348+00:00,40.0,0.07,0.17,1072.064588927948,12.612675469639274,-149.74770515610797,28,2
2012-09-13 11:54:00.726348+00:00,40.0,0.07,0.17,1051.3609955222105,12.021766034160978,-150.9295240270646,22,2
2012-09-13 11:55:00.726348+00:00,40.0,0.07,0.17,1031.0217013574538,11.938472815424468,-151.0961104645376,19,4
2012-09-13 11:56:00.726348+00:00,40.0,0.07,0.17,1031.0217013574538,11.938472815424468,-151.0961104645376,17,2
2012-09-13 11:57:00.726348+00:00,40.0,0.07,0.17,1135.718743889679,11.585780820080725,-151.80149445522508,14,2
2012-09-13 12:06:00.726665+00:00,40.0,0.07,0.17,794.5558419124486,11.542015039343994,-153.40551442063628,13,3
2012-09-13 12:13:00.726665+00:00,22.44,40.0,40.0,912.9592165481909,12.589665650854933,-151.3102131976144,25,3
2012-09-13 12:16:00.726665+00:00,22.41,40.0,40.0,1063.058558442685,12.850314450035418,-150.7889155992534,20,3
2012-09-13 12:17:00.726665+00:00,22.41,40.0,40.0,1097.856931900076,13.073210488787971,-150.3431235217483,19,3
2012-09-26 01:08:00.724590+00:00,12.42,26.23,39.76,783.5717723047704,9.607349719954383,-158.2363575412915,9,2
2012-09-28 01:10:00.725858+00:00,1.6,3.62,5.54,1243.045065983089,14.536646759319662,-145.5056005405633,23,2
2012-09-28 01:11:00.725858+00:00,1.6,3.62,5.54,1528.429283302292,14.820993069970278,-144.93690791926207,26,3
2012-09-28 01:12:00.725858+00:00,1.57,3.54,5.42,1663.9793711658226,14.887683297294496,-144.80352746461364,26,3
2012-09-28 01:13:00.725858+00:00,1.67,3.77,5.77,2125.058958586434,15.15657498577774,-144.26574408764716,29,4
2012-09-28 01:14:00.725858+00:00,1.6,3.62,5.54,2197.935784116638,15.22210511101533,-144.134683837172,31,3
2012-09-28 01:15:00.725858+00:00,1.6,3.62,5.54,2318.2696616816693,15.472574730935325,-143.633744597332,32,4
2012-09-28 01:16:00.725858+00:00,1.6,3.62,5.54,2412.787977192409,15.494686832129226,-143.5895203949442,30,3
2012-09-28 01:17:00.725858+00:00,1.57,3.54,5.42,2516.7633309690955,15.525237735219148,-143.52841858876434,28,3
2012-09-28 01:18:00.725858+00:00,1.57,3.54,5.42,2694.926229901658,15.72764823276409,-143.12359759367445,26,4
2012-09-28 01:19:00.725858+00:00,1.53,3.46,5.3,3117.1749464056825,16.03581022380368,-142.50727361159528,22,3
2012-09-28 01:23:00.725858+00:00,40.0,0.07,0.17,2248.8123915341107,15.546125846348271,-143.4866423665061,13,2
2012-09-28 01:25:00.725858+00:00,1.71,3.85,5.89,2247.615903069882,15.468578277918455,-143.64173750336573,12,2
2012-09-28 01:29:00.725858+00:00,1.38,3.12,4.77,2839.5930618612983,15.699067112853164,-143.18075983349632,22,4
2012-09-28 01:30:00.725858+00:00,40.0,0.07,0.17,2864.71340341853,15.81667846260687,-142.94553713398892,23,3
2012-09-28 01:31:00.725858+00:00,1.26,2.84,4.34,3130.149741213271,15.98786672967872,-142.60316059984518,26,3
2012-09-28 01:32:00.725858+00:00,1.21,2.74,4.19,3135.2904130494453,16.07299642145575,-142.43290121629113,28,4
2012-09-28 01:33:00.725858+00:00,1.21,2.74,4.19,3405.188125802368,16.106027616249413,-142.3668388267038,31,3
2012-09-28 01:34:00.725858+00:00,1.17,2.63,4.03,3408.673595328928,16.092989985390627,-142.39291408842138,32,3
2012-09-28 01:35:00.725858+00:00,1.12,2.53,3.87,3358.8902778567744,16.07299642145575,-142.43290121629113,32,3
2012-09-28 01:36:00.725858+00:00,1.17,2.63,4.03,3209.248113972157,16.027691507401528,-142.52351104439958,33,3
2012-09-28 01:37:00.725858+00:00,1.12,2.53,3.87,3082.5991169750187,16.02480949397499,-142.52927507125267,31,3
2012-09-28 01:38:00.725858+00:00,1.17,2.63,4.03,2923.0759406458847,15.905136398903837,-142.76862126139497,31,3
2012-09-28 01:39:00.725858+00:00,1.12,2.53,3.87,2923.0759406458847,15.995503956064534,-142.5878861470736,29,4
2012-09-28 01:40:00.725858+00:00,1.17,2.63,4.03,2694.890491653019,15.784297348229138,-143.01029936274438,26,3
2012-09-28 01:41:00.725858+00:00,1.17,2.63,4.03,2014.4256239638391,15.358257042011957,-143.86237997517873,22,3
2012-09-28 01:43:00.725858+00:00,40.0,0.07,0.17,1488.024422268664,14.606491118098912,-145.3659118230048,20,3
2012-09-28 01:47:00.725858+00:00,1.26,2.84,4.34,936.3049716322396,13.59762678825112,-147.3836404827004,8,3
2012-10-04 08:47:00.729662+00:00,10.51,22.39,34.0,1335.6722294344845,13.7727810282977,-147.85044846802546,17,3
2012-10-04 08:48:00.729662+00:00,16.09,33.55,40.0,1417.215721251282,13.842702158813658,-147.71060620699356,19,2
2012-10-04 08:50:00.729662+00:00,15.96,33.29,40.0,1493.4121238981938,14.135983757302853,-147.12404301001516,18,2
2012-10-04 08:51:00.729662+00:00,24.96,40.0,40.0,1619.9798989910585,14.353755951183633,-146.6884986222536,19,2
2012-10-04 08:53:00.729662+00:00,3.49,7.79,11.91,2145.653449815417,14.882299905853133,-145.6314107129146,18,2
2012-10-04 08:56:00.729662+00:00,3.82,8.51,13.01,2519.598841057992,15.082783275863411,-145.23044397289405,21,3
2012-10-04 08:57:00.729662+00:00,3.81,8.47,12.95,2519.598841057992,15.171113699949116,-145.05378312472266,23,3
2012-10-04 08:58:00.729662+00:00,3.86,8.59,13.13,2502.461491563146,15.194817414770288,-145.0063756950803,24,4
2012-10-04 08:59:00.729662+00:00,3.84,8.55,13.07,2428.1391731674385,15.143110156391842,-145.1097902118372,26,3
2012-10-04 09:01:00.729662+00:00,31.36,40.0,40.0,2300.2976358909573,15.082783275863411,-145.23044397289405,27,4
2012-10-04 09:02:00.729662+00:00,3.91,8.71,13.3,2194.032520550244,14.977966294544434,-145.440077935532,26,3
2012-10-04 09:03:00.729662+00:00,4.02,8.94,13.65,1875.471931017481,14.974555215820818,-145.44690009297923,24,3
2012-10-04 09:04:00.729662+00:00,3.89,8.67,13.25,1644.9875439667378,14.558845461628149,-146.2783196013646,22,2
2012-10-04 09:05:00.729662+00:00,30.92,40.0,40.0,1605.1889533425206,14.532875086608506,-146.3302603514039,23,3
2012-10-04 09:06:00.729662+00:00,40.0,40.0,0.17,1503.730139611876,14.444439430209584,-146.50713166420172,22,2
2012-10-05 15:52:00.720613+00:00,40.0,40.0,0.17,2139.2602135994675,14.741562096299834,-144.55493032260904,20,3
2012-10-05 15:53:00.720613+00:00,40.0,40.0,0.17,2103.590675263541,14.709280177514,-144.6194941601807,21,3
2012-10-05 15:54:00.720613+00:00,40.0,0.07,0.17,2113.2952393960795,14.741562096299834,-144.55493032260904,22,3
2012-10-05 15:55:00.720613+00:00,40.0,0.07,0.17,2113.2952393960795,14.819364030724092,-144.39932645376052,22,4
2012-10-05 15:56:00.720613+00:00,40.0,0.07,0.17,2078.35432372673,14.910151097974978,-144.21775231925875,24,2
2012-10-05 15:57:00.720613+00:00,40.0,0.07,0.17,2122.9998035286176,14.986751142788062,-144.06455222963257,23,3
2012-10-05 15:59:00.720613+00:00,40.0,0.07,0.17,2190.8423148654533,15.319143821640676,-143.39976687192734,21,2
2012-10-05 16:00:00.720613+00:00,40.0,0.07,0.17,2122.9998035286176,14.986751142788062,-144.06455222963257,19,2
2012-10-05 16:02:00.720613+00:00,40.0,0.07,0.17,2122.9998035286176,15.75994296356652,-142.51816858807564,17,2
2012-10-05 16:03:00.720613+00:00,40.0,0.07,0.17,2151.2578298961544,15.75994296356652,-142.51816858807564,17,3
2012-10-05 16:05:00.720613+00:00,40.0,0.07,0.17,2632.047943017448,15.201704651414264,-143.63464521238018,20,2
2012-10-05 16:06:00.720613+00:00,40.0,0.07,0.17,2845.972024394883,14.681103341316282,-144.67584783257615,22,2
2012-10-05 16:07:00.720613+00:00,40.0,0.07,0.17,2803.502390371148,14.771188862772808,-144.4956767896631,23,2
2012-10-05 16:08:00.720613+00:00,40.0,0.07,0.17,2610.356272759273,14.42734169514953,-145.18337112490963,24,2
2012-10-05 16:09:00.720613+00:00,40.0,0.07,0.17,2375.035247977516,14.333748067101393,-145.3705583810059,22,3
2012-10-05 16:10:00.720613+00:00,40.0,40.0,0.17,2234.447313416471,14.234035393303571,-145.56998372860156,22,3
2012-10-05 16:11:00.720613+00:00,40.0,40.0,0.17,2234.447313416471,14.136027595680565,-145.76599932384758,20,3
2012-10-05 16:12:00.720613+00:00,40.0,40.0,0.17,2375.035247977516,14.04933315602038,-145.93938820316794,18,3
2012-10-09 12:29:00.723149+00:00,40.0,0.07,0.17,926.9029031926198,12.310240899114632,-151.34727933203342,22,3
2012-10-09 12:31:00.723149+00:00,40.0,0.07,0.17,946.525178088264,12.27204058620774,-151.4236799578472,27,2
2012-10-09 12:32:00.723149+00:00,40.0,0.07,0.17,1055.7237414212686,12.307424795152253,-151.35291153995817,27,4
2012-10-09 12:34:00.723149+00:00,40.0,0.07,0.17,1134.933552853635,12.706719526946165,-150.55432207637034,29,3
2012-10-09 12:35:00.723149+00:00,40.0,0.07,0.17,1156.9647863529794,12.669148615517976,-150.62946389922672,30,3
2012-10-09 12:37:00.723149+00:00,40.0,0.07,0.17,1178.996019852324,12.690792669214616,-150.58617579183343,31,4
2012-10-09 12:38:00.723149+00:00,40.0,0.07,0.17,1237.6307669114744,12.737506981484108,-150.49274716729448,32,3
2012-10-09 12:39:00.723149+00:00,40.0,0.07,0.17,1237.6307669114744,12.713113107792417,-150.54153491467787,32,3
2012-10-09 12:40:00.723149+00:00,40.0,0.07,0.17,1250.0525872105254,12.737695876863269,-150.49236937653615,32,3
2012-10-09 12:41:00.723149+00:00,40.0,0.07,0.17,1178.996019852324,12.73586623007738,-150.49602867010793,33,3
2012-10-09 12:42:00.723149+00:00,40.0,0.07,0.17,1158.054879939117,12.643328283040262,-150.68110456418216,32,4
2012-10-09 12:43:00.723149+00:00,40.0,0.07,0.17,1126.800473307636,12.592924898749574,-150.7819113327635,30,4
2012-10-13 09:41:00.725367+00:00,40.0,0.07,0.17,1089.340518416823,13.952402295238889,-145.06367279450347,18,3
2012-10-13 09:42:00.725367+00:00,40.0,0.07,0.17,1089.340518416823,13.952402295238889,-145.06367279450347,18,2
2012-10-13 09:43:00.725367+00:00,40.0,0.07,0.17,1089.340518416823,13.952402295238889,-145.06367279450347,18,2
2012-10-13 09:52:00.725367+00:00,7.71,16.7,25.42,726.2679414554606,12.90592210082406,-147.15663318333316,11,4
2012-10-14 13:05:00.726318+00:00,40.0,0.07,0.17,631.1765773199754,11.830189780280463,-152.62393369471766,14,2
2012-10-14 13:25:00.726318+00:00,40.0,0.07,0.17,1676.6644308293874,13.791753417604893,-148.7008064200688,19,2
2012-10-14 13:27:00.726318+00:00,0.0,0.01,0.02,1840.050292866417,13.98737827753336,-148.30955670021189,23,3
2012-10-14 13:28:00.726318+00:00,0.0,0.01,0.02,1859.0473656460788,14.266336391173738,-147.75164047293111,27,5
2012-10-14 13:29:00.726318+00:00,0.0,0.01,0.02,2215.083879859948,14.504294095783418,-147.27572506371175,30,3
2012-10-14 13:30:00.726318+00:00,2.55,5.73,8.77,2265.6431027907565,14.67354539339776,-146.93722246848307,32,3
2012-10-14 13:31:00.726318+00:00,2.41,5.41,8.28,2761.023052133297,15.025485832101184,-146.23334159107625,34,2
2012-10-14 13:32:00.726318+00:00,2.41,5.41,8.28,2812.930470996599,15.117411759892942,-146.0494897354927,34,3
2012-10-14 13:33:00.726318+00:00,0.0,0.01,0.02,2879.4656421411537,15.220845376498296,-145.84262250228198,34,4
2012-10-14 13:34:00.726318+00:00,2.38,5.35,8.19,3014.674326003025,15.421559515527008,-145.44119422422455,33,4
2012-10-14 13:35:00.726318+00:00,0.0,0.01,0.02,3178.130110487127,15.490528711286812,-145.30325583270496,32,4
2012-10-14 13:36:00.726318+00:00,0.0,0.01,0.02,3093.463566482673,15.500608743894942,-145.2830957674887,33,3
2012-10-14 13:37:00.726318+00:00,40.0,40.0,0.17,3332.3943563107314,15.503108151433835,-145.27809695241092,34,3
2012-10-14 13:38:00.726318+00:00,5.16,11.37,17.36,3178.130110487127,15.47271061034191,-145.33889203459478,34,3
2012-10-14 13:39:00.726318+00:00,0.0,0.01,0.02,3054.068946242849,15.38354942875791,-145.5172143977628,32,3
2012-10-14 13:40:00.726318+00:00,0.0,0.01,0.02,3014.674326003025,15.332079441640465,-145.62015437199767,31,3
2012-10-14 13:41:00.726318+00:00,5.27,11.61,17.71,2349.063103150275,15.057822403675509,-146.1686684479276,31,3
2012-10-14 13:42:00.726318+00:00,0.0,0.01,0.02,2286.811959588458,14.993359141773569,-146.29759497173143,30,4
2012-10-14 13:43:00.726318+00:00,0.0,0.01,0.02,2121.6339117933776,14.869277232250871,-146.54575879077686,30,3
2012-10-14 13:44:00.726318+00:00,0.0,0.01,0.02,2084.661279133304,14.858651467080987,-146.56701032111664,27,3
2012-10-14 13:45:00.726318+00:00,5.25,11.57,17.66,1945.616359244034,14.493395163852272,-147.29752292757405,24,3
2012-10-14 13:46:00.726318+00:00,40.0,0.07,0.17,1904.0680204632504,14.136451810785369,-148.01140963370784,22,3
2012-10-15 19:35:00.726952+00:00,40.0,0.07,0.17,991.9137495390464,14.662497404713658,-146.3796590887074,25,3
2012-10-15 19:37:00.726952+00:00,40.0,0.07,0.17,1064.9138937042037,14.685608197675048,-146.33343750278462,25,3
2012-10-15 19:38:00.726952+00:00,40.0,0.07,0.17,1064.9138937042037,14.685608197675048,-146.33343750278462,25,3
2012-10-15 19:39:00.726952+00:00,40.0,0.07,0.17,1098.1317290368918,14.837366326246876,-146.02992124564096,27,4
2012-10-15 19:40:00.726952+00:00,40.0,0.07,0.17,1366.3346074255692,15.08901298348244,-145.52662793116983,24,3
2012-10-15 19:43:00.726952+00:00,0.7,1.59,2.44,1451.650882224369,15.211199638705915,-145.28225462072288,20,2
2012-10-15 19:46:00.726952+00:00,1.57,3.54,5.42,1248.4835148647776,15.120506753332537,-145.46364039146965,16,3
2012-10-15 19:47:00.726952+00:00,11.48,24.35,36.95,1152.407313408219,15.073246598180653,-145.5581607017734,17,2
2012-10-19 04:10:00.729171+00:00,9.59,20.54,31.2,1178.9142139095345,12.21800150591872,-147.31305171677326,14,3
2012-10-19 04:11:00.729171+00:00,5.81,12.75,19.45,1087.773854215681,11.791627142548071,-148.16580044351457,17,3
2012-10-19 04:12:00.729171+00:00,9.83,21.02,31.93,1032.940600589072,11.856653094481734,-148.03574853964724,20,2
2012-10-19 04:17:00.729171+00:00,10.02,21.41,32.51,875.2304975927748,11.423273827719983,-148.90250707317074,19,3
2012-10-19 04:18:00.729171+00:00,10.02,21.41,32.51,866.6565651556922,11.242368116738875,-149.26431849513295,21,4
2012-10-19 04:19:00.729171+00:00,10.01,21.38,32.47,821.9378932290851,11.148289566351629,-149.45247559590746,22,2
2012-10-19 04:31:00.729171+00:00,11.57,24.53,37.21,780.7103142383676,11.243013379191256,-149.2630279702282,21,3
2012-10-19 04:34:00.729171+00:00,12.69,26.77,40.0,836.0184778882068,11.828693928514989,-148.0916668715807,23,3
2012-10-19 04:35:00.729171+00:00,12.6,26.59,40.0,962.8388581382573,11.94407617533017,-147.86090237795037,24,4
2012-10-19 04:38:00.729171+00:00,4.54,10.07,15.38,987.7922177598056,11.94407617533017,-147.86090237795037,26,3
2012-10-19 04:39:00.729171+00:00,4.46,9.89,15.11,1006.1513782784084,11.964327957594769,-147.82039881342118,25,3
2012-10-19 04:43:00.729171+00:00,2.99,6.7,10.25,1673.497980427197,13.274942540705286,-145.1991696472001,28,3
2012-10-19 04:45:00.729171+00:00,3.22,7.2,11.01,2016.2097774884849,13.53520379681809,-144.6786471349745,29,4
2012-10-19 04:46:00.729171+00:00,3.66,8.16,12.47,2509.096181387852,13.583474286535228,-144.58210615554026,30,3
2012-10-19 04:47:00.729171+00:00,3.51,7.83,11.97,2907.1042669571093,13.866915093924412,-144.0152245407619,30,3
2012-10-19 04:48:00.729171+00:00,3.51,7.83,11.97,2907.1042669571093,13.866915093924412,-144.0152245407619,30,3
2012-10-19 04:49:00.729171+00:00,3.53,7.87,12.04,2885.257607731759,13.680260912014765,-144.38853290458118,32,4
2012-10-19 04:50:00.729171+00:00,3.38,7.54,11.53,2907.1042669571093,13.866915093924412,-144.0152245407619,30,3
2012-10-19 04:51:00.729171+00:00,7.82,16.92,25.75,2881.547133953469,13.678737305896693,-144.39158011681732,27,3
2012-10-19 04:52:00.729171+00:00,7.89,17.07,25.98,2353.133454862691,13.544304996584618,-144.66044473544147,28,3
2012-10-19 04:57:00.729171+00:00,21.8,40.0,40.0,1178.2911173518305,12.206298744205908,-147.3364572401989,28,3
2012-10-19 04:58:00.729171+00:00,21.67,40.0,40.0,1195.42339040363,12.341561578683551,-147.0659315712436,27,3
2012-10-19 04:59:00.729171+00:00,9.03,19.39,29.47,2085.033478182544,13.232945194082117,-145.2831643404465,27,3
2012-10-19 05:01:00.729171+00:00,8.42,18.16,27.63,2774.097713221174,13.75336935511563,-144.24231601837943,30,4
2012-10-19 05:02:00.729171+00:00,8.44,18.2,27.67,2925.399016032399,13.931289883470216,-143.88647496167027,30,3
2012-10-19 05:03:00.729171+00:00,12.62,26.62,40.0,3053.0454515769848,14.032482697871238,-143.6840893328682,31,2
2012-10-19 05:04:00.729171+00:00,8.27,17.85,27.16,3443.116347235999,14.524821957333955,-142.6994108139428,31,3
2012-10-19 05:05:00.729171+00:00,7.79,16.86,25.66,4098.121471833521,15.051364709705492,-141.6463253091997,31,3
2012-10-19 05:06:00.729171+00:00,7.83,16.95,25.8,4382.787291727114,15.337252836920692,-141.0745490547693,31,3
2012-10-19 05:07:00.729171+00:00,7.65,16.58,25.23,4641.65649102625,15.53906464188418,-140.67092544484234,32,4
2012-10-19 05:08:00.729171+00:00,7.59,16.45,25.05,5370.532262540298,15.61851653355205,-140.5120216615066,32,3
2012-10-19 05:09:00.729171+00:00,7.08,15.4,23.45,5148.627794860437,15.61851653355205,-140.5120216615066,32,4
2012-10-19 05:10:00.729171+00:00,7.14,15.52,23.64,5148.627794860437,15.600902865875762,-140.54724899685917,32,3
2012-10-19 05:11:00.729171+00:00,7.06,15.37,23.41,4291.486695614496,15.49940593853112,-140.75024285154848,33,4
2012-10-19 05:12:00.729171+00:00,7.06,15.37,23.41,4363.912063250584,15.542812245180842,-140.66343023824902,32,2
2012-10-19 05:13:00.729171+00:00,6.81,14.84,22.61,4706.195891278192,15.723312285766667,-140.30243015707737,32,4
2012-10-19 05:14:00.729171+00:00,3.81,8.47,12.95,4291.486695614496,15.49940593853112,-140.75024285154848,31,2
2012-10-19 05:15:00.729171+00:00,5.01,11.07,16.9,4436.337430886672,15.49940593853112,-140.75024285154848,31,3
2012-10-19 05:16:00.729171+00:00,3.62,8.08,12.35,3979.3098904183935,15.287546453242228,-141.17396182212624,32,3
2012-10-19 05:17:00.729171+00:00,30.87,40.0,40.0,3435.145081777915,14.9866647101411,-141.7757253083285,31,4
2012-10-19 05:18:00.729171+00:00,30.33,40.0,40.0,3160.971451972145,14.818530647847714,-142.11199343291528,31,3
2012-10-19 05:19:00.729171+00:00,24.51,40.0,40.0,3021.8067843158133,14.80683268442416,-142.13538935976237,31,2
2012-10-19 05:20:00.729171+00:00,25.71,40.0,40.0,2883.396960362058,14.616168895128258,-142.5167169383542,32,4
2012-10-19 05:21:00.729171+00:00,21.24,40.0,40.0,3160.971451972145,14.5770422648417,-142.5949701989273,31,3
2012-10-19 05:22:00.729171+00:00,19.69,40.0,40.0,3160.971451972145,14.533147587896847,-142.682759552817,31,3
2012-10-19 05:23:00.729171+00:00,20.91,40.0,40.0,2477.1613810708704,14.355118290799313,-143.03881814701208,30,3
2012-10-19 05:24:00.729171+00:00,6.75,14.71,22.42,2744.9871364083024,14.361176220426277,-143.02670228775816,31,3
2012-10-19 05:25:00.729171+00:00,10.28,21.93,33.3,2209.3356257334385,14.349060361172343,-143.050934006266,29,3
2012-10-19 05:26:00.729171+00:00,9.89,21.15,32.12,2209.3356257334385,14.347377299952475,-143.05430012870576,27,3
2012-10-19 05:27:00.729171+00:00,9.89,21.15,32.12,2185.830136993414,14.27345518944185,-143.202144349727,26,3
2012-10-19 05:28:00.729171+00:00,9.92,21.21,32.22,2162.324648253389,14.115071139192658,-143.5189124502254,25,4
2012-10-19 05:30:00.729171+00:00,16.99,35.33,40.0,2061.811382585224,13.431889691277606,-144.8852753460555,25,2
2012-10-19 05:32:00.729171+00:00,3.06,6.84,10.46,2001.6528871584076,13.230283938586805,-145.28848685143709,26,2
2012-10-19 05:33:00.729171+00:00,4.44,9.85,15.05,2061.811382585224,13.266666097948928,-145.21572253271285,25,3
2012-10-19 05:34:00.729171+00:00,4.71,10.42,15.91,2061.811382585224,13.231950352846424,-145.28515402291785,23,2
2012-10-19 05:35:00.729171+00:00,5.61,12.33,18.81,2114.9552932109186,13.231950352846424,-145.28515402291785,25,4
2012-10-19 05:36:00.729171+00:00,5.78,12.69,19.35,2133.167915097062,13.212926066035552,-145.3232025965396,26,4
2012-10-19 05:37:00.729171+00:00,5.67,12.46,19.01,1941.494391731591,13.170348221367709,-145.4083582858753,27,2
2012-10-19 05:39:00.729171+00:00,5.61,12.33,18.81,2028.2248424712548,13.10109611442268,-145.54686249976533,26,2
2012-10-19 05:40:00.729171+00:00,5.69,12.49,19.06,1795.0779601012405,13.06008611179166,-145.62888250502738,26,4
2012-10-19 05:41:00.729171+00:00,5.35,11.77,17.96,1769.3211739047274,13.041035406128024,-145.66698391635467,23,2
2012-10-19 05:42:00.729171+00:00,12.11,25.62,38.84,1712.6066326836085,12.832707588276726,-146.08363955205726,21,4
2012-10-19 05:44:00.729171+00:00,11.62,24.63,37.36,1702.3385471199806,12.662871788426536,-146.42331115175762,23,3
2012-10-19 05:45:00.729171+00:00,15.25,31.87,40.0,1320.619214649153,12.590665399776793,-146.5677239290571,21,3
2012-10-19 05:48:00.729171+00:00,15.22,31.82,40.0,994.9483646952316,11.898277016425208,-147.95250069576028,16,3
2012-10-19 05:53:00.729171+00:00,0.0,0.01,0.02,792.9328396989645,11.3390788413014,-149.07089704600793,14,2
2012-10-20 14:11:00.720122+00:00,40.0,0.07,0.17,745.4974258252727,12.036121589213536,-150.08896725753863,21,4
2012-10-20 14:15:00.720122+00:00,40.0,0.07,0.17,1150.2928172514282,12.835315832065106,-148.4905787718355,31,3
2012-10-20 14:16:00.720122+00:00,40.0,0.07,0.17,1693.7461908754867,13.6014764401609,-146.9582575556439,30,3
2012-10-20 14:17:00.720122+00:00,40.0,0.07,0.17,1790.8685181350666,13.70931904743502,-146.74257234109564,30,3
2012-10-20 14:18:00.720122+00:00,40.0,0.07,0.17,1807.11179483676,13.737064602816348,-146.68708123033298,30,3
2012-10-20 14:19:00.720122+00:00,40.0,0.07,0.17,1807.11179483676,13.754866673821471,-146.65147708832274,30,3
2012-10-20 14:20:00.720122+00:00,40.0,0.07,0.17,1833.02994469068,13.864767566565067,-146.43167530283557,30,3
2012-10-20 14:21:00.720122+00:00,40.0,0.07,0.17,1807.5112192645215,13.932591025867543,-146.29602838423062,31,2
2012-10-20 14:22:00.720122+00:00,40.0,0.07,0.17,1877.95546612343,13.969543639213438,-146.22212315753882,30,4
2012-10-20 14:23:00.720122+00:00,40.0,0.07,0.17,1919.9169202439032,14.11113952742356,-145.93893138111855,30,2
2012-10-20 14:24:00.720122+00:00,40.0,0.07,0.17,1919.9169202439032,14.230615853564451,-145.6999787288368,30,3
2012-10-20 14:25:00.720122+00:00,24.47,40.0,40.0,1858.5486701168384,14.150696127213203,-145.85981818153928,31,4
2012-10-20 14:26:00.720122+00:00,11.95,25.3,38.36,1858.5486701168384,14.148278971979735,-145.86465249200623,31,3
2012-10-20 14:27:00.720122+00:00,12.08,25.55,38.73,1772.0970009494183,14.148278971979735,-145.86465249200623,31,3
2012-10-20 14:28:00.720122+00:00,12.2,25.79,39.11,1755.817584302653,14.148278971979735,-145.86465249200623,31,3
2012-10-20 14:29:00.720122+00:00,0.0,0.01,0.02,1836.8997489813803,14.356953759224131,-145.44730291751745,31,3
2012-10-20 14:30:00.720122+00:00,40.0,40.0,0.17,2023.5031541784065,14.521957532978618,-145.11729537000846,31,3
2012-10-20 14:31:00.720122+00:00,40.0,40.0,0.17,2216.515214183816,14.713197834726817,-144.73481476651207,30,3
2012-10-20 14:34:00.720122+00:00,40.0,0.07,0.17,2023.5031541784065,14.545850868207983,-145.06950869954974,31,4
2012-10-20 14:35:00.720122+00:00,40.0,0.07,0.17,1923.8522981890949,14.38037598735172,-145.40045846126225,32,3
2012-10-20 14:36:00.720122+00:00,40.0,0.07,0.17,1781.1945682672751,14.38037598735172,-145.40045846126225,30,3
2012-10-20 14:37:00.720122+00:00,40.0,0.07,0.17,1790.292135585132,14.267861037381731,-145.62548836120223,29,3
2012-10-20 14:38:00.720122+00:00,40.0,0.07,0.17,1846.5332775736888,14.406855952794858,-145.347498530376,28,3
2012-10-20 14:39:00.720122+00:00,40.0,0.07,0.17,1666.0197611715307,14.261191602910628,-145.63882723014444,26,4
2012-10-20 14:40:00.720122+00:00,40.0,0.07,0.17,1447.6243169637933,13.96650140974575,-146.2282076164742,24,3
