time,range_D_MP1,range_MP1_MP2,range_MP2_MP3,auto_max,auto_snr,auto_amp,auto_count,n_calls
2012-02-03 04:05:00.761378+00:00,9.0,18.87,28.56,612.3235050118858,2.323357408991483,-130.44848480146806,2,2
2012-02-03 04:21:00.761305+00:00,0.0,0.02,0.0,691.1715457571833,3.17160464364574,-128.75199033215952,5,2
2012-02-03 04:22:00.761301+00:00,0.0,0.02,0.0,691.1715457571833,3.17160464364574,-128.75199033215952,5,3
2012-02-03 04:33:00.761250+00:00,5.57,11.98,18.21,731.8510069902954,12.432228047441454,-110.23074352456808,10,3
2012-02-03 04:34:00.761246+00:00,9.4,19.66,29.75,710.7868690666008,12.776996675684009,-109.54120626808296,13,3
2012-02-03 04:35:00.761241+00:00,9.68,20.23,30.6,676.9902817762558,13.356053185260002,-108.38309324893099,16,1
2012-02-03 04:42:00.761209+00:00,5.71,12.26,18.63,758.0357187161569,12.65743178270186,-109.78033605404728,34,1
2012-02-03 04:43:00.761204+00:00,5.71,12.26,18.63,754.2172858301651,12.786802225267007,-109.52159516891695,32,3
2012-02-03 04:44:00.761200+00:00,5.68,12.2,18.53,719.235820412471,12.874978465595676,-109.34524268825965,30,3
2012-02-03 04:45:00.761195+00:00,5.69,12.23,18.58,745.7347966687889,13.062158127856874,-108.97088336373724,31,3
2012-02-03 04:46:00.761191+00:00,5.71,12.26,18.63,751.4385807641354,13.14806380211216,-108.79907201522668,33,3
2012-02-03 04:47:00.761186+00:00,5.71,12.26,18.63,811.3856482602284,13.164495996550231,-108.76620762635055,36,3
2012-02-03 04:48:00.761182+00:00,5.71,12.26,18.63,759.1377398863024,13.213381436874915,-108.66843674570116,38,3
2012-02-03 04:49:00.761177+00:00,5.71,12.26,18.63,759.1377398863024,13.213381436874915,-108.66843674570116,38,3
2012-02-03 04:50:00.761172+00:00,5.71,12.26,18.63,745.7347966687889,13.173651929078105,-108.7478957612948,41,3
2012-02-03 04:51:00.761168+00:00,5.72,12.29,18.67,745.7347966687889,13.173651929078105,-108.7478957612948,41,2
2012-02-03 04:54:00.761154+00:00,5.72,12.29,18.67,855.9343975119881,13.14806380211216,-108.79907201522668,35,2
2012-02-03 04:55:00.761150+00:00,5.72,12.29,18.67,915.1200131520038,13.020710134214086,-109.05377935102284,32,3
2012-02-03 04:56:00.761145+00:00,5.74,12.32,18.72,928.3738216096017,12.979262140571294,-109.13667533830841,29,3
2012-02-03 04:57:00.761140+00:00,5.74,12.32,18.72,941.164489556592,13.105110964984515,-108.88497768948194,26,3
2012-02-03 04:59:00.761131+00:00,9.34,19.54,29.57,731.4063474024483,13.30570365126297,-108.48379231692505,24,2
2012-02-03 05:00:00.761127+00:00,9.36,19.58,29.63,670.6568180119835,13.373450989531973,-108.34829764038705,22,1
2012-02-03 05:08:00.761090+00:00,5.71,12.26,18.63,1016.8228315281932,12.407118946185706,-110.2809617270796,27,3
2012-02-03 05:09:00.761085+00:00,4.64,10.06,15.32,1150.385473014099,12.195071220316914,-110.70505717881716,30,1
2012-02-03 05:10:00.761081+00:00,4.34,9.45,14.39,1324.7410664658894,12.007063299573273,-111.08107302030443,30,2
2012-02-03 05:11:00.761076+00:00,7.23,15.33,23.25,1510.4156853253405,11.867360572655034,-111.36047847414093,33,2
2012-02-03 05:12:00.761072+00:00,7.66,16.19,24.54,1921.6585031664813,11.838626200348209,-111.41794721875458,36,1
2012-02-03 05:13:00.761067+00:00,7.78,16.43,24.91,2197.1235124524533,11.829073555253615,-111.43705250894376,39,2
2012-02-03 05:14:00.761063+00:00,7.71,16.29,24.7,2493.387162890021,11.822101410604102,-111.45099679824278,42,2
2012-02-03 05:15:00.761058+00:00,7.55,15.98,24.23,2592.008227153073,11.848178845442801,-111.3988419285654,45,3
2012-02-03 05:16:00.761053+00:00,7.52,15.91,24.12,2577.388730025318,11.929201876880253,-111.23679586569048,48,3
2012-02-03 05:17:00.761049+00:00,7.54,15.95,24.18,2504.4836838068272,12.023083418041074,-111.04903278336883,51,3
2012-02-03 05:18:00.761044+00:00,7.54,15.95,24.18,2493.387162890021,12.091046537629847,-110.91310654419131,52,3
2012-02-03 05:19:00.761040+00:00,7.54,15.95,24.18,2504.4836838068272,12.023083418041074,-111.04903278336883,51,3
2012-02-03 05:20:00.761035+00:00,7.54,15.95,24.18,2504.4836838068272,12.023083418041074,-111.04903278336883,51,3
2012-02-03 05:21:00.761031+00:00,7.54,15.95,24.18,2562.7692328975627,11.991043181105473,-111.11311325724004,49,3
2012-02-03 05:22:00.761026+00:00,7.54,15.95,24.18,2562.7692328975627,11.991043181105473,-111.11311325724004,49,3
2012-02-03 05:23:00.761021+00:00,7.54,15.95,24.18,2592.008227153073,11.991043181105473,-111.11311325724004,47,3
2012-02-03 05:24:00.761017+00:00,7.54,15.95,24.18,2621.3999319511418,11.991043181105473,-111.11311325724004,45,3
2012-02-03 05:25:00.761012+00:00,7.54,15.95,24.18,2669.843635490258,12.159009657218618,-110.77718030501373,43,3
2012-02-03 05:26:00.761008+00:00,7.55,15.98,24.23,2722.544592614965,12.23113278341521,-110.63293405262057,41,3
2012-02-03 05:27:00.761003+00:00,7.55,15.98,24.23,2759.082019118534,12.928889235344512,-109.23742114876195,40,3
2012-02-03 05:28:00.760998+00:00,7.52,15.91,24.12,2577.388730025318,14.70276196584322,-105.68967568776456,40,3
2012-02-03 05:29:00.760994+00:00,7.49,15.84,24.02,2504.4836838068272,15.774149763452428,-103.54690009254612,39,1
2012-02-03 05:30:00.760989+00:00,7.47,15.81,23.97,2493.387162890021,15.396476460667813,-104.30224669811537,40,1
2012-02-03 05:34:00.760971+00:00,7.42,15.71,23.81,2327.4763142005936,15.018803157883196,-105.0575933036846,39,1
2012-02-03 05:35:00.760966+00:00,7.4,15.67,23.76,1701.316535071609,12.928889235344512,-109.23742114876195,38,1
2012-02-03 05:36:00.760962+00:00,7.33,15.53,23.56,1671.5955637749548,12.46833929813502,-110.15852102318094,35,1
2012-02-03 05:37:00.760957+00:00,7.2,15.26,23.15,1640.3379912745536,12.318739147126546,-110.45772132519791,33,2
2012-02-03 05:38:00.760953+00:00,7.2,15.26,23.15,2327.4763142005936,8.464663559362137,-118.1658725007267,33,3
2012-02-03 05:39:00.760948+00:00,7.21,15.3,23.2,2369.183969471009,8.464663559362137,-118.1658725007267,35,3
2012-02-03 05:40:00.760944+00:00,7.23,15.33,23.25,2697.240723150955,8.464663559362137,-118.1658725007267,37,3
2012-02-03 05:41:00.760939+00:00,7.25,15.36,23.3,2726.0047398637353,7.852629070334049,-119.38994147878289,39,4
2012-02-03 05:42:00.760934+00:00,7.25,15.36,23.3,2726.0047398637353,6.929415754322821,-121.23636811080536,43,3
2012-02-03 05:43:00.760930+00:00,7.21,15.3,23.2,2733.5652013980452,6.974101003563086,-121.1469976123248,46,3
2012-02-03 05:44:00.760925+00:00,7.15,15.16,23.0,2697.240723150955,7.852629070334049,-119.38994147878289,49,2
2012-02-03 05:47:00.760912+00:00,7.06,14.99,22.75,2733.5652013980452,6.974101003563086,-121.1469976123248,46,2
2012-02-03 05:48:00.760907+00:00,7.25,15.36,23.3,2741.125662932355,6.929415754322821,-121.23636811080536,45,4
2012-02-03 05:49:00.760902+00:00,7.45,15.77,23.92,2876.0029261040086,6.929415754322821,-121.23636811080536,47,3
2012-02-03 05:50:00.760898+00:00,7.9,16.68,25.28,2881.338990363411,6.974101003563086,-121.1469976123248,46,3
2012-02-03 05:51:00.760893+00:00,8.47,17.81,26.97,2882.912688271025,7.173338404837171,-120.74852280977665,45,3
2012-02-03 05:52:00.760889+00:00,8.36,17.58,26.64,2882.912688271025,7.398982531638608,-120.29723455617378,45,3
2012-02-03 05:53:00.760884+00:00,8.43,17.73,26.86,2964.4191311995332,8.264391208584017,-118.56641720228295,45,3
2012-02-03 05:54:00.760879+00:00,8.43,17.73,26.86,3044.564009489172,7.831686870111313,-119.43182587922837,46,2
2012-02-03 05:57:00.760866+00:00,8.3,17.47,26.47,2882.912688271025,7.398982531638608,-120.29723455617378,51,2
2012-02-03 05:58:00.760861+00:00,8.32,17.51,26.53,2879.7652924557965,7.318490969120791,-120.45821768120943,51,3
2012-02-03 05:59:00.760857+00:00,8.28,17.44,26.42,2588.557462177147,7.318490969120791,-120.45821768120943,51,3
2012-02-03 06:00:00.760852+00:00,8.23,17.33,26.25,2141.924803654918,7.318490969120791,-120.45821768120943,51,3
2012-02-03 06:01:00.760847+00:00,8.25,17.36,26.31,1862.473720991944,8.264391208584017,-118.56641720228295,51,3
2012-02-03 06:02:00.760843+00:00,8.21,17.29,26.2,1814.45436105422,9.25373025128228,-116.58773911688641,48,3
2012-02-03 06:03:00.760838+00:00,8.23,17.33,26.25,1670.7564424553009,9.50095587742614,-116.0932878645987,46,3
2012-02-03 06:04:00.760834+00:00,8.23,17.33,26.25,1670.7564424553009,9.957726499245425,-115.17974662096012,46,2
2012-02-03 06:05:00.760829+00:00,8.23,17.33,26.25,1518.468840825789,9.499733547470171,-116.09573252451064,49,3
2012-02-03 06:06:00.760825+00:00,8.23,17.33,26.25,1453.3790112373886,8.443889031092915,-118.20742155726515,52,3
2012-02-03 06:07:00.760820+00:00,8.23,17.33,26.25,1518.468840825789,7.5557316054786225,-119.98373640849373,53,2
2012-02-03 06:08:00.760815+00:00,8.23,17.33,26.25,1550.8161308685198,7.477357068558615,-120.14048548233377,54,3
2012-02-03 06:09:00.760811+00:00,8.26,17.4,26.36,1427.2877234026087,11.406764475220735,-112.28167066900951,53,3
2012-02-03 06:10:00.760806+00:00,8.32,17.51,26.53,1317.6138629395753,11.891621761169214,-111.31195609711256,53,3
2012-02-03 06:11:00.760802+00:00,7.99,16.86,25.55,1230.071620267148,11.820625010711789,-111.4539495980274,53,3
2012-02-03 06:13:00.760792+00:00,7.68,16.22,24.59,1055.5258561302412,11.40795366931303,-112.2792922808249,49,3
2012-02-03 06:14:00.760788+00:00,7.66,16.19,24.54,1013.5445509218307,12.173540520585355,-110.74811857828028,47,3
2012-02-03 06:15:00.760783+00:00,7.49,15.84,24.02,1020.5105893725544,12.685217895008154,-109.72476382943468,48,2
2012-02-03 06:16:00.760779+00:00,7.11,15.1,22.9,979.2253193905184,12.685217895008154,-109.72476382943468,46,3
2012-02-03 06:17:00.760774+00:00,6.57,14.01,21.26,956.8494231043053,12.988281334831038,-109.11863694978891,43,3
2012-02-03 06:18:00.760770+00:00,6.35,13.55,20.58,925.3349084504163,13.336468851061714,-108.42226191732756,40,2
2012-02-03 06:19:00.760765+00:00,6.29,13.43,20.39,903.1112242900892,13.191709110943412,-108.71178139756417,37,3
2012-02-03 06:20:00.760760+00:00,6.14,13.14,19.96,925.3349084504163,13.22385050488272,-108.64749860968556,36,3
2012-02-03 06:21:00.760756+00:00,6.14,13.14,19.96,963.4639031086333,13.22385050488272,-108.64749860968556,36,2
2012-02-03 06:22:00.760751+00:00,6.18,13.2,20.05,1000.9584032949533,13.36861024500102,-108.35797912944895,38,1
2012-02-03 06:24:00.760742+00:00,6.21,13.27,20.15,1235.3499599861975,13.082774283422893,-108.92965105260521,40,2
2012-02-03 06:25:00.760738+00:00,6.1,13.04,19.81,1240.628299705247,13.177267232014744,-108.74066515542152,39,3
2012-02-03 06:29:00.760719+00:00,4.55,9.88,15.04,1261.640570920602,13.177267232014744,-108.74066515542152,39,1
2012-02-03 06:30:00.760715+00:00,4.55,9.88,15.04,1324.5523718462393,12.988281334831038,-109.11863694978891,39,2
2012-02-03 06:31:00.760710+00:00,4.53,9.85,14.99,1352.2136983396456,12.953308922769365,-109.18858177391226,40,3
2012-02-03 06:32:00.760706+00:00,4.55,9.88,15.04,1338.2859052450488,12.918336510707693,-109.2585265980356,41,3
2012-02-03 06:33:00.760701+00:00,4.55,9.88,15.04,1320.0214070239306,12.622658997320919,-109.84988162480913,44,3
2012-02-03 06:34:00.760696+00:00,4.55,9.88,15.04,1324.5523718462393,12.413753632642806,-110.26769235416538,43,3
2012-02-03 06:35:00.760692+00:00,4.53,9.85,14.99,1331.419138545644,12.622658997320919,-109.84988162480913,42,3
2012-02-03 06:36:00.760687+00:00,4.53,9.85,14.99,1350.2238282489718,12.995541204614105,-109.10411721022275,44,2
2012-02-03 06:37:00.760683+00:00,4.53,9.85,14.99,1324.5523718462393,13.072745898520525,-108.94970782240995,47,3
2012-02-03 06:38:00.760678+00:00,4.53,9.85,14.99,1307.8506869542591,12.874950436353364,-109.34529874674423,50,3
2012-02-03 06:39:00.760673+00:00,4.53,9.85,14.99,1300.2109317068964,12.918336510707693,-109.2585265980356,51,3
2012-02-03 06:40:00.760669+00:00,4.53,9.85,14.99,1261.640570920602,12.831564361999035,-109.43207089545292,51,3
2012-02-03 06:41:00.760664+00:00,4.53,9.85,14.99,1261.640570920602,12.831564361999035,-109.43207089545292,51,3
2012-02-03 06:42:00.760660+00:00,4.53,9.85,14.99,1235.2895101710494,12.796836782835864,-109.50152605377926,50,3
2012-02-03 06:43:00.760655+00:00,4.52,9.82,14.95,1235.2895101710494,12.796836782835864,-109.50152605377926,50,1
2012-02-03 06:44:00.760651+00:00,4.53,9.85,14.99,1245.7956457787272,13.412202048529998,-108.27079552239097,50,1
2012-02-03 06:45:00.760646+00:00,4.5,9.79,14.9,1315.4904422016216,13.751658198539474,-107.59188322237202,51,2
2012-02-03 06:46:00.760641+00:00,4.49,9.76,14.85,1362.1617512528946,13.850736629199725,-107.39372636105152,51,3
2012-02-03 06:47:00.760637+00:00,8.03,16.93,25.65,1397.0004766908587,13.879652786122653,-107.3358940472057,51,3
2012-02-03 06:48:00.760632+00:00,7.87,16.61,25.17,1459.7337715201277,13.841990229245141,-107.41121916096071,50,3
2012-02-03 06:50:00.760623+00:00,7.9,16.68,25.28,1398.8417082977228,13.792451013915016,-107.51029759162094,50,3
2012-02-03 06:51:00.760619+00:00,7.92,16.72,25.33,1388.124714791993,13.855994369086535,-107.38321088127792,48,3
2012-02-03 06:52:00.760614+00:00,7.92,16.72,25.33,1388.124714791993,13.855994369086535,-107.38321088127792,48,3
2012-02-03 06:53:00.760609+00:00,7.92,16.72,25.33,1456.9499787099878,13.885488112114723,-107.32422339522154,45,3
2012-02-03 06:54:00.760605+00:00,7.92,16.72,25.33,1428.8164593072877,13.882116510498614,-107.33096659845377,46,3
2012-02-03 06:55:00.760600+00:00,7.92,16.72,25.33,1400.6829399045869,13.751658198539474,-107.59188322237202,47,2
2012-02-03 06:56:00.760596+00:00,7.92,16.72,25.33,1388.124714791993,13.625579659501302,-107.84404030044836,46,3
2012-02-03 06:57:00.760591+00:00,7.9,16.68,25.28,1428.8164593072877,12.592679102082567,-109.90984141528584,44,3
2012-02-03 06:58:00.760586+00:00,7.89,16.65,25.23,1456.9499787099878,13.591710200966704,-107.91177921751756,43,3
2012-02-03 06:59:00.760582+00:00,7.89,16.65,25.23,1559.3010257859478,12.592679102082567,-109.90984141528584,42,3
2012-02-03 07:01:00.760573+00:00,7.89,16.65,25.23,1770.3305388329873,11.037974593571118,-113.01925043230877,37,2
2012-02-03 07:02:00.760568+00:00,7.89,16.65,25.23,1770.3305388329873,10.617085047310118,-113.86102952483074,35,2
2012-02-03 07:04:00.760559+00:00,7.89,16.65,25.23,1336.6342563764888,10.381151552075977,-114.33289651529905,33,2
2012-02-03 07:05:00.760554+00:00,7.87,16.61,25.17,1336.6342563764888,10.381151552075977,-114.33289651529905,33,3
2012-02-03 07:06:00.760550+00:00,7.76,16.4,24.86,1336.6342563764888,9.81913083048442,-115.45693795848213,33,1
2012-02-03 07:07:00.760545+00:00,7.8,16.47,24.96,1336.6342563764888,8.582105674054674,-117.93098827134165,33,2
2012-02-03 07:08:00.760541+00:00,7.85,16.57,25.12,1356.100373027944,8.802499606598573,-117.49020040625385,34,1
2012-02-03 07:13:00.760518+00:00,8.21,17.29,26.2,1813.0069185552536,10.159917878192292,-114.77536386306643,38,3
2012-02-03 07:14:00.760513+00:00,8.64,18.14,27.47,2242.447243896307,9.889708583625008,-115.31578245220099,40,3
2012-02-03 07:15:00.760509+00:00,8.69,18.26,27.64,2464.909244297683,10.159917878192292,-114.77536386306643,40,2
2012-02-03 07:16:00.760504+00:00,8.69,18.26,27.64,2620.315689445848,10.471788018962645,-114.15162358152571,41,3
2012-02-03 07:17:00.760500+00:00,8.67,18.22,27.59,2669.198701128819,10.625592111323252,-113.84401539680448,42,3
2012-02-03 07:18:00.760495+00:00,8.69,18.26,27.64,2644.427513366081,10.73804847162765,-113.6191026761957,43,3
2012-02-03 07:19:00.760490+00:00,8.69,18.26,27.64,2632.371601405965,10.837292674801118,-113.42061426984877,44,3
2012-02-03 07:20:00.760486+00:00,8.69,18.26,27.64,2632.371601405965,10.837292674801118,-113.42061426984877,44,3
2012-02-03 07:21:00.760481+00:00,8.69,18.26,27.64,2632.371601405965,10.837292674801118,-113.42061426984877,44,2
2012-02-03 07:22:00.760477+00:00,8.69,18.26,27.64,2632.371601405965,10.837292674801118,-113.42061426984877,44,3
2012-02-03 07:23:00.760472+00:00,8.69,18.26,27.64,2644.427513366081,10.513135751018853,-114.06892811741328,43,3
2012-02-03 07:24:00.760467+00:00,8.71,18.29,27.7,2693.9698888915564,10.471788018962645,-114.15162358152571,41,3
2012-02-03 07:25:00.760463+00:00,8.73,18.33,27.76,2801.198742848317,9.960286336765591,-115.1746269459198,39,2
2012-02-03 07:26:00.760458+00:00,8.77,18.41,27.87,2693.9698888915564,10.73804847162765,-113.6191026761957,37,3
2012-02-03 07:27:00.760454+00:00,8.79,18.45,27.93,2512.850676825668,10.936536877974579,-113.22212586350183,35,3
2012-02-03 07:28:00.760449+00:00,8.81,18.48,27.99,2635.4843200539644,10.448411607370089,-114.19837640471079,32,2
2012-02-03 07:33:00.760426+00:00,8.73,18.33,27.76,3983.821980199521,10.936536877974579,-113.22212586350183,19,1
2012-02-03 07:35:00.760417+00:00,8.56,17.99,27.25,2083.6145228285404,15.468939463339035,-104.15732069277293,13,1
2012-02-03 07:36:00.760413+00:00,8.37,17.62,26.69,1127.005147044996,9.921384527954336,-115.25243056354229,11,2
2012-02-03 07:46:00.760367+00:00,1.75,3.91,5.98,1394.6239310118049,15.47060150615216,-104.15399660714668,18,3
2012-02-03 07:47:00.760362+00:00,1.72,3.86,5.91,1301.5044791227665,15.427062380003045,-104.24107485944491,19,1
2012-02-03 07:49:00.760353+00:00,1.72,3.86,5.91,1136.1292027691627,14.68109757026534,-105.73300447892031,25,1
2012-02-03 07:52:00.760339+00:00,1.72,3.86,5.91,1135.3585992373896,14.676337560314439,-105.74252449882209,27,2
2012-02-03 07:53:00.760335+00:00,1.72,3.86,5.91,1127.005147044996,14.546511759929741,-106.00217609959152,29,3
2012-02-03 07:54:00.760330+00:00,1.72,3.86,5.91,1127.005147044996,14.546511759929741,-106.00217609959152,29,3
2012-02-03 07:55:00.760326+00:00,1.72,3.86,5.91,1127.005147044996,14.546511759929741,-106.00217609959152,29,2
2012-02-03 07:56:00.760321+00:00,1.72,3.86,5.91,1107.6627761847203,14.61142466012209,-105.87235029920679,28,3
2012-02-03 07:57:00.760316+00:00,1.72,3.86,5.91,1079.9669531320508,14.676337560314439,-105.74252449882209,25,2
2012-02-03 07:58:00.760312+00:00,1.77,3.96,6.06,1079.9669531320508,14.676337560314439,-105.74252449882209,25,3
2012-02-03 07:59:00.760307+00:00,1.75,3.91,5.98,1107.6627761847203,14.61142466012209,-105.87235029920679,26,3
2012-02-03 08:00:00.760303+00:00,1.77,3.96,6.06,1135.3585992373896,14.676337560314439,-105.74252449882209,27,1
2012-02-03 08:02:00.760294+00:00,1.77,3.96,6.06,1028.0865614298464,14.61142466012209,-105.87235029920679,32,1
2012-02-03 08:03:00.760289+00:00,1.77,3.96,6.06,1079.9669531320508,14.322207104310598,-106.4507854108298,33,1
2012-02-03 08:09:00.760261+00:00,7.06,14.99,22.75,889.3035282500333,12.659922719185294,-109.7753541810804,30,2
2012-02-03 08:10:00.760257+00:00,7.08,15.03,22.8,976.2061697276417,12.53664956300043,-110.02190049345013,31,3
2012-02-03 08:11:00.760252+00:00,7.08,15.03,22.8,976.2061697276417,12.447952915503821,-110.19929378844336,33,3
2012-02-03 08:12:00.760248+00:00,7.06,14.99,22.75,976.2061697276417,12.447952915503821,-110.19929378844336,33,3
2012-02-03 08:13:00.760243+00:00,7.03,14.93,22.65,976.2061697276417,12.447952915503821,-110.19929378844336,33,2
2012-02-03 08:14:00.760239+00:00,7.03,14.93,22.65,1066.7941420618363,12.53664956300043,-110.02190049345013,35,3
2012-02-03 08:15:00.760234+00:00,6.54,13.94,21.16,1026.8733785591403,12.492301239252127,-110.11059714094674,38,3
2012-02-03 08:16:00.760229+00:00,5.88,12.6,19.15,1073.1391684875257,12.447952915503821,-110.19929378844336,41,3
2012-02-03 08:17:00.760225+00:00,5.85,12.54,19.05,1077.1160232740453,12.447952915503821,-110.19929378844336,43,2
2012-02-03 08:18:00.760220+00:00,5.85,12.54,19.05,1100.4624720385514,12.123384186769098,-110.8484312459128,46,1
2012-02-03 08:19:00.760216+00:00,5.91,12.67,19.24,1139.7708273517046,10.351185620894054,-114.39282837766287,48,3
2012-02-03 08:20:00.760211+00:00,5.86,12.57,19.1,1356.5072432266209,10.394606390679515,-114.30598683809194,49,2
2012-02-03 08:21:00.760207+00:00,5.83,12.51,19.01,1423.8750832795242,10.394606390679515,-114.30598683809194,49,1
2012-02-03 08:23:00.760197+00:00,5.85,12.54,19.05,1451.0967913962465,11.720041749956607,-111.65511611953778,48,3
2012-02-03 08:24:00.760193+00:00,5.83,12.51,19.01,1381.7159972131049,10.307764851108594,-114.47966991723379,47,3
2012-02-03 08:25:00.760188+00:00,5.68,12.2,18.53,1356.5072432266209,10.266006214459198,-114.56318719053259,45,3
2012-02-03 08:26:00.760184+00:00,3.89,8.51,12.97,1418.1171808063807,10.266006214459198,-114.56318719053259,41,2
2012-02-03 08:27:00.760179+00:00,5.62,12.07,18.35,1418.1171808063807,9.265461528557768,-116.56427656233544,41,3
2012-02-03 08:28:00.760175+00:00,5.57,11.98,18.21,1381.7159972131049,8.911271969161332,-117.27265568112831,43,2
2012-02-03 08:29:00.760170+00:00,5.57,11.98,18.21,1435.2147452748886,8.785663703312807,-117.52387221282538,43,3
2012-02-03 08:30:00.760165+00:00,5.57,11.98,18.21,1512.066841225015,8.785663703312807,-117.52387221282538,43,3
2012-02-03 08:31:00.760161+00:00,4.0,8.73,13.3,1529.5632255996827,8.483028549330516,-118.12914252078993,44,3
2012-02-03 08:32:00.760156+00:00,4.0,8.73,13.3,1571.5414858168035,8.483028549330516,-118.12914252078993,46,3
2012-02-03 08:33:00.760152+00:00,3.65,8.0,12.19,1605.8598859514584,8.785663703312807,-117.52387221282538,47,2
2012-02-03 08:34:00.760147+00:00,2.82,6.24,9.53,1649.2176947701275,8.194061898626117,-118.70707582219877,48,1
2012-02-03 08:36:00.760138+00:00,2.7,5.99,9.15,1681.1910617269514,6.846306728465699,-121.40258616251957,48,1
2012-02-03 08:37:00.760133+00:00,2.69,5.95,9.09,1691.5042841590464,6.880146409455885,-121.33490680053923,49,2
2012-02-03 08:38:00.760129+00:00,2.67,5.92,9.04,1691.5042841590464,8.133419128532314,-118.82836136238636,49,3
2012-02-03 08:39:00.760124+00:00,2.65,5.88,8.98,1681.1910617269514,8.295317035344093,-118.5045655487628,48,3
2012-02-03 08:40:00.760120+00:00,2.62,5.81,8.87,1670.877839294856,8.254704668719919,-118.58579028201116,47,3
2012-02-03 08:41:00.760115+00:00,2.6,5.77,8.81,1786.8721718594684,7.272226055767707,-120.55074750791559,47,2
2012-02-03 08:42:00.760110+00:00,2.58,5.73,8.75,1939.4777730117264,6.900408893433803,-121.29438183258337,48,3
2012-02-03 08:43:00.760106+00:00,2.58,5.73,8.75,2010.9353076642014,6.846306728465699,-121.40258616251957,48,3
2012-02-03 08:44:00.760101+00:00,2.58,5.73,8.75,2130.3266904554966,7.272226055767707,-120.55074750791559,49,2
2012-02-03 08:45:00.760097+00:00,2.58,5.73,8.75,2052.8170065769805,7.272226055767707,-120.55074750791559,51,3
2012-02-03 08:46:00.760092+00:00,10.3,21.45,32.44,2156.3650076675967,7.70282259215001,-119.68955443515095,54,3
2012-02-03 08:47:00.760088+00:00,10.34,21.54,32.57,2275.369635457434,8.16339536310517,-118.76840889324065,55,3
2012-02-03 08:48:00.760083+00:00,10.43,21.72,32.84,2460.9308323278283,8.461123464764302,-118.17295268992237,55,3
2012-02-03 08:49:00.760078+00:00,2.58,5.73,8.75,2460.9308323278283,8.628786027782109,-117.83762756388676,55,2
2012-02-03 08:50:00.760074+00:00,10.43,21.72,32.84,2460.9308323278283,8.641781473837082,-117.8116366717768,55,3
2012-02-03 08:51:00.760069+00:00,2.56,5.69,8.7,2499.274134607098,8.835440691286916,-117.42431823687716,52,3
2012-02-03 08:52:00.760065+00:00,2.56,5.69,8.7,2499.274134607098,8.835440691286916,-117.42431823687716,52,2
2012-02-03 08:53:00.760060+00:00,2.53,5.62,8.58,2476.011075375333,8.818730507384341,-117.45773860468229,51,3
2012-02-03 08:54:00.760055+00:00,2.48,5.5,8.4,2394.720320054469,9.152632479960603,-116.78993465952978,51,3
2012-02-03 08:55:00.760051+00:00,2.48,5.5,8.4,2394.720320054469,9.54866242320384,-115.99787477304329,51,3
2012-02-03 08:56:00.760046+00:00,2.53,5.62,8.58,2469.72874931246,10.680175214047017,-113.73484919135694,51,2
2012-02-03 08:57:00.760042+00:00,2.55,5.66,8.64,2499.274134607098,10.820477076651516,-113.45424546614794,50,3
2012-02-03 08:58:00.760037+00:00,4.4,9.57,14.57,2465.329790820144,9.955204596769754,-115.18479042591149,50,3
2012-02-03 08:59:00.760033+00:00,2.22,4.94,7.55,2460.9308323278283,9.718290008779164,-115.65861960189264,51,3
2012-02-03 09:00:00.760028+00:00,2.2,4.9,7.49,2469.72874931246,10.192119184760342,-114.7109612499303,51,1
2012-02-03 09:01:00.760023+00:00,2.22,4.94,7.55,2522.537193838862,10.192119184760342,-114.7109612499303,51,1
2012-02-03 09:02:00.760019+00:00,2.24,4.98,7.62,2538.1449262998763,10.491800733457618,-114.11159815253576,50,2
2012-02-03 09:03:00.760014+00:00,2.29,5.11,7.8,2542.921602475623,10.820477076651516,-113.45424546614794,50,3
2012-02-03 09:04:00.760010+00:00,2.29,5.11,7.8,2538.1449262998763,11.164120352786233,-112.76695891387851,50,3
2012-02-03 09:05:00.760005+00:00,2.29,5.11,7.8,2542.921602475623,11.333878478337116,-112.42744266277676,48,2
2012-02-03 09:06:00.760001+00:00,2.28,5.07,7.74,2540.31684908728,12.190785163561294,-110.71362929232842,45,3
2012-02-03 09:07:00.759996+00:00,2.28,5.07,7.74,2502.8508764124663,12.40975085653253,-110.27569790638591,42,3
2012-02-03 09:08:00.759991+00:00,2.28,5.07,7.74,2324.575130686328,12.48510025974188,-110.12499909996723,41,3
2012-02-03 09:09:00.759987+00:00,10.19,21.24,32.12,2219.519395248859,13.146359460134828,-108.8024806991813,42,2
2012-02-03 09:10:00.759982+00:00,10.19,21.24,32.12,2219.519395248859,14.324354172826645,-106.44649127379769,42,2
2012-02-03 09:11:00.759978+00:00,10.19,21.24,32.12,2184.6032475275383,14.574816888819734,-105.9455658418115,43,3
2012-02-03 09:12:00.759973+00:00,0.0,0.0,0.0,2184.6032475275383,14.574816888819734,-105.9455658418115,43,3
2012-02-03 09:13:00.759969+00:00,2.28,5.07,7.74,2108.252471677427,14.622418182176723,-105.85036325509752,44,3
2012-02-03 09:14:00.759964+00:00,10.3,21.45,32.44,2219.519395248859,13.832146820768447,-107.43090597791408,44,1
2012-02-03 09:17:00.759950+00:00,10.1,21.06,31.86,2219.519395248859,12.344068278905752,-110.40706306163948,44,1
2012-02-03 09:18:00.759946+00:00,10.17,21.19,32.05,2445.097366424099,12.607356478599325,-109.88048666225235,44,2
2012-02-03 09:19:00.759941+00:00,2.85,6.32,9.64,2591.526859111446,12.808098021047918,-109.47900357735514,43,4
2012-02-03 09:20:00.759936+00:00,2.87,6.35,9.7,2702.3655596750227,12.607356478599325,-109.88048666225235,44,1
2012-02-03 09:21:00.759932+00:00,2.82,6.24,9.53,2418.748095292519,12.42032277028353,-110.25455407888391,44,2
2012-02-03 09:22:00.759927+00:00,2.7,5.99,9.15,2292.222215021759,12.42032277028353,-110.25455407888391,44,2
2012-02-03 09:23:00.759923+00:00,2.85,6.32,9.64,2284.806502768017,12.177027148808081,-110.74114532183485,44,3
2012-02-03 09:24:00.759918+00:00,2.85,6.32,9.64,2284.806502768017,11.929976974796205,-111.23524566985857,44,3
2012-02-03 09:25:00.759914+00:00,2.85,6.32,9.64,2190.3380144573794,11.929976974796205,-111.23524566985857,46,3
2012-02-03 09:26:00.759909+00:00,2.8,6.21,9.48,2021.0092502818088,12.151017999546532,-110.79316362035792,49,3
2012-02-03 09:27:00.759904+00:00,2.8,6.21,9.48,1932.9845213026053,11.929976974796205,-111.23524566985857,52,3
2012-02-03 09:28:00.759900+00:00,2.8,6.21,9.48,1900.3377690432064,11.129514648651853,-112.83617032214727,53,2
2012-02-03 09:29:00.759895+00:00,2.82,6.24,9.53,1965.6312735620045,11.090534699387641,-112.91413022067572,51,3
2012-02-03 09:30:00.759891+00:00,2.82,6.24,9.53,2058.92441498365,10.899980884336722,-113.29523785077755,48,3
2012-02-03 09:31:00.759886+00:00,2.82,6.24,9.53,2096.839579685492,10.709427069285805,-113.67634548087936,47,2
2012-02-03 09:32:00.759882+00:00,1.86,4.15,6.35,2096.839579685492,10.709427069285805,-113.67634548087936,47,3
2012-02-03 09:33:00.759877+00:00,10.39,21.63,32.7,2283.836449229267,10.408125784096,-114.27894805125901,47,2
2012-02-03 09:34:00.759872+00:00,10.41,21.67,32.77,2213.085737893678,10.358009522235351,-114.37918057498028,47,3
2012-02-03 09:35:00.759868+00:00,1.63,3.66,5.59,2057.8482247662014,10.899980884336722,-113.29523785077755,46,3
2012-02-03 09:36:00.759863+00:00,8.9,18.67,28.27,1932.9845213026053,11.113012749883952,-112.86917411968308,44,2
2012-02-03 09:37:00.759859+00:00,8.94,18.75,28.39,1891.5869328611734,11.093522775251843,-112.9081540689473,42,3
2012-02-03 09:38:00.759854+00:00,6.6,14.07,21.36,1850.2461051787752,11.090534699387641,-112.91413022067572,39,3
2012-02-03 09:41:00.759840+00:00,5.72,12.29,18.67,1766.5413506936493,10.255341124129114,-114.58451737119276,37,1
2012-02-03 09:42:00.759836+00:00,5.53,11.88,18.06,1781.8397498610113,10.482384096707461,-114.13043142603607,38,3
2012-02-03 09:43:00.759831+00:00,5.43,11.7,17.78,1781.8397498610113,10.899980884336722,-113.29523785077755,38,3
2012-02-03 09:44:00.759827+00:00,5.37,11.57,17.6,1770.8634963779273,9.398954820093202,-116.29728997926459,37,2
2012-02-03 09:45:00.759822+00:00,5.36,11.54,17.55,1781.8397498610113,9.32987737997524,-116.4354448595005,36,2
2012-02-03 09:49:00.759804+00:00,5.36,11.54,17.55,2018.856869846911,9.17752033840779,-116.7401589426354,29,2
2012-02-03 09:50:00.759799+00:00,5.36,11.54,17.55,2037.7887164612139,9.32987737997524,-116.4354448595005,32,3
2012-02-03 09:51:00.759795+00:00,5.36,11.54,17.55,2043.408831755764,10.49190425415847,-114.11139111113405,34,2
2012-02-03 09:52:00.759790+00:00,5.36,11.54,17.55,2048.3419841054747,11.602750170897671,-111.88969927765564,35,3
2012-02-03 09:53:00.759785+00:00,5.36,11.54,17.55,2043.408831755764,12.207553398506185,-110.6800928224386,34,3
2012-02-03 09:54:00.759781+00:00,5.36,11.54,17.55,2021.635399377272,12.207553398506185,-110.6800928224386,32,2
2012-02-03 09:58:00.759763+00:00,5.33,11.48,17.46,2065.293448190302,10.49190425415847,-114.11139111113405,36,1
2012-02-03 09:59:00.759758+00:00,5.31,11.45,17.41,2170.2312259878813,9.381058337419267,-116.33308294461244,37,3
2012-02-03 10:00:00.759753+00:00,5.3,11.42,17.36,2433.5219417443586,11.721132603141475,-111.65293441316805,36,3
2012-02-03 10:01:00.759749+00:00,5.27,11.36,17.27,2082.244912275129,11.83951503538528,-111.4161695486804,37,2
2012-02-03 10:02:00.759744+00:00,5.25,11.33,17.23,2060.3602958405913,11.721132603141475,-111.65293441316805,36,3
2012-02-03 10:03:00.759740+00:00,5.21,11.23,17.09,1989.2505216577533,11.83951503538528,-111.4161695486804,35,2
2012-02-03 10:06:00.759726+00:00,3.24,7.14,10.9,1988.40272159564,14.160637130622588,-106.7739253582058,34,2
2012-02-03 10:07:00.759721+00:00,3.24,7.14,10.9,1932.6576244094172,14.160637130622588,-106.7739253582058,36,3
2012-02-03 10:08:00.759717+00:00,3.27,7.21,11.0,1988.40272159564,13.856980418372713,-107.38123878270555,38,3
2012-02-03 10:09:00.759712+00:00,3.42,7.51,11.45,2303.6181721305675,14.160637130622588,-106.7739253582058,38,2
2012-02-03 10:10:00.759708+00:00,10.39,21.63,32.7,2616.050979815941,11.800821900579095,-111.49355581829279,38,3
2012-02-03 10:11:00.759703+00:00,2.62,5.81,8.87,2644.8497433640837,11.180708433668189,-112.7337827521146,38,2
2012-02-03 10:12:00.759698+00:00,7.9,16.68,25.28,2588.996411229011,10.88993572863066,-113.31532816218969,38,2
2012-02-03 10:13:00.759694+00:00,8.08,17.04,25.82,2588.996411229011,10.1209771611953,-114.85324529706037,38,3
2012-02-03 10:17:00.759676+00:00,7.94,16.75,25.39,2409.706437782584,10.281880616184134,-114.53143838708272,33,3
2012-02-03 10:18:00.759671+00:00,7.94,16.75,25.39,2037.5368819330795,9.637262513493773,-115.82067459246343,30,3
2012-02-03 10:19:00.759666+00:00,7.94,16.75,25.39,1914.9991056686806,9.637262513493773,-115.82067459246343,28,2
2012-02-03 10:20:00.759662+00:00,7.94,16.75,25.39,1715.326560592749,9.637262513493773,-115.82067459246343,26,3
2012-02-03 10:21:00.759657+00:00,7.94,16.75,25.39,1893.768639638584,9.16611138681976,-116.76297684581148,25,3
2012-02-03 10:22:00.759653+00:00,7.94,16.75,25.39,2085.823242208405,9.00681230986759,-117.0815749997158,25,2
2012-02-03 10:23:00.759648+00:00,7.94,16.75,25.39,2272.270936468722,9.16611138681976,-116.76297684581148,23,1
2012-02-03 10:30:00.759616+00:00,8.73,18.33,27.76,2340.988687125653,7.626594051284538,-119.84201151688193,28,1
2012-02-03 10:31:00.759611+00:00,8.71,18.29,27.7,2340.988687125653,7.626594051284538,-119.84201151688193,28,2
2012-02-03 10:32:00.759607+00:00,8.71,18.29,27.7,3332.9990478938566,8.039196414676862,-119.01680679009728,28,1
2012-02-03 10:33:00.759602+00:00,8.71,18.29,27.7,4171.378489094204,8.523529138475642,-118.04814134249972,28,1
2012-02-03 10:34:00.759598+00:00,8.71,18.29,27.7,4461.85219949288,8.781129715487468,-117.53294018847605,30,2
2012-02-03 10:35:00.759593+00:00,8.71,18.29,27.7,4712.120687442149,9.05152517715818,-116.99214926513464,32,3
2012-02-03 10:36:00.759589+00:00,8.69,18.26,27.64,4786.5894680049405,9.183922139601387,-116.72735534024821,35,3
2012-02-03 10:37:00.759584+00:00,8.69,18.26,27.64,4999.183651222075,9.05152517715818,-116.99214926513464,38,2
2012-02-03 10:38:00.759579+00:00,8.69,18.26,27.64,4990.719271959518,8.989763765412071,-117.11567208862684,40,3
2012-02-03 10:39:00.759575+00:00,8.69,18.26,27.64,4990.719271959518,8.781129715487468,-117.53294018847605,42,2
2012-02-03 10:40:00.759570+00:00,8.69,18.26,27.64,5013.672706643412,8.44137389484866,-118.21245182975365,45,3
2012-02-03 10:41:00.759566+00:00,8.69,18.26,27.64,5201.039243311876,8.422650477769988,-118.249898663911,46,2
2012-02-03 10:42:00.759561+00:00,8.69,18.26,27.64,5326.88849696651,8.422650477769988,-118.249898663911,46,2
2012-02-03 10:43:00.759557+00:00,8.67,18.22,27.59,5396.762601117793,8.403927060691315,-118.28734549806835,49,2
2012-02-03 10:44:00.759552+00:00,8.56,17.99,27.25,5524.686203638133,8.542252555554313,-118.01069450834237,50,2
2012-02-03 10:45:00.759547+00:00,6.83,14.53,22.05,5819.225928190509,9.001828849274911,-117.09154192090116,49,3
2012-02-03 10:46:00.759543+00:00,6.72,14.3,21.7,6025.881440312427,8.822480032767439,-117.45023955391609,48,2
2012-02-03 10:47:00.759538+00:00,6.64,14.14,21.46,6066.636252709355,8.822480032767439,-117.45023955391609,48,3
2012-02-03 10:48:00.759534+00:00,6.64,14.14,21.46,6025.881440312427,9.12216072785528,-116.85087816374042,48,2
2012-02-03 10:49:00.759529+00:00,6.64,14.14,21.46,5997.871444416903,9.21312964763261,-116.66894032418577,48,3
2012-02-03 10:50:00.759524+00:00,6.64,14.14,21.46,5997.871444416903,9.21312964763261,-116.66894032418577,48,2
2012-02-03 10:51:00.759520+00:00,6.62,14.1,21.41,5997.871444416903,9.248149631786843,-116.59890035587729,48,3
2012-02-03 10:52:00.759515+00:00,6.62,14.1,21.41,5997.871444416903,9.245298338217108,-116.60460294301676,48,3
2012-02-03 10:53:00.759511+00:00,6.62,14.1,21.41,5934.876675903809,9.18932006773183,-116.71655948398735,48,2
2012-02-03 10:54:00.759506+00:00,6.64,14.14,21.46,5610.564120427967,9.236634568524355,-116.62193048240229,49,3
2012-02-03 10:55:00.759502+00:00,6.64,14.14,21.46,5548.682146169869,9.142005566939305,-116.81118848557242,49,2
2012-02-03 10:56:00.759497+00:00,6.65,14.17,21.5,5435.540636625304,9.142005566939305,-116.81118848557242,49,2
2012-02-03 10:57:00.759492+00:00,6.65,14.17,21.5,5116.139011794066,9.142005566939305,-116.81118848557242,47,3
2012-02-03 10:58:00.759488+00:00,6.65,14.17,21.5,5027.721634271035,9.18932006773183,-116.71655948398735,48,2
2012-02-03 10:59:00.759483+00:00,6.65,14.17,21.5,4851.677182242172,9.18932006773183,-116.71655948398735,48,2
2012-02-03 11:00:00.759479+00:00,6.65,14.17,21.5,4607.114046859301,9.245298338217108,-116.60460294301676,48,2
2012-02-03 11:01:00.759474+00:00,6.65,14.17,21.5,4210.528140881696,9.245298338217108,-116.60460294301676,48,3
2012-02-03 11:02:00.759470+00:00,6.64,14.14,21.46,3966.756705991749,9.245298338217108,-116.60460294301676,48,2
2012-02-03 11:03:00.759465+00:00,6.65,14.17,21.5,3911.7222808164897,9.406655061308351,-116.28188949683428,48,2
2012-02-03 11:04:00.759460+00:00,6.65,14.17,21.5,3862.702551238914,9.524669777035324,-116.04586006538034,47,3
2012-02-03 11:05:00.759456+00:00,6.59,14.04,21.31,3751.7240576983495,9.574686754511363,-115.94582611042826,48,3
2012-02-03 11:06:00.759451+00:00,6.51,13.88,21.06,3375.1584469933778,9.574686754511363,-115.94582611042826,48,2
2012-02-03 11:07:00.759447+00:00,5.76,12.35,18.77,3170.831813519245,9.288640345581383,-116.51791892828821,47,2
2012-02-03 11:08:00.759442+00:00,5.76,12.35,18.77,3109.401856237869,9.262637457052868,-116.56992470534523,44,2
2012-02-03 11:09:00.759438+00:00,5.76,12.35,18.77,3073.4977158571733,9.04680642265131,-117.00158677414836,44,3
2012-02-03 11:10:00.759433+00:00,5.76,12.35,18.77,3073.4977158571733,8.675672661001887,-117.7438542974472,44,2
2012-02-03 11:11:00.759428+00:00,2.29,5.11,7.8,3170.831813519245,8.773402619699212,-117.54839438005257,45,3
2012-02-03 11:12:00.759424+00:00,2.29,5.11,7.8,3196.9315160617016,8.675672661001887,-117.7438542974472,44,3
2012-02-03 11:13:00.759419+00:00,10.3,21.45,32.44,3095.704953602254,8.773402619699212,-117.54839438005257,43,2
2012-02-03 11:14:00.759415+00:00,9.85,20.56,31.1,3060.9011846170906,8.345080242152491,-118.40503913514601,42,2
2012-02-03 11:15:00.759410+00:00,7.03,14.93,22.65,3081.465880016506,8.773402619699212,-117.54839438005257,43,3
2012-02-03 11:16:00.759405+00:00,7.08,15.03,22.8,3375.1584469933778,8.675672661001887,-117.7438542974472,42,2
2012-02-03 11:18:00.759396+00:00,8.88,18.64,28.21,3960.7420103940653,8.577942702304561,-117.93931421484189,43,1
2012-02-03 11:19:00.759392+00:00,9.12,19.1,28.91,4375.092124184843,9.155226273558258,-116.78474707233448,44,2
2012-02-03 11:20:00.759387+00:00,9.12,19.1,28.91,4723.012483583616,9.3588452687532,-116.3775090819446,43,3
2012-02-03 11:21:00.759383+00:00,9.38,19.62,29.69,5788.216027414518,9.3588452687532,-116.3775090819446,43,2
2012-02-03 11:22:00.759378+00:00,10.28,21.41,32.38,7321.32836328008,9.3588452687532,-116.3775090819446,43,2
2012-02-03 11:23:00.759373+00:00,10.34,21.54,32.57,7597.061411568269,9.3588452687532,-116.3775090819446,43,1
2012-02-03 11:24:00.759369+00:00,9.93,20.73,31.35,8566.329091897462,8.773402619699212,-117.54839438005257,43,3
2012-02-03 11:25:00.759364+00:00,9.93,20.73,31.35,8566.329091897462,8.112217782000425,-118.87076405545014,43,2
2012-02-03 11:26:00.759360+00:00,9.66,20.18,30.54,8408.31214660007,8.627577463461138,-117.8400446925287,44,2
2012-02-03 11:27:00.759355+00:00,9.66,20.18,30.54,8250.295201302679,8.649992390119884,-117.7952148392112,45,3
2012-02-03 11:28:00.759351+00:00,9.66,20.18,30.54,8005.9690592734705,9.188190788612523,-116.71881804222592,47,2
2012-02-03 11:29:00.759346+00:00,9.66,20.18,30.54,8005.9690592734705,9.188190788612523,-116.71881804222592,47,3
2012-02-03 11:30:00.759341+00:00,9.66,20.18,30.54,8005.9690592734705,9.188190788612523,-116.71881804222592,47,2
2012-02-03 11:31:00.759337+00:00,9.68,20.23,30.6,7751.6120328643665,8.627577463461138,-117.8400446925287,46,3
2012-02-03 11:32:00.759332+00:00,9.68,20.23,30.6,7497.255006455262,8.649992390119884,-117.7952148392112,47,3
2012-02-03 11:33:00.759328+00:00,9.68,20.23,30.6,7443.519988908321,8.627577463461138,-117.8400446925287,48,2
2012-02-03 11:34:00.759323+00:00,9.68,20.23,30.6,7389.784971361376,8.906814883052496,-117.281569853346,49,3
2012-02-03 11:35:00.759318+00:00,9.68,20.23,30.6,7032.621187920155,8.347095198500035,-118.40100922245092,48,2
2012-02-03 11:36:00.759314+00:00,9.68,20.23,30.6,4628.32733203197,8.089027860197682,-118.91714389905563,49,3
2012-02-03 11:37:00.759309+00:00,5.4,11.64,17.69,4555.912679363433,8.627577463461138,-117.8400446925287,48,2
2012-02-03 11:38:00.759305+00:00,5.47,11.76,17.88,4555.912679363433,8.627577463461138,-117.8400446925287,48,2
2012-02-03 11:39:00.759300+00:00,5.47,11.76,17.88,4514.04699546002,7.99974303602875,-119.09571354739349,47,2
2012-02-03 11:40:00.759296+00:00,3.77,8.25,12.58,4555.912679363433,8.24972209541655,-118.59575542861788,48,2
2012-02-03 11:41:00.759291+00:00,0.0,0.0,0.0,4514.04699546002,7.423858631028793,-120.2474823573934,47,3
2012-02-03 11:42:00.759286+00:00,8.98,18.83,28.5,4514.04699546002,7.894281654030713,-119.30663631138957,47,2
2012-02-03 11:43:00.759282+00:00,8.98,18.83,28.5,4393.214028855398,6.7714655156788215,-121.55226858809334,46,2
2012-02-03 11:44:00.759277+00:00,8.92,18.71,28.33,4031.268971888645,6.090027919978312,-122.91514377949436,47,3
2012-02-03 11:45:00.759273+00:00,8.92,18.71,28.33,3585.10700005505,6.119072400328853,-122.85705481879327,45,2
2012-02-03 11:46:00.759268+00:00,3.94,8.6,13.11,3314.0769963923913,6.7714655156788215,-121.55226858809334,44,3
2012-02-03 11:47:00.759264+00:00,3.94,8.6,13.11,3177.462744418225,6.119072400328853,-122.85705481879327,45,2
2012-02-03 11:48:00.759259+00:00,3.94,8.6,13.11,3450.6912483665583,6.090027919978312,-122.91514377949436,45,2
2012-02-03 11:49:00.759254+00:00,3.78,8.29,12.63,3988.1054330014313,7.658982773678999,-119.777234072093,46,3
2012-02-03 11:50:00.759250+00:00,3.92,8.57,13.06,3988.1054330014313,9.147285681633877,-116.80062825618324,46,2
2012-02-03 11:51:00.759245+00:00,3.92,8.57,13.06,3988.1054330014313,9.147285681633877,-116.80062825618324,46,2
2012-02-03 11:52:00.759241+00:00,3.94,8.6,13.11,3992.743704375273,6.443581810793238,-122.2080359978645,44,2
2012-02-03 11:53:00.759236+00:00,3.94,8.6,13.11,3324.4524553946862,9.387756480215259,-116.31968665902048,45,3
2012-02-03 11:54:00.759232+00:00,3.94,8.6,13.11,2782.9373306549605,9.387756480215259,-116.31968665902048,45,2
2012-02-03 11:55:00.759227+00:00,3.94,8.6,13.11,2782.9373306549605,9.709150648503313,-115.67689832244436,45,1
2012-02-03 11:56:00.759222+00:00,3.95,8.64,13.16,2928.832192286768,9.987008701776665,-115.12118221589766,42,3
2012-02-03 11:57:00.759218+00:00,3.95,8.64,13.16,2863.371709069512,9.548453564359287,-115.99829249073242,40,2
2012-02-03 11:58:00.759213+00:00,3.95,8.64,13.16,2549.7309155388252,9.987008701776665,-115.12118221589766,38,2
2012-02-03 11:59:00.759209+00:00,3.95,8.64,13.16,2078.5143714078945,9.987008701776665,-115.12118221589766,36,3
2012-02-03 12:02:00.769191+00:00,9.76,20.39,30.85,535.2761223772918,3.1084283275120734,-121.8088521706152,11,1
2012-02-03 12:03:00.769186+00:00,9.76,20.39,30.85,557.7251929284004,4.728956000919774,-118.5677968237998,13,2
2012-02-03 12:04:00.769182+00:00,9.76,20.39,30.85,583.9987475089265,5.7096670554482944,-116.60637471474274,16,2
2012-02-03 12:05:00.769177+00:00,9.76,20.39,30.85,571.5249365759254,6.186798646427021,-115.65211153278528,17,1
2012-02-03 12:11:00.769150+00:00,9.72,20.31,30.72,571.5249365759254,8.014088399692447,-111.99753202625445,15,2
2012-02-03 12:12:00.769145+00:00,9.72,20.31,30.72,571.5249365759254,8.014088399692447,-111.99753202625445,15,2
2012-02-03 12:13:00.769140+00:00,9.64,20.14,30.48,596.4725584419277,9.475630022387218,-109.07444878086493,13,2
2012-02-03 12:14:00.769136+00:00,9.58,20.02,30.29,669.2967083922982,9.475630022387218,-109.07444878086493,11,3
2012-02-03 12:24:00.769090+00:00,6.4,13.65,20.72,567.2361185279468,9.475630022387218,-109.07444878086493,5,1
2012-02-03 12:25:00.769086+00:00,6.4,13.65,20.72,572.5962098453076,9.124461682526274,-109.7767854605868,4,2
2012-02-03 12:31:00.769058+00:00,6.4,13.65,20.72,572.5962098453076,9.124461682526274,-109.7767854605868,4,1
2012-02-03 12:55:00.768948+00:00,8.17,17.22,26.09,1756.5738415546803,6.639726113676934,-114.74625659828548,21,1
2012-02-03 12:56:00.768944+00:00,8.17,17.22,26.09,1756.5738415546803,6.639726113676934,-114.74625659828548,21,3
2012-02-03 12:57:00.768939+00:00,8.17,17.22,26.09,1756.5738415546803,6.639726113676934,-114.74625659828548,21,2
2012-02-03 12:58:00.768934+00:00,8.17,17.22,26.09,1756.5738415546803,6.639726113676934,-114.74625659828548,21,2
2012-02-03 12:59:00.768930+00:00,8.17,17.22,26.09,1756.5738415546803,6.639726113676934,-114.74625659828548,21,2
2012-02-03 13:00:00.768925+00:00,8.17,17.22,26.09,1756.5738415546803,6.639726113676934,-114.74625659828548,21,3
2012-02-03 13:01:00.768921+00:00,9.66,20.18,30.54,1756.5738415546803,6.639726113676934,-114.74625659828548,21,2
2012-02-03 13:02:00.768916+00:00,9.7,20.27,30.66,1756.5738415546803,6.639726113676934,-114.74625659828548,21,2
2012-02-03 13:03:00.768912+00:00,9.7,20.27,30.66,1756.5738415546803,6.639726113676934,-114.74625659828548,21,2
2012-02-03 13:04:00.768907+00:00,9.7,20.27,30.66,1756.5738415546803,6.639726113676934,-114.74625659828548,21,2
2012-02-03 13:16:00.768852+00:00,9.74,20.35,30.79,520.286034404169,6.289350468249023,-115.44700788914128,2,1
2012-02-03 13:17:00.768847+00:00,9.74,20.35,30.79,520.286034404169,6.289350468249023,-115.44700788914128,2,1
2012-02-03 13:40:00.768742+00:00,10.32,21.5,32.51,1585.992417550605,9.43266979045559,-109.16036924472816,12,1
2012-02-03 13:41:00.768738+00:00,10.32,21.5,32.51,1585.992417550605,9.43266979045559,-109.16036924472816,12,2
2012-02-03 13:42:00.768733+00:00,10.32,21.5,32.51,1585.992417550605,9.43266979045559,-109.16036924472816,12,3
2012-02-03 13:43:00.768728+00:00,10.32,21.5,32.51,1585.992417550605,9.43266979045559,-109.16036924472816,12,2
2012-02-03 13:44:00.768724+00:00,6.77,14.4,21.85,1526.7335052056824,8.769781128161705,-110.48614656931593,15,1
2012-02-03 13:47:00.768710+00:00,7.01,14.89,22.59,1188.9044785309216,8.843445549948177,-110.33881772574298,20,2
2012-02-03 13:48:00.768706+00:00,7.01,14.89,22.59,1188.9044785309216,8.843445549948177,-110.33881772574298,20,1
2012-02-03 13:53:00.768683+00:00,7.01,14.89,22.59,1057.328259904051,7.895206814366978,-112.23529519690538,16,1
2012-02-03 13:54:00.768678+00:00,7.01,14.89,22.59,962.7870491376822,7.364791472007827,-113.29612588162368,14,3
2012-02-03 13:55:00.768674+00:00,7.01,14.89,22.59,962.7870491376822,7.364791472007827,-113.29612588162368,14,3
2012-02-03 13:56:00.768669+00:00,7.01,14.89,22.59,962.7870491376822,7.364791472007827,-113.29612588162368,14,1
2012-02-03 14:01:00.768646+00:00,7.03,14.93,22.65,884.2195277450197,6.9454815510708015,-114.13474572349772,11,3
2012-02-03 14:20:00.768559+00:00,5.63,12.1,18.39,795.9730943785573,7.2802141076410525,-113.46528061035723,3,3
2012-02-03 14:43:00.768454+00:00,1.88,4.2,6.42,900.1517028884361,2.1976902118182733,-123.63032840200279,2,2
2012-02-03 14:56:00.768394+00:00,1.79,4.01,6.13,1286.888018923114,3.698860494287463,-120.6279878370644,4,3
2012-02-03 14:57:00.768390+00:00,1.79,4.01,6.13,1208.1418922903215,4.037897920647112,-119.94991298434513,5,1
2012-02-03 15:06:00.768349+00:00,1.3,2.92,4.46,1365.6341455559066,7.634657182746488,-112.75639446014635,7,1
2012-02-03 15:10:00.768330+00:00,4.37,9.51,14.48,1375.4906802210776,18.731005949923087,-90.56369692579315,4,1
2012-02-03 15:13:00.768316+00:00,4.37,9.51,14.48,1375.4906802210776,18.731005949923087,-90.56369692579315,4,1
2012-02-03 15:14:00.768312+00:00,4.37,9.51,14.48,1375.4906802210776,18.731005949923087,-90.56369692579315,4,1
2012-02-03 15:38:00.768202+00:00,6.0,12.85,19.53,772.1947292090052,9.83101965847318,-108.363669508693,4,1
2012-02-03 15:39:00.768197+00:00,6.0,12.85,19.53,772.1947292090052,9.83101965847318,-108.363669508693,4,1
2012-02-03 15:44:00.768175+00:00,6.0,12.85,19.53,772.1947292090052,9.83101965847318,-108.363669508693,4,1
2012-02-03 15:45:00.768170+00:00,6.0,12.85,19.53,772.1947292090052,9.83101965847318,-108.363669508693,4,1
2012-02-03 15:57:00.768115+00:00,2.99,6.6,10.07,503.90126382876,5.5852311035331335,-116.85524661857306,2,2
2012-02-03 16:20:00.768010+00:00,0.0,0.0,0.0,802.536660033299,6.142026161321043,-115.74165650299726,9,2
2012-02-03 16:21:00.768005+00:00,0.0,0.0,0.0,802.536660033299,6.142026161321043,-115.74165650299726,9,1
2012-02-03 16:22:00.768001+00:00,0.0,0.0,0.0,802.536660033299,6.142026161321043,-115.74165650299726,9,1
2012-02-03 16:23:00.767996+00:00,0.0,0.0,0.0,802.536660033299,6.142026161321043,-115.74165650299726,9,2
2012-02-03 16:24:00.767991+00:00,0.0,0.0,0.0,802.536660033299,6.142026161321043,-115.74165650299726,9,3
2012-02-03 16:40:00.767918+00:00,6.19,13.24,20.1,1044.5223290067552,7.7765177868042645,-112.47267325203082,9,1
2012-02-03 16:41:00.767914+00:00,5.79,12.41,18.86,1074.170497081413,5.737048770996555,-116.55161128364622,11,2
2012-02-03 16:42:00.767909+00:00,5.66,12.16,18.49,1137.9261253740453,5.124653981511703,-117.77640086261593,13,2
2012-02-03 16:48:00.767882+00:00,7.52,15.91,24.12,1114.1801224418632,8.14559903856247,-111.73451074851441,22,1
2012-02-03 16:49:00.767877+00:00,7.54,15.95,24.18,1114.1801224418632,8.14559903856247,-111.73451074851441,22,2
2012-02-03 16:50:00.767872+00:00,7.54,15.95,24.18,1084.3985277267816,8.657385144092473,-110.71093853745438,24,2
2012-02-03 16:51:00.767868+00:00,7.54,15.95,24.18,1084.3985277267816,9.521843858230396,-108.98202110917852,24,2
2012-02-03 16:52:00.767863+00:00,7.54,15.95,24.18,1020.2749930406858,8.514680290320674,-110.996348244998,25,3
2012-02-03 16:53:00.767859+00:00,7.62,16.12,24.44,935.9243848634039,8.657385144092473,-110.71093853745438,26,2
2012-02-03 16:54:00.767854+00:00,7.62,16.12,24.44,935.9243848634039,9.521843858230396,-108.98202110917852,28,3
2012-02-03 16:55:00.767850+00:00,7.62,16.12,24.44,935.9243848634039,9.521843858230396,-108.98202110917852,28,2
2012-02-03 16:59:00.767831+00:00,7.64,16.15,24.49,980.8497824068584,10.383894862633703,-107.25791910037191,26,1
2012-02-03 17:00:00.767827+00:00,7.64,16.15,24.49,980.8497824068584,10.54274103232872,-106.94022676098189,24,2
2012-02-03 17:01:00.767822+00:00,7.64,16.15,24.49,932.493621732222,13.598970218571546,-100.82776838849622,22,2
2012-02-03 17:02:00.767817+00:00,7.64,16.15,24.49,870.8726008133999,16.785777914416634,-94.45415299680609,20,3
2012-02-03 17:03:00.767813+00:00,7.64,16.15,24.49,811.1831329785855,17.217254363606717,-93.5912000984259,17,2
2012-02-03 17:04:00.767808+00:00,7.59,16.05,24.33,806.7025455520444,18.008402689121816,-92.00890344739571,15,1
2012-02-03 17:51:00.767593+00:00,0.0,0.02,0.01,1147.1484001085694,5.867487560188358,-116.29073370526262,2,2
2012-02-03 18:18:00.767470+00:00,0.0,0.02,0.0,798.9377941209256,5.859510440789126,-116.30668794406107,6,1
2012-02-03 18:20:00.767460+00:00,0.0,0.02,0.0,798.9377941209256,5.859510440789126,-116.30668794406107,6,1
2012-02-03 18:21:00.767456+00:00,0.0,0.02,0.0,798.9377941209256,5.859510440789126,-116.30668794406107,6,2
2012-02-03 18:22:00.767451+00:00,0.0,0.02,0.0,798.9377941209256,5.859510440789126,-116.30668794406107,6,2
2012-02-03 18:34:00.767396+00:00,2.12,4.73,7.23,1203.098619596123,5.533150995203298,-116.95940683523274,19,3
2012-02-03 18:35:00.767392+00:00,2.12,4.73,7.23,1203.098619596123,5.533150995203298,-116.95940683523274,19,2
2012-02-03 18:36:00.767387+00:00,2.12,4.73,7.23,1203.098619596123,5.533150995203298,-116.95940683523274,19,2
2012-02-03 18:37:00.767383+00:00,2.12,4.73,7.23,1203.098619596123,5.533150995203298,-116.95940683523274,19,2
2012-02-03 18:38:00.767378+00:00,2.12,4.73,7.23,1203.098619596123,5.533150995203298,-116.95940683523274,19,2
2012-02-03 18:39:00.767373+00:00,2.12,4.73,7.23,1203.098619596123,5.533150995203298,-116.95940683523274,19,3
2012-02-03 18:40:00.767369+00:00,2.12,4.73,7.23,1203.098619596123,5.533150995203298,-116.95940683523274,19,2
2012-02-03 18:41:00.767364+00:00,2.12,4.73,7.23,1203.098619596123,5.533150995203298,-116.95940683523274,19,2
2012-02-03 18:42:00.767360+00:00,2.12,4.73,7.23,1203.098619596123,5.533150995203298,-116.95940683523274,19,1
2012-02-03 19:11:00.767227+00:00,5.51,11.85,18.02,533.5038767055339,9.833553530849066,-108.35860176394121,4,1
2012-02-03 19:16:00.767204+00:00,9.3,19.46,29.45,533.5038767055339,9.833553530849066,-108.35860176394121,4,3
2012-02-03 20:32:00.766856+00:00,4.38,9.54,14.53,691.8044776553162,10.289575087187623,-107.4465586512641,11,2
2012-02-03 20:33:00.766852+00:00,4.46,9.69,14.76,700.4655956939082,10.289575087187623,-107.4465586512641,13,3
2012-02-03 20:34:00.766847+00:00,4.47,9.73,14.81,711.0380485217497,7.6929175884013965,-112.63987364883656,15,2
2012-02-03 20:35:00.766842+00:00,4.46,9.69,14.76,705.7518221078292,7.332603665763321,-113.3605014941127,16,2
2012-02-03 20:38:00.766829+00:00,4.43,9.63,14.67,705.7518221078292,7.332603665763321,-113.3605014941127,16,1
2012-02-03 20:39:00.766824+00:00,4.4,9.57,14.57,705.7518221078292,7.332603665763321,-113.3605014941127,16,1
2012-02-03 20:42:00.766810+00:00,4.4,9.57,14.57,711.0380485217497,6.972289743125247,-114.08112933938885,15,1
2012-02-03 20:43:00.766806+00:00,4.4,9.57,14.57,696.1350366746121,10.323228331244582,-107.37925216315016,12,2
2012-02-03 20:44:00.766801+00:00,4.38,9.54,14.53,705.7518221078292,10.694971556795792,-106.63576571204773,10,2
2012-02-04 00:12:00.767645+00:00,9.83,20.52,31.04,632.2626136390776,11.679435241077206,-111.81522995525148,14,1
2012-02-04 00:13:00.767640+00:00,9.87,20.6,31.16,632.2626136390776,11.679435241077206,-111.81522995525148,14,3
2012-02-04 00:14:00.767636+00:00,9.89,20.64,31.22,632.2626136390776,11.679435241077206,-111.81522995525148,14,2
2012-02-04 00:18:00.767618+00:00,0.0,0.02,0.04,632.2626136390776,11.563878805314324,-112.04634282677723,16,2
2012-02-04 00:19:00.767613+00:00,0.0,0.02,0.04,632.2626136390776,11.563878805314324,-112.04634282677723,16,3
2012-02-04 00:20:00.767608+00:00,0.0,0.02,0.04,632.2626136390776,11.563878805314324,-112.04634282677723,16,1
2012-02-04 00:21:00.767604+00:00,0.0,0.02,0.04,632.2626136390776,11.563878805314324,-112.04634282677723,16,2
2012-02-04 00:24:00.767590+00:00,0.0,0.02,0.04,571.122926538433,11.620814761768992,-111.93247091386793,11,1
2012-02-04 00:26:00.767581+00:00,0.0,0.02,0.04,571.122926538433,11.50694284885966,-112.16021473968658,11,1
2012-02-04 00:35:00.767540+00:00,7.57,16.02,24.28,571.122926538433,1.3523192410735188,-132.46946195525885,3,1
2012-02-04 00:37:00.767531+00:00,7.5,15.88,24.07,559.9143496212051,1.2443788377013871,-132.6853427620031,2,1
2012-02-04 00:48:00.767480+00:00,2.44,5.42,8.29,782.6916286755381,13.608290290452857,-107.95751985650016,3,1
2012-02-04 00:56:00.767444+00:00,10.45,21.76,32.9,694.7861078539595,12.787708150899407,-109.59868413560707,6,1
2012-02-04 00:57:00.767439+00:00,10.45,21.76,32.9,694.7861078539595,12.787708150899407,-109.59868413560707,6,1
2012-02-04 01:00:00.767425+00:00,10.43,21.72,32.84,606.8805870323806,13.608290290452857,-107.95751985650016,5,1
2012-02-04 01:01:00.767421+00:00,10.26,21.37,32.31,606.8805870323806,13.608290290452857,-107.95751985650016,5,1
2012-02-04 01:02:00.767416+00:00,0.73,1.65,2.53,803.1423275912907,13.847706321273265,-107.47868779485937,7,1
2012-02-04 01:12:00.767370+00:00,9.93,20.73,31.35,1197.1134542716584,11.788223679463096,-111.59765307847971,22,3
2012-02-04 01:13:00.767366+00:00,9.93,20.73,31.35,1125.9802623906032,11.598417192839449,-111.97726605172701,25,1
2012-02-04 01:14:00.767361+00:00,9.93,20.73,31.35,1125.9802623906032,11.598417192839449,-111.97726605172701,25,2
2012-02-04 01:15:00.767357+00:00,9.93,20.73,31.35,1145.5001313210205,11.668113471219854,-111.8378734949662,28,1
2012-02-04 01:16:00.767352+00:00,9.95,20.77,31.41,1197.1134542716584,11.788223679463096,-111.59765307847971,30,2
2012-02-04 01:17:00.767347+00:00,9.95,20.77,31.41,1165.0200002514373,11.838637609325929,-111.49682521875404,31,2
2012-02-04 01:18:00.767343+00:00,9.95,20.77,31.41,1120.1450434418905,12.37349763060443,-110.42710517619705,34,3
2012-02-04 01:19:00.767338+00:00,9.95,20.77,31.41,1098.6482166640844,12.472620792294107,-110.22885885281771,36,3
2012-02-04 01:20:00.767334+00:00,9.95,20.77,31.41,1072.7859167544334,12.562800796471679,-110.04849884446254,38,1
2012-02-04 01:21:00.767329+00:00,10.0,20.85,31.54,1072.7859167544334,12.562800796471679,-110.04849884446254,38,3
2012-02-04 01:22:00.767325+00:00,9.91,20.68,31.29,1072.7859167544334,12.472620792294107,-110.22885885281771,36,3
2012-02-04 01:23:00.767320+00:00,9.91,20.68,31.29,1088.447524583527,12.562800796471679,-110.04849884446254,34,1
2012-02-04 01:24:00.767315+00:00,9.91,20.68,31.29,1114.3098244931778,12.56596745751044,-110.04216552238502,33,1
2012-02-04 01:25:00.767311+00:00,10.1,21.06,31.86,1062.5852246738764,12.77318201906126,-109.62773639928336,31,3
2012-02-04 01:26:00.767306+00:00,10.13,21.11,31.92,1094.2827435322397,12.66957473828585,-109.83495096083419,30,2
2012-02-04 01:27:00.767302+00:00,10.15,21.15,31.99,1062.0239162071696,12.666408077247091,-109.84128428291172,28,1
2012-02-04 01:28:00.767297+00:00,10.39,21.63,32.7,997.6772616550624,12.385607449155293,-110.40288553909531,25,3
2012-02-04 01:29:00.767293+00:00,5.68,12.2,18.53,957.5366636828327,12.385607449155293,-110.40288553909531,23,2
2012-02-04 01:30:00.767288+00:00,5.72,12.29,18.67,957.5366636828327,12.55963413543292,-110.05483216654007,21,1
2012-02-04 02:04:00.767132+00:00,2.37,5.27,8.05,502.07552410418486,3.6370307479414894,-127.90003894152292,1,1
2012-02-04 03:12:00.766821+00:00,9.56,19.98,30.23,646.2191145258957,10.251164196989633,-114.67177204342664,6,3
2012-02-04 03:13:00.766816+00:00,9.56,19.98,30.23,646.2191145258957,10.251164196989633,-114.67177204342664,6,2
2012-02-04 03:18:00.766794+00:00,9.54,19.94,30.17,646.2191145258957,10.251164196989633,-114.67177204342664,6,1
2012-02-04 07:00:00.765777+00:00,0.24,0.53,0.81,640.0824610620717,5.423850715021803,-124.32639900736228,1,1
2012-02-04 13:16:00.764352+00:00,2.29,5.11,7.8,697.8128516055008,10.276363127475433,-117.61577598063849,9,1
2012-02-04 13:19:00.764338+00:00,2.28,5.07,7.74,697.8128516055008,10.276363127475433,-117.61577598063849,9,2
2012-02-04 13:20:00.764334+00:00,2.18,4.86,7.43,697.8128516055008,10.276363127475433,-117.61577598063849,9,2
2012-02-04 13:21:00.764329+00:00,0.01,0.02,0.03,675.7734785231595,10.31116260921076,-117.54617701716784,10,2
2012-02-04 13:22:00.764325+00:00,0.01,0.02,0.04,653.7341054408182,10.34596209094609,-117.47657805369718,11,2
2012-02-04 13:31:00.764283+00:00,7.85,16.57,25.12,605.9504639359999,11.893530537004404,-114.38144116158057,5,2
2012-02-04 15:58:00.763610+00:00,0.0,0.02,0.0,8982.48302118555,8.316519850800487,-121.53546253398838,1,1
2012-02-04 16:44:00.763400+00:00,0.0,0.02,0.01,571.3753189793746,11.81224959577419,-114.54400304404095,9,1
2012-02-04 16:45:00.763395+00:00,0.0,0.02,0.01,571.3753189793746,11.81224959577419,-114.54400304404095,9,1
2012-02-04 16:46:00.763391+00:00,0.0,0.02,0.04,571.3753189793746,11.81224959577419,-114.54400304404095,9,3
2012-02-04 16:47:00.763386+00:00,0.0,0.02,0.04,571.3753189793746,11.81224959577419,-114.54400304404095,9,2
2012-02-04 16:48:00.763382+00:00,0.0,0.02,0.04,571.3753189793746,11.81224959577419,-114.54400304404095,9,2
2012-02-04 17:00:00.763327+00:00,10.04,20.94,31.67,628.2800100933274,9.364770620610676,-119.43896099436802,8,2
2012-02-04 17:01:00.763322+00:00,10.15,21.15,31.99,628.2800100933274,7.964449684058041,-122.23960286747328,10,1
2012-02-04 17:02:00.763317+00:00,10.13,21.11,31.92,628.2800100933274,7.964449684058041,-122.23960286747328,10,2
2012-02-04 17:04:00.763308+00:00,10.15,21.15,31.99,628.2800100933274,7.964449684058041,-122.23960286747328,10,3
2012-02-04 17:10:00.763281+00:00,10.19,21.24,32.12,629.8357862466228,8.52802584716407,-121.1124505412612,9,1
2012-02-04 17:11:00.763276+00:00,10.23,21.32,32.25,613.3257631563615,9.928346783716703,-118.31180866815596,8,1
2012-02-04 18:11:00.763002+00:00,9.2,19.26,29.15,589.5529135827643,3.4025007236461,-131.36350078829716,3,1
2012-02-04 18:18:00.762970+00:00,9.2,19.26,29.15,589.5529135827643,3.4025007236461,-131.36350078829716,3,1
2012-02-04 18:19:00.762965+00:00,9.18,19.22,29.09,589.5529135827643,3.4025007236461,-131.36350078829716,3,1
2012-02-04 19:08:00.762741+00:00,7.3,15.47,23.45,750.0933303931088,7.518694073550702,-123.13111408848795,18,2
2012-02-04 19:09:00.762736+00:00,7.3,15.47,23.45,750.0933303931088,7.518694073550702,-123.13111408848795,18,2
2012-02-04 19:10:00.762732+00:00,7.3,15.47,23.45,750.0933303931088,7.518694073550702,-123.13111408848795,18,2
2012-02-04 19:11:00.762727+00:00,7.3,15.47,23.45,750.0933303931088,7.518694073550702,-123.13111408848795,18,1
2012-02-04 19:12:00.762722+00:00,7.32,15.5,23.51,750.0933303931088,7.518694073550702,-123.13111408848795,18,3
2012-02-04 19:13:00.762718+00:00,7.32,15.5,23.51,750.0933303931088,7.518694073550702,-123.13111408848795,18,3
2012-02-04 19:14:00.762713+00:00,7.3,15.47,23.45,750.0933303931088,7.518694073550702,-123.13111408848795,18,2
2012-02-04 19:15:00.762709+00:00,7.3,15.47,23.45,750.0933303931088,7.518694073550702,-123.13111408848795,18,3
2012-02-04 19:25:00.762663+00:00,10.43,21.72,32.84,648.1794990590682,8.537777608108222,-121.0929470193729,8,1
2012-02-04 19:26:00.762658+00:00,10.45,21.76,32.9,665.2207215589165,8.597749139073308,-120.97300395744273,7,3
2012-02-04 19:27:00.762654+00:00,2.9,6.42,9.8,665.2207215589165,8.597749139073308,-120.97300395744273,7,3
2012-02-04 19:51:00.762544+00:00,6.75,14.37,21.8,573.6039255771515,-0.9973311052784968,-140.16316444614637,2,1
2012-02-04 19:52:00.762539+00:00,6.78,14.43,21.9,573.6039255771515,-0.9973311052784968,-140.16316444614637,2,1
2012-02-04 20:05:00.762480+00:00,8.54,17.95,27.19,951.6250678915077,1.0720908648842875,-136.02432050582078,27,2
2012-02-04 20:06:00.762475+00:00,8.52,17.92,27.14,957.2786643392157,0.8836029587917245,-136.4012963180059,30,2
2012-02-04 20:07:00.762471+00:00,1.12,2.51,3.85,962.9322607869232,0.8503660335533979,-136.46777016848256,33,3
2012-02-04 20:08:00.762466+00:00,1.15,2.59,3.96,958.3929474789608,0.8364980958866869,-136.49550604381596,36,3
2012-02-04 20:09:00.762461+00:00,1.15,2.59,3.96,952.739351031253,0.8040684253119135,-136.5603653849655,38,2
2012-02-04 20:10:00.762457+00:00,1.15,2.59,3.96,932.4982109134854,0.7855066924038513,-136.59748885078164,41,3
2012-02-04 20:11:00.762452+00:00,1.15,2.59,3.96,932.4982109134854,0.7855066924038513,-136.59748885078164,41,3
2012-02-04 20:12:00.762448+00:00,1.15,2.59,3.96,932.4982109134854,0.7855066924038513,-136.59748885078164,41,3
2012-02-04 20:13:00.762443+00:00,1.12,2.51,3.85,932.4982109134854,0.7855066924038513,-136.59748885078164,41,2
2012-02-04 20:14:00.762439+00:00,1.12,2.51,3.85,932.4982109134854,0.7855066924038513,-136.59748885078164,41,3
2012-02-04 20:15:00.762434+00:00,1.12,2.51,3.85,942.0616394024968,0.8040684253119135,-136.5603653849655,40,3
2012-02-04 20:16:00.762429+00:00,1.12,2.51,3.85,952.739351031253,0.7373092337891181,-136.69388376801112,38,2
2012-02-04 20:17:00.762425+00:00,1.12,2.51,3.85,962.9322607869232,0.6891117751743849,-136.79027868524057,35,3
2012-02-04 20:18:00.762420+00:00,1.12,2.51,3.85,968.2146325902313,0.6574351714907454,-136.85363189260786,33,3
2012-02-04 20:19:00.762416+00:00,1.08,2.44,3.73,971.6080084234803,0.6476143733457749,-136.8732734888978,30,3
2012-02-04 20:20:00.762411+00:00,1.18,2.65,4.06,962.9322607869232,0.6574351714907454,-136.85363189260786,27,1
2012-02-04 21:24:00.762118+00:00,9.91,20.68,31.29,1060.8451759158552,1.2396632780823122,-135.68917567942472,28,2
2012-02-04 21:25:00.762114+00:00,9.87,20.6,31.16,1038.31699992605,1.4822690264733132,-135.20396418264272,31,2
2012-02-04 21:26:00.762109+00:00,9.83,20.52,31.04,982.5747746853006,1.4822690264733132,-135.20396418264272,33,3
2012-02-04 21:27:00.762104+00:00,9.79,20.43,30.91,958.0655134020217,1.8386479634822883,-134.49120630862478,36,3
2012-02-04 21:28:00.762100+00:00,9.74,20.35,30.79,905.949900229233,1.8386479634822883,-134.49120630862478,38,3
2012-02-04 21:29:00.762095+00:00,9.66,20.18,30.54,905.949900229233,1.8386479634822883,-134.49120630862478,38,2
2012-02-04 21:30:00.762091+00:00,9.6,20.06,30.35,905.949900229233,1.8386479634822883,-134.49120630862478,38,3
2012-02-04 21:31:00.762086+00:00,9.54,19.94,30.17,905.949900229233,1.8386479634822883,-134.49120630862478,38,3
2012-02-04 21:32:00.762082+00:00,9.42,19.7,29.81,905.949900229233,1.8386479634822883,-134.49120630862478,38,3
2012-02-04 21:33:00.762077+00:00,7.8,16.47,24.96,905.949900229233,1.8386479634822883,-134.49120630862478,38,2
2012-02-04 21:34:00.762072+00:00,7.76,16.4,24.86,933.5562521187427,1.8133212990944971,-134.54185963740036,37,3
2012-02-04 21:35:00.762068+00:00,7.78,16.43,24.91,982.5747746853006,1.8133212990944971,-134.54185963740036,35,3
2012-02-04 21:36:00.762063+00:00,7.76,16.4,24.86,1027.6741028166796,1.8386479634822883,-134.49120630862478,32,3
2012-02-04 21:37:00.762059+00:00,7.76,16.4,24.86,1042.8843588087716,2.053086136959607,-134.06232996167014,29,2
2012-02-04 21:38:00.762054+00:00,7.71,16.29,24.7,1078.8059930229388,2.076240734417724,-134.0160207667539,27,1
2012-02-04 22:04:00.761935+00:00,10.19,21.24,32.12,667.8680405023271,5.547448249251219,-127.07360573708692,27,3
2012-02-04 22:05:00.761930+00:00,10.19,21.24,32.12,681.8679041043437,5.471218938999259,-127.22606435759084,30,3
2012-02-04 22:06:00.761926+00:00,10.17,21.19,32.05,680.9129745533231,5.394989628747301,-127.37852297809476,31,2
2012-02-04 22:07:00.761921+00:00,10.15,21.15,31.99,680.9129745533231,5.394989628747301,-127.37852297809476,31,3
2012-02-04 22:08:00.761917+00:00,10.15,21.15,31.99,680.9129745533231,5.394989628747301,-127.37852297809476,31,1
2012-02-04 22:09:00.761912+00:00,10.15,21.15,31.99,680.9129745533231,5.394989628747301,-127.37852297809476,31,3
2012-02-04 22:10:00.761908+00:00,10.17,21.19,32.05,680.9129745533231,5.394989628747301,-127.37852297809476,31,2
2012-02-04 22:11:00.761903+00:00,10.17,21.19,32.05,680.9129745533231,5.394989628747301,-127.37852297809476,31,3
2012-02-04 22:12:00.761898+00:00,10.15,21.15,31.99,680.9129745533231,5.394989628747301,-127.37852297809476,31,3
2012-02-04 22:13:00.761894+00:00,10.17,21.19,32.05,680.9129745533231,5.394989628747301,-127.37852297809476,31,3
2012-02-04 22:14:00.761889+00:00,10.21,21.28,32.18,682.8228336553642,5.547448249251219,-127.07360573708692,29,2
2012-02-04 22:15:00.761885+00:00,10.19,21.24,32.12,682.8228336553642,5.84313719851799,-126.48222783855336,27,3
2012-02-04 22:26:00.761834+00:00,9.22,19.3,29.21,590.9859212737581,11.838911740062539,-114.49067875546429,6,1
2012-02-04 22:27:00.761830+00:00,9.22,19.3,29.21,590.9859212737581,11.838911740062539,-114.49067875546429,6,3
2012-02-04 22:28:00.761825+00:00,9.28,19.42,29.39,590.9859212737581,11.838911740062539,-114.49067875546429,6,2
2012-02-04 22:52:00.761715+00:00,8.75,18.37,27.81,710.8483497376786,9.688918481729905,-118.79066527212956,15,1
2012-02-04 22:53:00.761711+00:00,8.71,18.29,27.7,696.3800323472327,9.889816614849792,-118.38886900588976,18,2
2012-02-04 22:54:00.761706+00:00,8.69,18.26,27.64,679.6566847636171,10.005525077567228,-118.1574520804549,20,3
2012-02-04 22:55:00.761702+00:00,8.67,18.22,27.59,679.6566847636171,10.005525077567228,-118.1574520804549,20,2
2012-02-04 22:56:00.761697+00:00,8.71,18.29,27.7,679.6566847636171,10.005525077567228,-118.1574520804549,20,1
2012-02-04 23:00:00.761679+00:00,8.73,18.33,27.76,679.6566847636171,10.005525077567228,-118.1574520804549,20,2
2012-02-04 23:01:00.761674+00:00,8.73,18.33,27.76,679.6566847636171,10.005525077567228,-118.1574520804549,20,3
2012-02-04 23:02:00.761670+00:00,8.69,18.26,27.64,679.6566847636171,10.005525077567228,-118.1574520804549,20,3
2012-02-04 23:03:00.761665+00:00,8.67,18.22,27.59,679.6566847636171,9.92000984480581,-118.32848254597772,18,2
2012-02-04 23:04:00.761660+00:00,8.64,18.14,27.47,677.4016545704478,10.057931012580706,-118.05264021042794,15,1
2012-02-04 23:26:00.761560+00:00,8.92,18.71,28.33,543.3809096343272,0.04673185910725032,-138.07503851737485,7,2
2012-02-04 23:27:00.761555+00:00,9.06,18.98,28.74,543.3809096343272,0.04673185910725032,-138.07503851737485,7,3
2012-02-04 23:28:00.761551+00:00,3.23,7.11,10.85,543.3809096343272,0.04673185910725032,-138.07503851737485,7,1
2012-02-04 23:29:00.761546+00:00,3.23,7.11,10.85,543.3809096343272,0.04673185910725032,-138.07503851737485,7,1
2012-02-04 23:46:00.761468+00:00,2.63,5.84,8.92,554.6085096993585,10.550652967147752,-117.06719630129385,13,1
2012-02-04 23:47:00.761464+00:00,2.63,5.84,8.92,548.7632671959543,10.602468423754393,-116.96356538808055,14,2
2012-02-04 23:48:00.761459+00:00,2.62,5.81,8.87,548.7632671959543,10.602468423754393,-116.96356538808055,14,2
2012-02-04 23:49:00.761454+00:00,2.62,5.81,8.87,548.7632671959543,10.602468423754393,-116.96356538808055,14,2
2012-02-04 23:54:00.761432+00:00,2.65,5.88,8.98,548.7632671959543,10.602468423754393,-116.96356538808055,14,2
2012-02-04 23:55:00.761427+00:00,2.69,5.95,9.09,548.7632671959543,10.602468423754393,-116.96356538808055,14,2
2012-02-04 23:56:00.761422+00:00,2.7,5.99,9.15,548.7632671959543,10.602468423754393,-116.96356538808055,14,3
2012-02-05 00:08:00.762263+00:00,2.92,6.46,9.86,1311.2561061201604,1.1620249725442249,-137.52685152187766,23,1
2012-02-05 00:09:00.762259+00:00,2.94,6.49,9.91,1211.778535326095,1.2339281158029345,-137.38304523536024,26,1
2012-02-05 00:10:00.762254+00:00,2.94,6.49,9.91,1160.3648534165538,1.7791732006241507,-136.2925550657178,28,3
2012-02-05 00:11:00.762250+00:00,2.94,6.49,9.91,1155.9770103906255,10.716532901020324,-118.41783566492546,31,2
2012-02-05 00:12:00.762245+00:00,2.94,6.49,9.91,1140.9374478682032,10.796969218999026,-118.25696302896809,33,3
2012-02-05 00:13:00.762240+00:00,2.92,6.46,9.86,1135.1058606562249,12.142780121013162,-115.5653412249398,36,2
2012-02-05 00:14:00.762236+00:00,2.92,6.46,9.86,1115.6790209296034,12.451340795945148,-114.94821987507582,38,3
2012-02-05 00:15:00.762231+00:00,2.92,6.46,9.86,1059.2711882229737,12.546680190183704,-114.7575410865987,41,2
2012-02-05 00:16:00.762227+00:00,2.92,6.46,9.86,1047.665337715874,12.531784738261642,-114.78733199044285,44,3
2012-02-05 00:17:00.762222+00:00,2.9,6.42,9.8,1057.305641998626,12.451340795945148,-114.94821987507582,46,2
2012-02-05 00:18:00.762218+00:00,2.92,6.46,9.86,1059.2711882229737,11.899767936475609,-116.05136559401491,49,3
2012-02-05 00:19:00.762213+00:00,6.07,12.98,19.72,1115.6790209296034,11.348368577737315,-117.15416431149148,50,2
2012-02-05 00:20:00.762208+00:00,5.85,12.54,19.05,1140.9374478682032,11.899767936475609,-116.05136559401491,49,3
2012-02-05 00:21:00.762204+00:00,5.5,11.82,17.97,1149.0556659187805,12.531784738261642,-114.78733199044285,50,2
2012-02-05 00:22:00.762199+00:00,5.34,11.51,17.5,1140.9374478682032,13.088305827123266,-113.67428981271958,49,3
2012-02-05 00:23:00.762195+00:00,5.31,11.45,17.41,1192.125447749751,13.246976806745064,-113.35694785347602,50,2
2012-02-05 00:24:00.762190+00:00,5.25,11.33,17.23,1129.2742734442472,13.266028667767875,-113.31884413143035,49,3
2012-02-05 00:25:00.762186+00:00,5.19,11.2,17.04,1058.8517453605693,13.246976806745064,-113.35694785347602,50,2
2012-02-05 00:26:00.762181+00:00,5.18,11.17,16.99,1039.1516939326616,13.227924945722256,-113.3950515755216,49,3
2012-02-05 00:27:00.762176+00:00,5.19,11.2,17.04,1030.7295785733918,12.841777073699395,-114.16734731956731,50,2
2012-02-05 00:28:00.762172+00:00,5.19,11.2,17.04,1041.8677771266402,12.451340795945148,-114.94821987507582,50,3
2012-02-05 00:29:00.762167+00:00,5.22,11.27,17.13,1093.853287971206,10.407190485679683,-119.03652049560672,50,2
2012-02-05 00:30:00.762163+00:00,5.22,11.27,17.13,1192.125447749751,9.989798936832713,-119.87130359330068,50,3
2012-02-05 00:31:00.762158+00:00,5.22,11.27,17.13,1310.5358822093106,9.804039732152978,-120.24282200266016,50,2
2012-02-05 00:32:00.762153+00:00,5.24,11.3,17.18,1392.217879322616,9.725396601015476,-120.40010826493516,50,3
2012-02-05 00:33:00.762149+00:00,5.34,11.51,17.5,1460.1116579896066,9.666871294677597,-120.51715887761092,50,2
2012-02-05 00:34:00.762144+00:00,5.47,11.76,17.88,1493.010346764609,9.485805310050337,-120.87929084686544,50,3
2012-02-05 00:35:00.762140+00:00,5.36,11.54,17.55,1536.8983874911844,9.181750339741855,-121.48740078748241,50,2
2012-02-05 00:36:00.762135+00:00,5.0,10.8,16.43,1610.3858680538276,9.00317190243464,-121.8445576620968,49,3
2012-02-05 00:37:00.762131+00:00,4.86,10.53,16.02,1657.9226447876504,8.876351221906136,-122.09819902315384,49,2
2012-02-05 00:38:00.762126+00:00,4.77,10.34,15.74,1896.9597774538145,8.262722214927171,-123.32545703711178,49,2
2012-02-05 00:39:00.762121+00:00,4.82,10.43,15.88,1932.3137301199026,7.821684463767473,-124.20753253943116,49,3
2012-02-05 00:40:00.762117+00:00,5.1,11.02,16.76,2057.9660567398714,7.780446524495701,-124.29000841797472,50,2
2012-02-05 00:41:00.762112+00:00,5.24,11.3,17.18,2188.271995532963,7.767341677445022,-124.31621811207607,49,3
2012-02-05 00:42:00.762108+00:00,5.4,11.64,17.69,2232.441487465592,7.770848961833138,-124.30920354329984,50,2
2012-02-05 00:43:00.762103+00:00,5.5,11.82,17.97,2526.0158730373305,7.767341677445022,-124.31621811207607,49,3
2012-02-05 00:44:00.762099+00:00,5.66,12.16,18.49,3354.960190889364,7.595703092170532,-124.65949528262504,50,2
2012-02-05 00:45:00.762094+00:00,0.0,0.0,0.0,3424.370320982909,7.450636765455805,-124.94962793605451,49,3
2012-02-05 00:46:00.762089+00:00,0.0,0.0,0.0,3399.0263832679543,7.359090524926572,-125.13272041711298,50,2
2012-02-05 00:47:00.762085+00:00,0.0,0.0,0.0,3424.370320982909,7.214624228190822,-125.42165301058445,49,3
2012-02-05 00:48:00.762080+00:00,0.0,0.0,0.0,3424.370320982909,7.141247420596978,-125.56840662577216,49,2
2012-02-05 00:49:00.762076+00:00,0.0,0.0,0.0,3548.2760951471973,7.225951251434302,-125.3989989640975,46,3
2012-02-05 00:50:00.762071+00:00,0.0,0.0,0.0,3717.220812104425,7.276773259163218,-125.29735494863968,44,2
2012-02-05 00:51:00.762066+00:00,0.0,0.0,0.0,3830.2890511971113,7.237278274677782,-125.37634491761057,41,3
2012-02-05 00:52:00.762062+00:00,0.0,0.0,0.0,3830.2890511971113,7.141247420596978,-125.56840662577216,41,2
2012-02-05 00:53:00.762057+00:00,0.0,0.0,0.0,3830.2890511971113,7.214624228190822,-125.42165301058445,41,3
2012-02-05 00:54:00.762053+00:00,0.0,0.0,0.0,3830.2890511971113,7.237278274677782,-125.37634491761057,41,2
2012-02-05 00:55:00.762048+00:00,0.0,0.0,0.0,3826.681844311472,7.1745718865569765,-125.50175769385216,40,2
2012-02-05 00:56:00.762044+00:00,0.0,0.0,0.0,3611.366986783017,7.237278274677782,-125.37634491761057,41,3
2012-02-05 00:57:00.762039+00:00,0.0,0.0,0.0,2642.219831758892,7.1745718865569765,-125.50175769385216,40,2
2012-02-05 00:58:00.762034+00:00,0.0,0.0,0.0,1934.6333521370252,7.316268243648658,-125.21836497966879,37,1
2012-02-05 01:01:00.762021+00:00,3.24,7.14,10.9,1605.2087319769641,7.643546334155188,-124.56380879865574,30,1
2012-02-05 01:02:00.762016+00:00,3.21,7.08,10.8,1445.7130844195144,7.237278274677782,-125.37634491761057,27,2
2012-02-05 01:03:00.762012+00:00,3.02,6.67,10.18,1408.4236274886966,7.1118654984361696,-125.62717047009376,25,3
2012-02-05 01:04:00.762007+00:00,2.9,6.42,9.8,1313.4823030341802,7.276773259163218,-125.29735494863968,22,2
2012-02-05 01:05:00.762002+00:00,3.08,6.81,10.39,1218.509449397557,10.474993449073224,-118.9009145688197,20,2
2012-02-05 01:06:00.761998+00:00,3.23,7.11,10.85,985.6373678273093,13.943881982933323,-111.96313750109944,17,3
2012-02-05 01:37:00.761856+00:00,10.41,21.67,32.77,563.28364086231,7.6727749293401875,-124.50535160828574,5,2
2012-02-05 01:38:00.761851+00:00,10.45,21.76,32.9,563.28364086231,7.6727749293401875,-124.50535160828574,5,2
2012-02-05 01:39:00.761847+00:00,10.45,21.76,32.9,563.28364086231,7.6727749293401875,-124.50535160828574,5,1
2012-02-05 01:49:00.761801+00:00,2.87,6.35,9.7,827.676032540058,12.199946859018958,-115.4510077489282,18,1
2012-02-05 01:50:00.761796+00:00,3.02,6.67,10.18,983.6145852890531,12.624936125419545,-114.60102921612702,21,3
2012-02-05 01:51:00.761792+00:00,3.08,6.81,10.39,1007.0132353143997,12.725015796774688,-114.40086987341672,23,3
2012-02-05 01:52:00.761787+00:00,4.98,10.77,16.39,1074.8528590143997,12.989562741935108,-113.87177598309592,26,2
2012-02-05 01:56:00.761769+00:00,5.07,10.96,16.67,1011.2370797095793,12.61579339039232,-114.61931468618148,36,3
2012-02-05 01:57:00.761764+00:00,5.07,10.96,16.67,998.831008533858,12.624936125419545,-114.60102921612702,39,2
2012-02-05 01:58:00.761760+00:00,5.07,10.96,16.67,991.2227969114557,12.61579339039232,-114.61931468618148,40,3
2012-02-05 01:59:00.761755+00:00,5.07,10.96,16.67,983.6145852890531,12.624936125419545,-114.60102921612702,41,2
2012-02-05 02:00:00.761751+00:00,5.09,10.99,16.71,991.2227969114557,12.755854413273525,-114.33919264041906,38,3
2012-02-05 02:01:00.761746+00:00,5.1,11.02,16.76,959.590046790648,12.674975961097115,-114.50094954477188,36,3
2012-02-05 02:02:00.761741+00:00,5.12,11.05,16.81,914.1771940559777,12.606650655365096,-114.63760015623592,33,2
2012-02-05 02:03:00.761737+00:00,5.12,11.05,16.81,924.8713511741099,12.468844294491786,-114.91321287798256,32,3
2012-02-05 02:04:00.761732+00:00,5.12,11.05,16.81,924.8713511741099,12.468844294491786,-114.91321287798256,32,2
2012-02-05 02:05:00.761728+00:00,5.12,11.05,16.81,924.8713511741099,12.468844294491786,-114.91321287798256,32,3
2012-02-05 02:06:00.761723+00:00,5.12,11.05,16.81,924.8713511741099,12.468844294491786,-114.91321287798256,32,2
2012-02-05 02:07:00.761719+00:00,5.12,11.05,16.81,998.831008533858,12.624936125419545,-114.60102921612702,29,2
2012-02-05 02:08:00.761714+00:00,5.09,10.99,16.71,1069.0795832054214,12.84001108759351,-114.1708792917791,26,2
2012-02-05 02:16:00.761677+00:00,8.75,18.37,27.81,591.8088034010109,11.220015167569949,-117.41087113182621,8,1
2012-02-05 02:19:00.761664+00:00,8.73,18.33,27.76,565.1699081319923,7.476826197183755,-124.8972490725986,3,1
2012-02-05 02:20:00.761659+00:00,8.69,18.26,27.64,565.1699081319923,7.476826197183755,-124.8972490725986,3,1
2012-02-05 03:16:00.761403+00:00,3.18,7.01,10.7,823.5297646509497,10.3875850603525,-119.07573134626112,5,1
2012-02-05 03:17:00.761398+00:00,3.18,7.01,10.7,823.5297646509497,10.3875850603525,-119.07573134626112,5,1
2012-02-05 03:19:00.761389+00:00,3.18,7.01,10.7,823.5297646509497,10.3875850603525,-119.07573134626112,5,1
2012-02-05 03:23:00.761371+00:00,3.18,7.01,10.7,823.5297646509497,10.3875850603525,-119.07573134626112,5,1
2012-02-05 03:24:00.761366+00:00,3.18,7.01,10.7,823.5297646509497,10.3875850603525,-119.07573134626112,5,1
2012-02-05 03:39:00.761297+00:00,7.32,15.5,23.51,875.954602669224,12.194104863766015,-115.46269173943406,8,1
2012-02-05 03:40:00.761293+00:00,7.33,15.53,23.56,875.954602669224,12.194104863766015,-115.46269173943406,8,1
2012-02-05 03:41:00.761288+00:00,7.33,15.53,23.56,875.954602669224,12.194104863766015,-115.46269173943406,8,1
2012-02-05 03:42:00.761284+00:00,7.18,15.23,23.1,875.954602669224,12.194104863766015,-115.46269173943406,8,1
2012-02-05 03:43:00.761279+00:00,7.18,15.23,23.1,875.954602669224,12.194104863766015,-115.46269173943406,8,1
2012-02-05 03:44:00.761275+00:00,2.06,4.6,7.04,875.954602669224,12.194104863766015,-115.46269173943406,8,1
2012-02-05 03:45:00.761270+00:00,2.0,4.47,6.84,875.954602669224,12.194104863766015,-115.46269173943406,8,1
2012-02-05 03:46:00.761265+00:00,2.0,4.47,6.84,875.954602669224,12.194104863766015,-115.46269173943406,8,1
2012-02-05 04:05:00.761178+00:00,10.36,21.58,32.64,682.997578984996,11.310483626519561,-117.229934213927,8,1
2012-02-05 04:06:00.761174+00:00,10.3,21.45,32.44,683.2387120566156,11.318992624151141,-117.21291621866385,9,1
2012-02-05 04:07:00.761169+00:00,0.0,0.02,0.04,707.5855925123648,11.361379127324145,-117.12814321231781,10,1
2012-02-05 04:08:00.761165+00:00,0.0,0.02,0.04,683.2387120566156,11.403765630497148,-117.0433702059718,11,1
2012-02-05 04:09:00.761160+00:00,0.0,0.02,0.04,682.997578984996,11.412338713330277,-117.02622404030556,12,1
2012-02-05 04:13:00.761142+00:00,0.0,0.02,0.04,682.997578984996,11.412338713330277,-117.02622404030556,12,1
2012-02-05 04:14:00.761137+00:00,0.0,0.02,0.04,682.997578984996,11.412338713330277,-117.02622404030556,12,1
2012-02-05 04:15:00.761133+00:00,0.0,0.02,0.04,683.2387120566156,11.420911796163399,-117.00907787463932,11,1
2012-02-05 04:16:00.761128+00:00,0.0,0.02,0.04,682.997578984996,11.671436005016176,-116.50802945693377,10,1
2012-02-05 04:17:00.761123+00:00,0.0,0.02,0.04,683.2387120566156,12.023879385881212,-115.8031426952037,9,1
2012-02-05 04:18:00.761119+00:00,0.0,0.02,0.04,707.5855925123648,12.238357314644086,-115.37418683767794,8,1
2012-02-05 04:19:00.761114+00:00,0.0,0.02,0.04,683.2387120566156,12.45283524340696,-114.9452309801522,7,1
2012-02-05 04:35:00.761041+00:00,6.38,13.62,20.68,997.4020871959593,1.3568339818004471,-137.13723350336522,20,1
2012-02-05 04:36:00.761037+00:00,6.36,13.59,20.63,997.4020871959593,1.427912831220674,-136.99507580452476,22,1
2012-02-05 04:37:00.761032+00:00,6.36,13.59,20.63,1008.0535144826604,1.4438660025614891,-136.96316946184314,25,1
2012-02-05 04:38:00.761027+00:00,6.36,13.59,20.63,971.653280484776,1.4438660025614891,-136.96316946184314,27,1
2012-02-05 04:39:00.761023+00:00,6.25,13.36,20.29,971.653280484776,1.4438660025614891,-136.96316946184314,27,1
2012-02-05 04:40:00.761018+00:00,6.22,13.3,20.19,971.653280484776,1.4438660025614891,-136.96316946184314,27,3
2012-02-05 04:41:00.761014+00:00,6.24,13.33,20.24,971.653280484776,1.4438660025614891,-136.96316946184314,27,3
2012-02-05 04:42:00.761009+00:00,6.3,13.46,20.44,971.653280484776,1.4438660025614891,-136.96316946184314,27,2
2012-02-05 04:43:00.761004+00:00,6.3,13.46,20.44,952.9986690609857,1.5304950406375062,-136.78991138569108,30,3
2012-02-05 04:44:00.761000+00:00,6.22,13.3,20.19,980.7518146056365,2.1067804103885184,-135.63734064618907,32,2
2012-02-05 04:45:00.760995+00:00,6.21,13.27,20.15,1015.6022041949016,2.8706708426524337,-134.10955978166123,34,3
2012-02-05 04:46:00.760991+00:00,6.19,13.24,20.1,1059.768010645428,3.265720417050283,-133.31946063286557,36,3
2012-02-05 04:47:00.760986+00:00,6.16,13.17,20.0,1053.2214351243906,2.596436742063513,-134.6580279828391,37,2
2012-02-05 04:48:00.760982+00:00,6.11,13.08,19.86,1008.0535144826604,1.892595849970584,-136.06570976702494,39,1
2012-02-05 04:52:00.760963+00:00,6.14,13.14,19.96,934.3440576371955,3.81778652881948,-132.21532840932716,35,1
2012-02-05 04:53:00.760959+00:00,6.14,13.14,19.96,944.2227652501874,3.537769952489964,-132.7753615619862,36,3
2012-02-05 04:54:00.760954+00:00,6.14,13.14,19.96,998.9519316045784,3.537769952489964,-132.7753615619862,36,3
2012-02-05 04:55:00.760950+00:00,6.14,13.14,19.96,1008.0535144826604,3.689004014120714,-132.4728934387247,35,2
2012-02-05 04:56:00.760945+00:00,6.14,13.14,19.96,1083.7175691862644,3.704575083966728,-132.44175129903266,36,3
2012-02-05 04:57:00.760940+00:00,6.14,13.14,19.96,1187.3305757540975,3.766595343281634,-132.31771078040285,36,3
2012-02-05 04:58:00.760936+00:00,6.14,13.14,19.96,1263.8060940988341,3.6937460101896686,-132.46340944658678,37,3
2012-02-05 05:01:00.760922+00:00,6.14,13.14,19.96,1233.7141166715194,3.6937460101896686,-132.46340944658678,43,1
2012-02-05 05:02:00.760917+00:00,6.1,13.04,19.81,1233.7141166715194,3.6937460101896686,-132.46340944658678,43,3
2012-02-05 05:03:00.760913+00:00,6.03,12.92,19.62,1344.5075229272466,3.766595343281634,-132.31771078040285,40,3
2012-02-05 05:04:00.760908+00:00,6.11,13.08,19.86,1329.4615342135894,3.704575083966728,-132.44175129903266,38,2
2012-02-05 05:05:00.760904+00:00,9.79,20.43,30.91,1425.208951755659,3.6885837842795057,-132.4737338984071,35,3
2012-02-05 05:06:00.760899+00:00,9.85,20.56,31.1,1224.7543092208855,3.687459848683965,-132.47598176959818,34,2
2012-02-05 05:07:00.760895+00:00,9.85,20.56,31.1,1207.1762229597302,3.687459848683965,-132.47598176959818,34,3
2012-02-05 05:08:00.760890+00:00,9.81,20.47,30.97,1207.1762229597302,3.687459848683965,-132.47598176959818,34,3
2012-02-05 05:09:00.760885+00:00,9.74,20.35,30.79,1207.1762229597302,3.687459848683965,-132.47598176959818,34,3
2012-02-05 05:10:00.760881+00:00,9.72,20.31,30.72,1057.588103891438,3.691164897234587,-132.46857167249692,36,2
2012-02-05 05:16:00.760853+00:00,9.32,19.5,29.51,713.2879753800538,4.2181483517590665,-131.41460476344798,24,3
2012-02-05 05:17:00.760849+00:00,9.4,19.66,29.75,653.2365818433468,5.2179207461713695,-129.41505997462338,21,2
2012-02-05 05:18:00.760844+00:00,7.55,15.98,24.23,628.7939769028758,5.723683965189697,-128.40353353658674,18,3
2012-02-05 05:19:00.760840+00:00,5.59,12.01,18.25,610.1567082817538,5.723683965189697,-128.40353353658674,16,3
2012-02-05 05:20:00.760835+00:00,5.56,11.95,18.16,599.6594028057368,6.45515778632653,-126.94058589431307,13,1
2012-02-05 05:44:00.760725+00:00,8.54,17.95,27.19,1159.0686549247287,3.448429832414667,-132.95404180213677,25,1
2012-02-05 05:45:00.760721+00:00,8.58,18.03,27.3,1197.188501712611,3.458227081294276,-132.93444730437756,28,3
2012-02-05 05:46:00.760716+00:00,8.56,17.99,27.25,1159.0686549247287,3.4536778875705987,-132.9435456918249,31,2
2012-02-05 05:47:00.760712+00:00,8.56,17.99,27.25,1149.6295430020662,3.4680243301738845,-132.91485280661834,33,3
2012-02-05 05:48:00.760707+00:00,8.47,17.81,26.97,1118.7442230042486,3.659281417147748,-132.53233863267064,36,3
2012-02-05 05:49:00.760702+00:00,8.41,17.69,26.8,1118.7442230042486,3.840690557806428,-132.1695203513532,38,2
2012-02-05 05:50:00.760698+00:00,8.39,17.66,26.75,1128.30992042797,3.85114760465366,-132.1486062576588,41,2
2012-02-05 05:51:00.760693+00:00,8.41,17.69,26.8,1141.200592237392,3.974145021409738,-131.90261142414664,44,3
2012-02-05 05:52:00.760689+00:00,8.39,17.66,26.75,1154.3490989633974,4.0857624611269285,-131.67937654471223,46,2
2012-02-05 05:53:00.760684+00:00,8.39,17.66,26.75,1167.0500019746728,4.170281553782691,-131.51033835940072,49,3
2012-02-05 05:54:00.760679+00:00,8.39,17.66,26.75,1233.4371062058765,4.347801792129533,-131.15529788270703,52,3
2012-02-05 05:55:00.760675+00:00,8.43,17.73,26.86,1359.8450057522398,5.022980745122101,-129.80493997672193,51,2
2012-02-05 05:56:00.760670+00:00,8.45,17.77,26.91,1380.387097745493,5.1257193091543565,-129.59946284865742,52,3
2012-02-05 05:57:00.760666+00:00,8.43,17.73,26.86,1403.3797903367727,4.901943835258082,-130.04701379644996,51,2
2012-02-05 05:58:00.760661+00:00,5.1,11.02,16.76,1453.7935724754898,5.022980745122101,-129.80493997672193,51,3
2012-02-05 05:59:00.760657+00:00,5.1,11.02,16.76,1575.914959266428,5.1340207664023305,-129.58285993416146,51,3
2012-02-05 06:00:00.760652+00:00,5.09,10.99,16.71,1633.3824071950207,5.7387522708160255,-128.37339692533408,52,2
2012-02-05 06:01:00.760647+00:00,5.09,10.99,16.71,1785.3486556508426,5.8737390379065575,-128.103423391153,52,3
2012-02-05 06:02:00.760643+00:00,5.09,10.99,16.71,1865.06226409558,6.284721516154433,-127.28145843465722,52,3
2012-02-05 06:03:00.760638+00:00,5.03,10.87,16.53,2248.22689150345,7.579685080529526,-124.69153130590706,52,2
2012-02-05 06:04:00.760634+00:00,5.01,10.83,16.48,2439.013706729992,7.581056819968685,-124.68878782702872,52,3
2012-02-05 06:05:00.760629+00:00,5.0,10.8,16.43,2524.88294144435,7.947059311097977,-123.95678284477016,52,3
2012-02-05 06:06:00.760625+00:00,5.0,10.8,16.43,2524.88294144435,8.587014543915743,-122.67687237913464,52,2
2012-02-05 06:07:00.760620+00:00,5.0,10.8,16.43,2524.88294144435,8.587014543915743,-122.67687237913464,52,3
2012-02-05 06:08:00.760615+00:00,5.0,10.8,16.43,2545.159607550349,8.598010819449973,-122.65487982806616,51,2
2012-02-05 06:09:00.760611+00:00,5.0,10.8,16.43,2556.0118009147554,8.623525985797835,-122.60384949537044,50,3
2012-02-05 06:10:00.760606+00:00,5.0,10.8,16.43,2573.676770950649,8.885996657221067,-122.07890815252398,47,2
2012-02-05 06:11:00.760602+00:00,4.98,10.77,16.39,2573.676770950649,8.885996657221067,-122.07890815252398,47,3
2012-02-05 06:12:00.760597+00:00,5.0,10.8,16.43,2566.863994279161,8.649041152145697,-122.55281916267471,47,2
2012-02-05 06:13:00.760592+00:00,5.0,10.8,16.43,2545.159607550349,8.885996657221067,-122.07890815252398,47,3
2012-02-05 06:14:00.760588+00:00,5.0,10.8,16.43,2329.8127471145863,9.003646151677382,-121.84360916361136,46,3
2012-02-05 06:15:00.760583+00:00,4.98,10.77,16.39,2151.6660207096293,9.318597677827993,-121.21370611131012,47,2
2012-02-05 06:16:00.760579+00:00,4.94,10.68,16.25,1814.605790846344,9.877832928581324,-120.09523560980348,46,2
2012-02-05 06:17:00.760574+00:00,4.88,10.56,16.06,1643.6575714913474,10.025110556936971,-119.80068035309219,47,3
2012-02-05 06:18:00.760570+00:00,4.82,10.43,15.88,1421.5532184023057,10.336984693937687,-119.1769320790907,46,2
2012-02-05 06:20:00.760560+00:00,4.79,10.37,15.78,1190.418608044937,9.730555300225676,-120.38979086651476,47,1
2012-02-05 06:21:00.760556+00:00,4.79,10.37,15.78,1127.6922708169334,9.483902421832802,-120.88309662330049,46,3
2012-02-05 06:22:00.760551+00:00,4.79,10.37,15.78,1070.1648439653693,9.318597677827993,-121.21370611131012,47,3
2012-02-05 06:23:00.760547+00:00,7.33,15.53,23.56,1007.5742710206713,9.208732378279832,-121.43343671040644,47,2
2012-02-05 06:24:00.760542+00:00,6.96,14.79,22.44,986.3134554510277,9.331725080858572,-121.18745130524894,47,3
2012-02-05 06:25:00.760538+00:00,7.0,14.86,22.54,986.3134554510277,9.331725080858572,-121.18745130524894,47,2
2012-02-05 06:26:00.760533+00:00,6.93,14.73,22.34,985.622939321712,9.483902421832802,-120.88309662330049,46,3
2012-02-05 06:27:00.760528+00:00,6.88,14.63,22.2,986.3134554510277,9.565482567968731,-120.71993633102863,47,2
2012-02-05 06:28:00.760524+00:00,6.87,14.6,22.15,980.0097119024678,9.829550124318768,-120.19180121832858,47,3
2012-02-05 06:29:00.760519+00:00,6.88,14.63,22.2,960.2590137493187,9.829550124318768,-120.19180121832858,49,2
2012-02-05 06:30:00.760515+00:00,6.88,14.63,22.2,948.2005551735184,9.565482567968731,-120.71993633102863,51,3
2012-02-05 06:31:00.760510+00:00,6.87,14.6,22.15,874.9317965260796,9.12129564613369,-121.60831017469872,51,3
2012-02-05 06:32:00.760506+00:00,6.85,14.56,22.1,863.236050530003,9.193523384385873,-121.46385469819437,50,2
2012-02-05 06:33:00.760501+00:00,6.87,14.6,22.15,832.7685000661434,9.331725080858572,-121.18745130524894,47,3
2012-02-05 06:34:00.760496+00:00,6.85,14.56,22.1,824.6781025255997,9.055321687913173,-121.74025809113978,45,3
2012-02-05 06:35:00.760492+00:00,6.87,14.6,22.15,828.7233012958715,8.945810173508946,-121.95928111994823,42,2
2012-02-05 06:36:00.760487+00:00,6.87,14.6,22.15,853.8501482961115,8.926772299051896,-121.99735686886231,40,2
2012-02-05 06:37:00.760483+00:00,6.85,14.56,22.1,832.7685000661434,8.943127043267543,-121.96464738043105,37,3
2012-02-05 06:38:00.760478+00:00,6.87,14.6,22.15,824.6781025255997,8.943127043267543,-121.96464738043105,35,2
2012-02-05 06:39:00.760473+00:00,6.88,14.63,22.2,797.5904378441091,8.945810173508946,-121.95928111994823,34,3
2012-02-05 06:40:00.760469+00:00,6.9,14.66,22.25,779.9941551987115,8.926772299051896,-121.99735686886231,32,2
2012-02-05 06:41:00.760464+00:00,6.88,14.63,22.2,779.2581014559429,8.892109801880599,-122.06668186320492,31,3
2012-02-05 06:48:00.760432+00:00,7.05,14.96,22.7,571.524725685582,5.2587144300834545,-129.3334726067992,25,1
2012-02-05 06:49:00.760428+00:00,7.05,14.96,22.7,566.8082283369519,5.1587482182929465,-129.53340503038024,23,2
2012-02-05 06:50:00.760423+00:00,7.05,14.96,22.7,554.7294276333838,5.667689666513537,-128.51552213393904,23,1
2012-02-05 06:51:00.760419+00:00,7.06,14.99,22.75,554.7294276333838,7.543927884605492,-124.76304569775513,21,1
2012-02-05 06:52:00.760414+00:00,7.06,14.99,22.75,552.285249408908,7.6477829634477885,-124.55533554007052,20,1
2012-02-05 06:53:00.760409+00:00,7.06,14.99,22.75,552.285249408908,7.6477829634477885,-124.55533554007052,20,1
2012-02-05 06:55:00.760400+00:00,7.06,14.99,22.75,565.8606468793105,10.876904232281849,-118.09709300240242,23,3
2012-02-05 06:56:00.760396+00:00,7.06,14.99,22.75,565.8606468793105,7.751638042290084,-124.34762538238594,25,2
2012-02-05 06:57:00.760391+00:00,7.03,14.93,22.65,566.8082283369519,7.543927884605492,-124.76304569775513,27,3
2012-02-05 06:58:00.760386+00:00,7.01,14.89,22.59,567.4371194920169,5.741364984649238,-128.36817149766765,29,1
2012-02-05 06:59:00.760382+00:00,7.0,14.86,22.54,567.4371194920169,5.657616562266419,-128.53566834243327,27,3
2012-02-05 07:00:00.760377+00:00,7.01,14.89,22.59,575.1742737694948,5.6994907734578275,-128.45191992005044,26,1
2012-02-05 07:04:00.760359+00:00,7.01,14.89,22.59,601.9748862284277,5.385814330429746,-129.07927280610662,22,1
2012-02-05 07:05:00.760354+00:00,7.0,14.86,22.54,601.9748862284277,5.05605672291639,-129.7387880211333,20,3
2012-02-05 07:06:00.760350+00:00,6.9,14.66,22.25,582.9114280469722,5.114012098593072,-129.62287726977996,19,1
2012-02-05 07:07:00.760345+00:00,5.31,11.45,17.41,582.9114280469722,5.657616562266419,-128.53566834243327,17,3
2012-02-05 07:08:00.760341+00:00,5.24,11.3,17.18,603.4145978599029,6.642646434627365,-126.56560859771142,14,1
2012-02-05 07:16:00.760304+00:00,5.18,11.17,16.99,643.2435710862388,11.175098631801289,-117.50070420336355,10,1
2012-02-05 07:24:00.760267+00:00,10.19,21.24,32.12,559.3933733199798,11.329311781913376,-117.19227790313934,14,3
2012-02-05 07:25:00.760263+00:00,10.21,21.28,32.18,559.3933733199798,11.329311781913376,-117.19227790313934,14,2
2012-02-05 07:27:00.760254+00:00,10.34,21.54,32.57,560.3531811306378,11.237234443033989,-117.37643258089813,13,1
2012-02-05 07:28:00.760249+00:00,10.36,21.58,32.64,560.3531811306378,11.237234443033989,-117.37643258089813,13,2
2012-02-05 07:29:00.760245+00:00,10.36,21.58,32.64,560.3531811306378,11.237234443033989,-117.37643258089813,13,1
2012-02-05 07:30:00.760240+00:00,10.39,21.63,32.7,560.3531811306378,11.237234443033989,-117.37643258089813,13,1
2012-02-05 07:31:00.760235+00:00,0.0,0.02,0.01,559.3933733199798,11.175098631801289,-117.50070420336355,14,2
2012-02-05 07:32:00.760231+00:00,0.0,0.02,0.01,559.3933733199798,11.175098631801289,-117.50070420336355,14,1
2012-02-05 07:41:00.760190+00:00,10.17,21.19,32.05,580.4833882160352,9.63296138809831,-120.5849786907695,3,1
2012-02-05 08:00:00.760103+00:00,9.89,20.64,31.22,1012.6902439366793,9.96849487538702,-119.91391171619208,25,2
2012-02-05 08:01:00.760098+00:00,9.89,20.64,31.22,1012.6902439366793,9.96849487538702,-119.91391171619208,27,2
2012-02-05 08:02:00.760094+00:00,9.89,20.64,31.22,1036.0566485156612,8.163601600471013,-123.5236982660241,30,3
2012-02-05 08:03:00.760089+00:00,9.89,20.64,31.22,1036.0566485156612,9.75062718380709,-120.34964709935193,32,2
2012-02-05 08:04:00.760084+00:00,9.89,20.64,31.22,1012.6902439366793,10.838236638447203,-118.17442819007172,35,3
2012-02-05 08:05:00.760080+00:00,9.89,20.64,31.22,1006.7143319841431,11.205037572894812,-117.44082632117649,37,2
2012-02-05 08:06:00.760075+00:00,9.89,20.64,31.22,1004.8290348009566,11.021637105671008,-117.80762725562413,38,3
2012-02-05 08:07:00.760071+00:00,9.89,20.64,31.22,1004.8290348009566,11.021637105671008,-117.80762725562413,38,2
2012-02-05 08:08:00.760066+00:00,9.89,20.64,31.22,1004.8290348009566,11.021637105671008,-117.80762725562413,38,3
2012-02-05 08:09:00.760061+00:00,9.89,20.64,31.22,1004.8290348009566,11.021637105671008,-117.80762725562413,38,2
2012-02-05 08:10:00.760057+00:00,9.89,20.64,31.22,1006.7143319841431,10.838236638447203,-118.17442819007172,37,2
2012-02-05 08:11:00.760052+00:00,9.89,20.64,31.22,1012.6902439366793,10.072261332785503,-119.70637880139508,35,2
2012-02-05 08:12:00.760048+00:00,9.89,20.64,31.22,1032.3090008824581,9.96849487538702,-119.91391171619208,33,3
2012-02-05 08:13:00.760043+00:00,9.93,20.73,31.35,1026.2472700427718,8.433352520750184,-122.98419642546574,30,2
2012-02-05 08:14:00.760039+00:00,9.95,20.77,31.41,1039.8042961488645,6.794443708714867,-126.2620140495364,27,3
2012-02-05 08:15:00.760034+00:00,9.93,20.73,31.35,1012.6902439366793,10.072261332785503,-119.70637880139508,25,2
2012-02-05 09:12:00.759773+00:00,9.24,19.34,29.27,675.1924438073678,10.0140585316801,-119.82278440360592,15,2
2012-02-05 09:13:00.759769+00:00,9.22,19.3,29.21,675.1924438073678,8.291280895233609,-123.26833967649891,17,2
2012-02-05 09:14:00.759764+00:00,9.22,19.3,29.21,689.8235712036821,7.7511224483296575,-124.3486565703068,20,3
2012-02-05 09:15:00.759759+00:00,9.2,19.26,29.15,700.6488395236635,8.050476812501078,-123.74994784196396,22,2
2012-02-05 09:16:00.759755+00:00,9.18,19.22,29.09,731.1392722400357,10.0140585316801,-119.82278440360592,25,1
2012-02-05 09:17:00.759750+00:00,9.04,18.95,28.68,731.1392722400357,10.162348598254217,-119.52620427045768,27,1
2012-02-05 09:18:00.759746+00:00,8.98,18.83,28.5,730.4205839038277,10.0140585316801,-119.82278440360592,29,1
2012-02-05 09:21:00.759732+00:00,8.75,18.37,27.81,743.0751574007429,8.542821897648572,-122.76525767166895,36,3
2012-02-05 09:22:00.759727+00:00,8.75,18.37,27.81,760.4219572454283,8.389049340804528,-123.07280278535706,38,1
2012-02-05 09:23:00.759723+00:00,8.77,18.41,27.87,791.1545415821074,8.3267775028668,-123.19734646123251,38,3
2012-02-05 09:24:00.759718+00:00,8.77,18.41,27.87,792.5694898396256,8.415824571109061,-123.019252324748,37,2
2012-02-05 09:25:00.759714+00:00,8.75,18.37,27.81,770.6336023074144,8.415824571109061,-123.019252324748,37,2
2012-02-05 09:26:00.759709+00:00,8.75,18.37,27.81,792.5694898396256,8.362274110499992,-123.12635324596613,35,3
2012-02-05 09:27:00.759704+00:00,8.73,18.33,27.76,792.5694898396256,8.415824571109061,-123.019252324748,35,2
2012-02-05 09:28:00.759700+00:00,8.73,18.33,27.76,803.8332486741343,8.421132981105464,-123.0086355047552,34,2
2012-02-05 09:29:00.759695+00:00,8.71,18.29,27.7,770.6336023074144,8.415824571109061,-123.019252324748,37,2
2012-02-05 09:30:00.759691+00:00,8.71,18.29,27.7,749.546212249842,8.542821897648572,-122.76525767166895,40,3
2012-02-05 09:31:00.759686+00:00,8.71,18.29,27.7,748.8821123162422,9.564736895165657,-120.72142767663479,39,2
2012-02-05 09:32:00.759682+00:00,8.71,18.29,27.7,747.2102412554348,9.962246808566023,-119.92640784983408,40,3
2012-02-05 09:33:00.759677+00:00,8.71,18.29,27.7,747.2102412554348,9.962246808566023,-119.92640784983408,40,1
2012-02-05 09:34:00.759672+00:00,8.71,18.29,27.7,742.0554283863253,10.363638015673091,-119.12362543561993,40,3
2012-02-05 09:35:00.759668+00:00,8.71,18.29,27.7,727.6531717624114,9.111969649680466,-121.62696216760516,40,1
2012-02-05 09:36:00.759663+00:00,8.71,18.29,27.7,672.8502758625658,8.585592382799389,-122.67971670136733,39,1
2012-02-05 09:38:00.759654+00:00,8.71,18.29,27.7,670.9426855272902,8.426441391101866,-122.9980186847624,35,2
2012-02-05 09:39:00.759649+00:00,8.71,18.29,27.7,654.3241007072099,8.415824571109061,-123.019252324748,33,2
2012-02-05 09:40:00.759645+00:00,8.75,18.37,27.81,644.304317607758,8.585592382799389,-122.67971670136733,31,3
2012-02-05 09:41:00.759640+00:00,8.79,18.45,27.93,637.3271858583447,8.60784098760037,-122.63521949176537,29,2
2012-02-05 09:42:00.759636+00:00,8.69,18.26,27.64,630.3130111024217,10.363638015673091,-119.12362543561993,26,1
2012-02-05 09:43:00.759631+00:00,7.05,14.96,22.7,626.4699149174127,10.363638015673091,-119.12362543561993,24,2
2012-02-05 09:44:00.759627+00:00,7.08,15.03,22.8,624.9610337369055,9.483798854783377,-120.88330375739937,22,3
2012-02-05 09:45:00.759622+00:00,7.1,15.06,22.85,615.0866260178009,8.59671668519988,-122.65746809656635,20,3
2012-02-05 09:50:00.759599+00:00,9.16,19.18,29.03,632.8326332172817,8.08734105417717,-123.67621935861177,13,1
2012-02-05 10:02:00.759544+00:00,7.32,15.5,23.51,738.8326608267123,2.668627000307227,-134.51364746635167,19,1
2012-02-05 10:03:00.759540+00:00,7.33,15.53,23.56,738.8326608267123,2.668627000307227,-134.51364746635167,19,3
2012-02-05 10:04:00.759535+00:00,7.3,15.47,23.45,738.8326608267123,2.668627000307227,-134.51364746635167,19,2
2012-02-05 10:05:00.759530+00:00,7.3,15.47,23.45,738.8326608267123,2.668627000307227,-134.51364746635167,19,1
2012-02-05 10:06:00.759526+00:00,7.32,15.5,23.51,737.3119091141439,2.860833717310752,-134.12923403234458,20,2
2012-02-05 10:07:00.759521+00:00,7.32,15.5,23.51,737.3119091141439,2.860833717310752,-134.12923403234458,20,3
2012-02-05 10:08:00.759517+00:00,7.33,15.53,23.56,737.3119091141439,2.860833717310752,-134.12923403234458,20,2
2012-02-05 10:09:00.759512+00:00,7.35,15.57,23.61,737.3119091141439,2.860833717310752,-134.12923403234458,20,3
2012-02-05 10:10:00.759508+00:00,7.35,15.57,23.61,737.3119091141439,2.860833717310752,-134.12923403234458,20,2
2012-02-05 10:15:00.759485+00:00,7.38,15.64,23.71,668.1308545969755,3.6226410585415305,-132.60561934988306,19,1
2012-02-05 10:20:00.759462+00:00,7.9,16.68,25.28,745.4277988353932,11.820672535999622,-116.20955639496687,19,1
2012-02-05 10:21:00.759457+00:00,8.1,17.07,25.87,733.3290460675291,11.053947433248824,-117.74300660046845,20,2
2012-02-05 10:24:00.759443+00:00,7.78,16.43,24.91,733.3290460675291,11.053947433248824,-117.74300660046845,20,2
2012-02-05 10:25:00.759439+00:00,7.78,16.43,24.91,733.3290460675291,11.053947433248824,-117.74300660046845,20,1
2012-02-05 10:26:00.759434+00:00,7.89,16.65,25.23,745.4277988353932,11.598231306720846,-116.65443885352444,19,3
2012-02-05 10:27:00.759430+00:00,7.75,16.36,24.8,745.4277988353932,11.598231306720846,-116.65443885352444,19,2
2012-02-05 10:28:00.759425+00:00,8.01,16.9,25.6,721.2302932996649,10.509663559776806,-118.83157434741248,21,3
2012-02-05 10:29:00.759421+00:00,8.05,16.97,25.71,712.373072173958,8.682015300971596,-122.48687086502292,22,2
2012-02-05 10:30:00.759416+00:00,8.19,17.26,26.14,712.373072173958,9.887333893962573,-120.07623367904095,24,3
2012-02-05 10:37:00.759384+00:00,8.16,17.18,26.03,705.8052659829577,6.501882591123363,-126.84713628471941,26,1
2012-02-05 10:38:00.759379+00:00,8.03,16.93,25.65,724.3167734887134,5.042837677864427,-129.76522611123727,26,2
2012-02-05 10:39:00.759375+00:00,8.05,16.97,25.71,752.2222782923468,4.033123351275809,-131.78465476441448,27,1
2012-02-05 10:40:00.759370+00:00,8.08,17.04,25.82,740.5388660597619,4.033123351275809,-131.78465476441448,27,3
2012-02-05 10:41:00.759366+00:00,8.12,17.11,25.92,752.2222782923468,6.731825551993224,-126.38725036297969,25,2
2012-02-05 10:42:00.759361+00:00,8.12,17.11,25.92,740.5388660597619,6.731825551993224,-126.38725036297969,27,1
2012-02-05 10:43:00.759357+00:00,8.12,17.11,25.92,740.5388660597619,6.731825551993224,-126.38725036297969,27,1
2012-02-05 10:44:00.759352+00:00,8.12,17.11,25.92,740.5388660597619,6.731825551993224,-126.38725036297969,27,1
2012-02-05 10:45:00.759347+00:00,8.12,17.11,25.92,740.5388660597619,6.731825551993224,-126.38725036297969,27,2
2012-02-05 10:46:00.759343+00:00,8.12,17.11,25.92,724.3167734887134,6.820263893776346,-126.21037367941344,28,2
2012-02-05 10:47:00.759338+00:00,8.14,17.15,25.98,724.3167734887134,6.820263893776346,-126.21037367941344,28,3
2012-02-05 10:48:00.759334+00:00,8.12,17.11,25.92,724.3167734887134,6.820263893776346,-126.21037367941344,28,2
2012-02-05 10:49:00.759329+00:00,7.98,16.82,25.49,736.0763398288063,6.0030932803361425,-127.84471490629385,30,3
2012-02-05 10:50:00.759324+00:00,7.82,16.5,25.01,736.0763398288063,5.1127410711047885,-129.62541932475654,28,1
2012-02-05 10:51:00.759320+00:00,7.71,16.29,24.7,731.6138135978506,5.2743610086790635,-129.302179449608,25,1
2012-02-05 10:52:00.759315+00:00,7.64,16.15,24.49,740.5388660597619,5.2743610086790635,-129.302179449608,23,1
2012-02-05 10:56:00.759297+00:00,7.62,16.12,24.44,755.1325814785017,5.935715025497338,-127.97947141597143,24,1
2012-02-05 10:57:00.759292+00:00,7.64,16.15,24.49,754.417346418828,6.9061259136050674,-126.03864963975599,22,1
2012-02-05 10:58:00.759288+00:00,7.96,16.79,25.44,734.0214725670222,7.226548603461393,-125.39780426004332,19,3
2012-02-05 10:59:00.759283+00:00,7.8,16.47,24.96,722.7920221504169,7.220865694177957,-125.40917007861022,16,1
2012-02-05 11:03:00.759265+00:00,7.52,15.91,24.12,732.8176430824366,6.911808822888501,-126.02728382118912,12,1
2012-02-05 11:04:00.759260+00:00,7.52,15.91,24.12,722.7920221504169,5.935715025497338,-127.97947141597143,14,2
2012-02-05 11:05:00.759256+00:00,7.54,15.95,24.18,722.7920221504169,5.935715025497338,-127.97947141597143,14,3
2012-02-05 11:13:00.759219+00:00,7.59,16.05,24.33,742.4066403700107,8.13297623434622,-123.5849489982737,10,1
2012-02-05 11:14:00.759215+00:00,7.73,16.33,24.75,683.5776522769582,7.47159482004166,-124.9077118268828,8,1
2012-02-05 11:15:00.759210+00:00,7.64,16.15,24.49,599.0415306806401,7.15685503946877,-125.53719138802856,6,1
2012-02-05 11:17:00.759201+00:00,7.52,15.91,24.12,577.2479069988945,8.430497461304045,-122.98990654435805,4,1
2012-02-05 11:36:00.759114+00:00,8.26,17.4,26.36,817.0275669576984,15.359025289954774,-109.13285088705658,22,1
2012-02-05 11:37:00.759109+00:00,8.25,17.36,26.31,825.8027167674388,15.26846398208291,-109.3139735028003,25,3
2012-02-05 11:38:00.759105+00:00,8.25,17.36,26.31,876.0783437394693,15.133923982271028,-109.58305350242405,27,2
2012-02-05 11:39:00.759100+00:00,8.26,17.4,26.36,907.5673472541904,15.038568861720307,-109.7737637435255,30,2
2012-02-05 11:40:00.759096+00:00,8.26,17.4,26.36,907.5673472541904,14.795508376077073,-110.25988471481196,32,3
2012-02-05 11:41:00.759091+00:00,8.26,17.4,26.36,888.9962467744044,14.362887124829706,-111.12512721730671,34,2
2012-02-05 11:42:00.759086+00:00,8.26,17.4,26.36,888.9962467744044,14.362887124829706,-111.12512721730671,34,3
2012-02-05 11:43:00.759082+00:00,8.26,17.4,26.36,888.9962467744044,14.362887124829706,-111.12512721730671,34,1
2012-02-05 11:44:00.759077+00:00,8.26,17.4,26.36,850.9405302534541,14.068594149500813,-111.71371316796447,36,2
2012-02-05 11:45:00.759073+00:00,8.26,17.4,26.36,811.1688330236453,14.588945367021116,-110.67301073292387,39,2
2012-02-05 11:46:00.759068+00:00,8.28,17.44,26.42,811.1688330236453,14.588945367021116,-110.67301073292387,39,3
2012-02-05 11:47:00.759064+00:00,8.28,17.44,26.42,825.8027167674388,14.588945367021116,-110.67301073292387,37,2
2012-02-05 11:48:00.759059+00:00,8.3,17.47,26.47,843.6235883815573,14.068594149500813,-111.71371316796447,34,2
2012-02-05 11:49:00.759054+00:00,8.32,17.51,26.53,809.7106250858017,13.899392996716768,-112.05211547353258,32,3
2012-02-05 11:50:00.759050+00:00,8.28,17.44,26.42,809.7106250858017,14.294652391692223,-111.26159668358166,30,2
2012-02-05 11:51:00.759045+00:00,8.23,17.33,26.25,723.1455641606245,14.749178984917762,-110.35254349713058,27,1
2012-02-05 11:53:00.759036+00:00,8.25,17.36,26.31,715.9993026428294,13.424122017848346,-113.00265743126944,22,1
2012-02-05 11:54:00.759032+00:00,8.23,17.33,26.25,715.9993026428294,13.424122017848346,-113.00265743126944,22,2
2012-02-05 11:55:00.759027+00:00,8.19,17.26,26.14,765.6989906542913,12.900001969808455,-114.0508975273492,20,2
2012-02-05 12:03:00.761586+00:00,7.71,16.29,24.7,791.5312303703905,3.1665516826810247,-129.1057390999654,9,1
2012-02-05 12:04:00.761582+00:00,7.71,16.29,24.7,791.5312303703905,3.1665516826810247,-129.1057390999654,9,1
2012-02-05 12:05:00.761577+00:00,7.71,16.29,24.7,791.5312303703905,3.1665516826810247,-129.1057390999654,9,2
2012-02-05 12:06:00.761572+00:00,7.71,16.29,24.7,791.5312303703905,3.1665516826810247,-129.1057390999654,9,1
2012-02-05 12:09:00.761559+00:00,7.71,16.29,24.7,791.5312303703905,3.1665516826810247,-129.1057390999654,9,2
2012-02-05 12:10:00.761554+00:00,7.71,16.29,24.7,791.5312303703905,3.1665516826810247,-129.1057390999654,9,2
2012-02-05 12:23:00.761495+00:00,7.43,15.74,23.86,556.0950637331613,8.43345787614842,-118.57192671303062,2,1
2012-02-05 12:32:00.761453+00:00,7.49,15.84,24.02,557.6504095473579,6.7187659438290135,-122.00131057766943,3,1
2012-02-05 12:34:00.761444+00:00,7.61,16.08,24.38,562.7613076599125,5.414397545021181,-124.61004737528508,2,1
2012-02-05 13:28:00.761197+00:00,7.82,16.5,25.01,689.7470044803673,8.843509088117091,-117.75182428909328,8,2
2012-02-05 13:29:00.761193+00:00,7.83,16.54,25.07,689.7470044803673,8.843509088117091,-117.75182428909328,8,2
2012-02-05 13:36:00.761160+00:00,7.82,16.5,25.01,689.7470044803673,8.843509088117091,-117.75182428909328,8,2
2012-02-05 13:37:00.761156+00:00,7.71,16.29,24.7,689.7470044803673,8.843509088117091,-117.75182428909328,8,2
2012-02-05 13:53:00.761083+00:00,6.8,14.46,21.95,937.4386498421285,9.959918897590313,-115.51900467014684,1,1
2012-02-05 14:08:00.761014+00:00,7.4,15.67,23.76,528.586081191704,13.3536803157279,-108.73148183387168,1,1
2012-02-05 14:24:00.760941+00:00,8.81,18.48,27.99,888.3875385647659,10.350208092918743,-114.73842627948996,5,2
2012-02-05 14:25:00.760936+00:00,8.77,18.41,27.87,888.3875385647659,10.350208092918743,-114.73842627948996,5,3
2012-02-05 15:26:00.760657+00:00,10.32,21.5,32.51,573.1829884404605,14.116170225284831,-107.2065020147578,1,1
2012-02-05 15:40:00.760593+00:00,10.34,21.54,32.57,717.3042515327008,6.921880824252403,-121.59508081682266,6,1
2012-02-05 15:41:00.760588+00:00,7.18,15.23,23.1,717.3042515327008,6.921880824252403,-121.59508081682266,6,2
2012-02-05 15:42:00.760584+00:00,10.39,21.63,32.7,717.3042515327008,6.921880824252403,-121.59508081682266,6,2
2012-02-05 15:43:00.760579+00:00,10.41,21.67,32.77,717.3042515327008,6.921880824252403,-121.59508081682266,6,1
2012-02-05 23:37:00.758409+00:00,7.43,15.74,23.86,771.1786980047617,2.156554887840874,-131.1257326896457,1,1
2012-02-06 01:37:00.768902+00:00,9.52,19.9,30.11,6258.656873477774,-1.713623045537851,-142.5087290679549,1,1
2012-02-06 06:30:00.767560+00:00,7.11,15.1,22.9,907.5954866768933,5.386306476892546,-128.30887002309413,12,1
2012-02-06 06:31:00.767556+00:00,3.43,7.54,11.5,878.6638102503042,5.639157399702627,-127.80316817747395,13,1
2012-02-06 06:32:00.767551+00:00,3.15,6.94,10.59,863.2453330023932,5.386306476892546,-128.30887002309413,14,2
2012-02-06 06:33:00.767547+00:00,3.24,7.14,10.9,847.8268557544824,5.639157399702627,-127.80316817747395,17,2
2012-02-06 06:36:00.767533+00:00,3.37,7.41,11.3,789.3491592687458,5.8750702544399385,-127.33134246799936,22,2
2012-02-06 06:37:00.767528+00:00,3.24,7.14,10.9,797.8055813957942,5.639157399702627,-127.80316817747395,23,1
2012-02-06 06:38:00.767524+00:00,3.16,6.98,10.64,789.3491592687458,5.8750702544399385,-127.33134246799936,24,1
2012-02-06 06:39:00.767519+00:00,5.57,11.98,18.21,789.3491592687458,5.8750702544399385,-127.33134246799936,24,1
2012-02-06 06:40:00.767515+00:00,5.54,11.92,18.11,797.8055813957942,6.110983109177246,-126.85951675852472,23,1
2012-02-06 06:41:00.767510+00:00,5.54,11.92,18.11,789.3491592687458,6.40370949739186,-126.27406398209551,22,2
2012-02-06 06:42:00.767506+00:00,5.59,12.01,18.25,789.3491592687458,6.40370949739186,-126.27406398209551,22,1
2012-02-06 06:43:00.767501+00:00,5.79,12.41,18.86,789.3491592687458,7.0820716814241145,-124.917339614031,22,3
2012-02-06 06:44:00.767496+00:00,5.88,12.6,19.15,775.2056345294251,7.7445118595001885,-123.59245925787884,22,1
2012-02-06 06:45:00.767492+00:00,5.88,12.6,19.15,769.5185319171527,8.066862832259844,-122.94775731235953,23,3
2012-02-06 06:46:00.767487+00:00,5.88,12.6,19.15,763.691738417384,8.083720914447616,-122.914041147984,23,1
2012-02-06 06:47:00.767483+00:00,5.88,12.6,19.15,713.1321005620323,8.584356883620956,-121.9127692096373,23,1
2012-02-06 06:51:00.767464+00:00,5.65,12.13,18.44,737.3593647470602,11.654023518851053,-115.77343593917713,24,1
2012-02-06 06:52:00.767460+00:00,5.65,12.13,18.44,763.691738417384,13.710617254334462,-111.6602484682103,23,1
2012-02-06 06:53:00.767455+00:00,5.72,12.29,18.67,741.0250558709046,14.813430477969954,-109.45462202093931,22,1
2012-02-06 06:54:00.767451+00:00,5.79,12.41,18.86,766.6051351672684,14.813430477969954,-109.45462202093931,22,1
2012-02-06 06:55:00.767446+00:00,5.82,12.48,18.96,815.7892999288613,14.813430477969954,-109.45462202093931,24,2
2012-02-06 06:56:00.767441+00:00,5.86,12.57,19.1,850.6131901233392,16.084635637608358,-106.91221170166253,22,1
2012-02-06 06:57:00.767437+00:00,5.88,12.6,19.15,830.0091008118338,16.25302757361126,-106.57542782965669,21,1
2012-02-06 06:58:00.767432+00:00,5.89,12.63,19.19,850.6131901233392,16.25593820864156,-106.56960655959612,20,2
2012-02-06 06:59:00.767428+00:00,5.93,12.7,19.29,850.6131901233392,16.25593820864156,-106.56960655959612,20,3
2012-02-06 07:02:00.767414+00:00,5.93,12.7,19.29,940.766952721475,9.777665043066092,-119.52615289074706,27,1
2012-02-06 07:03:00.767409+00:00,5.88,12.6,19.15,980.2748879041553,8.469119055742004,-122.14324486539522,27,2
2012-02-06 07:04:00.767405+00:00,5.85,12.54,19.05,1060.1205196400915,8.469119055742004,-122.14324486539522,27,2
2012-02-06 07:05:00.767400+00:00,5.83,12.51,19.01,1133.382545116992,8.444147590495326,-122.19318779588858,26,2
2012-02-06 07:09:00.767382+00:00,5.96,12.76,19.38,1362.631832154805,6.6346627113067065,-125.81215755426581,20,1
2012-02-06 07:10:00.767377+00:00,5.93,12.7,19.29,1519.523057254339,5.3760747523187105,-128.3293334722418,18,3
2012-02-06 07:11:00.767373+00:00,5.91,12.67,19.24,1519.523057254339,5.3760747523187105,-128.3293334722418,18,2
2012-02-06 07:12:00.767368+00:00,5.91,12.67,19.24,1519.523057254339,5.3760747523187105,-128.3293334722418,18,3
2012-02-06 07:13:00.767364+00:00,5.88,12.6,19.15,1577.2732886410247,5.0442458589896235,-128.99299125889996,17,2
2012-02-06 07:23:00.767318+00:00,2.65,5.88,8.98,825.326225647923,6.890934902819184,-125.29961317124085,12,1
2012-02-06 07:24:00.767313+00:00,2.58,5.73,8.75,825.326225647923,6.1178181774684015,-126.84584662194244,12,2
2012-02-06 07:25:00.767309+00:00,2.46,5.46,8.35,803.2623680983417,6.588352716588497,-125.90477754370224,13,2
2012-02-06 07:31:00.767281+00:00,2.4,5.35,8.17,780.8981628632628,6.1178181774684015,-126.84584662194244,14,2
2012-02-06 07:32:00.767277+00:00,2.42,5.39,8.23,780.8981628632628,6.1178181774684015,-126.84584662194244,14,2
2012-02-06 07:33:00.767272+00:00,2.46,5.46,8.35,758.5339576281838,6.588352716588497,-125.90477754370224,13,2
2012-02-06 07:34:00.767267+00:00,2.51,5.58,8.52,780.8981628632628,6.1178181774684015,-126.84584662194244,12,1
2012-02-06 07:35:00.767263+00:00,2.56,5.69,8.7,758.5339576281838,6.588352716588497,-125.90477754370224,9,2
2012-02-06 14:57:00.765690+00:00,0.0,0.02,0.01,11142133.884353517,7.601998023934172,-122.96075548517905,2,1
2012-02-06 14:58:00.765685+00:00,0.0,0.02,0.01,11142133.884353517,7.601998023934172,-122.96075548517905,2,1
2012-02-07 15:48:00.761756+00:00,0.0,0.0,0.0,2537.274501859497,4.331576963698312,-136.07858721185602,2,1
2012-02-07 15:54:00.761729+00:00,0.0,0.0,0.0,2537.274501859497,4.331576963698312,-136.07858721185602,2,1
2012-02-07 16:22:00.761601+00:00,0.0,0.0,0.0,3991.5955298646163,1.6214048889326618,-141.49893136138732,1,1
2012-02-07 17:47:00.761212+00:00,0.0,0.0,0.0,2154.7218774713238,5.006431098816573,-134.72887894161948,1,1
2012-02-07 18:38:00.760978+00:00,0.0,0.0,0.0,4084.012026288719,4.8875467800449135,-134.96664757916284,1,1
2012-02-08 15:36:00.766211+00:00,1.54,3.44,5.27,31391.38462729055,4.903756903716959,-133.81232004219152,2,1
2012-02-08 15:42:00.766184+00:00,1.54,3.44,5.27,31391.38462729055,4.903756903716959,-133.81232004219152,2,1
2012-02-09 19:38:00.761803+00:00,1.24,2.79,4.27,6639.624671436173,6.535647716172456,-132.12853178743185,1,1
2012-02-09 20:41:00.761515+00:00,0.68,1.54,2.36,260343.0783964305,8.88292251942061,-127.43398218093556,1,1
2012-02-09 20:58:00.761437+00:00,0.0,0.0,0.0,624.4169118746153,4.6202118319159835,-135.95940355594482,1,1
2012-02-10 07:04:00.759259+00:00,0.0,0.02,0.0,6816153.182464573,1.3120833544709076,-139.00629955559492,3,1
2012-02-10 07:05:00.759254+00:00,0.0,0.02,0.0,6816153.182464573,1.3120833544709076,-139.00629955559492,3,2
2012-02-10 10:32:00.758307+00:00,7.83,16.54,25.07,594.9449083522752,4.551836695301087,-132.52679287393457,1,1
2012-02-10 16:31:00.767759+00:00,6.51,13.88,21.06,3333423.7445416045,4.415468821830126,-126.35158711566359,4,2
2012-02-10 16:32:00.767755+00:00,6.51,13.88,21.06,3333423.7445416045,4.415468821830126,-126.35158711566359,4,2
2012-02-11 13:46:00.764315+00:00,3.62,7.93,12.1,703.8786236887147,1.0062624300900829,-123.2737965490647,8,1
2012-02-11 13:47:00.764310+00:00,3.62,7.93,12.1,703.8786236887147,1.0062624300900829,-123.2737965490647,8,2
2012-02-11 13:48:00.764306+00:00,3.6,7.9,12.05,703.8786236887147,1.0062624300900829,-123.2737965490647,8,3
2012-02-11 13:49:00.764301+00:00,3.6,7.9,12.05,703.8786236887147,1.0062624300900829,-123.2737965490647,8,2
2012-02-11 14:24:00.764141+00:00,1.61,3.61,5.51,565.9301114164299,8.469993233602159,-108.34633494204054,1,1
2012-02-11 14:35:00.764090+00:00,6.13,13.11,19.91,1630.2109713927648,7.829048648774595,-109.62822411169566,26,2
2012-02-11 14:36:00.764086+00:00,6.11,13.08,19.86,1646.1837291290806,7.408188108639103,-110.46994519196664,28,3
2012-02-11 14:37:00.764081+00:00,6.1,13.04,19.81,1612.865685645962,6.36178784599596,-112.56274571725294,31,2
2012-02-11 14:38:00.764077+00:00,6.07,12.98,19.72,1612.865685645962,6.36178784599596,-112.56274571725294,31,3
2012-02-11 14:39:00.764072+00:00,6.1,13.04,19.81,1603.0480058610615,6.196519438435707,-112.89328253237343,32,2
2012-02-11 14:40:00.764068+00:00,6.18,13.2,20.05,1508.3519581369867,6.36178784599596,-112.56274571725294,35,3
2012-02-11 14:41:00.764063+00:00,6.16,13.17,20.0,1507.6018338493882,6.399236100508225,-112.4878492082284,36,2
2012-02-11 14:42:00.764058+00:00,6.16,13.17,20.0,1416.235040875316,6.36178784599596,-112.56274571725294,39,3
2012-02-11 14:43:00.764054+00:00,6.13,13.11,19.91,1406.2505184785705,6.031251030875456,-113.22381934749393,41,2
2012-02-11 14:44:00.764049+00:00,6.13,13.11,19.91,1374.409028194928,6.196519438435707,-112.89328253237343,44,2
2012-02-11 14:45:00.764045+00:00,6.05,12.95,19.67,1374.409028194928,6.399236100508225,-112.4878492082284,44,3
2012-02-11 14:46:00.764040+00:00,6.05,12.95,19.67,1400.397319053468,6.5178547861253735,-112.2506118369941,41,2
2012-02-11 14:47:00.764035+00:00,5.79,12.41,18.86,1335.311821541794,6.590375432430163,-112.10557054438452,40,2
2012-02-11 14:49:00.764026+00:00,5.65,12.13,18.44,1029.838955085927,6.949481570685803,-111.38735826787322,40,3
2012-02-11 14:50:00.764022+00:00,5.66,12.16,18.49,1047.8807806898835,7.283273871529996,-110.71977366618486,41,2
2012-02-11 14:51:00.764017+00:00,0.0,0.02,0.0,1029.838955085927,6.949481570685803,-111.38735826787322,40,2
2012-02-11 14:52:00.764013+00:00,0.0,0.02,0.0,1000.8348946925863,6.949481570685803,-111.38735826787322,40,2
2012-02-11 14:53:00.764008+00:00,0.0,0.02,0.0,928.9219752242841,7.074395807794911,-111.13752979365505,38,3
2012-02-11 14:54:00.764003+00:00,0.0,0.02,0.0,897.9700826453239,7.908864805404729,-109.4685917984354,39,2
2012-02-11 14:57:00.763990+00:00,5.85,12.54,19.05,832.9177752163248,9.56936257804722,-106.14759625315044,32,3
2012-02-11 14:58:00.763985+00:00,5.88,12.6,19.15,825.0510053193649,9.168709039246712,-106.94890333075143,33,2
2012-02-11 14:59:00.763981+00:00,5.88,12.6,19.15,798.5145676520665,9.168709039246712,-106.94890333075143,33,3
2012-02-11 15:00:00.763976+00:00,5.88,12.6,19.15,791.5147398787133,10.011256641389778,-105.2638081264653,30,2
2012-02-11 15:01:00.763971+00:00,5.88,12.6,19.15,793.9725105848322,10.052497165931827,-105.18132707738121,29,3
2012-02-11 15:03:00.763962+00:00,5.97,12.79,19.43,787.6260935320703,10.845386997080183,-103.59554741508448,24,3
2012-02-11 15:04:00.763958+00:00,5.97,12.79,19.43,793.9725105848322,11.633435205061465,-102.01945099912191,21,1
2012-02-11 15:07:00.763944+00:00,6.03,12.92,19.62,798.5145676520665,11.705130112690934,-101.87606118386299,19,1
2012-02-11 15:08:00.763939+00:00,6.03,12.92,19.62,793.7857684123303,11.71204066048437,-101.86224008827612,16,2
2012-02-11 16:11:00.763651+00:00,4.34,9.45,14.39,523.1809714382024,16.594569257268933,-92.09718289470699,1,1
2012-02-11 16:30:00.763564+00:00,6.62,14.1,21.41,521.8766787744412,11.976453980389195,-101.33341344846649,6,1
2012-02-11 16:31:00.763559+00:00,6.56,13.97,21.21,521.8766787744412,11.976453980389195,-101.33341344846649,6,2
2012-02-11 16:32:00.763555+00:00,6.51,13.88,21.06,521.8766787744412,11.976453980389195,-101.33341344846649,6,2
2012-02-11 16:33:00.763550+00:00,6.56,13.97,21.21,521.8766787744412,11.976453980389195,-101.33341344846649,6,1
2012-02-11 16:43:00.763504+00:00,9.68,20.23,30.6,891.8955550695752,13.425314195781393,-98.43569301768207,26,1
2012-02-11 16:44:00.763500+00:00,10.04,20.94,31.67,868.3036323962484,13.428324874011768,-98.42967166122132,28,1
2012-02-11 16:45:00.763495+00:00,10.0,20.85,31.54,868.3036323962484,13.428324874011768,-98.42967166122132,28,3
2012-02-11 16:46:00.763491+00:00,9.98,20.81,31.48,868.3036323962484,13.428324874011768,-98.42967166122132,28,3
2012-02-11 16:47:00.763486+00:00,9.98,20.81,31.48,860.7082635199388,13.429073782243679,-98.4281738447575,29,3
2012-02-11 16:48:00.763482+00:00,3.63,7.97,12.15,850.0290674908824,13.510671467790106,-98.26497847366467,32,3
2012-02-11 16:49:00.763477+00:00,3.63,7.97,12.15,845.4686018751297,13.583075541385693,-98.12017032647348,35,2
2012-02-11 16:50:00.763472+00:00,3.63,7.97,12.15,843.2512593772972,13.583075541385693,-98.12017032647348,37,3
2012-02-11 16:51:00.763468+00:00,7.55,15.98,24.23,796.4622218102572,13.510671467790106,-98.26497847366467,40,3
2012-02-11 16:52:00.763463+00:00,7.57,16.02,24.28,795.0351811372387,13.454187081321896,-98.37794724660108,42,3
2012-02-11 16:53:00.763459+00:00,7.55,15.98,24.23,809.6465241645402,13.427575965779855,-98.43116947768516,45,3
2012-02-11 16:57:00.763440+00:00,7.37,15.6,23.66,813.4158482982835,13.454187081321896,-98.37794724660108,42,3
2012-02-11 16:58:00.763436+00:00,7.35,15.57,23.61,793.7745402264967,13.583075541385693,-98.12017032647348,41,2
2012-02-11 16:59:00.763431+00:00,7.42,15.71,23.81,793.7745402264967,13.583075541385693,-98.12017032647348,41,3
2012-02-11 17:00:00.763427+00:00,7.42,15.71,23.81,793.7745402264967,14.059512109933626,-97.16729718937759,41,2
2012-02-11 17:01:00.763422+00:00,5.36,11.54,17.55,793.7745402264967,14.65146812090148,-95.9833851674419,41,3
2012-02-11 17:02:00.763417+00:00,1.05,2.37,3.62,793.7745402264967,15.217265715793204,-94.85178997765844,41,3
2012-02-11 17:03:00.763413+00:00,5.36,11.54,17.55,866.4442045821071,15.217265715793204,-94.85178997765844,41,3
2012-02-11 17:04:00.763408+00:00,5.37,11.57,17.6,900.92206795246,14.222833211866586,-96.84065498551169,42,2
2012-02-11 17:05:00.763404+00:00,9.18,19.22,29.09,942.3662388387738,13.1997052439939,-98.88691092125704,44,2
2012-02-11 17:07:00.763395+00:00,8.9,18.67,28.27,962.525963445271,12.733267960699886,-99.8197854878451,49,1
2012-02-11 17:08:00.763390+00:00,9.0,18.87,28.56,966.2890184181553,12.077065589062565,-101.13219023111972,49,2
2012-02-11 17:09:00.763385+00:00,9.14,19.14,28.97,999.1597389940961,11.474695009676676,-102.33693138989149,48,3
2012-02-11 17:10:00.763381+00:00,9.18,19.22,29.09,1014.4954726033144,11.170280799613707,-102.94575981001744,49,3
2012-02-11 17:11:00.763376+00:00,9.06,18.98,28.74,1090.5344989301848,10.866503368490498,-103.55331467226385,49,3
2012-02-11 17:12:00.763372+00:00,9.22,19.3,29.21,1120.9870133400611,9.435141676951023,-106.4160380553428,50,2
2012-02-11 17:13:00.763367+00:00,9.02,18.91,28.62,1128.9037056313216,8.553940728733455,-108.17843995177796,49,3
2012-02-11 17:14:00.763363+00:00,9.04,18.95,28.68,1140.7169137431047,8.334128227605241,-108.61806495403437,49,3
2012-02-11 17:15:00.763358+00:00,8.94,18.75,28.39,1165.530545881296,8.334128227605241,-108.61806495403437,49,3
2012-02-11 17:16:00.763353+00:00,8.81,18.48,27.99,1190.0441780302756,8.602627808367771,-108.0810657925093,52,2
2012-02-11 17:17:00.763349+00:00,8.85,18.56,28.1,1195.5260964895394,9.107235565261242,-107.07185027872237,55,3
2012-02-11 17:18:00.763344+00:00,8.85,18.56,28.1,1204.6028647396452,9.261164293849257,-106.76399282154634,56,3
2012-02-11 17:19:00.763340+00:00,8.85,18.56,28.1,1206.83119429456,9.107235565261242,-107.07185027872237,55,3
2012-02-11 17:20:00.763335+00:00,8.85,18.56,28.1,1185.0864825419253,8.651314888002089,-107.98369163324068,55,2
2012-02-11 17:21:00.763331+00:00,8.9,18.67,28.27,1174.1492933122854,8.302679197037321,-108.6809630151702,56,3
2012-02-11 17:22:00.763326+00:00,8.92,18.71,28.33,1174.1492933122854,8.170810049010784,-108.94470131122328,56,3
2012-02-11 17:23:00.763321+00:00,8.85,18.56,28.1,1161.444268983068,8.097390027377099,-109.09154135449066,56,3
2012-02-11 17:24:00.763317+00:00,9.02,18.91,28.62,1163.2121040826455,8.108178496088858,-109.06996441706713,55,3
2012-02-11 17:25:00.763312+00:00,9.0,18.87,28.56,1150.1966738132974,8.170810049010784,-108.94470131122328,56,2
2012-02-11 17:26:00.763308+00:00,9.1,19.06,28.85,1126.8078381441878,8.830588146997348,-107.62514511525015,56,3
2012-02-11 17:27:00.763303+00:00,9.14,19.14,28.97,1106.371969319842,9.662520915675657,-105.96127957789356,55,3
2012-02-11 17:28:00.763298+00:00,9.14,19.14,28.97,1108.2897793901407,10.380976543805057,-104.52436832163471,55,3
2012-02-11 17:29:00.763294+00:00,10.17,21.19,32.05,1108.2897793901407,10.801175350182117,-103.68397070888064,55,3
2012-02-11 17:30:00.763289+00:00,10.32,21.5,32.51,1124.711970657054,11.482478082023036,-102.3213652451988,55,3
2012-02-11 17:31:00.763285+00:00,10.39,21.63,32.7,1124.711970657054,12.804973565469409,-99.67637427830604,55,2
2012-02-11 17:32:00.763280+00:00,10.41,21.67,32.77,1108.2897793901407,13.251657713063116,-98.78300598311858,55,3
2012-02-11 17:33:00.763276+00:00,10.41,21.67,32.77,1116.5008750235975,13.294815805852535,-98.6966897975398,56,3
2012-02-11 17:34:00.763271+00:00,10.41,21.67,32.77,1108.2897793901407,13.402858228591368,-98.48060495206212,55,3
2012-02-11 17:35:00.763266+00:00,10.41,21.67,32.77,1070.316885942989,13.402858228591368,-98.48060495206212,55,3
2012-02-11 17:36:00.763262+00:00,10.41,21.67,32.77,974.8930258364827,13.402858228591368,-98.48060495206212,55,2
2012-02-11 17:37:00.763257+00:00,10.43,21.72,32.84,961.5564037527806,13.348241940413349,-98.58983752841816,54,2
2012-02-11 17:38:00.763253+00:00,10.43,21.72,32.84,952.7808259066742,13.407336532815128,-98.4716483436146,51,3
2012-02-11 17:39:00.763248+00:00,10.45,21.76,32.9,957.8860621589689,13.407336532815128,-98.4716483436146,49,3
2012-02-11 17:40:00.763244+00:00,10.45,21.76,32.9,962.1837727064432,13.489093037616456,-98.30813533401192,46,3
2012-02-11 17:41:00.763239+00:00,10.45,21.76,32.9,966.4814832539172,13.539441976760605,-98.20743745572365,43,2
2012-02-11 17:42:00.763234+00:00,2.14,4.78,7.3,1040.9170306565943,13.64393862818334,-97.99844415287819,40,3
2012-02-11 17:43:00.763230+00:00,3.72,8.16,12.44,1108.2897793901407,13.649844872817926,-97.986631663609,37,3
2012-02-11 17:44:00.763225+00:00,0.0,0.02,0.01,1108.2897793901407,13.638032383548763,-98.01025664214735,35,3
2012-02-11 17:45:00.763221+00:00,3.71,8.13,12.39,1208.644698136463,13.526358280860551,-98.23360484752376,32,3
2012-02-11 17:46:00.763216+00:00,3.71,8.13,12.39,1228.0074405040393,13.464911490272415,-98.35649842870001,29,3
2012-02-11 18:13:00.763092+00:00,6.96,14.79,22.44,949.9391541200563,4.541224734173978,-116.20387194089687,29,3
2012-02-11 18:14:00.763088+00:00,6.96,14.79,22.44,911.7895757564572,4.4106681064375595,-116.46498519636972,30,2
2012-02-11 18:15:00.763083+00:00,6.96,14.79,22.44,843.8677662131238,4.459251816996606,-116.36781777525164,33,3
2012-02-11 18:16:00.763079+00:00,6.96,14.79,22.44,833.1681792369841,4.369681647848874,-116.54695811354709,34,3
2012-02-11 18:17:00.763074+00:00,6.96,14.79,22.44,833.1681792369841,4.369681647848874,-116.54695811354709,34,3
2012-02-11 18:18:00.763070+00:00,6.96,14.79,22.44,833.1681792369841,4.369681647848874,-116.54695811354709,34,3
2012-02-11 18:19:00.763065+00:00,6.96,14.79,22.44,833.1681792369841,4.369681647848874,-116.54695811354709,34,2
2012-02-11 18:20:00.763060+00:00,6.96,14.79,22.44,833.1681792369841,4.369681647848874,-116.54695811354709,34,3
2012-02-11 18:21:00.763056+00:00,6.96,14.79,22.44,833.1681792369841,4.369681647848874,-116.54695811354709,34,3
2012-02-11 18:22:00.763051+00:00,6.96,14.79,22.44,833.1681792369841,4.369681647848874,-116.54695811354709,34,3
2012-02-11 18:23:00.763047+00:00,6.95,14.76,22.39,843.8677662131238,4.2801114787011425,-116.72609845184256,33,1
2012-02-11 18:24:00.763042+00:00,6.82,14.5,22.0,812.1518423459227,4.101245763044259,-117.08382988315634,30,3
2012-02-11 18:25:00.763038+00:00,6.77,14.4,21.85,773.104432299954,3.8432912446749086,-117.59973891989503,27,2
2012-02-11 18:36:00.762987+00:00,5.86,12.57,19.1,684.4487540696133,8.77190857006932,-107.74250426910622,10,2
2012-02-11 18:37:00.762983+00:00,5.86,12.57,19.1,684.4487540696133,8.77190857006932,-107.74250426910622,10,3
2012-02-11 18:38:00.762978+00:00,5.86,12.57,19.1,684.4487540696133,8.77190857006932,-107.74250426910622,10,2
2012-02-11 18:42:00.762960+00:00,5.97,12.79,19.43,685.2636792320677,7.050393306433219,-111.1855347963784,13,3
2012-02-11 18:50:00.762923+00:00,5.94,12.73,19.34,697.8106933658902,16.12630952944753,-93.03370235034978,9,3
2012-02-11 18:56:00.762896+00:00,7.35,15.57,23.61,750.1104791358757,15.524264182730562,-94.23779304378373,9,1
2012-02-11 18:57:00.762891+00:00,7.35,15.57,23.61,750.1104791358757,15.524264182730562,-94.23779304378373,9,2
2012-02-11 19:04:00.762859+00:00,7.42,15.71,23.81,697.8106933658902,16.89369800255526,-91.49892540413431,13,1
2012-02-11 19:05:00.762854+00:00,7.42,15.71,23.81,701.1214868961748,17.875542655397453,-89.53523609844994,15,2
2012-02-11 19:10:00.762832+00:00,7.42,15.71,23.81,615.5464952184548,18.626865680388157,-88.03259004846853,13,2
2012-02-11 19:12:00.762822+00:00,0.0,0.0,0.0,615.5464952184548,18.626865680388157,-88.03259004846853,13,1
2012-02-11 19:13:00.762818+00:00,6.25,13.36,20.29,615.5464952184548,18.626865680388157,-88.03259004846853,13,2
2012-02-11 19:14:00.762813+00:00,6.25,13.36,20.29,615.5464952184548,18.626865680388157,-88.03259004846853,13,3
2012-02-11 19:15:00.762809+00:00,6.21,13.27,20.15,600.5315468667417,18.931158523196107,-87.42400436285266,11,1
2012-02-11 19:18:00.762795+00:00,6.21,13.27,20.15,597.9277301961505,18.937521100737296,-87.41127920777028,10,1
2012-02-11 19:34:00.762722+00:00,7.11,15.1,22.9,593.3926567666224,17.059003654715944,-91.16831409981295,6,1
2012-02-11 19:35:00.762717+00:00,7.11,15.1,22.9,593.3926567666224,17.059003654715944,-91.16831409981295,6,2
2012-02-11 19:36:00.762713+00:00,7.11,15.1,22.9,593.3926567666224,17.059003654715944,-91.16831409981295,6,2
2012-02-11 19:37:00.762708+00:00,7.11,15.1,22.9,593.3926567666224,17.059003654715944,-91.16831409981295,6,1
2012-02-11 20:13:00.762543+00:00,2.55,5.66,8.64,833.708100827796,4.8990223838018405,-115.48827664164116,7,1
2012-02-11 20:14:00.762539+00:00,2.55,5.66,8.64,833.708100827796,4.8990223838018405,-115.48827664164116,7,3
2012-02-11 20:22:00.762502+00:00,2.55,5.66,8.64,833.708100827796,4.8990223838018405,-115.48827664164116,7,2
2012-02-11 20:23:00.762497+00:00,2.55,5.66,8.64,833.708100827796,4.8990223838018405,-115.48827664164116,7,1
2012-02-11 21:51:00.762095+00:00,5.22,11.27,17.13,895.9873224559607,12.701785339220724,-99.88275073080341,23,1
2012-02-11 21:52:00.762090+00:00,0.0,0.0,0.0,895.9873224559607,12.701785339220724,-99.88275073080341,23,3
2012-02-11 21:53:00.762085+00:00,0.0,0.0,0.0,895.9873224559607,12.701785339220724,-99.88275073080341,23,3
2012-02-11 21:54:00.762081+00:00,0.0,0.0,0.0,895.9873224559607,12.701785339220724,-99.88275073080341,23,2
2012-02-11 21:55:00.762076+00:00,0.0,0.0,0.0,895.9873224559607,12.701785339220724,-99.88275073080341,23,3
2012-02-11 21:56:00.762072+00:00,0.0,0.0,0.0,895.9873224559607,12.701785339220724,-99.88275073080341,23,3
2012-02-11 21:57:00.762067+00:00,3.42,7.51,11.45,895.9873224559607,12.701785339220724,-99.88275073080341,23,3
2012-02-11 21:58:00.762063+00:00,0.0,0.0,0.0,895.9873224559607,12.701785339220724,-99.88275073080341,23,3
2012-02-11 21:59:00.762058+00:00,0.0,0.0,0.0,895.9873224559607,12.701785339220724,-99.88275073080341,23,1
2012-02-11 22:00:00.762053+00:00,0.0,0.0,0.0,895.9873224559607,12.701785339220724,-99.88275073080341,23,1
2012-02-11 23:12:00.761724+00:00,0.0,0.0,0.0,592.2639548386431,-1.0922328308433975,-127.47078707093165,7,1
2012-02-11 23:13:00.761719+00:00,0.0,0.0,0.0,592.2639548386431,-1.0922328308433975,-127.47078707093165,7,3
2012-02-11 23:14:00.761715+00:00,0.0,0.0,0.0,592.2639548386431,-1.0922328308433975,-127.47078707093165,7,3
2012-02-12 00:01:00.762295+00:00,8.26,17.4,26.36,911.5713705110904,6.781911803382754,-136.34765456392532,22,3
2012-02-12 00:02:00.762291+00:00,8.26,17.4,26.36,799.3356984023053,7.006538147445723,-135.89840187579935,23,1
2012-02-12 00:03:00.762286+00:00,7.98,16.82,25.49,915.8489909883723,7.557543719843515,-134.79639073100378,26,2
2012-02-12 00:04:00.762282+00:00,7.8,16.47,24.96,799.3356984023053,8.19847188805443,-133.51453439458191,29,3
2012-02-12 00:05:00.762277+00:00,7.8,16.47,24.96,807.8909393568692,8.901726453406857,-132.1080252638771,31,3
2012-02-12 00:06:00.762272+00:00,7.8,16.47,24.96,807.8909393568692,8.901726453406857,-132.1080252638771,31,3
2012-02-12 00:07:00.762268+00:00,7.8,16.47,24.96,807.8909393568692,8.901726453406857,-132.1080252638771,31,3
2012-02-12 00:08:00.762263+00:00,7.8,16.47,24.96,807.8909393568692,8.901726453406857,-132.1080252638771,31,1
2012-02-12 00:12:00.762245+00:00,7.62,16.12,24.44,1031.8100575783417,9.501664600621561,-130.9081489694477,28,3
2012-02-12 00:13:00.762240+00:00,7.62,16.12,24.44,1031.8100575783417,9.007978296403849,-131.89552157788307,26,3
2012-02-12 00:14:00.762236+00:00,7.62,16.12,24.44,1023.8070426198757,9.114230139400837,-131.6830178918891,23,2
2012-02-12 00:15:00.762231+00:00,7.62,16.12,24.44,947.2736676630194,9.69091017930776,-130.5296578120753,22,1
2012-02-12 00:19:00.762213+00:00,7.62,16.12,24.44,951.1570099823964,21.471792487030577,-106.96789319662963,15,3
2012-02-12 00:24:00.762190+00:00,7.82,16.5,25.01,1052.2573574489722,9.69091017930776,-130.5296578120753,8,1
2012-02-12 00:25:00.762186+00:00,0.0,0.0,0.0,1413.5958103408768,9.365233619581323,-131.18101093152814,6,2
2012-02-12 08:08:00.760066+00:00,9.1,19.06,28.85,837.3092679522391,19.77584187141715,-110.35979442785649,9,1
2012-02-12 08:09:00.760061+00:00,9.1,19.06,28.85,837.3092679522391,19.77584187141715,-110.35979442785649,9,3
2012-02-12 08:10:00.760057+00:00,9.1,19.06,28.85,837.3092679522391,19.77584187141715,-110.35979442785649,9,2
2012-02-12 08:11:00.760052+00:00,9.1,19.06,28.85,837.3092679522391,19.77584187141715,-110.35979442785649,9,2
2012-02-12 08:12:00.760048+00:00,9.1,19.06,28.85,837.3092679522391,19.77584187141715,-110.35979442785649,9,1
2012-02-12 08:52:00.759865+00:00,8.47,17.81,26.97,546.2392273904766,16.14795937601039,-117.61555941867003,3,1
2012-02-12 08:53:00.759860+00:00,8.47,17.81,26.97,546.2392273904766,16.14795937601039,-117.61555941867003,3,2
2012-02-12 09:10:00.759782+00:00,0.0,0.0,0.0,1253.4508748440333,5.005927747299035,-139.89962267609272,5,1
2012-02-12 09:11:00.759778+00:00,0.0,0.0,0.0,1140.7132572106786,5.118153058949497,-139.6751720527918,6,3
2012-02-12 09:12:00.759773+00:00,0.0,0.0,0.0,1068.1019739163137,5.005927747299035,-139.89962267609272,7,1
2012-02-12 09:21:00.759732+00:00,0.0,0.0,0.0,1152.5880670586462,5.118153058949497,-139.6751720527918,6,2
2012-02-12 09:23:00.759723+00:00,0.0,0.0,0.0,1068.1019739163137,5.230378370599959,-139.4507214294909,3,1
2012-02-12 09:34:00.759672+00:00,5.68,12.2,18.53,924.5281239245016,22.93918607916266,-104.0331060123655,11,1
2012-02-12 09:35:00.759668+00:00,5.68,12.2,18.53,924.5281239245016,22.93918607916266,-104.0331060123655,11,3
2012-02-12 09:40:00.759645+00:00,5.68,12.2,18.53,924.5281239245016,22.93918607916266,-104.0331060123655,11,3
2012-02-12 09:41:00.759640+00:00,5.68,12.2,18.53,924.5281239245016,22.93918607916266,-104.0331060123655,11,2
2012-02-12 09:42:00.759636+00:00,5.68,12.2,18.53,924.5281239245016,22.93918607916266,-104.0331060123655,11,2
2012-02-12 09:53:00.759585+00:00,7.55,15.98,24.23,926.9906382653854,15.333857380415113,-119.24376340986058,16,1
2012-02-12 09:54:00.759581+00:00,7.55,15.98,24.23,926.9906382653854,15.333857380415113,-119.24376340986058,16,2
2012-02-12 09:55:00.759576+00:00,7.55,15.98,24.23,1040.6348095330136,17.95695211108735,-113.9975739485161,19,1
2012-02-12 09:58:00.759563+00:00,7.55,15.98,24.23,1176.2923854509565,18.491304849247378,-112.92886847219604,25,2
2012-02-12 09:59:00.759558+00:00,7.55,15.98,24.23,1176.2923854509565,18.491304849247378,-112.92886847219604,25,3
2012-02-12 10:00:00.759553+00:00,7.55,15.98,24.23,1176.2923854509565,18.491304849247378,-112.92886847219604,25,2
2012-02-12 10:01:00.759549+00:00,7.55,15.98,24.23,1176.2923854509565,18.491304849247378,-112.92886847219604,25,1
2012-02-12 10:02:00.759544+00:00,7.55,15.98,24.23,1176.2923854509565,18.491304849247378,-112.92886847219604,25,3
2012-02-12 10:03:00.759540+00:00,7.55,15.98,24.23,1176.2923854509565,18.491304849247378,-112.92886847219604,25,1
2012-02-12 10:04:00.759535+00:00,7.61,16.08,24.38,1299.3312685079575,18.661358935264214,-112.58876030016238,23,2
2012-02-12 10:05:00.759530+00:00,7.61,16.08,24.38,1498.4109966270455,18.944509293918934,-112.02245958285292,21,1
2012-02-12 10:06:00.759526+00:00,7.61,16.08,24.38,1498.4109966270455,18.944509293918934,-112.02245958285292,21,2
2012-02-12 10:07:00.759521+00:00,7.61,16.08,24.38,1498.4109966270455,18.944509293918934,-112.02245958285292,21,3
2012-02-12 10:08:00.759517+00:00,7.68,16.22,24.59,1498.4109966270455,19.318104227594077,-111.27526971550266,21,1
2012-02-12 10:18:00.759471+00:00,0.0,0.0,0.0,3194.6026494582256,22.87349982594873,-104.16447851879332,11,2
2012-02-12 10:22:00.759453+00:00,0.0,0.0,0.0,3194.6026494582256,22.87349982594873,-104.16447851879332,11,1
2012-02-12 10:23:00.759448+00:00,0.0,0.0,0.0,2666.1597052870598,22.93951503082125,-104.03244810904829,12,2
2012-02-12 10:24:00.759443+00:00,0.0,0.0,0.0,2666.1597052870598,22.93951503082125,-104.03244810904829,12,2
2012-02-12 10:25:00.759439+00:00,0.0,0.0,0.0,2137.7167611158934,23.005530235693783,-103.90041769930323,13,2
2012-02-12 10:26:00.759434+00:00,0.0,0.0,0.0,2137.7167611158934,23.005530235693783,-103.90041769930323,13,1
2012-02-12 10:27:00.759430+00:00,0.0,0.0,0.0,2137.7167611158934,23.005530235693783,-103.90041769930323,13,1
2012-02-12 10:33:00.759402+00:00,0.0,0.0,0.0,3194.6026494582256,23.005530235693783,-103.90041769930323,9,1
2012-02-12 10:35:00.759393+00:00,10.32,21.5,32.51,869.6639913037427,23.341524150145034,-103.22842987040077,5,1
2012-02-12 10:44:00.759352+00:00,8.14,17.15,25.98,719.3562556977423,23.652804549497237,-102.60586907169632,2,1
2012-02-12 10:55:00.759302+00:00,0.0,0.0,0.0,5953.818163340916,4.558647604357825,-140.7941829619751,2,1
2012-02-12 10:59:00.759283+00:00,0.0,0.0,0.0,5953.818163340916,4.558647604357825,-140.7941829619751,2,1
2012-02-12 11:10:00.759233+00:00,9.36,19.58,29.63,25453512.84257064,3.2185936017004444,-143.4742909672899,9,3
2012-02-12 11:11:00.759228+00:00,9.36,19.58,29.63,25453512.84257064,3.2185936017004444,-143.4742909672899,9,2
2012-02-12 11:12:00.759224+00:00,9.36,19.58,29.63,21045142.48897595,3.5091323574143605,-142.8932134558621,10,2
2012-02-12 11:13:00.759219+00:00,9.36,19.58,29.63,21045142.48897595,3.5091323574143605,-142.8932134558621,10,1
2012-02-12 11:17:00.759201+00:00,9.36,19.58,29.63,15118364.15671026,4.790486502734959,-140.3305051652209,12,1
2012-02-12 11:21:00.759183+00:00,9.74,20.35,30.79,2007.6949787514066,6.4675994465025495,-136.9762792776857,9,1
2012-02-12 11:24:00.759169+00:00,7.87,16.61,25.17,1326.438428398675,7.101269478192308,-135.70893921430618,6,1
2012-02-12 11:25:00.759164+00:00,7.87,16.61,25.17,1326.438428398675,7.101269478192308,-135.70893921430618,6,1
2012-02-12 11:29:00.759146+00:00,7.87,16.61,25.17,1566.8970111340625,7.670190806690826,-134.57109655730915,5,1
2012-02-12 11:33:00.759128+00:00,7.87,16.61,25.17,1787.2959949427343,7.101269478192308,-135.70893921430618,4,1
2012-02-12 11:47:00.759064+00:00,6.51,13.88,21.06,6732.778283994731,8.802664756974107,-132.30614865674258,2,1
2012-02-12 11:55:00.759027+00:00,6.51,13.88,21.06,6732.778283994731,8.802664756974107,-132.30614865674258,2,1
2012-02-12 12:09:00.760059+00:00,8.9,18.67,28.27,12862.84525774971,3.8261597913856202,-141.3240783467981,3,1
2012-02-12 12:13:00.760040+00:00,8.9,18.67,28.27,10250.511624032644,4.128515269767282,-140.7193673900348,4,1
2012-02-12 12:17:00.760022+00:00,8.9,18.67,28.27,10250.511624032644,4.128515269767282,-140.7193673900348,4,1
2012-02-12 12:20:00.760008+00:00,10.26,21.37,32.31,5694.578572573702,3.7441336875313183,-141.48813055450668,4,1
2012-02-12 12:28:00.759972+00:00,10.26,21.37,32.31,3749.764967685338,2.6746255470982265,-143.62714683537286,3,1
2012-02-12 12:32:00.759953+00:00,10.26,21.37,32.31,2716.141144646081,2.4314509091793832,-144.11349611121057,2,1
2012-02-12 12:58:00.759834+00:00,0.0,0.0,0.0,918.6929523729184,5.370200615545358,-138.23599669847863,1,1
2012-02-12 13:09:00.759784+00:00,9.76,20.39,30.85,1034.5458059420066,4.3993169504669005,-140.17776402863552,2,1
2012-02-12 13:13:00.759766+00:00,9.76,20.39,30.85,1059.500293361903,3.2961655740948625,-142.38406678137957,3,1
2012-02-12 13:21:00.759729+00:00,9.76,20.39,30.85,5199.960658738719,4.8070192703149495,-139.36235938893944,2,1
2012-02-12 13:35:00.759665+00:00,4.92,10.65,16.2,26871.471007238397,5.917617688056973,-137.14116255345542,3,1
2012-02-12 13:39:00.759647+00:00,4.94,10.68,16.25,25845.93377693394,5.64520662830973,-137.68598467294987,4,1
2012-02-12 13:43:00.759628+00:00,0.0,0.0,0.0,24820.396546629483,5.372795568562489,-138.23080679244435,5,1
2012-02-12 13:47:00.759610+00:00,4.83,10.47,15.92,16122.547598322808,5.3246203824548255,-138.32715716465972,5,1
2012-02-12 13:50:00.759596+00:00,0.0,0.0,0.0,2141.864148657891,5.3246203824548255,-138.32715716465972,5,1
2012-02-12 13:54:00.759578+00:00,0.0,0.0,0.0,2141.864148657891,4.627666304720707,-139.72106532012793,5,1
2012-02-12 13:58:00.759560+00:00,0.0,0.0,0.0,2141.864148657891,3.528506324218964,-141.9193852811314,5,1
2012-02-12 14:01:00.759546+00:00,0.0,0.0,0.0,2141.864148657891,4.303148806468687,-140.37010031663198,5,1
2012-02-12 14:05:00.759528+00:00,0.0,0.0,0.0,2536.784012650633,3.798138676329273,-141.38012057691083,4,1
2012-02-12 14:09:00.759509+00:00,0.0,0.0,0.0,2931.7038766433757,3.2931285461898603,-142.39014083718962,3,1
2012-02-12 14:24:00.759441+00:00,0.0,0.0,0.0,7118.3510622588,3.5986449363368966,-141.77910805689555,3,1
2012-02-12 14:27:00.759427+00:00,0.0,0.0,0.0,7118.3510622588,3.5986449363368966,-141.77910805689555,3,1
2012-02-12 14:31:00.759409+00:00,0.0,0.0,0.0,5956.27503063448,3.344306518970176,-142.28778489162897,4,1
2012-02-12 14:38:00.759377+00:00,0.0,0.0,0.0,5956.27503063448,3.355923553254564,-142.26455082306023,4,1
2012-02-12 14:42:00.759358+00:00,0.0,0.0,0.0,4794.198999010159,3.1132021701722308,-142.74999358922489,3,1
2012-02-12 14:46:00.759340+00:00,0.0,0.0,0.0,8220.558110333637,3.052142191068107,-142.87211354743312,4,1
2012-02-12 14:53:00.759308+00:00,0.0,0.0,0.0,3250.524914851759,3.740993208543996,-141.49441151248138,3,1
2012-02-12 14:56:00.759294+00:00,0.0,0.0,0.0,1190.3559613170664,3.93432944809562,-141.1077390333781,3,1
2012-02-12 15:04:00.759258+00:00,10.28,21.41,32.38,1190.3559613170664,3.93432944809562,-141.1077390333781,3,1
2012-02-12 15:11:00.759226+00:00,10.28,21.41,32.38,1971.0947172936883,3.6715766558153975,-141.63324461793854,3,1
2012-02-12 15:19:00.759189+00:00,10.28,21.41,32.38,22896.904160794238,3.7792638575737585,-141.41787021442184,4,1
2012-02-12 15:22:00.759175+00:00,0.0,0.0,0.0,22896.904160794238,4.760276757783183,-139.45584441400294,4,1
2012-02-12 15:26:00.759157+00:00,0.0,0.0,0.0,22896.904160794238,4.760276757783183,-139.45584441400294,4,1
2012-02-12 15:29:00.759143+00:00,1.77,3.96,6.06,22425.189510683053,5.633602456234247,-137.70919301710086,3,1
2012-02-12 15:45:00.759070+00:00,1.77,3.96,6.06,11454.89706590198,5.417916942898975,-138.1405640437714,2,1
2012-02-12 15:52:00.759038+00:00,2.14,4.78,7.3,3974.5614173819567,3.7073644245727584,-141.56166908042385,3,1
2012-02-12 15:56:00.759020+00:00,2.1,4.69,7.17,10451.041671407278,5.634090608610864,-137.70821671234762,2,1
2012-02-12 16:07:00.758969+00:00,5.24,11.3,17.18,15588.767642713428,5.307536679065364,-138.36132457143862,2,1
2012-02-12 16:14:00.758937+00:00,5.24,11.3,17.18,6624.6863775197535,4.685825197092294,-139.60474753538477,3,1
2012-02-12 16:22:00.758901+00:00,5.24,11.3,17.18,15209.682751360151,4.5247512943623285,-139.92689534084468,4,1
2012-02-12 16:25:00.758887+00:00,7.13,15.13,22.95,23095.97047864302,5.442323808065907,-138.09175031343753,4,1
2012-02-12 16:29:00.758869+00:00,7.13,15.13,22.95,22397.26183208548,4.685825197092294,-139.60474753538477,5,1
2012-02-12 16:32:00.758855+00:00,7.13,15.13,22.95,23794.679125200557,4.969964926760639,-139.03646807604807,5,1
2012-02-12 16:36:00.758837+00:00,7.13,15.13,22.95,22397.26183208548,6.198822419039518,-136.57875309149028,5,1
2012-02-12 16:40:00.758818+00:00,7.13,15.13,22.95,22397.26183208548,6.245419045855365,-136.4855598378586,5,1
2012-02-12 16:43:00.758804+00:00,5.5,11.82,17.97,20893.334815177863,5.9962794253236416,-136.98383907892207,4,1
2012-02-12 16:47:00.758786+00:00,9.08,19.02,28.8,33209.54563103944,5.9962794253236416,-136.98383907892207,4,1
2012-02-12 16:54:00.758754+00:00,9.08,19.02,28.8,33711.2071188634,4.814967720619672,-139.34646248833,4,1
2012-02-12 16:58:00.758736+00:00,9.08,19.02,28.8,15742.05053615259,4.388997103543541,-140.19840372248228,4,1
2012-02-12 17:01:00.758722+00:00,9.08,19.02,28.8,27108.55501538692,4.672940982999993,-139.63051596356937,5,1
2012-02-12 17:05:00.758704+00:00,9.26,19.38,29.33,16262.864374413535,5.524882217152257,-137.9266334952648,5,1
2012-02-12 17:08:00.758690+00:00,9.56,19.98,30.23,16262.864374413535,5.595326870514377,-137.78574418854058,5,1
2012-02-12 17:12:00.758672+00:00,9.56,19.98,30.23,16262.864374413535,5.595326870514377,-137.78574418854058,5,1
2012-02-12 17:16:00.758653+00:00,9.56,19.98,30.23,27108.55501538692,5.595326870514377,-137.78574418854058,5,1
2012-02-12 17:19:00.758640+00:00,9.56,19.98,30.23,31846.039907049748,5.169407533242957,-138.63758286308342,5,1
2012-02-12 17:23:00.758621+00:00,8.75,18.37,27.81,34722.49580394897,3.8862529111785715,-141.20389210721217,5,1
2012-02-12 17:27:00.758603+00:00,0.0,0.0,0.0,44939.05871888201,3.726299029395841,-141.52379987077762,4,1
2012-02-12 17:31:00.758585+00:00,6.83,14.53,22.05,44939.05871888201,3.726299029395841,-141.52379987077762,4,1
2012-02-12 17:38:00.758553+00:00,6.82,14.5,22.0,14201.962671902971,4.598457707155416,-139.7794825152585,3,1
2012-02-12 17:42:00.758534+00:00,6.82,14.5,22.0,3827.728051695801,6.082089617637745,-136.81221869429385,3,1
2012-02-12 17:50:00.758498+00:00,0.0,0.0,0.0,3827.728051695801,6.082089617637745,-136.81221869429385,3,1
2012-02-12 17:58:00.758461+00:00,5.66,12.16,18.49,26629.3795563766,5.8065179551623025,-137.36336201924473,5,1
2012-02-12 18:01:00.758447+00:00,7.26,15.4,23.35,42144.26513853252,5.575010504737621,-137.82637692009408,4,1
2012-02-12 18:04:00.758434+00:00,0.0,0.0,0.0,32815.99346348643,5.8065179551623025,-137.36336201924473,5,1
2012-02-12 18:08:00.758415+00:00,1.46,3.28,5.01,34230.77749344605,5.8065179551623025,-137.36336201924473,5,1
2012-02-12 18:12:00.758397+00:00,1.46,3.28,5.01,34230.77749344605,5.8065179551623025,-137.36336201924473,5,1
2012-02-12 18:15:00.758383+00:00,0.63,1.43,2.18,34230.77749344605,5.587430520447771,-137.8015368886738,5,1
2012-02-12 18:19:00.758365+00:00,7.68,16.22,24.59,34230.77749344605,5.404002239300839,-138.1683934509677,5,1
2012-02-12 18:23:00.758347+00:00,7.68,16.22,24.59,45182.96898512885,4.68647247855555,-139.60345297245826,5,1
2012-02-12 18:27:00.758328+00:00,7.98,16.82,25.49,45182.96898512885,4.68647247855555,-139.60345297245826,5,1
2012-02-12 18:30:00.758315+00:00,7.94,16.75,25.39,49845.171992051735,4.68647247855555,-139.60345297245826,5,1
2012-02-12 18:34:00.758296+00:00,8.26,17.4,26.36,45182.96898512885,4.754940781895382,-139.46651636577857,5,1
2012-02-12 18:38:00.758278+00:00,8.14,17.15,25.98,45182.96898512885,4.788644442258741,-139.39910904505186,5,1
2012-02-12 18:41:00.758264+00:00,8.14,17.15,25.98,42712.01783351937,4.788644442258741,-139.39910904505186,5,1
2012-02-12 18:45:00.758246+00:00,7.96,16.79,25.44,32807.148983383704,4.754940781895382,-139.46651636577857,5,1
2012-02-12 18:49:00.758228+00:00,7.98,16.82,25.49,26087.02075597618,4.788644442258741,-139.39910904505186,5,1
2012-02-12 18:52:00.758214+00:00,7.8,16.47,24.96,32807.148983383704,3.913835733878513,-141.14872646181232,5,1
2012-02-12 18:56:00.758196+00:00,8.14,17.15,25.98,32807.148983383704,3.913835733878513,-141.14872646181232,5,1
2012-02-12 19:00:00.758177+00:00,8.17,17.22,26.09,26087.02075597618,3.740501441250669,-141.495395047068,5,1
2012-02-12 19:04:00.758159+00:00,8.23,17.33,26.25,26087.02075597618,4.005256947503137,-140.96588403456306,5,1
2012-02-12 19:07:00.758145+00:00,8.37,17.62,26.69,16437.35188390191,4.005256947503137,-140.96588403456306,5,1
2012-02-12 19:11:00.758127+00:00,8.37,17.62,26.69,16437.35188390191,4.997141472555509,-138.98211498445832,5,1
2012-02-12 19:15:00.758109+00:00,6.22,13.3,20.19,9922.323028473267,4.005256947503137,-140.96588403456306,5,1
2012-02-12 19:18:00.758095+00:00,6.14,13.14,19.96,6572.292465416556,4.997141472555509,-138.98211498445832,5,1
2012-02-12 19:22:00.758077+00:00,6.14,13.14,19.96,6572.292465416556,4.997141472555509,-138.98211498445832,5,1
2012-02-12 19:26:00.758058+00:00,0.0,0.0,0.0,6572.292465416556,5.782927601777228,-137.41054272601488,5,1
2012-02-12 19:29:00.758045+00:00,5.4,11.64,17.69,6421.809740292923,4.888095376145063,-139.2002071772792,5,1
2012-02-12 19:33:00.758026+00:00,10.02,20.89,31.6,6572.292465416556,4.888095376145063,-139.2002071772792,5,1
2012-02-12 19:37:00.758008+00:00,10.06,20.98,31.73,6421.809740292923,4.888095376145063,-139.2002071772792,5,1
2012-02-12 19:40:00.757994+00:00,4.43,9.63,14.67,6592.57651786028,4.925496915236867,-139.1254040990956,5,1
2012-02-12 19:44:00.757976+00:00,8.77,18.41,27.87,4171.571426358593,4.925496915236867,-139.1254040990956,5,1
2012-02-12 19:47:00.757962+00:00,8.43,17.73,26.86,6592.57651786028,6.729313541722871,-135.5177708461236,5,1
2012-02-12 19:51:00.757944+00:00,8.43,17.73,26.86,4171.571426358593,6.729313541722871,-135.5177708461236,5,1
2012-02-12 19:55:00.757926+00:00,8.43,17.73,26.86,4171.571426358593,6.729313541722871,-135.5177708461236,5,1
2012-02-12 19:58:00.757912+00:00,8.52,17.92,27.14,3194.495854055039,5.250845308753858,-138.47470731206158,5,1
2012-02-12 20:02:00.757894+00:00,8.41,17.69,26.8,3194.495854055039,4.149202805261912,-140.67799231904553,5,1
2012-02-12 20:06:00.757875+00:00,4.77,10.34,15.74,2149.6844296028103,4.149202805261912,-140.67799231904553,5,1
2012-02-12 20:09:00.757861+00:00,0.0,0.02,0.01,2149.6844296028103,4.149202805261912,-140.67799231904553,5,1
2012-02-12 20:13:00.757843+00:00,0.0,0.02,0.01,4102.970738136509,4.149202805261912,-140.67799231904553,5,1
2012-02-12 20:16:00.757829+00:00,0.0,0.02,0.01,4102.970738136509,4.308835556664289,-140.35872681624076,5,1
2012-02-12 20:20:00.757811+00:00,0.0,0.02,0.01,2479.496692982348,4.308835556664289,-140.35872681624076,5,1
2012-02-12 20:24:00.757793+00:00,0.0,0.02,0.01,2479.496692982348,4.308835556664289,-140.35872681624076,5,1
2012-02-12 20:27:00.757779+00:00,7.45,15.77,23.92,2479.496692982348,4.356254931124358,-140.2638880673206,5,1
2012-02-12 20:31:00.757761+00:00,8.12,17.11,25.92,2479.496692982348,5.595853850114487,-137.78469022934036,5,1
2012-02-12 20:35:00.757742+00:00,0.0,0.02,0.01,4215.909875754353,4.356254931124358,-140.2638880673206,5,1
2012-02-12 20:38:00.757729+00:00,0.0,0.02,0.01,5639.013087210482,4.729494218046961,-139.5174094934754,5,1
2012-02-12 20:42:00.757710+00:00,0.0,0.02,0.01,16982.71052526893,5.363832321470622,-138.2487332866281,5,1
2012-02-12 20:46:00.757692+00:00,3.78,8.29,12.63,21142.878358477457,5.363832321470622,-138.2487332866281,5,1
2012-02-12 20:49:00.757678+00:00,3.52,7.74,11.8,36514.12413053504,5.363832321470622,-138.2487332866281,5,1
2012-02-12 20:53:00.757660+00:00,0.0,0.02,0.0,44212.24542470338,5.465369979425379,-138.04565797071857,5,1
2012-02-12 20:56:00.757646+00:00,0.0,0.02,0.0,59365.783988274656,5.465369979425379,-138.04565797071857,5,1
2012-02-12 21:00:00.757628+00:00,6.9,14.66,22.25,63456.332742105566,5.853024809413334,-137.27034831074266,5,1
2012-02-12 21:04:00.757610+00:00,6.9,14.66,22.25,63456.332742105566,5.465369979425379,-138.04565797071857,5,1
2012-02-12 21:08:00.757591+00:00,6.91,14.7,22.3,63456.332742105566,5.465369979425379,-138.04565797071857,5,1
2012-02-12 21:11:00.757578+00:00,6.91,14.7,22.3,22519.726590032817,6.96823297028675,-135.03993198899585,5,1
2012-02-12 21:15:00.757559+00:00,6.91,14.7,22.3,10984.063321518488,6.96823297028675,-135.03993198899585,5,1
2012-02-12 21:19:00.757541+00:00,5.21,11.23,17.09,10723.139350416288,5.583016632129938,-137.81036466530944,5,1
2012-02-12 21:23:00.757523+00:00,5.21,11.23,17.09,9030.346465847357,6.96823297028675,-135.03993198899585,5,1
2012-02-12 21:26:00.757509+00:00,2.12,4.73,7.23,9030.346465847357,6.689699002824256,-135.59699992392083,5,1
2012-02-12 21:30:00.757491+00:00,2.63,5.84,8.92,6305.191858949373,5.854360923981052,-137.26767608160722,5,1
2012-02-12 21:34:00.757472+00:00,2.63,5.84,8.92,5756.444561451687,5.854360923981052,-137.26767608160722,5,1
2012-02-12 21:37:00.757459+00:00,7.57,16.02,24.28,3722.063358440386,5.983330017088008,-137.0097378953933,5,1
2012-02-12 21:41:00.757440+00:00,3.21,7.08,10.8,4337.036635012198,5.983330017088008,-137.0097378953933,5,1
2012-02-12 21:45:00.757422+00:00,3.34,7.35,11.2,4337.036635012198,5.983330017088008,-137.0097378953933,5,1
2012-02-12 21:48:00.757408+00:00,6.36,13.59,20.63,4337.036635012198,6.028822010188566,-136.9187539091922,5,1
2012-02-12 21:52:00.757390+00:00,6.13,13.11,19.91,10446.260947798222,6.028822010188566,-136.9187539091922,5,1
2012-02-12 21:55:00.757376+00:00,6.19,13.24,20.1,10446.260947798222,6.311591155304207,-136.35321561896095,5,1
2012-02-12 21:59:00.757358+00:00,6.35,13.55,20.58,10446.260947798222,6.028822010188566,-136.9187539091922,5,1
2012-02-12 22:03:00.757340+00:00,6.36,13.59,20.63,8837.119447074703,5.4209825440600765,-138.13443284144918,5,1
2012-02-12 22:06:00.757326+00:00,6.41,13.68,20.77,7019.771193699038,5.4209825440600765,-138.13443284144918,5,1
2012-02-12 22:10:00.757308+00:00,6.57,14.01,21.26,6269.044334247023,6.797734451142201,-135.38092902728494,5,1
2012-02-12 22:13:00.757294+00:00,6.67,14.2,21.55,7019.771193699038,6.797734451142201,-135.38092902728494,5,1
2012-02-12 22:17:00.757276+00:00,7.32,15.5,23.51,4657.6089696985355,6.843427055440022,-135.28954381868928,5,1
2012-02-12 22:21:00.757257+00:00,4.16,9.07,13.82,4637.262478181686,7.56493786839652,-133.8465221927763,5,1
2012-02-12 22:24:00.757243+00:00,4.01,8.76,13.35,4637.262478181686,6.843427055440022,-135.28954381868928,5,1
2012-02-12 22:28:00.757225+00:00,6.25,13.36,20.29,6208.412980932737,6.843427055440022,-135.28954381868928,5,1
2012-02-12 22:32:00.757207+00:00,3.6,7.9,12.05,6208.412980932737,6.4649671043574655,-136.0464637208544,5,1
2012-02-12 22:35:00.757193+00:00,6.82,14.5,22.0,7750.625131974883,6.4649671043574655,-136.0464637208544,5,1
2012-02-12 22:39:00.757175+00:00,6.87,14.6,22.15,7750.625131974883,5.7060584440085576,-137.56428104155222,5,1
2012-02-12 22:43:00.757157+00:00,6.9,14.66,22.25,11730.133105791743,6.4649671043574655,-136.0464637208544,5,1
2012-02-12 22:46:00.757143+00:00,7.01,14.89,22.59,11730.133105791743,7.423809835039695,-134.1287782594899,5,1
2012-02-12 22:50:00.757124+00:00,7.01,14.89,22.59,2703.56608392561,7.552671863946652,-133.87105420167603,5,1
2012-02-12 22:54:00.757106+00:00,9.85,20.56,31.1,1366.0950766460091,7.552671863946652,-133.87105420167603,5,1
2012-02-12 22:57:00.757092+00:00,9.85,20.56,31.1,1062.7845282255907,7.552671863946652,-133.87105420167603,5,1
2012-02-12 23:01:00.757074+00:00,9.81,20.47,30.97,872.0175062043322,7.7579608013748595,-133.46047632681962,4,1
2012-02-12 23:04:00.757060+00:00,9.91,20.68,31.29,953.5932109376984,7.9580633652695445,-133.06027119903024,4,1
2012-02-12 23:12:00.757024+00:00,3.48,7.64,11.65,1063.8562512898143,7.479123668644902,-134.01815059227954,4,1
2012-02-12 23:15:00.757010+00:00,3.48,7.64,11.65,1064.9279743540376,7.824014962829062,-133.3283680039112,3,1
2012-02-12 23:18:00.756996+00:00,3.98,8.7,13.25,1566.7948995957238,7.557157963386956,-133.86208200279543,4,1
2012-02-12 23:25:00.756964+00:00,4.3,9.35,14.25,2278.35766568702,6.895096056152139,-135.18620581726506,4,1
2012-02-12 23:29:00.756946+00:00,4.3,9.35,14.25,2068.66182483741,6.499891148359428,-135.9766156328505,3,1
2012-02-12 23:33:00.756928+00:00,9.74,20.35,30.79,2278.35766568702,6.242621957837213,-136.4911540138949,4,1
2012-02-12 23:40:00.756896+00:00,10.04,20.94,31.67,4669.606899549928,5.985352767314995,-137.0056923949393,3,1
2012-02-12 23:43:00.756882+00:00,10.04,20.94,31.67,5302.523073683225,6.936355692875634,-135.10368654381807,2,1
2012-02-13 00:13:00.768586+00:00,0.0,0.02,0.0,1450.2557322554026,5.733473361482707,-136.4762123093413,4,1
2012-02-13 00:16:00.768572+00:00,0.0,0.02,0.0,1191.553141715209,5.733957205695707,-136.47524462091528,4,1
2012-02-13 00:24:00.768536+00:00,3.66,8.03,12.24,1021.274028325866,5.167882863353976,-137.60739330559878,3,1
2012-02-13 00:31:00.768504+00:00,3.66,8.03,12.24,784.2899978083502,5.297200793736444,-137.34875744483378,2,1
2012-02-13 00:42:00.768453+00:00,10.43,21.72,32.84,587.8848127912778,5.015222966657642,-137.91271309899142,1,1
2012-02-13 01:17:00.768293+00:00,7.68,16.22,24.59,1017.3266503944176,5.692148214662465,-136.55886260298178,2,1
2012-02-13 01:24:00.768261+00:00,3.32,7.31,11.15,547.1883045156993,5.044615021664656,-137.85392898897734,3,1
2012-02-13 01:32:00.768225+00:00,3.37,7.41,11.3,998.7275709842933,4.696312315530267,-138.55053440124618,2,1
2012-02-13 02:51:00.767863+00:00,5.96,12.76,19.38,547.3739067543734,2.7232098319465083,-142.4967393684137,1,1
2012-02-13 03:12:00.767767+00:00,7.4,15.67,23.76,983.8008336165384,4.8228662137685685,-138.29742660476956,2,1
2012-02-13 03:16:00.767749+00:00,10.04,20.94,31.67,983.8008336165384,4.8228662137685685,-138.29742660476956,2,1
2012-02-13 03:30:00.767684+00:00,10.02,20.89,31.6,577.2612339939151,5.5098769749142456,-136.9234050824782,2,1
2012-02-13 03:34:00.767666+00:00,4.85,10.5,15.97,593.6912571419814,5.36223138788575,-137.2186962565352,3,1
2012-02-13 03:41:00.767634+00:00,4.85,10.5,15.97,883.4204602762272,4.889675761823042,-138.16380750866062,4,1
2012-02-13 03:45:00.767616+00:00,4.86,10.53,16.02,2756.220142355901,4.1261448140109644,-139.69086940428477,4,1
2012-02-13 03:48:00.767602+00:00,9.64,20.14,30.48,3804.1858078145947,3.835169492261596,-140.2728200477835,5,1
2012-02-13 03:52:00.767584+00:00,9.62,20.1,30.42,3804.1858078145947,3.835169492261596,-140.2728200477835,5,1
2012-02-13 03:56:00.767565+00:00,6.35,13.55,20.58,3804.1858078145947,3.835169492261596,-140.2728200477835,5,1
2012-02-13 04:00:00.767547+00:00,6.48,13.81,20.97,3804.1858078145947,2.2513193133026697,-143.44052040570136,5,1
2012-02-13 04:03:00.767533+00:00,6.48,13.81,20.97,3202.191624145612,3.4099279260309787,-141.1233031802447,4,1
2012-02-13 04:07:00.767515+00:00,6.48,13.81,20.97,3995.2458263685166,4.060809300339821,-139.82154043162706,4,1
2012-02-13 04:15:00.767478+00:00,10.04,20.94,31.67,6031.285028072784,3.2490241041271584,-141.44511082405242,4,1
2012-02-13 04:19:00.767460+00:00,7.1,15.06,22.85,6330.346398894955,3.5278857979546805,-140.88738743639738,3,1
2012-02-13 04:23:00.767442+00:00,7.47,15.81,23.97,6031.285028072784,3.5404839299375186,-140.86219117243166,4,1
2012-02-13 04:33:00.767396+00:00,7.45,15.77,23.92,653.7580277707309,7.300346506596965,-133.34246601911278,2,1
2012-02-13 04:37:00.767378+00:00,7.3,15.47,23.45,777.9724330795877,5.972860963597782,-135.99743710511115,3,1
2012-02-13 04:44:00.767346+00:00,8.62,18.1,27.42,2565.2134657918,3.3166834066781687,-141.30979221895038,4,1
2012-02-13 04:48:00.767327+00:00,10.32,21.5,32.51,2867.487270441677,3.1973507783737998,-141.5484574755591,3,1
2012-02-13 04:51:00.767314+00:00,10.32,21.5,32.51,2565.2134657918,3.1335836334367286,-141.67599176543325,4,1
2012-02-13 04:59:00.767277+00:00,10.32,21.5,32.51,2107.386220754683,2.744087242267517,-142.45498454777166,4,1
2012-02-13 05:02:00.767263+00:00,10.32,21.5,32.51,1347.2851710676896,2.4183579960353776,-143.10644304023594,3,1
2012-02-13 05:06:00.767245+00:00,10.32,21.5,32.51,1347.2851710676896,2.4183579960353776,-143.10644304023594,3,1
2012-02-13 05:25:00.767158+00:00,1.35,3.04,4.65,1331.3418928711235,3.800643579691292,-140.34187187292412,3,1
2012-02-13 05:29:00.767140+00:00,7.03,14.93,22.65,1236.5953431459884,4.765345168402184,-138.41246869550233,4,1
2012-02-13 05:33:00.767121+00:00,7.03,14.93,22.65,1141.8487934208529,3.8360226978804817,-140.27111363654578,5,1
2012-02-13 05:36:00.767108+00:00,7.03,14.93,22.65,1236.5953431459884,4.783034727496778,-138.37708957731314,4,1
2012-02-13 05:40:00.767089+00:00,6.96,14.79,22.44,1141.8487934208529,5.730046757113077,-136.48306551808054,3,1
2012-02-13 06:32:00.766851+00:00,8.45,17.77,26.91,900.8112831840376,4.411238943695951,-139.12068114491478,3,1
2012-02-13 06:35:00.766838+00:00,8.47,17.81,26.97,900.8112831840376,4.411238943695951,-139.12068114491478,3,1
2012-02-13 06:39:00.766819+00:00,8.47,17.81,26.97,1317.0509263707675,4.437661370688664,-139.06783629092936,4,1
2012-02-13 06:46:00.766787+00:00,8.41,17.69,26.8,993.5402271679416,3.6108480954947884,-140.7214628413171,4,1
2012-02-13 06:50:00.766769+00:00,4.0,8.73,13.3,948.9907942092551,4.020267556508413,-139.90262391928988,4,1
2012-02-13 06:54:00.766751+00:00,4.28,9.32,14.2,886.0142161584716,3.6675286528908235,-140.60810172652506,5,1
2012-02-13 06:58:00.766732+00:00,4.28,9.32,14.2,811.7124172666644,3.6675286528908235,-140.60810172652506,5,1
2012-02-13 07:02:00.766714+00:00,4.25,9.26,14.1,674.9955601379413,4.142233045371728,-139.65869294156323,4,1
2012-02-13 07:06:00.766696+00:00,3.8,8.32,12.68,811.7124172666644,3.6675286528908235,-140.60810172652506,3,1
2012-02-13 07:30:00.766586+00:00,3.54,7.77,11.85,1021.220173416256,2.680094148573659,-142.58297073515936,1,1
2012-02-13 08:51:00.766215+00:00,4.73,10.25,15.6,2055.338540369578,5.539119154646532,-136.86492072301365,3,1
2012-02-13 08:55:00.766197+00:00,3.57,7.84,11.95,2019.8113618606046,5.030034780962717,-137.88308947038126,4,1
2012-02-13 08:59:00.766178+00:00,3.55,7.8,11.9,1984.2841833516306,4.520950407278903,-138.9012582177489,5,1
2012-02-13 09:03:00.766160+00:00,5.85,12.54,19.05,2019.8113618606046,5.030034780962717,-137.88308947038126,4,1
2012-02-13 09:06:00.766146+00:00,5.85,12.54,19.05,1984.2841833516306,4.520950407278903,-138.9012582177489,3,1
2012-02-13 09:17:00.766096+00:00,5.79,12.41,18.86,628.8833633911797,4.110759763407595,-139.7216395054915,3,1
2012-02-13 09:21:00.766078+00:00,5.79,12.41,18.86,628.8833633911797,4.110759763407595,-139.7216395054915,3,1
2012-02-13 09:25:00.766059+00:00,3.23,7.11,10.85,628.8833633911797,4.110759763407595,-139.7216395054915,3,1
2012-02-13 09:55:00.765922+00:00,5.74,12.32,18.72,574.763484758994,5.4914056302122285,-136.96034777188223,2,1
2012-02-13 10:03:00.765885+00:00,1.33,2.98,4.56,574.763484758994,5.4914056302122285,-136.96034777188223,2,1
2012-02-13 10:29:00.765766+00:00,0.0,0.02,0.01,564.3185103626535,2.9280227535210286,-142.0871135252646,1,1
2012-02-13 11:51:00.765391+00:00,9.52,19.9,30.11,537.1973648402015,5.150370820014202,-137.64241739227828,1,1
2012-02-13 12:01:00.766195+00:00,7.9,16.68,25.28,576.0769182881254,-7.452152487817313,-162.96872733505103,1,1
2012-02-13 12:23:00.766095+00:00,8.94,18.75,28.39,618.845595340532,3.6458060268794905,-140.77281030565746,2,1
2012-02-13 12:27:00.766076+00:00,8.94,18.75,28.39,618.845595340532,3.6458060268794905,-140.77281030565746,2,1
2012-02-13 13:19:00.765838+00:00,5.43,11.7,17.78,760.4162631767167,4.746985143552578,-138.5704520723113,3,1
2012-02-13 13:22:00.765825+00:00,5.43,11.7,17.78,760.4162631767167,4.746985143552578,-138.5704520723113,3,1
2012-02-13 13:26:00.765806+00:00,0.0,0.0,0.0,760.4162631767167,4.746985143552578,-138.5704520723113,3,1
2012-02-14 00:32:00.763653+00:00,3.03,6.7,10.23,1047.534873216578,7.115084922920972,-137.99434341535485,1,1
2012-02-14 00:42:00.763608+00:00,5.21,11.23,17.09,4794.116432282666,13.47755347777326,-125.26940630565028,2,1
2012-02-14 10:20:00.760962+00:00,0.0,0.0,0.0,1951.4757494886026,4.84215809724266,-142.5401970667115,1,1
2012-02-14 11:04:00.760760+00:00,6.46,13.78,20.92,549.084135701493,8.808927479115058,-134.6066583029667,1,1
2012-02-15 00:11:00.760150+00:00,7.71,16.29,24.7,1027.9657281158723,3.342334112880605,-146.5627882561577,1,1
2012-02-15 02:40:00.759468+00:00,6.93,14.73,22.34,800.4349828653363,6.627911786114912,-139.99163290968912,1,1
2012-02-15 08:54:00.757755+00:00,5.8,12.45,18.91,8989.459362445237,2.6533869018931204,-147.94068267813267,1,1
2012-02-15 10:06:00.757426+00:00,9.5,19.86,30.05,898.6828961058546,3.850269168620756,-145.54691814467742,1,1
2012-02-15 11:38:00.757005+00:00,5.1,11.02,16.76,514.0208496768033,7.5865469555176555,-138.0743625708836,1,1
2012-02-15 13:37:00.767056+00:00,3.52,7.74,11.8,539.3595089507302,4.482922755162587,-144.54972409082384,1,1
2012-02-15 16:45:00.766195+00:00,0.0,0.02,0.0,121661.04789842165,5.092701578719547,-143.3301664437099,1,1
2012-02-16 00:08:00.765263+00:00,2.02,4.52,6.9,604.3278235652086,3.9931660506769977,-144.36027663129903,1,1
2012-02-16 22:56:00.759897+00:00,0.0,0.0,0.0,19348.697435005764,1.835132899814157,-144.13507961871858,1,1
2012-02-17 00:40:00.761417+00:00,3.9,8.54,13.02,2461.7552752796523,3.9393147042301626,-143.5110726643251,1,1
2012-02-17 03:15:00.760707+00:00,1.81,4.06,6.2,1280.0949852279284,3.574589997199083,-144.24052207838722,1,1
2012-02-17 10:31:00.758711+00:00,0.0,0.0,0.0,9017.105830263316,2.612689388845625,-146.16432329509414,1,1
2012-02-17 12:11:00.769950+00:00,2.16,4.82,7.36,2433.971832985606,1.5638945877140045,-153.3766150208771,1,1
2012-02-17 13:15:00.769657+00:00,3.77,8.25,12.58,1583.9472634027866,5.812206031455476,-144.87999213339415,1,1
2012-02-17 17:50:00.768398+00:00,0.0,0.0,0.0,880.1850754988537,6.317996493344222,-143.86841120961662,1,1
2012-02-17 21:38:00.767354+00:00,0.0,0.0,0.0,637.8251161380889,3.6077752042878872,-149.28885378772938,1,1
2012-02-18 07:01:00.764573+00:00,0.0,0.0,0.0,839.4244230782491,3.969852822708978,-147.65393314204402,1,1
2012-02-18 07:51:00.764344+00:00,0.0,0.0,0.0,40143324.22967131,3.406158451845846,-148.78132188377032,1,1
2012-02-18 17:43:00.764030+00:00,4.62,10.03,15.27,727.8102881334033,6.841060101988897,-138.0136744102792,2,1
2012-02-18 17:47:00.764012+00:00,4.62,10.03,15.27,727.8102881334033,6.841060101988897,-138.0136744102792,2,1
2012-02-18 19:24:00.763567+00:00,7.57,16.02,24.28,16253.711250270315,10.077202454708784,-131.54138970483945,2,1
2012-02-18 19:32:00.763531+00:00,7.57,16.02,24.28,16253.711250270315,10.077202454708784,-131.54138970483945,2,1
2012-02-18 19:43:00.763480+00:00,10.43,21.72,32.84,662.9974365626999,7.887608209447441,-135.92057819536208,1,1
2012-02-18 20:26:00.763284+00:00,8.73,18.33,27.76,720.9527097830745,6.3220077147870075,-139.051779184683,1,1
2012-02-18 21:16:00.763055+00:00,4.49,9.76,14.85,971.164063115204,4.901964648830976,-141.89186531659504,1,1
2012-02-18 21:41:00.762940+00:00,7.49,15.84,24.02,1981.5771356574148,4.712982364967839,-142.2698298843213,2,1
2012-02-18 21:49:00.762904+00:00,7.38,15.64,23.71,1981.5771356574148,4.712982364967839,-142.2698298843213,2,1
2012-02-18 22:07:00.762821+00:00,7.99,16.86,25.55,582.6032886910521,2.767219952585315,-146.16135470908637,2,1
2012-02-18 22:14:00.762789+00:00,7.99,16.86,25.55,582.6032886910521,2.767219952585315,-146.16135470908637,2,1
2012-02-18 22:36:00.762689+00:00,9.42,19.7,29.81,599.3490225484499,1.6143441202352102,-148.4671063737866,1,1
2012-02-18 22:54:00.762606+00:00,3.49,7.67,11.7,659.7611466296096,4.730831723324443,-142.2341311676081,2,1
2012-02-18 22:57:00.762592+00:00,3.49,7.67,11.7,659.7611466296096,4.730831723324443,-142.2341311676081,2,1
2012-02-18 23:12:00.762524+00:00,9.81,20.47,30.97,814.1262248656078,4.128349298032037,-143.4390960181929,3,1
2012-02-18 23:15:00.762510+00:00,9.98,20.81,31.48,685.0088549700481,3.347900446127672,-144.99999372200162,4,1
2012-02-18 23:19:00.762492+00:00,9.98,20.81,31.48,685.0088549700481,3.347900446127672,-144.99999372200162,4,1
2012-02-18 23:23:00.762473+00:00,9.98,20.81,31.48,836.6106602205472,3.1966626731778005,-145.30246926790142,4,1
2012-02-18 23:30:00.762441+00:00,4.64,10.06,15.32,726.4940944728322,3.1966626731778005,-145.30246926790142,2,1
2012-02-18 23:41:00.762391+00:00,2.46,5.46,8.35,2771.9614920910326,3.221267460797267,-145.25325969266243,2,1
2012-02-18 23:48:00.762359+00:00,1.12,2.51,3.85,2771.9614920910326,3.221267460797267,-145.25325969266243,2,1
2012-02-19 00:03:00.762586+00:00,4.73,10.25,15.6,1571.4754808159714,0.04807641580452174,-151.64580072378382,3,1
2012-02-19 00:06:00.762572+00:00,4.73,10.25,15.6,1571.4754808159714,0.04807641580452174,-151.64580072378382,3,1
2012-02-19 00:10:00.762554+00:00,4.73,10.25,15.6,1571.4754808159714,0.04807641580452174,-151.64580072378382,3,1
2012-02-19 00:21:00.762504+00:00,5.42,11.67,17.74,6953.1345644692565,3.4989157673318214,-144.74412202072918,3,1
2012-02-19 00:24:00.762490+00:00,5.4,11.64,17.69,6915.915074399657,3.355220222533536,-145.03151311032576,4,1
2012-02-19 00:28:00.762472+00:00,5.4,11.64,17.69,6878.6955843300575,3.4989157673318214,-144.74412202072918,5,1
2012-02-19 00:32:00.762453+00:00,5.4,11.64,17.69,6915.915074399657,3.5486608420733994,-144.64463187124602,4,1
2012-02-19 00:35:00.762440+00:00,9.32,19.5,29.51,7438.906826557724,3.436784139047451,-144.8683852772979,4,1
2012-02-19 00:43:00.762403+00:00,4.09,8.92,13.59,1047.088613978547,3.5984059168149782,-144.54514172176286,3,1
2012-02-19 00:50:00.762371+00:00,9.32,19.5,29.51,4523.1033413819705,3.74065136449786,-144.2606508263971,4,1
2012-02-19 00:53:00.762357+00:00,9.32,19.5,29.51,2708.6013222580773,4.207517130615638,-143.32691929416154,4,1
2012-02-19 00:57:00.762339+00:00,9.32,19.5,29.51,4370.114030537607,4.308384042998636,-143.12518546939557,5,1
2012-02-19 01:01:00.762321+00:00,9.32,19.5,29.51,4731.911602181815,4.106650218232639,-143.52865311892754,5,1
2012-02-19 01:04:00.762307+00:00,8.92,18.71,28.33,4912.82780144659,3.914312150933192,-143.91332925352643,5,1
2012-02-19 01:08:00.762289+00:00,7.78,16.43,24.91,4822.369701814203,4.293407221299281,-143.15513911279425,4,1
2012-02-19 01:12:00.762270+00:00,7.78,16.43,24.91,4822.369701814203,3.8228494167223417,-144.09625472194813,4,1
2012-02-19 01:19:00.762238+00:00,7.78,16.43,24.91,1948.719914306614,3.568619489006396,-144.60471457738004,3,1
2012-02-19 01:26:00.762206+00:00,8.14,17.15,25.98,3107.461764000492,3.5581067607331494,-144.62574003392652,4,1
2012-02-19 01:30:00.762188+00:00,8.17,17.22,26.09,4266.203613694369,3.568619489006396,-144.60471457738004,3,1
2012-02-19 01:34:00.762170+00:00,8.17,17.22,26.09,4713.793976077868,3.5581067607331494,-144.62574003392652,4,1
2012-02-19 01:41:00.762138+00:00,4.31,9.39,14.29,5617.215030533254,3.4146252805035977,-144.91270299438563,4,1
2012-02-19 01:45:00.762119+00:00,4.3,9.35,14.25,4446.659973008738,3.0201762465058284,-145.70160106238114,4,1
2012-02-19 01:48:00.762106+00:00,4.3,9.35,14.25,6968.2264473721425,3.3244296317452537,-145.0930942919023,5,1
2012-02-19 01:52:00.762087+00:00,4.34,9.45,14.39,1925.093498645336,3.3244296317452537,-145.0930942919023,5,1
2012-02-19 01:56:00.762069+00:00,7.06,14.99,22.75,1925.093498645336,3.5048209292619417,-144.73231169686898,5,1
2012-02-19 01:59:00.762055+00:00,7.05,14.96,22.7,1762.3639441670443,5.190832214879003,-141.3602891256348,5,1
2012-02-19 02:03:00.762037+00:00,7.05,14.96,22.7,2995.114716308823,5.2618653244017874,-141.21822290658923,4,1
2012-02-19 02:06:00.762023+00:00,7.05,14.96,22.7,1305.7368939981434,5.2303612938009465,-141.28123096779092,4,1
2012-02-19 02:13:00.761991+00:00,7.1,15.06,22.85,1762.3639441670443,5.480097404252873,-140.7817587468871,3,1
2012-02-19 02:20:00.761959+00:00,3.51,7.71,11.75,3000.204911197842,5.151927309138415,-141.43809893711597,4,1
2012-02-19 02:24:00.761941+00:00,3.51,7.71,11.75,8442.622345888965,4.423939625510924,-142.89407430437097,4,1
2012-02-19 02:28:00.761922+00:00,3.51,7.71,11.75,5151.299978566443,4.67314434847885,-142.39566485843508,5,1
2012-02-19 02:31:00.761909+00:00,3.51,7.71,11.75,3045.5771120284962,3.6432226710531093,-144.45550821328658,6,1
2012-02-19 02:35:00.761890+00:00,7.76,16.4,24.86,1650.3882103512365,3.11030939073142,-145.52133477393,8,1
2012-02-19 02:40:00.761868+00:00,6.25,13.36,20.29,2320.051836989927,2.8069151647209627,-146.1281232259509,8,1
2012-02-19 02:41:00.761863+00:00,6.25,13.36,20.29,2320.051836989927,2.8069151647209627,-146.1281232259509,8,1
2012-02-19 02:43:00.761854+00:00,8.28,17.44,26.42,2098.991293072188,3.169136110627856,-145.4036813341371,8,1
2012-02-19 02:44:00.761849+00:00,8.28,17.44,26.42,2098.991293072188,3.169136110627856,-145.4036813341371,8,1
2012-02-19 02:45:00.761845+00:00,8.28,17.44,26.42,1674.682225546045,2.8657418846173988,-146.010469786158,7,1
2012-02-19 02:48:00.761831+00:00,8.28,17.44,26.42,1674.682225546045,2.8657418846173988,-146.010469786158,7,1
2012-02-19 02:52:00.761813+00:00,8.41,17.69,26.8,2074.69727787738,3.767853728868316,-144.20624609765616,6,1
2012-02-19 02:59:00.761781+00:00,8.79,18.45,27.93,2544.981209886919,6.257176320462339,-139.22760091446813,4,1
2012-02-19 03:03:00.761762+00:00,8.34,17.55,26.58,2517.251434975104,6.231996283062157,-139.2779609892685,4,1
2012-02-19 03:06:00.761749+00:00,8.34,17.55,26.58,2566.662059175507,6.22451604137482,-139.29292147264317,5,1
2012-02-19 03:10:00.761730+00:00,8.32,17.51,26.53,2467.840810774701,6.239476524749495,-139.26300050589384,5,1
2012-02-19 03:13:00.761716+00:00,8.3,17.47,26.47,2191.3318317642784,6.24456065080294,-139.25283225378695,4,1
2012-02-19 03:17:00.761698+00:00,8.3,17.47,26.47,2191.3318317642784,6.123959594285985,-139.49403436682087,4,1
2012-02-19 03:24:00.761666+00:00,9.81,20.47,30.97,8612.867857342126,4.8103432959303385,-142.12126696353215,4,1
2012-02-19 03:27:00.761652+00:00,9.81,20.47,30.97,16051.206257081269,4.8103432959303385,-142.12126696353215,4,1
2012-02-19 03:31:00.761634+00:00,9.81,20.47,30.97,14053.94941710984,4.289364510731523,-143.1632245339298,5,1
2012-02-19 03:34:00.761620+00:00,4.71,10.22,15.55,14053.94941710984,4.289364510731523,-143.1632245339298,5,1
2012-02-19 03:38:00.761602+00:00,4.67,10.13,15.41,3716.1942517360685,5.480775486633661,-140.7804025821255,5,1
2012-02-19 03:42:00.761584+00:00,0.0,0.02,0.0,2619.0179830942034,5.480775486633661,-140.7804025821255,5,1
2012-02-19 03:45:00.761570+00:00,4.5,9.79,14.9,2341.533064112909,5.414214387908121,-140.9135247795766,5,1
2012-02-19 03:49:00.761552+00:00,4.58,9.94,15.13,2341.533064112909,5.414214387908121,-140.9135247795766,5,1
2012-02-19 03:52:00.761538+00:00,4.07,8.89,13.54,2201.7054328570252,4.86866271462483,-142.0046281261432,4,1
2012-02-19 03:56:00.761520+00:00,0.0,0.0,0.0,1510.5502712438715,4.86866271462483,-142.0046281261432,4,1
2012-02-19 04:03:00.761488+00:00,0.0,0.02,0.01,1720.9249841760186,5.984543232625545,-139.77286709014174,4,1
2012-02-19 04:07:00.761469+00:00,1.3,2.92,4.46,1523.0265244382629,6.838006977714213,-138.0659395999644,4,1
2012-02-19 04:10:00.761456+00:00,0.0,0.02,0.04,1445.6128734604192,7.189805573702892,-137.36234240798703,5,1
2012-02-19 04:14:00.761437+00:00,0.0,0.02,0.04,1445.6128734604192,8.114252972933778,-135.51344760952526,5,1
2012-02-19 04:17:00.761423+00:00,0.0,0.02,0.04,1362.4512489579902,7.189805573702892,-137.36234240798703,5,1
2012-02-19 04:21:00.761405+00:00,2.63,5.84,8.92,995.293550252184,8.587193623967655,-134.56756630745753,5,1
2012-02-19 04:24:00.761391+00:00,0.0,0.02,0.01,989.687109651072,8.63558550637699,-134.47078254263886,4,1
2012-02-19 04:28:00.761373+00:00,2.29,5.11,7.8,787.321603918567,8.67923724500314,-134.38347906538655,4,1
2012-02-19 04:35:00.761341+00:00,10.39,21.63,32.7,973.1084614667802,8.674497101219957,-134.39295935295291,3,1
2012-02-19 04:38:00.761327+00:00,10.3,21.45,32.44,973.1084614667802,7.98418395662766,-135.7735856421375,3,1
2012-02-19 04:45:00.761295+00:00,10.26,21.37,32.31,2022.7095871138706,7.847102633988836,-136.04774828741517,3,1
2012-02-19 04:53:00.761259+00:00,2.94,6.49,9.91,2096.8240495483733,7.587734488402294,-136.56648457858824,4,1
2012-02-19 04:56:00.761245+00:00,5.3,11.42,17.36,2797.0030313112793,7.7225926126200095,-136.29676833015282,4,1
2012-02-19 05:00:00.761227+00:00,5.3,11.42,17.36,2170.9385119828758,7.847102633988836,-136.04774828741517,5,1
2012-02-19 05:03:00.761213+00:00,5.33,11.48,17.46,3423.067550639682,7.910170734875879,-135.92161208564104,5,1
2012-02-19 05:07:00.761195+00:00,5.31,11.45,17.41,2641.0455553445763,8.679664953985112,-134.3826236474226,5,1
2012-02-19 05:11:00.761176+00:00,5.45,11.73,17.83,5938.633325326747,8.679664953985112,-134.3826236474226,5,1
2012-02-19 05:14:00.761163+00:00,8.73,18.33,27.76,4785.449391564601,8.679664953985112,-134.3826236474226,5,1
2012-02-19 05:18:00.761144+00:00,6.08,13.01,19.76,4785.449391564601,8.37837580052688,-134.98520195433906,5,1
2012-02-19 05:22:00.761126+00:00,6.22,13.3,20.19,2641.0455553445763,8.37837580052688,-134.98520195433906,5,1
2012-02-19 05:25:00.761112+00:00,6.22,13.3,20.19,2889.880354423639,8.146960171390448,-135.44803321261193,4,1
2012-02-19 05:29:00.761094+00:00,0.0,0.02,0.01,1000.7477402259433,8.146960171390448,-135.44803321261193,4,1
2012-02-19 05:36:00.761062+00:00,4.73,10.25,15.6,1007.1841631692087,7.915544542254012,-135.9108644708848,3,1
2012-02-19 05:39:00.761048+00:00,0.0,0.02,0.0,1007.1841631692087,7.873509741476212,-135.9949340724404,3,1
2012-02-19 05:47:00.761012+00:00,9.42,19.7,29.81,750.6161925387512,7.873509741476212,-135.9949340724404,3,1
2012-02-19 05:54:00.760979+00:00,9.44,19.74,29.87,902.9401862338814,2.8645031617834733,-146.01294723182588,4,1
2012-02-19 05:57:00.760966+00:00,9.38,19.62,29.69,1055.2641799290118,2.359906091699603,-147.0221413719936,3,1
2012-02-19 06:01:00.760947+00:00,9.48,19.82,29.99,902.9401862338814,2.8645031617834733,-146.01294723182588,4,1
2012-02-19 06:08:00.760915+00:00,0.0,0.02,0.0,663.4530246126033,4.74384202895654,-142.25426949747975,4,1
2012-02-19 06:12:00.760897+00:00,4.16,9.07,13.82,663.4530246126033,4.74384202895654,-142.25426949747975,4,1
2012-02-19 06:15:00.760883+00:00,10.23,21.32,32.25,731.4226171064988,2.9495771907776236,-145.84279917383756,5,1
2012-02-19 06:19:00.760865+00:00,10.23,21.32,32.25,746.9323908515175,2.792958748576008,-146.1560360582408,4,1
2012-02-19 06:22:00.760851+00:00,10.23,21.32,32.25,762.4421645965359,2.636340306374392,-146.469272942644,3,1
2012-02-19 06:37:00.760783+00:00,8.23,17.33,26.25,710.0120775803135,1.9215564777423588,-147.89884059990808,2,1
2012-02-19 06:40:00.760769+00:00,4.91,10.62,16.16,786.1444472570425,2.695957492722267,-146.35003856994828,3,1
2012-02-19 06:48:00.760732+00:00,0.0,0.0,0.0,668.5865959923318,3.3682763328725365,-145.00540088964775,4,1
2012-02-19 06:51:00.760719+00:00,0.0,0.0,0.0,787.3580749489302,3.404851193320753,-144.93225116875132,4,1
2012-02-19 06:55:00.760700+00:00,0.0,0.0,0.0,703.2934840810785,3.888183186313973,-143.96558718276486,5,1
2012-02-19 06:59:00.760682+00:00,5.85,12.54,19.05,622.3571372012489,4.017476935065823,-143.70699968526117,4,1
2012-02-19 07:02:00.760668+00:00,5.94,12.73,19.34,541.4207903214192,3.888183186313973,-143.96558718276486,3,1
2012-02-19 07:20:00.760586+00:00,5.25,11.33,17.23,710.4612174012622,4.630665012630415,-142.48062353013202,1,1
2012-02-19 07:31:00.760535+00:00,3.55,7.8,11.9,830.6876736548187,3.8556435208842377,-144.03066651362434,2,1
2012-02-19 07:39:00.760499+00:00,3.59,7.87,12.0,758.2273054926201,4.212023724159888,-143.31790610707304,3,1
2012-02-19 07:42:00.760485+00:00,3.59,7.87,12.0,758.2273054926201,8.562850037917457,-134.6162534795579,3,1
2012-02-19 07:49:00.760453+00:00,6.85,14.56,22.1,572.4724004035364,8.562850037917457,-134.6162534795579,3,1
2012-02-19 07:53:00.760435+00:00,7.11,15.1,22.9,571.342129609536,6.784835959179954,-138.1722816370329,2,1
2012-02-19 08:07:00.760371+00:00,6.08,13.01,19.76,1853.4462666858406,2.263658041649837,-147.21463747209316,3,1
2012-02-19 08:11:00.760352+00:00,5.89,12.63,19.19,1513.3022476714475,3.2599410558026576,-145.22207144378748,4,1
2012-02-19 08:14:00.760339+00:00,0.0,0.0,0.0,1173.1582286570556,2.4043112523190864,-146.93333105075462,5,1
2012-02-19 08:18:00.760320+00:00,0.0,0.0,0.0,1077.8905800890743,2.4043112523190864,-146.93333105075462,5,1
2012-02-19 08:22:00.760302+00:00,8.67,18.22,27.59,1032.5182706902044,2.589210832343856,-146.56353189070512,5,1
2012-02-19 08:25:00.760288+00:00,1.63,3.66,5.59,813.2421813598708,3.3991003278519822,-144.94375289968886,4,1
2012-02-19 08:29:00.760270+00:00,1.63,3.66,5.59,1032.5182706902044,2.589210832343856,-146.56353189070512,3,1
2012-02-19 08:40:00.760220+00:00,9.1,19.06,28.85,884.3039227465217,3.59932462339024,-144.5433043086123,2,1
2012-02-19 08:47:00.760188+00:00,9.1,19.06,28.85,884.3039227465217,3.59932462339024,-144.5433043086123,2,1
2012-02-19 08:58:00.760137+00:00,4.15,9.04,13.78,4829.542514842855,3.491656199651187,-144.75864115609042,2,1
2012-02-19 09:01:00.760123+00:00,4.1,8.95,13.63,2167.454693493506,3.051230163288356,-145.6394932288161,3,1
2012-02-19 09:09:00.760087+00:00,3.84,8.41,12.82,2828.047634714912,3.0272384974494098,-145.687476560494,4,1
2012-02-19 09:12:00.760073+00:00,3.48,7.64,11.65,2176.3959218491277,3.261604090614505,-145.21874537416383,4,1
2012-02-19 09:16:00.760055+00:00,3.48,7.64,11.65,2167.454693493506,3.2553147865620558,-145.2313239822687,5,1
2012-02-19 09:20:00.760036+00:00,3.54,7.77,11.85,1664.711957381514,3.363646402251355,-145.0146607508901,4,1
2012-02-19 09:23:00.760023+00:00,9.87,20.6,31.16,1144.0867645582798,3.2553147865620558,-145.2313239822687,3,1
2012-02-19 09:34:00.759972+00:00,3.92,8.57,13.06,4552.005217795652,2.0976624331103078,-147.5466286891722,3,1
2012-02-19 09:37:00.759959+00:00,3.9,8.54,13.02,3271.3364760154395,2.544230659173376,-146.6534922370461,4,1
2012-02-19 09:41:00.759940+00:00,3.9,8.54,13.02,1990.6677342352268,2.990798885236444,-145.76035578491994,5,1
2012-02-19 09:45:00.759922+00:00,7.89,16.65,25.23,2812.9489109850188,2.544230659173376,-146.6534922370461,4,1
2012-02-19 09:48:00.759908+00:00,7.9,16.68,25.28,1091.042393847938,3.475211208786797,-144.79153113781922,4,1
2012-02-19 09:55:00.759876+00:00,9.12,19.1,28.91,1091.042393847938,4.002545337520468,-143.7368628803519,2,1
2012-02-19 10:36:00.759689+00:00,0.0,0.02,0.0,594.2171501917218,4.686472286030879,-142.3690089833311,2,1
2012-02-19 10:40:00.759670+00:00,0.0,0.02,0.0,567.3009452895676,4.531260181501355,-142.67943319239012,3,1
2012-02-19 10:47:00.759638+00:00,8.34,17.55,26.58,567.3009452895676,4.308469447311177,-143.12501466077046,3,1
2012-02-19 10:54:00.759606+00:00,8.21,17.29,26.2,601.6401160190046,3.816186050521096,-144.10958145435063,2,1
2012-02-19 11:05:00.759556+00:00,4.58,9.94,15.13,917.7912530158374,2.990073637720913,-145.761806279951,2,1
2012-02-19 11:12:00.759524+00:00,1.63,3.66,5.59,597.1409876915715,3.965356027276956,-143.81124150083892,3,1
2012-02-19 11:16:00.759505+00:00,1.63,3.66,5.59,623.7221212066146,3.4030196451522112,-144.9359142650884,3,1
2012-02-19 11:23:00.759473+00:00,1.54,3.44,5.27,623.7221212066146,3.965356027276956,-143.81124150083892,3,1
2012-02-19 11:30:00.759441+00:00,10.39,21.63,32.7,688.9607174711722,3.906186110871912,-143.929581333649,2,1
2012-02-19 11:49:00.759354+00:00,3.29,7.25,11.05,544.5823447227401,2.6180828234894777,-146.50578790841388,2,1
2012-02-19 11:52:00.759341+00:00,3.54,7.77,11.85,544.5823447227401,2.6180828234894777,-146.50578790841388,2,1
2012-02-19 12:03:00.760386+00:00,10.41,21.67,32.77,901.7728874467374,2.4778896762660136,-149.64111040210284,3,1
2012-02-19 12:07:00.760368+00:00,5.77,12.38,18.82,999.3921280129956,4.407394271505148,-145.7821012116246,4,1
2012-02-19 12:10:00.760354+00:00,5.71,12.26,18.63,1097.0113685792544,6.336898866744285,-141.92309202114632,5,1
2012-02-19 12:14:00.760336+00:00,5.63,12.1,18.39,961.9974639165886,6.336898866744285,-141.92309202114632,5,1
2012-02-19 12:18:00.760318+00:00,8.28,17.44,26.42,1097.0113685792544,6.336898866744285,-141.92309202114632,5,1
2012-02-19 12:21:00.760304+00:00,8.28,17.44,26.42,1097.0113685792544,5.33769865505533,-143.9214924445242,5,1
2012-02-19 12:25:00.760286+00:00,8.19,17.26,26.14,1241.3882024118961,5.33769865505533,-143.9214924445242,5,1
2012-02-19 12:29:00.760267+00:00,8.25,17.36,26.31,2095.2485587392653,4.603821146815917,-145.38924746100304,5,1
2012-02-19 12:32:00.760253+00:00,8.25,17.36,26.31,2095.2485587392653,5.33769865505533,-143.9214924445242,5,1
2012-02-19 12:36:00.760235+00:00,9.68,20.23,30.6,1620.823548213838,5.854185887714124,-142.88851797920663,5,1
2012-02-19 12:39:00.760221+00:00,9.68,20.23,30.6,1620.823548213838,5.854185887714124,-142.88851797920663,5,1
2012-02-19 12:43:00.760203+00:00,8.28,17.44,26.42,2070.7823078935667,4.603821146815917,-145.38924746100304,7,1
2012-02-19 12:47:00.760185+00:00,8.17,17.22,26.09,1558.1180726992138,3.524176316863405,-147.5485371209081,10,1
2012-02-19 12:50:00.760171+00:00,7.98,16.82,25.49,1469.5614418837615,3.524176316863405,-147.5485371209081,12,1
2012-02-19 12:51:00.760166+00:00,7.98,16.82,25.49,1469.5614418837615,3.524176316863405,-147.5485371209081,12,1
2012-02-19 12:52:00.760162+00:00,7.98,16.82,25.49,1469.5614418837615,3.524176316863405,-147.5485371209081,12,1
2012-02-19 12:53:00.760157+00:00,7.96,16.79,25.44,1443.7102865829336,3.6381999409412416,-147.32048987275238,13,1
2012-02-19 12:54:00.760153+00:00,7.94,16.75,25.39,1469.5614418837615,3.524176316863405,-147.5485371209081,12,1
2012-02-19 12:55:00.760148+00:00,7.94,16.75,25.39,1443.7102865829336,3.6381999409412416,-147.32048987275238,13,1
2012-02-19 12:56:00.760144+00:00,7.99,16.86,25.55,1469.5614418837615,4.218393510377688,-146.1601027338795,14,1
2012-02-19 12:57:00.760139+00:00,7.99,16.86,25.55,1537.845753180582,5.335215920915768,-143.9264579128034,14,1
2012-02-19 12:58:00.760134+00:00,7.99,16.86,25.55,1580.2789091765744,5.871844762017404,-142.8532002306001,15,1
2012-02-19 12:59:00.760130+00:00,0.0,0.02,0.0,1825.5306085350705,6.473206553707095,-141.6504766472207,16,1
2012-02-19 13:02:00.760116+00:00,0.0,0.02,0.01,2209.215201774959,17.772939694321852,-119.05101036599116,17,1
2012-02-19 13:04:00.760107+00:00,0.0,0.02,0.01,3015.645227011271,17.772939694321852,-119.05101036599116,17,1
2012-02-19 13:05:00.760102+00:00,0.0,0.02,0.01,3089.9415394481957,17.772939694321852,-119.05101036599116,17,1
2012-02-19 13:06:00.760098+00:00,0.0,0.02,0.01,3089.9415394481957,17.772939694321852,-119.05101036599116,17,1
2012-02-19 13:07:00.760093+00:00,0.0,0.02,0.01,3089.9415394481957,17.955553447970928,-118.685782858693,17,1
2012-02-19 13:08:00.760089+00:00,0.0,0.02,0.01,3089.9415394481957,18.07455564639281,-118.44777846184923,17,1
2012-02-19 13:09:00.760084+00:00,0.0,0.02,0.01,3089.9415394481957,18.120098250121405,-118.35669325439207,17,1
2012-02-19 13:10:00.760080+00:00,0.0,0.02,0.01,3095.4067393344344,18.13640020063929,-118.3240893533563,17,1
2012-02-19 13:11:00.760075+00:00,0.0,0.02,0.01,3128.840892718576,18.238158752900965,-118.12057224883293,18,1
2012-02-19 13:12:00.760070+00:00,0.0,0.02,0.01,3095.4067393344344,18.339917305162643,-117.9170551443096,19,1
2012-02-19 13:13:00.760066+00:00,0.0,0.02,0.01,3095.4067393344344,18.339917305162643,-117.9170551443096,19,1
2012-02-19 13:14:00.760061+00:00,0.0,0.02,0.01,3092.6741393913153,18.351714989818397,-117.89345977499805,20,1
2012-02-19 13:15:00.760057+00:00,0.0,0.02,0.01,3095.4067393344344,18.363512674474162,-117.86986440568657,19,1
2012-02-19 13:16:00.760052+00:00,0.0,0.02,0.01,3089.9415394481957,18.363512674474162,-117.86986440568657,19,1
2012-02-19 13:17:00.760047+00:00,0.0,0.02,0.01,3089.9415394481957,18.363512674474162,-117.86986440568657,19,1
2012-02-19 13:18:00.760043+00:00,0.0,0.02,0.01,2436.899102734233,18.65161684630732,-117.29365606202022,19,1
2012-02-19 13:19:00.760038+00:00,0.0,0.02,0.01,2356.5917919773315,18.756972382940663,-117.08294498875355,19,1
2012-02-19 13:20:00.760034+00:00,4.58,9.94,15.13,2177.4733284829267,18.7956955751709,-117.00549860429308,19,1
2012-02-19 13:21:00.760029+00:00,4.58,9.94,15.13,2083.609716073096,19.33990028372953,-115.91708918717579,19,1
2012-02-19 13:22:00.760025+00:00,4.61,10.0,15.23,1950.825142321228,19.42040935003052,-115.75607105457382,19,1
2012-02-19 13:23:00.760020+00:00,4.55,9.88,15.04,1830.3143533698167,19.460893572651273,-115.67510260933231,19,1
2012-02-19 13:25:00.760011+00:00,3.69,8.09,12.34,1681.256263194968,19.593854716781877,-115.40918032107113,19,1
2012-02-19 13:26:00.760006+00:00,3.69,8.09,12.34,1655.0991239796192,19.607275903518207,-115.38233794759846,18,1
2012-02-19 13:27:00.760002+00:00,3.69,8.09,12.34,1628.7481333040523,20.256050045618874,-114.08478966339712,18,1
2012-02-19 13:28:00.759997+00:00,3.69,8.09,12.34,1628.9419847642694,20.89140300098321,-112.81408375266848,17,1
2012-02-19 13:29:00.759993+00:00,3.75,8.22,12.53,1628.5542818438348,20.89140300098321,-112.81408375266848,17,1
2012-02-19 13:30:00.759988+00:00,3.75,8.22,12.53,1554.7299351946326,20.89140300098321,-112.81408375266848,17,1
2012-02-19 13:31:00.759983+00:00,3.77,8.25,12.58,1528.020889314861,20.89140300098321,-112.81408375266848,17,1
2012-02-19 13:32:00.759979+00:00,3.77,8.25,12.58,1480.2839025915073,20.89140300098321,-112.81408375266848,17,1
2012-02-19 13:33:00.759974+00:00,0.01,0.02,0.04,1480.2839025915073,20.89140300098321,-112.81408375266848,17,1
2012-02-19 13:34:00.759970+00:00,0.44,0.99,1.52,1480.2839025915073,20.89140300098321,-112.81408375266848,17,1
2012-02-19 13:36:00.759960+00:00,0.44,0.99,1.52,1220.8375904181019,20.04190054508009,-114.51308866447472,18,1
2012-02-19 13:38:00.759951+00:00,0.35,0.8,1.22,1182.6615522234695,18.64221774184345,-117.31245427094795,18,1
2012-02-19 13:39:00.759947+00:00,0.78,1.76,2.69,1182.6615522234695,18.567237798709645,-117.46241415721558,18,1
2012-02-19 13:40:00.759942+00:00,2.14,4.78,7.3,1182.6615522234695,18.465015652692294,-117.6668584492503,18,1
2012-02-19 13:41:00.759938+00:00,2.02,4.52,6.9,1182.6615522234695,18.227605443260426,-118.14167886811406,18,1
2012-02-19 13:42:00.759933+00:00,2.06,4.6,7.04,1182.6615522234695,17.781665387320736,-119.03355897999342,18,1
2012-02-19 13:43:00.759928+00:00,2.06,4.6,7.04,1182.6615522234695,17.781665387320736,-119.03355897999342,18,1
2012-02-19 13:44:00.759924+00:00,2.06,4.6,7.04,1220.8375904181019,17.781665387320736,-119.03355897999342,18,1
2012-02-19 13:45:00.759919+00:00,2.1,4.69,7.17,1277.333608181742,17.781665387320736,-119.03355897999342,18,1
2012-02-19 13:46:00.759915+00:00,2.1,4.69,7.17,1328.3951538131405,17.471995472205975,-119.65289881022294,19,1
2012-02-19 13:47:00.759910+00:00,2.1,4.69,7.17,1328.3951538131405,17.444113856580024,-119.70866204147482,19,1
2012-02-19 13:48:00.759906+00:00,2.1,4.69,7.17,1328.3951538131405,17.444113856580024,-119.70866204147482,19,1
2012-02-19 13:49:00.759901+00:00,2.12,4.73,7.23,1538.9290708580993,17.380213647319128,-119.83646245999662,18,1
2012-02-19 13:50:00.759896+00:00,2.12,4.73,7.23,1897.7574958976113,17.380213647319128,-119.83646245999662,18,1
2012-02-19 13:51:00.759892+00:00,2.12,4.73,7.23,2046.0520038921645,17.316313438058224,-119.96426287851843,17,1
2012-02-19 13:52:00.759887+00:00,2.12,4.73,7.23,2101.851053440168,17.380213647319128,-119.83646245999662,16,1
2012-02-19 13:53:00.759883+00:00,2.18,4.86,7.43,1897.7574958976113,17.30535359071515,-119.98618257320459,16,1
2012-02-19 13:54:00.759878+00:00,2.16,4.82,7.36,2046.0520038921645,17.316313438058224,-119.96426287851843,15,1
2012-02-19 13:55:00.759874+00:00,2.16,4.82,7.36,2101.851053440168,17.30535359071515,-119.98618257320459,14,1
2012-02-19 13:56:00.759869+00:00,2.16,4.82,7.36,2157.650102988172,17.316313438058224,-119.96426287851843,13,1
2012-02-19 13:59:00.759855+00:00,2.16,4.82,7.36,2046.0520038921645,17.294393743372073,-120.00810226789072,11,1
2012-02-19 14:02:00.759841+00:00,2.35,5.23,7.99,2046.0520038921645,16.37472681432046,-121.84743612599394,9,1
2012-02-19 14:06:00.759823+00:00,8.03,16.93,25.65,1492.8719833985806,15.314779549802427,-123.96733065503004,6,1
2012-02-19 14:09:00.759809+00:00,8.21,17.29,26.2,1556.2148757882599,9.098262785194091,-136.4003641842467,6,1
2012-02-19 14:13:00.759791+00:00,8.23,17.33,26.25,1406.635323748454,3.85008150238936,-146.89672674985616,5,1
2012-02-19 14:17:00.759773+00:00,8.54,17.95,27.19,1406.635323748454,3.85008150238936,-146.89672674985616,5,1
2012-02-19 14:20:00.759759+00:00,8.58,18.03,27.3,1406.635323748454,3.526380634759973,-147.5441284851149,5,1
2012-02-19 14:24:00.759741+00:00,5.8,12.45,18.91,1406.635323748454,3.2910536801167942,-148.01478239440132,5,1
2012-02-19 14:28:00.759722+00:00,8.16,17.18,26.03,1761.5356147440036,3.2910536801167942,-148.01478239440132,5,1
2012-02-19 14:31:00.759709+00:00,8.19,17.26,26.14,1761.5356147440036,3.2910536801167942,-148.01478239440132,5,1
2012-02-19 14:35:00.759690+00:00,8.23,17.33,26.25,1976.7906218489718,4.6280075509092145,-145.34087465281644,5,1
2012-02-19 14:38:00.759677+00:00,8.6,18.07,27.36,4149.915034617029,4.6280075509092145,-145.34087465281644,5,1
2012-02-19 14:42:00.759658+00:00,8.77,18.41,27.87,4149.915034617029,4.970416335901095,-144.6560570828327,5,1
2012-02-19 14:45:00.759645+00:00,9.3,19.46,29.45,1902.9244175777105,5.689699502441277,-143.2174907497523,5,1
2012-02-19 14:49:00.759626+00:00,8.64,18.14,27.47,4235.422681281539,4.6280075509092145,-145.34087465281644,5,1
2012-02-19 14:53:00.759608+00:00,8.41,17.69,26.8,4235.422681281539,4.418511208808776,-145.75986733701734,5,1
2012-02-19 14:56:00.759594+00:00,7.82,16.5,25.01,3190.9124456177155,4.418511208808776,-145.75986733701734,5,1
2012-02-19 15:00:00.759576+00:00,7.82,16.5,25.01,3190.9124456177155,3.7938296963004734,-147.0092303620339,5,1
2012-02-19 15:03:00.759562+00:00,7.82,16.5,25.01,3190.9124456177155,3.75738561163715,-147.08211853136058,5,1
2012-02-19 15:07:00.759544+00:00,10.45,21.76,32.9,2562.8140742894,3.3348578488872995,-147.92717405686025,4,1
2012-02-19 15:11:00.759526+00:00,10.45,21.76,32.9,1635.2708435122674,3.3348578488872995,-147.92717405686025,4,1
2012-02-19 15:18:00.759494+00:00,6.18,13.2,20.05,1522.7551488481113,4.757294420802417,-145.08230091303002,4,1
2012-02-19 15:21:00.759480+00:00,6.24,13.33,20.24,1897.1787148161457,4.757294420802417,-145.08230091303002,4,1
2012-02-19 15:25:00.759462+00:00,6.24,13.33,20.24,1439.8836213036782,4.904701924346155,-144.78748590594256,5,1
2012-02-19 15:28:00.759448+00:00,6.24,13.33,20.24,1439.8836213036782,4.904701924346155,-144.78748590594256,5,1
2012-02-19 15:32:00.759429+00:00,6.27,13.39,20.34,1110.7945947351386,4.904701924346155,-144.78748590594256,5,1
2012-02-19 15:35:00.759416+00:00,6.27,13.39,20.34,1051.5871318268066,4.2328450181167305,-146.13119971840143,5,1
2012-02-19 15:39:00.759397+00:00,4.58,9.94,15.13,814.9159460695821,4.821677055109071,-144.95353564441675,5,1
2012-02-19 15:42:00.759384+00:00,0.0,0.02,0.0,776.7008428952533,4.821677055109071,-144.95353564441675,5,1
2012-02-19 15:46:00.759365+00:00,2.92,6.46,9.86,718.4901834008382,5.246554558113421,-144.10378063840804,4,1
2012-02-19 15:50:00.759347+00:00,2.92,6.46,9.86,886.5100086667143,5.6948758494518845,-143.2071380557311,4,1
2012-02-19 15:57:00.759315+00:00,1.72,3.86,5.91,912.5661721257339,5.681264047416433,-143.234361659802,4,1
2012-02-19 16:00:00.759301+00:00,0.0,0.02,0.0,1865.4576355689444,4.160901433866857,-146.27508688690114,4,1
2012-02-19 16:04:00.759283+00:00,0.24,0.53,0.81,2734.5960966997136,4.281362792121858,-146.03416417039116,5,1
2012-02-19 16:07:00.759269+00:00,0.24,0.53,0.81,2906.66423355211,3.9043561044087016,-146.78817754581746,4,1
2012-02-19 16:11:00.759251+00:00,0.0,0.02,0.04,2906.66423355211,3.9043561044087016,-146.78817754581746,4,1
2012-02-19 16:18:00.759219+00:00,0.35,0.8,1.22,1041.523855720327,4.281362792121858,-146.03416417039116,3,1
2012-02-19 16:21:00.759205+00:00,0.01,0.02,0.04,824.3787378835025,4.028686321525829,-146.53951711158322,3,1
2012-02-19 16:28:00.759173+00:00,0.0,0.02,0.0,834.3739187538299,3.520676869499507,-147.55553601563585,4,1
2012-02-19 16:32:00.759155+00:00,0.0,0.02,0.0,1151.7197491764769,3.334951965459575,-147.92698582371568,4,1
2012-02-19 16:36:00.759137+00:00,0.0,0.02,0.0,1847.1707684894925,3.632763977605322,-147.33136179942426,6,1
2012-02-19 16:39:00.759123+00:00,1.51,3.39,5.18,2235.271138250188,3.8184888816452554,-146.95991199134437,5,1
2012-02-19 16:42:00.759109+00:00,1.56,3.5,5.35,2235.271138250188,3.961453769203362,-146.67398221622815,5,1
2012-02-19 16:46:00.759091+00:00,1.51,3.39,5.18,2249.55049276416,5.150595065914201,-144.29569962280647,4,1
2012-02-19 16:50:00.759072+00:00,1.51,3.39,5.18,2249.55049276416,6.396238759641968,-141.80441223535092,4,1
2012-02-19 16:56:00.759045+00:00,9.64,20.14,30.48,1441.4621030629096,6.592820034631263,-141.41124968537238,2,1
2012-02-19 17:07:00.758995+00:00,0.0,0.02,0.0,580.9345990839761,3.045596095916727,-148.50569756280143,3,1
2012-02-19 17:10:00.758981+00:00,0.0,0.02,0.0,709.953592969189,3.462609062811081,-147.67167162901276,4,1
2012-02-19 17:14:00.758963+00:00,0.0,0.02,0.0,838.972586854402,3.8378514028858906,-146.9211869488631,5,1
2012-02-19 17:17:00.758949+00:00,0.0,0.02,0.0,841.4416599974867,3.8378514028858906,-146.9211869488631,5,1
2012-02-19 17:21:00.758931+00:00,0.0,0.02,0.0,849.6530223289079,3.5758656761998284,-147.44515840223522,4,1
2012-02-19 17:24:00.758917+00:00,2.69,5.95,9.09,1937.360759806817,3.5758656761998284,-147.44515840223522,4,1
2012-02-19 17:32:00.758880+00:00,3.26,7.18,10.95,3225.5882879829437,3.2809640893301597,-148.03496157597453,4,1
2012-02-19 17:35:00.758866+00:00,4.65,10.1,15.37,8453.27462733756,3.1429880211791317,-148.3109137122766,4,1
2012-02-19 17:39:00.758848+00:00,4.53,9.85,14.99,3476.0944907197577,3.248048229146553,-148.10079329634175,5,1
2012-02-19 17:42:00.758834+00:00,4.53,9.85,14.99,3476.0944907197577,3.248048229146553,-148.10079329634175,5,1
2012-02-19 17:46:00.758816+00:00,4.53,9.85,14.99,6527.5232835973775,3.0379278132117116,-148.52103412821145,5,1
2012-02-19 17:49:00.758802+00:00,4.67,10.13,15.41,3476.0944907197577,3.0379278132117116,-148.52103412821145,5,1
2012-02-19 17:53:00.758784+00:00,3.8,8.32,12.68,1652.6921718553326,3.1030557748261653,-148.39077820498255,5,1
2012-02-19 17:57:00.758766+00:00,4.56,9.91,15.09,1652.6921718553326,3.1030557748261653,-148.39077820498255,5,1
2012-02-19 18:00:00.758752+00:00,4.3,9.35,14.25,3986.548246335495,3.4946125578226237,-147.60766463898963,5,1
2012-02-19 18:04:00.758734+00:00,4.3,9.35,14.25,2041.0925273992395,4.045397004387878,-146.50609574585908,6,1
2012-02-19 18:07:00.758720+00:00,4.68,10.16,15.46,3066.926405362749,4.704953144828514,-145.18698346497789,6,1
2012-02-19 18:11:00.758702+00:00,4.68,10.16,15.46,4150.861205594665,4.704953144828514,-145.18698346497789,6,1
2012-02-19 18:14:00.758688+00:00,4.74,10.28,15.65,4150.861205594665,4.729755122492391,-145.1373795096501,6,1
2012-02-19 18:15:00.758683+00:00,4.74,10.28,15.65,4150.861205594665,4.729755122492391,-145.1373795096501,6,1
2012-02-19 18:18:00.758670+00:00,4.97,10.74,16.34,3375.2349592242103,5.283453605772901,-144.0299825430891,6,1
2012-02-19 18:22:00.758651+00:00,4.95,10.71,16.3,4315.174164853836,5.475017887677001,-143.64685397928088,5,1
2012-02-19 18:25:00.758638+00:00,10.17,21.19,32.05,5366.79228168539,6.706669964296446,-141.183549826042,4,1
2012-02-19 18:33:00.758601+00:00,10.15,21.15,31.99,2435.295753594584,7.93832204091589,-138.7202456728031,3,1
2012-02-19 18:36:00.758587+00:00,10.19,21.24,32.12,1535.4562869617614,4.4550847169683685,-145.68672032069813,3,1
2012-02-19 18:43:00.758555+00:00,6.36,13.59,20.63,630.3794685839907,2.708952953622514,-149.17898384738984,3,1
2012-02-19 18:51:00.758519+00:00,4.7,10.19,15.51,1055.8930331578597,4.628002150027624,-145.34088545457962,4,1
2012-02-19 18:54:00.758505+00:00,4.7,10.19,15.51,1580.3078708874937,5.363710715446586,-143.86946832374167,4,1
2012-02-19 18:58:00.758486+00:00,4.68,10.16,15.46,1679.209144043259,5.926501847806295,-142.74388605902232,5,1
2012-02-19 19:01:00.758473+00:00,0.0,0.02,0.0,1816.4398351177854,5.926501847806295,-142.74388605902232,5,1
2012-02-19 19:05:00.758454+00:00,0.0,0.02,0.0,2232.327877759958,4.800919583086877,-144.99505058846108,5,1
2012-02-19 19:09:00.758436+00:00,0.0,0.02,0.0,2379.5182156002234,4.777902708087952,-145.04108433845897,5,1
2012-02-19 19:12:00.758422+00:00,0.0,0.02,0.0,2379.5182156002234,3.4269668867519885,-147.7429559811309,5,1
2012-02-19 19:16:00.758404+00:00,0.0,0.02,0.0,2305.923046680091,3.1642860406208406,-148.2683176733932,4,1
2012-02-19 19:19:00.758390+00:00,9.66,20.18,30.54,2232.327877759958,2.9016051944896937,-148.7936793656555,3,1
2012-02-19 19:30:00.758340+00:00,9.85,20.56,31.1,2295.5178417514107,2.650235809547995,-149.29641813553891,3,1
2012-02-19 19:34:00.758322+00:00,9.85,20.56,31.1,2194.9179925151675,2.5238701069739626,-149.54914954068698,4,1
2012-02-19 19:37:00.758308+00:00,9.87,20.6,31.16,2094.3181432789247,2.397504404399931,-149.80188094583502,5,1
2012-02-19 19:41:00.758290+00:00,10.0,20.85,31.54,1083.4136121647152,2.650235809547995,-149.29641813553891,5,1
2012-02-19 19:44:00.758276+00:00,5.36,11.54,17.55,1083.4136121647152,2.650235809547995,-149.29641813553891,5,1
2012-02-19 19:48:00.758258+00:00,3.29,7.25,11.05,1083.4136121647152,4.245391276649058,-146.10610720133675,5,1
2012-02-19 19:51:00.758244+00:00,5.56,11.95,18.16,1401.183667513156,4.245391276649058,-146.10610720133675,5,1
2012-02-19 19:55:00.758226+00:00,5.56,11.95,18.16,1401.183667513156,4.245391276649058,-146.10610720133675,5,1
2012-02-19 19:59:00.758207+00:00,5.6,12.04,18.3,1401.183667513156,3.9349856272790897,-146.7269185000767,5,1
2012-02-19 20:02:00.758194+00:00,5.54,11.92,18.11,1077.3881797689594,3.9349856272790897,-146.7269185000767,5,1
2012-02-19 20:06:00.758175+00:00,5.53,11.88,18.06,1075.9817074919983,3.9349856272790897,-146.7269185000767,5,1
2012-02-19 20:10:00.758157+00:00,0.24,0.53,0.81,1075.9817074919983,3.9349856272790897,-146.7269185000767,5,1
2012-02-19 20:13:00.758143+00:00,0.24,0.53,0.81,1077.3881797689594,4.030444692583118,-146.53600036946864,5,1
2012-02-19 20:17:00.758125+00:00,0.24,0.53,0.81,1288.4894240242004,4.748947672245098,-145.09899441014468,5,1
2012-02-19 20:20:00.758111+00:00,0.02,0.02,0.1,1288.4894240242004,4.030444692583118,-146.53600036946864,5,1
2012-02-19 20:24:00.758093+00:00,0.02,0.02,0.1,1862.97277598222,3.7931893170130953,-147.0105111206087,5,1
2012-02-19 20:28:00.758075+00:00,3.54,7.77,11.85,1288.4894240242004,3.7931893170130953,-147.0105111206087,5,1
2012-02-19 20:31:00.758061+00:00,3.27,7.21,11.0,1273.9327108419925,3.7931893170130953,-147.0105111206087,5,1
2012-02-19 20:35:00.758042+00:00,0.0,0.02,0.01,1273.9327108419925,3.5703838491342226,-147.45612205636644,5,1
2012-02-19 20:38:00.758029+00:00,0.0,0.02,0.01,1625.3758954630155,3.071403189752375,-148.45408337513012,5,1
2012-02-19 20:42:00.758010+00:00,0.0,0.02,0.01,1273.9327108419925,3.112407517241748,-148.37207472015137,5,1
2012-02-19 20:45:00.757997+00:00,0.0,0.02,0.01,1625.3758954630155,3.112407517241748,-148.37207472015137,5,1
2012-02-19 20:49:00.757978+00:00,0.0,0.02,0.01,1900.6046490283093,3.112407517241748,-148.37207472015137,5,1
2012-02-19 20:52:00.757965+00:00,9.54,19.94,30.17,1900.6046490283093,3.112407517241748,-148.37207472015137,5,1
2012-02-19 20:56:00.757946+00:00,9.56,19.98,30.23,1900.6046490283093,3.112407517241748,-148.37207472015137,5,1
2012-02-19 21:00:00.757928+00:00,9.52,19.9,30.11,1900.6046490283093,4.326427172986675,-145.9440354086615,5,1
2012-02-19 21:03:00.757914+00:00,9.56,19.98,30.23,2588.32467877982,2.9188019531777214,-148.75928584827943,5,1
2012-02-19 21:07:00.757896+00:00,7.4,15.67,23.76,2845.848929636937,2.4379670824536657,-149.72095558972754,5,1
2012-02-19 21:10:00.757882+00:00,7.45,15.77,23.92,2845.848929636937,2.9188019531777214,-148.75928584827943,5,1
2012-02-19 21:14:00.757864+00:00,3.37,7.41,11.3,3001.9121365707238,3.66465754042825,-147.26757467377837,5,1
2012-02-19 21:18:00.757846+00:00,3.4,7.48,11.4,4689.338936793193,2.9188019531777214,-148.75928584827943,5,1
2012-02-19 21:21:00.757832+00:00,3.4,7.48,11.4,4689.338936793193,3.66465754042825,-147.26757467377837,5,1
2012-02-19 21:25:00.757814+00:00,6.11,13.08,19.86,4689.338936793193,3.66465754042825,-147.26757467377837,5,1
2012-02-19 21:28:00.757800+00:00,2.94,6.49,9.91,3995.4729305591527,3.66465754042825,-147.26757467377837,5,1
2012-02-19 21:32:00.757782+00:00,2.51,5.58,8.52,3666.7739494041402,4.16173356724659,-146.2734226201417,4,1
2012-02-19 21:36:00.757763+00:00,2.51,5.58,8.52,2999.316366916424,5.195337505261224,-144.20621474411243,4,1
2012-02-19 21:43:00.757731+00:00,2.51,5.58,8.52,2999.316366916424,5.164868177216542,-144.26715340020178,4,1
2012-02-19 21:46:00.757717+00:00,9.6,20.06,30.35,2305.4603674269565,5.103957848200658,-144.38897405823352,4,1
2012-02-19 21:50:00.757699+00:00,0.0,0.0,0.0,2660.557765583721,4.971071489327358,-144.65474677598016,5,1
2012-02-19 21:54:00.757681+00:00,0.0,0.0,0.0,3429.1997579217004,4.144898715399749,-146.30709232383538,5,1
2012-02-19 21:57:00.757667+00:00,0.0,0.0,0.0,11424.51342803861,5.236844207073958,-144.12320134048696,5,1
2012-02-19 22:01:00.757649+00:00,0.0,0.0,0.0,14585.920070602537,5.236844207073958,-144.12320134048696,5,1
2012-02-19 22:05:00.757630+00:00,10.23,21.32,32.25,14585.920070602537,6.125979969957412,-142.34492981472005,5,1
2012-02-19 22:08:00.757617+00:00,0.94,2.13,3.25,14846.286670628835,6.125979969957412,-142.34492981472005,5,1
2012-02-19 22:12:00.757598+00:00,0.94,2.13,3.25,14846.286670628835,6.125979969957412,-142.34492981472005,5,1
2012-02-19 22:16:00.757580+00:00,9.3,19.46,29.45,6446.823987861315,5.277979995078913,-144.04092976447706,6,1
2012-02-19 22:19:00.757566+00:00,9.22,19.3,29.21,4919.456368235607,4.322164728248499,-145.95256029813788,6,1
2012-02-19 22:23:00.757548+00:00,9.26,19.38,29.33,4568.404804240426,3.708888960202719,-147.17911183422945,6,1
2012-02-19 22:26:00.757534+00:00,5.76,12.35,18.77,2787.836477372593,3.4782438203836774,-147.64040211386748,6,1
2012-02-19 22:27:00.757530+00:00,5.76,12.35,18.77,2787.836477372593,3.4782438203836774,-147.64040211386748,6,1
2012-02-19 22:30:00.757516+00:00,5.74,12.32,18.72,2787.836477372593,3.5148548576907803,-147.56718003925332,6,1
2012-02-19 22:34:00.757498+00:00,3.72,8.16,12.44,1851.6339990489835,3.9837042964775455,-146.62948116167982,6,1
2012-02-19 22:38:00.757479+00:00,3.72,8.16,12.44,1412.351708269297,3.753059156658504,-147.09077144131788,5,1
2012-02-19 22:41:00.757466+00:00,3.71,8.13,12.39,1358.153812657868,4.072375213885791,-146.45213932686332,4,1
2012-02-19 22:45:00.757447+00:00,4.37,9.51,14.48,1358.153812657868,3.858349608896677,-146.88019053684152,4,1
2012-02-19 22:52:00.757415+00:00,3.57,7.84,11.95,1520.6127704711246,3.9444829895730376,-146.70792377548878,4,1
2012-02-19 22:56:00.757397+00:00,3.71,8.13,12.39,1787.534312231932,3.601630233799144,-147.3936292870366,4,1
2012-02-19 22:59:00.757383+00:00,3.71,8.13,12.39,1946.194791790912,3.6744357893014903,-147.2480181760319,5,1
2012-02-19 23:03:00.757365+00:00,3.68,8.06,12.29,1628.8738326729526,3.6744357893014903,-147.2480181760319,5,1
2012-02-19 23:07:00.757347+00:00,0.0,0.02,0.0,3255.470563346061,3.6023420211708013,-147.39220571229328,5,1
2012-02-19 23:10:00.757333+00:00,0.0,0.02,0.0,3255.470563346061,3.6744357893014903,-147.2480181760319,5,1
2012-02-19 23:14:00.757315+00:00,0.0,0.02,0.0,1984.9408244288888,4.282342220012352,-146.03220531461017,5,1
2012-02-19 23:18:00.757296+00:00,5.6,12.04,18.3,1984.9408244288888,4.464962633799528,-145.6669644870358,5,1
2012-02-19 23:21:00.757283+00:00,5.72,12.29,18.67,5161.434316402777,4.464962633799528,-145.6669644870358,5,1
2012-02-19 23:25:00.757264+00:00,5.53,11.88,18.06,5161.434316402777,4.701146945358313,-145.1945958639183,5,1
2012-02-19 23:29:00.757246+00:00,5.53,11.88,18.06,8415.553143262056,4.701146945358313,-145.1945958639183,5,1
2012-02-19 23:32:00.757232+00:00,5.53,11.88,18.06,8415.553143262056,4.948247869265615,-144.70039401610364,5,1
2012-02-19 23:36:00.757214+00:00,5.43,11.7,17.78,11341.887307518546,5.304513104869349,-143.9878635448962,5,1
2012-02-19 23:39:00.757200+00:00,2.77,6.14,9.37,11475.57796247273,5.577829457047894,-143.4412308405391,5,1
2012-02-19 23:43:00.757182+00:00,2.77,6.14,9.37,15221.649682225096,5.414510037217574,-143.76786968019977,5,1
2012-02-19 23:46:00.757168+00:00,2.82,6.24,9.53,12447.883374259209,5.414510037217574,-143.76786968019977,5,1
2012-02-20 00:13:00.768886+00:00,6.24,13.33,20.24,2189.5000419136068,2.992979857991718,-146.47641203668562,5,1
2012-02-20 00:16:00.768872+00:00,6.24,13.33,20.24,2189.5000419136068,3.269996262127331,-145.92237922841443,5,1
2012-02-20 00:20:00.768854+00:00,6.21,13.27,20.15,1965.7324705811566,4.423559636158743,-143.61525248035161,5,1
2012-02-20 00:23:00.768840+00:00,6.21,13.27,20.15,1563.4518033871427,4.427046709782347,-143.6082783331044,4,1
2012-02-20 00:30:00.768808+00:00,6.33,13.52,20.53,2053.506774688356,5.241316776118484,-141.97973820043208,6,1
2012-02-20 00:34:00.768790+00:00,1.7,3.81,5.83,2141.2810787955555,5.3785376706939925,-141.7052964112811,5,1
2012-02-20 00:37:00.768776+00:00,1.7,3.81,5.83,2286.225563533644,5.241316776118484,-141.97973820043208,6,1
2012-02-20 00:38:00.768772+00:00,1.7,3.81,5.83,2286.225563533644,5.241316776118484,-141.97973820043208,6,2
2012-02-20 00:45:00.768740+00:00,3.45,7.58,11.55,5530.701921042257,4.283043806846584,-143.89628413897591,6,1
2012-02-20 00:48:00.768726+00:00,3.45,7.58,11.55,5926.873207557243,2.724405995561139,-147.01355976154682,5,1
2012-02-20 00:52:00.768708+00:00,3.45,7.58,11.55,5926.873207557243,3.2369247444755733,-145.9885222637179,5,1
2012-02-20 00:56:00.768689+00:00,3.45,7.58,11.55,6040.795715324125,3.2369247444755733,-145.9885222637179,5,1
2012-02-20 00:59:00.768676+00:00,3.52,7.74,11.8,5926.873207557243,3.2369247444755733,-145.9885222637179,5,1
2012-02-20 01:03:00.768657+00:00,8.25,17.36,26.31,6040.795715324125,3.380730565361138,-145.7009106219468,5,1
2012-02-20 01:07:00.768639+00:00,8.16,17.18,26.03,8882.654317434264,3.5263512642573667,-145.40966922415438,5,1
2012-02-20 01:10:00.768625+00:00,8.16,17.18,26.03,8882.654317434264,3.6347721701822246,-145.19282741230464,5,1
2012-02-20 01:14:00.768607+00:00,7.85,16.57,25.12,8882.654317434264,3.6347721701822246,-145.19282741230464,5,1
2012-02-20 01:18:00.768589+00:00,7.87,16.61,25.17,12466.2288829413,3.5263512642573667,-145.40966922415438,5,1
2012-02-20 01:21:00.768575+00:00,7.87,16.61,25.17,15843.372523911084,2.984882657053568,-146.49260643856198,5,1
2012-02-20 01:25:00.768557+00:00,7.96,16.79,25.44,15843.372523911084,2.984882657053568,-146.49260643856198,5,1
2012-02-20 01:29:00.768538+00:00,7.8,16.47,24.96,15843.372523911084,2.984882657053568,-146.49260643856198,5,1
2012-02-20 01:32:00.768525+00:00,7.73,16.33,24.75,11790.721011213132,3.027204094093297,-146.4079635644825,5,1
2012-02-20 01:36:00.768506+00:00,7.87,16.61,25.17,11790.721011213132,3.027204094093297,-146.4079635644825,5,1
2012-02-20 01:40:00.768488+00:00,7.87,16.61,25.17,10812.103065713209,3.027204094093297,-146.4079635644825,5,1
2012-02-20 01:43:00.768474+00:00,7.82,16.5,25.01,9983.557329289828,2.7735975649561557,-146.91517662275675,5,1
2012-02-20 01:47:00.768456+00:00,7.71,16.29,24.7,10812.103065713209,2.7735975649561557,-146.91517662275675,5,1
2012-02-20 01:51:00.768438+00:00,8.1,17.07,25.87,10812.103065713209,2.7735975649561557,-146.91517662275675,5,1
2012-02-20 01:54:00.768424+00:00,8.1,17.07,25.87,9983.557329289828,3.8849047987808216,-144.69256215510745,5,1
2012-02-20 01:58:00.768406+00:00,8.01,16.9,25.6,5576.256689419567,4.143492462493147,-144.17538682768281,4,1
2012-02-20 02:02:00.768387+00:00,8.01,16.9,25.6,1168.956049549306,4.402080126205472,-143.65821150025815,3,1
2012-02-20 02:12:00.768341+00:00,7.96,16.79,25.44,3534.0913140546586,4.022103966048971,-144.41816382057115,3,1
2012-02-20 02:16:00.768323+00:00,8.36,17.58,26.64,2993.902430755811,3.914556535567217,-144.63325868153464,4,1
2012-02-20 02:20:00.768305+00:00,4.73,10.25,15.6,2913.9167761449603,4.022103966048971,-144.41816382057115,5,1
2012-02-20 02:23:00.768291+00:00,4.73,10.25,15.6,2913.9167761449603,4.022103966048971,-144.41816382057115,5,1
2012-02-20 02:27:00.768273+00:00,4.73,10.25,15.6,2913.9167761449603,5.827460434805204,-140.80745088305866,5,1
2012-02-20 02:31:00.768254+00:00,4.83,10.47,15.92,5466.887342350677,3.460356025856205,-145.5416597009567,5,1
2012-02-20 02:34:00.768241+00:00,4.83,10.47,15.92,7738.94349497163,4.980079844879646,-142.50221206290982,5,1
2012-02-20 02:38:00.768222+00:00,9.6,20.06,30.35,7738.94349497163,3.460356025856205,-145.5416597009567,5,1
2012-02-20 02:42:00.768204+00:00,9.56,19.98,30.23,7738.94349497163,3.460356025856205,-145.5416597009567,5,1
2012-02-20 02:45:00.768190+00:00,9.58,20.02,30.29,7738.94349497163,3.4120661903665934,-145.6382393719359,5,1
2012-02-20 02:49:00.768172+00:00,9.74,20.35,30.79,7119.234073104321,3.4120661903665934,-145.6382393719359,5,1
2012-02-20 02:53:00.768154+00:00,8.71,18.29,27.7,7119.234073104321,3.4120661903665934,-145.6382393719359,5,1
2012-02-20 02:56:00.768140+00:00,8.71,18.29,27.7,5521.357389634486,4.2411595321423325,-143.98005268838443,5,1
2012-02-20 03:00:00.768122+00:00,8.43,17.73,26.86,4066.564981075685,5.206341574087903,-142.04968860449333,5,1
2012-02-20 03:04:00.768103+00:00,8.52,17.92,27.14,5521.357389634486,5.489077548236498,-141.4842166561961,5,1
2012-02-20 03:07:00.768090+00:00,8.47,17.81,26.97,4066.564981075685,6.003110074690628,-140.45615160328782,5,1
2012-02-20 03:11:00.768071+00:00,7.78,16.43,24.91,4066.564981075685,6.003110074690628,-140.45615160328782,5,1
2012-02-20 03:15:00.768053+00:00,8.1,17.07,25.87,8374.37947728952,5.489077548236498,-141.4842166561961,5,1
2012-02-20 03:18:00.768039+00:00,8.12,17.11,25.92,8374.37947728952,5.3408002727272965,-141.78077120721446,5,1
2012-02-20 03:22:00.768021+00:00,8.3,17.47,26.47,3047.5416096502913,4.653620666412852,-143.15513041984337,5,1
2012-02-20 03:26:00.768003+00:00,8.26,17.4,26.36,2209.40216787792,4.653620666412852,-143.15513041984337,5,1
2012-02-20 03:29:00.767989+00:00,8.32,17.51,26.53,2209.40216787792,5.3408002727272965,-141.78077120721446,5,1
2012-02-20 03:33:00.767971+00:00,8.32,17.51,26.53,2209.40216787792,5.3408002727272965,-141.78077120721446,5,1
2012-02-20 03:37:00.767952+00:00,8.34,17.55,26.58,6857.214977809325,5.381678530651026,-141.69901469136704,5,1
2012-02-20 03:40:00.767939+00:00,4.85,10.5,15.97,8334.883266001041,5.442667685096917,-141.57703638247526,5,1
2012-02-20 03:44:00.767920+00:00,4.3,9.35,14.25,9608.241383135935,5.442667685096917,-141.57703638247526,5,1
2012-02-20 03:48:00.767902+00:00,4.25,9.26,14.1,10183.714025497413,5.607400730965921,-141.24757029073726,5,1
2012-02-20 03:51:00.767888+00:00,4.25,9.26,14.1,9608.241383135935,5.607400730965921,-141.24757029073726,5,1
2012-02-20 03:55:00.767870+00:00,8.86,18.6,28.16,9608.241383135935,5.442667685096917,-141.57703638247526,5,1
2012-02-20 03:58:00.767856+00:00,8.86,18.6,28.16,10183.714025497413,5.412475568659427,-141.63742061535024,5,1
2012-02-20 04:02:00.767838+00:00,8.88,18.64,28.21,8060.122206093289,4.959195803281737,-142.54398014610558,4,1
2012-02-20 04:06:00.767820+00:00,8.9,18.67,28.27,5936.530386689166,4.505916037904046,-143.45053967686096,3,1
2012-02-20 04:16:00.767774+00:00,9.4,19.66,29.75,766.7786726996526,2.4719117741032397,-147.51854820446258,1,1
2012-02-20 04:27:00.767723+00:00,7.32,15.5,23.51,1286.236116893268,5.9050852827814815,-140.65220118710613,3,1
2012-02-20 04:30:00.767710+00:00,7.32,15.5,23.51,1452.2032153406476,6.064354914393093,-140.33366192388291,4,1
2012-02-20 04:34:00.767691+00:00,6.52,13.91,21.11,1618.170313788027,5.9050852827814815,-140.65220118710613,5,1
2012-02-20 04:37:00.767678+00:00,6.52,13.91,21.11,1744.2289253639829,5.9050852827814815,-140.65220118710613,5,1
2012-02-20 04:41:00.767659+00:00,9.5,19.86,30.05,3816.2474840870295,4.5274073403867865,-143.4075570718955,5,1
2012-02-20 04:44:00.767646+00:00,9.5,19.86,30.05,3816.2474840870295,4.5274073403867865,-143.4075570718955,5,1
2012-02-20 04:48:00.767627+00:00,9.5,19.86,30.05,3816.2474840870295,3.708889877805684,-145.0445919970577,5,1
2012-02-20 04:52:00.767609+00:00,9.5,19.86,30.05,3816.2474840870295,4.5274073403867865,-143.4075570718955,5,1
2012-02-20 04:55:00.767595+00:00,9.52,19.9,30.11,5151.788678309183,5.9213624012561334,-140.61964695015683,5,1
2012-02-20 04:59:00.767577+00:00,9.6,20.06,30.35,13057.676171284123,6.266282075184794,-139.9298076022995,5,1
2012-02-20 05:02:00.767563+00:00,9.62,20.1,30.42,13057.676171284123,6.266282075184794,-139.9298076022995,5,1
2012-02-20 05:06:00.767545+00:00,9.62,20.1,30.42,13057.676171284123,6.266282075184794,-139.9298076022995,5,1
2012-02-20 05:09:00.767531+00:00,9.93,20.73,31.35,4676.844427346766,6.266282075184794,-139.9298076022995,5,1
2012-02-20 05:13:00.767513+00:00,9.98,20.81,31.48,4565.406903418963,6.266282075184794,-139.9298076022995,5,1
2012-02-20 05:16:00.767499+00:00,10.02,20.89,31.6,4155.781606073357,6.325232984145581,-139.81190578437793,6,1
2012-02-20 05:20:00.767481+00:00,10.02,20.89,31.6,2737.956910279411,5.066970035359847,-142.32843168194935,5,1
2012-02-20 05:24:00.767463+00:00,10.04,20.94,31.67,2737.956910279411,6.113259658016133,-140.23585243663686,5,1
2012-02-20 05:27:00.767449+00:00,10.13,21.11,31.92,3005.7009729658002,6.384183893106369,-139.69400396645634,5,1
2012-02-20 05:31:00.767431+00:00,8.32,17.51,26.53,3005.7009729658002,6.384183893106369,-139.69400396645634,5,1
2012-02-20 05:35:00.767412+00:00,8.21,17.29,26.2,3426.7641981977476,7.068088475399878,-138.32619480186932,5,1
2012-02-20 05:38:00.767398+00:00,8.25,17.36,26.31,3426.7641981977476,8.47492021483307,-135.51253132300295,5,1
2012-02-20 05:42:00.767380+00:00,8.07,17.0,25.76,4127.720583131174,8.785818437619138,-134.89073487743082,5,1
2012-02-20 05:45:00.767366+00:00,8.07,17.0,25.76,3426.7641981977476,8.983679787179566,-134.49501217830996,5,1
2012-02-20 05:49:00.767348+00:00,7.99,16.86,25.55,4127.720583131174,8.983679787179566,-134.49501217830996,5,1
2012-02-20 05:53:00.767330+00:00,6.14,13.14,19.96,4498.975169074044,8.983679787179566,-134.49501217830996,5,1
2012-02-20 05:56:00.767316+00:00,6.16,13.17,20.0,5948.6009841498535,8.630026833077418,-135.20231808651423,5,1
2012-02-20 06:00:00.767298+00:00,5.13,11.08,16.85,7266.887685808153,8.630026833077418,-135.20231808651423,5,1
2012-02-20 06:03:00.767284+00:00,5.12,11.05,16.81,7266.887685808153,8.630026833077418,-135.20231808651423,5,1
2012-02-20 06:07:00.767266+00:00,5.09,10.99,16.71,5948.6009841498535,8.630026833077418,-135.20231808651423,5,1
2012-02-20 06:11:00.767247+00:00,5.06,10.93,16.62,5515.1096159078525,8.630026833077418,-135.20231808651423,5,1
2012-02-20 06:14:00.767234+00:00,5.04,10.9,16.57,5515.1096159078525,8.844243578647527,-134.77388459537406,5,1
2012-02-20 06:18:00.767215+00:00,0.0,0.0,0.0,5515.1096159078525,8.844243578647527,-134.77388459537406,5,1
2012-02-20 06:21:00.767202+00:00,0.0,0.0,0.0,6956.80844593646,8.453802486284886,-135.55476678009933,5,1
2012-02-20 06:25:00.767183+00:00,0.0,0.0,0.0,10149.003241058264,8.844243578647527,-134.77388459537406,5,1
2012-02-20 06:29:00.767165+00:00,7.28,15.43,23.4,10694.242745087446,9.356800236966745,-133.7487712787356,5,1
2012-02-20 06:32:00.767151+00:00,7.28,15.43,23.4,10694.242745087446,9.371484532064377,-133.7194026885403,5,1
2012-02-20 06:36:00.767133+00:00,7.33,15.53,23.56,10694.242745087446,9.380432610148956,-133.70150653237116,5,1
2012-02-20 06:39:00.767119+00:00,7.33,15.53,23.56,12938.959991160798,9.380432610148956,-133.70150653237116,5,1
2012-02-20 06:43:00.767101+00:00,7.38,15.64,23.71,26976.81142657062,9.371484532064377,-133.7194026885403,5,1
2012-02-20 06:47:00.767083+00:00,7.35,15.57,23.61,37124.3509351296,7.395101971956171,-137.67216780875674,5,1
2012-02-20 06:50:00.767069+00:00,7.35,15.57,23.61,32050.581180850113,7.563790690475871,-137.33479037171733,6,1
2012-02-20 06:54:00.767051+00:00,5.16,11.14,16.95,15398.538381620983,7.563790690475871,-137.33479037171733,8,1
2012-02-20 06:57:00.767037+00:00,5.15,11.11,16.9,14826.29506793731,7.712841481897461,-137.03668878887416,8,1
2012-02-20 06:58:00.767032+00:00,5.12,11.05,16.81,14825.862364837814,7.693203554799348,-137.07596464307042,9,1
2012-02-20 07:01:00.767019+00:00,5.12,11.05,16.81,12859.338967587732,7.712841481897461,-137.03668878887416,8,1
2012-02-20 07:02:00.767014+00:00,5.12,11.05,16.81,10892.81557033765,7.732479408995572,-136.99741293467793,9,1
2012-02-20 07:03:00.767009+00:00,5.12,11.05,16.81,10892.81557033765,7.732479408995572,-136.99741293467793,9,1
2012-02-20 07:04:00.767005+00:00,5.12,11.05,16.81,9316.322468934208,8.047873426437821,-136.36662489979344,8,1
2012-02-20 07:08:00.766986+00:00,5.12,11.05,16.81,7645.987018938073,8.047873426437821,-136.36662489979344,8,1
2012-02-20 07:11:00.766973+00:00,8.81,18.48,27.99,7552.144670345381,8.166326343799897,-136.12971906506928,7,1
2012-02-20 07:15:00.766954+00:00,8.9,18.67,28.27,4036.9993806087878,8.166326343799897,-136.12971906506928,5,1
2012-02-20 07:19:00.766936+00:00,8.71,18.29,27.7,2584.7988265054637,8.264796893839984,-135.9327779649891,4,1
2012-02-20 07:22:00.766922+00:00,8.65,18.18,27.53,1132.5982724021392,8.166326343799897,-136.12971906506928,3,1
2012-02-20 07:33:00.766872+00:00,3.72,8.16,12.44,2016.4517022403384,6.7675564915094375,-138.92725876965022,4,1
2012-02-20 07:35:00.766863+00:00,3.78,8.29,12.63,2667.458286319076,6.838684001537608,-138.78500374959387,5,1
2012-02-20 07:37:00.766854+00:00,7.57,16.02,24.28,2667.458286319076,6.838684001537608,-138.78500374959387,5,1
2012-02-20 07:40:00.766840+00:00,7.57,16.02,24.28,5436.172173746134,6.7675564915094375,-138.92725876965022,6,1
2012-02-20 07:44:00.766822+00:00,7.64,16.15,24.49,9152.101310789476,6.443477929187948,-139.5754158942932,6,1
2012-02-20 07:48:00.766803+00:00,0.0,0.02,0.0,10099.316560405761,6.838684001537608,-138.78500374959387,5,1
2012-02-20 07:51:00.766790+00:00,0.0,0.02,0.0,12145.2837639674,6.598129558375187,-139.26611263591872,6,1
2012-02-20 07:55:00.766771+00:00,0.0,0.02,0.0,7760.984300031829,6.137735874451767,-140.18690000376554,6,1
2012-02-20 07:59:00.766753+00:00,0.0,0.02,0.0,6926.7264958554515,6.1609610694758175,-140.14044961371746,9,2
2012-02-20 08:02:00.766739+00:00,0.0,0.02,0.0,7194.7439180946585,6.1609610694758175,-140.14044961371746,11,1
2012-02-20 08:06:00.766721+00:00,0.0,0.02,0.0,9587.209825103146,5.276324109975448,-141.90972353271817,14,2
2012-02-20 08:07:00.766716+00:00,0.0,0.02,0.0,10612.76705911356,6.1609610694758175,-140.14044961371746,15,1
2012-02-20 08:08:00.766712+00:00,6.08,13.01,19.76,10043.705057725965,6.194080480770532,-140.07421079112802,16,1
2012-02-20 08:09:00.766707+00:00,6.3,13.46,20.44,9018.14782371555,6.27778543802318,-139.90680087662273,16,1
2012-02-20 08:10:00.766703+00:00,6.25,13.36,20.29,9018.14782371555,6.27778543802318,-139.90680087662273,16,1
2012-02-20 08:11:00.766698+00:00,6.29,13.43,20.39,8561.65259109273,6.328370983981111,-139.80562978470687,17,1
2012-02-20 08:12:00.766694+00:00,6.46,13.78,20.92,8407.894713478685,6.476927090713115,-139.50851757124286,18,1
2012-02-20 08:13:00.766689+00:00,6.62,14.1,21.41,8407.894713478685,7.4513353697363565,-137.55970101319642,18,1
2012-02-20 08:14:00.766684+00:00,6.69,14.23,21.6,8254.136835864641,8.27718754202759,-135.90799666861392,19,1
2012-02-20 08:15:00.766680+00:00,6.75,14.37,21.8,7818.363203378692,12.514545290190478,-127.43328117228813,20,1
2012-02-20 08:16:00.766675+00:00,6.73,14.33,21.75,7288.6667444937,17.441329749997166,-117.57971225267474,20,1
2012-02-20 08:17:00.766671+00:00,6.75,14.37,21.8,7154.658033374098,18.195567771055714,-116.07123621055766,20,1
2012-02-20 08:18:00.766666+00:00,6.73,14.33,21.75,7026.915180594457,18.39298603188167,-115.67639968890578,20,1
2012-02-20 08:19:00.766661+00:00,6.73,14.33,21.75,7972.121080992735,18.53634152951269,-115.3896886936437,20,1
2012-02-20 08:20:00.766657+00:00,6.73,14.33,21.75,8428.616313615556,18.970898347382327,-114.52057505790441,20,1
2012-02-20 08:21:00.766652+00:00,6.73,14.33,21.75,8428.616313615556,19.37690610900561,-113.70855953465788,20,1
2012-02-20 08:22:00.766648+00:00,6.73,14.33,21.75,8428.616313615556,19.37690610900561,-113.70855953465788,20,1
2012-02-20 08:23:00.766643+00:00,6.73,14.33,21.75,8428.616313615556,19.37690610900561,-113.70855953465788,20,1
2012-02-20 08:24:00.766639+00:00,6.73,14.33,21.75,8428.616313615556,19.37690610900561,-113.70855953465788,20,1
2012-02-20 08:25:00.766634+00:00,6.73,14.33,21.75,8428.616313615556,19.410378264312502,-113.64161522404406,20,1
2012-02-20 08:26:00.766629+00:00,6.73,14.33,21.75,7026.915180594457,19.442679854631947,-113.57701204340519,20,1
2012-02-20 08:27:00.766625+00:00,6.73,14.33,21.75,6046.203281876049,19.459353193258792,-113.5436653661515,20,1
2012-02-20 08:28:00.766620+00:00,6.72,14.3,21.7,6046.203281876049,19.49660746986717,-113.46915681293476,20,1
2012-02-20 08:29:00.766616+00:00,6.72,14.3,21.7,6046.203281876049,19.546267976734995,-113.36983579919908,20,1
2012-02-20 08:30:00.766611+00:00,6.69,14.23,21.6,7907.494333133804,19.63804874791111,-113.18627425684687,20,1
2012-02-20 08:31:00.766607+00:00,6.7,14.27,21.65,10751.628181059012,19.848602055622887,-112.76516764142332,20,1
2012-02-20 08:32:00.766602+00:00,6.72,14.3,21.7,11592.200796582207,20.03570781203231,-112.39095612860449,20,1
2012-02-20 08:33:00.766597+00:00,6.69,14.23,21.6,11592.200796582207,20.03570781203231,-112.39095612860449,20,1
2012-02-20 08:34:00.766593+00:00,6.64,14.14,21.46,11592.200796582207,20.03570781203231,-112.39095612860449,20,1
2012-02-20 08:35:00.766588+00:00,6.57,14.01,21.26,11592.200796582207,19.90410074447131,-112.65417026372648,20,1
2012-02-20 08:36:00.766584+00:00,6.51,13.88,21.06,11592.200796582207,19.77287858408845,-112.91661458449221,20,1
2012-02-20 08:37:00.766579+00:00,6.4,13.65,20.72,11592.200796582207,19.63804874791111,-113.18627425684687,20,1
2012-02-20 08:38:00.766575+00:00,6.4,13.65,20.72,11592.200796582207,19.77287858408845,-112.91661458449221,20,1
2012-02-20 08:39:00.766570+00:00,6.38,13.62,20.68,10751.628181059012,19.90410074447131,-112.65417026372648,20,1
2012-02-20 08:40:00.766565+00:00,6.38,13.62,20.68,9361.174817422409,20.03570781203231,-112.39095612860449,20,1
2012-02-20 08:41:00.766561+00:00,6.38,13.62,20.68,8320.992120087987,20.20954026823445,-112.04329121620016,20,1
2012-02-20 08:42:00.766556+00:00,6.36,13.59,20.63,8269.657556611135,20.544330832118934,-111.37371008843121,20,1
2012-02-20 08:43:00.766552+00:00,6.36,13.59,20.63,8123.242237929263,20.783626728302327,-110.89511829606441,20,1
2012-02-20 08:44:00.766547+00:00,6.36,13.59,20.63,7880.3641807276945,20.783626728302327,-110.89511829606441,20,1
2012-02-20 08:45:00.766542+00:00,6.36,13.59,20.63,7880.3641807276945,20.783626728302327,-110.89511829606441,20,1
2012-02-20 08:46:00.766538+00:00,6.36,13.59,20.63,8123.242237929263,20.783626728302327,-110.89511829606441,20,1
2012-02-20 08:47:00.766533+00:00,6.36,13.59,20.63,8123.242237929263,20.783626728302327,-110.89511829606441,20,1
2012-02-20 08:48:00.766529+00:00,6.38,13.62,20.68,7880.3641807276945,20.783626728302327,-110.89511829606441,20,1
2012-02-20 08:49:00.766524+00:00,6.41,13.68,20.77,7740.101500676296,20.76117253582784,-110.9400266810134,19,1
2012-02-20 08:50:00.766520+00:00,6.18,13.2,20.05,5834.731140842993,20.76117253582784,-110.9400266810134,19,1
2012-02-20 08:51:00.766515+00:00,10.43,21.72,32.84,5252.719263527858,20.316036202861206,-111.83029934694666,19,1
2012-02-20 08:52:00.766510+00:00,10.34,21.54,32.57,5113.286282531861,19.828377272936873,-112.80561720679538,19,1
2012-02-20 08:53:00.766506+00:00,10.3,21.45,32.44,4758.487950556477,19.331343681233193,-113.79968439020271,19,1
2012-02-20 08:54:00.766501+00:00,10.28,21.41,32.38,5076.098178780019,19.259370572288987,-113.94363060809113,19,1
2012-02-20 08:55:00.766497+00:00,10.26,21.37,32.31,5076.098178780019,19.21698626019691,-114.02839923227526,19,1
2012-02-20 08:56:00.766492+00:00,10.34,21.54,32.57,5076.098178780019,19.259370572288987,-113.94363060809113,19,1
2012-02-20 08:57:00.766488+00:00,10.34,21.54,32.57,5076.098178780019,19.259370572288987,-113.94363060809113,19,1
2012-02-20 08:59:00.766478+00:00,7.69,16.26,24.64,5076.098178780019,19.259370572288987,-113.94363060809113,19,1
2012-02-20 09:00:00.766474+00:00,7.66,16.19,24.54,5076.098178780019,19.259370572288987,-113.94363060809113,19,1
2012-02-20 09:01:00.766469+00:00,7.64,16.15,24.49,5020.480597395254,19.21698626019691,-114.02839923227526,19,1
2012-02-20 09:02:00.766465+00:00,10.36,21.58,32.64,5020.480597395254,19.211387597920968,-114.03959655682715,19,1
2012-02-20 09:03:00.766460+00:00,10.34,21.54,32.57,5020.480597395254,19.00080219015532,-114.46076737235843,19,1
2012-02-20 09:04:00.766455+00:00,7.62,16.12,24.44,5020.480597395254,18.895599450736505,-114.67117285119608,19,1
2012-02-20 09:05:00.766451+00:00,7.68,16.22,24.59,4758.487950556477,18.838190510863488,-114.7859907309421,19,1
2012-02-20 09:06:00.766446+00:00,7.68,16.22,24.59,4236.684934929681,18.67271003466452,-115.11695168334005,19,1
2012-02-20 09:07:00.766442+00:00,7.69,16.26,24.64,4166.832184122528,18.596731164651093,-115.26890942336686,19,1
2012-02-20 09:08:00.766437+00:00,7.75,16.36,24.8,4236.684934929681,18.596731164651093,-115.26890942336686,19,1
2012-02-20 09:09:00.766433+00:00,7.78,16.43,24.91,4201.758559526104,18.63472059965781,-115.19293055335346,20,1
2012-02-20 09:10:00.766428+00:00,7.8,16.47,24.96,4201.758559526104,18.63472059965781,-115.19293055335346,20,1
2012-02-20 09:11:00.766423+00:00,7.82,16.5,25.01,4272.364641321776,18.63472059965781,-115.19293055335346,20,1
2012-02-20 09:12:00.766419+00:00,7.82,16.5,25.01,4334.115295971433,18.63472059965781,-115.19293055335346,20,1
2012-02-20 09:13:00.766414+00:00,7.82,16.5,25.01,4360.186244228994,18.67271003466452,-115.11695168334005,19,1
2012-02-20 09:14:00.766410+00:00,7.83,16.54,25.07,4334.115295971433,18.70875174021486,-115.04486827223936,18,1
2012-02-20 09:15:00.766405+00:00,7.82,16.5,25.01,4690.333420812124,18.70875174021486,-115.04486827223936,18,1
2012-02-20 09:16:00.766401+00:00,7.83,16.54,25.07,4360.186244228994,18.67271003466452,-115.11695168334005,17,1
2012-02-20 09:17:00.766396+00:00,7.83,16.54,25.07,4334.115295971433,18.512812041058304,-115.43674767055248,16,1
2012-02-20 09:18:00.766391+00:00,7.83,16.54,25.07,4308.044347713872,18.352914047452085,-115.75654365776494,15,1
2012-02-20 09:19:00.766387+00:00,7.83,16.54,25.07,4308.044347713872,18.25245964912305,-115.957452454423,15,1
2012-02-20 09:20:00.766382+00:00,7.82,16.5,25.01,4272.364641321776,18.151980633689767,-116.15841048528955,14,1
2012-02-20 09:21:00.766378+00:00,7.8,16.47,24.96,4236.684934929681,18.25245964912305,-115.957452454423,13,1
2012-02-20 09:25:00.766359+00:00,7.9,16.68,25.28,5150.975033835308,18.30268684828757,-115.85699805609396,10,1
2012-02-20 09:28:00.766346+00:00,7.96,16.79,25.44,7473.3936603745415,4.965242779426576,-142.53188619381598,8,1
2012-02-20 09:32:00.766327+00:00,6.9,14.66,22.25,8539.653124700395,3.9755066715175187,-144.51135840963406,5,1
2012-02-20 09:35:00.766314+00:00,6.72,14.3,21.7,14567.708661286832,3.3708002562547166,-145.72077124015962,5,1
2012-02-20 09:39:00.766295+00:00,6.1,13.04,19.81,14567.708661286832,3.9755066715175187,-144.51135840963406,5,1
2012-02-20 09:43:00.766277+00:00,5.85,12.54,19.05,14567.708661286832,5.255594019418584,-141.9511837138319,5,1
2012-02-20 09:46:00.766263+00:00,5.85,12.54,19.05,11763.114969747863,5.427167022493987,-141.6080377076811,4,1
2012-02-20 09:50:00.766245+00:00,6.02,12.89,19.57,11763.114969747863,4.8110050088106435,-142.84036173504782,4,1
2012-02-20 09:57:00.766213+00:00,6.07,12.98,19.72,10925.786379619263,5.200230493521179,-142.06191076562672,4,1
2012-02-20 10:01:00.766195+00:00,6.51,13.88,21.06,13849.88039213864,4.8893790274531534,-142.68361369776278,4,1
2012-02-20 10:05:00.766176+00:00,6.49,13.84,21.02,15809.34974339759,5.055767706097948,-142.3508363404732,5,1
2012-02-20 10:08:00.766163+00:00,6.57,14.01,21.26,11890.411040879688,5.055767706097948,-142.3508363404732,5,1
2012-02-20 10:12:00.766144+00:00,6.51,13.88,21.06,9961.161718358842,5.055767706097948,-142.3508363404732,5,1
2012-02-20 10:16:00.766126+00:00,6.48,13.81,20.97,9171.157558937612,6.361531229495133,-139.73930929367882,5,1
2012-02-20 10:19:00.766112+00:00,5.48,11.79,17.92,3714.2718354074414,6.361531229495133,-139.73930929367882,5,1
2012-02-20 10:23:00.766094+00:00,5.59,12.01,18.25,2571.8668153339145,5.109971655866884,-142.2424284409353,4,1
2012-02-20 10:27:00.766076+00:00,5.59,12.01,18.25,1344.536689021306,5.109971655866884,-142.2424284409353,4,1
2012-02-20 10:34:00.766043+00:00,5.86,12.57,19.1,1582.0806219698459,4.465189429992988,-143.5319928926831,4,1
2012-02-20 10:38:00.766025+00:00,6.1,13.04,19.81,3378.808783594824,4.8638283840965055,-142.73471498447606,4,1
2012-02-20 10:41:00.766011+00:00,3.98,8.7,13.25,5022.918118510344,5.0719667777473365,-142.3184381971744,5,1
2012-02-20 10:45:00.765993+00:00,3.97,8.67,13.21,6914.4487281452975,5.172604066446235,-142.11716361977662,5,1
2012-02-20 10:49:00.765975+00:00,8.5,17.88,27.08,12275.165290581057,5.0719667777473365,-142.3184381971744,5,1
2012-02-20 10:52:00.765961+00:00,8.5,17.88,27.08,15400.329722052536,4.6556899904456746,-143.15099177177774,5,1
2012-02-20 10:56:00.765943+00:00,8.5,17.88,27.08,18446.033389370732,3.8448410776220316,-144.77268959742503,5,1
2012-02-20 10:59:00.765929+00:00,8.5,17.88,27.08,18446.033389370732,3.2992232884261963,-145.8639251758167,5,1
2012-02-20 11:03:00.765911+00:00,8.45,17.77,26.91,32723.86805526707,3.2992232884261963,-145.8639251758167,5,1
2012-02-20 11:07:00.765892+00:00,5.07,10.96,16.67,32723.86805526707,3.8448410776220316,-144.77268959742503,5,1
2012-02-20 11:11:00.765874+00:00,5.09,10.99,16.71,32723.86805526707,4.041764495055892,-144.37884276255733,5,1
2012-02-20 11:14:00.765860+00:00,5.09,10.99,16.71,31162.97850578518,4.0665418339805335,-144.32928808470803,5,1
2012-02-20 11:18:00.765842+00:00,5.09,10.99,16.71,13323.45343668482,4.077601183321542,-144.307169386026,5,1
2012-02-20 11:22:00.765824+00:00,5.07,10.96,16.67,9934.162131800658,4.0665418339805335,-144.32928808470803,5,1
2012-02-20 11:26:00.765805+00:00,5.07,10.96,16.67,9934.162131800658,4.330961488746459,-143.80044877517616,5,1
2012-02-20 11:29:00.765792+00:00,7.2,15.26,23.15,9934.162131800658,4.0665418339805335,-144.32928808470803,5,1
2012-02-20 11:33:00.765773+00:00,7.2,15.26,23.15,9579.128320792512,4.257897119677228,-143.94657751331462,5,1
2012-02-20 11:37:00.765755+00:00,7.11,15.1,22.9,8190.956839777796,4.257897119677228,-143.94657751331462,5,1
2012-02-20 11:40:00.765741+00:00,7.11,15.1,22.9,5560.712239624349,4.257897119677228,-143.94657751331462,5,1
2012-02-20 11:44:00.765723+00:00,7.15,15.16,23.0,3114.819376663381,3.472425830489676,-145.51752009168973,5,1
2012-02-20 11:48:00.765705+00:00,7.15,15.16,23.0,2391.770918962555,4.257897119677228,-143.94657751331462,5,1
2012-02-20 11:52:00.765686+00:00,7.15,15.16,23.0,2753.295147812968,4.655226153783405,-143.15191944510232,4,1
2012-02-20 11:56:00.765668+00:00,7.94,16.75,25.39,3114.819376663381,3.472425830489676,-145.51752009168973,3,1
2012-02-20 12:02:00.765991+00:00,7.2,15.26,23.15,3241.5234963151997,0.8522911448552007,-149.45487409695292,4,1
2012-02-20 12:06:00.765972+00:00,5.04,10.9,16.57,3924.690056869408,1.7045822897104017,-147.75029180724252,5,1
2012-02-20 12:09:00.765959+00:00,5.04,10.9,16.57,4796.606065270985,1.8213504157241724,-147.51675555521498,6,1
2012-02-20 12:13:00.765940+00:00,5.04,10.9,16.57,4113.439504716776,2.1267802418985906,-146.90589590286612,6,1
2012-02-20 12:17:00.765922+00:00,5.01,10.83,16.48,2785.725792427989,2.5663266266522418,-146.0268031333588,6,1
2012-02-20 12:19:00.765913+00:00,5.01,10.83,16.48,2558.356935760991,3.194534711566541,-144.77038696353026,7,1
2012-02-20 12:21:00.765904+00:00,5.01,10.83,16.48,2774.757070383707,3.6333206004473664,-143.89281518576857,6,1
2012-02-20 12:24:00.765890+00:00,8.83,18.52,28.04,2774.757070383707,3.2029025547147807,-144.75365127723373,6,1
2012-02-20 12:28:00.765872+00:00,8.62,18.1,27.42,3263.7534630481323,3.2029025547147807,-144.75365127723373,6,1
2012-02-20 12:31:00.765858+00:00,8.58,18.03,27.3,3514.412277001277,4.07210648932819,-143.0152434080069,5,1
2012-02-20 12:35:00.765840+00:00,7.92,16.72,25.33,3514.412277001277,4.216622233626721,-142.72621191940988,5,1
2012-02-20 12:38:00.765826+00:00,7.99,16.86,25.55,3531.112059473409,2.333698620101372,-146.49205914646058,5,1
2012-02-20 12:42:00.765808+00:00,8.1,17.07,25.87,3531.112059473409,3.631689349631037,-143.89607768740126,5,1
2012-02-20 12:46:00.765789+00:00,5.34,11.51,17.5,3116.32986569026,3.631689349631037,-143.89607768740126,5,1
2012-02-20 12:49:00.765776+00:00,10.17,21.19,32.05,2776.3862435961987,3.631689349631037,-143.89607768740126,5,1
2012-02-20 12:53:00.765757+00:00,10.15,21.15,31.99,2776.3862435961987,3.631689349631037,-143.89607768740126,5,1
2012-02-20 12:57:00.765739+00:00,9.98,20.81,31.48,2776.3862435961987,3.631689349631037,-143.89607768740126,5,1
2012-02-20 13:00:00.765725+00:00,9.93,20.73,31.35,4178.3279838799635,5.414266142314439,-140.33092410203443,5,1
2012-02-20 13:04:00.765707+00:00,9.93,20.73,31.35,9707.599643896532,5.414266142314439,-140.33092410203443,5,1
2012-02-20 13:08:00.765689+00:00,9.95,20.77,31.41,9707.599643896532,3.5600599462918763,-144.03933649407958,5,1
2012-02-20 13:12:00.765670+00:00,9.89,20.64,31.22,9707.599643896532,2.495650720454334,-146.16815494575462,5,1
2012-02-20 13:15:00.765657+00:00,9.83,20.52,31.04,4743.464649221945,2.843349369809335,-145.47275764704463,5,1
2012-02-20 13:19:00.765638+00:00,9.93,20.73,31.35,3509.935036817971,2.570512768760542,-146.01843084914222,5,1
2012-02-20 13:23:00.765620+00:00,9.72,20.31,30.72,3302.2068246513923,2.843349369809335,-145.47275764704463,5,1
2012-02-20 13:27:00.765602+00:00,9.54,19.94,30.17,2600.845901478929,2.843349369809335,-145.47275764704463,5,1
2012-02-20 13:30:00.765588+00:00,9.5,19.86,30.05,2600.845901478929,3.129037266064045,-144.90138185453517,5,1
2012-02-20 13:34:00.765570+00:00,9.18,19.22,29.09,2154.7300463754987,3.129037266064045,-144.90138185453517,5,1
2012-02-20 13:38:00.765551+00:00,9.18,19.22,29.09,1588.4418221904514,3.1794486576924856,-144.80055907127831,5,1
2012-02-20 13:41:00.765538+00:00,9.06,18.98,28.74,1249.4663678000195,3.129037266064045,-144.90138185453517,5,1
2012-02-20 13:45:00.765519+00:00,8.17,17.22,26.09,954.1149695798276,3.0781386926990844,-145.00317900126512,4,1
2012-02-20 13:49:00.765501+00:00,5.15,11.11,16.9,642.7682539806708,3.0179815486104813,-145.12349328944234,4,1
2012-02-20 13:56:00.765469+00:00,6.46,13.78,20.92,723.9908107486012,3.3532852708990384,-144.45288584486522,4,1
2012-02-20 14:00:00.765451+00:00,9.24,19.34,29.27,932.3812644620506,3.3532852708990384,-144.45288584486522,4,1
2012-02-20 14:03:00.765437+00:00,9.26,19.38,29.33,1043.5538440286048,3.6978475639112385,-143.76376125884082,5,1
2012-02-20 14:07:00.765419+00:00,9.26,19.38,29.33,4842.247500047137,4.500886932648309,-142.1576825213667,5,1
2012-02-20 14:10:00.765405+00:00,9.1,19.06,28.85,7395.1017902137955,4.500886932648309,-142.1576825213667,5,1
2012-02-20 14:14:00.765387+00:00,8.83,18.52,28.04,8944.93404044473,4.231409414264798,-142.69663755813372,5,1
2012-02-20 14:17:00.765373+00:00,8.75,18.37,27.81,7395.1017902137955,4.231409414264798,-142.69663755813372,5,1
2012-02-20 14:21:00.765354+00:00,8.71,18.29,27.7,7395.1017902137955,4.184385494311042,-142.7906853980412,5,1
2012-02-20 14:24:00.765341+00:00,8.69,18.26,27.64,7100.822394889809,4.184385494311042,-142.7906853980412,5,1
2012-02-20 14:28:00.765322+00:00,8.71,18.29,27.7,5931.675374144375,4.184385494311042,-142.7906853980412,5,1
2012-02-20 14:31:00.765309+00:00,6.56,13.97,21.21,5685.456323420384,4.151628713783218,-142.85619895909687,5,1
2012-02-20 14:35:00.765290+00:00,6.56,13.97,21.21,5685.456323420384,4.523734120230053,-142.1119881462032,5,1
2012-02-20 14:39:00.765272+00:00,4.65,10.1,15.37,3026.292959905016,4.726044278321021,-141.70736783002124,5,1
2012-02-20 14:42:00.765258+00:00,0.0,0.02,0.01,3026.292959905016,5.291321878357627,-140.57681262994805,5,1
2012-02-20 14:46:00.765240+00:00,7.85,16.57,25.12,3026.292959905016,5.423466991548551,-140.31252240356622,5,1
2012-02-20 14:49:00.765226+00:00,8.07,17.0,25.76,3290.152719163279,5.423466991548551,-140.31252240356622,5,1
2012-02-20 14:53:00.765208+00:00,8.07,17.0,25.76,5128.447379142593,5.423466991548551,-140.31252240356622,5,1
2012-02-20 14:56:00.765194+00:00,8.12,17.11,25.92,5128.447379142593,5.28042559107779,-140.59860520450772,5,1
2012-02-20 15:00:00.765176+00:00,8.12,17.11,25.92,4209.300049152936,4.284887219361547,-142.58968194794022,4,1
2012-02-20 15:05:00.765153+00:00,8.17,17.22,26.09,3255.501096601256,4.284887219361547,-142.58968194794022,4,1
2012-02-20 15:11:00.765126+00:00,8.6,18.07,27.36,4158.233112051371,5.43494790395069,-140.28956057876192,4,1
2012-02-20 15:16:00.765103+00:00,8.6,18.07,27.36,4158.233112051371,5.43494790395069,-140.28956057876192,4,1
2012-02-20 15:20:00.765084+00:00,8.45,17.77,26.91,5095.616750063508,3.8331185674714874,-143.49321925172032,5,1
2012-02-20 15:24:00.765066+00:00,8.47,17.81,26.97,5095.616750063508,3.8331185674714874,-143.49321925172032,5,1
2012-02-20 15:28:00.765048+00:00,8.41,17.69,26.8,6329.717260560161,4.494417628904156,-142.17062112885498,5,1
2012-02-20 15:32:00.765029+00:00,8.67,18.22,27.59,5503.7056696982945,4.5797342343363825,-141.99998791799052,6,1
2012-02-20 15:35:00.765016+00:00,8.67,18.22,27.59,6329.717260560161,4.665050839768613,-141.8293547071261,5,1
2012-02-20 15:38:00.765002+00:00,9.1,19.06,28.85,6329.717260560161,5.141370950727248,-140.87671448520882,5,1
2012-02-20 15:42:00.764984+00:00,9.0,18.87,28.56,6329.717260560161,5.141370950727248,-140.87671448520882,5,1
2012-02-20 15:45:00.764970+00:00,8.96,18.79,28.45,2733.461646963385,5.141370950727248,-140.87671448520882,5,1
2012-02-20 15:49:00.764952+00:00,3.34,7.35,11.2,2102.137115201577,5.141370950727248,-140.87671448520882,5,1
2012-02-20 15:53:00.764933+00:00,3.34,7.35,11.2,2102.137115201577,5.5011565155096696,-140.15714335564397,5,1
2012-02-20 15:56:00.764920+00:00,3.07,6.77,10.33,2102.137115201577,5.5011565155096696,-140.15714335564397,5,1
2012-02-20 16:00:00.764901+00:00,3.07,6.77,10.33,3040.5426482970147,5.524733258742431,-140.10998986917843,4,1
2012-02-20 16:03:00.764888+00:00,3.31,7.28,11.1,3025.5849045564973,4.919283963320975,-141.3208884600214,4,1
2012-02-20 16:11:00.764851+00:00,5.6,12.04,18.3,1466.3557938450042,3.3445670205387352,-144.47032234558586,3,1
2012-02-20 16:14:00.764837+00:00,7.49,15.84,24.02,1466.3557938450042,4.337411411132279,-142.48463356439873,3,1
2012-02-20 16:22:00.764801+00:00,7.99,16.86,25.55,8879.366989105096,4.799110185418949,-141.56123601582541,4,1
2012-02-20 16:25:00.764787+00:00,8.01,16.9,25.6,9272.906120885551,5.565863803437282,-140.02772877978873,4,1
2012-02-20 16:29:00.764769+00:00,8.01,16.9,25.6,9244.614092048778,5.122280723529874,-140.91489493960356,5,1
2012-02-20 16:32:00.764755+00:00,8.14,17.15,25.98,8514.119886161412,5.122280723529874,-140.91489493960356,5,1
2012-02-20 16:36:00.764737+00:00,8.05,16.97,25.71,5922.0297250342455,5.122280723529874,-140.91489493960356,5,1
2012-02-20 16:39:00.764723+00:00,8.03,16.93,25.65,5922.0297250342455,5.122280723529874,-140.91489493960356,5,1
2012-02-20 16:43:00.764704+00:00,8.6,18.07,27.36,5922.0297250342455,5.311574295050372,-140.53630779656257,5,1
2012-02-20 16:47:00.764686+00:00,8.64,18.14,27.47,6845.29913262009,5.311574295050372,-140.53630779656257,5,1
2012-02-20 16:50:00.764672+00:00,8.64,18.14,27.47,6845.29913262009,5.311574295050372,-140.53630779656257,5,1
2012-02-20 16:54:00.764654+00:00,8.52,17.92,27.14,6845.29913262009,5.311574295050372,-140.53630779656257,5,1
2012-02-20 16:57:00.764640+00:00,8.88,18.64,28.21,4248.4195533719385,5.624657437885404,-139.91014151089252,5,1
2012-02-20 17:01:00.764622+00:00,7.55,15.98,24.23,3811.355920517131,4.988903837600023,-141.18164871146325,5,1
2012-02-20 17:04:00.764608+00:00,8.26,17.4,26.36,3811.355920517131,5.624657437885404,-139.91014151089252,5,1
2012-02-20 17:08:00.764590+00:00,4.06,8.86,13.49,3811.355920517131,4.988903837600023,-141.18164871146325,5,1
2012-02-20 17:12:00.764572+00:00,6.7,14.27,21.65,3811.355920517131,5.48234629413524,-140.19476379839278,5,1
2012-02-20 17:15:00.764558+00:00,6.88,14.63,22.2,2920.1071987710616,4.028892859687608,-143.1016706672881,5,1
2012-02-20 17:19:00.764540+00:00,6.85,14.56,22.1,3745.655734609129,4.644628914598828,-141.87019855746564,6,1
2012-02-20 17:22:00.764526+00:00,6.62,14.1,21.41,3450.0002007817025,4.571575223924068,-142.01630593881515,6,1
2012-02-20 17:26:00.764508+00:00,2.48,5.5,8.4,2920.1071987710616,4.629758096463734,-141.89994019373586,5,2
2012-02-20 17:29:00.764494+00:00,2.53,5.62,8.58,2794.7536951544425,4.571575223924068,-142.01630593881515,4,1
2012-02-20 17:40:00.764444+00:00,9.91,20.68,31.29,7668.716680289851,3.885838324466995,-143.38777973772932,4,1
2012-02-20 17:44:00.764425+00:00,9.91,20.68,31.29,5220.085008390964,4.719453337356726,-141.72054971194984,5,1
2012-02-20 17:46:00.764416+00:00,9.91,20.68,31.29,5220.085008390964,4.719453337356726,-141.72054971194984,5,1
2012-02-20 17:49:00.764402+00:00,9.91,20.68,31.29,5136.140397955231,5.303796628285816,-140.55186313009165,6,1
2012-02-20 17:54:00.764379+00:00,9.91,20.68,31.29,5220.085008390964,5.888139919214903,-139.38317654823348,5,1
2012-02-20 17:57:00.764366+00:00,9.93,20.73,31.35,4365.663805160234,4.923751211837568,-141.31195396298816,4,1
2012-02-20 18:05:00.764329+00:00,8.1,17.07,25.87,2176.2381735821964,6.835060864355628,-137.48933465795204,4,1
2012-02-20 18:08:00.764315+00:00,8.1,17.07,25.87,1842.7561488232204,7.378307280269983,-136.40284182612336,4,1
2012-02-20 18:12:00.764297+00:00,3.83,8.38,12.78,1842.7561488232204,7.378307280269983,-136.40284182612336,6,1
2012-02-20 18:16:00.764279+00:00,0.0,0.02,0.0,17479822.18831595,7.310317709302624,-136.53882096805808,10,1
2012-02-20 18:19:00.764265+00:00,0.0,0.02,0.0,17479822.18831595,7.203696411707453,-136.75206356324836,10,1
2012-02-20 18:22:00.764251+00:00,0.0,0.02,0.0,17479822.18831595,7.224869538485029,-136.70971730969325,10,3
2012-02-20 18:23:00.764247+00:00,0.0,0.02,0.0,17479822.18831595,7.224869538485029,-136.70971730969325,10,3
2012-02-20 18:26:00.764233+00:00,0.0,0.02,0.0,17479822.18831595,7.224869538485029,-136.70971730969325,10,1
2012-02-20 18:30:00.764215+00:00,0.0,0.02,0.0,17479822.18831595,7.431459133555267,-136.2965381195528,10,1
2012-02-20 18:33:00.764201+00:00,0.0,0.02,0.0,3638.705516937205,8.304194614640403,-134.55106715738248,6,1
2012-02-20 18:37:00.764183+00:00,5.62,12.07,18.35,5372.668741709262,8.845829058030924,-133.46779827060143,5,1
2012-02-20 18:40:00.764169+00:00,5.6,12.04,18.3,5372.668741709262,8.845829058030924,-133.46779827060143,5,1
2012-02-20 18:44:00.764151+00:00,5.72,12.29,18.67,5372.668741709262,4.2834492011830525,-142.59255798429717,5,1
2012-02-20 18:48:00.764132+00:00,5.72,12.29,18.67,3587.5702976264147,4.2834492011830525,-142.59255798429717,5,1
2012-02-20 18:51:00.764119+00:00,5.71,12.26,18.63,3587.5702976264147,4.2834492011830525,-142.59255798429717,5,1
2012-02-20 18:55:00.764100+00:00,5.71,12.26,18.63,3355.1725849855047,6.346092541053928,-138.46727130455542,5,1
2012-02-20 18:59:00.764082+00:00,5.71,12.26,18.63,3355.1725849855047,6.464831205637702,-138.2297939753879,5,1
2012-02-20 19:02:00.764068+00:00,5.74,12.32,18.72,4301.569263384477,6.464831205637702,-138.2297939753879,5,1
2012-02-20 19:06:00.764050+00:00,9.68,20.23,30.6,5408.041353805473,6.6887497784624275,-137.78195682973845,4,1
2012-02-20 19:09:00.764036+00:00,8.75,18.37,27.81,3310.101913006721,6.23497349201808,-138.68950940262715,4,1
2012-02-20 19:17:00.764000+00:00,9.06,18.98,28.74,1623.7977063382384,5.2096805068769,-140.7400953729095,4,1
2012-02-20 19:20:00.763986+00:00,5.56,11.95,18.16,1139.6489820811146,5.501616567728777,-140.15622325120572,4,1
2012-02-20 19:24:00.763967+00:00,7.98,16.82,25.49,1009.5284413492484,5.438539968165231,-140.28237645033286,5,1
2012-02-20 19:28:00.763949+00:00,7.98,16.82,25.49,964.7515760050252,4.2731356890214105,-142.61318500862046,4,1
2012-02-20 19:31:00.763935+00:00,7.98,16.82,25.49,1433.2634228850545,3.895822776468121,-143.36781083372705,4,1
2012-02-20 19:39:00.763899+00:00,0.0,0.02,0.0,1195.0791878000618,3.9356357555124335,-143.28818487563842,4,1
2012-02-20 19:42:00.763885+00:00,0.0,0.02,0.0,1106.3647358997132,4.335213018378951,-142.48903034990542,4,1
2012-02-20 19:46:00.763867+00:00,0.0,0.02,0.0,1380.6299342508755,4.3927194662977485,-142.37401745406783,5,1
2012-02-20 19:49:00.763853+00:00,7.25,15.36,23.3,1380.6299342508755,4.277706570460157,-142.60404324574301,5,1
2012-02-20 19:53:00.763835+00:00,7.3,15.47,23.45,1380.6299342508755,4.277706570460157,-142.60404324574301,5,1
2012-02-20 19:57:00.763816+00:00,7.3,15.47,23.45,1758.8880433659695,4.968489325616262,-141.22247773543074,5,1
2012-02-20 20:00:00.763803+00:00,6.59,14.04,21.31,4549.871024405876,4.968489325616262,-141.22247773543074,5,1
2012-02-20 20:04:00.763784+00:00,6.59,14.04,21.31,4549.871024405876,6.073539934197607,-139.0123765182681,5,1
2012-02-20 20:07:00.763771+00:00,6.56,13.97,21.21,1316.9314220036485,6.2121347359237244,-138.73518691481587,5,1
2012-02-20 20:11:00.763752+00:00,6.56,13.97,21.21,2967.8936977207018,6.073539934197607,-139.0123765182681,5,1
2012-02-20 20:15:00.763734+00:00,6.56,13.97,21.21,2142.4125598621754,5.252636035371166,-140.65418431592101,4,1
2012-02-20 20:18:00.763720+00:00,6.41,13.68,20.77,2110.181206528472,5.477654768621825,-140.20414684941966,4,1
2012-02-20 20:25:00.763688+00:00,6.41,13.68,20.77,4729.820769170443,5.761393006903725,-139.63667037285586,4,1
2012-02-20 20:29:00.763670+00:00,2.94,6.49,9.91,7114.5423203752425,5.761393006903725,-139.63667037285586,4,1
2012-02-20 20:33:00.763652+00:00,2.94,6.49,9.91,7737.3368001303015,4.8817696030460445,-141.39591718057122,5,1
2012-02-20 20:36:00.763638+00:00,9.1,19.06,28.85,7737.3368001303015,4.153867127450494,-142.8517221317623,5,1
2012-02-20 20:40:00.763620+00:00,7.64,16.15,24.49,7737.3368001303015,3.920157222944288,-143.31914194077473,5,1
2012-02-20 20:44:00.763601+00:00,7.66,16.19,24.54,4045.375914403159,3.920157222944288,-143.31914194077473,5,1
2012-02-20 20:47:00.763588+00:00,8.14,17.15,25.98,4045.375914403159,3.920157222944288,-143.31914194077473,5,1
2012-02-20 20:51:00.763569+00:00,8.14,17.15,25.98,4045.375914403159,3.920157222944288,-143.31914194077473,5,1
2012-02-20 20:54:00.763555+00:00,8.14,17.15,25.98,5792.709714667717,4.666189813232763,-141.82707676019774,4,1
2012-02-20 20:58:00.763537+00:00,8.21,17.29,26.2,7540.043514932276,5.60806921649085,-139.9433179536816,3,1
2012-02-20 21:13:00.763469+00:00,5.47,11.76,17.88,21546.125982067606,4.817493229692708,-141.52446992727792,3,1
2012-02-20 21:16:00.763455+00:00,9.76,20.39,30.85,19225.90164946345,4.938195517706181,-141.28306535125094,4,1
2012-02-20 21:20:00.763436+00:00,9.76,20.39,30.85,19225.90164946345,4.938195517706181,-141.28306535125094,4,1
2012-02-20 21:23:00.763423+00:00,9.76,20.39,30.85,19225.90164946345,4.631887852473222,-141.89568068171687,4,1
2012-02-20 21:31:00.763386+00:00,9.74,20.35,30.79,10515.10076430646,4.399085303349265,-142.36128577996476,4,1
2012-02-20 21:34:00.763372+00:00,8.21,17.29,26.2,6521.233397113014,4.343257023506773,-142.47294233964976,4,1
2012-02-20 21:38:00.763354+00:00,8.21,17.29,26.2,4124.524211753615,4.2008228366154965,-142.75781071343232,5,1
2012-02-20 21:41:00.763340+00:00,0.0,0.02,0.01,8917.942582472411,4.2008228366154965,-142.75781071343232,5,1
2012-02-20 21:45:00.763322+00:00,1.02,2.29,3.5,8917.942582472411,4.48569121039805,-142.1880739658672,5,1
2012-02-20 21:49:00.763304+00:00,1.02,2.29,3.5,10095.924105594133,4.48569121039805,-142.1880739658672,5,1
2012-02-20 21:52:00.763290+00:00,1.02,2.29,3.5,18918.34369808851,4.179095542770279,-142.80126530112275,5,1
2012-02-20 21:56:00.763272+00:00,1.02,2.29,3.5,18918.34369808851,6.137232041606167,-138.884992303451,5,1
2012-02-20 21:59:00.763258+00:00,9.28,19.42,29.39,10095.924105594133,6.137232041606167,-138.884992303451,5,1
2012-02-20 22:03:00.763240+00:00,9.28,19.42,29.39,23472.15665652534,4.588649278855754,-141.98215782895178,5,1
2012-02-20 22:07:00.763221+00:00,9.32,19.5,29.51,28102.655307412668,4.3829941668625985,-142.3934680529381,5,1
2012-02-20 22:10:00.763208+00:00,8.96,18.79,28.45,12345.28683019315,4.588649278855754,-141.98215782895178,5,1
2012-02-20 22:14:00.763189+00:00,8.96,18.79,28.45,12345.28683019315,4.3829941668625985,-142.3934680529381,5,1
2012-02-20 22:17:00.763176+00:00,8.96,18.79,28.45,20223.971068802908,4.379342850095932,-142.40077068647145,4,1
2012-02-20 22:21:00.763157+00:00,9.58,20.02,30.29,15772.638526424673,4.379342850095932,-142.40077068647145,4,1
2012-02-20 22:28:00.763125+00:00,7.64,16.15,24.49,10175.134764079088,4.184985161395611,-142.78948606387206,4,1
2012-02-20 22:32:00.763107+00:00,7.64,16.15,24.49,14354.534720146828,4.224056915245878,-142.71134255617153,4,1
2012-02-20 22:36:00.763089+00:00,7.64,16.15,24.49,14293.582936237455,3.9942787894619594,-143.17089880773938,5,1
2012-02-20 22:40:00.763070+00:00,9.91,20.68,31.29,7428.805265438013,3.9942787894619594,-143.17089880773938,5,1
2012-02-20 22:43:00.763057+00:00,9.91,20.68,31.29,7428.805265438013,3.9942787894619594,-143.17089880773938,5,1
2012-02-20 22:47:00.763038+00:00,4.62,10.03,15.27,7428.805265438013,5.638237087186883,-139.88298221228953,5,1
2012-02-20 22:51:00.763020+00:00,4.62,10.03,15.27,7428.805265438013,5.734597345357074,-139.69026169594915,5,1
2012-02-20 22:54:00.763006+00:00,0.02,0.02,0.1,8578.277553563841,5.8340174573019805,-139.49142147205936,5,1
2012-02-20 22:58:00.762988+00:00,0.02,0.02,0.1,36737.526642047414,5.8340174573019805,-139.49142147205936,5,1
2012-02-20 23:01:00.762974+00:00,0.02,0.02,0.1,36737.526642047414,6.3867599822715775,-138.38593642212015,5,1
2012-02-20 23:05:00.762956+00:00,0.02,0.02,0.1,74973.4518673438,6.3879255026069295,-138.38360538144946,4,1
2012-02-20 23:09:00.762938+00:00,0.02,0.02,0.1,122014.96609280615,5.925938938127332,-139.30757851040866,4,1
2012-02-20 23:16:00.762905+00:00,0.0,0.0,0.0,9590.585709566225,5.225539189111046,-140.7083780084412,3,1
2012-02-20 23:24:00.762869+00:00,0.0,0.02,0.01,14729.411736451026,5.110755079443333,-140.93794622777662,4,1
2012-02-20 23:27:00.762855+00:00,0.0,0.02,0.01,8010.39983415127,6.292977024960622,-138.57350233674208,4,1
2012-02-20 23:31:00.762837+00:00,0.0,0.02,0.01,8010.39983415127,6.292977024960622,-138.57350233674208,4,1
2012-02-20 23:35:00.762818+00:00,0.0,0.02,0.01,14729.411736451026,6.333072877323593,-138.49331063201612,4,1
2012-02-20 23:42:00.762786+00:00,7.25,15.36,23.3,12440.37481847878,5.6985278676188775,-139.76240065142557,4,1
2012-02-20 23:46:00.762768+00:00,0.0,0.02,0.0,18054.79142774594,5.07616267450156,-141.00713103766017,3,1
2012-02-20 23:49:00.762754+00:00,0.0,0.02,0.0,18054.79142774594,5.07616267450156,-141.00713103766017,3,1
2012-02-21 00:08:00.763563+00:00,0.0,0.0,0.0,4521.527695309509,3.2795897098869924,-140.92857264162072,2,1
2012-02-21 00:12:00.763545+00:00,0.0,0.0,0.0,4521.527695309509,3.2795897098869924,-140.92857264162072,2,1
2012-02-21 00:23:00.763495+00:00,7.71,16.29,24.7,23886.60822408087,3.4973578648706787,-140.49303633165334,3,1
2012-02-21 00:27:00.763476+00:00,7.71,16.29,24.7,27120.313180703968,3.6894321440163034,-140.10888777336208,4,1
2012-02-21 00:31:00.763458+00:00,7.71,16.29,24.7,23886.60822408087,3.8815064231619263,-139.72473921507083,5,1
2012-02-21 00:35:00.763440+00:00,7.68,16.22,24.59,20157.071195098062,4.656575963415431,-138.17460013456386,5,1
2012-02-21 00:38:00.763426+00:00,7.82,16.5,25.01,22021.83970958947,5.735646851506938,-136.01645835838082,4,1
2012-02-21 00:42:00.763408+00:00,0.0,0.0,0.0,16080.68678179309,5.735646851506938,-136.01645835838082,4,1
2012-02-21 00:49:00.763376+00:00,0.0,0.0,0.0,20157.071195098062,4.266165113400532,-138.95542183459364,3,1
2012-02-21 00:57:00.763339+00:00,0.0,0.0,0.0,14718.39754815294,3.5585449468778543,-140.37066216763898,2,1
2012-02-21 01:08:00.763289+00:00,0.0,0.02,0.0,7270.58218018876,5.333629159704182,-136.82049374198635,3,1
2012-02-21 01:11:00.763275+00:00,0.0,0.02,0.0,7205.172361690821,5.250739487541686,-136.98627308631131,4,1
2012-02-21 01:15:00.763257+00:00,0.0,0.02,0.0,7139.762543192885,5.333629159704182,-136.82049374198635,5,1
2012-02-21 01:19:00.763238+00:00,0.0,0.02,0.0,5925.823055840586,5.647250916209892,-136.1932502289749,4,1
2012-02-21 01:22:00.763225+00:00,0.0,0.02,0.0,5925.823055840586,5.98203895548413,-135.52367415042644,4,1
2012-02-21 01:30:00.763188+00:00,3.15,6.94,10.59,11327.739500804568,8.062633849833269,-131.36248436172815,4,1
2012-02-21 01:33:00.763174+00:00,3.15,6.94,10.59,15528.97200681196,8.473222250914137,-130.5413075595664,3,1
2012-02-21 01:37:00.763156+00:00,3.15,6.94,10.59,11327.739500804568,8.14147685611217,-131.20479834917037,4,1
2012-02-21 01:44:00.763124+00:00,3.15,6.94,10.59,3876.858225724543,8.28413560692552,-130.91948084754364,2,1
2012-02-21 01:55:00.763074+00:00,0.0,0.0,0.0,19093.33870427411,6.151447100781383,-135.18485785983194,2,1
2012-02-21 02:03:00.763037+00:00,2.67,5.92,9.04,15975.829478848782,6.151447100781383,-135.18485785983194,4,1
2012-02-21 02:06:00.763023+00:00,2.67,5.92,9.04,13720.886126018058,6.080867402997843,-135.32601725539902,3,1
2012-02-21 02:10:00.763005+00:00,2.67,5.92,9.04,13720.886126018058,6.080867402997843,-135.32601725539902,3,1
2012-02-21 02:24:00.762941+00:00,2.49,5.54,8.46,2526.7569105263533,5.2929672414759645,-136.90181757844277,1,1
2012-02-21 02:45:00.762845+00:00,0.0,0.02,0.0,17384.020007910367,5.259500877606907,-136.96875030618088,2,1
2012-02-21 02:52:00.762813+00:00,0.0,0.02,0.0,25360.45547268229,5.578396472155192,-136.33095911708432,3,1
2012-02-21 02:59:00.762781+00:00,0.0,0.02,0.0,18003.570527624302,8.546162684908573,-130.39542669157754,4,1
2012-02-21 03:03:00.762762+00:00,5.91,12.67,19.24,18003.570527624302,9.318208356707604,-128.8513353479795,4,1
2012-02-21 03:06:00.762749+00:00,5.91,12.67,19.24,18003.570527624302,9.318208356707604,-128.8513353479795,4,1
2012-02-21 03:10:00.762730+00:00,5.91,12.67,19.24,8799.341004320135,10.415737737084196,-126.6562765872263,4,1
2012-02-21 03:17:00.762698+00:00,1.88,4.2,6.42,637.4672700552544,11.250045928286807,-124.98766020482107,3,1
2012-02-21 03:20:00.762684+00:00,5.86,12.57,19.1,637.4672700552544,8.748226213981665,-129.99129963343137,3,1
2012-02-21 03:27:00.762652+00:00,5.86,12.57,19.1,2635.208570738922,6.861311318780833,-133.76512942383306,4,1
2012-02-21 03:31:00.762634+00:00,5.86,12.57,19.1,4196.9423697766915,6.845701433264786,-133.79634919486514,3,1
2012-02-21 03:34:00.762620+00:00,5.86,12.57,19.1,11506.61407437038,6.555099621219478,-134.37755281895573,4,1
2012-02-21 03:41:00.762588+00:00,8.67,18.22,27.59,11940.560677112842,5.6572385246672665,-136.17327501206017,4,1
2012-02-21 03:45:00.762570+00:00,8.67,18.22,27.59,11940.560677112842,5.4366187692852685,-136.61451452282415,4,1
2012-02-21 03:49:00.762552+00:00,8.67,18.22,27.59,7183.599574897332,5.447277385298551,-136.5931972907976,5,1
2012-02-21 03:52:00.762538+00:00,8.67,18.22,27.59,5064.835575261606,5.447369982835573,-136.59301209572357,5,1
2012-02-21 03:56:00.762520+00:00,5.94,12.73,19.34,3173.889820116907,5.447277385298551,-136.5931972907976,5,1
2012-02-21 03:59:00.762506+00:00,0.0,0.02,0.0,3173.889820116907,5.447369982835573,-136.59301209572357,5,1
2012-02-21 04:03:00.762488+00:00,0.0,0.02,0.0,3173.889820116907,5.447369982835573,-136.59301209572357,5,1
2012-02-21 04:06:00.762474+00:00,0.0,0.02,0.0,3173.889820116907,5.447369982835573,-136.59301209572357,5,1
2012-02-21 04:10:00.762456+00:00,3.4,7.48,11.4,8637.526643307694,5.596932878157648,-136.2938863050794,4,1
2012-02-21 04:13:00.762442+00:00,3.4,7.48,11.4,8560.359262002949,6.180759809967215,-135.12623244146027,4,1
2012-02-21 04:20:00.762410+00:00,8.56,17.99,27.25,11420.224510283157,6.580907944429803,-134.32593617253508,4,1
2012-02-21 04:24:00.762391+00:00,10.15,21.15,31.99,11420.224510283157,6.580907944429803,-134.32593617253508,4,1
2012-02-21 04:27:00.762378+00:00,3.62,7.93,12.1,14047.517492330138,6.572891753653058,-134.3419685540886,5,1
2012-02-21 04:31:00.762359+00:00,3.62,7.93,12.1,14047.517492330138,5.9336043150550255,-135.62054343128463,5,1
2012-02-21 04:35:00.762341+00:00,3.63,7.97,12.15,27728.44901648044,5.324087042417788,-136.83957797655913,5,1
2012-02-21 04:38:00.762327+00:00,3.6,7.9,12.05,27728.44901648044,5.324087042417788,-136.83957797655913,5,1
2012-02-21 04:42:00.762309+00:00,3.6,7.9,12.05,20714.726076986768,5.324087042417788,-136.83957797655913,5,1
2012-02-21 04:45:00.762295+00:00,9.42,19.7,29.81,8968.317432329875,5.700060864091491,-136.0876303332117,5,1
2012-02-21 04:49:00.762277+00:00,3.94,8.6,13.11,20714.726076986768,5.700060864091491,-136.0876303332117,5,1
2012-02-21 04:52:00.762263+00:00,3.94,8.6,13.11,20714.726076986768,5.700060864091491,-136.0876303332117,5,1
2012-02-21 04:56:00.762245+00:00,3.95,8.64,13.16,43778.04163954357,5.861600052242896,-135.76455195690892,5,1
2012-02-21 05:00:00.762227+00:00,3.95,8.64,13.16,43778.04163954357,5.861600052242896,-135.76455195690892,5,1
2012-02-21 05:03:00.762213+00:00,3.95,8.64,13.16,49795.59612505966,5.765826732542505,-135.9560985963097,4,1
2012-02-21 05:07:00.762195+00:00,5.54,11.92,18.11,44890.54610226239,5.780410475707893,-135.9269311099789,4,1
2012-02-21 05:14:00.762163+00:00,0.0,0.0,0.0,25837.649854181363,5.711020377093242,-136.0657113072082,4,1
2012-02-21 05:17:00.762149+00:00,10.28,21.41,32.38,15482.075807898456,5.454675280377276,-136.57840150064015,4,1
2012-02-21 05:21:00.762131+00:00,6.72,14.3,21.7,22873.068080993544,5.522425059071081,-136.44290194325254,5,1
2012-02-21 05:24:00.762117+00:00,6.69,14.23,21.6,26689.686356386545,5.210129661581659,-137.06749273823138,5,1
2012-02-21 05:28:00.762098+00:00,6.69,14.23,21.6,26689.686356386545,4.13007621900204,-139.2275996233906,5,1
2012-02-21 05:32:00.762080+00:00,6.69,14.23,21.6,23723.799114342542,3.3056810074061285,-140.87639004658243,5,1
2012-02-21 05:35:00.762066+00:00,6.7,14.27,21.65,23723.799114342542,3.3056810074061285,-140.87639004658243,5,1
2012-02-21 05:39:00.762048+00:00,6.62,14.1,21.41,22507.321088125995,3.3056810074061285,-140.87639004658243,5,1
2012-02-21 05:42:00.762034+00:00,8.45,17.77,26.91,19134.82473525459,3.953185041428936,-139.58138197853683,5,1
2012-02-21 05:46:00.762016+00:00,8.45,17.77,26.91,17055.181244452575,5.2307968870814285,-137.02615828723185,5,1
2012-02-21 05:50:00.761998+00:00,8.45,17.77,26.91,10133.351523873924,5.535028584039863,-136.41769489331494,5,1
2012-02-21 05:53:00.761984+00:00,8.45,17.77,26.91,10133.351523873924,5.535028584039863,-136.41769489331494,5,1
2012-02-21 05:57:00.761966+00:00,10.17,21.19,32.05,2162.6485547942752,5.2307968870814285,-137.02615828723185,5,1
2012-02-21 06:00:00.761952+00:00,8.16,17.18,26.03,2162.6485547942752,5.061830795706518,-137.36409046998162,5,1
2012-02-21 06:04:00.761934+00:00,0.0,0.0,0.0,4308.533744638236,4.287190287039889,-138.91337148731492,5,1
2012-02-21 06:08:00.761915+00:00,2.82,6.24,9.53,10295.492458305833,4.287190287039889,-138.91337148731492,5,1
2012-02-21 06:11:00.761902+00:00,2.82,6.24,9.53,4398.384212358839,4.2862008318006595,-138.91535039779342,5,1
2012-02-21 06:15:00.761883+00:00,2.82,6.24,9.53,4398.384212358839,4.287190287039889,-138.91337148731492,5,1
2012-02-21 06:18:00.761870+00:00,2.82,6.24,9.53,10295.492458305833,4.69380067561537,-138.10015071016394,5,1
2012-02-21 06:22:00.761851+00:00,2.82,6.24,9.53,4398.384212358839,5.401144770139411,-136.68546252111588,5,1
2012-02-21 06:26:00.761833+00:00,0.0,0.02,0.0,4398.384212358839,4.69380067561537,-138.10015071016394,5,1
2012-02-21 06:29:00.761819+00:00,0.0,0.02,0.0,3429.0204545119514,4.69380067561537,-138.10015071016394,5,1
2012-02-21 06:33:00.761801+00:00,0.0,0.02,0.0,4076.952442519766,4.69380067561537,-138.10015071016394,5,1
2012-02-21 06:37:00.761783+00:00,0.0,0.02,0.0,4076.952442519766,3.853652682818281,-139.78044669575814,5,1
2012-02-21 06:40:00.761769+00:00,0.0,0.02,0.0,10181.177211189688,3.6782569860208114,-140.13123808935308,5,1
2012-02-21 06:44:00.761751+00:00,9.16,19.18,29.03,5440.3811514804665,3.4970070089958414,-140.493738043403,5,1
2012-02-21 06:47:00.761737+00:00,9.28,19.42,29.39,5440.3811514804665,3.6782569860208114,-140.13123808935308,5,1
2012-02-21 06:51:00.761719+00:00,9.28,19.42,29.39,5497.439547233194,3.6782569860208114,-140.13123808935308,5,1
2012-02-21 06:55:00.761700+00:00,9.32,19.5,29.51,5440.3811514804665,3.749380695163377,-139.98899067106794,5,1
2012-02-21 06:58:00.761686+00:00,9.32,19.5,29.51,5440.3811514804665,4.00838512636944,-139.4709818086558,5,1
2012-02-21 07:02:00.761668+00:00,3.72,8.16,12.44,5497.439547233194,4.5592015649845425,-138.36934893142563,5,1
2012-02-21 07:05:00.761654+00:00,1.63,3.66,5.59,5497.439547233194,5.043427101045332,-137.400897859304,5,1
2012-02-21 07:09:00.761636+00:00,1.63,3.66,5.59,4273.156206784588,5.043427101045332,-137.400897859304,5,1
2012-02-21 07:12:00.761622+00:00,7.71,16.29,24.7,11210.917509556453,5.3176919624564265,-136.85236813648183,5,1
2012-02-21 07:16:00.761604+00:00,7.71,16.29,24.7,11210.917509556453,5.928979811137585,-135.62979243911948,5,1
2012-02-21 07:19:00.761590+00:00,10.43,21.72,32.84,11210.917509556453,5.928979811137585,-135.62979243911948,5,1
2012-02-21 07:23:00.761572+00:00,10.32,21.5,32.51,11902.08641055384,5.733565576848879,-136.02062090769695,5,1
2012-02-21 07:27:00.761554+00:00,10.28,21.41,32.38,11902.08641055384,5.3176919624564265,-136.85236813648183,5,1
2012-02-21 07:30:00.761540+00:00,10.13,21.11,31.92,11902.08641055384,4.2761327440963415,-138.935486573202,5,1
2012-02-21 07:34:00.761522+00:00,10.17,21.19,32.05,8502.018267806006,4.2761327440963415,-138.935486573202,5,1
2012-02-21 07:38:00.761503+00:00,10.19,21.24,32.12,7132.980859368729,3.8049633235076223,-139.87782541437943,5,1
2012-02-21 07:41:00.761490+00:00,10.1,21.06,31.86,7132.980859368729,3.8049633235076223,-139.87782541437943,5,1
2012-02-21 07:45:00.761471+00:00,3.21,7.08,10.8,5833.668906123679,4.381886226815431,-138.7239796077638,5,1
2012-02-21 07:48:00.761458+00:00,3.21,7.08,10.8,4721.6101974444755,4.381886226815431,-138.7239796077638,5,1
2012-02-21 07:52:00.761439+00:00,3.21,7.08,10.8,4721.6101974444755,4.479213342039423,-138.52932537731584,5,1
2012-02-21 07:56:00.761421+00:00,3.07,6.77,10.33,3698.8461586746666,4.479213342039423,-138.52932537731584,5,1
2012-02-21 07:59:00.761407+00:00,6.88,14.63,22.2,3326.956443610135,4.479213342039423,-138.52932537731584,5,1
2012-02-21 08:03:00.761389+00:00,6.88,14.63,22.2,2696.9053898257985,4.479213342039423,-138.52932537731584,5,1
2012-02-21 08:06:00.761375+00:00,6.77,14.4,21.85,1779.350402278482,4.479213342039423,-138.52932537731584,5,1
2012-02-21 08:10:00.761357+00:00,6.4,13.65,20.72,1779.350402278482,4.049833941744423,-139.38808417790585,5,1
2012-02-21 08:14:00.761339+00:00,6.4,13.65,20.72,1779.350402278482,4.049833941744423,-139.38808417790585,5,1
2012-02-21 08:17:00.761325+00:00,6.4,13.65,20.72,3321.1470440927337,4.049833941744423,-139.38808417790585,5,1
2012-02-21 08:21:00.761307+00:00,6.4,13.65,20.72,3640.8073120493214,4.041000764963498,-139.4057505314677,5,1
2012-02-21 08:25:00.761288+00:00,9.0,18.87,28.56,3640.8073120493214,4.041000764963498,-139.4057505314677,5,1
2012-02-21 08:28:00.761275+00:00,9.93,20.73,31.35,4583.7238774259085,4.323163590412936,-138.84142488056878,4,1
2012-02-21 08:32:00.761256+00:00,9.93,20.73,31.35,2555.313227725733,4.267190361934769,-138.95337133752514,4,1
2012-02-21 08:39:00.761224+00:00,8.3,17.47,26.47,1335.3958549593954,4.672515375962472,-138.14272130946975,4,1
2012-02-21 08:42:00.761210+00:00,8.69,18.26,27.64,5542.660095896178,4.155381707345182,-139.1769886467043,4,1
2012-02-21 08:46:00.761192+00:00,8.73,18.33,27.76,9295.840780433624,4.324197326307996,-138.8393574087787,5,1
2012-02-21 08:50:00.761174+00:00,8.64,18.14,27.47,9295.840780433624,5.020833425616945,-137.4460852101608,5,1
2012-02-21 08:53:00.761160+00:00,8.52,17.92,27.14,9295.840780433624,5.085518910095397,-137.3167142412039,5,1
2012-02-21 08:57:00.761142+00:00,8.52,17.92,27.14,9603.146740085158,5.412488816373863,-136.66277442864694,4,1
2012-02-21 09:01:00.761123+00:00,7.83,16.54,25.07,7502.605748629193,5.629253702722863,-136.22924465594895,4,1
2012-02-21 09:08:00.761091+00:00,7.89,16.65,25.23,4969.666968346059,4.985439323108421,-137.51687341517786,4,1
2012-02-21 09:12:00.761073+00:00,8.07,17.0,25.76,5906.819935464471,4.855851563250237,-137.77604893489422,4,1
2012-02-21 09:15:00.761059+00:00,8.07,17.0,25.76,8574.142398579374,4.451829963423445,-138.5840921345478,5,1
2012-02-21 09:19:00.761041+00:00,8.12,17.11,25.92,8574.142398579374,4.451829963423445,-138.5840921345478,5,1
2012-02-21 09:22:00.761027+00:00,8.14,17.15,25.98,8574.142398579374,4.451829963423445,-138.5840921345478,5,1
2012-02-21 09:26:00.761009+00:00,8.52,17.92,27.14,4711.4217829178715,4.216211999604224,-139.05532806218625,5,1
2012-02-21 09:30:00.760991+00:00,4.65,10.1,15.37,4711.4217829178715,3.934465107453697,-139.6188218464873,5,1
2012-02-21 09:33:00.760977+00:00,4.65,10.1,15.37,3921.842136285255,3.934465107453697,-139.6188218464873,5,1
2012-02-21 09:37:00.760959+00:00,4.64,10.06,15.32,4711.4217829178715,3.401588442036689,-140.6845751773213,5,1
2012-02-21 09:41:00.760940+00:00,4.65,10.1,15.37,4711.4217829178715,3.172523112337543,-141.14270583671959,5,1
2012-02-21 09:44:00.760927+00:00,4.65,10.1,15.37,2965.402678355886,2.8274824445406717,-141.83278717231337,5,1
2012-02-21 09:48:00.760908+00:00,5.88,12.6,19.15,2965.402678355886,2.8274824445406717,-141.83278717231337,5,1
2012-02-21 09:51:00.760895+00:00,5.76,12.35,18.77,3836.446294083285,2.8274824445406717,-141.83278717231337,5,1
2012-02-21 09:55:00.760876+00:00,3.07,6.77,10.33,3836.446294083285,3.754594547454476,-139.97856296648575,5,1
2012-02-21 09:59:00.760858+00:00,3.08,6.81,10.39,3836.446294083285,3.754594547454476,-139.97856296648575,5,1
2012-02-21 10:02:00.760844+00:00,7.33,15.53,23.56,4402.1081386524575,3.754594547454476,-139.97856296648575,5,1
2012-02-21 10:06:00.760826+00:00,7.57,16.02,24.28,5780.664357591065,2.766334427206578,-141.95508320698156,5,1
2012-02-21 10:10:00.760808+00:00,7.68,16.22,24.59,5780.664357591065,2.766334427206578,-141.95508320698156,5,1
2012-02-21 10:14:00.760789+00:00,7.68,16.22,24.59,12037.387169854484,2.7519720295407386,-141.98380800231322,4,1
2012-02-21 10:17:00.760776+00:00,7.69,16.26,24.64,13351.032984476331,2.7519720295407386,-141.98380800231322,4,1
2012-02-21 10:25:00.760739+00:00,7.71,16.29,24.7,15203.133378799228,1.9688467015226987,-143.55005865834931,3,1
2012-02-21 10:28:00.760725+00:00,7.32,15.5,23.51,11743.33344194974,1.9688467015226987,-143.55005865834931,3,1
2012-02-21 10:36:00.760689+00:00,7.06,14.99,22.75,12884.386074732864,4.03035728461281,-139.42703749216906,9,1
2012-02-21 10:39:00.760675+00:00,7.06,14.99,22.75,7833.701745134563,4.188018991614211,-139.11171407816627,11,1
2012-02-21 10:41:00.760666+00:00,7.11,15.1,22.9,7833.701745134563,4.276545424250757,-138.9346612128932,13,1
2012-02-21 10:42:00.760661+00:00,7.13,15.13,22.95,7556.826203248172,4.384716297968489,-138.71831946545774,14,2
2012-02-21 10:43:00.760657+00:00,7.13,15.13,22.95,7833.701745134563,4.492887171686222,-138.50197771802226,15,1
2012-02-21 10:44:00.760652+00:00,7.13,15.13,22.95,8743.000895496027,4.719944927683081,-138.04786220602853,16,1
2012-02-21 10:45:00.760647+00:00,7.13,15.13,22.95,9652.300045857492,4.9470026836799414,-137.5937466940348,17,1
2012-02-21 10:46:00.760643+00:00,7.11,15.1,22.9,8743.000895496027,5.9911634237024005,-135.5054252139899,16,1
2012-02-21 10:47:00.760638+00:00,7.11,15.1,22.9,7833.701745134563,7.035324163724862,-133.41710373394494,17,1
2012-02-21 10:49:00.760629+00:00,7.13,15.13,22.95,7279.950661361779,10.31815060130674,-126.8514508587812,19,1
2012-02-21 10:50:00.760624+00:00,7.01,14.89,22.59,7279.950661361779,20.294781476550302,-106.89818910829409,19,2
2012-02-21 10:52:00.760615+00:00,3.75,8.22,12.53,7833.701745134563,21.342180184253788,-104.80339169288712,19,2
2012-02-21 10:53:00.760611+00:00,3.75,8.22,12.53,8024.956631375689,21.885930409962764,-103.71589124146915,19,1
2012-02-21 10:54:00.760606+00:00,7.75,16.36,24.8,8024.956631375689,22.00279713838881,-103.48215778461709,19,1
2012-02-21 10:56:00.760597+00:00,7.32,15.5,23.51,9652.300045857492,22.134686397392702,-103.2183792666093,19,1
2012-02-21 10:57:00.760592+00:00,7.11,15.1,22.9,9843.903519871154,22.134686397392702,-103.2183792666093,19,1
2012-02-21 10:59:00.760583+00:00,7.13,15.13,22.95,17840.54711405606,22.134686397392702,-103.2183792666093,19,2
2012-02-21 11:01:00.760574+00:00,6.95,14.76,22.39,17840.54711405606,22.134686397392702,-103.2183792666093,19,1
2012-02-21 11:02:00.760570+00:00,6.93,14.73,22.34,17840.54711405606,22.00279713838881,-103.48215778461709,19,1
2012-02-21 11:03:00.760565+00:00,6.93,14.73,22.34,15104.993200627014,21.885930409962764,-103.71589124146915,19,1
2012-02-21 11:04:00.760560+00:00,6.93,14.73,22.34,13203.675128999304,21.753872890995822,-103.98000627940304,18,1
2012-02-21 11:05:00.760556+00:00,6.93,14.73,22.34,10573.130288621374,21.944363774175788,-103.59902451304312,18,1
2012-02-21 11:06:00.760551+00:00,4.04,8.82,13.44,9843.903519871154,22.00279713838881,-103.48215778461709,19,1
2012-02-21 11:07:00.760547+00:00,6.96,14.79,22.44,9843.903519871154,22.00279713838881,-103.48215778461709,19,1
2012-02-21 11:08:00.760542+00:00,7.0,14.86,22.54,9843.903519871154,21.885930409962764,-103.71589124146915,19,1
2012-02-21 11:09:00.760538+00:00,6.98,14.83,22.49,9843.903519871154,21.885930409962764,-103.71589124146915,19,1
2012-02-21 11:10:00.760533+00:00,4.07,8.89,13.54,9843.903519871154,21.621815372028884,-104.2441213173369,19,1
2012-02-21 11:11:00.760528+00:00,4.07,8.89,13.54,4108.056645607373,21.621815372028884,-104.2441213173369,19,1
2012-02-21 11:12:00.760524+00:00,6.91,14.7,22.3,3596.2336082094434,21.621815372028884,-104.2441213173369,19,1
2012-02-21 11:13:00.760519+00:00,6.87,14.6,22.15,3230.439096681379,21.537811300237312,-104.41212946092008,19,1
2012-02-21 11:15:00.760510+00:00,6.64,14.14,21.46,1938.84412626856,21.48495931952123,-104.51783342235224,18,1
2012-02-21 11:16:00.760505+00:00,4.01,8.76,13.35,1791.4398365763714,21.48495931952123,-104.51783342235224,18,1
2012-02-21 11:17:00.760501+00:00,4.01,8.76,13.35,1634.4913628657114,21.444040447057308,-104.59967116728006,18,1
2012-02-21 11:18:00.760496+00:00,4.09,8.92,13.59,1462.523074389567,21.444040447057308,-104.59967116728006,18,1
2012-02-21 11:19:00.760492+00:00,7.05,14.96,22.7,1447.1928259895255,21.537811300237312,-104.41212946092008,17,1
2012-02-21 11:20:00.760487+00:00,4.4,9.57,14.57,1447.1928259895255,21.305301504869693,-104.87714905165531,17,1
2012-02-21 11:21:00.760483+00:00,4.33,9.42,14.34,1447.1928259895255,20.990234875047623,-105.50728231129946,17,1
2012-02-21 11:22:00.760478+00:00,4.33,9.42,14.34,1447.1928259895255,20.818096513461427,-105.85155903447183,17,1
2012-02-21 11:23:00.760473+00:00,4.33,9.42,14.34,1477.8533227896085,20.818096513461427,-105.85155903447183,17,1
2012-02-21 11:25:00.760464+00:00,7.59,16.05,24.33,1852.995071799623,20.595824473059913,-106.29610311527487,18,1
2012-02-21 11:26:00.760460+00:00,7.47,15.81,23.97,1852.995071799623,20.466308901928986,-106.55513425753672,18,1
2012-02-21 11:27:00.760455+00:00,7.82,16.5,25.01,1852.995071799623,20.466308901928986,-106.55513425753672,18,1
2012-02-21 11:28:00.760451+00:00,4.12,8.98,13.68,1984.8319872756988,20.43434389446789,-106.61906427245891,18,1
2012-02-21 11:30:00.760441+00:00,4.1,8.95,13.63,1984.8319872756988,20.421882480234625,-106.64398710092544,18,1
2012-02-21 11:31:00.760437+00:00,4.1,8.95,13.63,1984.8319872756988,20.385018064031527,-106.71771593333162,18,1
2012-02-21 11:32:00.760432+00:00,4.1,8.95,13.63,2111.6245861057496,20.326700594565395,-106.83435087226393,18,1
2012-02-21 11:33:00.760428+00:00,7.87,16.61,25.17,2171.374841953479,20.276550256762253,-106.9346515478702,18,1
2012-02-21 11:34:00.760423+00:00,7.96,16.79,25.44,2174.924612858539,20.27069369392208,-106.94636467355056,19,1
2012-02-21 11:35:00.760418+00:00,7.96,16.79,25.44,2246.545417833864,20.195789501638526,-107.09617305811764,19,1
2012-02-21 11:36:00.760414+00:00,7.96,16.79,25.44,3205.566736842617,20.177618705502294,-107.13251465039008,19,1
2012-02-21 11:37:00.760409+00:00,7.92,16.72,25.33,3205.566736842617,20.177618705502294,-107.13251465039008,19,1
2012-02-21 11:38:00.760405+00:00,7.92,16.72,25.33,3459.803643649349,20.18670410357041,-107.11434385425386,18,1
2012-02-21 11:39:00.760400+00:00,7.92,16.72,25.33,3714.04055045608,20.177618705502294,-107.13251465039008,19,1
2012-02-21 11:40:00.760396+00:00,7.9,16.68,25.28,3471.213785483855,20.18670410357041,-107.11434385425386,18,1
2012-02-21 11:41:00.760391+00:00,7.9,16.68,25.28,3205.566736842617,20.177618705502294,-107.13251465039008,17,1
2012-02-21 11:42:00.760386+00:00,7.9,16.68,25.28,3471.213785483855,20.18670410357041,-107.11434385425386,16,1
2012-02-21 11:43:00.760382+00:00,7.9,16.68,25.28,3947.2789661427473,20.18670410357041,-107.11434385425386,16,1
2012-02-21 11:44:00.760377+00:00,7.9,16.68,25.28,4157.697098160403,20.195789501638526,-107.09617305811764,15,1
2012-02-21 11:45:00.760373+00:00,7.9,16.68,25.28,4749.203001682843,20.107746463656213,-107.27225913408226,14,1
2012-02-21 11:46:00.760368+00:00,7.9,16.68,25.28,5340.708905205283,20.019703425673907,-107.44834521004688,13,1
2012-02-21 11:47:00.760364+00:00,7.87,16.61,25.17,5340.708905205283,19.622056391706842,-108.24363927798099,13,1
2012-02-21 11:49:00.760354+00:00,7.87,16.61,25.17,5340.708905205283,19.453991209988594,-108.5797696414175,11,1
2012-02-21 11:52:00.760341+00:00,7.89,16.65,25.23,5340.708905205283,19.002749995105425,-109.48225207118385,9,1
2012-02-21 11:56:00.760322+00:00,4.27,9.29,14.15,5340.708905205283,4.984089889955249,-137.51957228148422,5,1
2012-02-21 12:00:00.762300+00:00,8.81,18.48,27.99,1758.7007424824787,-0.5843263509586593,-147.7052314064413,4,1
2012-02-21 12:04:00.762282+00:00,8.9,18.67,28.27,1519.3522492176444,0.0,-146.536578704524,5,1
2012-02-21 12:08:00.762263+00:00,5.6,12.04,18.3,1998.0492357473127,2.3313426779488213,-141.87389334862635,5,1
2012-02-21 12:11:00.762250+00:00,5.43,11.7,17.78,2156.7984431870887,2.6498129764336738,-141.23695275165662,5,1
2012-02-21 12:15:00.762231+00:00,5.42,11.67,17.74,2156.7984431870887,3.274880377297408,-139.98681794992916,5,1
2012-02-21 12:18:00.762218+00:00,5.42,11.67,17.74,3753.1178884160017,3.468597264773704,-139.5993841749766,5,1
2012-02-21 12:22:00.762199+00:00,5.45,11.73,17.83,5166.0002018487785,3.7412895911602835,-139.0539995222034,5,1
2012-02-21 12:26:00.762181+00:00,4.0,8.73,13.3,5360.469977350739,3.5056924152347206,-139.52519387405454,5,1
2012-02-21 12:30:00.762163+00:00,7.68,16.22,24.59,5166.0002018487785,3.7412895911602835,-139.0539995222034,5,1
2012-02-21 12:33:00.762149+00:00,9.4,19.66,29.75,5360.469977350739,3.7412895911602835,-139.0539995222034,5,1
2012-02-21 12:37:00.762131+00:00,9.4,19.66,29.75,5360.469977350739,3.5056924152347206,-139.52519387405454,5,1
2012-02-21 12:41:00.762112+00:00,9.6,20.06,30.35,5360.469977350739,3.5056924152347206,-139.52519387405454,5,1
2012-02-21 12:44:00.762099+00:00,9.54,19.94,30.17,4646.631015522903,3.1871756194795884,-140.16222746556485,5,1
2012-02-21 12:48:00.762080+00:00,9.54,19.94,30.17,4646.631015522903,3.1871756194795884,-140.16222746556485,5,1
2012-02-21 12:52:00.762062+00:00,3.63,7.97,12.15,4646.631015522903,2.817939308545221,-140.90070008743356,5,1
2012-02-21 12:55:00.762048+00:00,3.63,7.97,12.15,3476.887641119245,2.817939308545221,-140.90070008743356,5,1
2012-02-21 12:59:00.762030+00:00,3.63,7.97,12.15,3401.893443554288,2.682441500651651,-141.17169570322068,5,1
2012-02-21 13:03:00.762012+00:00,3.63,7.97,12.15,3401.893443554288,2.647141458480297,-141.2422957875634,5,1
2012-02-21 13:06:00.761998+00:00,3.63,7.97,12.15,3401.893443554288,2.647141458480297,-141.2422957875634,5,1
2012-02-21 13:10:00.761980+00:00,5.01,10.83,16.48,3401.893443554288,2.647141458480297,-141.2422957875634,5,1
2012-02-21 13:14:00.761961+00:00,4.56,9.91,15.09,4018.0111550523548,3.280642500777446,-139.97529370296908,5,1
2012-02-21 13:17:00.761947+00:00,4.53,9.85,14.99,4018.0111550523548,4.271156969186128,-137.9942647661517,5,1
2012-02-21 13:21:00.761929+00:00,4.47,9.73,14.81,6820.634897000552,4.410695715319611,-137.71518727388477,5,1
2012-02-21 13:25:00.761911+00:00,4.47,9.73,14.81,4018.0111550523548,4.410695715319611,-137.71518727388477,5,1
2012-02-21 13:28:00.761897+00:00,4.36,9.48,14.43,6820.634897000552,3.280642500777446,-139.97529370296908,5,1
2012-02-21 13:32:00.761879+00:00,7.87,16.61,25.17,6820.634897000552,2.8144663274438733,-140.90764604963624,5,1
2012-02-21 13:36:00.761860+00:00,7.83,16.54,25.07,6820.634897000552,2.8144663274438733,-140.90764604963624,5,1
2012-02-21 13:40:00.761842+00:00,7.82,16.5,25.01,4996.450227924544,1.9379363251932131,-142.66070605413756,5,1
2012-02-21 13:44:00.761824+00:00,7.8,16.47,24.96,4996.450227924544,1.9379363251932131,-142.66070605413756,5,1
2012-02-21 13:47:00.761810+00:00,7.8,16.47,24.96,3406.794836722524,1.99808214253208,-142.54041441945984,4,1
2012-02-21 13:51:00.761792+00:00,7.75,16.36,24.8,3406.794836722524,2.666102410577131,-141.20437388336973,4,1
2012-02-21 13:59:00.761755+00:00,7.96,16.79,25.44,5373.195586572754,2.8118189576400487,-140.91294078924392,4,1
2012-02-21 14:02:00.761741+00:00,8.45,17.77,26.91,9054.851148349306,3.4582645402983005,-139.6200496239274,4,1
2012-02-21 14:06:00.761723+00:00,8.45,17.77,26.91,8929.251727625006,3.2739768612833147,-139.98862498195737,5,1
2012-02-21 14:09:00.761709+00:00,8.54,17.95,27.19,5231.746331541424,3.2537071039828014,-140.0291644965584,4,1
2012-02-21 14:13:00.761691+00:00,8.65,18.18,27.53,1656.1893667990914,4.142173657445381,-138.25223138963324,4,1
2012-02-21 14:20:00.761659+00:00,3.68,8.06,12.29,858.3276639030139,4.2611577296561975,-138.0142632452116,4,1
2012-02-21 14:24:00.761641+00:00,6.4,13.65,20.72,1263.6684615941333,4.2611577296561975,-138.0142632452116,4,1
2012-02-21 14:27:00.761627+00:00,6.16,13.17,20.0,1037.9703193810972,4.599460315969508,-137.337658072585,5,1
2012-02-21 14:31:00.761609+00:00,1.94,4.34,6.63,1037.9703193810972,3.922855143342888,-138.6908684178382,5,1
2012-02-21 14:35:00.761590+00:00,1.94,4.34,6.63,1489.3666038071694,4.599460315969508,-137.337658072585,5,1
2012-02-21 14:38:00.761577+00:00,1.94,4.34,6.63,1489.3666038071694,3.5832145413568792,-139.3701496218102,5,1
2012-02-21 14:42:00.761558+00:00,1.94,4.34,6.63,2172.730886081371,4.459667612133284,-137.61724348025743,5,1
2012-02-21 14:46:00.761540+00:00,1.94,4.34,6.63,2366.8866431568313,4.314482025707444,-137.90761465310908,5,1
2012-02-21 14:49:00.761526+00:00,4.8,10.4,15.83,2366.8866431568313,4.459667612133284,-137.61724348025743,5,1
2012-02-21 14:53:00.761508+00:00,9.08,19.02,28.8,3579.0137423012325,4.459667612133284,-137.61724348025743,7,1
2012-02-21 14:56:00.761494+00:00,9.08,19.02,28.8,5384.727414117746,4.866993588404705,-136.80259152771458,8,1
2012-02-21 15:00:00.761476+00:00,9.08,19.02,28.8,5384.727414117746,4.794400795191787,-136.94777711414042,8,1
2012-02-21 15:02:00.761467+00:00,9.08,19.02,28.8,6340.253845118697,4.314482025707444,-137.90761465310908,9,1
2012-02-21 15:03:00.761462+00:00,9.08,19.02,28.8,8373.488131970415,4.7037830495643655,-137.12901260539525,8,2
2012-02-21 15:04:00.761458+00:00,9.08,19.02,28.8,8373.488131970415,4.7037830495643655,-137.12901260539525,8,1
2012-02-21 15:07:00.761444+00:00,9.08,19.02,28.8,7595.953607091461,4.7037830495643655,-137.12901260539525,8,1
2012-02-21 15:11:00.761426+00:00,9.08,19.02,28.8,10406.722418822133,5.2743195646761265,-135.98793957517174,7,1
2012-02-21 15:15:00.761407+00:00,8.64,18.14,27.47,5157.853984130064,3.825521646779792,-138.88553541096442,4,1
2012-02-21 15:22:00.761375+00:00,10.06,20.98,31.73,5157.853984130064,4.072929039266804,-138.39072062599038,4,1
2012-02-21 15:26:00.761357+00:00,5.94,12.73,19.34,5734.646560118719,3.558821733306422,-139.41893523791114,4,1
2012-02-21 15:29:00.761343+00:00,5.94,12.73,19.34,5938.769947338101,3.877738004009632,-138.78110269650472,5,1
2012-02-21 15:33:00.761325+00:00,5.94,12.73,19.34,9573.252176917713,3.822107983909552,-138.89236273670488,5,1
2012-02-21 15:36:00.761311+00:00,6.02,12.89,19.57,9573.252176917713,3.877738004009632,-138.78110269650472,5,1
2012-02-21 15:40:00.761293+00:00,4.52,9.82,14.95,9573.252176917713,3.822107983909552,-138.89236273670488,5,1
2012-02-21 15:44:00.761275+00:00,9.74,20.35,30.79,8686.983744602585,4.390717963971923,-137.75514277658016,5,1
2012-02-21 15:48:00.761256+00:00,9.74,20.35,30.79,8686.983744602585,3.822107983909552,-138.89236273670488,5,1
2012-02-21 15:51:00.761243+00:00,9.74,20.35,30.79,8271.81384423427,4.088645733190472,-138.35928723814305,4,1
2012-02-21 15:55:00.761224+00:00,9.74,20.35,30.79,8271.81384423427,4.088645733190472,-138.35928723814305,4,1
2012-02-21 16:02:00.761192+00:00,10.45,21.76,32.9,6353.124380227552,5.565009527082913,-135.40655965035816,4,1
2012-02-21 16:06:00.761174+00:00,2.77,6.14,9.37,6353.124380227552,5.74996552933862,-135.03664764584676,4,1
2012-02-21 16:09:00.761160+00:00,2.77,6.14,9.37,6697.456311506624,5.676853905020898,-135.18287089448222,5,1
2012-02-21 16:13:00.761142+00:00,10.39,21.63,32.7,6913.32627918716,5.754649411655753,-135.02727988121248,5,1
2012-02-21 16:17:00.761123+00:00,10.0,20.85,31.54,6997.2176022441545,5.839000503777433,-134.85857769696912,6,1
2012-02-21 16:20:00.761110+00:00,8.6,18.07,27.36,7081.108925301149,5.8549238538985255,-134.82673099672692,5,1
2012-02-21 16:23:00.761096+00:00,8.6,18.07,27.36,6913.32627918716,6.572503331124463,-133.39157204227507,5,1
2012-02-21 16:27:00.761078+00:00,8.98,18.83,28.5,6913.32627918716,7.141623673520797,-132.2533313574824,5,1
2012-02-21 16:31:00.761059+00:00,9.36,19.58,29.63,7081.108925301149,7.141623673520797,-132.2533313574824,5,1
2012-02-21 16:34:00.761046+00:00,5.34,11.51,17.5,8955.017533626997,6.9502816849277425,-132.6360153346685,4,1
2012-02-21 16:41:00.761014+00:00,9.56,19.98,30.23,13108.322549622611,6.846149593506572,-132.84427951751084,4,1
2012-02-21 16:45:00.760995+00:00,8.05,16.97,25.71,9274.212602953274,6.846149593506572,-132.84427951751084,4,1
2012-02-21 16:48:00.760982+00:00,8.05,16.97,25.71,3160.706248614168,6.933359490678461,-132.66985972316706,5,1
2012-02-21 16:52:00.760963+00:00,0.0,0.02,0.0,3160.706248614168,7.659624331555482,-131.21733004141302,5,1
2012-02-21 16:55:00.760950+00:00,0.0,0.02,0.0,10033.755456572886,8.269704259276654,-129.99717018597067,4,1
2012-02-21 16:58:00.760936+00:00,0.0,0.02,0.0,10033.755456572886,8.269704259276654,-129.99717018597067,4,1
2012-02-21 17:09:00.760885+00:00,0.0,0.0,0.0,21441.396307492167,10.921929491683533,-124.69271972115692,3,1
2012-02-21 17:13:00.760867+00:00,7.23,15.33,23.25,22621.94888861033,10.882452594573266,-124.77167351537744,4,1
2012-02-21 17:16:00.760853+00:00,7.23,15.33,23.25,23802.5014697285,10.842975697463,-124.85062730959798,5,1
2012-02-21 17:20:00.760835+00:00,7.23,15.33,23.25,25798.467237780394,10.33075445091229,-125.87506980269941,5,1
2012-02-21 17:24:00.760817+00:00,7.23,15.33,23.25,28235.206789577467,9.349296358063503,-127.837985988397,5,1
2012-02-21 17:27:00.760803+00:00,7.52,15.91,24.12,28235.206789577467,8.085549523896812,-130.36547965673037,5,1
2012-02-21 17:31:00.760785+00:00,7.82,16.5,25.01,25798.467237780394,8.058101187374277,-130.42037632977542,5,1
2012-02-21 17:34:00.760771+00:00,7.82,16.5,25.01,22368.400671964933,7.562706284949068,-131.41116613462586,5,1
2012-02-21 17:38:00.760753+00:00,7.82,16.5,25.01,20378.574528123634,6.981071715901956,-132.57443527272008,5,1
2012-02-21 17:42:00.760734+00:00,7.82,16.5,25.01,20133.522241868417,6.86815955431001,-132.80025959590398,5,1
2012-02-21 17:45:00.760721+00:00,1.02,2.29,3.5,19350.64280055513,6.532056093496103,-133.47246651753179,4,1
2012-02-21 17:49:00.760702+00:00,8.08,17.04,25.82,22368.400671964933,6.86815955431001,-132.80025959590398,5,1
2012-02-21 17:57:00.760666+00:00,8.12,17.11,25.92,37643.784092999886,6.86815955431001,-132.80025959590398,5,1
2012-02-21 17:59:00.760657+00:00,8.12,17.11,25.92,38534.26964457352,8.189539143369435,-130.15750041778512,4,1
2012-02-21 18:03:00.760638+00:00,8.03,16.93,25.65,39424.755196147154,6.258395942779959,-134.01978681896406,5,1
2012-02-21 18:06:00.760625+00:00,8.03,16.93,25.65,38534.26964457352,7.0091455747444655,-132.51828755503504,6,1
2012-02-21 18:10:00.760606+00:00,7.92,16.72,25.33,28015.08935360241,5.649349733073933,-135.23787923837614,5,1
2012-02-21 18:13:00.760592+00:00,7.71,16.29,24.7,21312.81510264136,6.675261697247452,-133.18605531002908,5,1
2012-02-21 18:17:00.760574+00:00,7.42,15.71,23.81,28015.08935360241,5.382641345536211,-135.77129601345155,5,1
2012-02-21 18:21:00.760556+00:00,8.12,17.11,25.92,28015.08935360241,5.382641345536211,-135.77129601345155,5,1
2012-02-21 18:25:00.760538+00:00,8.12,17.11,25.92,17566.14329534752,4.9050554389140055,-136.72646782669597,5,1
2012-02-21 18:28:00.760524+00:00,8.19,17.26,26.14,17566.14329534752,5.382641345536211,-135.77129601345155,5,1
2012-02-21 18:32:00.760506+00:00,9.18,19.22,29.09,10202.01235064692,5.382641345536211,-135.77129601345155,5,1
2012-02-21 18:36:00.760487+00:00,9.1,19.06,28.85,10202.01235064692,5.609379903575407,-135.31781889737317,5,1
2012-02-21 18:39:00.760473+00:00,10.19,21.24,32.12,10103.239953734756,5.609379903575407,-135.31781889737317,5,1
2012-02-21 18:43:00.760455+00:00,10.21,21.28,32.18,6079.088591849823,5.609379903575407,-135.31781889737317,5,1
2012-02-21 18:46:00.760441+00:00,10.06,20.98,31.73,6079.088591849823,5.172438404212897,-136.19170189609818,5,1
2012-02-21 18:50:00.760423+00:00,9.18,19.22,29.09,6079.088591849823,5.054485259933333,-136.42760818465732,5,1
2012-02-21 18:54:00.760405+00:00,0.0,0.02,0.0,5989.0881518188025,5.012586253473779,-136.51140619757643,4,1
2012-02-21 18:58:00.760386+00:00,0.0,0.02,0.0,5989.0881518188025,5.093201818114896,-136.3501750682942,4,1
2012-02-21 19:05:00.760354+00:00,5.47,11.76,17.88,5261.290126646773,5.006184722477469,-136.52420925956906,4,1
2012-02-21 19:09:00.760336+00:00,8.65,18.18,27.53,4122.969541022754,5.086800287118588,-136.36297813028682,4,1
2012-02-21 19:12:00.760322+00:00,8.36,17.58,26.64,5253.884096432462,5.041682197940715,-136.45321430864254,5,1
2012-02-21 19:16:00.760304+00:00,8.34,17.55,26.58,2992.054985613047,4.317703388986673,-137.90117192655063,5,1
2012-02-21 19:19:00.760290+00:00,8.34,17.55,26.58,2992.054985613047,4.915191182298392,-136.7061963399272,5,1
2012-02-21 19:23:00.760272+00:00,8.36,17.58,26.64,1621.9763724449995,4.317703388986673,-137.90117192655063,5,1
2012-02-21 19:27:00.760254+00:00,8.26,17.4,26.36,1621.9763724449995,4.317703388986673,-137.90117192655063,5,1
2012-02-21 19:30:00.760240+00:00,2.49,5.54,8.46,1421.4947964870776,4.785264564947325,-136.96604957462935,5,1
2012-02-21 19:34:00.760222+00:00,0.0,0.02,0.01,1421.4947964870776,4.915191182298392,-136.7061963399272,5,1
2012-02-21 19:38:00.760203+00:00,0.0,0.02,0.01,2202.304281221486,6.732252370490247,-133.07207396354352,5,1
2012-02-21 19:41:00.760190+00:00,0.0,0.02,0.01,2299.015007106221,6.732252370490247,-133.07207396354352,5,1
2012-02-21 19:45:00.760171+00:00,0.0,0.02,0.01,2299.015007106221,6.732252370490247,-133.07207396354352,5,1
2012-02-21 19:49:00.760153+00:00,0.0,0.02,0.01,2299.015007106221,5.874990088671719,-134.78659852718056,5,1
2012-02-21 19:52:00.760139+00:00,7.43,15.74,23.86,2299.015007106221,4.341705951884429,-137.85316680075513,5,1
2012-02-21 19:56:00.760121+00:00,7.5,15.88,24.07,2299.015007106221,4.341705951884429,-137.85316680075513,5,1
2012-02-21 19:59:00.760107+00:00,8.37,17.62,26.69,2635.3029588116106,4.341705951884429,-137.85316680075513,5,1
2012-02-21 20:03:00.760089+00:00,8.37,17.62,26.69,7135.261812150257,4.174967225866958,-138.18664425279007,5,1
2012-02-21 20:07:00.760071+00:00,0.0,0.02,0.0,11730.174177925877,3.7397611575648497,-139.0570563893943,5,1
2012-02-21 20:10:00.760057+00:00,3.98,8.7,13.25,20589.233133129077,3.7397611575648497,-139.0570563893943,5,1
2012-02-21 20:14:00.760039+00:00,3.98,8.7,13.25,29581.41075347645,3.7397611575648497,-139.0570563893943,5,1
2012-02-21 20:17:00.760025+00:00,0.0,0.02,0.0,36740.81405680288,3.9926357053977233,-138.55130729372854,5,1
2012-02-21 20:21:00.760007+00:00,0.0,0.02,0.0,38419.06443170738,3.9926357053977233,-138.55130729372854,5,1
2012-02-21 20:25:00.759988+00:00,6.75,14.37,21.8,46322.662946045486,4.001279197337972,-138.53402030984805,5,1
2012-02-21 20:28:00.759975+00:00,6.75,14.37,21.8,46322.662946045486,3.9926357053977233,-138.55130729372854,5,1
2012-02-21 20:32:00.759956+00:00,6.75,14.37,21.8,38419.06443170738,3.750759665558728,-139.03505937340654,5,1
2012-02-21 20:36:00.759938+00:00,6.75,14.37,21.8,17605.043576478805,3.750759665558728,-139.03505937340654,5,1
2012-02-21 20:39:00.759924+00:00,6.75,14.37,21.8,8415.441903780396,4.398684646225124,-137.73920941207373,5,1
2012-02-21 20:43:00.759906+00:00,5.24,11.3,17.18,7196.9733250139625,4.816627650034178,-136.90332340445562,5,1
2012-02-21 20:47:00.759888+00:00,5.24,11.3,17.18,5840.0634082123415,4.817258163363314,-136.90206237779736,5,1
2012-02-21 20:51:00.759869+00:00,2.18,4.86,7.43,5840.0634082123415,4.817258163363314,-136.90206237779736,5,1
2012-02-21 20:54:00.759855+00:00,2.62,5.81,8.87,4030.2017581979967,4.989742789216809,-136.55709312609036,5,1
2012-02-21 20:58:00.759837+00:00,2.6,5.77,8.81,4030.2017581979967,4.989742789216809,-136.55709312609036,5,1
2012-02-21 21:01:00.759823+00:00,7.69,16.26,24.64,3315.6944244135393,4.989742789216809,-136.55709312609036,5,1
2012-02-21 21:05:00.759805+00:00,3.26,7.18,10.95,4030.2017581979967,4.882830095616568,-136.77091851329084,5,1
2012-02-21 21:09:00.759787+00:00,3.38,7.44,11.35,4030.2017581979967,4.989742789216809,-136.55709312609036,5,1
2012-02-21 21:13:00.759769+00:00,6.46,13.78,20.92,4831.9276984808885,5.588789389831125,-135.3589999248617,5,1
2012-02-21 21:16:00.759755+00:00,6.21,13.27,20.15,8274.502312946808,5.588789389831125,-135.3589999248617,5,1
2012-02-21 21:20:00.759736+00:00,6.24,13.33,20.24,8274.502312946808,5.06728640287625,-136.40200589877148,5,1
2012-02-21 21:24:00.759718+00:00,6.29,13.43,20.39,8274.502312946808,5.176405791960832,-136.18376712060234,5,1
2012-02-21 21:28:00.759700+00:00,6.32,13.49,20.48,6113.056429447971,5.176405791960832,-136.18376712060234,5,1
2012-02-21 21:31:00.759686+00:00,6.25,13.36,20.29,6113.056429447971,5.06728640287625,-136.40200589877148,5,1
2012-02-21 21:35:00.759668+00:00,6.67,14.2,21.55,6113.056429447971,4.954691094772507,-136.62719651497898,5,1
2012-02-21 21:38:00.759654+00:00,4.16,9.07,13.82,6113.056429447971,4.954691094772507,-136.62719651497898,5,1
2012-02-21 21:42:00.759636+00:00,4.21,9.17,13.96,4337.4833140115015,4.561076849382983,-137.41442500575803,5,1
2012-02-21 21:46:00.759617+00:00,4.21,9.17,13.96,4337.4833140115015,3.5954087822790743,-139.34576113996584,5,1
2012-02-21 21:50:00.759599+00:00,4.18,9.11,13.87,4132.996533453831,3.5954087822790743,-139.34576113996584,5,1
2012-02-21 21:54:00.759581+00:00,10.45,21.76,32.9,4132.996533453831,2.5111887905608405,-141.5142011234023,5,1
2012-02-21 21:57:00.759567+00:00,10.45,21.76,32.9,4132.996533453831,2.5111887905608405,-141.5142011234023,5,1
2012-02-21 22:01:00.759549+00:00,6.93,14.73,22.34,5344.318223452128,2.5111887905608405,-141.5142011234023,5,1
2012-02-21 22:05:00.759530+00:00,2.58,5.73,8.75,5344.318223452128,2.5111887905608405,-141.5142011234023,5,1
2012-02-21 22:09:00.759512+00:00,10.0,20.85,31.54,6072.712280883957,2.5111887905608405,-141.5142011234023,5,1
2012-02-21 22:13:00.759494+00:00,9.83,20.52,31.04,5344.318223452128,3.5290777819051105,-139.47842314071377,5,1
2012-02-21 22:16:00.759480+00:00,9.83,20.52,31.04,2612.269259438269,3.77026147821736,-138.99605574808928,5,1
2012-02-21 22:20:00.759462+00:00,9.83,20.52,31.04,1852.2352049180904,4.156442787587221,-138.22369312934956,5,1
2012-02-21 22:24:00.759443+00:00,9.85,20.56,31.1,1271.7640483326006,4.4043739229806915,-137.7278308585626,4,1
2012-02-21 22:27:00.759430+00:00,9.34,19.54,29.57,691.2928917471104,4.652305058374164,-137.2319685877757,3,1
2012-02-21 22:38:00.759379+00:00,9.14,19.14,28.97,1152.7522725420986,4.811974192129493,-136.912630320265,3,1
2012-02-21 22:42:00.759361+00:00,9.14,19.14,28.97,1113.177429766262,4.8223228894502315,-136.89193292562356,4,1
2012-02-21 22:45:00.759347+00:00,9.14,19.14,28.97,1143.973958432609,4.832671586770972,-136.87123553098206,5,1
2012-02-21 22:49:00.759329+00:00,9.4,19.66,29.75,1143.973958432609,5.336779060905674,-135.86302058271264,5,1
2012-02-21 22:52:00.759315+00:00,0.0,0.02,0.04,1143.973958432609,5.336779060905674,-135.86302058271264,5,1
2012-02-21 22:56:00.759297+00:00,0.0,0.02,0.04,1108.7882727115177,5.143422619659672,-136.24973346520466,4,1
2012-02-21 23:00:00.759279+00:00,9.76,20.39,30.85,1457.4845531026529,5.325045573016394,-135.88648755849118,4,1
2012-02-21 23:07:00.759247+00:00,10.13,21.11,31.92,2841.6685325708568,5.205575217373605,-136.1254282697768,3,1
2012-02-21 23:11:00.759228+00:00,10.06,20.98,31.73,3506.1134294742574,5.884781418186607,-134.7670158681508,2,1
2012-02-21 23:26:00.759160+00:00,4.21,9.17,13.96,772.2858121399232,5.141886640545891,-136.2528054234322,2,1
2012-02-21 23:33:00.759128+00:00,4.21,9.17,13.96,772.2858121399232,5.141886640545891,-136.2528054234322,2,1
2012-02-21 23:43:00.759082+00:00,4.88,10.56,16.06,728.5672634179858,4.042575741694316,-138.45142722113536,2,1
2012-02-21 23:51:00.759045+00:00,3.6,7.9,12.05,857.8111058665299,3.5228380517264264,-139.49090260107113,3,1
2012-02-21 23:55:00.759027+00:00,3.6,7.9,12.05,940.384235377128,3.073070102126381,-140.39043850027122,2,1
2012-02-22 00:00:00.760200+00:00,3.71,8.13,12.39,664.557655516672,0.0,-152.90309413109722,3,1
2012-02-22 00:09:00.760159+00:00,3.78,8.29,12.63,796.9100977412397,7.295648774041172,-138.31179658301488,3,1
2012-02-22 00:13:00.760140+00:00,4.82,10.43,15.88,958.335720077999,7.58017932918396,-137.7427354727293,3,1
2012-02-22 00:20:00.760108+00:00,0.0,0.02,0.0,989.7866144577753,7.295648774041172,-138.31179658301488,3,1
2012-02-22 00:27:00.760076+00:00,2.92,6.46,9.86,1056.6709174934458,6.336848491354644,-140.22939714838793,2,1
2012-02-22 00:53:00.759957+00:00,3.46,7.61,11.6,712.4749903770881,3.9462571962259823,-145.01057973864525,1,1
2012-02-22 01:04:00.759907+00:00,3.43,7.54,11.5,1846.2641268754892,8.34140507541462,-136.220283980268,2,1
2012-02-22 01:11:00.759875+00:00,3.34,7.35,11.2,1846.2641268754892,8.34140507541462,-136.220283980268,2,1
2012-02-22 01:26:00.759806+00:00,7.98,16.82,25.49,789.2343170122003,5.734101233883293,-141.43489166333063,1,1
2012-02-22 02:17:00.759573+00:00,6.51,13.88,21.06,684.0902913411568,6.654498686111782,-139.59409675887366,1,1
2012-02-22 02:27:00.759527+00:00,5.8,12.45,18.91,763.8761117901779,7.731560054538388,-137.43997402202044,1,1
2012-02-22 02:45:00.759445+00:00,9.64,20.14,30.48,900.4423303457553,7.998025008083902,-136.90704411492942,3,1
2012-02-22 02:49:00.759426+00:00,9.72,20.31,30.72,900.4423303457553,7.998025008083902,-136.90704411492942,3,1
2012-02-22 02:52:00.759413+00:00,9.74,20.35,30.79,900.4423303457553,7.998025008083902,-136.90704411492942,3,1
2012-02-22 03:03:00.759362+00:00,6.44,13.75,20.87,871.176241927277,7.242293350092583,-138.41850743091206,3,1
2012-02-22 03:07:00.759344+00:00,6.44,13.75,20.87,871.176241927277,7.242293350092583,-138.41850743091206,3,1
2012-02-22 03:10:00.759330+00:00,4.92,10.65,16.2,938.239399555524,8.647202024996668,-135.60869008110387,4,1
2012-02-22 03:17:00.759298+00:00,4.94,10.68,16.25,1781.8240226741425,8.882286890332454,-135.13852035043232,4,1
2012-02-22 03:21:00.759280+00:00,6.1,13.04,19.81,3856.346817799384,7.615719137780878,-137.67165585553542,4,1
2012-02-22 03:24:00.759266+00:00,6.1,13.04,19.81,5020.221832177759,7.5189751947976,-137.865143741502,5,1
2012-02-22 03:28:00.759248+00:00,6.24,13.33,20.24,5295.167109396676,7.5189751947976,-137.865143741502,5,1
2012-02-22 03:31:00.759234+00:00,6.24,13.33,20.24,5295.167109396676,7.5189751947976,-137.865143741502,5,1
2012-02-22 03:35:00.759216+00:00,6.24,13.33,20.24,5744.793341719967,8.065560600220186,-136.77197293065686,5,1
2012-02-22 03:38:00.759202+00:00,10.13,21.11,31.92,5519.980225558322,8.681409801678484,-135.54027452774022,4,1
2012-02-22 03:42:00.759184+00:00,6.78,14.43,21.9,6086.45530471427,8.988104539742437,-134.92688505161232,4,1
2012-02-22 03:49:00.759152+00:00,7.55,15.98,24.23,8253.410302533557,7.8370217636498785,-137.2290506037975,4,1
2012-02-22 03:53:00.759133+00:00,7.55,15.98,24.23,9629.07710503525,6.995093450951661,-138.9129072291939,3,1
2012-02-22 03:56:00.759120+00:00,7.55,15.98,24.23,9629.07710503525,6.995093450951661,-138.9129072291939,3,1
2012-02-22 04:07:00.759069+00:00,0.0,0.02,0.0,1669.3905967056226,6.594207808644698,-139.71467851380785,2,1
2012-02-22 04:11:00.759051+00:00,0.0,0.02,0.0,2026.5396127293911,6.20531492225853,-140.49246428658017,3,1
2012-02-22 04:18:00.759019+00:00,7.05,14.96,22.7,2668.8811852967856,6.470606213710214,-139.9618817036768,4,1
2012-02-22 04:21:00.759005+00:00,7.05,14.96,22.7,2999.8732235899292,6.735897505161899,-139.43129912077342,3,1
2012-02-22 04:25:00.758987+00:00,7.05,14.96,22.7,2999.8732235899292,6.735897505161899,-139.43129912077342,3,1
2012-02-22 04:36:00.758937+00:00,0.91,2.04,3.12,1590.1266010085435,5.232397325357128,-142.43829948038297,3,1
2012-02-22 04:39:00.758923+00:00,0.91,2.04,3.12,1590.1266010085435,5.232397325357128,-142.43829948038297,3,1
2012-02-22 04:43:00.758904+00:00,0.91,2.04,3.12,1590.1266010085435,5.232397325357128,-142.43829948038297,3,1
2012-02-22 04:57:00.758840+00:00,3.18,7.01,10.7,1280.6544314920488,8.499437028160981,-135.90422007477522,3,1
2012-02-22 05:00:00.758827+00:00,7.05,14.96,22.7,1666.6032843008404,9.271263327208448,-134.36056747668033,4,1
2012-02-22 05:04:00.758808+00:00,7.05,14.96,22.7,1280.6544314920488,8.499437028160981,-135.90422007477522,5,1
2012-02-22 05:07:00.758795+00:00,7.01,14.89,22.59,1280.6544314920488,7.7881300784321486,-137.32683397423293,5,1
2012-02-22 05:11:00.758776+00:00,7.0,14.86,22.54,1498.3130715718708,7.736701502106977,-137.42969112688326,4,1
2012-02-22 05:14:00.758763+00:00,7.0,14.86,22.54,944.0740060341091,7.7881300784321486,-137.32683397423293,3,1
2012-02-22 05:54:00.758579+00:00,7.71,16.29,24.7,1707.7107888171647,5.476741290705548,-141.9496115496861,2,1
2012-02-22 06:01:00.758547+00:00,3.66,8.03,12.24,1799.472724929931,5.476741290705548,-141.9496115496861,4,1
2012-02-22 06:05:00.758529+00:00,3.66,8.03,12.24,1799.472724929931,5.297496430826418,-142.30810126944436,4,1
2012-02-22 06:09:00.758511+00:00,4.04,8.82,13.44,2331.8884218075746,4.728528874708934,-143.4460363816794,5,1
2012-02-22 06:12:00.758497+00:00,4.24,9.23,14.06,1357.4020740661733,3.823850004048004,-145.25539412300122,5,1
2012-02-22 06:16:00.758479+00:00,4.36,9.48,14.43,1066.3551198927153,4.445099523143694,-144.01289508480983,5,1
2012-02-22 06:20:00.758460+00:00,4.31,9.39,14.29,1353.2202177740676,4.445099523143694,-144.01289508480983,5,1
2012-02-22 06:23:00.758447+00:00,4.28,9.32,14.2,1353.2202177740676,4.445099523143694,-144.01289508480983,5,1
2012-02-22 06:27:00.758428+00:00,3.86,8.45,12.87,1316.2858011090511,5.001452107269658,-142.9001899165579,5,1
2012-02-22 06:30:00.758415+00:00,3.74,8.19,12.49,1162.2925978063522,5.9161382778746,-141.07081757534803,5,1
2012-02-22 06:34:00.758396+00:00,3.74,8.19,12.49,1162.2925978063522,6.1248840106524325,-140.65332610979237,5,1
2012-02-22 06:37:00.758383+00:00,3.75,8.22,12.53,894.0820551404595,6.873413025644237,-139.15626807980874,4,1
2012-02-22 06:41:00.758364+00:00,3.83,8.38,12.78,625.8715124745668,7.621942040636044,-137.65921004982513,3,1
2012-02-22 06:55:00.758300+00:00,4.31,9.39,14.29,1396.1098356072591,5.369315605326969,-142.1644629204433,2,1
2012-02-22 06:59:00.758282+00:00,4.31,9.39,14.29,1396.1098356072591,5.369315605326969,-142.1644629204433,2,1
2012-02-22 07:10:00.758232+00:00,5.25,11.33,17.23,546.7545413290927,6.074293960884308,-140.75450620932858,1,1
2012-02-22 07:40:00.758094+00:00,0.68,1.54,2.36,605.7802754262782,4.833474333497271,-143.23614546410266,1,1
2012-02-22 08:16:00.757929+00:00,10.45,21.76,32.9,3509.626587919861,8.163318663681418,-136.57645680373437,3,1
2012-02-22 08:19:00.757916+00:00,10.45,21.76,32.9,3392.378794901674,6.447635923615625,-140.00782228386595,4,1
2012-02-22 08:23:00.757897+00:00,10.45,21.76,32.9,3275.1310018834874,4.731953183549832,-143.43918776399755,5,1
2012-02-22 08:27:00.757879+00:00,3.72,8.16,12.44,3392.378794901674,4.692016774054293,-143.51906058298863,4,1
2012-02-22 08:31:00.757861+00:00,5.76,12.35,18.77,3275.1310018834874,4.6520803645587545,-143.5989334019797,3,1
2012-02-22 08:41:00.757815+00:00,3.15,6.94,10.59,1624.1035841487899,5.675009916437002,-141.55307429822324,2,1
2012-02-22 08:45:00.757797+00:00,3.15,6.94,10.59,1624.1035841487899,5.675009916437002,-141.55307429822324,2,1
2012-02-22 09:18:00.757646+00:00,1.18,2.65,4.06,909.6133873117468,4.150988894967945,-144.60111634116132,2,1
2012-02-22 09:26:00.757609+00:00,1.18,2.65,4.06,583.9010644800621,4.4351108605072715,-144.0328724100827,3,1
2012-02-22 09:29:00.757595+00:00,2.97,6.56,10.02,543.5186109660772,4.089766885579868,-144.7235603599375,2,1
2012-02-22 09:52:00.757490+00:00,5.4,11.64,17.69,613.8175446303626,5.08136306128428,-142.74036800852866,1,1
2012-02-22 10:32:00.757307+00:00,5.56,11.95,18.16,663.9723928574334,3.963180112044252,-144.97673390700868,1,1
2012-02-22 10:44:00.757252+00:00,0.0,0.02,0.0,640.760841391175,3.0993160085157614,-146.70446211406568,1,1
2012-02-22 11:05:00.757156+00:00,8.21,17.29,26.2,865.1284326008209,5.826330847649682,-141.25043243579785,3,1
2012-02-22 11:09:00.757138+00:00,8.21,17.29,26.2,865.1284326008209,5.826330847649682,-141.25043243579785,3,1
2012-02-22 11:13:00.757119+00:00,8.21,17.29,26.2,865.1284326008209,5.826330847649682,-141.25043243579785,3,1
2012-02-22 11:28:00.757051+00:00,7.5,15.88,24.07,839.9142767648398,4.740599416820107,-143.421895297457,2,1
2012-02-22 11:35:00.757018+00:00,7.26,15.4,23.35,756.4639140567763,4.740599416820107,-143.421895297457,4,1
2012-02-22 11:39:00.757000+00:00,7.28,15.43,23.4,728.8816353773303,4.719017527108633,-143.46505907687998,3,1
2012-02-22 11:42:00.756986+00:00,7.28,15.43,23.4,728.8816353773303,4.719017527108633,-143.46505907687998,3,1
2012-02-22 12:34:00.767144+00:00,4.01,8.76,13.35,1663.917871347379,2.275882827171413,-144.6870649589412,1,1
2012-02-23 15:01:00.762471+00:00,9.44,19.74,29.87,2008.977137635062,6.718268648267754,-140.09682055655134,1,1
2012-02-24 01:00:00.760225+00:00,0.0,0.0,0.0,7212.5079915761635,6.515173419198619,-140.27456556812612,1,1
2012-02-24 01:36:00.760060+00:00,0.0,0.0,0.0,4311.196304748386,4.963180751249107,-143.37855090402516,1,1
2012-02-24 03:15:00.759607+00:00,0.0,0.02,0.0,124092495.39570916,5.138828155779821,-143.02725609496372,7,1
2012-02-24 03:16:00.759603+00:00,0.0,0.02,0.0,124092495.39570916,5.138828155779821,-143.02725609496372,7,2
2012-02-24 03:17:00.759598+00:00,0.0,0.02,0.0,124092495.39570916,5.138828155779821,-143.02725609496372,7,3
2012-02-24 03:18:00.759594+00:00,0.0,0.02,0.0,124092495.39570916,5.138828155779821,-143.02725609496372,7,1
2012-02-24 04:50:00.759172+00:00,0.0,0.0,0.0,1085.5465100821152,3.1016997870142204,-147.1015128324949,2,1
2012-02-24 04:55:00.759150+00:00,0.0,0.0,0.0,1085.5465100821152,3.1016997870142204,-147.1015128324949,2,1
2012-02-24 09:09:00.757987+00:00,2.89,6.39,9.75,1756.7051434629445,3.426832021186604,-146.45124836415016,1,1
2012-02-24 11:12:00.757424+00:00,0.0,0.02,0.0,554.4326754527333,5.193482125790922,-142.9179481549415,1,1
2012-02-24 13:16:00.768152+00:00,7.96,16.79,25.44,3629.718569593056,2.414411073812276,-145.81510512644502,1,1
2012-02-24 13:27:00.768102+00:00,4.43,9.63,14.67,623.2674998669954,15.61518833107003,-119.4135506119295,1,1
2012-02-24 14:38:00.767777+00:00,0.0,0.02,0.0,963.3506811424553,1.7856143022637712,-147.07269866954198,1,1
2012-02-24 15:25:00.767562+00:00,0.0,0.0,0.0,718.6292849701324,4.480227270637114,-141.6834727327953,1,1
2012-02-24 16:07:00.767369+00:00,4.59,9.97,15.18,710.9258112507332,9.34756695388291,-131.9487933663037,1,1
2012-02-24 16:25:00.767287+00:00,2.33,5.19,7.93,520.7053341697249,5.425791863743585,-139.79234354658234,1,1
2012-02-24 16:57:00.767140+00:00,0.0,0.0,0.0,723.7559263489453,6.348375449738893,-137.94717637459178,1,1
2012-02-24 17:11:00.767076+00:00,8.45,17.77,26.91,7329.08567935884,5.7039179862027565,-139.23609130166406,1,1
2012-02-24 17:22:00.767026+00:00,2.69,5.95,9.09,1229.2177463837186,10.937333803111613,-128.76925966784628,2,1
2012-02-24 17:29:00.766994+00:00,9.36,19.58,29.63,1229.2177463837186,10.937333803111613,-128.76925966784628,2,1
2012-02-24 18:15:00.766783+00:00,9.68,20.23,30.6,577.0040971074739,5.193614928681991,-140.25669741670558,1,1
2012-02-24 18:59:00.766582+00:00,9.81,20.47,30.97,640.6811031264396,5.685771221060055,-139.27238483194944,1,1
2012-02-24 19:10:00.766532+00:00,4.71,10.22,15.55,57554919.30543712,6.081761183918887,-138.48040490623177,10,2
2012-02-24 19:11:00.766527+00:00,4.71,10.22,15.55,54355229.51823836,6.584037198272688,-137.47585287752418,11,3
2012-02-24 19:12:00.766522+00:00,4.71,10.22,15.55,54355229.51823836,6.584037198272688,-137.47585287752418,11,3
2012-02-24 19:13:00.766518+00:00,4.71,10.22,15.55,54355229.51823836,6.584037198272688,-137.47585287752418,11,2
2012-02-24 19:20:00.766486+00:00,4.71,10.22,15.55,57554919.30543712,6.081761183918887,-138.48040490623177,10,1
2012-02-24 19:38:00.766403+00:00,0.0,0.02,0.04,784.4480532002091,6.736845238848979,-137.17023679637157,3,1
2012-02-24 19:42:00.766385+00:00,0.0,0.02,0.04,681.0631939811078,6.10058460256119,-138.44275806894717,4,1
2012-02-24 19:45:00.766371+00:00,0.0,0.02,0.04,681.0631939811078,6.10058460256119,-138.44275806894717,4,1
2012-02-24 19:49:00.766353+00:00,8.58,18.03,27.3,784.4480532002091,6.736845238848979,-137.17023679637157,3,1
2012-02-24 20:00:00.766303+00:00,6.03,12.92,19.62,3959.5873700838756,8.131508140785279,-134.38091099249894,3,1
2012-02-24 20:03:00.766289+00:00,8.32,17.51,26.53,4196.221114182597,7.651363486641888,-135.34120030078577,4,1
2012-02-24 20:07:00.766271+00:00,8.32,17.51,26.53,3959.5873700838756,7.1712188324984965,-136.30148960907258,5,1
2012-02-24 20:10:00.766257+00:00,8.32,17.51,26.53,4196.221114182597,7.651363486641888,-135.34120030078577,4,1
2012-02-24 20:14:00.766239+00:00,8.32,17.51,26.53,3366.1084218441856,7.446749092986576,-135.75042908809638,4,1
2012-02-24 20:21:00.766207+00:00,9.46,19.78,29.93,930.2271314577968,7.722279353474658,-135.19936856712022,3,1
2012-02-24 20:29:00.766170+00:00,9.4,19.66,29.75,2299.361985407053,7.722279353474658,-135.19936856712022,3,1
2012-02-24 20:36:00.766138+00:00,9.36,19.58,29.63,3764.111833818261,8.07946504887035,-134.48499717632885,4,1
2012-02-24 20:39:00.766124+00:00,9.36,19.58,29.63,4789.291860298129,7.182641655199332,-136.27864396367087,4,1
2012-02-24 20:43:00.766106+00:00,9.36,19.58,29.63,3067.9778499398817,7.218488668477661,-136.20694993711422,5,1
2012-02-24 20:47:00.766088+00:00,7.68,16.22,24.59,3014.788913144621,8.297021201072582,-134.04988487192438,5,1
2012-02-24 20:50:00.766074+00:00,7.68,16.22,24.59,3041.3833815422518,8.470537735061477,-133.70285180394657,4,1
2012-02-24 20:54:00.766055+00:00,6.87,14.6,22.15,3014.788913144621,8.297021201072582,-134.04988487192438,3,1
2012-02-24 21:05:00.766005+00:00,8.16,17.18,26.03,3506.151721541992,8.124582144037651,-134.39476298599425,3,1
2012-02-24 21:08:00.765991+00:00,8.16,17.18,26.03,3506.151721541992,8.124582144037651,-134.39476298599425,3,1
2012-02-24 21:12:00.765973+00:00,8.16,17.18,26.03,3554.677972555699,8.420711054545084,-133.80250516497938,4,1
2012-02-24 21:19:00.765941+00:00,4.8,10.4,15.83,4820.000477839354,8.610977583277144,-133.42197210751522,4,1
2012-02-24 21:23:00.765923+00:00,4.82,10.43,15.88,3626.8520780390745,8.610977583277144,-133.42197210751522,4,1
2012-02-24 21:27:00.765904+00:00,4.82,10.43,15.88,6133.849234136716,8.371007577942676,-133.9019121181842,5,1
2012-02-24 21:30:00.765891+00:00,4.82,10.43,15.88,3626.8520780390745,8.266511472265435,-134.11090432953864,4,1
2012-02-24 21:34:00.765872+00:00,6.7,14.27,21.65,1722.586863877831,8.266511472265435,-134.11090432953864,4,1
2012-02-24 21:41:00.765840+00:00,6.72,14.3,21.7,2325.318805814229,8.371007577942676,-133.9019121181842,3,1
2012-02-24 21:45:00.765822+00:00,6.72,14.3,21.7,831.5636611131455,8.135942138810503,-134.37204299644853,3,1
2012-02-24 21:52:00.765790+00:00,6.91,14.7,22.3,831.5636611131455,7.265945678764717,-136.1120359165401,3,1
2012-02-24 21:59:00.765758+00:00,3.31,7.28,11.1,1810.3484297245402,6.6570814733852615,-137.32976432729902,4,1
2012-02-24 22:02:00.765744+00:00,3.31,7.28,11.1,4698.486017552681,7.078447341046402,-136.48703259197674,4,1
2012-02-24 22:06:00.765726+00:00,3.31,7.28,11.1,3245.167755298726,7.160407161663094,-136.32311295074336,7,1
2012-02-24 22:09:00.765712+00:00,3.31,7.28,11.1,3609.370033562559,7.4471910356471955,-135.74954520277515,6,1
2012-02-24 22:13:00.765694+00:00,0.0,0.02,0.01,3609.370033562559,7.6095689133105475,-135.42478944744843,8,1
2012-02-24 22:14:00.765689+00:00,0.0,0.02,0.01,3973.5723118263923,7.661941944662508,-135.32004338474454,9,1
2012-02-24 22:15:00.765685+00:00,0.0,0.02,0.01,3634.3082218687323,7.697958427146902,-135.24801041977574,10,1
2012-02-24 22:20:00.765662+00:00,9.68,20.23,30.6,3973.5723118263923,7.557195881958588,-135.52953551015236,9,1
2012-02-24 22:21:00.765657+00:00,9.64,20.14,30.48,3634.3082218687323,7.6095689133105475,-135.42478944744843,10,1
2012-02-24 22:22:00.765653+00:00,9.64,20.14,30.48,3634.3082218687323,7.6095689133105475,-135.42478944744843,10,1
2012-02-24 22:23:00.765648+00:00,9.64,20.14,30.48,3634.3082218687323,7.6095689133105475,-135.42478944744843,10,1
2012-02-24 22:24:00.765643+00:00,9.64,20.14,30.48,3270.1059436048995,7.6095689133105475,-135.42478944744843,10,1
2012-02-24 22:27:00.765630+00:00,9.64,20.14,30.48,3970.5897536661214,7.6095689133105475,-135.42478944744843,8,1
2012-02-24 22:30:00.765616+00:00,9.64,20.14,30.48,3970.5897536661214,7.6095689133105475,-135.42478944744843,8,1
2012-02-24 22:34:00.765598+00:00,9.64,20.14,30.48,3241.5502668840954,11.652291697943484,-127.33934387818259,4,1
2012-02-24 22:48:00.765534+00:00,8.03,16.93,25.65,1643.6485291513209,5.371925309917786,-139.90007665423394,3,1
2012-02-24 22:52:00.765515+00:00,5.74,12.32,18.72,1704.6300772294696,5.379933599703351,-139.88406007466284,4,1
2012-02-24 22:55:00.765502+00:00,5.74,12.32,18.72,1643.6485291513209,5.371925309917786,-139.90007665423394,5,1
2012-02-24 22:59:00.765483+00:00,5.74,12.32,18.72,1354.831197599568,5.387941889488918,-139.86804349509168,5,1
2012-02-24 23:02:00.765470+00:00,4.89,10.59,16.11,1354.831197599568,5.355402273196058,-139.93312272767741,5,1
2012-02-24 23:06:00.765451+00:00,5.31,11.45,17.41,1762.5315264081216,4.8952713759817765,-140.85338452210596,5,1
2012-02-24 23:09:00.765438+00:00,5.27,11.36,17.27,1762.5315264081216,3.8605041896487946,-142.92291889477198,5,1
2012-02-24 23:13:00.765419+00:00,5.27,11.36,17.27,4106.582004255427,3.8605041896487946,-142.92291889477198,5,1
2012-02-24 23:17:00.765401+00:00,5.25,11.33,17.23,4106.582004255427,3.7267891082494353,-143.1903490575707,5,1
2012-02-24 23:20:00.765387+00:00,4.22,9.2,14.01,4106.582004255427,3.7267891082494353,-143.1903490575707,5,1
2012-02-24 23:24:00.765369+00:00,5.79,12.41,18.86,3666.143371070684,3.200438291202972,-144.2430506916636,5,1
2012-02-24 23:28:00.765351+00:00,5.79,12.41,18.86,3666.143371070684,3.904924709336009,-142.83407785539748,5,1
2012-02-24 23:31:00.765337+00:00,5.79,12.41,18.86,3576.833270468532,3.904924709336009,-142.83407785539748,5,1
2012-02-24 23:35:00.765318+00:00,5.79,12.41,18.86,3666.143371070684,3.904924709336009,-142.83407785539748,5,1
2012-02-24 23:38:00.765305+00:00,5.82,12.48,18.96,3666.143371070684,4.031346853590535,-142.58123356688847,5,1
2012-02-24 23:42:00.765286+00:00,9.4,19.66,29.75,3952.277812969117,4.070036424249897,-142.50385442556973,4,1
2012-02-24 23:45:00.765273+00:00,8.71,18.29,27.7,2439.859509829029,4.363447830970344,-141.91703161212885,4,1
2012-02-24 23:53:00.765236+00:00,8.88,18.64,28.21,846.4262325042633,4.1087259949092605,-142.426475284251,3,1
2012-02-25 00:00:00.766700+00:00,7.98,16.82,25.49,536.5348659341654,0.34042332848395007,-149.6451344695525,2,1
2012-02-25 00:07:00.766668+00:00,7.98,16.82,25.49,540.5684987651076,0.6808466569679001,-148.9642878125846,3,1
2012-02-25 00:15:00.766631+00:00,8.58,18.03,27.3,705.1593804948909,3.0272606789324503,-144.2714597686555,4,1
2012-02-25 00:18:00.766618+00:00,8.65,18.18,27.53,707.1880824226771,3.0870020948520778,-144.15197693681625,3,1
2012-02-25 00:22:00.766599+00:00,8.65,18.18,27.53,756.0316799095492,3.2081473760440464,-143.90968637443228,4,1
2012-02-25 00:29:00.766567+00:00,8.67,18.22,27.59,1109.2278242075454,6.014146898425071,-138.29768732967023,4,1
2012-02-25 00:33:00.766549+00:00,6.83,14.53,22.05,2067.5826288210023,5.999539745150635,-138.32690163621913,4,1
2012-02-25 00:37:00.766531+00:00,6.59,14.04,21.31,2721.584886623336,3.329292657236014,-143.66739581204837,5,1
2012-02-25 00:40:00.766517+00:00,6.59,14.04,21.31,2931.749501370323,5.570703763485872,-139.18457359954866,4,1
2012-02-25 00:44:00.766499+00:00,6.56,13.97,21.21,2721.584886623336,2.4716206939064884,-145.38273973870741,3,1
2012-02-25 00:54:00.766453+00:00,6.07,12.98,19.72,981.4429094265147,4.0190044541055885,-142.28797221830922,1,1
2012-02-25 01:05:00.766402+00:00,5.65,12.13,18.44,24922763.479979306,3.495045615971958,-143.33588989457647,9,1
2012-02-25 01:09:00.766384+00:00,5.63,12.1,18.39,23812810.29010052,3.928418416297237,-142.46914429392592,12,1
2012-02-25 01:12:00.766370+00:00,5.63,12.1,18.39,23812810.29010052,3.928418416297237,-142.46914429392592,12,1
2012-02-25 01:13:00.766366+00:00,5.63,12.1,18.39,22702857.10022174,4.361791216622516,-141.60239869327538,13,2
2012-02-25 01:14:00.766361+00:00,5.63,12.1,18.39,22702857.10022174,4.361791216622516,-141.60239869327538,13,3
2012-02-25 01:15:00.766357+00:00,5.63,12.1,18.39,22702857.10022174,4.361791216622516,-141.60239869327538,13,3
2012-02-25 01:16:00.766352+00:00,5.63,12.1,18.39,23812810.29010052,3.928418416297237,-142.46914429392592,12,1
2012-02-25 01:23:00.766320+00:00,5.66,12.16,18.49,22702857.10022174,5.798427021678736,-138.72912708316292,11,1
2012-02-25 01:26:00.766306+00:00,5.83,12.51,19.01,2685.304285729243,14.8351042896927,-120.65577254713499,4,1
2012-02-25 01:30:00.766288+00:00,5.83,12.51,19.01,2685.304285729243,14.8351042896927,-120.65577254713499,4,1
2012-02-25 01:34:00.766270+00:00,5.83,12.51,19.01,3292.3986947949506,9.631101122216227,-131.06377888208795,3,1
2012-02-25 01:49:00.766201+00:00,5.19,11.2,17.04,17203.83147092161,4.829520383150881,-140.66694036021863,3,1
2012-02-25 01:53:00.766183+00:00,9.14,19.14,28.97,19083.50223591084,4.7308417887533984,-140.8642975490136,4,1
2012-02-25 01:56:00.766169+00:00,9.14,19.14,28.97,19083.50223591084,4.7308417887533984,-140.8642975490136,4,1
2012-02-25 02:00:00.766151+00:00,9.14,19.14,28.97,19083.50223591084,6.7246888375204446,-136.8766034514795,4,1
2012-02-25 02:07:00.766119+00:00,9.1,19.06,28.85,11918.179634849785,6.3989074030985424,-137.5281663203233,4,1
2012-02-25 02:11:00.766100+00:00,8.21,17.29,26.2,2871.2254327860774,7.573440368940982,-135.17910038863843,4,1
2012-02-25 02:14:00.766087+00:00,8.21,17.29,26.2,2871.2254327860774,7.573440368940982,-135.17910038863843,4,1
2012-02-25 02:17:00.766073+00:00,0.0,0.02,0.04,3368.7453937869354,7.093930938628664,-136.13811924926307,5,1
2012-02-25 02:25:00.766036+00:00,1.68,3.76,5.75,4747.6987122445225,6.0673102455720676,-138.19136063537624,4,1
2012-02-25 02:28:00.766022+00:00,1.68,3.76,5.75,6428.74831155951,6.0673102455720676,-138.19136063537624,4,1
2012-02-25 02:32:00.766004+00:00,1.68,3.76,5.75,5186.851111892144,5.839559917496808,-138.64686129152676,5,1
2012-02-25 02:35:00.765990+00:00,6.27,13.39,20.34,4308.546312596903,5.839559917496808,-138.64686129152676,5,1
2012-02-25 02:39:00.765972+00:00,6.27,13.39,20.34,5186.851111892144,6.013824342248447,-138.2983324420235,5,1
2012-02-25 02:43:00.765954+00:00,6.27,13.39,20.34,12586.361562749718,6.422577637780202,-137.48082585095995,5,1
2012-02-25 02:46:00.765940+00:00,8.9,18.67,28.27,5180.901800243687,6.5157829653609225,-137.29441519579854,5,1
2012-02-25 02:50:00.765922+00:00,8.9,18.67,28.27,5180.901800243687,6.5157829653609225,-137.29441519579854,5,1
2012-02-25 02:53:00.765908+00:00,8.9,18.67,28.27,9345.107793424855,6.264803653804685,-137.79637381891104,4,1
2012-02-25 02:57:00.765890+00:00,7.11,15.1,22.9,8186.231022559117,5.993740110148152,-138.33850090622408,4,1
2012-02-25 03:04:00.765858+00:00,0.0,0.0,0.0,5133.329117530233,5.59916118054608,-139.12765876542824,4,1
2012-02-25 03:08:00.765839+00:00,8.05,16.97,25.71,5438.024718771498,5.667289221327412,-138.99140268386557,4,1
2012-02-25 03:11:00.765826+00:00,8.05,16.97,25.71,3232.103669525041,5.726625106156779,-138.87273091420684,5,1
2012-02-25 03:15:00.765807+00:00,8.05,16.97,25.71,3232.103669525041,6.105293532900093,-138.1153940607202,5,1
2012-02-25 03:18:00.765794+00:00,8.05,16.97,25.71,3232.103669525041,6.162458744696711,-138.00106363712698,5,1
2012-02-25 03:22:00.765775+00:00,4.67,10.13,15.41,3232.103669525041,6.105293532900093,-138.1153940607202,5,1
2012-02-25 03:25:00.765762+00:00,4.67,10.13,15.41,3537.4488762519663,6.105293532900093,-138.1153940607202,5,1
2012-02-25 03:29:00.765743+00:00,0.87,1.95,2.98,5330.081367959333,6.162458744696711,-138.00106363712698,5,1
2012-02-25 03:32:00.765729+00:00,0.87,1.95,2.98,32920.474972245844,6.162458744696711,-138.00106363712698,5,1
2012-02-25 03:36:00.765711+00:00,0.87,1.95,2.98,32920.474972245844,6.247758033364974,-137.83046505979044,5,1
2012-02-25 03:39:00.765697+00:00,0.87,1.95,2.98,36470.89281056722,6.4090354998402,-137.50791012684,4,1
2012-02-25 03:43:00.765679+00:00,0.87,1.95,2.98,55857.94620920814,6.592673460901258,-137.14063420471786,4,1
2012-02-25 03:50:00.765647+00:00,0.0,0.0,0.0,3527.9805929913973,6.615033955487091,-137.0959132155462,3,1
2012-02-25 03:57:00.765615+00:00,0.0,0.02,0.01,8582.14118727599,6.44987642655702,-137.42622827340637,4,1
2012-02-25 04:00:00.765601+00:00,0.0,0.02,0.01,3065.8326626857465,6.4726286323802205,-137.38072386175995,4,1
2012-02-25 04:04:00.765583+00:00,0.0,0.02,0.01,4527.17445071328,6.781002491111591,-136.7639761442972,5,1
2012-02-25 04:07:00.765569+00:00,0.0,0.02,0.01,9528.359728355072,6.781002491111591,-136.7639761442972,5,1
2012-02-25 04:11:00.765551+00:00,1.88,4.2,6.42,4527.17445071328,6.781002491111591,-136.7639761442972,5,1
2012-02-25 04:14:00.765537+00:00,1.88,4.2,6.42,2186.2931543569753,6.572099797687395,-137.1817815311456,5,1
2012-02-25 04:18:00.765519+00:00,1.75,3.91,5.98,2958.922658631147,6.315809665940744,-137.6943617946389,5,1
2012-02-25 04:22:00.765501+00:00,1.75,3.91,5.98,2958.922658631147,6.008840249155858,-138.30830062820868,5,1
2012-02-25 04:25:00.765487+00:00,3.35,7.38,11.25,2958.922658631147,6.008840249155858,-138.30830062820868,5,1
2012-02-25 04:29:00.765469+00:00,0.0,0.0,0.0,3741.265349056583,5.699300308454464,-138.92738050961142,4,1
2012-02-25 04:32:00.765455+00:00,0.0,0.0,0.0,3741.265349056583,5.733748808087259,-138.85848351034588,4,1
2012-02-25 04:39:00.765423+00:00,0.0,0.0,0.0,5298.709695975374,6.07773724842145,-138.17050662967748,3,1
2012-02-25 04:43:00.765404+00:00,0.0,0.0,0.0,4015.104641750456,6.421526103027286,-137.48292892046578,2,1
2012-02-25 04:54:00.765354+00:00,7.71,16.29,24.7,29983.28326253417,5.878903138620631,-138.56817484927913,3,1
2012-02-25 04:57:00.765340+00:00,7.66,16.19,24.54,33099.251415514016,6.054214228523097,-138.2175526694742,4,1
2012-02-25 05:01:00.765322+00:00,7.66,16.19,24.54,29983.28326253417,6.229525318425562,-137.86693048966927,5,1
2012-02-25 05:04:00.765308+00:00,7.66,16.19,24.54,12212.360360058354,6.6185337062507585,-137.08891371401887,5,1
2012-02-25 05:08:00.765290+00:00,7.98,16.82,25.49,22837.59637726601,7.246283255465249,-135.8334146155899,4,1
2012-02-25 05:11:00.765276+00:00,7.11,15.1,22.9,9459.973186038174,7.8740328046797385,-134.57791551716093,3,1
2012-02-25 05:26:00.765208+00:00,0.0,0.0,0.0,16017.790032419907,11.878677709695385,-126.56862570712966,2,1
2012-02-25 05:29:00.765194+00:00,0.0,0.0,0.0,16017.790032419907,11.878677709695385,-126.56862570712966,2,1
2012-02-25 05:40:00.765144+00:00,0.0,0.0,0.0,16817.664737171785,8.077467023002402,-134.1710470805156,3,1
2012-02-25 05:43:00.765130+00:00,0.0,0.0,0.0,14339.031366465677,8.26350344404593,-133.79897423842849,4,1
2012-02-25 05:47:00.765112+00:00,0.0,0.0,0.0,11860.397995759564,8.449539865089458,-133.42690139634146,5,1
2012-02-25 05:50:00.765098+00:00,0.0,0.0,0.0,7662.723936202055,8.449539865089458,-133.42690139634146,5,1
2012-02-25 05:54:00.765079+00:00,0.0,0.0,0.0,1528.4978553977958,8.077467023002402,-134.1710470805156,5,1
2012-02-25 05:58:00.765061+00:00,0.0,0.0,0.0,1352.539800522477,8.272072381240728,-133.78183636403892,4,1
2012-02-25 06:01:00.765047+00:00,0.0,0.0,0.0,1528.4978553977958,6.313229167905908,-137.69952279070856,3,1
2012-02-25 06:19:00.764965+00:00,5.86,12.57,19.1,45621.18267158187,4.466876369316656,-141.3922283878871,1,1
2012-02-25 06:33:00.764901+00:00,0.0,0.0,0.0,20475.045259715058,5.720546300092591,-138.8848885263352,2,1
2012-02-25 06:37:00.764883+00:00,0.0,0.0,0.0,7904.64579672298,5.614176318371293,-139.0976284897778,3,1
2012-02-25 06:44:00.764851+00:00,0.0,0.0,0.0,4471.805605534054,5.3114135027276514,-139.7031541210651,2,1
2012-02-25 06:55:00.764800+00:00,3.1,6.84,10.44,4336.015829585719,5.172768051800575,-139.98044502291924,1,1
2012-02-25 07:17:00.764700+00:00,0.0,0.0,0.0,11836.344583942646,5.131249207992735,-140.06348271053488,2,1
2012-02-25 07:21:00.764681+00:00,3.63,7.97,12.15,16725.302543004873,5.385925457994139,-139.5541302105321,3,1
2012-02-25 07:28:00.764649+00:00,3.63,7.97,12.15,16725.302543004873,5.385925457994139,-139.5541302105321,3,1
2012-02-25 07:32:00.764631+00:00,3.63,7.97,12.15,3794.7983093787248,5.385925457994139,-139.5541302105321,3,1
2012-02-25 07:39:00.764599+00:00,6.59,14.04,21.31,3243.4102971906445,5.78413086110995,-138.7577194043005,4,1
2012-02-25 07:43:00.764580+00:00,2.24,4.98,7.62,2469.3277190034632,7.6980427531098785,-134.92989562030064,4,1
2012-02-25 07:46:00.764567+00:00,2.24,4.98,7.62,3344.564475466397,6.24877251855327,-137.82843608941386,5,1
2012-02-25 07:50:00.764548+00:00,6.93,14.73,22.34,3344.564475466397,8.197558768996037,-133.9308635885283,5,1
2012-02-25 07:53:00.764535+00:00,6.93,14.73,22.34,5824.913878084886,8.197558768996037,-133.9308635885283,5,1
2012-02-25 07:57:00.764516+00:00,9.79,20.43,30.91,7768.8603564842615,6.24877251855327,-137.82843608941386,5,1
2012-02-25 08:01:00.764498+00:00,9.79,20.43,30.91,8766.37964716951,6.040277532445719,-138.24542606162896,4,1
2012-02-25 08:04:00.764484+00:00,9.76,20.39,30.85,12306.337407086177,5.832958316562682,-138.660064493395,4,1
2012-02-25 08:11:00.764452+00:00,9.76,20.39,30.85,19069.17561747009,5.635087536171409,-139.05580605417757,4,1
2012-02-25 08:15:00.764434+00:00,7.99,16.86,25.55,14463.389499278008,5.876423401025069,-138.57313432447023,4,1
2012-02-25 08:19:00.764416+00:00,7.99,16.86,25.55,5637.2036399334265,5.834134086787198,-138.65771295294599,5,1
2012-02-25 08:22:00.764402+00:00,8.01,16.9,25.6,4171.885449062083,5.9187127152629415,-138.48855569599448,5,1
2012-02-25 08:26:00.764384+00:00,7.99,16.86,25.55,1713.1825265613284,5.93300314784851,-138.45997483082337,5,1
2012-02-25 08:30:00.764365+00:00,7.99,16.86,25.55,4171.885449062083,5.93300314784851,-138.45997483082337,5,1
2012-02-25 08:33:00.764352+00:00,3.12,6.87,10.49,2942.533987811705,5.745226221746927,-138.83552868302655,4,1
2012-02-25 08:37:00.764333+00:00,6.11,13.08,19.86,6284.473266175964,6.311759912424856,-137.7024613016707,4,1
2012-02-25 08:44:00.764301+00:00,6.11,13.08,19.86,11360.328273093495,7.4461098249427975,-135.4337614766348,2,1
2012-02-25 08:55:00.764251+00:00,9.66,20.18,30.54,14592.439989809505,3.5647716502858664,-143.19643782594866,3,1
2012-02-25 08:59:00.764233+00:00,10.23,21.32,32.25,16761.737606210478,3.883025186534685,-142.559930753451,4,1
2012-02-25 09:02:00.764219+00:00,10.19,21.24,32.12,14592.439989809505,3.5647716502858664,-143.19643782594866,5,1
2012-02-25 09:06:00.764201+00:00,7.37,15.6,23.66,18931.03522261145,3.5647716502858664,-143.19643782594866,5,1
2012-02-25 09:10:00.764182+00:00,7.37,15.6,23.66,18931.03522261145,4.846318712677078,-140.63334370116624,5,1
2012-02-25 09:13:00.764169+00:00,7.18,15.23,23.1,16400.469569190343,5.118055517519123,-140.08987009148214,5,1
2012-02-25 09:17:00.764150+00:00,0.0,0.02,0.0,22470.528096468995,4.193500272613892,-141.93898058129258,6,1
2012-02-25 09:21:00.764132+00:00,7.26,15.4,23.35,47354.38140070952,4.846318712677078,-140.63334370116624,9,1
2012-02-25 09:25:00.764114+00:00,7.26,15.4,23.35,41398.39141384411,4.463382602257368,-141.39921592200562,9,1
2012-02-25 09:26:00.764109+00:00,7.26,15.4,23.35,44376.38640727682,4.654850657467224,-141.01627981158597,10,1
2012-02-25 09:27:00.764104+00:00,7.26,15.4,23.35,47354.38140070952,4.463382602257368,-141.39921592200562,9,1
2012-02-25 09:28:00.764100+00:00,7.26,15.4,23.35,47354.38140070952,4.463382602257368,-141.39921592200562,9,1
2012-02-25 09:29:00.764095+00:00,7.26,15.4,23.35,44376.38640727682,4.917387525267152,-140.4912060759861,10,1
2012-02-25 09:30:00.764091+00:00,7.26,15.4,23.35,44376.38640727682,4.917387525267152,-140.4912060759861,10,1
2012-02-25 09:32:00.764082+00:00,7.26,15.4,23.35,47354.38140070952,4.463382602257368,-141.39921592200562,9,1
2012-02-25 09:35:00.764068+00:00,7.26,15.4,23.35,49278.52800782618,4.4444751620425365,-141.43703080243532,10,1
2012-02-25 09:39:00.764049+00:00,7.3,15.47,23.45,60116.50400672728,5.116601460820256,-140.09277820487992,7,1
2012-02-25 09:43:00.764031+00:00,1.21,2.72,4.17,51202.67461494284,5.116601460820256,-140.09277820487992,5,1
2012-02-25 09:46:00.764017+00:00,7.42,15.71,23.81,38719.580233144414,4.968558142791528,-140.38886484093734,5,1
2012-02-25 09:50:00.763999+00:00,7.42,15.71,23.81,56305.48735715085,4.9166432585966255,-140.49269460932717,4,1
2012-02-25 09:53:00.763985+00:00,7.42,15.71,23.81,18553.630800765717,4.9166432585966255,-140.49269460932717,4,1
2012-02-25 10:01:00.763949+00:00,3.68,8.06,12.29,4019.4910763957178,3.1934078495330085,-143.93916542745438,5,1
2012-02-25 10:04:00.763935+00:00,6.91,14.7,22.3,4019.4910763957178,3.1934078495330085,-143.93916542745438,5,1
2012-02-25 10:08:00.763917+00:00,6.91,14.7,22.3,4019.4910763957178,3.1934078495330085,-143.93916542745438,5,1
2012-02-25 10:09:00.763912+00:00,6.91,14.7,22.3,9832.638020287604,3.231340157899016,-143.86330081072236,6,1
2012-02-25 10:12:00.763898+00:00,6.91,14.7,22.3,15645.784964179486,3.2692724662650234,-143.78743619399037,5,1
2012-02-25 10:19:00.763866+00:00,6.91,14.7,22.3,47816.37195685422,8.626818038314475,-133.07234504989142,4,1
2012-02-25 10:22:00.763853+00:00,0.0,0.0,0.0,47816.37195685422,8.863656104213133,-132.59866891809412,4,1
2012-02-25 10:26:00.763834+00:00,0.0,0.0,0.0,40528.4565872671,8.70308801651111,-132.91980509349816,5,1
2012-02-25 10:29:00.763821+00:00,7.28,15.43,23.4,35058.33078906839,8.550548060117839,-133.2248850062847,5,1
2012-02-25 10:33:00.763802+00:00,7.28,15.43,23.4,35058.33078906839,4.961320076648205,-140.403340973224,5,1
2012-02-25 10:37:00.763784+00:00,7.28,15.43,23.4,19435.189068522788,4.961320076648205,-140.403340973224,5,1
2012-02-25 10:40:00.763770+00:00,0.0,0.0,0.0,11436.966207315327,4.961320076648205,-140.403340973224,5,1
2012-02-25 10:44:00.763752+00:00,9.36,19.58,29.63,4804.706446522011,4.961320076648205,-140.403340973224,5,1
2012-02-25 10:47:00.763738+00:00,0.0,0.0,0.0,4804.706446522011,5.217556815079951,-139.8908674963605,5,1
2012-02-25 10:51:00.763720+00:00,0.0,0.0,0.0,4538.536875639173,5.240709383883222,-139.84456235875396,4,1
2012-02-25 10:55:00.763702+00:00,0.0,0.0,0.0,26968.05696707105,4.739307296192604,-140.84736653413518,4,1
2012-02-25 11:02:00.763670+00:00,0.0,0.0,0.0,49701.92360108092,4.821562195512447,-140.68285673549548,4,1
2012-02-25 11:05:00.763656+00:00,9.14,19.14,28.97,48325.8833468708,4.562307359143449,-141.2013664082335,4,1
2012-02-25 11:09:00.763638+00:00,7.03,14.93,22.65,46379.326979199875,4.70879140424324,-140.9083983180339,5,1
2012-02-25 11:12:00.763624+00:00,7.03,14.93,22.65,17847.31307493525,4.70879140424324,-140.9083983180339,5,1
2012-02-25 11:16:00.763605+00:00,7.03,14.93,22.65,17847.31307493525,4.745352279948493,-140.8352765666234,5,1
2012-02-25 11:20:00.763587+00:00,7.03,14.93,22.65,15513.252366479883,4.745352279948493,-140.8352765666234,5,1
2012-02-25 11:23:00.763573+00:00,7.03,14.93,22.65,15513.252366479883,4.978270482133949,-140.36944016225252,5,1
2012-02-25 11:27:00.763555+00:00,6.03,12.92,19.62,4748.387568027432,5.957992907274357,-138.40999531197167,5,1
2012-02-25 11:30:00.763541+00:00,6.03,12.92,19.62,4221.692742542211,6.135183873611788,-138.0556133792968,4,1
2012-02-25 11:34:00.763523+00:00,10.06,20.98,31.73,4221.692742542211,6.135183873611788,-138.0556133792968,4,1
2012-02-25 11:41:00.763491+00:00,10.06,20.98,31.73,3694.9979170569904,6.3429058973691035,-137.6401693317822,3,1
2012-02-25 11:48:00.763459+00:00,10.06,20.98,31.73,6363.665036779716,6.453805027037437,-137.4183710724455,4,1
2012-02-25 11:51:00.763445+00:00,5.45,11.73,17.83,1736.339205031645,6.564704156705768,-137.19657281310884,3,1
2012-02-25 11:55:00.763427+00:00,5.45,11.73,17.83,3249.5282116889116,6.314903086843642,-137.6961749528331,4,1
2012-02-25 12:02:00.765391+00:00,3.35,7.38,11.25,9903.162300164704,-1.1617305655642527,-154.69670605250792,2,1
2012-02-25 12:17:00.765322+00:00,3.37,7.41,11.3,28982.721974750482,6.147926951904153,-140.07739101757107,3,1
2012-02-25 12:20:00.765308+00:00,0.0,0.0,0.0,36090.945061344486,5.947442246582758,-140.47836042821388,4,1
2012-02-25 12:24:00.765290+00:00,0.0,0.0,0.0,36090.945061344486,5.947442246582758,-140.47836042821388,4,1
2012-02-25 12:27:00.765276+00:00,0.0,0.0,0.0,36090.945061344486,5.947442246582758,-140.47836042821388,4,1
2012-02-25 12:35:00.765240+00:00,0.0,0.0,0.0,39050.53615849865,4.734212853581778,-142.90481921421585,2,1
2012-02-25 12:49:00.765176+00:00,0.0,0.0,0.0,12353.880460845141,3.3294264926981567,-145.7143919359831,2,1
2012-02-25 12:53:00.765157+00:00,0.0,0.0,0.0,12353.880460845141,3.3294264926981567,-145.7143919359831,2,1
2012-02-25 13:04:00.765107+00:00,0.0,0.0,0.0,7043.838535879124,3.9408713067905263,-144.49150230779836,3,1
2012-02-25 13:08:00.765089+00:00,0.0,0.0,0.0,7689.027319327529,3.590900385170876,-145.1914441510377,4,1
2012-02-25 13:11:00.765075+00:00,0.0,0.0,0.0,8334.216102775938,3.6842637718337117,-145.00471737771196,5,1
2012-02-25 13:15:00.765057+00:00,0.0,0.0,0.0,8334.216102775938,3.6842637718337117,-145.00471737771196,5,1
2012-02-25 13:18:00.765043+00:00,0.0,0.0,0.0,9989.959561031272,3.4625966176924687,-145.44805168599447,4,1
2012-02-25 13:22:00.765025+00:00,0.0,0.0,0.0,11645.70301928661,3.6842637718337117,-145.00471737771196,3,1
2012-02-25 13:33:00.764974+00:00,0.0,0.0,0.0,4969.947181876716,4.571188099805017,-143.23086872176938,3,1
2012-02-25 13:37:00.764956+00:00,0.0,0.0,0.0,3434.055173266393,5.078759034830339,-142.2157268517187,4,1
2012-02-25 13:40:00.764942+00:00,0.0,0.0,0.0,2829.448992214222,4.6158232156552055,-143.14159849006901,5,1
2012-02-25 13:44:00.764924+00:00,0.0,0.0,0.0,2829.448992214222,5.366349977240674,-141.64054496689806,5,1
2012-02-25 13:47:00.764910+00:00,0.0,0.0,0.0,2829.448992214222,5.586329969855663,-141.2005849816681,5,1
2012-02-25 13:51:00.764892+00:00,0.0,0.0,0.0,2829.448992214222,5.366349977240674,-141.64054496689806,5,1
2012-02-25 13:54:00.764878+00:00,0.0,0.0,0.0,4264.391654079493,4.6158232156552055,-143.14159849006901,5,1
2012-02-25 13:58:00.764860+00:00,0.0,0.0,0.0,31057.902475725743,3.4397662985224753,-145.49371232433447,5,1
2012-02-25 14:02:00.764841+00:00,0.0,0.0,0.0,33422.72803343238,3.4321136398479624,-145.5090176416835,5,1
2012-02-25 14:05:00.764828+00:00,0.0,0.0,0.0,43316.754577310676,3.2615185672089484,-145.8502077869615,4,1
2012-02-25 14:09:00.764809+00:00,0.0,0.0,0.0,53210.781121188964,3.0909234945699344,-146.19139793223954,3,1
2012-02-25 14:24:00.764741+00:00,0.0,0.0,0.0,5715.022554664875,4.6992984326504414,-142.97464805607854,2,1
2012-02-25 14:31:00.764709+00:00,0.0,0.0,0.0,904.3264211281123,5.3460165249975935,-141.68121187138422,3,1
2012-02-25 14:38:00.764677+00:00,0.0,0.0,0.0,867.8603779022353,5.134865173688851,-142.1035145740017,4,1
2012-02-25 14:42:00.764658+00:00,0.0,0.0,0.0,1292.3734488651871,5.802822033975304,-140.76760085342883,4,1
2012-02-25 14:45:00.764645+00:00,0.0,0.0,0.0,1292.3734488651871,5.802822033975304,-140.76760085342883,4,1
2012-02-25 14:49:00.764626+00:00,0.0,0.0,0.0,1753.3525630540162,4.923713822380108,-142.5258172766192,3,1
2012-02-25 15:10:00.764530+00:00,0.0,0.0,0.0,2652.9638574366163,8.698126631638543,-134.97699165810232,1,1
2012-02-25 15:20:00.764484+00:00,0.0,0.0,0.0,18200.08830289213,6.097092135519597,-140.1790606503402,3,1
2012-02-25 15:24:00.764466+00:00,8.94,18.75,28.39,22769.705855771866,6.089957636873328,-140.19332964763277,4,1
2012-02-25 15:27:00.764452+00:00,8.94,18.75,28.39,22769.705855771866,6.089957636873328,-140.19332964763277,4,1
2012-02-25 15:31:00.764434+00:00,8.94,18.75,28.39,27339.323408651602,6.082823138227056,-140.2075986449253,3,1
2012-02-25 15:45:00.764370+00:00,0.0,0.0,0.0,11098.273842053066,7.1095405771666025,-138.1541637670462,2,1
2012-02-25 15:52:00.764338+00:00,0.0,0.0,0.0,11098.273842053066,7.1095405771666025,-138.1541637670462,2,1
2012-02-25 16:03:00.764288+00:00,0.0,0.0,0.0,1311.8787372491272,4.6355044925483035,-143.1022359362828,3,1
2012-02-25 16:06:00.764274+00:00,0.0,0.0,0.0,1544.4042971757337,4.347901670036035,-143.6774415813073,4,1
2012-02-25 16:10:00.764256+00:00,0.0,0.0,0.0,1544.4042971757337,4.347901670036035,-143.6774415813073,4,1
2012-02-25 16:13:00.764242+00:00,0.0,0.0,0.0,1292.3723219898154,3.433933058848705,-145.505378803682,4,1
2012-02-25 16:21:00.764205+00:00,6.91,14.7,22.3,1067.662295502422,2.7529824433837264,-146.86728003461198,4,1
2012-02-25 16:24:00.764191+00:00,6.91,14.7,22.3,843.7407421758086,2.215275280729568,-147.94269435992027,3,1
2012-02-25 16:28:00.764173+00:00,6.91,14.7,22.3,1067.662295502422,2.2875122973319377,-147.79822032671552,4,1
2012-02-25 16:35:00.764141+00:00,8.67,18.22,27.59,2100.2288873398943,2.2875122973319377,-147.79822032671552,8,1
2012-02-25 16:39:00.764123+00:00,8.67,18.22,27.59,2393.135216917077,2.4602895398840783,-147.45266584161126,8,1
2012-02-25 16:40:00.764118+00:00,8.67,18.22,27.59,2393.135216917077,2.4602895398840783,-147.45266584161126,8,1
2012-02-25 16:41:00.764114+00:00,8.67,18.22,27.59,2254.301174557496,2.5608297658338475,-147.25158538971172,9,1
2012-02-25 16:42:00.764109+00:00,8.67,18.22,27.59,2254.301174557496,2.5608297658338475,-147.25158538971172,9,1
2012-02-25 16:43:00.764104+00:00,8.67,18.22,27.59,2254.301174557496,2.5608297658338475,-147.25158538971172,9,1
2012-02-25 16:45:00.764095+00:00,8.67,18.22,27.59,2254.301174557496,2.5608297658338475,-147.25158538971172,9,1
2012-02-25 16:46:00.764091+00:00,8.67,18.22,27.59,2393.135216917077,3.124784044060213,-146.12367683325897,8,1
2012-02-25 16:51:00.764068+00:00,8.67,18.22,27.59,2254.301174557496,17.854878556407538,-116.66348780856433,7,1
2012-02-25 16:57:00.764040+00:00,10.28,21.41,32.38,1453.7357303903286,24.011743986439622,-104.34975694850016,8,1
2012-02-25 16:58:00.764036+00:00,10.28,21.41,32.38,1453.7357303903286,24.011743986439622,-104.34975694850016,8,1
2012-02-25 17:02:00.764017+00:00,10.28,21.41,32.38,1453.7357303903286,24.011743986439622,-104.34975694850016,8,1
2012-02-25 17:03:00.764013+00:00,10.28,21.41,32.38,1770.4462236494146,24.079618767535766,-104.21400738630787,9,1
2012-02-25 17:04:00.764008+00:00,10.28,21.41,32.38,1453.7357303903286,24.011743986439622,-104.34975694850016,10,1
2012-02-25 17:05:00.764004+00:00,10.28,21.41,32.38,1770.4462236494146,24.079618767535766,-104.21400738630787,11,1
2012-02-25 17:06:00.763999+00:00,10.28,21.41,32.38,1770.4462236494146,24.079618767535766,-104.21400738630787,11,1
2012-02-25 17:10:00.763981+00:00,9.87,20.6,31.16,2490.228472782327,23.901557728869538,-104.57012946364031,13,1
2012-02-25 17:13:00.763967+00:00,9.38,19.62,29.69,3406.3788844242995,23.710335423968438,-104.95257407344252,14,1
2012-02-25 17:14:00.763963+00:00,9.38,19.62,29.69,3435.9369006698357,23.690677526131893,-104.99188986911562,13,1
2012-02-25 17:15:00.763958+00:00,9.38,19.62,29.69,3435.9369006698357,23.66761529966073,-105.03801432205795,13,1
2012-02-25 17:17:00.763949+00:00,9.38,19.62,29.69,3622.8098372280333,23.628346733249845,-105.11655145487973,12,1
2012-02-25 17:18:00.763944+00:00,9.38,19.62,29.69,3622.8098372280333,23.628346733249845,-105.11655145487973,12,1
2012-02-25 17:19:00.763940+00:00,9.38,19.62,29.69,3622.8098372280333,23.628346733249845,-105.11655145487973,12,1
2012-02-25 17:20:00.763935+00:00,9.38,19.62,29.69,3809.6827737862322,23.589078166838966,-105.19508858770149,11,1
2012-02-25 17:21:00.763931+00:00,9.38,19.62,29.69,3809.6827737862322,23.589078166838966,-105.19508858770149,11,1
2012-02-25 17:22:00.763926+00:00,9.38,19.62,29.69,3809.6827737862322,23.589078166838966,-105.19508858770149,11,1
2012-02-25 17:23:00.763921+00:00,9.38,19.62,29.69,4648.9889958624135,23.456530065549764,-105.46018479027988,10,1
2012-02-25 17:25:00.763912+00:00,9.38,19.62,29.69,6269.046653066223,23.3493978197097,-105.67444928196001,8,1
2012-02-25 17:39:00.763848+00:00,0.0,0.02,0.0,980.3683615397644,22.66100609482959,-107.05123273172022,2,1
2012-02-25 17:44:00.763825+00:00,0.0,0.02,0.0,891.8628747410988,23.54511487380275,-105.28301517377392,3,1
2012-02-25 17:50:00.763798+00:00,0.0,0.02,0.0,887.3845840032276,21.059962327827687,-110.25332026572404,2,1
2012-02-25 18:05:00.763729+00:00,9.81,20.47,30.97,1503.8518529299338,3.586746880297852,-145.1997511607837,1,1
2012-02-25 18:20:00.763660+00:00,0.0,0.0,0.0,2330.4751102400705,3.1660588120247946,-146.0411272973298,3,1
2012-02-25 18:23:00.763647+00:00,0.0,0.0,0.0,2330.4751102400705,3.1660588120247946,-146.0411272973298,3,1
2012-02-25 18:27:00.763628+00:00,0.0,0.0,0.0,2330.4751102400705,3.1660588120247946,-146.0411272973298,3,1
2012-02-25 18:38:00.763578+00:00,6.64,14.14,21.46,2004.4701072588987,3.613497727763936,-145.14624946585155,3,1
2012-02-25 18:41:00.763564+00:00,6.64,14.14,21.46,2238.1935833413127,3.8856168374976163,-144.6020112463842,4,1
2012-02-25 18:45:00.763546+00:00,7.85,16.57,25.12,2471.9170594237266,4.157735947231295,-144.05777302691683,5,1
2012-02-25 18:48:00.763532+00:00,7.85,16.57,25.12,2697.123446052451,4.102965888808376,-144.1673131437627,5,1
2012-02-25 18:52:00.763514+00:00,7.85,16.57,25.12,3059.539374242789,4.130350918019836,-144.11254308533975,4,1
2012-02-25 18:56:00.763496+00:00,7.85,16.57,25.12,3421.955302433128,4.157735947231295,-144.05777302691683,3,1
2012-02-25 19:10:00.763432+00:00,0.0,0.0,0.0,11207.481874614707,3.720971907039908,-144.9313011072996,2,1
2012-02-25 19:17:00.763400+00:00,0.0,0.0,0.0,11207.481874614707,3.720971907039908,-144.9313011072996,2,1
2012-02-25 19:31:00.763335+00:00,8.92,18.71,28.33,24955.421941007917,5.751305478957418,-140.87063396346457,3,1
2012-02-25 19:35:00.763317+00:00,8.92,18.71,28.33,21207.099289250626,5.378260371645272,-141.61672417808887,4,1
2012-02-25 19:38:00.763303+00:00,2.06,4.6,7.04,21207.099289250626,5.378260371645272,-141.61672417808887,4,1
2012-02-25 19:42:00.763285+00:00,1.79,4.01,6.13,9998.649225312738,5.378260371645272,-141.61672417808887,4,1
2012-02-25 19:49:00.763253+00:00,1.79,4.01,6.13,2538.5218131321403,5.005215264333126,-142.36281439271318,3,1
2012-02-25 19:53:00.763235+00:00,1.79,4.01,6.13,10576.046322440887,5.4184699193782455,-141.5363050826229,2,1
2012-02-25 20:15:00.763134+00:00,0.0,0.0,0.0,2135.9132017225347,4.369120235389154,-143.63500445060112,2,1
2012-02-25 20:18:00.763120+00:00,0.0,0.0,0.0,2135.9132017225347,4.369120235389154,-143.63500445060112,2,1
2012-02-25 20:29:00.763070+00:00,0.0,0.0,0.0,2824.684880204336,4.566937715650148,-143.23936949007913,2,1
2012-02-25 20:33:00.763052+00:00,0.0,0.0,0.0,3432.0732948699574,4.46053380817003,-143.45217730503936,3,1
2012-02-25 20:40:00.763020+00:00,0.0,0.0,0.0,9382.728326857012,4.329022964790804,-143.71519899179782,2,1
2012-02-25 20:54:00.762955+00:00,0.0,0.0,0.0,50593.33365356418,4.9200420213525655,-142.53316087867432,3,1
2012-02-25 20:58:00.762937+00:00,0.0,0.0,0.0,47641.74356848867,4.756680073210892,-142.8598847749576,4,1
2012-02-25 21:01:00.762923+00:00,0.0,0.0,0.0,44690.15348341317,4.593318125069217,-143.18660867124098,5,1
2012-02-25 21:05:00.762905+00:00,0.0,0.0,0.0,37797.261877026205,4.9200420213525655,-142.53316087867432,5,1
2012-02-25 21:09:00.762887+00:00,0.0,0.0,0.0,3901.557296421889,4.186761864354182,-143.99972119267102,5,1
2012-02-25 21:12:00.762873+00:00,0.0,0.0,0.0,3901.557296421889,4.186761864354182,-143.99972119267102,5,1
2012-02-25 21:16:00.762855+00:00,0.0,0.0,0.0,3901.557296421889,4.303391648998619,-143.76646162338216,5,1
2012-02-25 21:20:00.762836+00:00,0.0,0.0,0.0,3901.557296421889,4.303391648998619,-143.76646162338216,5,1
2012-02-25 21:24:00.762818+00:00,0.0,0.0,0.0,3952.524032749706,3.911931061822557,-144.54938279773432,4,1
2012-02-25 21:27:00.762804+00:00,0.0,0.0,0.0,4003.490769077524,4.303391648998619,-143.76646162338216,3,1
2012-02-25 21:45:00.762722+00:00,0.0,0.0,0.0,5806.572198973562,4.7436818501956886,-142.88588122098804,2,1
2012-02-25 21:49:00.762704+00:00,0.0,0.0,0.0,3188.9899688732708,5.255080333775175,-141.8630842538291,3,1
2012-02-25 21:56:00.762672+00:00,0.0,0.0,0.0,3191.218403768539,5.7606758724181715,-140.85189317654306,4,1
2012-02-25 22:00:00.762653+00:00,0.0,0.0,0.0,3193.446838663808,6.056536592176701,-140.260171737026,3,1
2012-02-25 22:03:00.762640+00:00,10.28,21.41,32.38,6322.246077569953,5.7606758724181715,-140.85189317654306,4,1
2012-02-25 22:11:00.762603+00:00,0.0,0.0,0.0,6322.246077569953,6.088531456982581,-140.19618200741422,2,1
2012-02-25 22:22:00.762553+00:00,0.0,0.0,0.0,3538.287662293485,5.534599221931801,-141.3040464775158,2,1
2012-02-25 22:29:00.762521+00:00,0.0,0.0,0.0,4206.42596883301,4.78930029816715,-142.79464432504508,3,1
2012-02-25 22:36:00.762489+00:00,0.0,0.0,0.0,26696.793446349926,4.513017661417198,-143.34720959854505,4,1
2012-02-25 22:40:00.762470+00:00,0.0,0.0,0.0,26696.793446349926,4.425515980058993,-143.52221296126143,4,1
2012-02-25 22:43:00.762457+00:00,0.0,0.0,0.0,26696.793446349926,4.425515980058993,-143.52221296126143,4,1
2012-02-25 22:47:00.762438+00:00,0.0,0.02,0.01,8129.3799072297115,4.425515980058993,-143.52221296126143,4,1
2012-02-25 22:54:00.762406+00:00,0.0,0.02,0.01,5027.088653088218,5.028540300929963,-142.3161643195195,2,1
2012-02-25 23:09:00.762338+00:00,0.0,0.0,0.0,19257.571433448,4.521419831342831,-143.33040525869376,2,1
2012-02-25 23:13:00.762319+00:00,0.0,0.0,0.0,19257.571433448,4.521419831342831,-143.33040525869376,2,1
2012-02-25 23:24:00.762269+00:00,0.0,0.0,0.0,34839.90375747451,4.579779964224837,-143.21368499292976,2,1
2012-02-25 23:31:00.762237+00:00,0.0,0.0,0.0,6891.644235565308,4.965800138581679,-142.441644644216,4,1
2012-02-25 23:35:00.762218+00:00,3.86,8.45,12.87,6891.644235565308,4.965800138581679,-142.441644644216,4,1
2012-02-25 23:38:00.762205+00:00,10.32,21.5,32.51,10762.278799475684,5.010465917069301,-142.35231308724082,5,1
2012-02-25 23:42:00.762186+00:00,10.32,21.5,32.51,14133.351317046057,5.440234333973489,-141.4927762534324,5,1
2012-02-25 23:45:00.762173+00:00,10.32,21.5,32.51,14133.351317046057,5.0222871574499415,-142.32867060647953,5,1
2012-02-25 23:49:00.762154+00:00,10.32,21.5,32.51,26789.346933348996,5.0222871574499415,-142.32867060647953,5,1
2012-02-25 23:53:00.762136+00:00,10.3,21.45,32.44,20461.349125197525,5.231260745711714,-141.91072342995597,4,1
2012-02-25 23:57:00.762118+00:00,0.0,0.0,0.0,17509.28818116973,4.913213855952536,-142.54681720947434,4,1
2012-02-26 00:04:00.761582+00:00,9.02,18.91,28.62,60449.34072776475,0.0,-150.75819253314822,3,1
2012-02-26 00:12:00.761545+00:00,9.02,18.91,28.62,36934.123807527794,5.429242782248272,-139.89970696865169,4,1
2012-02-26 00:15:00.761531+00:00,9.02,18.91,28.62,8286.450843809082,6.119292469999688,-138.51960759314883,4,1
2012-02-26 00:19:00.761513+00:00,9.02,18.91,28.62,13418.90688729084,6.293175739223336,-138.17184105470153,5,1
2012-02-26 00:22:00.761499+00:00,0.0,0.0,0.0,13418.90688729084,6.293175739223336,-138.17184105470153,5,1
2012-02-26 00:26:00.761481+00:00,0.0,0.0,0.0,19395.029278252725,6.7873008720160195,-137.18359078911618,5,1
2012-02-26 00:29:00.761467+00:00,9.1,19.06,28.85,23708.34984998772,6.871980523649503,-137.01423148584922,5,1
2012-02-26 00:33:00.761449+00:00,9.1,19.06,28.85,24482.589232173774,6.997151011615339,-136.7638905099175,5,1
2012-02-26 00:36:00.761435+00:00,4.74,10.28,15.65,57945.987526101795,6.871980523649503,-137.01423148584922,5,1
2012-02-26 00:40:00.761417+00:00,9.12,19.1,28.91,58768.21862468749,6.871980523649503,-137.01423148584922,5,1
2012-02-26 00:43:00.761403+00:00,0.0,0.0,0.0,76228.66394687719,6.195712788364442,-138.36676695641933,4,1
2012-02-26 00:47:00.761385+00:00,6.75,14.37,21.8,75817.54839758434,5.659006522457153,-139.44017948823392,4,1
2012-02-26 00:54:00.761353+00:00,6.75,14.37,21.8,21996.849261097774,5.9019762235548505,-138.95424008603848,3,1
2012-02-26 00:58:00.761334+00:00,6.75,14.37,21.8,1667.6771101454867,5.9019762235548505,-138.95424008603848,3,1
2012-02-26 01:05:00.761302+00:00,0.0,0.0,0.0,1667.6771101454867,5.275754068114871,-140.20668439691852,3,1
2012-02-26 01:13:00.761266+00:00,8.01,16.9,25.6,31161.020339593437,4.9893872076658,-140.7794181178166,4,1
2012-02-26 01:16:00.761252+00:00,0.0,0.0,0.0,76382.72636151628,4.2224764866582944,-142.31323955983163,4,1
2012-02-26 01:20:00.761234+00:00,0.0,0.0,0.0,58815.01983338874,4.934914363533854,-140.88836380608052,5,1
2012-02-26 01:23:00.761220+00:00,1.15,2.59,3.96,70628.14356595393,4.934914363533854,-140.88836380608052,5,1
2012-02-26 01:27:00.761202+00:00,1.15,2.59,3.96,70628.14356595393,3.5808989041736856,-143.59639472480086,5,1
2012-02-26 01:31:00.761183+00:00,7.45,15.77,23.92,70628.14356595393,3.5808989041736856,-143.59639472480086,5,1
2012-02-26 01:34:00.761170+00:00,7.45,15.77,23.92,70628.14356595393,3.5808989041736856,-143.59639472480086,5,1
2012-02-26 01:38:00.761151+00:00,7.45,15.77,23.92,74121.7197439826,3.3361964438852008,-144.08579964537782,5,1
2012-02-26 01:42:00.761133+00:00,7.71,16.29,24.7,74121.7197439826,3.3361964438852008,-144.08579964537782,5,1
2012-02-26 01:45:00.761119+00:00,7.69,16.26,24.64,79360.7474217143,3.2693416592831004,-144.21950921458202,5,1
2012-02-26 01:49:00.761101+00:00,8.1,17.07,25.87,74121.7197439826,3.2693416592831004,-144.21950921458202,5,1
2012-02-26 01:53:00.761083+00:00,7.8,16.47,24.96,74121.7197439826,3.950002820660312,-142.85818689182761,5,1
2012-02-26 01:56:00.761069+00:00,7.8,16.47,24.96,73506.66226832062,4.7755882466517185,-141.20701603984475,5,1
2012-02-26 02:00:00.761051+00:00,7.47,15.81,23.97,55501.29001346247,5.380586848372591,-139.99701883640304,5,1
2012-02-26 02:04:00.761032+00:00,7.45,15.77,23.92,43022.78777626232,5.380586848372591,-139.99701883640304,5,1
2012-02-26 02:07:00.761019+00:00,7.35,15.57,23.61,55501.29001346247,5.380586848372591,-139.99701883640304,5,1
2012-02-26 02:11:00.761000+00:00,8.34,17.55,26.58,55501.29001346247,5.380586848372591,-139.99701883640304,5,1
2012-02-26 02:14:00.760987+00:00,8.36,17.58,26.64,43022.78777626232,5.380586848372591,-139.99701883640304,5,1
2012-02-26 02:18:00.760968+00:00,8.41,17.69,26.8,43022.78777626232,5.1969270165301085,-140.364338500088,5,1
2012-02-26 02:22:00.760950+00:00,8.65,18.18,27.53,24169.517601864518,5.151020158649528,-140.45615221584916,5,1
2012-02-26 02:25:00.760936+00:00,8.75,18.37,27.81,24169.517601864518,6.173307850781976,-138.41157683158426,5,1
2012-02-26 02:29:00.760918+00:00,6.27,13.39,20.34,19625.86835827984,6.173307850781976,-138.41157683158426,5,1
2012-02-26 02:32:00.760904+00:00,6.19,13.24,20.1,15320.329347089775,7.621927645898238,-135.51433724135174,5,1
2012-02-26 02:36:00.760886+00:00,6.18,13.2,20.05,15320.329347089775,7.621927645898238,-135.51433724135174,5,1
2012-02-26 02:40:00.760868+00:00,9.56,19.98,30.23,15320.329347089775,7.621927645898238,-135.51433724135174,5,1
2012-02-26 02:43:00.760854+00:00,9.46,19.78,29.93,10184.289378630569,8.396627640192218,-133.96493725276378,5,1
2012-02-26 02:47:00.760835+00:00,9.46,19.78,29.93,10184.289378630569,4.697079522662172,-141.36403348782386,5,1
2012-02-26 02:51:00.760817+00:00,9.42,19.7,29.81,9547.554903645392,4.488945394321203,-141.7803017445058,4,1
2012-02-26 02:54:00.760803+00:00,9.4,19.66,29.75,9406.456808303134,3.999052881947284,-142.7600867692536,4,1
2012-02-26 03:01:00.760771+00:00,8.19,17.26,26.14,9406.456808303134,4.192689797201787,-142.37281293874463,4,1
2012-02-26 03:05:00.760753+00:00,8.23,17.33,26.25,8553.909177787671,4.971638637518233,-140.81491525811174,4,1
2012-02-26 03:09:00.760735+00:00,8.23,17.33,26.25,7205.72516762929,5.275192178547225,-140.20780817605376,5,1
2012-02-26 03:12:00.760721+00:00,8.3,17.47,26.47,5948.375305633347,5.275192178547225,-140.20780817605376,5,1
2012-02-26 03:16:00.760703+00:00,8.25,17.36,26.31,5948.375305633347,5.275192178547225,-140.20780817605376,5,1
2012-02-26 03:19:00.760689+00:00,5.1,11.02,16.76,2752.979846666914,5.816284120671682,-139.12562429180485,5,1
2012-02-26 03:23:00.760671+00:00,0.0,0.02,0.0,2752.979846666914,5.816284120671682,-139.12562429180485,5,1
2012-02-26 03:27:00.760652+00:00,0.0,0.02,0.01,9008.337735438105,5.298693020501148,-140.16080649214592,5,1
2012-02-26 03:30:00.760639+00:00,0.0,0.02,0.01,9008.337735438105,5.7343343503198705,-139.28952383250848,5,1
2012-02-26 03:34:00.760620+00:00,0.0,0.02,0.01,5170.597495226472,5.490965018933905,-139.7762624952804,5,1
2012-02-26 03:37:00.760607+00:00,0.0,0.02,0.01,5170.597495226472,5.298693020501148,-140.16080649214592,5,1
2012-02-26 03:41:00.760588+00:00,7.62,16.12,24.44,4817.803900169631,5.490965018933905,-139.7762624952804,5,1
2012-02-26 03:45:00.760570+00:00,7.99,16.86,25.55,4817.803900169631,5.7343343503198705,-139.28952383250848,5,1
2012-02-26 03:48:00.760556+00:00,8.16,17.18,26.03,4817.803900169631,7.410960817532872,-135.93627089808248,5,1
2012-02-26 03:52:00.760538+00:00,8.16,17.18,26.03,8934.871350366857,7.648848860049315,-135.4604948130496,5,1
2012-02-26 03:55:00.760524+00:00,4.73,10.25,15.6,45483.7448357693,7.648848860049315,-135.4604948130496,5,1
2012-02-26 03:59:00.760506+00:00,2.2,4.9,7.49,46805.60422105138,7.648848860049315,-135.4604948130496,5,1
2012-02-26 04:02:00.760492+00:00,8.28,17.44,26.42,65300.817311628176,7.410960817532872,-135.93627089808248,5,1
2012-02-26 04:06:00.760474+00:00,0.0,0.02,0.0,73578.51993662563,7.246615820456986,-136.26496089223426,5,1
2012-02-26 04:09:00.760460+00:00,0.0,0.02,0.0,73578.51993662563,5.7774269104051434,-139.2033387123379,5,1
2012-02-26 04:13:00.760442+00:00,7.32,15.5,23.51,79717.65235019928,5.7774269104051434,-139.2033387123379,5,1
2012-02-26 04:16:00.760428+00:00,7.32,15.5,23.51,79717.65235019928,5.7774269104051434,-139.2033387123379,5,1
2012-02-26 04:20:00.760410+00:00,7.26,15.4,23.35,79717.65235019928,7.198812821077003,-136.36056689099422,5,1
2012-02-26 04:23:00.760396+00:00,7.25,15.36,23.3,34896.88283895356,7.2695766313255366,-136.21903927049712,5,1
2012-02-26 04:27:00.760378+00:00,7.25,15.36,23.3,27950.02939258729,7.730294955336231,-135.29760262247575,5,1
2012-02-26 04:31:00.760359+00:00,5.16,11.14,16.95,15501.94979671393,7.2695766313255366,-136.21903927049712,5,1
2012-02-26 04:34:00.760346+00:00,5.16,11.14,16.95,15501.94979671393,7.2695766313255366,-136.21903927049712,5,1
2012-02-26 04:38:00.760327+00:00,2.14,4.78,7.3,15501.94979671393,7.194475470050621,-136.36924159304698,5,1
2012-02-26 04:41:00.760314+00:00,3.87,8.48,12.92,11990.42787657082,7.194475470050621,-136.36924159304698,5,1
2012-02-26 04:45:00.760295+00:00,7.0,14.86,22.54,7261.52106613737,7.133132509162983,-136.49192751482224,5,1
2012-02-26 04:48:00.760282+00:00,3.74,8.19,12.49,7261.52106613737,7.133132509162983,-136.49192751482224,5,1
2012-02-26 04:52:00.760263+00:00,3.63,7.97,12.15,8684.675514870441,7.133132509162983,-136.49192751482224,5,1
2012-02-26 04:56:00.760245+00:00,3.65,8.0,12.19,8684.675514870441,6.685271829605287,-137.38764887393762,5,1
2012-02-26 04:59:00.760231+00:00,3.62,7.93,12.1,17139.832834573746,6.459249742253434,-137.83969304864135,5,1
2012-02-26 05:03:00.760213+00:00,3.69,8.09,12.34,17139.832834573746,6.459249742253434,-137.83969304864135,5,1
2012-02-26 05:06:00.760199+00:00,6.18,13.2,20.05,17139.832834573746,6.459249742253434,-137.83969304864135,5,1
2012-02-26 05:10:00.760181+00:00,6.13,13.11,19.91,16376.876012396153,6.503968327528023,-137.75025587809216,5,1
2012-02-26 05:13:00.760167+00:00,6.18,13.2,20.05,15762.276119165082,6.503968327528023,-137.75025587809216,5,1
2012-02-26 05:17:00.760149+00:00,4.56,9.91,15.09,14823.014831682607,6.503968327528023,-137.75025587809216,5,1
2012-02-26 05:21:00.760131+00:00,0.0,0.0,0.0,14823.014831682607,6.793591705868269,-137.17100912141169,5,1
2012-02-26 05:24:00.760117+00:00,0.0,0.0,0.0,14823.014831682607,6.22495628779158,-138.30827995756505,5,1
2012-02-26 05:28:00.760098+00:00,2.55,5.66,8.64,10643.079352917046,6.22495628779158,-138.30827995756505,5,1
2012-02-26 05:32:00.760080+00:00,2.49,5.54,8.46,4700.57409217112,6.22495628779158,-138.30827995756505,5,1
2012-02-26 05:35:00.760066+00:00,9.68,20.23,30.6,4700.57409217112,6.7981018194291565,-137.16198889428992,5,1
2012-02-26 05:39:00.760048+00:00,10.34,21.54,32.57,4700.57409217112,6.2236367506741725,-138.31091903179987,5,1
2012-02-26 05:42:00.760034+00:00,10.32,21.5,32.51,5002.632688211761,6.748406439592731,-137.26137965396273,5,1
2012-02-26 05:46:00.760016+00:00,10.34,21.54,32.57,5794.444006113682,6.748406439592731,-137.26137965396273,5,1
2012-02-26 05:49:00.760002+00:00,2.56,5.69,8.7,6487.457987608251,6.7981018194291565,-137.16198889428992,5,1
2012-02-26 05:53:00.759984+00:00,9.74,20.35,30.79,8333.373153109691,6.853127090270943,-137.05193835260633,5,1
2012-02-26 05:57:00.759966+00:00,9.66,20.18,30.54,6487.457987608251,7.973128291062898,-134.81193595102243,5,1
2012-02-26 06:00:00.759952+00:00,9.64,20.14,30.48,5794.444006113682,7.973128291062898,-134.81193595102243,5,1
2012-02-26 06:04:00.759934+00:00,9.64,20.14,30.48,4752.2772722736045,7.245017653356353,-136.2681572264355,5,1
2012-02-26 06:07:00.759920+00:00,9.64,20.14,30.48,1927.1564842056396,7.245017653356353,-136.2681572264355,5,1
2012-02-26 06:11:00.759902+00:00,9.34,19.54,29.57,1447.5574188574521,7.238836209152683,-136.28052011484283,4,1
2012-02-26 06:14:00.759888+00:00,9.34,19.54,29.57,1370.0510484615934,6.949774290641606,-136.85864395186502,4,1
2012-02-26 06:21:00.759856+00:00,9.2,19.26,29.15,2974.484084029162,6.246463244808106,-138.26526604353202,4,1
2012-02-26 06:25:00.759838+00:00,0.24,0.53,0.81,3229.0353978770268,6.246463244808106,-138.26526604353202,4,1
2012-02-26 06:29:00.759819+00:00,0.01,0.02,0.03,2773.0002980303807,6.5866714138067755,-137.58484970553465,5,1
2012-02-26 06:32:00.759806+00:00,9.54,19.94,30.17,2830.5304820829583,6.5866714138067755,-137.58484970553465,5,1
2012-02-26 06:36:00.759787+00:00,0.01,0.02,0.04,2830.5304820829583,6.9831283847897305,-136.79193576356872,5,1
2012-02-26 06:39:00.759773+00:00,0.01,0.02,0.04,2801.7653900566693,7.012079049263778,-136.73403443462064,4,1
2012-02-26 06:43:00.759755+00:00,9.72,20.31,30.72,3039.531254125568,6.9131314259064265,-136.93192968133536,4,1
2012-02-26 06:50:00.759723+00:00,10.02,20.89,31.6,6298.163087242033,6.9831283847897305,-136.79193576356872,3,1
2012-02-26 06:54:00.759705+00:00,10.04,20.94,31.67,8557.962751386825,7.027660891113709,-136.7028707509208,2,1
2012-02-26 07:08:00.759641+00:00,4.59,9.97,15.18,1868.4607036299585,6.9397079134788004,-136.8787767061906,2,1
2012-02-26 07:16:00.759604+00:00,4.59,9.97,15.18,1868.4607036299585,6.9397079134788004,-136.8787767061906,2,1
2012-02-26 07:27:00.759554+00:00,4.91,10.62,16.16,1278.8440538963046,5.48894307479285,-139.7803063835625,3,1
2012-02-26 07:30:00.759540+00:00,3.59,7.87,12.0,1514.0078073486425,4.955450641814354,-140.84729124951954,4,1
2012-02-26 07:34:00.759522+00:00,3.59,7.87,12.0,1514.0078073486425,4.955450641814354,-140.84729124951954,4,1
2012-02-26 07:38:00.759503+00:00,3.59,7.87,12.0,1057.4617875964457,5.266966757537452,-140.2242590180733,4,1
2012-02-26 07:45:00.759471+00:00,3.6,7.9,12.05,836.0795212965869,6.974505204864143,-136.8091821234199,3,1
2012-02-26 07:52:00.759439+00:00,10.32,21.5,32.51,707.5165900811223,7.19579998361117,-136.36659256592588,2,1
2012-02-26 08:46:00.759192+00:00,8.1,17.07,25.87,1132.8862976878975,7.263727719618284,-136.2307370939117,2,1
2012-02-26 08:53:00.759160+00:00,8.1,17.07,25.87,1132.8862976878975,7.263727719618284,-136.2307370939117,2,1
2012-02-26 10:09:00.758812+00:00,5.65,12.13,18.44,546.2385134945362,9.941283860573831,-130.87562481200055,1,1
2012-02-26 10:31:00.758711+00:00,9.93,20.73,31.35,713.5444770831558,4.643062581466267,-141.47206737021568,2,1
2012-02-26 10:34:00.758698+00:00,9.93,20.73,31.35,713.5444770831558,4.643062581466267,-141.47206737021568,2,1
2012-02-26 10:49:00.758629+00:00,4.62,10.03,15.27,678.0467870107303,5.473940743292806,-139.81031104656265,1,1
2012-02-26 11:00:00.758579+00:00,10.0,20.85,31.54,1463.8731729349847,7.3303001953452185,-136.09759214245778,2,1
2012-02-26 11:07:00.758547+00:00,6.27,13.39,20.34,3049.9018440021428,5.650861517262819,-139.4564694986226,4,1
2012-02-26 11:11:00.758528+00:00,6.41,13.68,20.77,3483.975885931905,4.680876943644831,-141.39643864585855,4,1
2012-02-26 11:15:00.758510+00:00,6.41,13.68,20.77,3254.912069924057,4.910715703578667,-140.93676112599087,5,1
2012-02-26 11:18:00.758496+00:00,6.41,13.68,20.77,3713.0397019397533,5.432146355285917,-139.89389982257634,5,1
2012-02-26 11:22:00.758478+00:00,6.67,14.2,21.55,3483.975885931905,5.500974863952536,-139.75624280524312,4,1
2012-02-26 11:26:00.758460+00:00,7.03,14.93,22.65,3786.493000508545,5.3122794563658084,-140.1336336204166,4,1
2012-02-26 11:33:00.758428+00:00,7.38,15.64,23.71,5463.408166272995,5.047055504491017,-140.6640815241662,4,1
2012-02-26 11:37:00.758409+00:00,7.38,15.64,23.71,6608.742401452958,4.9016984515363315,-140.95479563007558,3,1
2012-02-26 11:40:00.758396+00:00,7.38,15.64,23.71,6608.742401452958,4.9016984515363315,-140.95479563007558,3,1
2012-02-26 11:51:00.758345+00:00,8.65,18.18,27.53,829.2763580721,5.764414532783906,-139.2293634675804,2,1
2012-02-26 11:55:00.758327+00:00,8.65,18.18,27.53,829.2763580721,5.764414532783906,-139.2293634675804,2,1
2012-02-26 12:02:00.760691+00:00,7.2,15.26,23.15,2494.27100942788,1.8992829878185962,-149.03004352820992,3,1
2012-02-26 12:05:00.760677+00:00,7.2,15.26,23.15,2494.27100942788,1.8992829878185962,-149.03004352820992,3,1
2012-02-26 12:09:00.760659+00:00,7.2,15.26,23.15,2494.27100942788,1.8992829878185962,-149.03004352820992,3,1
2012-02-26 12:20:00.760608+00:00,1.15,2.59,3.96,2022.981340399543,4.6927154966860165,-143.44317851047504,2,1
2012-02-26 12:24:00.760590+00:00,0.0,0.02,0.04,2829.906016325775,5.082612891895155,-142.66338372005674,3,1
2012-02-26 12:31:00.760558+00:00,0.0,0.02,0.04,3969.2032384575677,5.8610698101883685,-141.1064698834703,2,1
2012-02-26 12:42:00.760508+00:00,7.26,15.4,23.35,1425.805856832399,4.938278084804409,-142.95205333423823,3,1
2012-02-26 12:46:00.760489+00:00,7.28,15.43,23.4,1187.8842410217853,4.258404780707951,-144.31179994243115,4,1
2012-02-26 12:49:00.760476+00:00,7.28,15.43,23.4,949.962625211172,4.432951255336666,-143.96270699317373,5,1
2012-02-26 12:53:00.760457+00:00,7.26,15.4,23.35,1187.8842410217853,4.00574136597408,-144.8171267718989,4,1
2012-02-26 12:57:00.760439+00:00,7.28,15.43,23.4,949.962625211172,3.5785314766114933,-145.67154655062407,3,1
2012-02-26 13:48:00.760206+00:00,3.98,8.7,13.25,1394.8076797244253,4.43918706209278,-143.9502353796615,3,1
2012-02-26 13:51:00.760192+00:00,3.98,8.7,13.25,1156.2060895506022,4.421983845481291,-143.9846418128845,4,1
2012-02-26 13:55:00.760174+00:00,4.12,8.98,13.68,1394.8076797244253,4.4047806288698,-144.01904824610745,5,1
2012-02-26 13:59:00.760155+00:00,4.13,9.01,13.73,917.6044993767787,3.660798812373134,-145.50701187910082,5,1
2012-02-26 14:02:00.760141+00:00,4.21,9.17,13.96,860.6056371762235,3.660798812373134,-145.50701187910082,5,1
2012-02-26 14:06:00.760123+00:00,4.4,9.57,14.57,860.6056371762235,3.907882920724588,-145.0128436623979,5,1
2012-02-26 14:09:00.760109+00:00,4.37,9.51,14.48,1102.818657331402,3.907882920724588,-145.0128436623979,5,1
2012-02-26 14:13:00.760091+00:00,3.83,8.38,12.78,871.4373013509489,5.901005784823699,-141.02659793419969,5,1
2012-02-26 14:16:00.760077+00:00,3.84,8.41,12.82,871.4373013509489,8.287034436749316,-136.25454063034843,5,1
2012-02-26 14:20:00.760059+00:00,3.84,8.41,12.82,987.1279793411754,8.332457847611174,-136.1636938086247,4,1
2012-02-26 14:23:00.760045+00:00,3.71,8.13,12.39,871.4373013509489,8.377881258473034,-136.072846986901,3,1
2012-02-26 14:41:00.759963+00:00,4.19,9.14,13.92,1470.184508576728,7.4655304130387545,-137.89754867776958,1,1
2012-02-26 16:00:00.759601+00:00,10.39,21.63,32.7,2117.004382713784,7.665731731526768,-137.49714604079352,3,1
2012-02-26 16:03:00.759588+00:00,10.41,21.67,32.77,2419.3981467341146,7.608809979421798,-137.61098954500346,4,1
2012-02-26 16:07:00.759569+00:00,10.41,21.67,32.77,2117.004382713784,7.5518882273168275,-137.7248330492134,5,1
2012-02-26 16:11:00.759551+00:00,10.43,21.72,32.84,2419.3981467341146,6.5219825726887075,-139.78464435846965,4,1
2012-02-26 16:14:00.759537+00:00,6.0,12.85,19.53,2117.004382713784,5.492076918060587,-141.8444556677259,3,1
2012-02-26 16:25:00.759487+00:00,3.29,7.25,11.05,893.2026818203946,4.311342828552833,-144.2059238467414,2,1
2012-02-26 16:29:00.759469+00:00,3.29,7.25,11.05,893.2026818203946,4.311342828552833,-144.2059238467414,2,1
2012-02-26 17:00:00.759327+00:00,0.0,0.02,0.01,549.3530110631933,6.425955632528187,-139.97669823879068,1,1
2012-02-26 18:48:00.758832+00:00,6.43,13.72,20.82,1053.2797146653343,4.891492458091213,-143.04562458766463,1,1
2012-02-26 19:06:00.758750+00:00,7.42,15.71,23.81,760.2296164573539,4.387238743365483,-144.05413201711607,2,1
2012-02-26 19:09:00.758736+00:00,9.24,19.34,29.27,760.2296164573539,4.387238743365483,-144.05413201711607,2,1
2012-02-26 19:20:00.758686+00:00,9.24,19.34,29.27,573.0208864747595,3.658226262569632,-145.51215697870782,1,1
2012-02-26 20:00:00.758503+00:00,4.15,9.04,13.78,520.2924314125911,3.57077941231257,-145.6870506792219,1,1
2012-02-26 20:11:00.758452+00:00,4.15,9.04,13.78,1789.1914749616126,7.351975926433175,-138.1246576509807,1,1
2012-02-26 21:00:00.758228+00:00,2.9,6.42,9.8,703.1397138737723,2.9034248594512757,-147.02175978494452,1,1
2012-02-27 04:24:00.767137+00:00,0.73,1.65,2.53,6836.260819777876,1.8664298439965248,-147.06517826579486,1,1
2012-02-27 13:07:00.765693+00:00,0.0,0.0,0.0,9466511.507403163,3.6774933336867104,-145.51002741179278,1,1
2012-02-28 00:35:00.763340+00:00,0.0,0.0,0.0,70920.78004548428,7.288259837044072,-135.46165897255628,2,1
2012-02-28 00:36:00.763335+00:00,0.0,0.0,0.0,70920.78004548428,7.288259837044072,-135.46165897255628,2,1
2012-02-28 04:11:00.762351+00:00,0.0,0.0,0.0,32000662.19286652,6.3284724587763925,-137.38123372909163,2,1
2012-02-28 04:12:00.762346+00:00,0.0,0.0,0.0,32000662.19286652,6.3284724587763925,-137.38123372909163,2,1
2012-02-28 07:07:00.761545+00:00,0.02,0.02,0.1,15719.617872813535,17.0725114164711,-115.89315581370222,2,1
2012-02-28 07:17:00.761500+00:00,0.01,0.02,0.03,601.5421098501052,30.798935990076572,-88.4403066664913,1,1
2012-02-28 08:13:00.761243+00:00,0.0,0.0,0.0,733.8361279105137,4.612466745432354,-140.81324515577973,1,1
2012-02-28 13:34:00.760870+00:00,9.79,20.43,30.91,525.2033214023718,3.6927895488675513,-142.13736466133997,1,1
2012-02-28 15:13:00.760416+00:00,3.83,8.38,12.78,19479403.236676693,6.780591257313253,-135.96176124444855,1,1
2012-02-28 19:31:00.759235+00:00,6.21,13.27,20.15,2657.982826272551,4.049100952592977,-141.42474185388912,1,1
2012-02-29 12:20:00.767308+00:00,0.0,0.02,0.0,4288.378709720673,7.025373336904508,-137.02112895444478,1,1
2012-02-29 14:12:00.766796+00:00,9.46,19.78,29.93,22351001.4755394,6.955435790630458,-137.16100404699284,5,1
2012-02-29 14:13:00.766791+00:00,9.46,19.78,29.93,22351001.4755394,6.955435790630458,-137.16100404699284,5,3
2012-02-29 14:14:00.766787+00:00,9.46,19.78,29.93,22351001.4755394,6.955435790630458,-137.16100404699284,5,1
2012-02-29 14:27:00.766727+00:00,0.0,0.02,0.01,697.1645405435636,10.92271504971917,-129.22644552881542,1,1
2012-02-29 14:57:00.766590+00:00,6.13,13.11,19.91,862.2573313512927,7.066961927286501,-136.93795177368077,1,1
2012-03-01 02:46:00.764240+00:00,0.0,0.02,0.0,390475.04280740133,6.170318160335157,-140.22445828582337,2,1
2012-03-01 02:47:00.764235+00:00,0.0,0.02,0.0,390475.04280740133,6.170318160335157,-140.22445828582337,2,1
2012-03-01 09:08:00.762491+00:00,0.0,0.02,0.0,18582.84796490457,6.081877349629201,-140.40133990723524,2,1
2012-03-01 09:12:00.762473+00:00,0.0,0.02,0.0,18582.84796490457,6.081877349629201,-140.40133990723524,2,1
2012-03-02 03:04:00.759958+00:00,0.0,0.0,0.0,526477.5017240475,11.694979453687935,-125.83178168589524,1,1
2012-03-03 18:00:00.763452+00:00,2.89,6.39,9.75,8210.508936188633,18.795540515873363,-118.66170099900884,1,1
2012-03-03 19:43:00.762980+00:00,0.0,0.0,0.0,4622.402563617045,3.769432162080311,-148.71391770659494,1,1
2012-03-03 20:50:00.762674+00:00,0.0,0.02,0.0,777.7017343773886,3.607157976472007,-149.03846607781153,1,1
2012-03-04 05:03:00.760113+00:00,3.84,8.41,12.82,2238818.028697312,4.17040969373922,-146.97994509960057,2,2
2012-03-04 05:16:00.760053+00:00,0.0,0.0,0.0,49738.69446659375,10.707884410286079,-133.90499566650684,1,1
2012-03-04 10:05:00.758730+00:00,0.0,0.0,0.0,3174.0761776935933,2.7915922731384475,-149.7375799408021,1,1
2012-03-04 14:00:00.759951+00:00,2.94,6.49,9.91,5000.688934288563,3.6034175425591113,-146.03434689209126,1,1
2012-03-05 01:32:00.766979+00:00,6.62,14.1,21.41,16291.83984295433,5.708797386550449,-139.48276438279964,2,1
2012-03-05 01:34:00.766970+00:00,6.62,14.1,21.41,16291.83984295433,5.708797386550449,-139.48276438279964,2,1
2012-03-05 07:49:00.765253+00:00,0.0,0.0,0.0,25120.823246959113,3.999627922474931,-142.90110331095067,1,1
2012-03-05 09:08:00.764891+00:00,2.65,5.88,8.98,685.5983346498733,4.077259723955518,-142.74583970798955,1,1
2012-03-05 17:02:00.765417+00:00,8.1,17.07,25.87,558.1566189179509,3.2646742300077367,-147.1247820728745,1,1
2012-03-07 18:40:00.764769+00:00,6.3,13.46,20.44,3602.4324157155866,6.093712224171628,-140.1547526431655,1,1
2012-03-08 04:11:00.763651+00:00,0.0,0.02,0.0,797.638187716183,4.504984505614512,-145.99512363965005,1,1
2012-03-08 04:27:00.763578+00:00,0.0,0.0,0.0,2528.7271722549467,3.5279628872045024,-147.94916687647006,1,1
2012-03-08 10:13:00.761994+00:00,0.0,0.0,0.0,1687.135347780185,4.170935035189245,-146.66322258050056,1,1
2012-03-08 10:36:00.761889+00:00,5.19,11.2,17.04,609.2823868404472,4.174338929897521,-146.656414791084,1,1
2012-03-08 15:57:00.762615+00:00,0.0,0.0,0.0,831.3460099354143,3.041620027193686,-148.49383281900282,1,1
2012-03-08 19:07:00.761745+00:00,0.0,0.0,0.0,2894.4002325345764,2.6377201331503546,-149.30163260708946,1,1
2012-03-08 21:18:00.761146+00:00,10.0,20.85,31.54,2163.8783911515743,4.691819382094921,-145.1934341092003,3,2
2012-03-08 21:20:00.761136+00:00,10.0,20.85,31.54,2163.8783911515743,4.691819382094921,-145.1934341092003,3,1
2012-03-08 22:22:00.760853+00:00,1.12,2.51,3.85,1886.1020869715173,3.7899579848121947,-146.99715690376578,1,1
2012-03-08 23:21:00.760583+00:00,1.96,4.38,6.7,1635.5093873957373,5.955632968270496,-142.66580693684915,2,1
2012-03-08 23:30:00.760541+00:00,1.96,4.38,6.7,1635.5093873957373,5.955632968270496,-142.66580693684915,2,1
2012-03-09 12:47:00.768785+00:00,0.0,0.02,0.0,178851.62563462032,3.0570823306261885,-148.3554219253507,4,1
2012-03-09 12:48:00.768780+00:00,0.0,0.02,0.0,178851.62563462032,3.0570823306261885,-148.3554219253507,4,1
2012-03-09 12:49:00.768776+00:00,0.0,0.02,0.0,178851.62563462032,3.0570823306261885,-148.3554219253507,4,2
2012-03-09 14:09:00.768409+00:00,2.04,4.56,6.97,71758.76450076724,7.359202428790401,-139.75118172902225,2,1
2012-03-09 14:10:00.768405+00:00,2.04,4.56,6.97,71758.76450076724,7.359202428790401,-139.75118172902225,2,1
2012-03-10 09:47:00.764113+00:00,0.0,0.0,0.0,5042.507415692754,3.9493510425634097,-148.67393834400275,1,1
2012-03-10 12:10:00.763954+00:00,3.54,7.77,11.85,1391730.1481950285,2.661910737065903,-151.72359554777324,2,1
2012-03-10 12:11:00.763950+00:00,3.54,7.77,11.85,1391730.1481950285,2.661910737065903,-151.72359554777324,2,1
2012-03-10 14:12:00.763396+00:00,10.45,21.76,32.9,636.1974710145282,11.451710373135176,-134.14399627563472,1,1
2012-03-10 16:36:00.762737+00:00,3.78,8.29,12.63,825.0360363622867,5.033181609736591,-146.98105380243186,1,1
2012-03-10 23:20:00.760887+00:00,0.0,0.0,0.0,2379.672202022117,3.597569007235688,-149.85227900743362,1,1
2012-03-11 02:26:00.762532+00:00,0.0,0.0,0.0,53007.148811212304,4.204078901480161,-149.08891776852658,1,1
2012-03-11 03:35:00.762216+00:00,7.42,15.71,23.81,2207.429376679885,5.165165845666278,-147.16674388015434,1,1
2012-03-11 10:07:00.760421+00:00,6.07,12.98,19.72,4727.130446794643,3.249101683871637,-150.99887220374362,8,1
2012-03-11 10:09:00.760412+00:00,6.07,12.98,19.72,4727.130446794643,3.249101683871637,-150.99887220374362,8,1
2012-03-11 10:13:00.760394+00:00,6.07,12.98,19.72,4727.130446794643,3.249101683871637,-150.99887220374362,8,1
2012-03-11 10:14:00.760389+00:00,6.07,12.98,19.72,4727.130446794643,3.249101683871637,-150.99887220374362,8,3
2012-03-11 10:15:00.760385+00:00,6.07,12.98,19.72,4727.130446794643,3.249101683871637,-150.99887220374362,8,2
2012-03-11 18:04:00.767834+00:00,5.13,11.08,16.85,510.34398687462965,4.180967564268254,-148.17170511056375,1,1
2012-03-11 18:41:00.767664+00:00,0.0,0.0,0.0,571.0121505780543,2.5715429816233333,-151.3905542758536,1,1
2012-03-11 20:47:00.767088+00:00,6.41,13.68,20.77,6288.764490039166,8.318763298728575,-139.8961136416431,1,1
2012-03-12 05:49:00.766648+00:00,7.05,14.96,22.7,2580.6120529061677,3.652412750781988,-149.05408981013932,1,1
2012-03-12 07:10:00.766277+00:00,0.0,0.0,0.0,551.3444821407836,3.565921402803495,-149.22707250609628,1,1
2012-03-12 09:50:00.765545+00:00,0.0,0.0,0.0,19028.533341539118,4.5184449426988476,-147.32202542630557,1,1
2012-03-12 10:59:00.765229+00:00,1.88,4.2,6.42,1045399.1908726719,3.5917305549198137,-149.17545420186366,1,1
2012-03-12 15:57:00.765115+00:00,7.61,16.08,24.38,37385.88505928482,3.7262836815334617,-148.51397280482686,1,1
2012-03-13 09:36:00.761763+00:00,0.0,0.0,0.0,1715.8483133205689,8.803849408288206,-137.24280495966258,2,1
2012-03-13 09:44:00.761727+00:00,0.0,0.0,0.0,1715.8483133205689,8.803849408288206,-137.24280495966258,2,1
2012-03-13 16:16:00.759428+00:00,1.88,4.2,6.42,884.1023595727562,7.699807685355909,-138.19203102527368,1,1
2012-03-13 16:51:00.759268+00:00,0.0,0.0,0.0,1137.532276003108,6.216447433055363,-141.15875152987473,1,1
2012-03-13 18:03:00.758938+00:00,6.8,14.46,21.95,2825.3682300390747,5.784192271753343,-142.0232618524788,6,2
2012-03-13 18:04:00.758934+00:00,6.8,14.46,21.95,2825.3682300390747,5.784192271753343,-142.0232618524788,6,1
2012-03-13 18:08:00.758915+00:00,6.8,14.46,21.95,2825.3682300390747,5.784192271753343,-142.0232618524788,6,1
2012-03-13 18:09:00.758911+00:00,6.8,14.46,21.95,2825.3682300390747,5.784192271753343,-142.0232618524788,6,2
2012-03-13 18:39:00.758773+00:00,8.54,17.95,27.19,5498.036265035514,5.870535083462277,-141.85057622906098,1,1
2012-03-14 06:45:00.766792+00:00,2.04,4.56,6.97,53627.42594707962,4.305498929386584,-143.54767827606497,3,1
2012-03-14 06:46:00.766787+00:00,5.65,12.13,18.44,53627.42594707962,4.305498929386584,-143.54767827606497,3,2
2012-03-14 09:28:00.766046+00:00,1.21,2.72,4.17,1181.769615288118,8.124877110619257,-135.90892191359958,2,1
2012-03-14 09:29:00.766041+00:00,0.0,0.02,0.0,1181.769615288118,8.124877110619257,-135.90892191359958,2,1
2012-03-14 13:28:00.766597+00:00,6.3,13.46,20.44,1546.2174449169995,4.256273240796797,-141.3064526411574,1,1
2012-03-15 07:33:00.762926+00:00,6.85,14.56,22.1,736.8177768588725,5.945247647920153,-137.2069955192812,1,1
2012-03-15 21:38:00.759754+00:00,7.55,15.98,24.23,81495.95486539615,4.491983256013118,-137.84075221459287,3,1
2012-03-15 21:39:00.759749+00:00,7.55,15.98,24.23,81495.95486539615,4.491983256013118,-137.84075221459287,3,1
2012-03-15 21:40:00.759745+00:00,7.55,15.98,24.23,81495.95486539615,4.491983256013118,-137.84075221459287,3,1
2012-03-16 03:50:00.759147+00:00,7.25,15.36,23.3,572.5902750417315,5.238616232790187,-136.1885477945375,1,1
2012-03-16 16:42:00.768009+00:00,10.45,21.76,32.9,706.2157297003375,3.4334756788143013,-141.84234981416643,1,1
2012-03-17 02:09:00.766109+00:00,0.0,0.0,0.0,905.7816478767064,5.658950232034509,-140.9382748204414,1,1
2012-03-17 03:25:00.765762+00:00,3.92,8.57,13.06,826.6754085835573,6.897265776659798,-138.46164373119078,1,1
2012-03-17 14:50:00.763522+00:00,7.96,16.79,25.44,1815.5605172963174,3.2004701724330458,-146.7034374551594,1,1
2012-03-18 03:49:00.761852+00:00,9.83,20.52,31.04,683.0578829810943,6.125576373523314,-136.93455037676205,1,1
2012-03-18 08:30:00.760565+00:00,0.0,0.0,0.0,1086.4115890952164,7.7433004774145315,-133.69910216897958,1,1
2012-03-19 05:01:00.765722+00:00,4.53,9.85,14.99,1624.2931558827365,3.4389703779263376,-149.18766633176946,1,1
2012-03-19 21:32:00.763282+00:00,3.75,8.22,12.53,952286.8703975198,4.430056071863872,-147.71252581668531,3,2
2012-03-19 21:33:00.763277+00:00,3.75,8.22,12.53,952286.8703975198,4.430056071863872,-147.71252581668531,3,1
2012-03-20 03:36:00.762211+00:00,0.0,0.0,0.0,287444.3721674134,3.0141160205940976,-149.2137183762635,1,1
2012-03-20 15:26:00.759657+00:00,2.12,4.73,7.23,2134.6276004857073,3.5217688443038213,-147.88322650341462,1,1
2012-03-21 00:54:00.768099+00:00,9.81,20.47,30.97,7047.942029541796,4.391649663337326,-144.62261325606516,1,1
2012-03-21 12:19:00.767613+00:00,0.0,0.0,0.0,6826.465995132274,6.328067276671254,-142.34571047060317,1,1
2012-03-21 12:54:00.767453+00:00,2.4,5.35,8.17,5177.99119877569,2.7989121681541205,-149.40402068763746,1,1
2012-03-21 17:48:00.766107+00:00,4.1,8.95,13.63,562381.2649048634,5.2012548776991885,-144.59933526854738,1,1
2012-03-22 00:15:00.764031+00:00,4.53,9.85,14.99,849.4700795984944,4.71534714729347,-144.0617376601651,1,1
2012-03-22 03:22:00.763175+00:00,0.0,0.02,0.0,953.330934585146,2.2385831743543734,-149.01526560604333,1,1
2012-03-22 04:53:00.762759+00:00,3.42,7.51,11.45,1149.2324466500634,2.947847544649471,-147.59673686545315,1,1
2012-03-22 06:39:00.762273+00:00,9.62,20.1,30.42,614.2472285289621,5.134691972533617,-143.22304800968485,1,1
2012-03-22 08:13:00.761843+00:00,0.0,0.0,0.0,33144.164272434224,4.178027085251321,-145.13637778424945,1,1
2012-03-22 17:53:00.760184+00:00,0.0,0.02,0.0,2172.222732882296,3.687509386690104,-145.88796954541348,1,1
2012-03-22 18:23:00.760047+00:00,5.19,11.2,17.04,343627.3829586165,4.160370263698511,-144.94224779139668,6,2
2012-03-22 18:24:00.760042+00:00,5.19,11.2,17.04,343627.3829586165,4.160370263698511,-144.94224779139668,6,3
2012-03-22 18:25:00.760038+00:00,5.19,11.2,17.04,343627.3829586165,4.160370263698511,-144.94224779139668,6,1
2012-03-22 20:23:00.759497+00:00,3.54,7.77,11.85,500.3123826530715,3.753077426705032,-145.75683346538366,1,1
2012-03-22 23:27:00.758655+00:00,4.01,8.76,13.35,8255.524751796602,4.262814847825921,-144.7373586231419,1,1
2012-03-23 00:26:00.769527+00:00,0.0,0.02,0.01,22450.916520315877,3.576603665820878,-147.29404301668384,1,1
2012-03-23 00:55:00.769394+00:00,4.03,8.79,13.4,2343.910764081613,3.6388265276814273,-147.16959729296275,1,1
2012-03-23 13:36:00.767960+00:00,0.0,0.0,0.0,7283.0990449536475,5.922515225172193,-140.9454702525554,1,1
2012-03-23 14:08:00.767814+00:00,10.08,21.02,31.8,640.2445489395769,3.855789635710397,-145.07892143147905,1,1
2012-03-23 19:00:00.766477+00:00,8.08,17.04,25.82,20913.196425723847,3.194786755963079,-146.40092719097362,1,1
2012-03-23 19:19:00.766390+00:00,0.0,0.0,0.0,1283.0107880905998,2.771114885036128,-147.24827093282752,1,1
2012-03-24 12:52:00.764062+00:00,10.08,21.02,31.8,1268.4236058774256,3.8888436462978015,-150.14100583239446,1,1
2012-03-24 13:12:00.763970+00:00,7.0,14.86,22.54,879.8265377815165,2.387118781626567,-153.14445556173692,1,1
2012-03-24 15:19:00.763389+00:00,0.0,0.02,0.0,1123.4715232276246,4.297096598278015,-149.32449992843402,1,1
2012-03-24 16:25:00.763087+00:00,0.0,0.02,0.0,988.3508005720594,4.040437868695799,-149.83781738759848,1,1
2012-03-24 19:22:00.762277+00:00,2.84,6.28,9.59,6427.48737120901,5.009954889300087,-147.89878334638988,1,1
2012-03-24 23:15:00.761210+00:00,0.0,0.0,0.0,924.8159326030597,5.760899203037425,-146.3968947189152,1,1
2012-03-25 05:29:00.760894+00:00,0.0,0.0,0.0,3095.7003510934887,3.388960182025897,-149.5546344429849,1,1
2012-03-25 09:30:00.759791+00:00,0.0,0.0,0.0,755.8567828424099,4.257249448916536,-147.81805590920362,1,1
2012-03-25 16:10:00.759056+00:00,0.0,0.0,0.0,13210883.45744446,3.739765725669987,-149.62748577592924,1,1
2012-03-25 18:04:00.758534+00:00,0.0,0.0,0.0,1023.3489954693837,14.885511947833658,-127.33599333160187,1,1
2012-03-25 22:50:00.757224+00:00,0.0,0.0,0.0,2799.6905892002105,3.4424747186171496,-150.2220677900349,1,1
2012-03-26 00:52:00.767962+00:00,0.0,0.0,0.0,15644.448108058938,1.8696817377826276,-152.32003659813367,1,1
2012-03-26 13:34:00.765670+00:00,2.4,5.35,8.17,574.3345216780901,4.286902920265408,-147.60035467320998,1,1
2012-03-26 13:48:00.765606+00:00,2.14,4.78,7.3,2691.1159328270423,11.1196040682599,-133.93495237722095,2,1
2012-03-26 13:49:00.765601+00:00,2.14,4.78,7.3,2691.1159328270423,11.1196040682599,-133.93495237722095,2,1
2012-03-26 23:11:00.763028+00:00,7.42,15.71,23.81,2479.673161715792,4.432008808350021,-147.3101428970407,1,1
2012-03-27 02:32:00.763204+00:00,1.84,4.1,6.28,4692.33732354064,3.460339745780589,-149.57673717189206,1,1
2012-03-27 04:15:00.762733+00:00,5.28,11.39,17.32,26394.94416155908,17.095136536839284,-122.30714358977468,1,1
2012-03-27 08:40:00.761520+00:00,3.63,7.97,12.15,1096.9491052852243,4.005961428634696,-148.48549380618385,1,1
2012-03-27 12:45:00.761394+00:00,0.0,0.0,0.0,1638.4732197334945,4.645783942164266,-146.43088671361255,1,1
2012-03-27 14:16:00.760977+00:00,2.02,4.52,6.9,314956.5890731204,6.673916946183156,-142.37462070557473,5,3
2012-03-27 14:17:00.760973+00:00,2.02,4.52,6.9,314956.5890731204,6.673916946183156,-142.37462070557473,5,2
2012-03-27 15:29:00.760643+00:00,2.63,5.84,8.92,2140.405470077883,3.0724598633831244,-149.5775348711748,1,1
2012-03-27 15:51:00.760543+00:00,5.97,12.79,19.43,5449.269789670128,2.478237609569895,-150.76597937880126,1,1
2012-03-27 19:18:00.759595+00:00,0.0,0.0,0.0,710.1082741620012,4.058173630528753,-147.60610733688355,1,1
2012-03-27 22:08:00.758817+00:00,0.0,0.0,0.0,489261.84198753827,3.006836140713609,-149.70878231651383,2,1
2012-03-27 22:09:00.758812+00:00,0.0,0.0,0.0,489261.84198753827,3.006836140713609,-149.70878231651383,2,1
2012-03-28 03:31:00.767580+00:00,0.0,0.0,0.0,1961.9391817270387,4.052615680478663,-147.75578274214962,1,1
2012-03-28 10:24:00.765689+00:00,0.0,0.0,0.0,2016.023123179428,4.601610090975219,-146.65779392115655,1,1
2012-03-28 10:57:00.765538+00:00,2.67,5.92,9.04,458329.0274856535,4.285253179384155,-147.29050774433864,1,1
2012-03-28 12:10:00.765854+00:00,0.0,0.0,0.0,2433.944141153701,1.628778280468334,-152.9349769187203,1,1
2012-03-28 14:51:00.765117+00:00,8.98,18.83,28.5,2299.852876429087,3.0130763664064526,-150.1663807468441,1,1
2012-03-28 15:44:00.764875+00:00,3.37,7.41,11.3,730.9097812812199,6.148513668515501,-143.895506142626,2,1
2012-03-28 15:45:00.764870+00:00,3.37,7.41,11.3,730.9097812812199,6.148513668515501,-143.895506142626,2,1
2012-03-28 17:16:00.764453+00:00,0.0,0.0,0.0,713.0321633727707,4.747831069750983,-146.69687134015498,1,1
2012-03-28 23:04:00.762860+00:00,0.0,0.0,0.0,2795.7266989240447,7.265632229172959,-141.66126902131109,1,1
2012-03-29 10:32:00.761307+00:00,5.97,12.79,19.43,571.7695562856671,6.287654461638845,-140.59784064696044,3,1
2012-03-29 10:33:00.761302+00:00,5.97,12.79,19.43,571.7695562856671,6.287654461638845,-140.59784064696044,3,1
2012-03-29 10:34:00.761298+00:00,5.97,12.79,19.43,571.7695562856671,6.287654461638845,-140.59784064696044,3,1
2012-03-29 10:53:00.761211+00:00,5.24,11.3,17.18,626.8178402288465,6.541116207535835,-140.09091715516644,2,1
2012-03-29 10:56:00.761197+00:00,4.82,10.43,15.88,626.8178402288465,6.541116207535835,-140.09091715516644,2,1
2012-03-29 12:03:00.763286+00:00,8.19,17.26,26.14,714.4702342731969,1.7023514141392793,-143.39555308103138,15,2
2012-03-29 12:04:00.763282+00:00,8.17,17.22,26.09,714.4702342731969,1.7023514141392793,-143.39555308103138,15,1
2012-03-29 12:05:00.763277+00:00,8.17,17.22,26.09,714.4702342731969,1.7023514141392793,-143.39555308103138,15,1
2012-03-29 12:06:00.763272+00:00,8.17,17.22,26.09,714.4702342731969,1.7023514141392793,-143.39555308103138,15,1
2012-03-29 12:07:00.763268+00:00,7.92,16.72,25.33,764.8577922241336,1.8227136822334336,-143.154828544843,16,1
2012-03-29 12:08:00.763263+00:00,5.65,12.13,18.44,841.22497554505,2.34075218961306,-142.11875153008378,18,2
2012-03-29 12:09:00.763259+00:00,5.39,11.61,17.64,882.8450921969741,2.863513903987121,-141.07322810133562,20,2
2012-03-29 12:10:00.763254+00:00,5.37,11.57,17.6,999.7813091070276,3.0799473276919587,-140.640361253926,22,1
2012-03-29 12:11:00.763250+00:00,5.39,11.61,17.64,1172.7010252174396,3.1988945815672825,-140.40246674617538,24,2
2012-03-29 12:12:00.763245+00:00,5.42,11.67,17.74,1639.4174939338209,3.3977240299922613,-140.0048078493254,26,1
2012-03-29 12:13:00.763240+00:00,5.42,11.67,17.74,2018.5100843386083,3.693322694409931,-139.41361052049007,27,1
2012-03-29 12:17:00.763222+00:00,5.5,11.82,17.97,3574.372920506609,3.743223009500455,-139.313809890309,30,2
2012-03-29 12:18:00.763218+00:00,5.54,11.92,18.11,3732.9620220946226,3.743223009500455,-139.313809890309,30,2
2012-03-29 12:19:00.763213+00:00,5.56,11.95,18.16,3789.1944202703603,3.743223009500455,-139.313809890309,30,2
2012-03-29 12:20:00.763208+00:00,5.59,12.01,18.25,3789.1944202703603,3.6311384337840487,-139.53797904174178,30,2
2012-03-29 12:21:00.763204+00:00,5.6,12.04,18.3,3786.2117590027706,3.568954173158167,-139.66234756299357,31,2
2012-03-29 12:22:00.763199+00:00,5.62,12.07,18.35,3786.2117590027706,3.7154329741437286,-139.36938996102242,31,2
2012-03-29 12:23:00.763195+00:00,5.62,12.07,18.35,3732.9620220946226,3.7542781493673534,-139.2916996105752,32,2
2012-03-29 12:24:00.763190+00:00,5.63,12.1,18.39,3679.712285186476,3.7154329741437286,-139.36938996102242,33,2
2012-03-29 12:25:00.763186+00:00,5.63,12.1,18.39,3679.712285186476,3.7154329741437286,-139.36938996102242,33,2
2012-03-29 12:26:00.763181+00:00,5.63,12.1,18.39,3679.712285186476,3.7154329741437286,-139.36938996102242,33,2
2012-03-29 12:27:00.763176+00:00,5.63,12.1,18.39,3627.622657414756,3.70437783427683,-139.39150024075622,32,2
2012-03-29 12:28:00.763172+00:00,5.68,12.2,18.53,3354.4591712754177,3.7542781493673534,-139.2916996105752,30,1
2012-03-29 12:29:00.763167+00:00,5.86,12.57,19.1,3200.375672634112,3.7542781493673534,-139.2916996105752,28,2
2012-03-29 12:30:00.763163+00:00,6.13,13.11,19.91,3122.708412833779,3.7542781493673534,-139.2916996105752,26,2
2012-03-29 12:31:00.763158+00:00,6.43,13.72,20.82,2959.3673672374143,3.70437783427683,-139.39150024075622,24,2
2012-03-29 12:32:00.763153+00:00,6.62,14.1,21.41,2727.2258389037584,3.410970291443584,-139.97831532642272,22,2
2012-03-29 12:33:00.763149+00:00,6.69,14.23,21.6,2727.2258389037584,3.0447316234779764,-140.71079266235392,20,1
2012-03-29 12:34:00.763144+00:00,6.72,14.3,21.7,2727.2258389037584,2.9197470092699858,-140.9607618907699,18,1
2012-03-29 12:45:00.763094+00:00,7.99,16.86,25.55,520.0111455089598,4.9355301036383565,-136.92919570203318,2,1
2012-03-29 12:47:00.763085+00:00,8.01,16.9,25.6,520.0111455089598,4.9355301036383565,-136.92919570203318,2,1
2012-03-29 14:15:00.762682+00:00,0.68,1.54,2.36,571.0137501387858,4.5845594234575815,-137.63113706239474,9,1
2012-03-29 14:16:00.762677+00:00,0.68,1.54,2.36,571.0137501387858,4.5845594234575815,-137.63113706239474,9,1
2012-03-29 14:17:00.762673+00:00,0.63,1.43,2.18,571.0137501387858,4.5845594234575815,-137.63113706239474,9,1
2012-03-29 14:18:00.762668+00:00,0.63,1.43,2.18,571.0137501387858,4.5845594234575815,-137.63113706239474,9,1
2012-03-29 14:19:00.762664+00:00,0.63,1.43,2.18,571.0137501387858,4.5845594234575815,-137.63113706239474,9,1
2012-03-29 14:20:00.762659+00:00,0.63,1.43,2.18,571.0137501387858,4.5845594234575815,-137.63113706239474,9,1
2012-03-29 14:21:00.762654+00:00,0.63,1.43,2.18,571.0137501387858,4.5845594234575815,-137.63113706239474,9,1
2012-03-29 14:22:00.762650+00:00,0.63,1.43,2.18,571.0137501387858,4.5845594234575815,-137.63113706239474,9,1
2012-03-29 14:23:00.762645+00:00,0.63,1.43,2.18,571.0137501387858,4.5845594234575815,-137.63113706239474,9,1
2012-03-29 14:43:00.762554+00:00,2.31,5.15,7.87,600.691213249745,6.652179372479425,-133.49589716435105,1,1
2012-03-29 17:32:00.761780+00:00,1.84,4.1,6.28,292134.0313342076,3.619595964564079,-139.56106398018176,5,3
2012-03-29 17:33:00.761776+00:00,1.84,4.1,6.28,292134.0313342076,3.619595964564079,-139.56106398018176,5,2
2012-03-30 03:19:00.768535+00:00,0.0,0.0,0.0,1120.949558582446,2.712866458916765,-142.18021204170037,1,1
2012-03-30 08:12:00.767194+00:00,0.0,0.0,0.0,7600.368526044686,3.817494858081996,-139.97095524336993,1,1
2012-03-30 12:29:00.768067+00:00,8.88,18.64,28.21,1572.1427142206342,3.0787450613725937,-139.42097146359603,1,1
2012-03-30 16:45:00.766895+00:00,0.01,0.02,0.04,627.7848284557413,6.036463743417403,-133.5055340995064,1,1
2012-03-30 17:42:00.766634+00:00,0.0,0.0,0.0,680.919981428449,2.9051512666226347,-139.76815905309596,1,1
2012-03-31 01:30:00.765488+00:00,6.52,13.91,21.11,3818.8703900745795,4.6767004203143205,-140.95030600177228,1,1
2012-03-31 03:37:00.764907+00:00,6.64,14.14,21.46,1849.6717601556416,8.761707779206183,-132.78029128398856,1,1
2012-03-31 10:09:00.763112+00:00,6.13,13.11,19.91,535.8685879768274,2.2266071577400117,-145.8504925269209,1,1
2012-03-31 21:11:00.761878+00:00,0.0,0.0,0.0,164956416.2074117,2.40126771806572,-146.0487571256336,1,1
2012-03-31 22:07:00.761621+00:00,7.35,15.57,23.61,3890.723869493529,3.617914677519216,-143.61546320672662,1,1
2012-04-01 08:29:00.759470+00:00,0.0,0.0,0.0,1108.4056957243702,3.6448137308043824,-145.25000827841777,1,1
2012-04-01 10:20:00.758962+00:00,0.0,0.02,0.0,45930.74907230925,5.340159696316947,-141.85931634739262,1,1
2012-04-01 12:25:00.769686+00:00,4.76,10.31,15.69,616.931505702045,9.87225884174641,-135.95561592499965,1,1
2012-04-01 13:17:00.769447+00:00,1.63,3.66,5.59,514.3753206120125,7.067566884284582,-141.5649998399233,1,1
2012-04-01 14:46:00.769040+00:00,2.31,5.15,7.87,163344.05153122952,5.3508421079395205,-144.99844939261342,3,1
2012-04-01 14:47:00.769035+00:00,2.31,5.15,7.87,163344.05153122952,5.3508421079395205,-144.99844939261342,3,2
2012-04-01 18:31:00.768010+00:00,0.0,0.0,0.0,527.6022657755585,4.2052912460155785,-147.28955111646133,1,1
2012-04-01 22:19:00.766966+00:00,2.18,4.86,7.43,1460.9721501220522,3.268965333927032,-149.1622029406384,1,1
2012-04-01 22:42:00.766861+00:00,3.18,7.01,10.7,1436.2572077154891,3.546803668111836,-148.60652627226878,1,1
2012-04-01 23:20:00.766687+00:00,0.0,0.02,0.0,944728.5527072093,2.7868921606326493,-150.12634928722716,8,1
2012-04-01 23:21:00.766683+00:00,0.0,0.02,0.0,944728.5527072093,2.7868921606326493,-150.12634928722716,8,3
2012-04-01 23:22:00.766678+00:00,0.0,0.02,0.0,944728.5527072093,2.7868921606326493,-150.12634928722716,8,2
2012-04-01 23:24:00.766669+00:00,0.0,0.02,0.0,944728.5527072093,2.7868921606326493,-150.12634928722716,8,2
2012-04-02 02:00:00.767751+00:00,8.92,18.71,28.33,205103.71776022465,2.8690540851619053,-148.81709233163488,1,1
2012-04-02 05:45:00.766721+00:00,0.0,0.0,0.0,2694.824769963627,2.025349693749516,-150.50450111445966,1,1
2012-04-02 08:35:00.765942+00:00,1.84,4.1,6.28,10532.156208613958,3.1631773004113803,-148.22884590113597,1,1
2012-04-02 21:49:00.763004+00:00,0.0,0.0,0.0,4050.1158336894987,3.766606182904937,-146.56758846358747,1,1
2012-04-03 01:58:00.762760+00:00,0.0,0.02,0.01,1538.312502900675,4.7275828392138655,-145.1471273244271,1,1
2012-04-03 08:26:00.760984+00:00,0.0,0.0,0.0,1478.1405095659372,3.55030090497918,-147.50169119289646,1,1
2012-04-03 10:28:00.760425+00:00,0.0,0.0,0.0,3027.3372686236034,8.971140096803087,-136.66001280924866,1,1
2012-04-03 19:42:00.758685+00:00,0.0,0.0,0.0,753.1245535515942,2.9299223768118705,-149.7448149208114,1,1
2012-04-03 23:31:00.757637+00:00,8.36,17.58,26.64,2880.9786196291448,3.52131131123794,-148.5620370519593,1,1
2012-04-04 08:23:00.766443+00:00,8.12,17.11,25.92,586.8661423416329,3.1519120116951878,-147.99078767371526,3,3
2012-04-05 15:15:00.761307+00:00,5.07,10.96,16.67,10798.456056629731,3.314559251381672,-148.81186721038347,1,1
2012-04-05 16:19:00.761014+00:00,0.0,0.02,0.0,623.6717034338179,3.1017104138774108,-149.237564885392,1,1
2012-04-06 00:24:00.769836+00:00,3.08,6.81,10.39,1539.639914041126,6.985699629396678,-141.47315209646186,1,1
2012-04-06 03:53:00.768879+00:00,0.0,0.0,0.0,592.9602212829537,2.754739116783024,-149.93507312168913,1,1
2012-04-06 06:26:00.768179+00:00,0.0,0.0,0.0,207315.4004511237,3.8573357929971994,-147.72987976926078,2,2
2012-04-06 12:12:00.768445+00:00,0.0,0.0,0.0,555.3152921944153,6.542820708696027,-139.20550600164188,1,1
2012-04-06 18:23:00.766747+00:00,10.39,21.63,32.7,4026.593695440569,1.7965725153537109,-148.69800238832653,1,1
2012-04-07 01:58:00.764760+00:00,0.0,0.0,0.0,21867.5579445501,3.499697237415589,-149.23677061204697,1,1
2012-04-07 06:22:00.763551+00:00,10.39,21.63,32.7,1016.7183949745488,4.277562161463363,-147.6810407639514,1,1
2012-04-07 10:07:00.762521+00:00,8.1,17.07,25.87,819.3385479312338,3.4685672349006764,-149.29903061707682,1,1
2012-04-07 12:23:00.764495+00:00,2.16,4.82,7.36,1176.7984153278285,9.315907240293383,-135.9749119756636,2,1
2012-04-07 12:24:00.764490+00:00,2.16,4.82,7.36,1176.7984153278285,9.315907240293383,-135.9749119756636,2,1
2012-04-07 13:36:00.764160+00:00,0.0,0.0,0.0,501.8798307076398,6.9609969047384,-140.68473264677357,1,1
2012-04-07 14:52:00.763813+00:00,0.0,0.02,0.01,8389.440904252044,6.076291625658486,-142.45414320493342,1,1
2012-04-07 20:28:00.762275+00:00,4.68,10.16,15.46,8412.653786256398,3.444707660799228,-147.71731113465194,4,1
2012-04-07 20:34:00.762247+00:00,4.68,10.16,15.46,8412.653786256398,3.444707660799228,-147.71731113465194,4,1
2012-04-07 20:35:00.762242+00:00,4.68,10.16,15.46,8412.653786256398,3.444707660799228,-147.71731113465194,4,1
2012-04-07 20:38:00.762229+00:00,5.12,11.05,16.81,6098.759288250763,3.3141713174732352,-147.9783838213039,3,1
2012-04-07 21:40:00.761945+00:00,2.56,5.69,8.7,823.0044722560889,4.147749478711493,-146.31122749882738,1,1
2012-04-08 07:13:00.758618+00:00,3.23,7.11,10.85,997.5541305270046,3.4329245247229827,-148.58791892125132,1,1
2012-04-09 01:08:00.766389+00:00,0.0,0.0,0.0,2146.598609945737,8.007298769738464,-140.10890538608083,1,1
2012-04-09 14:13:00.765391+00:00,6.4,13.65,20.72,13409.31810388667,3.6053956116796138,-148.2215588546201,1,1
2012-04-09 20:39:00.763624+00:00,7.47,15.81,23.97,549.2505706160006,4.194724650668654,-147.042900776642,1,1
2012-04-10 03:15:00.762607+00:00,3.12,6.87,10.49,3749.099936990813,2.492950204758781,-149.7281784120963,2,1
2012-04-10 03:17:00.762598+00:00,3.12,6.87,10.49,3749.099936990813,2.492950204758781,-149.7281784120963,2,1
2012-04-10 04:14:00.762337+00:00,2.7,5.99,9.15,1001.7242586475087,4.11950119788731,-146.47507642583926,1,1
2012-04-10 07:33:00.761426+00:00,0.0,0.0,0.0,708.9483366753623,3.2035934893990974,-148.30689184281567,1,1
2012-04-10 08:45:00.761097+00:00,0.0,0.02,0.0,9642645.085466392,8.111725964938612,-138.49062689173667,2,1
2012-04-10 08:46:00.761092+00:00,0.0,0.02,0.0,9642645.085466392,8.111725964938612,-138.49062689173667,2,1
2012-04-10 10:05:00.760730+00:00,0.0,0.0,0.0,1382.109435016174,5.532404065726987,-143.6492706901599,1,1
2012-04-10 10:24:00.760643+00:00,6.95,14.76,22.39,2945.598696450852,5.920465450375294,-142.87314792086332,1,1
2012-04-10 11:21:00.760383+00:00,0.35,0.8,1.22,1052.4032383722388,8.02410368437575,-138.6658714528624,1,1
2012-04-10 13:18:00.760743+00:00,0.0,0.0,0.0,5906.411295121004,3.8696204553833424,-143.95792968901173,1,1
2012-04-10 21:53:00.758385+00:00,0.0,0.0,0.0,22132.243721761934,2.122726535093007,-147.45171752959243,1,1
2012-04-11 00:22:00.768545+00:00,3.57,7.84,11.95,745.2031178547867,6.035092719778107,-142.68915915178698,1,1
2012-04-11 02:37:00.767927+00:00,3.02,6.67,10.18,1770.4539127243293,6.930696356716092,-140.89795187791103,1,1
2012-04-11 18:08:00.765515+00:00,9.06,18.98,28.74,789.2649443983896,5.887544496668062,-144.12570149700622,1,1
2012-04-11 20:06:00.764975+00:00,6.96,14.79,22.44,29998.27014063044,4.842918101342481,-146.21495428765738,1,1
2012-04-12 10:53:00.760711+00:00,0.0,0.0,0.0,1661.2783283423084,3.2963281315312964,-150.3052148883859,1,1
2012-04-12 11:50:00.760450+00:00,0.0,0.0,0.0,977.4051023174948,5.790587058603945,-145.31669703424058,1,1
2012-04-12 19:17:00.760600+00:00,0.91,2.04,3.12,17073.16502665501,4.793528945742608,-147.3616540202561,1,1
2012-04-12 22:08:00.759817+00:00,0.0,0.0,0.0,652.4553380910148,4.5690222362519135,-147.81066743923753,1,1
2012-04-12 23:00:00.759579+00:00,0.0,0.0,0.0,738.4247904473355,3.803719240896807,-149.34127342994776,1,1
2012-04-13 01:19:00.768784+00:00,7.62,16.12,24.44,3774.426382503562,4.339080405269588,-148.50711283006123,1,1
2012-04-13 09:25:00.766559+00:00,5.77,12.38,18.82,1570.9699201888413,4.665091548924689,-147.8550905427511,1,1
2012-04-13 11:20:00.766033+00:00,8.45,17.77,26.91,15129.064005373591,3.196683027922837,-150.79190758475474,1,1
2012-04-13 20:36:00.765938+00:00,2.92,6.46,9.86,1113.4023679576046,3.5505032732530406,-151.29231567804138,1,1
2012-04-13 23:19:00.765192+00:00,0.0,0.02,0.01,675.9601508388274,4.540051229047651,-149.31321976645214,1,1
2012-04-13 23:56:00.765022+00:00,3.98,8.7,13.25,735.9990747891928,2.8593194214012967,-152.67468338174484,1,1
2012-04-14 00:55:00.765548+00:00,0.0,0.0,0.0,577.2665647567967,2.904694406195389,-148.03107914602194,1,1
2012-04-14 20:54:00.761555+00:00,0.0,0.0,0.0,22119.39805838608,7.567874478591671,-141.25606724012474,1,1
2012-04-15 01:09:00.760384+00:00,6.11,13.08,19.86,1017.4297189596249,2.75819798122787,-151.41492411735612,1,1
2012-04-15 06:49:00.758828+00:00,0.0,0.0,0.0,14740.854797688633,2.261980843749909,-152.40735839231203,1,1
2012-04-15 07:57:00.758516+00:00,0.0,0.0,0.0,564.3228166649349,6.560515591215024,-143.8102888973818,1,1
2012-04-15 20:14:00.767439+00:00,1.86,4.15,6.35,857.2348708861717,3.2467507161418463,-146.8281166008234,1,1
2012-04-16 00:37:00.766931+00:00,0.0,0.0,0.0,1224.9041654384241,3.61771385381571,-146.6591170037033,1,1
2012-04-16 02:34:00.766395+00:00,0.0,0.0,0.0,6780.230382214218,8.584767641308856,-136.72500942871704,1,1
2012-04-16 12:15:00.765131+00:00,0.0,0.02,0.04,4200.967869073949,3.9664331857120287,-151.5470959930537,1,1
2012-04-16 15:56:00.764120+00:00,0.0,0.02,0.01,25959535.746196207,4.4781596721484185,-150.5236430201809,2,1
2012-04-16 15:57:00.764115+00:00,0.0,0.02,0.01,25959535.746196207,4.4781596721484185,-150.5236430201809,2,1
2012-04-16 17:54:00.763579+00:00,0.0,0.02,0.01,788.8571249835461,4.134308918203239,-151.21134452807132,1,1
2012-04-17 02:01:00.761346+00:00,0.94,2.13,3.25,916.7601198302114,9.168290220539348,-138.60741071356176,1,1
2012-04-17 04:47:00.760586+00:00,0.0,0.0,0.0,1793.646782336264,7.38028432236538,-142.1834225099097,1,1
2012-04-17 05:10:00.760481+00:00,1.51,3.39,5.18,46498.86408959026,2.260822388949564,-152.4223463767413,1,1
2012-04-17 06:06:00.760225+00:00,0.0,0.0,0.0,1322.8420513322767,2.1273057918653038,-152.6893795709099,1,1
2012-04-17 10:10:00.759108+00:00,5.74,12.32,18.72,93788.78271498943,0.5761894695373845,-155.7916122155657,1,1
2012-04-17 10:26:00.759034+00:00,0.0,0.02,0.0,5623.600059278214,1.5588381244497842,-153.82631490574087,3,2
2012-04-17 10:27:00.759030+00:00,0.0,0.02,0.0,5623.600059278214,1.5588381244497842,-153.82631490574087,3,1
2012-04-17 11:33:00.758728+00:00,0.0,0.0,0.0,7301.364384717547,2.0257285819162933,-152.89253399080786,1,1
2012-04-17 13:34:00.759870+00:00,0.0,0.0,0.0,1526.3490261482932,3.8144016692928338,-151.71455666941972,1,1
2012-04-17 17:41:00.758739+00:00,0.0,0.0,0.0,1222733.9973844294,5.798934961648572,-147.74549008470825,2,1
2012-04-17 17:42:00.758734+00:00,0.0,0.0,0.0,1222733.9973844294,5.798934961648572,-147.74549008470825,2,1
2012-04-17 22:25:00.757439+00:00,0.0,0.0,0.0,2333.228807057132,6.9413847326751785,-145.46059054265504,1,1
2012-04-18 03:59:00.768306+00:00,0.0,0.0,0.0,297578.3439271494,6.134129108221524,-144.24771553929511,1,1
2012-04-18 12:02:00.765591+00:00,0.0,0.0,0.0,1676.5811371276068,-3.776124912774774,-165.14564079463872,1,1
2012-04-18 12:56:00.765344+00:00,9.66,20.18,30.54,16056.92854196964,3.1997175549376045,-151.19395585921401,1,1
2012-04-18 13:16:00.765252+00:00,0.0,0.0,0.0,4992.5797154457705,2.2711218873007946,-153.05114719448758,1,1
2012-04-18 23:14:00.762515+00:00,0.0,0.0,0.0,1316.4710856771092,3.1054457738754504,-151.38249942133828,1,1
2012-04-19 22:36:00.758689+00:00,10.04,20.94,31.67,2632.543599351604,3.0005039474119477,-147.53116617534644,1,1
2012-04-20 01:10:00.769025+00:00,1.08,2.44,3.73,41646.77580220947,6.740140934618478,-143.96563519501828,2,1
2012-04-20 01:11:00.769021+00:00,0.0,0.0,0.0,41646.77580220947,6.740140934618478,-143.96563519501828,2,1
2012-04-20 02:23:00.768691+00:00,0.0,0.0,0.0,739.3598576415336,3.556793581838221,-150.3323299005788,1,1
2012-04-20 07:40:00.767240+00:00,4.38,9.54,14.53,529.420330422349,3.4259462479245397,-150.59402456840616,1,1
2012-04-20 17:09:00.765285+00:00,0.0,0.0,0.0,11461.549324454085,10.649391603253566,-136.98787249845822,1,1
2012-04-21 06:04:00.763434+00:00,8.69,18.26,27.64,504.56286086946153,6.313659076274629,-145.95520057791947,1,1
2012-04-21 06:53:00.763209+00:00,0.0,0.0,0.0,19264.17531931737,8.338378986664006,-141.90576075714068,3,1
2012-04-21 07:00:00.763177+00:00,0.0,0.0,0.0,19264.17531931737,8.338378986664006,-141.90576075714068,3,1
2012-04-21 07:02:00.763168+00:00,0.0,0.0,0.0,19264.17531931737,8.338378986664006,-141.90576075714068,3,1
2012-04-21 19:32:00.761031+00:00,1.3,2.92,4.46,8085.613031280666,8.710914187608072,-134.1341224616436,1,1
2012-04-21 23:14:00.760015+00:00,4.15,9.04,13.78,40186.74550859541,3.943628288234011,-143.6686942603917,1,1
2012-04-22 00:15:00.762131+00:00,2.94,6.49,9.91,791.0428180272148,2.569961767073972,-146.22177588608628,1,1
2012-04-22 00:28:00.762072+00:00,0.0,0.02,0.01,686.5532468478327,3.9483853528813855,-143.46492871447143,1,1
2012-04-22 02:18:00.761568+00:00,0.0,0.02,0.01,67919.7909423184,7.910522801151509,-135.54065381793123,2,1
2012-04-22 02:19:00.761564+00:00,0.0,0.02,0.01,67919.7909423184,7.910522801151509,-135.54065381793123,2,1
2012-04-22 02:48:00.761431+00:00,8.9,18.67,28.27,624.0964291892417,5.810524890848466,-139.74064963853732,2,1
2012-04-22 02:55:00.761399+00:00,9.08,19.02,28.8,622.5394893736327,8.934274181087536,-133.49315105805917,3,1
2012-04-22 03:04:00.761358+00:00,7.06,14.99,22.75,576.2456421286648,10.378511470502351,-130.60467647922954,2,1
2012-04-22 03:21:00.761280+00:00,8.6,18.07,27.36,564.4322737306809,7.314196937859887,-136.73330554451445,2,1
2012-04-22 03:24:00.761266+00:00,8.6,18.07,27.36,564.4322737306809,7.314196937859887,-136.73330554451445,2,1
2012-04-22 03:52:00.761138+00:00,2.29,5.11,7.8,782.3372583730729,4.423109801801092,-142.51547981663202,7,1
2012-04-22 03:55:00.761124+00:00,2.29,5.11,7.8,782.3372583730729,4.423109801801092,-142.51547981663202,7,1
2012-04-22 03:57:00.761115+00:00,2.29,5.11,7.8,782.3372583730729,4.423109801801092,-142.51547981663202,7,1
2012-04-22 03:58:00.761110+00:00,2.2,4.9,7.49,905.3796949750271,4.6813330069559465,-141.9990334063223,8,1
2012-04-22 03:59:00.761106+00:00,2.18,4.86,7.43,866.0022083810077,4.939556212110799,-141.48258699601263,9,2
2012-04-22 04:02:00.761092+00:00,2.22,4.94,7.55,824.1697333770403,7.372413514146874,-136.6168723919405,10,1
2012-04-22 04:08:00.761065+00:00,6.96,14.79,22.44,671.7692648454406,9.589999110428204,-132.18170119937784,10,2
2012-04-22 04:10:00.761056+00:00,6.82,14.5,22.0,692.6067648443185,10.490807081518962,-130.3800852571963,7,1
2012-04-22 04:11:00.761051+00:00,6.82,14.5,22.0,692.6067648443185,10.490807081518962,-130.3800852571963,7,1
2012-04-22 04:13:00.761042+00:00,6.85,14.56,22.1,779.3044866126631,10.597018980741561,-130.16766145875113,6,1
2012-04-22 04:14:00.761037+00:00,6.85,14.56,22.1,779.3044866126631,10.597018980741561,-130.16766145875113,6,1
2012-04-22 05:03:00.760813+00:00,2.29,5.11,7.8,1073.302866603533,11.330056217690275,-128.70158698485372,6,1
2012-04-22 05:05:00.760804+00:00,2.22,4.94,7.55,971.331934671528,11.330056217690275,-128.70158698485372,8,1
2012-04-22 05:09:00.760785+00:00,10.34,21.54,32.57,838.3425006865402,11.330056217690275,-128.70158698485372,10,1
2012-04-22 05:11:00.760776+00:00,10.23,21.32,32.25,838.3425006865402,11.330056217690275,-128.70158698485372,10,2
2012-04-22 05:12:00.760772+00:00,10.19,21.24,32.12,838.3425006865402,11.330056217690275,-128.70158698485372,10,1
2012-04-22 05:13:00.760767+00:00,9.98,20.81,31.48,838.3425006865402,11.330056217690275,-128.70158698485372,10,1
2012-04-22 05:14:00.760763+00:00,9.93,20.73,31.35,878.8321165199558,11.389325482226074,-128.5830484557821,9,1
2012-04-22 05:16:00.760753+00:00,2.18,4.86,7.43,838.3425006865402,11.44035025010638,-128.48099892002148,8,2
2012-04-22 05:44:00.760625+00:00,0.0,0.02,0.0,1059.7642300890573,10.513257449960001,-130.33518452031424,4,1
2012-04-22 05:51:00.760593+00:00,8.65,18.18,27.53,927.8538617309024,9.79841006632382,-131.76487928758658,5,1
2012-04-22 05:52:00.760589+00:00,8.65,18.18,27.53,927.8538617309024,9.79841006632382,-131.76487928758658,5,1
2012-04-22 05:54:00.760579+00:00,8.69,18.26,27.64,990.4784786207283,10.555507648075894,-130.25068412408243,6,1
2012-04-22 05:57:00.760566+00:00,8.88,18.64,28.21,935.9008893757707,11.608980260639965,-128.14373889895433,6,1
2012-04-22 06:03:00.760538+00:00,8.54,17.95,27.19,839.9717454132667,12.189524267445554,-126.98265088534313,6,1
2012-04-22 06:05:00.760529+00:00,7.64,16.15,24.49,828.5394630358683,12.545223693140285,-126.27125203395369,6,1
2012-04-22 06:07:00.760520+00:00,7.43,15.74,23.86,821.0611126618322,13.009692781272586,-125.34231385768905,6,1
2012-04-22 06:11:00.760502+00:00,3.26,7.18,10.95,904.9892969761052,12.616754142841414,-126.12819113455141,9,1
2012-04-22 06:14:00.760488+00:00,3.19,7.04,10.75,887.0887247678955,13.003346383505313,-125.3550066532236,8,1
2012-04-22 06:15:00.760483+00:00,3.45,7.58,11.55,803.1605404536226,12.545223693140285,-126.27125203395369,8,1
2012-04-22 06:18:00.760470+00:00,3.4,7.48,11.4,887.0887247678955,13.003346383505313,-125.3550066532236,8,3
2012-04-22 06:25:00.760438+00:00,3.98,8.7,13.25,948.4047956777944,12.532075528977003,-126.29754836228024,12,1
2012-04-22 06:28:00.760424+00:00,4.82,10.43,15.88,948.4047956777944,11.850787277032945,-127.66012486616836,10,2
2012-04-22 06:31:00.760410+00:00,4.58,9.94,15.13,932.9871582091638,12.332957817730456,-126.69578378477331,9,1
2012-04-22 06:32:00.760406+00:00,4.58,9.94,15.13,932.9871582091638,12.332957817730456,-126.69578378477331,9,2
2012-04-22 06:35:00.760392+00:00,4.62,10.03,15.27,868.5017452242364,12.824000723366124,-125.71369797350201,12,2
2012-04-22 06:37:00.760383+00:00,4.62,10.03,15.27,868.5017452242364,12.824000723366124,-125.71369797350201,12,1
2012-04-22 06:43:00.760355+00:00,0.0,0.02,0.01,831.4623237338435,13.639048042626802,-124.08360333498064,11,1
2012-04-22 06:44:00.760351+00:00,0.0,0.02,0.01,831.4623237338435,13.639048042626802,-124.08360333498064,11,3
2012-04-22 06:50:00.760323+00:00,0.0,0.02,0.01,831.4623237338435,13.311224034627351,-124.73925135097954,9,1
2012-04-22 06:51:00.760319+00:00,0.0,0.02,0.01,831.4623237338435,13.311224034627351,-124.73925135097954,9,1
2012-04-22 06:52:00.760314+00:00,0.0,0.02,0.01,831.4623237338435,13.311224034627351,-124.73925135097954,9,1
2012-04-22 06:53:00.760309+00:00,0.0,0.02,0.01,831.4623237338435,13.311224034627351,-124.73925135097954,9,1
2012-04-22 06:55:00.760300+00:00,0.0,0.02,0.01,1416.188992359498,13.311224034627351,-124.73925135097954,5,1
2012-04-22 07:08:00.760241+00:00,8.49,17.84,27.02,69822.29215914206,2.86009016643571,-145.6415190873628,1,1
2012-04-22 16:04:00.767483+00:00,0.0,0.0,0.0,144487.7118525019,4.543494893865735,-144.72156776055388,2,1
2012-04-22 16:05:00.767478+00:00,0.0,0.0,0.0,144487.7118525019,4.543494893865735,-144.72156776055388,2,1
2012-04-22 17:43:00.767030+00:00,9.5,19.86,30.05,621.4437699232092,10.746486964784069,-132.31558361871723,1,1
2012-04-22 21:01:00.766123+00:00,0.0,0.0,0.0,4537.205835305202,3.1613882530900907,-147.48578104210517,1,1
2012-04-23 00:34:00.766544+00:00,0.0,0.0,0.0,12099974.925881192,4.112188415968439,-144.11279578237455,1,1
2012-04-23 03:17:00.765798+00:00,3.43,7.54,11.5,3793.1288714828215,4.60203583614905,-143.13310094201333,4,1
2012-04-23 03:19:00.765789+00:00,3.43,7.54,11.5,3793.1288714828215,4.60203583614905,-143.13310094201333,4,1
2012-04-23 03:22:00.765775+00:00,3.43,7.54,11.5,3793.1288714828215,4.60203583614905,-143.13310094201333,4,1
2012-04-23 03:25:00.765762+00:00,3.43,7.54,11.5,3793.1288714828215,4.60203583614905,-143.13310094201333,4,1
2012-04-23 03:44:00.765675+00:00,5.74,12.32,18.72,3525.566142589705,6.68511143159371,-138.966949751124,1,1
2012-04-23 12:19:00.763813+00:00,0.0,0.02,0.0,713.6348749841933,4.5114609255251725,-142.07169088140958,1,1
2012-04-23 13:05:00.763602+00:00,9.32,19.5,29.51,708.8708591466034,4.093852442802072,-142.90690784685574,1,1
2012-04-24 02:59:00.762681+00:00,0.98,2.21,3.38,517.0312036376922,6.9044951444436125,-137.32937624911412,1,1
2012-04-24 07:55:00.761326+00:00,0.0,0.0,0.0,5122.5742849447715,3.987827542982569,-143.16271145203618,1,1
2012-04-24 09:57:00.760767+00:00,0.0,0.0,0.0,13693.511839431352,2.289479532422842,-146.55940747315566,1,1
2012-04-24 12:27:00.760276+00:00,0.0,0.02,0.0,8385.204406081371,6.295071451744242,-145.06160133295344,1,1
2012-04-24 16:02:00.759292+00:00,0.0,0.0,0.0,830.367862130323,5.105385819976152,-147.44097259648962,1,1
2012-04-24 18:14:00.758688+00:00,0.78,1.76,2.69,542.6179805973197,5.3840415846945975,-146.88366106705269,1,1
2012-04-24 22:20:00.757562+00:00,0.0,0.0,0.0,5672.425461827479,4.474579111194929,-148.70258601405206,1,1
2012-04-24 23:55:00.757127+00:00,2.42,5.39,8.23,3967.489386268832,4.082941643398571,-149.48586094964475,1,1
2012-04-25 01:46:00.768515+00:00,0.0,0.0,0.0,709.8259715962292,3.3553901338034438,-149.49547969480753,1,1
2012-04-25 02:48:00.768231+00:00,0.0,0.02,0.01,12781.851672363215,2.6083937985241907,-150.98947236536603,1,1
2012-04-25 03:41:00.767988+00:00,5.39,11.61,17.64,1075.657337612426,5.865321328893648,-144.47561730462712,1,1
2012-04-25 04:47:00.767686+00:00,4.5,9.79,14.9,2809.5173452466465,6.193281136115714,-143.81969769018298,1,1
2012-04-25 11:02:00.765970+00:00,9.79,20.43,30.91,352371.0382196692,3.74486259221316,-148.7165347779881,6,2
2012-04-25 11:03:00.765965+00:00,9.79,20.43,30.91,352371.0382196692,3.74486259221316,-148.7165347779881,6,2
2012-04-25 11:04:00.765960+00:00,9.79,20.43,30.91,352371.0382196692,3.74486259221316,-148.7165347779881,6,2
2012-04-25 12:04:00.765482+00:00,0.0,0.02,0.0,863.1297089425196,0.6780990655001746,-156.53082574492126,1,1
2012-04-25 15:58:00.764410+00:00,3.15,6.94,10.59,3330.9588626246523,8.09354638241717,-141.6999311110873,2,2
2012-04-26 06:16:00.763179+00:00,0.0,0.02,0.01,1381.801959671008,2.6367737089113192,-151.58211197903003,1,1
2012-04-26 07:22:00.762877+00:00,3.66,8.03,12.24,75653.00227149976,6.505816747639017,-143.8440259015747,1,1
2012-04-26 08:36:00.762538+00:00,2.39,5.31,8.11,1729.8462241102695,4.70491274092435,-147.44583391500402,1,1
2012-04-26 08:47:00.762488+00:00,4.98,10.77,16.39,34266548.73280081,5.444212777737091,-145.9672338413785,1,1
2012-04-26 12:34:00.761644+00:00,5.83,12.51,19.01,121161.68972624822,3.827414899221132,-148.05611534055154,2,1
2012-04-26 12:35:00.761640+00:00,5.83,12.51,19.01,121161.68972624822,3.827414899221132,-148.05611534055154,2,1
2012-04-26 13:24:00.761415+00:00,0.0,0.02,0.0,3185.824074847017,1.4691821363494808,-152.77258086629485,1,1
2012-04-27 06:36:00.758787+00:00,0.0,0.0,0.0,3971.740891697525,4.594565479370538,-146.3915058106254,1,1
2012-04-27 11:35:00.757418+00:00,5.63,12.1,18.39,963.3662179605001,4.203267903017196,-147.1741009633321,2,2
2012-04-27 11:56:00.757322+00:00,4.43,9.63,14.67,984.3837786768103,4.037812044701125,-147.50501267996427,1,1
2012-04-27 13:57:00.765964+00:00,0.0,0.0,0.0,1106.7597930515178,3.2649290527200083,-151.06863349736787,1,1
2012-04-27 16:08:00.765365+00:00,0.0,0.0,0.0,1231.7916133937151,6.073475031492971,-145.4515415398219,1,1
2012-04-27 22:21:00.763657+00:00,0.0,0.0,0.0,1247.3612981567892,5.134481595325319,-147.32952841215726,1,1
2012-04-27 23:18:00.763396+00:00,0.0,0.0,0.0,26609.834472189013,6.232458535630902,-145.1335745315461,1,1
2012-04-28 01:56:00.763869+00:00,0.0,0.0,0.0,528.0284857635105,4.87570635417132,-147.6408859568931,1,1
2012-04-28 02:43:00.763654+00:00,0.0,0.0,0.0,942.8762437878908,6.419073865311713,-144.55415093461232,1,1
2012-04-28 08:46:00.761992+00:00,0.0,0.0,0.0,764.2438530999145,5.517341291031626,-146.35761608317245,1,1
2012-04-28 11:10:00.761333+00:00,0.0,0.0,0.0,578.8453374246212,5.654276186550198,-146.08374629213532,1,1
2012-04-28 21:04:00.760810+00:00,0.0,0.0,0.0,734.2096351807413,5.163238645956499,-146.54439160053337,1,1
2012-04-28 21:40:00.760645+00:00,8.5,17.88,27.08,5061.642365473394,6.1134576880627645,-144.64395351632083,1,1
2012-04-29 00:07:00.760468+00:00,7.15,15.16,23.0,8527.042194835425,5.002746866751792,-145.2528498735289,2,1
2012-04-29 00:11:00.760450+00:00,7.15,15.16,23.0,8527.042194835425,5.002746866751792,-145.2528498735289,2,1
2012-04-29 02:35:00.759790+00:00,10.3,21.45,32.44,735.1033291142483,5.500511974481976,-144.2573196580686,1,1
2012-04-29 04:17:00.759323+00:00,0.0,0.0,0.0,683.6163892980653,2.5857928909006898,-150.08675782523116,1,1
2012-04-29 17:37:00.766657+00:00,10.17,21.19,32.05,753.3785241139979,6.1595863197280165,-144.0479338390299,1,1
2012-04-30 01:55:00.766174+00:00,0.01,0.02,0.04,75276.64551866543,11.185149372801156,-132.61426903731476,1,1
2012-04-30 03:03:00.765862+00:00,0.0,0.0,0.0,1350.6146162491127,2.2374660852518145,-150.50963561241343,1,1
2012-04-30 06:02:00.765043+00:00,4.13,9.01,13.73,548.4298935967773,7.455894024860394,-140.07277973319628,1,1
2012-04-30 23:36:00.761614+00:00,5.42,11.67,17.74,516.9720047856358,5.112347734216907,-141.78747141149427,1,1
2012-05-01 00:25:00.763086+00:00,0.0,0.0,0.0,1600.748119831583,4.667732338455456,-147.03287286521257,1,1
2012-05-01 03:14:00.762312+00:00,0.0,0.0,0.0,1274.2234669253826,3.8366495734230917,-148.69503839527732,1,1
2012-05-01 06:44:00.761351+00:00,7.85,16.57,25.12,514.792021810821,3.7685871935638,-148.8311631549959,1,1
2012-05-01 08:42:00.760810+00:00,3.37,7.41,11.3,33106437.13428289,2.106806159750096,-152.15472522262328,1,1
2012-05-01 12:27:00.760776+00:00,5.22,11.27,17.13,3367.723849412356,4.769151279932432,-142.96779196367942,1,1
2012-05-01 20:32:00.758556+00:00,2.87,6.35,9.7,3045.034456115134,3.421567494175449,-145.6629595351934,2,1
2012-05-01 20:41:00.758515+00:00,2.87,6.35,9.7,3045.034456115134,3.421567494175449,-145.6629595351934,2,1
2012-05-02 04:41:00.766314+00:00,0.0,0.0,0.0,18081.865416731787,4.308331639735353,-138.52154940198213,2,1
2012-05-02 04:50:00.766272+00:00,0.0,0.0,0.0,18081.865416731787,4.308331639735353,-138.52154940198213,2,1
2012-05-03 00:07:00.763268+00:00,7.55,15.98,24.23,33927.155367362066,1.3541417104807123,-149.61580603683348,1,1
2012-05-03 03:57:00.762215+00:00,5.94,12.73,19.34,4156.233801570296,5.354409168806815,-141.61527112018126,1,1
2012-05-03 21:34:00.758172+00:00,4.56,9.91,15.09,157143.60802009483,4.562214295587824,-143.47394425290713,4,1
2012-05-03 21:35:00.758168+00:00,4.56,9.91,15.09,157143.60802009483,4.562214295587824,-143.47394425290713,4,3
2012-05-04 15:49:00.766052+00:00,0.0,0.0,0.0,3426.431254948399,4.998728075194983,-142.2648280183625,1,1
2012-05-05 04:36:00.764437+00:00,10.23,21.32,32.25,1097.8928565471056,3.607398878842683,-149.2861988255296,1,1
2012-05-05 04:52:00.764363+00:00,7.28,15.43,23.4,39125.17161233587,3.1294540699333813,-150.24208844334817,1,1
2012-05-05 06:36:00.763887+00:00,8.98,18.83,28.5,58501.7236415354,2.8648757086180314,-150.77124516597888,3,1
2012-05-05 06:37:00.763883+00:00,8.98,18.83,28.5,58501.7236415354,2.8648757086180314,-150.77124516597888,3,2
2012-05-05 10:16:00.762880+00:00,9.2,19.26,29.15,13562.741617230278,6.12761290971346,-144.24577076378804,1,1
2012-05-05 12:33:00.763149+00:00,2.72,6.03,9.2,866.3953886213577,3.7679360293240927,-151.6474085490834,1,1
2012-05-05 15:39:00.762297+00:00,0.0,0.0,0.0,3402.3551111379447,5.394118485590007,-148.39504363655158,1,1
2012-05-05 17:14:00.761863+00:00,0.0,0.0,0.0,1430.145902918097,3.3854586390183234,-152.41236332969498,1,1
2012-05-05 17:38:00.761753+00:00,0.0,0.02,0.04,2838.2003468720286,3.3905508553295265,-152.40217889707256,1,1
2012-05-05 20:05:00.761080+00:00,0.0,0.0,0.0,627.5442248234664,4.8613643723815185,-149.46055186296857,1,1
2012-05-06 01:53:00.761183+00:00,0.78,1.76,2.69,628.8056998182368,9.517205006082614,-139.83164676337984,1,1
2012-05-06 06:34:00.759896+00:00,9.98,20.81,31.48,780.584881029862,7.118434472215812,-144.62918783111343,1,1
2012-05-06 08:15:00.759434+00:00,0.0,0.0,0.0,1891.1865383141771,7.259809331220684,-144.3464381131037,1,1
2012-05-06 11:19:00.758592+00:00,0.0,0.0,0.0,753.2623495932277,3.3475367191942067,-152.17098333715666,2,1
2012-05-06 11:26:00.758560+00:00,0.0,0.0,0.0,753.2623495932277,3.3475367191942067,-152.17098333715666,2,1
2012-05-06 13:15:00.768957+00:00,0.0,0.0,0.0,1209.4548458528736,6.271734368644358,-147.1274082764713,1,1
2012-05-06 13:41:00.768838+00:00,3.84,8.41,12.82,822.5383182834039,10.166928253738996,-139.33702050628207,1,1
2012-05-06 15:15:00.768407+00:00,6.22,13.3,20.19,1738.5014683530387,12.490925818914487,-134.68902537593107,1,1
2012-05-06 15:33:00.768325+00:00,5.07,10.96,16.67,636569.32224092,5.727283363299372,-148.21631028716132,4,3
2012-05-06 15:34:00.768320+00:00,5.07,10.96,16.67,636569.32224092,5.727283363299372,-148.21631028716132,4,1
2012-05-06 15:51:00.768243+00:00,3.31,7.28,11.1,3082.743637979105,6.473316680274078,-146.7242436532119,1,1
2012-05-06 18:36:00.767487+00:00,0.0,0.0,0.0,4169.589509654397,8.74109313557876,-142.18869074260255,1,1
2012-05-07 11:07:00.764247+00:00,6.69,14.23,21.6,1390.83189300559,4.430890849696941,-148.5009964925093,1,1
2012-05-07 19:06:00.762050+00:00,0.0,0.0,0.0,33096.994233945145,2.7919811354135793,-150.92075307142954,1,1
2012-05-07 20:02:00.761794+00:00,1.75,3.91,5.98,1014295.026925106,5.745769144463327,-145.0131770533301,6,1
2012-05-07 20:03:00.761789+00:00,1.75,3.91,5.98,1014295.026925106,5.745769144463327,-145.0131770533301,6,3
2012-05-07 20:04:00.761784+00:00,1.75,3.91,5.98,1014295.026925106,5.745769144463327,-145.0131770533301,6,2
2012-05-08 01:24:00.761315+00:00,0.0,0.0,0.0,14282.511464428162,6.0085571360177825,-146.87817475006898,1,1
2012-05-08 01:41:00.761238+00:00,2.95,6.53,9.96,1085.0401844383805,3.8384081955177702,-151.21847263106903,1,1
2012-05-08 03:21:00.760780+00:00,0.0,0.0,0.0,830.8935725058649,7.3364061684871436,-144.22247668513032,2,1
2012-05-08 03:23:00.760771+00:00,0.0,0.0,0.0,830.8935725058649,7.3364061684871436,-144.22247668513032,2,1
2012-05-08 03:59:00.760606+00:00,1.05,2.37,3.62,17445.221026266256,5.673133716954823,-147.5490215881949,1,1
2012-05-08 08:04:00.759484+00:00,8.79,18.45,27.93,372070.8840043128,10.720720556886183,-137.4538479083322,1,1
2012-05-08 13:44:00.760424+00:00,0.0,0.0,0.0,5089.140080735404,4.69787454160249,-147.46793199571158,1,1
2012-05-08 19:59:00.758707+00:00,4.47,9.73,14.81,761.0641779470026,7.153693188894792,-142.55629470112697,1,1
2012-05-08 21:05:00.758405+00:00,0.0,0.02,0.0,324859.647351356,1.1945275920237988,-154.47462589486898,1,1
2012-05-09 01:14:00.767361+00:00,2.39,5.31,8.11,1057.265921447976,6.602964677294603,-140.2204158429911,1,1
2012-05-09 01:45:00.767219+00:00,6.77,14.4,21.85,922.0937891064588,6.788844808961171,-139.848655579658,1,1
2012-05-09 05:03:00.766313+00:00,4.79,10.37,15.78,4214.795664517914,8.464751983851299,-136.4968412298777,1,1
2012-05-09 13:56:00.765569+00:00,5.31,11.45,17.41,102418.54552804914,6.68839942192883,-139.3394445993,5,3
2012-05-09 13:57:00.765564+00:00,5.31,11.45,17.41,102418.54552804914,6.68839942192883,-139.3394445993,5,2
2012-05-09 20:55:00.763651+00:00,0.0,0.0,0.0,764.8050943893904,4.1106399058004905,-144.4949636315567,1,1
2012-05-10 01:43:00.762128+00:00,0.0,0.0,0.0,19715.18175439524,3.9272320761556654,-152.07581268310796,1,1
2012-05-10 03:32:00.761629+00:00,3.37,7.41,11.3,3163.2179486822674,4.1477960272943815,-151.63468478083053,1,1
2012-05-10 10:59:00.759583+00:00,0.0,0.0,0.0,691.0417758520415,5.290858173809171,-149.34856048780094,1,1
2012-05-10 13:51:00.760092+00:00,4.01,8.76,13.35,562.5723141088812,4.331616848355993,-149.17925683017063,1,1
2012-05-10 15:58:00.759510+00:00,0.0,0.02,0.0,1085368.1122026106,3.033815571964313,-151.77485938295402,3,2
2012-05-10 15:59:00.759506+00:00,0.0,0.02,0.0,1085368.1122026106,3.033815571964313,-151.77485938295402,3,1
2012-05-10 16:26:00.759382+00:00,0.0,0.02,0.0,5750.992524426338,3.608477681763144,-150.62553516335637,1,1
2012-05-10 20:52:00.758165+00:00,8.73,18.33,27.76,1293.895577873636,3.762092912220028,-150.31830470244256,1,1
2012-05-10 23:05:00.757556+00:00,0.0,0.0,0.0,790.8278682289648,4.027922239592861,-149.7866460476969,1,1
2012-05-11 00:24:00.768436+00:00,0.0,0.0,0.0,13243.46110191579,7.118836763481057,-145.38550830422238,1,1
2012-05-11 01:45:00.768065+00:00,8.16,17.18,26.03,13137.195680817906,4.261079507787187,-151.10102281561012,1,1
2012-05-11 03:03:00.767708+00:00,2.02,4.52,6.9,51074.885856220506,6.2173425635491775,-147.18849670408613,1,1
2012-05-11 11:00:00.765524+00:00,0.0,0.0,0.0,728.1846083436221,3.5009958503199394,-152.62119013054462,1,1
2012-05-11 15:20:00.766384+00:00,6.48,13.81,20.97,1652.4389929163258,6.6713950212252024,-142.66193774645618,2,1
2012-05-11 15:21:00.766380+00:00,6.48,13.81,20.97,1652.4389929163258,6.6713950212252024,-142.66193774645618,2,1
2012-05-11 19:07:00.765345+00:00,0.0,0.0,0.0,3055.781009693597,2.6992949217972755,-150.606137945312,1,1
2012-05-11 19:20:00.765286+00:00,8.28,17.44,26.42,96671.72596060832,4.384270868958036,-147.23618605099043,1,1
2012-05-12 02:14:00.764387+00:00,7.94,16.75,25.39,68179.626951965,7.0983817583829145,-143.164042774472,1,1
2012-05-12 02:37:00.764281+00:00,0.0,0.0,0.0,2253.586397758749,3.1646900021313744,-151.0314262869751,1,1
2012-05-12 03:30:00.764039+00:00,0.0,0.02,0.0,624329.3379528957,2.7081615044990874,-151.94448328223962,1,1
2012-05-12 06:26:00.763233+00:00,0.0,0.0,0.0,82232.93827987977,4.342666260102479,-148.67547377103287,1,1
2012-05-12 07:49:00.762853+00:00,3.8,8.32,12.68,5405.316855834568,4.9527592836351095,-147.4552877239676,1,1
2012-05-12 09:35:00.762368+00:00,0.0,0.0,0.0,2139.809477625546,4.6497032717977245,-148.06139974764238,1,1
2012-05-12 10:55:00.762002+00:00,0.0,0.0,0.0,2161.0855442556112,2.6801404846022665,-152.0005253220333,1,1
2012-05-12 13:08:00.761789+00:00,0.0,0.02,0.0,328337.40018989076,4.690798833499153,-150.5729973155283,2,1
2012-05-12 13:09:00.761784+00:00,0.0,0.02,0.0,328337.40018989076,4.690798833499153,-150.5729973155283,2,1
2012-05-12 16:08:00.760965+00:00,3.0,6.63,10.12,969.6062382898393,3.598609701979889,-152.75737557856684,1,1
2012-05-12 20:12:00.759848+00:00,0.0,0.0,0.0,853.694060336486,2.7209366633958574,-154.51272165573488,1,1
2012-05-12 20:24:00.759793+00:00,0.0,0.0,0.0,79936.90087363952,3.5143169831719003,-152.9259610161828,2,1
2012-05-12 20:25:00.759788+00:00,0.0,0.0,0.0,20602.475235253998,3.87030592067004,-152.21398314118653,3,1
2012-05-12 20:35:00.759742+00:00,7.15,15.16,23.0,3492.4168874829134,24.472228316838088,-111.01013834885045,1,1
2012-05-13 00:46:00.760789+00:00,0.0,0.0,0.0,723.9704926605984,12.765497677637882,-135.70668415086598,1,1
2012-05-13 02:38:00.760277+00:00,9.93,20.73,31.35,3363.593707051129,3.059106711771635,-155.11946608259848,1,1
2012-05-13 03:52:00.759938+00:00,0.0,0.0,0.0,11938.164272983013,4.185740897472308,-152.86619771119715,1,1
2012-05-13 06:37:00.759183+00:00,0.0,0.0,0.0,1271.2666928015308,4.106019825488714,-153.02563985516431,1,1
2012-05-13 08:31:00.758661+00:00,0.0,0.0,0.0,929.0424749117967,3.183321414605045,-154.87103667693162,1,1
2012-05-13 09:05:00.758505+00:00,0.0,0.0,0.0,1112.7404040856713,3.7782065643221467,-153.68126637749745,1,1
2012-05-13 09:43:00.758331+00:00,0.0,0.0,0.0,1215.0059884012314,6.662047115209281,-147.9135852757232,1,1
2012-05-13 10:08:00.758217+00:00,3.92,8.57,13.06,1022.2720142640494,9.62233425839237,-141.993010989357,1,1
2012-05-13 14:48:00.768531+00:00,4.0,8.73,13.3,5165.791845345564,1.8693185020418803,-155.09677609252398,1,1
2012-05-13 15:58:00.768210+00:00,9.52,19.9,30.11,1275.8181461599688,7.51747322827034,-143.80046664006701,1,1
2012-05-14 00:40:00.766617+00:00,4.88,10.56,16.06,923.770901505106,5.8685664749373325,-141.8640723724179,1,1
2012-05-14 07:08:00.764841+00:00,4.33,9.42,14.34,36948.51197838286,5.13642232308338,-143.32836067612584,1,1
2012-05-14 11:30:00.763641+00:00,5.62,12.07,18.35,14660.17023027766,2.2899868767510227,-149.02123156879054,1,1
2012-05-14 12:37:00.764931+00:00,8.37,17.62,26.69,7808.778911116815,7.402939775655607,-143.56937698514204,1,1
2012-05-14 12:53:00.764857+00:00,0.0,0.0,0.0,40162.97321166629,6.644929429190565,-145.08539767807213,1,1
2012-05-14 15:49:00.764052+00:00,2.29,5.11,7.8,10339.412462091484,5.796752859311018,-146.78175081783118,1,1
2012-05-14 17:35:00.763566+00:00,0.0,0.0,0.0,1623.3527137096091,5.638947086019191,-147.0973623644149,1,1
2012-05-14 21:40:00.762445+00:00,0.0,0.0,0.0,1114.8749361196865,5.617040934490659,-147.14117466747194,1,1
2012-05-14 21:56:00.762372+00:00,0.0,0.0,0.0,881.0300435773457,6.052343132022835,-146.27057027240758,1,1
2012-05-14 22:33:00.762202+00:00,8.47,17.81,26.97,684.7149713452047,5.665874003304328,-147.0435085298446,1,1
2012-05-15 02:15:00.761482+00:00,9.38,19.62,29.69,672.426724281961,5.659162679305713,-144.71277559248026,1,1
2012-05-15 03:51:00.761043+00:00,1.02,2.29,3.5,585.7692315574812,2.742481456039707,-150.54613803901225,1,1
2012-05-15 12:41:00.769012+00:00,0.0,0.0,0.0,988.2802677876127,9.847153073816537,-132.96846071054605,1,1
2012-05-15 17:42:00.767634+00:00,0.0,0.0,0.0,1569.0961898699004,1.7490285216386257,-149.16470981490187,1,1
2012-05-15 18:34:00.767396+00:00,8.05,16.97,25.71,1982.745949655662,3.2164832643189736,-146.22980032954115,1,1
2012-05-16 14:38:00.764977+00:00,6.88,14.63,22.2,2501.445118316981,3.7351267016817546,-147.64698686237796,1,1
2012-05-16 17:37:00.764157+00:00,3.6,7.9,12.05,1679.726924795224,5.748251827082664,-143.62073661157615,1,1
2012-05-16 19:27:00.763654+00:00,0.0,0.0,0.0,820.2103575160521,12.836032594659915,-129.44517507642163,1,1
2012-05-17 02:23:00.761945+00:00,0.0,0.0,0.0,8802.488292447211,1.8584895689299337,-148.48285253890324,1,1
2012-05-17 10:47:00.759638+00:00,4.09,8.92,13.59,825.9937748458591,4.469355634488694,-143.26112040778568,1,1
2012-05-17 21:13:00.758669+00:00,2.7,5.99,9.15,671.3358890413595,5.035067278734884,-143.1321077364385,1,1
2012-05-17 21:52:00.758490+00:00,0.0,0.0,0.0,2118.081238035684,5.091877355266671,-143.0184875833749,1,1
2012-05-18 08:20:00.767657+00:00,0.0,0.02,0.0,550.3061334790568,3.1259626499553765,-145.7515822884221,1,1
2012-05-18 17:43:00.766230+00:00,0.0,0.0,0.0,3579.792651794865,8.827559882093517,-136.05480812165888,1,1
2012-05-18 18:13:00.766092+00:00,1.18,2.65,4.06,1607.3515938867286,6.799004653363348,-140.11191857911922,1,1
2012-05-19 02:18:00.763568+00:00,0.0,0.0,0.0,830.3461119808121,2.0334965588860525,-147.93456276743987,1,1
2012-05-19 04:21:00.763005+00:00,2.08,4.65,7.1,10172.597384661656,3.0238845613663217,-145.9537867624793,1,1
2012-05-19 04:56:00.762845+00:00,0.0,0.0,0.0,34436.919233152585,3.9324545553337904,-144.13664677454437,2,2
2012-05-19 07:36:00.762113+00:00,5.06,10.93,16.62,1127.4176790698002,3.963297035806248,-144.0749618135995,2,1
2012-05-19 07:39:00.762099+00:00,10.13,21.11,31.92,815.58451308089,4.549493564572133,-142.9025687560677,3,1
2012-05-19 07:47:00.762062+00:00,10.13,21.11,31.92,914.0001648526774,4.549493564572133,-142.9025687560677,3,1
2012-05-19 07:50:00.762048+00:00,10.13,21.11,31.92,864.7923389667834,6.407151196641612,-139.18725349192874,2,1
2012-05-19 11:45:00.760973+00:00,3.86,8.45,12.87,1411.8338845335184,8.091935528499288,-135.81768482821337,1,1
2012-05-19 13:47:00.762110+00:00,0.0,0.0,0.0,120965.79230350205,3.3111190678657514,-142.49969857801662,1,1
2012-05-19 15:55:00.761524+00:00,3.48,7.64,11.65,181487.17591559497,3.054186635998208,-143.0135634417517,1,1
2012-05-19 22:04:00.759835+00:00,6.3,13.46,20.44,72027.87422147526,3.720559947019791,-141.68081681970853,5,1
2012-05-19 22:05:00.759830+00:00,6.3,13.46,20.44,72027.87422147526,3.720559947019791,-141.68081681970853,5,2
2012-05-19 22:06:00.759826+00:00,6.3,13.46,20.44,72027.87422147526,3.720559947019791,-141.68081681970853,5,2
2012-05-20 00:31:00.769704+00:00,9.58,20.02,30.29,2425.6694807531508,4.842205500756943,-143.08644573066758,1,1
2012-05-20 01:46:00.769360+00:00,7.05,14.96,22.7,654903.6080643686,4.352982178555628,-144.0648923750702,6,1
2012-05-20 01:47:00.769356+00:00,3.97,8.67,13.21,654903.6080643686,4.352982178555628,-144.0648923750702,6,2
2012-05-20 01:48:00.769351+00:00,3.97,8.67,13.21,654903.6080643686,4.352982178555628,-144.0648923750702,6,3
2012-05-20 02:03:00.769283+00:00,3.97,8.67,13.21,768.7179465159087,9.283598854000068,-134.20365902418132,1,1
2012-05-20 04:13:00.768688+00:00,4.38,9.54,14.53,649.0756849020113,13.971060103395368,-124.82873652539072,1,1
2012-05-20 09:47:00.767159+00:00,0.0,0.0,0.0,1949.4430489915005,5.282891431790347,-142.20507386860075,2,1
2012-05-20 09:51:00.767140+00:00,2.28,5.07,7.74,1949.4430489915005,5.282891431790347,-142.20507386860075,2,1
2012-05-20 11:45:00.766618+00:00,0.0,0.0,0.0,2493.1533954322026,5.209785330315616,-142.35128607155022,1,1
2012-05-20 20:46:00.765492+00:00,0.0,0.0,0.0,24970.73583034893,6.316589789910778,-139.51627183813594,1,1
2012-05-20 21:48:00.765208+00:00,0.0,0.0,0.0,24296.51681599617,5.637293949350811,-140.8748635192559,1,1
2012-05-21 03:42:00.765284+00:00,0.0,0.02,0.0,2591.989324747674,4.056135109071218,-144.83247599559817,2,1
2012-05-21 03:45:00.765270+00:00,0.0,0.02,0.0,2591.989324747674,4.056135109071218,-144.83247599559817,2,1
2012-05-21 05:27:00.764803+00:00,0.0,0.02,0.0,4740.2737407117465,8.597214519314171,-135.75031717511226,1,1
2012-05-21 08:48:00.763883+00:00,4.13,9.01,13.73,1475.305458658072,7.320508526835718,-138.30372916006917,1,1
2012-05-21 10:56:00.763297+00:00,0.0,0.0,0.0,60446.73088445473,4.480401709860462,-143.98394279401967,1,1
2012-05-21 11:07:00.763247+00:00,9.16,19.18,29.03,10185.216650625212,27.465296461887533,-98.01415328996555,1,1
2012-05-21 15:24:00.763866+00:00,7.13,15.13,22.95,6567.296945875288,4.398334264123316,-145.8693961588125,1,1
2012-05-21 15:44:00.763775+00:00,7.13,15.13,22.95,7311.280277070769,3.750768055989066,-147.164528575081,1,1
2012-05-21 18:55:00.762900+00:00,0.0,0.0,0.0,9808.160952900342,4.54931761340837,-145.56742946024238,1,1
2012-05-22 00:50:00.760871+00:00,0.0,0.0,0.0,24059.851140765968,5.0762505236378965,-141.73809176352162,2,1
2012-05-22 00:52:00.760862+00:00,0.0,0.0,0.0,24059.851140765968,5.0762505236378965,-141.73809176352162,2,1
2012-05-22 01:03:00.760812+00:00,0.0,0.0,0.0,1109319.72739751,7.39356695530896,-137.10345890017953,2,1
2012-05-22 01:10:00.760780+00:00,0.0,0.0,0.0,1109319.72739751,7.39356695530896,-137.10345890017953,2,1
2012-05-22 02:35:00.760390+00:00,1.68,3.76,5.75,624.0711197134698,3.3825971126614087,-145.12539858547458,1,1
2012-05-22 05:33:00.759576+00:00,1.12,2.51,3.85,2135.807027339753,4.061715358881932,-143.76716209303356,1,1
2012-05-22 09:54:00.758381+00:00,9.32,19.5,29.51,139601.5541224408,6.183277085995202,-139.52403863880699,4,1
2012-05-22 10:01:00.758349+00:00,9.32,19.5,29.51,139601.5541224408,6.183277085995202,-139.52403863880699,4,2
2012-05-22 10:02:00.758344+00:00,9.32,19.5,29.51,139601.5541224408,6.183277085995202,-139.52403863880699,4,1
2012-05-22 14:42:00.768558+00:00,0.0,0.0,0.0,138978.23728971506,3.2065048464391213,-144.69155218798608,2,1
2012-05-22 14:43:00.768554+00:00,0.0,0.0,0.0,138978.23728971506,3.2065048464391213,-144.69155218798608,2,1
2012-05-22 20:25:00.766988+00:00,0.0,0.0,0.0,851.8118902614767,5.554191727941448,-139.99617842498145,2,1
2012-05-22 20:28:00.766975+00:00,0.0,0.0,0.0,851.8118902614767,5.554191727941448,-139.99617842498145,2,1
2012-05-22 21:46:00.766617+00:00,0.0,0.0,0.0,4235.428279699306,4.395125558572558,-142.31431076371922,1,1
2012-05-22 23:33:00.766128+00:00,9.04,18.95,28.68,384422.1260067969,4.016172197774872,-143.0722174853146,3,2
2012-05-22 23:34:00.766123+00:00,9.04,18.95,28.68,384422.1260067969,4.016172197774872,-143.0722174853146,3,1
2012-05-23 03:33:00.767571+00:00,4.76,10.31,15.69,535.3932733420891,4.174564011193438,-142.66728173906594,1,1
2012-05-23 04:55:00.767195+00:00,7.25,15.36,23.3,358190.52039103967,3.4875774960407737,-144.04125476937128,1,1
2012-05-23 05:55:00.766921+00:00,10.06,20.98,31.73,18892.3524622512,5.333359434443649,-140.34969089256552,1,1
2012-05-23 10:56:00.765543+00:00,9.28,19.42,29.39,50528.35728498043,4.643403176971591,-141.72960340750964,3,2
2012-05-23 10:57:00.765538+00:00,9.28,19.42,29.39,50528.35728498043,4.643403176971591,-141.72960340750964,3,1
2012-05-23 18:29:00.763119+00:00,9.5,19.86,30.05,26603.942824761984,5.3886686024504735,-138.25986096088212,1,1
2012-05-23 20:38:00.762529+00:00,3.51,7.71,11.75,67059.74843802866,3.583950426778196,-141.8692973122267,7,3
2012-05-23 20:39:00.762524+00:00,3.51,7.71,11.75,67059.74843802866,3.583950426778196,-141.8692973122267,7,2
2012-05-23 20:40:00.762520+00:00,3.51,7.71,11.75,67059.74843802866,3.583950426778196,-141.8692973122267,7,2
2012-05-23 20:53:00.762460+00:00,2.18,4.86,7.43,1614.3233285574936,9.37992294433734,-130.27735227710838,2,1
2012-05-23 21:01:00.762423+00:00,5.4,11.64,17.69,1614.3233285574936,9.37992294433734,-130.27735227710838,2,1
2012-05-24 01:40:00.762942+00:00,0.0,0.0,0.0,774.7763714201202,4.306154303464641,-144.29555313947452,1,1
2012-05-24 03:59:00.762306+00:00,3.9,8.54,13.02,5276.710152562713,4.7615504532261115,-143.38476083995158,2,1
2012-05-24 04:03:00.762288+00:00,3.9,8.54,13.02,5276.710152562713,4.7615504532261115,-143.38476083995158,2,1
2012-05-24 06:49:00.761528+00:00,4.68,10.16,15.46,519.7476157114088,3.9945731094680816,-144.9187155274677,1,1
2012-05-24 09:55:00.760676+00:00,7.28,15.43,23.4,1038.4642041720417,3.819477158954255,-145.26890742849528,5,1
2012-05-24 09:56:00.760672+00:00,7.28,15.43,23.4,1038.4642041720417,3.819477158954255,-145.26890742849528,5,1
2012-05-24 10:01:00.760649+00:00,7.28,15.43,23.4,1038.4642041720417,3.819477158954255,-145.26890742849528,5,3
2012-05-24 12:51:00.760766+00:00,3.42,7.51,11.45,464741.8557310092,5.07693809844967,-143.9210610651037,1,1
2012-05-24 16:39:00.759723+00:00,2.77,6.14,9.37,3048.9065775315503,6.7022321980103,-140.67047286598242,1,1
2012-05-24 23:32:00.757832+00:00,8.3,17.47,26.47,18275.832189191755,4.0895768494363,-145.89578356313044,2,1
2012-05-24 23:39:00.757800+00:00,8.3,17.47,26.47,18275.832189191755,4.0895768494363,-145.89578356313044,2,1
2012-05-25 03:40:00.767939+00:00,2.58,5.73,8.75,166659.26311882466,2.222395852750305,-143.3837270628706,1,1
2012-05-25 15:26:00.765557+00:00,4.76,10.31,15.69,3746.3032097055416,6.308776322174699,-141.27065210414733,1,1
2012-05-25 22:13:00.763694+00:00,0.0,0.0,0.0,3896.8834600202813,11.033614351061082,-131.82097604637454,1,1
2012-05-26 01:39:00.764947+00:00,0.0,0.0,0.0,106013.06672053711,4.498476072985222,-146.59463282541157,1,1
2012-05-26 05:52:00.763789+00:00,2.8,6.21,9.48,2105.4321447190805,5.970784848770927,-143.65001527384015,1,1
2012-05-26 11:16:00.762305+00:00,8.01,16.9,25.6,1075417.7612211865,4.346886676837976,-146.89781161770603,9,2
2012-05-26 11:17:00.762301+00:00,8.01,16.9,25.6,1075417.7612211865,4.346886676837976,-146.89781161770603,9,3
2012-05-26 11:18:00.762296+00:00,8.01,16.9,25.6,1075417.7612211865,4.346886676837976,-146.89781161770603,9,3
2012-05-26 11:19:00.762292+00:00,8.01,16.9,25.6,1075417.7612211865,4.346886676837976,-146.89781161770603,9,1
2012-05-26 14:04:00.762732+00:00,1.05,2.37,3.62,879.6843059817874,10.238879444263286,-134.9482640276968,1,1
2012-05-26 15:41:00.762288+00:00,0.0,0.0,0.0,6238.3948920729945,7.127990078235978,-141.17004275975142,1,1
2012-05-26 19:45:00.761171+00:00,0.0,0.02,0.01,12183.879355190027,9.442600318308834,-136.5408222796057,1,1
2012-05-26 21:53:00.760585+00:00,9.72,20.31,30.72,294534.72557745647,5.488632247452045,-144.44875842131927,3,2
2012-05-26 21:54:00.760581+00:00,9.72,20.31,30.72,294534.72557745647,5.488632247452045,-144.44875842131927,3,1
2012-05-26 23:13:00.760219+00:00,0.0,0.0,0.0,3063.5335050851404,5.547920394510175,-144.33018212720302,1,1
2012-05-27 03:36:00.768957+00:00,4.65,10.1,15.37,578.0519252078767,4.573055846473483,-148.58035529524696,1,1
2012-05-27 10:03:00.767185+00:00,0.0,0.0,0.0,521.9861537359078,3.554987749357431,-150.61649148947902,1,1
2012-05-27 12:49:00.768076+00:00,9.5,19.86,30.05,505.1119113483329,3.625905778988429,-147.76276046376233,1,1
2012-05-27 15:11:00.767426+00:00,5.53,11.88,18.06,570.341184466437,14.625705197633105,-125.763161626473,1,1
2012-05-27 17:45:00.766721+00:00,8.03,16.93,25.65,1087.1100248075213,5.564950134451639,-143.8846717528359,1,1
2012-05-27 18:36:00.766487+00:00,9.58,20.02,30.29,1163.4595544272352,3.0222197758380447,-148.9701324700631,3,1
2012-05-27 18:40:00.766469+00:00,9.58,20.02,30.29,1163.4595544272352,3.0222197758380447,-148.9701324700631,3,1
2012-05-27 18:42:00.766460+00:00,9.83,20.52,31.04,1163.4595544272352,3.0222197758380447,-148.9701324700631,3,1
2012-05-27 21:36:00.765663+00:00,0.0,0.02,0.01,1197.318000200187,5.233035556338084,-144.54850090906302,1,1
2012-05-27 22:05:00.765530+00:00,7.54,15.95,24.18,818.2759221799312,2.303618713300832,-150.4073345951375,1,1
2012-05-27 22:20:00.765462+00:00,8.69,18.26,27.64,1929.8673039080718,7.567974145081048,-139.87862373157708,1,1
2012-05-27 22:37:00.765384+00:00,10.39,21.63,32.7,877.236104314188,9.190516665981145,-136.63353868977688,2,1
2012-05-27 22:42:00.765361+00:00,10.36,21.58,32.64,877.236104314188,9.190516665981145,-136.63353868977688,2,1
2012-05-27 22:59:00.765283+00:00,0.0,0.02,0.01,1413.306613933965,6.304495623533184,-142.4055807746728,1,1
2012-05-28 00:11:00.765850+00:00,0.0,0.02,0.0,909.6983650459116,8.447637377932411,-140.2301221852295,6,1
2012-05-28 00:13:00.765840+00:00,0.0,0.02,0.0,909.6983650459116,8.447637377932411,-140.2301221852295,6,1
2012-05-28 00:14:00.765836+00:00,0.0,0.02,0.0,909.6983650459116,8.447637377932411,-140.2301221852295,6,2
2012-05-28 00:15:00.765831+00:00,0.0,0.02,0.0,909.6983650459116,8.447637377932411,-140.2301221852295,6,1
2012-05-28 00:21:00.765804+00:00,0.0,0.02,0.0,909.6983650459116,8.447637377932411,-140.2301221852295,6,1
2012-05-28 00:44:00.765699+00:00,3.81,8.35,12.73,824.8678476652675,5.496002905147762,-146.13339113079883,2,1
2012-05-28 00:51:00.765666+00:00,6.49,13.84,21.02,772.0291366238366,6.968787713971581,-143.18782151315116,3,1
2012-05-28 00:56:00.765644+00:00,10.04,20.94,31.67,663.4997305783868,9.43681383225343,-138.25176927658748,2,1
2012-05-28 01:37:00.765456+00:00,0.0,0.0,0.0,852.2267984702869,6.533982121520133,-144.05743269805407,1,1
2012-05-28 02:40:00.765168+00:00,4.76,10.31,15.69,1049.9139044257624,5.7423390445132565,-145.64071885206786,1,1
2012-05-28 06:37:00.764083+00:00,0.0,0.0,0.0,128739.76619049034,6.080969465911722,-144.9634580092709,1,1
2012-05-28 07:43:00.763780+00:00,0.0,0.02,0.01,2403.2503853479584,1.9688096540193287,-153.18777763305567,1,1
2012-05-28 08:30:00.763565+00:00,3.26,7.18,10.95,11203.405025549351,3.001996140500842,-151.12140466009262,3,1
2012-05-28 08:31:00.763561+00:00,3.26,7.18,10.95,11203.405025549351,3.001996140500842,-151.12140466009262,3,1
2012-05-28 08:37:00.763533+00:00,3.26,7.18,10.95,11203.405025549351,3.001996140500842,-151.12140466009262,3,1
2012-05-28 13:55:00.763274+00:00,0.0,0.0,0.0,4323.936999455152,11.451662958514154,-134.14779693761727,1,1
2012-05-28 19:47:00.761662+00:00,0.0,0.0,0.0,14042.776577789582,5.149266201626366,-146.7525904513928,1,1
2012-05-28 20:53:00.761360+00:00,0.0,0.0,0.0,673.3890705595767,3.937281256011937,-149.17656034262168,1,1
2012-05-28 22:16:00.760980+00:00,0.0,0.0,0.0,22473.720746978066,5.592029382508551,-145.86706408962846,1,1
2012-05-29 03:09:00.761535+00:00,0.0,0.0,0.0,6548.055679148357,7.6385704574629605,-141.04599605546014,2,2
2012-05-29 03:32:00.761429+00:00,9.48,19.82,29.99,2140.2982494756698,6.835972311822133,-142.65119234674182,1,1
2012-05-29 05:08:00.760990+00:00,0.02,0.02,0.1,443326.57544264046,6.501306303086986,-143.3205243642121,7,2
2012-05-29 05:09:00.760985+00:00,0.02,0.02,0.1,443326.57544264046,6.501306303086986,-143.3205243642121,7,2
2012-05-29 05:10:00.760981+00:00,0.02,0.02,0.1,443326.57544264046,6.501306303086986,-143.3205243642121,7,3
2012-05-29 09:23:00.759823+00:00,0.0,0.0,0.0,613.5125647440196,4.732439877734231,-146.85825721491761,1,1
2012-05-29 13:41:00.768438+00:00,3.59,7.87,12.0,854.1877061374942,4.081183399442631,-146.59926020114162,1,1
2012-05-29 15:44:00.767875+00:00,0.0,0.0,0.0,2000.4634267631345,5.0541097630908505,-144.65340747384522,1,1
2012-05-29 16:22:00.767701+00:00,0.0,0.0,0.0,3933.682463332661,3.2832840315859335,-148.19505893685502,1,1
2012-05-29 17:45:00.767321+00:00,3.97,8.67,13.21,523.1029604460629,4.290599620381787,-146.18042775926338,1,1
2012-05-29 21:39:00.766249+00:00,3.75,8.22,12.53,752.9224983771861,4.137871453954523,-146.48588409211789,1,1
2012-05-29 22:52:00.765915+00:00,0.0,0.0,0.0,4385.9857144461575,5.049118900566144,-144.66338919889463,1,1
2012-05-29 23:46:00.765668+00:00,4.61,10.0,15.23,30983.524317442392,4.201473926891995,-146.3586791462429,1,1
2012-05-30 03:07:00.765944+00:00,0.0,0.02,0.0,1599.6636142072373,5.629012699892106,-144.7787735042881,1,1
2012-05-30 04:08:00.765665+00:00,0.0,0.0,0.0,1402.5106315750436,4.5750103651244345,-146.88677817382344,1,1
2012-05-30 04:39:00.765523+00:00,6.88,14.63,22.2,18710.50683772304,5.04541649040355,-145.94596592326522,3,1
2012-05-30 04:40:00.765518+00:00,6.88,14.63,22.2,18710.50683772304,5.04541649040355,-145.94596592326522,3,2
2012-05-30 05:30:00.765289+00:00,5.62,12.07,18.35,1940.303455890888,4.1754175140299985,-147.6859638760123,1,1
2012-05-30 08:38:00.764429+00:00,8.67,18.22,27.59,2121.225596711752,3.827858703094853,-148.38108149788263,1,1
2012-05-30 13:49:00.764301+00:00,0.68,1.54,2.36,148728.53436562905,5.147137181950146,-144.03579465255805,2,1
2012-05-30 13:50:00.764296+00:00,0.68,1.54,2.36,148728.53436562905,5.147137181950146,-144.03579465255805,2,1
2012-05-30 17:33:00.763276+00:00,0.0,0.02,0.0,66289.5016998554,5.1083073532043,-144.11345431004972,3,2
2012-05-30 17:34:00.763271+00:00,0.0,0.02,0.0,66289.5016998554,5.1083073532043,-144.11345431004972,3,1
2012-05-30 21:51:00.762095+00:00,5.39,11.61,17.64,776.9715861199884,2.984243252483545,-148.36158251149124,3,2
2012-05-30 21:52:00.762090+00:00,5.39,11.61,17.64,776.9715861199884,2.984243252483545,-148.36158251149124,3,1
2012-05-31 06:42:00.761560+00:00,0.0,0.02,0.0,2520.5514943918124,3.3124938783613027,-145.8944138037896,1,1
2012-05-31 08:52:00.760965+00:00,2.08,4.65,7.1,2049.0081608966866,1.1764924527975391,-150.16641665491716,1,1
2012-05-31 12:54:00.760953+00:00,5.12,11.05,16.81,1837.3548232599646,5.7095753221208945,-144.75393361548325,1,1
2012-05-31 13:33:00.760774+00:00,8.62,18.1,27.42,509445.4129323043,4.804122272281188,-146.56483971516266,6,4
2012-05-31 13:34:00.760770+00:00,8.62,18.1,27.42,509445.4129323043,4.804122272281188,-146.56483971516266,6,2
2012-05-31 16:35:00.759941+00:00,7.89,16.65,25.23,24511.998881216616,3.791289507194631,-148.59050524533578,1,1
2012-05-31 18:48:00.759332+00:00,3.66,8.03,12.24,305352.5038597743,4.5256829484891465,-147.12171836274675,3,2
2012-05-31 18:53:00.759309+00:00,3.66,8.03,12.24,305352.5038597743,4.5256829484891465,-147.12171836274675,3,1
2012-05-31 19:20:00.759186+00:00,6.73,14.33,21.75,731.4347379950508,3.7907576952653934,-148.59156886919425,1,1
2012-05-31 21:31:00.758586+00:00,0.0,0.0,0.0,534.6889556292195,5.156962112967199,-145.85916003379063,1,1
2012-06-01 06:18:00.766515+00:00,0.0,0.0,0.0,3433.5259064503,5.3663982479124,-144.78463966523398,1,1
2012-06-01 12:15:00.765731+00:00,0.0,0.02,0.0,1440.1845652928744,5.847098597915987,-145.74410563449257,1,1
2012-06-01 19:10:00.763832+00:00,5.3,11.42,17.36,549.6773520535509,9.215268913406943,-139.00776500351066,1,1
2012-06-01 21:41:00.763140+00:00,5.27,11.36,17.27,350815.080898221,4.675969383523939,-148.0863640632767,4,2
2012-06-01 21:42:00.763136+00:00,5.27,11.36,17.27,350815.080898221,4.675969383523939,-148.0863640632767,4,1
2012-06-01 21:45:00.763122+00:00,5.27,11.36,17.27,350815.080898221,4.675969383523939,-148.0863640632767,4,1
2012-06-01 23:01:00.762774+00:00,6.25,13.36,20.29,2776.200120930919,5.0984738132475735,-147.24135520382941,1,1
2012-06-02 01:09:00.763784+00:00,0.0,0.0,0.0,797.8497602361973,4.005582179459552,-149.17120700242162,1,1
2012-06-02 05:32:00.762580+00:00,0.0,0.0,0.0,5882.783084553076,6.179816391147098,-144.82273857904653,2,1
2012-06-02 05:39:00.762548+00:00,0.0,0.0,0.0,5882.783084553076,6.179816391147098,-144.82273857904653,2,1
2012-06-02 10:14:00.761289+00:00,0.0,0.0,0.0,4640.776771643145,4.7772108618804765,-147.62794963757975,1,1
2012-06-02 13:12:00.762270+00:00,1.24,2.79,4.27,719.7863402898457,4.956501857572847,-146.7874286507979,1,1
2012-06-03 07:28:00.767949+00:00,3.23,7.11,10.85,1548.6117823715256,5.7524194788588945,-143.20921184951106,1,1
2012-06-03 07:50:00.767848+00:00,0.0,0.02,0.0,645.8595244993893,5.012881275258202,-144.68828825671244,1,1
2012-06-03 18:37:00.765783+00:00,5.53,11.88,18.06,126119.8183976113,4.836464290759767,-142.79336271554652,3,1
2012-06-03 18:38:00.765778+00:00,5.53,11.88,18.06,126119.8183976113,4.836464290759767,-142.79336271554652,3,2
2012-06-04 09:30:00.762891+00:00,5.5,11.82,17.97,19573389.58148994,5.31227844789149,-143.65960454723552,2,1
2012-06-04 09:40:00.762845+00:00,5.5,11.82,17.97,19573389.58148994,5.31227844789149,-143.65960454723552,2,1
2012-06-04 11:38:00.762305+00:00,3.02,6.67,10.18,2176.6920076219503,8.232058764480053,-137.82004391405837,1,1
2012-06-04 19:29:00.761345+00:00,0.0,0.0,0.0,854.3148697506847,4.932973723119724,-143.75326076410826,1,1
2012-06-04 23:03:00.760365+00:00,5.68,12.2,18.53,671.0836115008613,4.077421582280542,-145.46436504578662,1,1
2012-06-05 01:51:00.760492+00:00,10.36,21.58,32.64,17440.945304794186,8.84736608266061,-137.85362928527235,12,1
2012-06-05 01:52:00.760487+00:00,10.36,21.58,32.64,17440.945304794186,8.84736608266061,-137.85362928527235,12,3
2012-06-05 01:53:00.760483+00:00,10.36,21.58,32.64,17440.945304794186,8.84736608266061,-137.85362928527235,12,2
2012-06-05 01:55:00.760474+00:00,10.36,21.58,32.64,17440.945304794186,8.84736608266061,-137.85362928527235,12,1
2012-06-05 01:56:00.760469+00:00,10.36,21.58,32.64,17440.945304794186,8.84736608266061,-137.85362928527235,12,1
2012-06-05 01:57:00.760464+00:00,10.36,21.58,32.64,17440.945304794186,8.84736608266061,-137.85362928527235,12,2
2012-06-05 01:58:00.760460+00:00,10.36,21.58,32.64,17440.945304794186,8.84736608266061,-137.85362928527235,12,1
2012-06-05 01:59:00.760455+00:00,10.36,21.58,32.64,17440.945304794186,8.84736608266061,-137.85362928527235,12,1
2012-06-05 02:24:00.760341+00:00,7.99,16.86,25.55,418330.5556626502,9.673476946078477,-136.20140755843659,1,1
2012-06-05 08:43:00.758606+00:00,0.0,0.0,0.0,1204.984922061416,3.3072677363961174,-148.93382597780138,1,1
2012-06-05 10:54:00.758006+00:00,0.0,0.0,0.0,7066.115109044708,4.548170087016265,-146.45202127656103,1,1
2012-06-05 13:29:00.768293+00:00,8.56,17.99,27.25,1170015.2249728641,6.2748331932537225,-141.8689810070882,1,1
2012-06-05 14:09:00.768109+00:00,0.0,0.0,0.0,4254.788363213036,6.524016360274099,-141.3706146730474,1,1
2012-06-05 14:22:00.768050+00:00,0.0,0.0,0.0,44917.28907777049,6.917137813961978,-140.58437176567165,1,1
2012-06-06 01:39:00.766347+00:00,7.03,14.93,22.65,3214.549424815305,4.7644975103874385,-146.62797866423352,1,1
2012-06-06 01:54:00.766278+00:00,0.0,0.02,0.0,35044.646218796406,6.939166809771536,-142.27864006546534,1,1
2012-06-06 03:14:00.765912+00:00,9.72,20.31,30.72,2697.8410139730613,4.105493542850283,-147.94598659930784,2,1
2012-06-06 03:15:00.765907+00:00,9.72,20.31,30.72,2697.8410139730613,4.105493542850283,-147.94598659930784,2,1
2012-06-06 05:01:00.765422+00:00,10.28,21.41,32.38,1151.755839007441,3.8280544838619446,-148.50086471728451,1,1
2012-06-06 07:56:00.764621+00:00,5.76,12.35,18.77,351779.9129176412,4.374616908700822,-147.40773986760678,7,1
2012-06-06 07:57:00.764616+00:00,5.76,12.35,18.77,351779.9129176412,4.374616908700822,-147.40773986760678,7,2
2012-06-06 07:58:00.764612+00:00,5.76,12.35,18.77,351779.9129176412,4.374616908700822,-147.40773986760678,7,3
2012-06-06 07:59:00.764607+00:00,5.76,12.35,18.77,351779.9129176412,4.374616908700822,-147.40773986760678,7,1
2012-06-06 08:25:00.764488+00:00,0.0,0.0,0.0,893.6043528097757,5.429189003221662,-145.2985956785651,1,1
2012-06-06 11:17:00.763701+00:00,0.0,0.0,0.0,2740.889189477313,4.554049742816223,-147.04887419937597,1,1
2012-06-06 15:15:00.763507+00:00,5.56,11.95,18.16,552.4106622687091,3.810956619310536,-147.44172034094842,1,1
2012-06-07 07:11:00.760127+00:00,6.46,13.78,20.92,6053.067439637908,5.101616824148686,-146.48910179968226,1,1
2012-06-07 11:42:00.758886+00:00,0.0,0.0,0.0,942.7284686009757,8.584575192099509,-139.52318506378055,1,1
2012-06-07 13:37:00.759656+00:00,4.41,9.6,14.62,2153.832638829329,1.3609739551888111,-152.97179708363632,1,1
2012-06-07 18:37:00.758283+00:00,0.0,0.02,0.0,680.2449767105203,0.8873256491215251,-153.91909369577093,1,1
2012-06-07 21:32:00.757482+00:00,3.86,8.45,12.87,1445.4345398161765,7.1402420259051445,-141.41326094220366,1,1
2012-06-07 22:52:00.757115+00:00,0.0,0.0,0.0,8328.224653508363,5.511925756727037,-144.6698934805599,1,1
2012-06-07 23:19:00.756992+00:00,0.0,0.0,0.0,3501.265066647632,1.8523977961793008,-151.9889494016553,1,1
2012-06-07 23:58:00.756813+00:00,0.0,0.0,0.0,615.1714670953578,3.716407083959415,-148.2609308260951,1,1
2012-06-08 05:58:00.766461+00:00,0.0,0.0,0.0,532.8653798511557,7.586324455276442,-136.69368781673992,1,1
2012-06-08 08:43:00.765706+00:00,2.31,5.15,7.87,2449.2003470543577,4.400765121120617,-143.06480648505155,1,1
2012-06-08 13:14:00.767061+00:00,0.0,0.0,0.0,2925.6682871905628,4.582656161138818,-148.29098578244663,1,1
2012-06-08 18:08:00.765715+00:00,0.0,0.02,0.0,3252.490154842179,5.833160006449911,-145.78997809182448,2,2
2012-06-08 20:36:00.765038+00:00,0.0,0.0,0.0,3025.8512175011506,2.744055169444509,-151.9681877658353,1,1
2012-06-08 21:51:00.764695+00:00,9.54,19.94,30.17,12033.71235711937,2.4124001456883075,-152.63149781334766,1,1
2012-06-09 04:37:00.762732+00:00,9.5,19.86,30.05,556.786700557505,9.114104027708127,-141.8323747264998,1,1
2012-06-09 07:36:00.761913+00:00,0.0,0.02,0.01,592.1207060404482,5.5827759981372855,-148.8950307856415,1,1
2012-06-09 10:47:00.761038+00:00,5.04,10.9,16.57,9289.832138427924,4.3290502614780575,-151.40248225895994,1,1
2012-06-09 11:23:00.760873+00:00,2.02,4.52,6.9,14872.623995237049,4.962646485247277,-150.1352898114215,1,1
2012-06-09 20:42:00.760210+00:00,0.0,0.0,0.0,3113.737596329001,3.1909083532701867,-147.8928372120444,1,1
2012-06-10 04:21:00.759605+00:00,0.0,0.0,0.0,82401.33820599604,7.769226082841048,-143.3212006871019,1,1
2012-06-10 04:49:00.759477+00:00,0.0,0.02,0.01,928.3700209325059,3.3379465012272025,-152.18375985032958,1,1
2012-06-10 08:16:00.758529+00:00,0.0,0.0,0.0,3087.0182564578004,8.018895374619369,-142.82186210354527,1,1
2012-06-10 13:34:00.766570+00:00,0.0,0.02,0.01,382103.2771275373,2.9812905537407146,-152.19118126901063,13,3
2012-06-10 13:35:00.766565+00:00,0.0,0.02,0.01,288407.44664643944,3.3702825855191287,-151.41319720545383,14,3
2012-06-10 13:36:00.766560+00:00,0.0,0.02,0.01,288407.44664643944,3.3702825855191287,-151.41319720545383,14,1
2012-06-10 13:38:00.766551+00:00,0.0,0.02,0.01,288407.44664643944,3.3702825855191287,-151.41319720545383,14,1
2012-06-10 13:39:00.766547+00:00,0.0,0.02,0.01,288407.44664643944,3.3702825855191287,-151.41319720545383,14,1
2012-06-10 13:42:00.766533+00:00,0.0,0.02,0.01,288407.44664643944,3.3702825855191287,-151.41319720545383,14,1
2012-06-10 13:43:00.766528+00:00,0.0,0.02,0.01,288407.44664643944,3.3702825855191287,-151.41319720545383,14,3
2012-06-10 13:45:00.766519+00:00,3.48,7.64,11.65,117796.59123742564,2.9812905537407146,-152.19118126901063,9,1
2012-06-10 14:54:00.766203+00:00,1.49,3.33,5.1,13210.071494986796,4.015107760544535,-150.123546855403,1,1
2012-06-10 17:29:00.765494+00:00,7.71,16.29,24.7,739.7724352147287,14.84829172957078,-128.45717891735052,1,1
2012-06-10 20:30:00.764665+00:00,0.0,0.0,0.0,1644.4808523766296,2.348212642546975,-153.45733709139807,1,1
2012-06-10 21:28:00.764400+00:00,8.01,16.9,25.6,558.5454745891897,3.2331422433869754,-151.68747788971808,1,1
2012-06-10 22:29:00.764121+00:00,0.0,0.0,0.0,1703.323093028509,5.08083416549732,-147.9920940454974,1,1
2012-06-11 02:36:00.763886+00:00,0.0,0.0,0.0,615.8854927518274,3.5745822734010635,-153.11520392219612,1,1
2012-06-11 07:06:00.762650+00:00,9.12,19.1,28.91,2305.552811563375,3.100310849225849,-154.06374677054657,2,1
2012-06-11 07:14:00.762613+00:00,9.12,19.1,28.91,2305.552811563375,3.100310849225849,-154.06374677054657,2,1
2012-06-11 08:21:00.762307+00:00,0.0,0.02,0.0,15290838.60387908,4.809043599225118,-150.646281270548,6,2
2012-06-11 08:22:00.762302+00:00,0.0,0.02,0.0,15290838.60387908,4.809043599225118,-150.646281270548,6,2
2012-06-11 08:23:00.762297+00:00,0.0,0.02,0.0,15290838.60387908,4.809043599225118,-150.646281270548,6,2
2012-06-11 15:10:00.763030+00:00,8.65,18.18,27.53,426756.7609383285,2.7245861317386093,-151.9256795045853,2,2
2012-06-11 16:13:00.762742+00:00,3.97,8.67,13.21,603.5960517827856,4.079061082239451,-149.21672960358362,1,1
2012-06-11 16:49:00.762577+00:00,0.0,0.02,0.0,551.5668029041235,2.8424398383185974,-151.68997209142537,1,1
2012-06-11 16:59:00.762531+00:00,0.0,0.02,0.0,2367.1443627606563,18.19484648962152,-120.98515878881949,1,1
2012-06-11 22:00:00.761153+00:00,6.52,13.91,21.11,87280.15152375886,3.9883451961327143,-149.3981613757971,1,1
2012-06-12 04:27:00.761178+00:00,0.0,0.02,0.0,518.0130803039558,4.841555174183257,-147.62730297779783,1,1
2012-06-12 06:43:00.760555+00:00,0.0,0.0,0.0,1843.7536346376407,18.352510255368788,-120.60539281542671,1,1
2012-06-12 08:36:00.760038+00:00,3.59,7.87,12.0,234596.41718049016,2.1994224385105627,-152.91156844914318,1,1
2012-06-12 09:59:00.759658+00:00,2.06,4.6,7.04,3608.2587073932896,5.384258385945647,-146.54189655427302,1,1
2012-06-12 13:40:00.768342+00:00,9.91,20.68,31.29,3363.6004958592816,2.2702216172785623,-151.41945387418914,1,1
2012-06-12 14:05:00.768228+00:00,8.01,16.9,25.6,630.5999531607216,3.5512304426136727,-148.8574362235189,1,1
2012-06-12 16:24:00.767591+00:00,10.0,20.85,31.54,2915.5339436979853,3.0878912920895925,-149.7841145245671,1,1
2012-06-12 20:20:00.766511+00:00,0.0,0.0,0.0,941.3656074250763,5.185064093485632,-145.58976892177503,1,1
2012-06-12 23:43:00.765582+00:00,0.0,0.0,0.0,2946.792327955226,4.88467210492726,-146.19055289889178,1,1
2012-06-13 02:15:00.765682+00:00,1.33,2.98,4.56,855.3450256684171,4.787427485435461,-144.87064240761146,4,1
2012-06-13 02:16:00.765677+00:00,1.33,2.98,4.56,855.3450256684171,4.787427485435461,-144.87064240761146,4,1
2012-06-13 02:17:00.765673+00:00,1.33,2.98,4.56,855.3450256684171,4.787427485435461,-144.87064240761146,4,1
2012-06-13 02:23:00.765645+00:00,1.33,2.98,4.56,855.3450256684171,4.787427485435461,-144.87064240761146,4,1
2012-06-13 08:06:00.764075+00:00,0.0,0.0,0.0,1458.9898288687186,4.521530127520284,-145.40243712344184,1,1
2012-06-13 08:44:00.763901+00:00,2.84,6.28,9.59,7642.423877597221,5.322787472483936,-143.79992243351455,1,1
2012-06-13 09:04:00.763810+00:00,1.61,3.61,5.51,1366.1744947692955,5.2008179620534225,-144.04386145437556,1,1
2012-06-13 14:21:00.763954+00:00,0.0,0.0,0.0,1205.4789544248385,4.6068267734304005,-143.7942083398119,1,1
2012-06-13 23:57:00.761318+00:00,7.89,16.65,25.23,514.6328866077871,4.451547320094094,-144.10476724648447,1,1
2012-06-14 00:04:00.762682+00:00,2.79,6.17,9.42,1447.4889266251053,-0.8886260396637158,-153.13983899096826,2,1
2012-06-14 00:08:00.762663+00:00,2.79,6.17,9.42,1447.4889266251053,-0.8886260396637158,-153.13983899096826,2,1
2012-06-14 02:11:00.762100+00:00,9.02,18.91,28.62,2612.0100079724584,2.7932804576415307,-145.77602599635776,2,1
2012-06-14 02:20:00.762059+00:00,9.02,18.91,28.62,2473.8483524610456,3.3548073199241046,-144.65297227179263,4,1
2012-06-14 02:21:00.762054+00:00,0.0,0.0,0.0,3163.0199610059913,3.2021356585897465,-144.95831559446134,5,1
2012-06-14 02:22:00.762050+00:00,0.0,0.0,0.0,3163.0199610059913,3.2021356585897465,-144.95831559446134,5,1
2012-06-14 02:30:00.762013+00:00,0.0,0.0,0.0,3163.0199610059913,3.2021356585897465,-144.95831559446134,5,1
2012-06-14 02:31:00.762009+00:00,0.0,0.0,0.0,3704.4799232797172,3.5398655481478287,-144.28285581534516,4,1
2012-06-14 06:13:00.760992+00:00,0.0,0.0,0.0,992.8521029244438,2.857874732466027,-145.64683744670882,1,1
2012-06-14 07:23:00.760672+00:00,6.3,13.46,20.44,181536.80277652296,7.445210068143114,-136.4721667753546,1,1
2012-06-14 11:23:00.759573+00:00,10.19,21.24,32.12,951.7592029482944,7.5261493401962785,-136.31028823124828,3,1
2012-06-14 11:26:00.759560+00:00,10.19,21.24,32.12,951.7592029482944,7.5261493401962785,-136.31028823124828,3,1
2012-06-14 11:28:00.759551+00:00,9.0,18.87,28.56,951.7592029482944,7.5261493401962785,-136.31028823124828,3,1
2012-06-14 12:34:00.761244+00:00,7.64,16.15,24.49,2157.749345002477,6.861683229920613,-139.05729222931686,1,1
2012-06-14 16:04:00.760283+00:00,0.82,1.86,2.84,834.0673666837581,2.877017280421037,-147.02662412831597,1,1
2012-06-14 16:46:00.760091+00:00,10.17,21.19,32.05,1224.251819684824,5.452409522416071,-141.8758396443259,1,1
2012-06-14 17:46:00.759816+00:00,6.77,14.4,21.85,1614.2919266170368,3.614092064091892,-145.55247456097428,1,1
2012-06-14 18:28:00.759624+00:00,0.0,0.02,0.01,654.646336026807,1.8815620087561933,-149.01753467164568,1,1
2012-06-14 21:49:00.758704+00:00,4.43,9.63,14.67,2513.1445730617443,8.368104325897098,-136.04445003736384,1,1
2012-06-14 23:03:00.758365+00:00,8.26,17.4,26.36,1419.02397890091,-0.08824685729088955,-152.95715240373985,1,1
2012-06-15 01:25:00.768457+00:00,0.0,0.0,0.0,8494583.323769333,3.024355408603004,-148.46106264995908,1,1
2012-06-15 02:39:00.768118+00:00,3.71,8.13,12.39,4431.44022177971,5.297840701922635,-143.91409206331983,1,1
2012-06-15 03:40:00.767839+00:00,0.0,0.02,0.04,2134.254887437493,4.101659506875868,-146.30645445341332,1,1
2012-06-15 06:33:00.767047+00:00,3.55,7.8,11.9,3741.994957283525,4.373858547141008,-145.76205637288302,1,1
2012-06-15 07:46:00.766713+00:00,4.91,10.62,16.16,891.5827053288817,10.195100763065826,-134.11957194103343,1,1
2012-06-15 08:10:00.766603+00:00,2.7,5.99,9.15,544.8311365736164,3.603578690672384,-147.30261608582032,1,1
2012-06-15 08:21:00.766552+00:00,2.7,5.99,9.15,974.212719011302,6.932522801947881,-140.64472786326928,1,1
2012-06-15 08:59:00.766378+00:00,4.37,9.51,14.48,2608.525563494004,5.976756189009702,-142.55626108914566,2,1
2012-06-15 09:00:00.766374+00:00,4.37,9.51,14.48,2608.525563494004,5.976756189009702,-142.55626108914566,2,1
2012-06-15 16:18:00.765619+00:00,0.0,0.02,0.01,586.9650311107106,5.841122288934568,-142.5986012339621,2,2
2012-06-15 23:11:00.763728+00:00,8.75,18.37,27.81,1357.3430663673678,4.640918934330767,-144.99900794316974,2,1
2012-06-15 23:14:00.763715+00:00,8.75,18.37,27.81,1357.3430663673678,4.640918934330767,-144.99900794316974,2,1
2012-06-16 01:17:00.763947+00:00,0.0,0.0,0.0,3620.561342539028,2.67894722544832,-149.3477752662018,1,1
2012-06-16 07:59:00.762107+00:00,0.0,0.0,0.0,1279.70275272427,3.9169985866148176,-146.8716725438688,2,1
2012-06-16 08:08:00.762066+00:00,0.0,0.0,0.0,1258.8024135977612,4.024159382523703,-146.65735095205102,5,1
2012-06-16 08:10:00.762057+00:00,0.0,0.0,0.0,929.2542523892192,4.306663382110433,-146.09234295287757,4,1
2012-06-16 08:13:00.762043+00:00,0.0,0.0,0.0,929.2542523892192,4.306663382110433,-146.09234295287757,4,1
2012-06-16 08:17:00.762025+00:00,0.0,0.0,0.0,1258.8024135977612,4.024159382523703,-146.65735095205102,5,1
2012-06-16 08:25:00.761988+00:00,0.0,0.0,0.0,1225.340112380742,3.793869360042895,-147.11793099701262,2,1
2012-06-16 09:49:00.761604+00:00,5.22,11.27,17.13,711.1314857111182,6.620845344794325,-141.4639790275098,2,1
2012-06-16 09:53:00.761585+00:00,5.22,11.27,17.13,711.1314857111182,6.620845344794325,-141.4639790275098,2,1
2012-06-16 10:06:00.761526+00:00,3.34,7.35,11.2,1360.5746134779652,11.204926925999372,-132.29581586509968,2,1
2012-06-16 10:11:00.761503+00:00,3.45,7.58,11.55,1252.7442346690707,9.242301599143367,-136.2210665188117,3,1
2012-06-16 10:16:00.761480+00:00,1.88,4.2,6.42,1082.1209794010076,11.18534442153368,-132.3349808740311,2,1
2012-06-16 13:07:00.761093+00:00,0.0,0.02,0.01,448620.76978037297,4.866537189925277,-145.61603333155944,4,2
2012-06-16 13:08:00.761089+00:00,0.0,0.02,0.01,448620.76978037297,4.866537189925277,-145.61603333155944,4,2
2012-06-16 14:04:00.760832+00:00,0.0,0.0,0.0,2697.9032022526567,3.238474371918331,-148.87215896757334,2,1
2012-06-16 14:11:00.760800+00:00,0.0,0.0,0.0,2697.9032022526567,3.238474371918331,-148.87215896757334,2,1
2012-06-16 17:31:00.759885+00:00,0.0,0.02,0.0,521.1425703945566,4.493501443248958,-146.36210482491208,1,1
2012-06-16 17:50:00.759798+00:00,0.0,0.0,0.0,1769.880274341245,2.4326280837266663,-150.48385154395666,1,1
2012-06-16 18:09:00.759711+00:00,0.0,0.0,0.0,1712.0885447558442,4.824330879831125,-145.70044595174775,2,1
2012-06-16 18:12:00.759697+00:00,0.0,0.0,0.0,1712.0885447558442,4.824330879831125,-145.70044595174775,2,1
2012-06-16 19:14:00.759413+00:00,0.0,0.0,0.0,2384.1504672649344,4.656508178812244,-146.0360913537855,1,1
2012-06-16 20:57:00.758942+00:00,0.0,0.0,0.0,2420.9680479632475,5.743792194735162,-143.86152332193967,1,1
2012-06-16 21:18:00.758846+00:00,2.4,5.35,8.17,521.8406387712013,4.727591251567733,-145.89392520827454,1,1
2012-06-16 22:05:00.758630+00:00,2.02,4.52,6.9,110228.00731936973,3.6394029977648503,-148.0703017158803,5,3
2012-06-16 22:07:00.758621+00:00,2.02,4.52,6.9,110228.00731936973,3.6394029977648503,-148.0703017158803,5,2
2012-06-17 03:38:00.768948+00:00,7.82,16.5,25.01,2537.546514420253,4.940023880140887,-140.8119377917913,1,1
2012-06-17 04:41:00.768659+00:00,5.83,12.51,19.01,528.4887143005964,7.9699770051796675,-134.7520315417137,1,1
2012-06-17 04:57:00.768586+00:00,9.36,19.58,29.63,2887.365915136933,6.359327356183938,-137.97333083970523,1,1
2012-06-17 05:16:00.768499+00:00,8.47,17.81,26.97,759.1903767601056,6.196900282238334,-138.2981849875964,1,1
2012-06-17 17:19:00.765440+00:00,0.0,0.0,0.0,3120.593660979903,5.684726404276433,-145.25208146328526,1,1
2012-06-17 21:45:00.764222+00:00,0.0,0.0,0.0,14980288.87370434,8.132143847011324,-140.35724657781546,1,1
2012-06-17 22:03:00.764140+00:00,0.0,0.0,0.0,1244.5536793015453,3.930014178201533,-148.76150591543504,2,1
2012-06-17 22:12:00.764098+00:00,0.0,0.0,0.0,1244.5536793015453,3.930014178201533,-148.76150591543504,2,1
2012-06-17 23:15:00.763810+00:00,0.0,0.0,0.0,12725.379584740896,6.071957509576273,-144.4776192526855,1,1
2012-06-18 03:22:00.765575+00:00,2.02,4.52,6.9,1725.3179708292005,4.131221960102492,-147.16313466661788,1,1
2012-06-18 03:51:00.765443+00:00,9.91,20.68,31.29,7794.370930676658,4.3703431145750296,-146.6848923576728,1,1
2012-06-18 04:58:00.765136+00:00,0.0,0.02,0.0,734.9102124360271,4.564007256260409,-146.29756407430202,1,1
2012-06-18 09:24:00.763918+00:00,9.26,19.38,29.33,7361.200674421548,1.753830256405844,-151.9179180740112,1,1
2012-06-18 12:29:00.763867+00:00,9.06,18.98,28.74,840.1854981018129,4.792939316035248,-145.6757087034917,1,1
2012-06-18 23:47:00.760764+00:00,8.62,18.1,27.42,6525.109152021302,12.445512838111632,-130.3705616593389,1,1
2012-06-19 00:02:00.761291+00:00,7.01,14.89,22.59,607.0773367235853,-2.9693480128291814,-158.9449332437197,1,1
2012-06-19 00:16:00.761227+00:00,8.96,18.79,28.45,1653.408573019372,5.083333271403296,-142.83957067525472,1,1
2012-06-19 03:15:00.760407+00:00,4.94,10.68,16.25,768.9462750976901,4.827325080998085,-143.3515870560651,1,1
2012-06-19 04:27:00.760078+00:00,7.62,16.12,24.44,6811.592703354842,2.519034139491892,-147.96816893907754,1,1
2012-06-19 09:37:00.758659+00:00,9.14,19.14,28.97,1954.2530917353408,8.741186672165933,-135.52386387372943,1,1
2012-06-19 10:06:00.758526+00:00,1.35,3.04,4.65,3308.373296252295,13.395712477762174,-126.21481226253695,1,1
2012-06-19 10:32:00.758407+00:00,7.11,15.1,22.9,1463.1320634665713,3.2932026612128937,-146.41983189563553,1,1
2012-06-19 12:04:00.769382+00:00,8.05,16.97,25.71,1102.9165141442695,3.541456848284815,-144.02187631332114,2,1
2012-06-19 12:08:00.769363+00:00,8.05,16.97,25.71,1102.9165141442695,3.541456848284815,-144.02187631332114,2,1
2012-06-19 12:22:00.769299+00:00,7.71,16.29,24.7,1489.1175071146947,5.091159302736169,-140.92247140441842,1,1
2012-06-19 12:51:00.769166+00:00,8.58,18.03,27.3,12554.826236612058,5.675361799801173,-139.7540664102884,2,1
2012-06-19 12:53:00.769157+00:00,8.58,18.03,27.3,12554.826236612058,5.675361799801173,-139.7540664102884,2,1
2012-06-19 16:48:00.768082+00:00,1.77,3.96,6.06,1933.4601771412229,4.059880432596616,-142.9850291446975,1,1
2012-06-19 17:49:00.767802+00:00,6.88,14.63,22.2,581.8109476200738,3.712136505231221,-143.6805169994283,1,1
2012-06-19 18:41:00.767564+00:00,7.16,15.2,23.05,2511.291226105378,5.897902773783697,-139.30898446232337,1,1
2012-06-19 19:24:00.767367+00:00,6.05,12.95,19.67,74781.10076159338,4.138368028255779,-142.8280539533792,1,1
2012-06-19 20:31:00.767061+00:00,9.12,19.1,28.91,6423.720235798617,3.5765004823154163,-143.95178904525991,1,1
2012-06-19 21:39:00.766749+00:00,5.4,11.64,17.69,626.4126779993276,2.560270296595664,-145.9842494166994,1,1
2012-06-19 22:03:00.766640+00:00,3.9,8.54,13.02,4171.783093942118,2.733389737639384,-145.63801053461196,1,1
2012-06-20 00:29:00.766367+00:00,2.26,5.03,7.68,1633.1893519718285,4.754803312579156,-145.4215465254084,1,1
2012-06-20 01:33:00.766074+00:00,3.35,7.38,11.25,329472.4822042582,5.097645087026349,-144.73586297651406,1,1
2012-06-20 03:27:00.765552+00:00,0.0,0.02,0.0,8278.57870254999,5.188873518575092,-144.55340611341654,2,1
2012-06-20 03:34:00.765520+00:00,0.0,0.02,0.0,8278.57870254999,5.188873518575092,-144.55340611341654,2,1
2012-06-20 08:04:00.764284+00:00,0.0,0.0,0.0,1047.6911031653729,5.23871017982095,-144.45373279092485,1,1
2012-06-20 16:00:00.763601+00:00,0.0,0.02,0.01,1697.4088667549447,5.172760769946231,-140.96169773239083,1,1
2012-06-20 19:19:00.762690+00:00,8.41,17.69,26.8,20930591.72877441,7.781863184714989,-135.74349290285332,1,1
2012-06-20 20:08:00.762466+00:00,9.7,20.27,30.66,15766.959625864018,4.857534879511138,-141.59214951326103,1,1
2012-06-20 21:45:00.762022+00:00,0.0,0.02,0.0,29031.669835918306,3.7157441058535463,-143.8757310605762,7,1
2012-06-20 21:46:00.762017+00:00,0.0,0.02,0.0,29031.669835918306,3.7157441058535463,-143.8757310605762,7,2
2012-06-20 21:47:00.762013+00:00,0.0,0.02,0.0,29031.669835918306,3.7157441058535463,-143.8757310605762,7,2
2012-06-20 21:49:00.762004+00:00,0.0,0.02,0.0,29031.669835918306,3.7157441058535463,-143.8757310605762,7,2
2012-06-21 09:44:00.759127+00:00,0.0,0.02,0.0,584.1833390894775,2.8566167600906263,-146.93440507661145,1,1
2012-06-21 10:18:00.758971+00:00,0.0,0.02,0.0,1630.9798312550747,2.7543432151686016,-147.1389521664555,2,1
2012-06-21 10:20:00.758962+00:00,0.0,0.02,0.0,1630.9798312550747,2.7543432151686016,-147.1389521664555,2,1
2012-06-21 12:38:00.761226+00:00,0.0,0.0,0.0,3846.50859974562,5.238500282394219,-145.6743822646805,1,1
2012-06-21 14:16:00.760777+00:00,4.79,10.37,15.78,17619.548220547462,4.63819425916384,-146.87499431114128,1,1
2012-06-21 15:29:00.760443+00:00,0.0,0.0,0.0,1302.036145327192,5.128918973199816,-145.8935448830693,1,1
2012-06-21 18:25:00.759638+00:00,4.1,8.95,13.63,2664.8562911245167,6.1642174219888135,-143.8229479854913,9,1
2012-06-21 18:26:00.759633+00:00,4.1,8.95,13.63,2664.8562911245167,6.1642174219888135,-143.8229479854913,9,1
2012-06-21 18:29:00.759619+00:00,4.1,8.95,13.63,2664.8562911245167,6.1642174219888135,-143.8229479854913,9,2
2012-06-21 18:30:00.759615+00:00,4.1,8.95,13.63,2664.8562911245167,6.1642174219888135,-143.8229479854913,9,3
2012-06-21 18:31:00.759610+00:00,4.1,8.95,13.63,2664.8562911245167,6.1642174219888135,-143.8229479854913,9,2
2012-06-21 20:08:00.759166+00:00,0.0,0.0,0.0,7822.435939071645,6.069401355847827,-144.0125801177733,1,1
2012-06-21 20:44:00.759001+00:00,1.81,4.06,6.2,8410.190510648372,4.236445636570684,-147.67849155632757,1,1
2012-06-22 01:42:00.768279+00:00,0.73,1.65,2.53,593.7803750817849,3.6062194979857463,-146.60699211928588,1,1
2012-06-22 02:11:00.768146+00:00,0.0,0.0,0.0,1171.7338944495482,4.898595581334049,-144.02223995258927,1,1
2012-06-22 07:16:00.766750+00:00,0.0,0.02,0.0,620.8816318079171,4.879377066937184,-144.06067698138295,1,1
2012-06-22 11:48:00.765505+00:00,0.0,0.0,0.0,760.5466945980363,6.974606662322463,-139.87021779061246,1,1
2012-06-22 12:38:00.765826+00:00,0.0,0.0,0.0,727.774401369348,6.2528247985608845,-142.23209180768987,1,1
2012-06-22 18:22:00.764251+00:00,1.51,3.39,5.18,1481.781648332765,4.5250519453448526,-145.68763751412197,1,1
2012-06-22 20:51:00.763569+00:00,0.0,0.0,0.0,8114.170199407009,3.1432810210256488,-148.45117936276034,1,1
2012-06-23 00:27:00.764376+00:00,6.87,14.6,22.15,51653.990979641756,5.012755433583721,-147.48996073044256,1,1
2012-06-23 04:11:00.763351+00:00,1.66,3.71,5.67,4301.577286542049,4.079035392087506,-149.357400813435,1,1
2012-06-23 06:01:00.762847+00:00,2.28,5.07,7.74,2289.46162404939,7.492624285232132,-142.53022302714572,1,1
2012-06-23 06:56:00.762596+00:00,0.0,0.0,0.0,768.9713444301268,7.706723431020857,-142.10202473556825,1,1
2012-06-23 08:10:00.762257+00:00,2.18,4.86,7.43,72485.91831096204,6.955521096230218,-143.60442940514955,1,1
2012-06-23 09:32:00.761882+00:00,10.43,21.72,32.84,4404.929520022447,8.205961987188712,-141.10354762323254,1,1
2012-06-23 14:57:00.760490+00:00,0.0,0.0,0.0,895.6479405198097,9.314471187630422,-141.1524906856297,1,1
2012-06-23 18:09:00.759611+00:00,0.0,0.02,0.0,1397.8374893636026,5.598028100824657,-148.5853768592412,6,1
2012-06-23 18:10:00.759606+00:00,0.0,0.02,0.0,1397.8374893636026,5.598028100824657,-148.5853768592412,6,1
2012-06-23 18:14:00.759588+00:00,0.0,0.02,0.0,1397.8374893636026,5.598028100824657,-148.5853768592412,6,2
2012-06-23 18:16:00.759579+00:00,0.0,0.02,0.0,1397.8374893636026,5.598028100824657,-148.5853768592412,6,2
2012-06-23 19:48:00.759158+00:00,1.86,4.15,6.35,2365.435520587921,9.667816489770422,-140.4458000813497,1,1
2012-06-23 22:19:00.758466+00:00,0.0,0.0,0.0,4460.233892033714,5.386938002153876,-149.00755705658278,1,1
2012-06-23 23:33:00.758128+00:00,0.0,0.0,0.0,1321.6118449774272,3.6706893447569824,-152.44005437137656,1,1
2012-06-24 02:52:00.768458+00:00,0.0,0.0,0.0,12007.122394726879,5.9565355207704975,-146.40727657239856,1,1
2012-06-24 06:10:00.767552+00:00,9.62,20.1,30.42,826326.2442362839,8.375140779381669,-141.57006605517617,1,1
2012-06-24 10:39:00.766321+00:00,5.09,10.99,16.71,32125073.286932644,1.2717045299946146,-155.77693855395032,1,1
2012-06-24 13:31:00.765883+00:00,0.0,0.0,0.0,514.7888830980454,9.162149340350496,-138.51548263583268,1,1
2012-06-24 20:28:00.763975+00:00,1.46,3.28,5.01,2222.5999471188275,3.6689862225045062,-149.50180887152462,1,1
2012-06-24 22:33:00.763402+00:00,0.0,0.0,0.0,1465.6537488129736,4.475486849851818,-147.88880761683004,1,1
2012-06-25 03:19:00.765289+00:00,0.0,0.0,0.0,1843.351437598395,3.1473789127138923,-150.87939489143665,1,1
2012-06-25 09:52:00.763490+00:00,2.77,6.14,9.37,1263.2006443524615,9.85150549159924,-137.47114173366592,1,1
2012-06-25 13:53:00.763183+00:00,0.0,0.0,0.0,866.3091588445218,7.093826913650931,-140.80280599111202,2,1
2012-06-25 13:59:00.763155+00:00,0.0,0.0,0.0,866.3091588445218,7.093826913650931,-140.80280599111202,2,1
2012-06-25 14:25:00.763036+00:00,0.0,0.0,0.0,1281.8543072654466,6.0917934738532376,-142.80687287070742,1,1
2012-06-25 15:49:00.762652+00:00,0.0,0.0,0.0,859.9636090704101,7.261733493764008,-140.4669928308859,1,1
2012-06-25 22:27:00.760830+00:00,0.0,0.0,0.0,650.3959309104737,7.680868747112265,-139.62872232418943,1,1
2012-06-26 05:27:00.760103+00:00,9.54,19.94,30.17,1085.715056888531,0.5244777355574144,-148.24869033049472,1,1
2012-06-26 07:04:00.759659+00:00,8.41,17.69,26.8,2590.523360942424,5.001237667832915,-139.29517046594373,1,1
2012-06-26 12:18:00.769618+00:00,10.45,21.76,32.9,730.7131130178008,6.922780974784305,-138.52947916890298,1,1
2012-06-26 17:14:00.768263+00:00,0.0,0.02,0.01,3137.786955393501,5.449024045235134,-141.47699302800137,2,1
2012-06-26 17:15:00.768258+00:00,0.0,0.02,0.01,3137.786955393501,5.449024045235134,-141.47699302800137,2,1
2012-06-26 20:02:00.767494+00:00,8.73,18.33,27.76,1607.3422037473626,1.3062352642402038,-149.76257058999118,2,1
2012-06-26 20:03:00.767489+00:00,8.73,18.33,27.76,1607.3422037473626,1.3062352642402038,-149.76257058999118,2,1
2012-06-26 20:22:00.767402+00:00,8.73,18.33,27.76,1944.4759590122962,5.1020786758468235,-142.17088376677796,3,1
2012-06-26 20:28:00.767375+00:00,8.71,18.29,27.7,1944.4759590122962,5.1020786758468235,-142.17088376677796,3,1
2012-06-26 20:30:00.767365+00:00,8.71,18.29,27.7,1944.4759590122962,5.1020786758468235,-142.17088376677796,3,1
2012-06-26 20:44:00.767301+00:00,10.43,21.72,32.84,2341.853439850485,4.173728510302161,-144.02758409786725,2,1
2012-06-26 20:53:00.767260+00:00,10.34,21.54,32.57,3128.722179497956,3.1517852924892544,-146.0714705334931,3,1
2012-06-26 21:02:00.767219+00:00,10.08,21.02,31.8,1554.9847002030149,3.1517852924892544,-146.0714705334931,3,1
2012-06-26 21:10:00.767182+00:00,10.1,21.06,31.86,1392.5073930066776,3.972672463049883,-144.4296961923718,3,1
2012-06-26 21:12:00.767173+00:00,10.1,21.06,31.86,1392.5073930066776,3.972672463049883,-144.4296961923718,3,1
2012-06-26 22:40:00.766770+00:00,8.23,17.33,26.25,512.80416203095,1.830005384492256,-148.71503034948705,2,1
2012-06-26 22:47:00.766738+00:00,8.23,17.33,26.25,512.80416203095,1.830005384492256,-148.71503034948705,2,1
2012-06-27 00:08:00.766463+00:00,2.72,6.03,9.2,656.9627011045594,5.858055778511728,-146.26526941902276,1,1
2012-06-27 01:25:00.766111+00:00,6.64,14.14,21.46,1811.2710938465355,7.86425580622106,-142.25286936360408,2,1
2012-06-27 01:32:00.766079+00:00,6.62,14.1,21.41,1811.2710938465355,7.86425580622106,-142.25286936360408,2,1
2012-06-27 01:55:00.765974+00:00,1.33,2.98,4.56,700.4805164358528,9.711870891678146,-138.55763919268992,1,1
2012-06-27 02:15:00.765882+00:00,8.81,18.48,27.99,1385.6150228081617,7.6078858774424605,-142.7656092211613,1,1
2012-06-27 04:02:00.765392+00:00,0.82,1.86,2.84,3148.75215178729,5.911287409675273,-146.1588061566957,1,1
2012-06-27 08:20:00.764211+00:00,3.32,7.31,11.15,746.2538600249139,5.5423075790682255,-146.89676581790977,3,1
2012-06-27 08:21:00.764207+00:00,3.32,7.31,11.15,746.2538600249139,5.5423075790682255,-146.89676581790977,3,1
2012-06-27 08:29:00.764170+00:00,3.32,7.31,11.15,669.3138596795943,6.20332692375105,-145.5747271285441,4,1
2012-06-27 08:32:00.764156+00:00,7.75,16.36,24.8,584.9803960101731,8.015834049615645,-141.94971287681494,2,1
2012-06-27 11:54:00.763232+00:00,0.0,0.0,0.0,4725.735768330522,5.521777104238723,-146.93782676756874,1,1
2012-06-27 17:41:00.763939+00:00,7.64,16.15,24.49,1231.6731756041195,4.199350005623473,-145.17418880262122,1,1
2012-06-28 03:27:00.762152+00:00,0.0,0.0,0.0,19886.739554268646,5.049911000619994,-143.29024563596715,1,1
2012-06-28 04:48:00.761782+00:00,7.62,16.12,24.44,751.6351694781425,5.698779222100892,-141.99250919300536,1,1
2012-06-28 08:48:00.760683+00:00,0.0,0.0,0.0,597.2953048546922,2.5642335639837457,-148.26160050923963,1,1
2012-06-28 10:08:00.760317+00:00,7.28,15.43,23.4,14711.990269860871,3.9014654179833452,-145.58713680124046,1,1
2012-06-28 11:17:00.760001+00:00,5.31,11.45,17.41,42615.96608089951,4.098693772578244,-145.19268009205064,1,1
2012-06-28 13:47:00.759810+00:00,8.92,18.71,28.33,545.2133657469701,5.112762375147313,-144.11329612219632,1,1
2012-06-28 15:57:00.759215+00:00,5.5,11.82,17.97,1406.8503959288555,4.416507530807298,-145.50580581087632,1,1
2012-06-28 18:46:00.758441+00:00,5.45,11.73,17.83,2643.1279158484367,7.427638307787093,-139.4835442569167,1,1
2012-06-28 19:24:00.758267+00:00,0.0,0.02,0.0,21942.312338006912,6.774324737758738,-140.79017139697345,2,1
2012-06-28 19:26:00.758258+00:00,0.0,0.02,0.0,21942.312338006912,6.774324737758738,-140.79017139697345,2,1
2012-06-28 19:57:00.758116+00:00,6.21,13.27,20.15,556.5781544347697,4.821671251191821,-144.69547837010725,2,1
2012-06-28 20:03:00.758089+00:00,6.21,13.27,20.15,556.5781544347697,4.821671251191821,-144.69547837010725,2,1
2012-06-28 20:58:00.757837+00:00,5.48,11.79,17.92,2718.601727832573,4.483250958254237,-145.37231895598245,1,1
2012-06-28 21:10:00.757782+00:00,0.0,0.02,0.0,730.8980406822238,1.8485727210181069,-150.64167543045468,1,1
2012-06-28 22:40:00.757370+00:00,0.0,0.0,0.0,592.4414042333415,3.450327105206583,-147.43816666207775,1,1
2012-06-29 00:11:00.769095+00:00,10.13,21.11,31.92,24961.44657444638,6.678980383627121,-143.27222166533974,1,1
2012-06-29 00:43:00.768949+00:00,1.54,3.44,5.27,6523.051988194434,5.869528422179603,-144.89112558823481,2,1
2012-06-29 00:51:00.768912+00:00,1.54,3.44,5.27,6523.051988194434,5.869528422179603,-144.89112558823481,2,1
2012-06-29 01:30:00.768734+00:00,2.08,4.65,7.1,4515.599877299273,8.085259216224676,-140.45966400014458,1,1
2012-06-29 04:46:00.767837+00:00,2.82,6.24,9.53,1601.6139311123159,4.532910793826552,-147.56436084494086,1,1
2012-06-29 05:51:00.767539+00:00,9.7,20.27,30.66,6734.82539348197,4.366868401464728,-147.89644562966453,1,1
2012-06-29 12:24:00.766190+00:00,4.53,9.85,14.99,819.8477947724518,4.104433108310102,-147.41869389488227,2,1
2012-06-29 12:25:00.766186+00:00,4.53,9.85,14.99,819.8477947724518,4.104433108310102,-147.41869389488227,2,1
2012-06-29 14:05:00.765728+00:00,0.0,0.0,0.0,4559.342439926018,4.530964872368092,-146.56563036676627,1,1
2012-06-29 16:19:00.765114+00:00,5.03,10.87,16.53,909.5634432945272,5.325743807302037,-144.97607249689838,3,1
2012-06-29 16:20:00.765110+00:00,5.03,10.87,16.53,909.5634432945272,5.325743807302037,-144.97607249689838,3,1
2012-06-29 16:21:00.765105+00:00,5.03,10.87,16.53,879.405645883264,5.380511304310223,-144.866537502882,4,1
2012-06-29 16:30:00.765064+00:00,5.03,10.87,16.53,849.2478484720009,5.435278801318408,-144.7570025088656,3,1
2012-06-29 16:42:00.765009+00:00,1.35,3.04,4.65,275825.0240137168,4.38869934610217,-146.8501614192981,2,1
2012-06-29 16:44:00.765000+00:00,1.35,3.04,4.65,275825.0240137168,4.38869934610217,-146.8501614192981,2,1
2012-06-29 17:01:00.764922+00:00,0.0,0.0,0.0,681.7602481134624,4.293315433953177,-147.04092924359608,1,1
2012-06-29 20:36:00.763938+00:00,6.24,13.33,20.24,733.7616799919579,6.754187704732844,-142.11918470203673,1,1
2012-06-29 23:44:00.763077+00:00,9.95,20.77,31.41,15286.774683477304,6.780590998302367,-142.06637811489773,1,1
2012-06-30 02:23:00.763545+00:00,5.43,11.7,17.78,1858.503277450254,5.771367380919673,-143.87421775907802,3,2
2012-06-30 02:24:00.763541+00:00,5.43,11.7,17.78,1858.503277450254,5.771367380919673,-143.87421775907802,3,1
2012-06-30 04:26:00.762982+00:00,0.0,0.0,0.0,39704.14237197594,3.2683328969083436,-148.8802867271007,1,1
2012-06-30 07:24:00.762167+00:00,0.0,0.0,0.0,78829.76436939875,5.3886502555997335,-144.6396520097179,2,1
2012-06-30 07:26:00.762158+00:00,0.0,0.0,0.0,78829.76436939875,5.3886502555997335,-144.6396520097179,2,1
2012-06-30 08:35:00.761842+00:00,0.0,0.02,0.0,809.7228223967985,4.2270644122594145,-146.96282369639852,1,1
2012-06-30 09:05:00.761705+00:00,7.71,16.29,24.7,884.2349408912069,2.8902289015191847,-149.636494717879,3,1
2012-06-30 09:06:00.761701+00:00,7.71,16.29,24.7,884.2349408912069,2.8902289015191847,-149.636494717879,3,1
2012-06-30 09:10:00.761682+00:00,7.99,16.86,25.55,858.9051738774472,3.200498447518477,-149.01595562588042,4,1
2012-06-30 09:20:00.761636+00:00,8.47,17.81,26.97,674.1755080519723,11.794748539189493,-131.82745544253837,2,1
2012-06-30 09:29:00.761595+00:00,8.47,17.81,26.97,674.1755080519723,11.794748539189493,-131.82745544253837,2,1
2012-06-30 10:55:00.761202+00:00,10.26,21.37,32.31,7331.625822023501,4.169672256526591,-147.0776080078642,1,1
2012-06-30 12:33:00.760949+00:00,5.28,11.39,17.32,522212.6535264362,4.77070021109751,-146.5679753585831,3,1
2012-06-30 12:34:00.760944+00:00,5.28,11.39,17.32,522212.6535264362,4.77070021109751,-146.5679753585831,3,2
2012-06-30 13:34:00.760670+00:00,0.0,0.0,0.0,154102.3447664527,4.0282651980896205,-148.0528453845989,1,1
2012-06-30 15:50:00.760047+00:00,7.75,16.36,24.8,1325.1082733071878,5.14133737747747,-145.82670102582318,1,1
2012-06-30 17:38:00.759553+00:00,8.08,17.04,25.82,71669.28611231133,5.599951520935277,-144.9094727389076,1,1
2012-06-30 21:05:00.758605+00:00,4.13,9.01,13.73,70220.42068090558,4.885710023212677,-146.33795573435282,4,2
2012-06-30 21:06:00.758601+00:00,4.13,9.01,13.73,70220.42068090558,4.885710023212677,-146.33795573435282,4,2
2012-07-01 01:56:00.768615+00:00,0.0,0.0,0.0,4768.5800486040835,3.8229488019922413,-145.61200276773906,6,1
2012-07-01 01:57:00.768610+00:00,0.0,0.02,0.0,4768.5800486040835,3.8229488019922413,-145.61200276773906,6,2
2012-07-01 02:02:00.768587+00:00,0.0,0.02,0.0,4768.5800486040835,3.8229488019922413,-145.61200276773906,6,3
2012-07-01 04:08:00.768010+00:00,2.85,6.32,9.64,648.4874652237326,8.924197475023732,-135.40950542167607,1,1
2012-07-01 04:24:00.767937+00:00,3.48,7.64,11.65,1345.3500951897752,5.9452791007593655,-141.3673421702048,2,1
2012-07-01 04:29:00.767914+00:00,8.14,17.15,25.98,1313.2338624849754,6.53145872932028,-140.19498291308298,3,1
2012-07-01 04:38:00.767873+00:00,4.79,10.37,15.78,599.7427872237392,10.299693276965684,-132.65851381779214,6,1
2012-07-01 04:44:00.767846+00:00,2.49,5.54,8.46,631.2561783025623,9.839590178087263,-133.57872001554898,11,1
2012-07-01 04:45:00.767841+00:00,2.31,5.15,7.87,631.2561783025623,9.839590178087263,-133.57872001554898,11,2
2012-07-01 04:46:00.767837+00:00,2.22,4.94,7.55,695.7922669445729,10.299693276965684,-132.65851381779214,12,1
2012-07-01 04:50:00.767818+00:00,2.18,4.86,7.43,631.2561783025623,10.759796375844104,-131.7383076200353,11,1
2012-07-01 04:51:00.767814+00:00,0.0,0.02,0.0,631.2561783025623,10.759796375844104,-131.7383076200353,11,2
2012-07-01 04:52:00.767809+00:00,0.0,0.02,0.0,631.2561783025623,10.759796375844104,-131.7383076200353,11,2
2012-07-01 04:53:00.767804+00:00,0.0,0.02,0.0,631.2561783025623,10.759796375844104,-131.7383076200353,11,1
2012-07-01 04:55:00.767795+00:00,0.0,0.02,0.0,828.962755481378,10.769726169410971,-131.71844803290162,10,1
2012-07-01 05:03:00.767759+00:00,0.0,0.02,0.0,1846.668201112751,13.59957237929105,-126.05875561314144,2,1
2012-07-01 05:19:00.767685+00:00,0.0,0.02,0.0,619.9194918326951,16.448168695460947,-120.36156298080164,1,1
2012-07-01 06:33:00.767347+00:00,3.48,7.64,11.65,973.6145090262236,4.278910262918032,-144.70007984588747,1,1
2012-07-01 06:49:00.767273+00:00,7.94,16.75,25.39,810.7707966231519,5.403067543749048,-142.45176528422544,3,1
2012-07-01 06:50:00.767269+00:00,3.71,8.13,12.39,810.7707966231519,5.403067543749048,-142.45176528422544,3,1
2012-07-01 06:53:00.767255+00:00,3.9,8.54,13.02,810.7707966231519,5.403067543749048,-142.45176528422544,3,1
2012-07-01 07:09:00.767182+00:00,2.94,6.49,9.91,1460.0020992240893,6.468726333288384,-140.32044770514676,2,1
2012-07-01 07:12:00.767168+00:00,6.35,13.55,20.58,1460.0020992240893,6.468726333288384,-140.32044770514676,2,1
2012-07-01 07:31:00.767081+00:00,1.15,2.59,3.96,1201.8112660862735,7.086979932097157,-139.08394050752923,3,1
2012-07-01 07:35:00.767063+00:00,10.15,21.15,31.99,963.890931377244,6.055173257114699,-141.14755385749413,4,1
2012-07-01 07:39:00.767045+00:00,6.9,14.66,22.25,1201.8112660862735,5.0233665821322395,-143.21116720745906,5,1
2012-07-01 07:42:00.767031+00:00,6.52,13.91,21.11,1466.9696913782693,4.7703048184694286,-143.71729073478468,4,1
2012-07-01 07:47:00.767008+00:00,6.52,13.91,21.11,2207.968786088324,4.5172430548066185,-144.2234142621103,3,1
2012-07-01 08:01:00.766944+00:00,5.69,12.23,18.58,746.4067880505934,10.326769961704306,-132.60436044831494,1,1
2012-07-01 09:24:00.766564+00:00,5.0,10.8,16.43,9255.944944410332,4.413504599993101,-144.43089117173736,9,1
2012-07-01 09:25:00.766559+00:00,5.1,11.02,16.76,6394.91045821932,5.2895682801692585,-142.678763811385,12,1
2012-07-01 09:26:00.766555+00:00,5.1,11.02,16.76,6394.91045821932,5.2895682801692585,-142.678763811385,12,1
2012-07-01 09:27:00.766550+00:00,10.0,20.85,31.54,4907.991705267556,5.4766481574145915,-142.3046040568944,13,1
2012-07-01 09:28:00.766546+00:00,9.28,19.42,29.39,4907.991705267556,5.488216332497284,-142.28146770672896,15,3
2012-07-01 09:29:00.766541+00:00,9.32,19.5,29.51,4907.991705267556,5.488216332497284,-142.28146770672896,15,1
2012-07-01 09:30:00.766536+00:00,0.0,0.02,0.0,3635.89545711908,6.429361095874776,-140.399178179974,16,1
2012-07-01 09:34:00.766518+00:00,0.0,0.02,0.0,2363.799208970602,5.624482765918302,-142.0089348398869,17,2
2012-07-01 09:35:00.766514+00:00,0.0,0.02,0.0,3635.89545711908,6.497494312585284,-140.26291174655293,16,1
2012-07-01 09:37:00.766504+00:00,0.0,0.02,0.0,3635.89545711908,8.336780245026809,-136.5843398816699,14,2
2012-07-01 09:38:00.766500+00:00,0.0,0.02,0.0,2363.799208970602,9.30305463080135,-134.65179111012085,13,1
2012-07-01 09:39:00.766495+00:00,0.0,0.02,0.0,1469.024167134425,9.30305463080135,-134.65179111012085,11,1
2012-07-01 09:41:00.766486+00:00,0.0,0.02,0.0,1397.423766565865,9.318628288452198,-134.62064379481916,10,1
2012-07-01 09:45:00.766468+00:00,0.0,0.02,0.0,1397.423766565865,7.7853695547938475,-137.68716126213585,8,1
2012-07-01 09:49:00.766449+00:00,0.0,0.02,0.0,730.9111407274353,5.3596783117868325,-142.53854374814986,9,1
2012-07-01 09:53:00.766431+00:00,1.77,3.96,6.06,730.9111407274353,5.19375233458269,-142.87039570255814,7,1
2012-07-01 09:55:00.766422+00:00,0.91,2.04,3.12,730.9111407274353,5.19375233458269,-142.87039570255814,7,1
2012-07-01 09:56:00.766417+00:00,0.82,1.86,2.84,730.9111407274353,5.19375233458269,-142.87039570255814,7,2
2012-07-01 09:58:00.766408+00:00,8.36,17.58,26.64,644.7811976617851,5.276715323184762,-142.70446972535402,8,1
2012-07-01 10:05:00.766376+00:00,8.36,17.58,26.64,746.1450117289047,5.417202419648957,-142.42349553242562,8,1
2012-07-01 10:07:00.766367+00:00,8.39,17.66,26.75,1890.9238061261112,9.026374725976817,-135.20515091976992,6,1
2012-07-01 10:09:00.766358+00:00,8.52,17.92,27.14,1890.9238061261112,9.026374725976817,-135.20515091976992,6,1
2012-07-01 10:12:00.766344+00:00,8.52,17.92,27.14,1890.9238061261112,9.026374725976817,-135.20515091976992,6,1
2012-07-01 10:16:00.766326+00:00,9.87,20.6,31.16,3020.468729521848,9.423041183332252,-134.41181800505905,5,1
2012-07-01 10:18:00.766317+00:00,3.0,6.63,10.12,3096.253250973285,9.04534705322759,-135.16720626526836,4,1
2012-07-01 10:44:00.766198+00:00,0.0,0.02,0.01,1027.8252632749618,5.569070431061983,-142.11975950959956,7,1
2012-07-01 10:46:00.766189+00:00,9.95,20.77,31.41,1027.8252632749618,5.569070431061983,-142.11975950959956,7,1
2012-07-01 10:48:00.766179+00:00,9.87,20.6,31.16,1027.8252632749618,5.569070431061983,-142.11975950959956,7,1
2012-07-01 10:49:00.766175+00:00,9.85,20.56,31.1,1027.8252632749618,5.569070431061983,-142.11975950959956,7,1
2012-07-01 10:51:00.766166+00:00,10.02,20.89,31.6,1057.5060588147194,6.04710779180065,-141.16368478812225,8,1
2012-07-01 10:53:00.766157+00:00,10.06,20.98,31.73,1087.186854354477,6.525145152539317,-140.2076100666449,9,1
2012-07-01 10:54:00.766152+00:00,10.04,20.94,31.67,1087.186854354477,6.525145152539317,-140.2076100666449,9,1
2012-07-01 11:00:00.766124+00:00,10.04,20.94,31.67,1842.4143430246152,11.137359031693109,-130.98318230833732,5,1
2012-07-01 11:02:00.766115+00:00,10.06,20.98,31.73,1775.7691799391935,11.834928221856961,-129.5880439280096,4,1
2012-07-01 11:17:00.766047+00:00,6.29,13.43,20.39,843.6352023988261,7.439404258363543,-138.37909185499646,4,1
2012-07-01 11:18:00.766042+00:00,6.57,14.01,21.26,979.040484489798,6.235941134671474,-140.7860181023806,5,1
2012-07-01 11:25:00.766010+00:00,3.63,7.97,12.15,979.040484489798,6.235941134671474,-140.7860181023806,5,1
2012-07-01 11:26:00.766005+00:00,3.81,8.35,12.73,979.040484489798,6.235941134671474,-140.7860181023806,5,1
2012-07-01 11:27:00.766001+00:00,10.36,21.58,32.64,979.040484489798,6.235941134671474,-140.7860181023806,5,1
2012-07-01 11:38:00.765951+00:00,10.39,21.63,32.7,1829.765900393378,4.349466013312342,-144.5589683450989,3,1
2012-07-01 11:39:00.765946+00:00,6.95,14.76,22.39,1829.765900393378,4.349466013312342,-144.5589683450989,3,1
2012-07-01 11:47:00.765909+00:00,7.0,14.86,22.54,1829.765900393378,4.349466013312342,-144.5589683450989,3,1
2012-07-01 12:15:00.767931+00:00,0.0,0.0,0.0,581.9099714719864,3.7166093115328582,-147.2964359958645,4,1
2012-07-01 12:18:00.767918+00:00,0.0,0.0,0.0,581.9099714719864,3.7166093115328582,-147.2964359958645,4,1
2012-07-01 12:19:00.767913+00:00,0.0,0.0,0.0,581.9099714719864,3.7166093115328582,-147.2964359958645,4,1
2012-07-01 12:21:00.767904+00:00,1.61,3.61,5.51,581.9099714719864,3.7166093115328582,-147.2964359958645,4,1
2012-07-01 12:35:00.767840+00:00,6.27,13.39,20.34,1194.313845776384,3.56743527135802,-147.59478407621415,1,1
2012-07-01 12:46:00.767789+00:00,4.82,10.43,15.88,1150.1871888642129,3.92853874325612,-146.87257713241797,4,1
2012-07-01 12:47:00.767785+00:00,4.82,10.43,15.88,1150.1871888642129,3.92853874325612,-146.87257713241797,4,1
2012-07-01 12:48:00.767780+00:00,4.79,10.37,15.78,787.0514205587822,4.1979090314943175,-146.33383655594156,5,1
2012-07-01 12:52:00.767762+00:00,4.82,10.43,15.88,1073.5460037102594,4.229525800946154,-146.2706030170379,6,1
2012-07-01 12:58:00.767734+00:00,4.83,10.47,15.92,1620.2904374081468,12.79562509677606,-129.1384044253781,4,1
2012-07-01 13:00:00.767725+00:00,4.83,10.47,15.92,1620.2904374081468,12.79562509677606,-129.1384044253781,4,1
2012-07-01 13:03:00.767712+00:00,10.36,21.58,32.64,1320.2203855714783,12.79562509677606,-129.1384044253781,4,1
2012-07-01 13:11:00.767675+00:00,8.65,18.18,27.53,1516.5602304216825,9.10738157219884,-136.5148914745325,5,1
2012-07-01 13:13:00.767666+00:00,8.65,18.18,27.53,1516.5602304216825,9.10738157219884,-136.5148914745325,5,1
2012-07-01 13:18:00.767643+00:00,7.28,15.43,23.4,1534.289904248575,9.77185911354713,-135.18593639183595,8,2
2012-07-01 13:23:00.767620+00:00,5.91,12.67,19.24,1552.0195780754682,9.405896205429055,-135.91786220807208,9,1
2012-07-01 13:24:00.767615+00:00,5.91,12.67,19.24,1616.4823231750365,9.289839470775727,-136.1499756773787,8,1
2012-07-01 13:25:00.767611+00:00,5.93,12.7,19.29,1616.4823231750365,9.289839470775727,-136.1499756773787,8,2
2012-07-01 13:30:00.767588+00:00,5.97,12.79,19.43,1828.1491216043412,9.289839470775727,-136.1499756773787,6,1
2012-07-01 13:32:00.767579+00:00,5.94,12.73,19.34,1828.1491216043412,9.289839470775727,-136.1499756773787,6,1
2012-07-01 14:32:00.767304+00:00,4.95,10.71,16.3,187670.01704188602,5.989629586507472,-142.75039544591525,3,1
2012-07-01 14:33:00.767300+00:00,4.95,10.71,16.3,187670.01704188602,5.989629586507472,-142.75039544591525,3,2
2012-07-01 15:13:00.767116+00:00,7.75,16.36,24.8,2984.1995181808807,5.8343756430564975,-143.0609033328172,2,1
2012-07-01 15:20:00.767084+00:00,7.76,16.4,24.86,1498.085978421639,6.5637230728196165,-141.60220847329097,3,1
2012-07-01 15:27:00.767052+00:00,9.4,19.66,29.75,1094.390691581158,8.725139418110041,-137.27937578271013,4,1
2012-07-01 15:33:00.767025+00:00,5.54,11.92,18.11,658.5904712573823,7.920022546763231,-138.8896095254037,6,1
2012-07-01 15:35:00.767016+00:00,5.59,12.01,18.25,626.4855377740876,8.122734315936556,-138.4841859870571,7,1
2012-07-01 15:42:00.766984+00:00,5.59,12.01,18.25,690.6954047406767,7.717310777589903,-139.2950330637504,9,2
2012-07-01 15:43:00.766979+00:00,5.59,12.01,18.25,690.6954047406767,7.717310777589903,-139.2950330637504,9,2
2012-07-01 15:48:00.766956+00:00,5.59,12.01,18.25,584.7374393638512,7.599690731004741,-139.5302731569207,7,2
2012-07-01 15:51:00.766943+00:00,5.57,11.98,18.21,584.7374393638512,7.599690731004741,-139.5302731569207,7,1
2012-07-01 16:01:00.766897+00:00,3.95,8.64,13.16,564.7846919445412,6.4524362254239325,-141.82478216808232,4,1
2012-07-01 16:02:00.766892+00:00,3.49,7.67,11.7,612.8778636853258,8.662072851328862,-137.40550891627248,4,2
2012-07-01 16:12:00.766846+00:00,2.06,4.6,7.04,917.293462275985,10.290495463610338,-134.14866369170954,8,2
2012-07-01 16:13:00.766842+00:00,2.06,4.6,7.04,1000.0876340618576,10.389837158934734,-133.94998030106078,7,2
2012-07-01 16:14:00.766837+00:00,2.06,4.6,7.04,1000.0876340618576,10.389837158934734,-133.94998030106078,7,1
2012-07-01 16:18:00.766819+00:00,2.1,4.69,7.17,1086.7893123973824,10.389837158934734,-133.94998030106078,9,1
2012-07-01 16:19:00.766814+00:00,2.1,4.69,7.17,1086.7893123973824,10.389837158934734,-133.94998030106078,9,1
2012-07-01 16:26:00.766782+00:00,3.97,8.67,13.21,1707.0943733278568,9.439767853961095,-135.850118911008,6,2
2012-07-01 16:33:00.766750+00:00,3.95,8.64,13.16,1604.6288351791122,11.131968834674172,-132.46571694958186,6,1
2012-07-01 16:34:00.766746+00:00,3.95,8.64,13.16,1604.6288351791122,11.131968834674172,-132.46571694958186,6,1
2012-07-01 16:38:00.766727+00:00,6.56,13.97,21.21,729.6646266194975,11.131968834674172,-132.46571694958186,4,1
2012-07-01 16:39:00.766723+00:00,6.54,13.94,21.16,729.6646266194975,11.131968834674172,-132.46571694958186,4,1
2012-07-01 17:38:00.766453+00:00,7.49,15.84,24.02,966.2803792766417,7.407314735434988,-139.91502514806024,1,1
2012-07-01 17:49:00.766402+00:00,1.7,3.81,5.83,509.1473454121359,4.642044108257587,-145.445566402415,3,1
2012-07-01 17:50:00.766398+00:00,1.7,3.81,5.83,509.1473454121359,4.642044108257587,-145.445566402415,3,1
2012-07-01 17:55:00.766375+00:00,1.7,3.81,5.83,509.1473454121359,4.642044108257587,-145.445566402415,3,1
2012-07-01 21:13:00.765469+00:00,0.0,0.0,0.0,2517.2751028291173,4.892136663406663,-144.94538129211688,1,1
2012-07-01 22:13:00.765194+00:00,8.9,18.67,28.27,688.8153319403302,1.9046050811537076,-150.92044445662282,1,1
2012-07-02 01:59:00.764655+00:00,1.35,3.04,4.65,535.3731609192179,4.322370052229856,-145.9797750349581,1,1
2012-07-02 05:04:00.763808+00:00,0.0,0.02,0.0,822.3342599065959,4.223463874699067,-146.17758739001968,2,1
2012-07-02 05:05:00.763804+00:00,0.0,0.02,0.0,822.3342599065959,4.223463874699067,-146.17758739001968,2,1
2012-07-02 05:56:00.763570+00:00,4.58,9.94,15.13,816.5230032463974,4.854821275062086,-144.91487258929362,1,1
2012-07-02 09:19:00.762641+00:00,2.28,5.07,7.74,6139.762459979206,2.7898792496362086,-149.04475664014538,1,1
2012-07-02 12:56:00.763444+00:00,0.0,0.0,0.0,530.7485557650166,3.716821609365488,-148.53891903238582,1,1
2012-07-02 14:40:00.762968+00:00,3.72,8.16,12.44,1953.2561912670292,6.5659063626061025,-142.84074952590456,1,1
2012-07-02 17:20:00.762235+00:00,2.08,4.65,7.1,11370.732626769146,3.781018385174627,-148.4105254807675,1,1
2012-07-02 18:19:00.761965+00:00,8.34,17.55,26.58,751.9733348774295,5.014628357943884,-145.94330553522897,2,1
2012-07-02 18:21:00.761956+00:00,0.63,1.43,2.18,882.542987839181,5.169435186349541,-145.63369187841766,3,1
2012-07-02 18:30:00.761915+00:00,0.57,1.3,1.98,666.3890296794951,6.325438472191273,-143.32168530673417,3,1
2012-07-02 18:34:00.761896+00:00,0.24,0.53,0.81,666.3890296794951,6.325438472191273,-143.32168530673417,3,1
2012-07-02 18:42:00.761860+00:00,0.0,0.02,0.0,666.3890296794951,9.849636894325538,-136.2732884624657,3,1
2012-07-02 18:52:00.761814+00:00,6.13,13.11,19.91,834.6487312418417,8.463392945741669,-139.0457763596334,2,1
2012-07-02 18:54:00.761805+00:00,6.13,13.11,19.91,834.6487312418417,8.463392945741669,-139.0457763596334,2,1
2012-07-02 23:30:00.760541+00:00,5.91,12.67,19.24,1448.6740083823406,4.661354230619428,-146.6498537898779,3,1
2012-07-02 23:32:00.760532+00:00,5.91,12.67,19.24,1448.6740083823406,4.661354230619428,-146.6498537898779,3,2
2012-07-03 01:31:00.761483+00:00,6.65,14.17,21.5,1605.2736997723316,4.001113616918939,-147.49162366185664,1,1
2012-07-03 02:03:00.761337+00:00,7.3,15.47,23.45,247612.0112729367,3.880518414649341,-147.73281406639583,2,1
2012-07-03 02:05:00.761328+00:00,7.3,15.47,23.45,247612.0112729367,3.880518414649341,-147.73281406639583,2,1
2012-07-03 03:23:00.760971+00:00,3.42,7.51,11.45,3938.0895799271507,3.7989541480116302,-147.89594259967132,2,1
2012-07-03 03:24:00.760966+00:00,8.86,18.6,28.16,3938.0895799271507,3.7989541480116302,-147.89594259967132,2,1
2012-07-03 03:44:00.760875+00:00,5.03,10.87,16.53,3889.088259201069,5.974728329159918,-143.54439423737472,2,1
2012-07-03 03:45:00.760870+00:00,5.03,10.87,16.53,3889.088259201069,5.974728329159918,-143.54439423737472,2,1
2012-07-03 04:30:00.760664+00:00,6.59,14.04,21.31,637.2834224198823,2.8820590372794617,-149.7297328211356,2,2
2012-07-03 04:49:00.760577+00:00,3.59,7.87,12.0,739.7301244314548,5.040187402917843,-145.41347608985888,2,1
2012-07-03 04:55:00.760550+00:00,0.0,0.02,0.0,739.7301244314548,5.040187402917843,-145.41347608985888,2,1
2012-07-03 05:06:00.760499+00:00,4.55,9.88,15.04,1178.2325680740464,5.282476768613952,-144.92889735846663,3,1
2012-07-03 05:07:00.760495+00:00,4.55,9.88,15.04,1178.2325680740464,5.282476768613952,-144.92889735846663,3,1
2012-07-03 05:09:00.760485+00:00,4.55,9.88,15.04,1178.2325680740464,5.282476768613952,-144.92889735846663,3,1
2012-07-03 05:21:00.760431+00:00,6.87,14.6,22.15,820.6261987527373,5.773477863181219,-143.9468951693321,5,1
2012-07-03 05:23:00.760421+00:00,6.87,14.6,22.15,820.6261987527373,5.773477863181219,-143.9468951693321,5,2
2012-07-03 05:24:00.760417+00:00,6.87,14.6,22.15,820.6261987527373,5.773477863181219,-143.9468951693321,5,1
2012-07-03 05:26:00.760408+00:00,6.87,14.6,22.15,820.6261987527373,5.773477863181219,-143.9468951693321,5,1
2012-07-03 05:39:00.760348+00:00,6.6,14.07,21.36,5305.639920239442,4.328425043004883,-146.83700080968475,1,1
2012-07-03 06:45:00.760046+00:00,0.0,0.02,0.0,1003.7324113367963,5.854803570648191,-143.78424375439815,1,1
2012-07-03 13:37:00.767456+00:00,7.9,16.68,25.28,25444.34713681001,4.272177202017708,-144.6118193733861,1,1
2012-07-03 14:00:00.767351+00:00,5.39,11.61,17.64,535.9325698376509,4.533518567910021,-144.0891366416015,1,1
2012-07-04 04:48:00.766382+00:00,0.0,0.0,0.0,3722.917962557696,3.699527261167456,-149.61646346458738,1,1
2012-07-04 08:04:00.765484+00:00,8.96,18.79,28.45,2729.854829488697,3.20997636603668,-150.59556525484894,1,1
2012-07-04 11:17:00.764601+00:00,0.24,0.53,0.81,555.3605386167584,3.473822999848766,-150.06787198722475,1,1
2012-07-04 12:01:00.764695+00:00,0.0,0.0,0.0,31582.365330397162,-8.10816932914557,-169.72426784821837,1,1
2012-07-04 13:34:00.764270+00:00,0.0,0.02,0.0,11087.104320319324,7.18105038962754,-139.14582841067218,1,1
2012-07-04 14:36:00.763986+00:00,0.0,0.0,0.0,5932.404469800983,3.582582820916908,-146.34276354809342,1,1
2012-07-05 19:22:00.767777+00:00,0.0,0.0,0.0,556.1523183809011,4.893478235209497,-146.51839485385148,1,1
2012-07-05 20:08:00.767566+00:00,7.89,16.65,25.23,7660.660750876222,4.519053290434844,-147.26724474340074,1,1
2012-07-06 04:03:00.766388+00:00,0.87,1.95,2.98,1948.3801798618695,3.6251015668042825,-149.9607299900928,1,1
2012-07-06 11:30:00.764341+00:00,0.0,0.02,0.01,5932.942708014465,1.782079837172088,-153.6467734493572,1,1
2012-07-06 15:10:00.765630+00:00,3.18,7.01,10.7,578.3897093593713,7.329199619218164,-138.90097081936779,1,1
2012-07-06 17:03:00.765113+00:00,0.0,0.0,0.0,15016.406781062136,3.867261966099937,-145.8248461256043,1,1
2012-07-06 17:37:00.764957+00:00,1.49,3.33,5.1,812.428996407839,4.047982966162794,-145.4634041254786,1,1
2012-07-06 20:17:00.764225+00:00,0.0,0.0,0.0,682.2015147088657,2.5414183854663657,-148.47653328687142,1,1
2012-07-06 23:13:00.763419+00:00,7.2,15.26,23.15,6663.752305758535,4.373804289488495,-144.81176147882715,1,1
2012-07-07 01:19:00.763938+00:00,5.77,12.38,18.82,1351.6781005959172,7.000922310697352,-143.41162534055582,2,1
2012-07-07 01:26:00.763906+00:00,5.79,12.41,18.86,1351.6781005959172,7.000922310697352,-143.41162534055582,2,1
2012-07-07 01:46:00.763815+00:00,6.93,14.73,22.34,25415.012290709605,4.3488696137685405,-148.71573073441348,1,1
2012-07-07 05:29:00.762794+00:00,6.95,14.76,22.39,787.8758778060817,1.7293236564235446,-153.95482264910342,1,1
2012-07-07 10:41:00.761366+00:00,0.0,0.0,0.0,1468.2907125127008,6.206750631018286,-144.99996869991395,1,1
2012-07-07 13:51:00.760192+00:00,10.15,21.15,31.99,2847.7727008874544,3.878331409093572,-150.4894531607649,1,1
2012-07-07 16:30:00.759464+00:00,0.0,0.02,0.0,10253.80184709294,8.06715665582752,-142.111802667297,1,1
2012-07-07 16:49:00.759377+00:00,0.0,0.0,0.0,647.3284559230394,3.7583125281258147,-150.7294909227004,1,1
2012-07-07 22:51:00.757720+00:00,8.37,17.62,26.69,4391.70920491103,8.827947774364137,-140.59022043022378,1,1
2012-07-08 00:53:00.768157+00:00,0.0,0.0,0.0,75513.54729571835,2.0863905296797634,-152.323878427764,1,1
2012-07-08 01:11:00.768075+00:00,0.0,0.0,0.0,652.9531603328642,3.70201665466772,-149.09262617778808,1,1
2012-07-08 02:12:00.767796+00:00,6.83,14.53,22.05,786.5474869391047,7.252200496181034,-141.99225849476147,1,1
2012-07-08 10:45:00.765447+00:00,2.18,4.86,7.43,635.9741007443592,5.953198334686923,-144.5902628177497,1,1
2012-07-08 13:26:00.767106+00:00,9.64,20.14,30.48,8634.437964502573,3.4152946873735486,-146.116228263319,1,1
2012-07-08 18:25:00.765738+00:00,9.26,19.38,29.33,655.4623777750944,5.190438871697777,-142.56593989467052,2,2
2012-07-08 21:10:00.764982+00:00,0.0,0.02,0.01,726.2001948882947,7.471206775761987,-138.00440408654214,1,1
2012-07-08 21:40:00.764845+00:00,0.0,0.02,0.0,957.5827597980116,5.9174826464581285,-141.11185234514983,1,1
2012-07-09 04:22:00.764301+00:00,0.0,0.02,0.0,564.3405693384024,3.805181035034874,-147.2306088399683,1,1
2012-07-09 05:47:00.763912+00:00,0.0,0.0,0.0,973.3638075090436,5.512924858390877,-143.81512119325632,1,1
2012-07-09 06:45:00.763646+00:00,0.0,0.0,0.0,40724.71087531623,2.4726553954005728,-149.89566011923694,1,1
2012-07-09 10:39:00.762575+00:00,5.77,12.38,18.82,4289369.459289399,3.341380666626007,-148.15820957678602,8,1
2012-07-09 10:40:00.762570+00:00,5.77,12.38,18.82,4289369.459289399,3.341380666626007,-148.15820957678602,8,3
2012-07-09 10:41:00.762566+00:00,5.77,12.38,18.82,4289369.459289399,3.341380666626007,-148.15820957678602,8,3
2012-07-09 10:42:00.762561+00:00,5.77,12.38,18.82,4289369.459289399,3.341380666626007,-148.15820957678602,8,1
2012-07-09 11:52:00.762241+00:00,0.0,0.0,0.0,1103.1990605733326,6.858082693907807,-141.12480552222246,1,1
2012-07-09 12:05:00.763177+00:00,0.0,0.0,0.0,948.2843089342638,1.1664128385370072,-153.07641018148928,1,1
2012-07-09 17:05:00.761804+00:00,6.22,13.3,20.19,6148145.163560033,4.090013514280853,-147.2292088300016,1,1
2012-07-09 23:12:00.760124+00:00,0.0,0.0,0.0,721941.5021177884,7.2543740766273235,-140.90048770530862,1,1
2012-07-10 00:53:00.769757+00:00,10.1,21.06,31.86,789.1432444348783,2.373145104229116,-149.48208368928914,1,1
2012-07-10 02:42:00.769258+00:00,0.0,0.0,0.0,757.2103763894783,6.653640560358323,-140.92109277703076,1,1
2012-07-10 09:59:00.767258+00:00,10.15,21.15,31.99,3955.598047214416,6.311712993072432,-141.60494791160255,1,1
2012-07-10 13:01:00.768121+00:00,6.83,14.53,22.05,4108.053299690319,8.675155483626515,-139.23270292149022,1,1
2012-07-10 13:35:00.767965+00:00,0.0,0.0,0.0,606.3547835287974,7.219909191400776,-142.14319550594166,1,1
2012-07-10 17:34:00.766871+00:00,3.66,8.03,12.24,752.1942301061978,1.7895473393194494,-153.0039192101043,1,1
2012-07-11 00:05:00.765577+00:00,4.19,9.14,13.92,53904.951342223474,0.482383829450521,-158.60166894344886,1,1
2012-07-11 02:12:00.764996+00:00,0.0,0.02,0.0,15703548.246809907,4.2901183209896825,-150.98619996037053,2,1
2012-07-11 02:13:00.764991+00:00,0.0,0.02,0.0,15703548.246809907,4.2901183209896825,-150.98619996037053,2,1
2012-07-11 02:33:00.764900+00:00,0.0,0.0,0.0,45887.71304733373,4.007992506495633,-151.5504515893586,1,1
2012-07-11 04:13:00.764442+00:00,0.0,0.02,0.01,1247.7817196799685,3.6517770702927215,-152.26288246176443,1,1
2012-07-11 12:04:00.764782+00:00,0.0,0.0,0.0,2193.3081218544594,0.3890263288912073,-155.9205886053019,1,1
2012-07-11 15:21:00.763880+00:00,8.32,17.51,26.53,43097.89126464922,5.0936677083570805,-146.51130584637013,1,1
2012-07-11 16:05:00.763678+00:00,0.0,0.0,0.0,1522.8383659025728,5.434605222236009,-145.82943081861228,1,1
2012-07-11 16:55:00.763450+00:00,0.0,0.0,0.0,818.8220580759247,4.972497473440299,-146.75364631620369,1,1
2012-07-11 20:14:00.762539+00:00,0.0,0.0,0.0,983.1726111485024,3.2758166714622057,-150.14700792015992,1,1
2012-07-12 11:47:00.759764+00:00,0.0,0.02,0.0,530.1555614484549,3.2359135930416327,-144.64950695641966,1,1
2012-07-12 16:16:00.759428+00:00,7.62,16.12,24.44,5077.330277906196,3.385304232210693,-147.86939203987845,1,1
2012-07-12 18:32:00.758806+00:00,0.0,0.0,0.0,2982.796548208895,6.142758170990733,-142.35448416231839,1,1
2012-07-13 02:56:00.767340+00:00,0.0,0.0,0.0,1073.67066828345,5.138114471067807,-144.4086942768026,1,1
2012-07-13 05:26:00.766653+00:00,0.0,0.0,0.0,566.4304685553528,5.286241833842307,-144.11243955125357,1,1
2012-07-13 07:21:00.766127+00:00,2.0,4.47,6.84,3473.3771419674104,7.314695790019734,-140.05553163889877,1,1
2012-07-13 14:46:00.764940+00:00,0.0,0.0,0.0,16127.107368865156,6.497543427634742,-142.91832196668454,1,1
2012-07-13 19:36:00.763613+00:00,6.02,12.89,19.57,10315.628871931476,4.629625934011276,-146.65415695393145,1,1
2012-07-14 03:14:00.762112+00:00,0.0,0.02,0.0,3434.366221589741,4.0609033875589855,-146.56543520708806,2,1
2012-07-14 03:19:00.762089+00:00,0.0,0.02,0.0,3434.366221589741,4.0609033875589855,-146.56543520708806,2,1
2012-07-14 05:06:00.761599+00:00,4.73,10.25,15.6,1525.9607872069755,5.427582031863949,-143.83207791847812,1,1
2012-07-14 07:54:00.760830+00:00,8.23,17.33,26.25,708.0018497069195,4.331466434025665,-146.02430911415468,1,1
2012-07-14 08:08:00.760766+00:00,0.0,0.0,0.0,550.1533727289668,4.789959200365399,-145.10732358147527,1,1
2012-07-14 14:37:00.761481+00:00,1.72,3.86,5.91,630.4297753441592,5.080617159244566,-144.58767155100492,1,1
2012-07-14 21:28:00.759600+00:00,4.16,9.07,13.82,314417.594435132,4.141389167856733,-146.4661275337806,1,1
2012-07-14 23:29:00.759046+00:00,0.0,0.0,0.0,56393.26055553168,6.718373902985334,-141.3121580635234,1,1
2012-07-15 03:49:00.767497+00:00,0.0,0.0,0.0,563.6702938817136,4.388722005458952,-146.89961731512105,1,1
2012-07-15 07:55:00.766371+00:00,0.0,0.0,0.0,27082.149750527202,7.6531839227386165,-140.3706934805617,1,1
2012-07-15 08:12:00.766294+00:00,0.0,0.0,0.0,5987.019559545985,7.26157191755884,-141.15391749092126,1,1
2012-07-15 09:57:00.765813+00:00,7.59,16.05,24.33,1469.1172683504346,5.441656130909804,-144.7937490642193,1,1
2012-07-15 14:41:00.767263+00:00,6.44,13.75,20.87,5397.134094874604,1.9517823722993664,-149.8192865840628,1,1
2012-07-16 01:41:00.765338+00:00,6.52,13.91,21.11,15355.460316159983,4.795535227798693,-145.7349615052044,1,1
2012-07-16 06:10:00.764106+00:00,0.0,0.0,0.0,1076.5960504496018,7.036387452293972,-141.25325705621384,1,1
2012-07-16 09:56:00.763072+00:00,0.0,0.0,0.0,1058.0344607355248,3.870986783367542,-147.58405839406672,1,1
2012-07-16 11:34:00.762623+00:00,0.0,0.0,0.0,2291.6407865562273,3.0582591681325706,-149.2095136245367,1,1
2012-07-16 12:07:00.762068+00:00,8.58,18.03,27.3,1683.1988616875421,3.759050333910739,-149.20529873285759,1,1
2012-07-16 13:58:00.761560+00:00,0.0,0.0,0.0,2417.56235540066,4.812784152998113,-147.09783109468287,1,1
2012-07-16 14:40:00.761368+00:00,3.45,7.58,11.55,19218.203815609748,4.7765203503538585,-147.17035869997142,1,1
2012-07-16 19:03:00.760164+00:00,0.0,0.0,0.0,714.3959254448697,7.057320947114153,-142.60875750645081,1,1
2012-07-16 23:46:00.758868+00:00,1.49,3.33,5.1,730.5796901789502,5.85405357485219,-145.01529225097468,1,1
2012-07-17 02:21:00.760754+00:00,0.0,0.0,0.0,1012.402920142023,8.14218016683587,-139.63286873943449,1,1
2012-07-17 03:19:00.760489+00:00,2.31,5.15,7.87,560.8195025348413,5.251934827789132,-145.41335941752794,1,1
2012-07-17 03:42:00.760384+00:00,0.0,0.0,0.0,5168.680728736586,5.062047557673999,-145.79313395775822,1,1
2012-07-17 05:25:00.759912+00:00,5.74,12.32,18.72,4212.888083919173,15.637960532945057,-124.64130800721613,1,1
2012-07-17 07:56:00.759221+00:00,0.0,0.0,0.0,2887.96514414053,4.520430350060182,-146.87636837298587,1,1
2012-07-17 08:35:00.759042+00:00,0.68,1.54,2.36,2170.0431412263015,5.109140352578857,-145.6989483679485,1,1
2012-07-17 09:07:00.758896+00:00,0.0,0.0,0.0,4943.378553108921,4.106948609956139,-147.70333185319396,1,1
2012-07-17 10:53:00.758411+00:00,0.01,0.02,0.04,1170.1976101234175,4.15570365901881,-147.60582175506858,1,1
2012-07-17 11:15:00.758310+00:00,9.89,20.64,31.22,2401.965236169829,4.5136039307005875,-146.89002121170506,1,1
2012-07-17 13:30:00.767288+00:00,3.32,7.31,11.15,1519.3629706981687,6.784637226483398,-140.57697694633677,3,1
2012-07-17 13:36:00.767260+00:00,3.32,7.31,11.15,1519.3629706981687,6.784637226483398,-140.57697694633677,3,1
2012-07-17 13:38:00.767251+00:00,3.32,7.31,11.15,1519.3629706981687,6.784637226483398,-140.57697694633677,3,1
2012-07-17 13:52:00.767187+00:00,2.82,6.24,9.53,583.9173978654853,4.705464737444228,-144.73532192441513,1,1
2012-07-17 16:14:00.766537+00:00,10.0,20.85,31.54,1252.99274844526,4.6167414675825205,-144.91276846413854,1,1
2012-07-17 17:18:00.766244+00:00,0.0,0.0,0.0,689.6756424456496,4.798487595931144,-144.54927620744132,1,1
2012-07-17 17:36:00.766162+00:00,0.0,0.0,0.0,19078.9742040353,8.215904407252001,-137.71444258479957,1,1
2012-07-17 18:44:00.765851+00:00,0.02,0.02,0.1,136995.83884884347,4.6046306769367895,-144.93699004542998,4,1
2012-07-17 18:51:00.765819+00:00,0.02,0.02,0.1,136995.83884884347,4.6046306769367895,-144.93699004542998,4,2
2012-07-17 18:53:00.765809+00:00,0.02,0.02,0.1,136995.83884884347,4.6046306769367895,-144.93699004542998,4,1
2012-07-17 21:12:00.765173+00:00,0.0,0.0,0.0,5938.792019339175,2.331444722828463,-149.48336195364664,1,1
2012-07-17 22:08:00.764917+00:00,6.98,14.83,22.49,7565.4385320433485,3.3951813151465804,-147.35588876901042,1,1
2012-07-18 01:30:00.765388+00:00,0.0,0.0,0.0,585.052511457759,6.814476060786522,-141.77274666509413,1,1
2012-07-18 06:43:00.763955+00:00,7.21,15.3,23.2,566.2197059731889,7.142604323084902,-141.11649014049738,1,1
2012-07-18 10:33:00.762902+00:00,0.0,0.0,0.0,896.6962510640352,4.873804630686299,-145.65408952529458,1,1
2012-07-18 13:33:00.764574+00:00,0.0,0.0,0.0,868.7862250297632,7.29091729519781,-141.4802266129137,1,1
2012-07-18 13:59:00.764455+00:00,10.1,21.06,31.86,834.1329531031072,6.442429071750897,-143.17720305980748,1,1
2012-07-18 14:44:00.764249+00:00,0.0,0.0,0.0,795.2485948345087,5.084836998343637,-145.89238720662203,1,1
2012-07-18 19:37:00.762908+00:00,0.0,0.0,0.0,7154.238790139602,4.997218787072165,-146.06762362916496,1,1
2012-07-18 21:33:00.762377+00:00,3.19,7.04,10.75,1900.0844892474413,6.7738884610293315,-142.51428428125064,1,1
2012-07-19 00:46:00.762589+00:00,0.0,0.0,0.0,848.4813571240993,3.3167941794779896,-149.64469827366003,1,1
2012-07-19 07:45:00.760671+00:00,0.0,0.0,0.0,576.355023591724,5.205809797005699,-145.86666703860462,1,1
2012-07-19 10:26:00.759934+00:00,6.72,14.3,21.7,1528.283516511532,4.492553785676251,-147.29317906126352,2,1
2012-07-19 10:27:00.759930+00:00,6.72,14.3,21.7,1528.283516511532,4.492553785676251,-147.29317906126352,2,1
2012-07-19 21:33:00.766577+00:00,5.74,12.32,18.72,146327.38397533476,7.172970222250184,-138.48371818610687,2,1
2012-07-19 21:40:00.766545+00:00,5.74,12.32,18.72,146327.38397533476,7.172970222250184,-138.48371818610687,2,1
2012-07-19 23:05:00.766156+00:00,6.05,12.95,19.67,4222.146658587,7.181423882479841,-138.46681086564757,1,1
2012-07-20 01:12:00.767470+00:00,8.1,17.07,25.87,30396.824679371846,4.353310747864004,-142.2103727388521,3,2
2012-07-20 01:13:00.767466+00:00,8.1,17.07,25.87,30396.824679371846,4.353310747864004,-142.2103727388521,3,1
2012-07-20 06:31:00.766010+00:00,8.19,17.26,26.14,49601.239365262736,2.9546251467410105,-145.0077439410981,1,1
2012-07-20 15:11:00.765726+00:00,2.72,6.03,9.2,710.8094658922353,2.6629142351426256,-148.20427029202227,1,1
2012-07-20 16:27:00.765378+00:00,0.0,0.0,0.0,5983.070480961646,4.622698977697323,-144.2847008069129,1,1
2012-07-21 01:23:00.762420+00:00,0.0,0.0,0.0,16067.961466113507,1.1020027289114809,-151.32796628556278,1,1
2012-07-21 01:38:00.762351+00:00,0.0,0.0,0.0,537.9145545573374,2.778727247365067,-147.97451724865562,1,1
2012-07-21 02:06:00.762223+00:00,6.48,13.81,20.97,1447.7297039831271,3.635789122190816,-146.26039349900412,2,2
2012-07-21 05:00:00.761427+00:00,2.56,5.69,8.7,630.1221742096877,3.7593975372067256,-146.01317666897228,1,1
2012-07-21 06:40:00.760969+00:00,0.0,0.02,0.0,686.0491419792926,2.866454511726248,-147.79906271993323,1,1
2012-07-21 10:06:00.760026+00:00,0.0,0.02,0.0,1249.937879169142,6.83030028473785,-139.87137117391003,1,1
2012-07-21 12:19:00.761813+00:00,6.98,14.83,22.49,2426.5023028343626,5.000575367762412,-140.99058413016616,1,1
2012-07-21 14:06:00.761323+00:00,5.56,11.95,18.16,1264.5546522054135,3.208430689829895,-144.57487348603115,1,1
2012-07-21 17:17:00.760449+00:00,4.53,9.85,14.99,120543.91564469028,5.20891692831478,-140.57390100906142,1,1
2012-07-22 02:02:00.769087+00:00,7.73,16.33,24.75,1908.6169169098455,5.696723327888693,-142.65981033046032,1,1
2012-07-22 10:07:00.766867+00:00,0.0,0.0,0.0,23333.99524811657,4.648547530261753,-144.7561619257142,1,1
2012-07-22 15:33:00.765825+00:00,10.45,21.76,32.9,1459.0539334707807,5.485361797433318,-143.94683889657722,2,1
2012-07-22 15:35:00.765816+00:00,10.45,21.76,32.9,1459.0539334707807,5.485361797433318,-143.94683889657722,2,1
2012-07-22 18:54:00.764905+00:00,1.54,3.44,5.27,1639.9222269824481,5.30783567966559,-144.3018911321127,1,1
2012-07-23 00:18:00.764018+00:00,1.81,4.06,6.2,1095.6791984765885,2.994535899982098,-148.89326937311753,1,1
2012-07-23 19:35:00.761417+00:00,0.0,0.02,0.0,3142.65058309873,5.009816970672507,-144.31269253775906,1,1
2012-07-23 19:58:00.761312+00:00,3.1,6.84,10.44,2351.824201571365,5.777399964567919,-142.77752654996823,1,1
2012-07-23 22:36:00.760589+00:00,6.93,14.73,22.34,3186.514414568487,4.229858827249012,-145.87260882460606,1,1
2012-07-24 01:41:00.760038+00:00,0.0,0.0,0.0,1879.083642922272,5.429384665647663,-147.40108398210816,1,1
2012-07-24 02:28:00.759822+00:00,3.51,7.71,11.75,518653.4381749226,5.411096905478521,-147.43765950244645,3,1
2012-07-24 02:29:00.759818+00:00,3.51,7.71,11.75,518653.4381749226,5.411096905478521,-147.43765950244645,3,2
2012-07-24 03:00:00.759676+00:00,0.0,0.0,0.0,16574.786517888133,4.5806878723907545,-149.098477568622,1,1
2012-07-24 10:06:00.757726+00:00,8.52,17.92,27.14,1006.3247396220224,4.35451557317486,-149.55082216705378,1,1
2012-07-24 12:43:00.768503+00:00,0.0,0.02,0.0,627.3317860430019,3.0608252015047683,-148.1391094550319,1,1
2012-07-24 20:20:00.766411+00:00,6.32,13.49,20.48,7759077.0878741825,3.734845002728343,-146.79106985258474,1,1
2012-07-24 21:42:00.766036+00:00,0.0,0.0,0.0,1598.5857743272925,4.216311318219705,-145.82813722160205,1,1
2012-07-24 23:53:00.765436+00:00,0.0,0.0,0.0,2168.61137882569,4.213730377426145,-145.83329910318918,1,1
2012-07-25 01:21:00.765229+00:00,0.0,0.0,0.0,1267.3595472968625,7.576345428281893,-141.89634132811608,1,1
2012-07-25 02:00:00.765051+00:00,0.0,0.0,0.0,140722.96712227532,5.806797671372037,-145.4354368419358,1,1
2012-07-25 04:15:00.764433+00:00,7.59,16.05,24.33,1048.8310045290511,4.717496529612318,-147.61403912545524,1,1
2012-07-25 04:38:00.764327+00:00,0.0,0.0,0.0,1969.0641736468249,4.029519876878523,-148.98999243092285,1,1
2012-07-25 05:08:00.764190+00:00,10.13,21.11,31.92,1183.3847100594262,4.854975230740369,-147.33908172319912,1,1
2012-07-25 06:31:00.763810+00:00,8.19,17.26,26.14,164828.87666326098,2.191172547730308,-152.66668708921924,1,1
2012-07-25 07:08:00.763641+00:00,0.0,0.0,0.0,758.8735099632208,2.213914071915412,-152.62120404084905,1,1
2012-07-25 10:20:00.762762+00:00,0.0,0.02,0.0,1223.1010534634295,2.2019198529540223,-152.64519247877183,1,1
2012-07-25 12:17:00.762922+00:00,0.0,0.0,0.0,4290.405814424077,3.0341729416146435,-153.18282742126982,1,1
2012-07-25 12:51:00.762766+00:00,0.0,0.0,0.0,860.0909099808597,2.4203805929896287,-154.41041211851982,1,1
2012-07-25 15:00:00.762176+00:00,1.51,3.39,5.18,9074.967690933012,3.7028276527398236,-151.84551799901942,2,1
2012-07-25 15:05:00.762153+00:00,1.51,3.39,5.18,9074.967690933012,3.7028276527398236,-151.84551799901942,2,1
2012-07-25 16:29:00.761769+00:00,0.0,0.0,0.0,4752.595217524797,1.464300149425968,-156.32257300564711,1,1
2012-07-25 19:39:00.760899+00:00,0.0,0.0,0.0,502094.5649737545,3.9472748778635287,-151.35662354877198,1,1
2012-07-25 21:42:00.760336+00:00,0.0,0.0,0.0,1786.3742531267026,5.9420466418017535,-147.36708002089557,1,1
2012-07-26 02:33:00.762200+00:00,6.75,14.37,21.8,829.9938216700922,8.261020425960146,-140.51963254249787,1,1
2012-07-26 04:41:00.761614+00:00,3.24,7.14,10.9,4859.012580308181,2.9920395398270405,-151.0575943147641,1,1
2012-07-26 10:02:00.760144+00:00,0.0,0.0,0.0,632.621458693653,1.9314062664109712,-153.17886086159623,1,1
2012-07-26 15:14:00.759512+00:00,0.0,0.02,0.0,24087.142326863686,4.431781303738674,-147.90866416706712,1,1
2012-07-26 18:13:00.758692+00:00,0.0,0.0,0.0,56849.54646310816,4.4305762402844175,-147.91107429397562,1,1
2012-07-26 20:09:00.758161+00:00,0.0,0.0,0.0,133615.23340195767,2.3793752654527283,-152.01347624363902,1,1
2012-07-27 00:24:00.767990+00:00,4.49,9.76,14.85,674.2229405064495,4.854560200022624,-144.31220470903847,1,1
2012-07-27 03:39:00.767097+00:00,5.09,10.99,16.71,98945.05717857755,4.181575471772722,-145.6581741655383,8,1
2012-07-27 03:40:00.767093+00:00,5.09,10.99,16.71,98945.05717857755,4.181575471772722,-145.6581741655383,8,1
2012-07-27 03:41:00.767088+00:00,5.09,10.99,16.71,98945.05717857755,4.181575471772722,-145.6581741655383,8,3
2012-07-27 03:42:00.767084+00:00,5.09,10.99,16.71,98945.05717857755,4.181575471772722,-145.6581741655383,8,2
2012-07-27 03:45:00.767070+00:00,5.09,10.99,16.71,98945.05717857755,4.181575471772722,-145.6581741655383,8,1
2012-07-27 06:17:00.766374+00:00,1.79,4.01,6.13,802.6184469650602,6.610760971214838,-140.79980316665404,1,1
2012-07-27 15:04:00.764358+00:00,8.21,17.29,26.2,4542.162199092821,2.9609824232621715,-153.80633055443192,1,1
2012-07-27 15:55:00.764124+00:00,2.77,6.14,9.37,17715.437808505907,3.6603277305815967,-152.40763993979309,1,1
2012-07-27 19:12:00.763222+00:00,2.51,5.58,8.52,1981.321875826429,3.53088797569416,-152.66651944956791,1,1
2012-07-27 19:30:00.763140+00:00,2.4,5.35,8.17,53891.775119964266,2.5400250423625144,-154.64824531623125,3,1
2012-07-27 19:31:00.763135+00:00,2.4,5.35,8.17,53891.775119964266,2.5400250423625144,-154.64824531623125,3,1
2012-07-27 19:32:00.763131+00:00,2.4,5.35,8.17,53891.775119964266,2.5400250423625144,-154.64824531623125,3,1
2012-07-28 05:08:00.761790+00:00,0.0,0.0,0.0,613.5086775401428,12.936952088011608,-135.48119617137323,1,1
2012-07-28 06:48:00.761332+00:00,0.0,0.0,0.0,564.2564244198871,5.8534542240710605,-149.6481918992543,1,1
2012-07-28 09:47:00.760513+00:00,3.68,8.06,12.29,168114.56779322602,5.848291167298665,-149.65851801279908,1,1
2012-07-28 11:25:00.760064+00:00,10.36,21.58,32.64,39378.56907662923,9.393390963974074,-142.56831841944827,1,1
2012-07-28 12:24:00.761390+00:00,0.0,0.0,0.0,1332.9706456718668,3.00678573723382,-153.62104659878398,1,1
2012-07-28 13:02:00.761216+00:00,6.88,14.63,22.2,825.4026014911293,5.0633251360294125,-149.50796780119282,1,1
2012-07-28 13:44:00.761024+00:00,2.49,5.54,8.46,2838.216535963062,4.675726754711913,-150.28316456382782,1,1
2012-07-28 14:43:00.760754+00:00,1.66,3.71,5.67,1376.7407970235495,4.974002414143159,-149.68661324496532,1,1
2012-07-28 15:44:00.760475+00:00,4.68,10.16,15.46,57793.08180797173,8.118848385320334,-143.3969213026109,1,1
2012-07-28 16:59:00.760131+00:00,5.45,11.73,17.83,571.9597919492626,17.377258092897243,-124.88010188745713,1,1
2012-07-28 17:22:00.760026+00:00,0.0,0.0,0.0,1839.8709935199527,3.8626525980663713,-151.90931287711888,2,1
2012-07-28 17:27:00.760003+00:00,0.0,0.0,0.0,1839.8709935199527,3.8626525980663713,-151.90931287711888,2,1
2012-07-28 17:38:00.759953+00:00,0.0,0.0,0.0,1011.3990449021122,11.865616013660595,-135.90338604593043,1,1
2012-07-28 20:09:00.759261+00:00,9.24,19.34,29.27,191687.77468193538,4.783567657858214,-150.06748275753515,2,2
2012-07-28 22:15:00.758685+00:00,10.08,21.02,31.8,3730.2566734716615,3.2963413285218723,-153.04193541620788,1,1
2012-07-29 00:25:00.767931+00:00,0.0,0.0,0.0,2816.931558999466,4.617971966628705,-150.7470959871707,2,1
2012-07-29 00:31:00.767904+00:00,7.8,16.47,24.96,2816.931558999466,4.617971966628705,-150.7470959871707,2,1
2012-07-29 00:50:00.767817+00:00,1.33,2.98,4.56,60032.58517169522,8.733865146170741,-142.51530962808658,1,1
2012-07-29 03:08:00.767185+00:00,0.0,0.0,0.0,6024.911314071785,4.32437801607033,-151.33428388828742,1,1
2012-07-29 08:18:00.765766+00:00,0.0,0.0,0.0,877.5568740538542,4.305169322280529,-151.37270127586703,2,1
2012-07-29 08:21:00.765752+00:00,1.15,2.59,3.96,877.5568740538542,4.305169322280529,-151.37270127586703,2,1
2012-07-29 09:30:00.765436+00:00,6.83,14.53,22.05,3181.9169637553728,11.820863077079782,-136.3413137662685,1,1
2012-07-29 11:24:00.764915+00:00,10.1,21.06,31.86,528164.7467036579,3.0980334414385684,-153.7869730375509,1,1
2012-07-29 14:52:00.765913+00:00,0.0,0.02,0.0,527.1363168400566,3.1894087340278228,-149.32312390812825,1,1
2012-07-29 19:35:00.764617+00:00,4.19,9.14,13.92,550820.4377988572,5.0209892880560805,-145.65996280007172,3,2
2012-07-29 19:36:00.764613+00:00,4.19,9.14,13.92,550820.4377988572,5.0209892880560805,-145.65996280007172,3,1
2012-07-29 20:19:00.764416+00:00,3.43,7.54,11.5,292680.4349241374,5.6485354032365525,-144.40487056971074,1,1
2012-07-29 22:28:00.763825+00:00,0.0,0.0,0.0,186742.29510910774,4.244543366007045,-147.2128546441698,1,1
2012-07-29 23:54:00.763432+00:00,10.41,21.67,32.77,15763.180421481127,3.6280876765392165,-148.44576602310542,2,1
2012-07-30 00:03:00.765086+00:00,10.36,21.58,32.64,50358.77486074367,-3.406175808358252,-158.8771401677779,1,1
2012-07-30 01:31:00.764683+00:00,10.15,21.15,31.99,2271.6754371799757,2.8200090941934164,-146.42477036267456,1,1
2012-07-30 22:51:00.759220+00:00,2.94,6.49,9.91,1285.4003186203095,3.6490768581157353,-142.5698397313224,1,1
2012-07-31 02:04:00.769478+00:00,7.2,15.26,23.15,10721.536032495496,4.9547940925294185,-144.67689084754562,2,1
2012-07-31 02:05:00.769474+00:00,9.16,19.18,29.03,10721.536032495496,4.9547940925294185,-144.67689084754562,2,1
2012-07-31 19:56:00.765421+00:00,2.22,4.94,7.55,2722.6048646176873,3.5281033840629865,-149.0118442244555,1,1
2012-08-01 02:33:00.764900+00:00,0.0,0.0,0.0,1498.933671152474,6.0070486628772475,-141.14746510747744,1,1
2012-08-01 05:43:00.764030+00:00,10.41,21.67,32.77,28578.67024376581,5.556409788273302,-142.04874285668532,3,1
2012-08-01 05:44:00.764025+00:00,10.41,21.67,32.77,28578.67024376581,5.556409788273302,-142.04874285668532,3,1
2012-08-01 05:49:00.764002+00:00,10.41,21.67,32.77,28578.67024376581,5.556409788273302,-142.04874285668532,3,1
2012-08-01 09:23:00.763023+00:00,0.0,0.0,0.0,1161.0259397410166,4.2849274278258065,-144.59170757758034,1,1
2012-08-01 11:18:00.762496+00:00,9.36,19.58,29.63,4914.181566349063,3.857016528060338,-145.4475293771113,1,1
2012-08-01 20:01:00.762498+00:00,0.0,0.02,0.0,15184.348823780248,5.566327834889588,-140.23302438163282,2,1
2012-08-01 20:07:00.762471+00:00,0.0,0.02,0.0,15184.348823780248,5.566327834889588,-140.23302438163282,2,1
2012-08-02 08:09:00.758961+00:00,8.28,17.44,26.42,580.3274510601893,3.6460738878672796,-141.5645807200668,1,1
2012-08-02 12:14:00.769036+00:00,1.33,2.98,4.56,930.1103176943697,7.262400138578133,-137.1540457532503,1,1
2012-08-02 16:57:00.767740+00:00,0.0,0.0,0.0,1842.810560142681,4.593549091061645,-142.4917478482833,1,1
2012-08-02 17:24:00.767617+00:00,8.41,17.69,26.8,18044.02717814005,5.614374681212146,-140.45009666798228,1,1
2012-08-03 03:13:00.767116+00:00,0.0,0.0,0.0,11121.983910584973,4.983300914031328,-143.35733913364646,1,1
2012-08-03 07:15:00.766009+00:00,9.58,20.02,30.29,48736.60633678191,8.693388261581424,-135.93716443854626,1,1
2012-08-03 08:20:00.765711+00:00,0.0,0.0,0.0,1977.7862733640127,5.799265992196739,-141.72540897731562,1,1
2012-08-03 09:35:00.765368+00:00,7.8,16.47,24.96,1432.6877071936171,4.008606344646108,-145.30672827241688,1,1
2012-08-03 20:09:00.762761+00:00,7.11,15.1,22.9,36702.41236852681,7.8609028531332985,-139.11380568697345,2,1
2012-08-03 20:11:00.762752+00:00,7.11,15.1,22.9,36702.41236852681,7.8609028531332985,-139.11380568697345,2,1
2012-08-03 21:48:00.762308+00:00,4.71,10.22,15.55,1493.5989978241294,6.614928409519018,-141.60575457420202,1,1
2012-08-04 01:23:00.763720+00:00,5.31,11.45,17.41,1635.103859199321,6.955817967859021,-141.90501119893153,1,1
2012-08-04 09:26:00.761509+00:00,0.0,0.0,0.0,1571.292737146693,5.100244920044679,-145.61615729456022,1,1
2012-08-04 11:34:00.760923+00:00,8.08,17.04,25.82,119376.53412257053,11.330697047696836,-133.1552530392559,1,1
2012-08-04 12:28:00.759972+00:00,0.0,0.0,0.0,1599.0394444508158,7.114966757262867,-143.37416768144752,1,1
2012-08-04 16:35:00.758841+00:00,2.62,5.81,8.87,584.4849121967479,6.430364789135329,-144.7433716177026,1,1
2012-08-04 23:09:00.757038+00:00,8.14,17.15,25.98,8664.115495028109,4.000882304424716,-149.6023365871238,1,1
2012-08-05 02:45:00.768090+00:00,0.0,0.0,0.0,901.5169282353328,6.033923458615782,-144.81010840877903,1,1
2012-08-05 04:59:00.767477+00:00,0.0,0.0,0.0,1507.4931889459506,6.331367028347532,-144.21522126931558,1,1
2012-08-05 15:28:00.765448+00:00,7.3,15.47,23.45,669.0468518785103,5.120945694831366,-145.61263946161205,1,1
2012-08-05 16:44:00.765100+00:00,3.27,7.21,11.0,540.1335228012883,8.729459792018577,-138.39561126723765,1,1
2012-08-06 04:40:00.763218+00:00,2.04,4.56,6.97,790.6393396362707,4.452543544443778,-143.74054408177943,1,1
2012-08-06 07:16:00.762504+00:00,0.0,0.0,0.0,77869.12153914629,3.2895711999721367,-146.06648877072269,1,1
2012-08-06 09:42:00.761836+00:00,0.0,0.02,0.0,85942.03646973334,6.956574032066171,-138.73248310653463,1,1
2012-08-06 19:35:00.759617+00:00,2.65,5.88,8.98,13112.275833745156,3.1714785356913398,-149.52262173178826,1,1
2012-08-06 19:58:00.759512+00:00,10.06,20.98,31.73,901359.72727794,3.127257291725558,-149.61106421971982,1,1
2012-08-07 03:52:00.768884+00:00,0.0,0.0,0.0,20425.265005766505,5.2197466008613915,-141.11427652314418,1,1
2012-08-07 04:46:00.768637+00:00,1.35,3.04,4.65,3144.7779539915205,2.6299306532494158,-146.29390841836818,1,1
2012-08-07 16:03:00.766188+00:00,2.53,5.62,8.58,659.1375508567378,4.35778024658574,-145.02862455733685,1,1
2012-08-07 20:45:00.764897+00:00,0.0,0.0,0.0,31036.201027344723,4.737704366542571,-144.26877631742315,2,1
2012-08-07 20:46:00.764892+00:00,0.0,0.0,0.0,31036.201027344723,4.737704366542571,-144.26877631742315,2,1
2012-08-08 00:48:00.766380+00:00,0.0,0.0,0.0,9841.398558685623,4.709251051181172,-150.0042909663588,1,1
2012-08-08 03:12:00.765721+00:00,0.0,0.0,0.0,1664.9490671330607,4.830047234783758,-149.76269859915362,1,1
2012-08-08 07:44:00.764476+00:00,2.08,4.65,7.1,569.9160937111316,5.311611379864768,-148.79957030899158,1,1
2012-08-08 10:25:00.763739+00:00,3.16,6.98,10.64,1832.1042779253107,5.755746525030536,-147.91130001866009,2,2
2012-08-08 12:51:00.762766+00:00,7.92,16.72,25.33,694144.5704914225,5.503863576084192,-149.7556441575456,1,1
2012-08-08 18:09:00.761311+00:00,0.0,0.02,0.0,883.0796832717259,3.660404718818544,-153.44256187207688,1,1
2012-08-08 22:53:00.760011+00:00,0.0,0.0,0.0,1011.5279486016516,4.059673978862347,-152.64402335198926,1,1
2012-08-09 05:06:00.760099+00:00,0.0,0.0,0.0,71938.66360158492,4.95602693513662,-146.5354597948462,4,2
2012-08-09 05:07:00.760095+00:00,0.0,0.0,0.0,71938.66360158492,4.95602693513662,-146.5354597948462,4,2
2012-08-09 11:59:00.758209+00:00,0.0,0.0,0.0,1375.7097678723444,5.528723423982509,-145.39006681715438,1,1
2012-08-10 00:41:00.766312+00:00,3.08,6.81,10.39,2300.823558979325,3.9780479152225454,-149.3783778635485,1,1
2012-08-10 12:32:00.765653+00:00,0.0,0.0,0.0,443627.71428437525,4.543720969507572,-149.18455513243515,2,2
2012-08-10 14:24:00.765141+00:00,0.0,0.0,0.0,2154.1456123555113,3.902939440276916,-150.46611819089642,1,1
2012-08-11 10:44:00.759252+00:00,0.0,0.0,0.0,936.3835271086704,3.959655646838524,-147.4612609835869,1,1
2012-08-11 12:20:00.760108+00:00,0.0,0.0,0.0,1211.5983937843705,3.178900351937811,-148.01778046970242,1,1
2012-08-11 13:18:00.759843+00:00,8.23,17.33,26.25,1176.2203272927027,5.200158588895418,-143.97526399578717,1,1
2012-08-11 16:45:00.758895+00:00,6.03,12.92,19.62,1130.0832671610292,3.9732479723328726,-146.42908522891233,2,1
2012-08-11 16:46:00.758891+00:00,6.03,12.92,19.62,1130.0832671610292,3.9732479723328726,-146.42908522891233,2,1
2012-08-11 21:02:00.757719+00:00,0.0,0.02,0.0,2448579.5375451297,3.0450073406898195,-148.28556649219837,2,1
2012-08-11 21:03:00.757714+00:00,0.0,0.02,0.0,2448579.5375451297,3.0450073406898195,-148.28556649219837,2,1
2012-08-11 23:42:00.756986+00:00,7.28,15.43,23.4,3681.267509683612,5.633155687214343,-143.1092697991493,1,1
2012-08-12 00:39:00.768767+00:00,0.0,0.0,0.0,560.3162089610039,5.913275602441863,-143.6943593883478,1,1
2012-08-12 02:43:00.768200+00:00,0.0,0.0,0.0,539.6380879709478,6.650602243138222,-142.2197061069551,1,1
2012-08-12 02:58:00.768131+00:00,0.0,0.0,0.0,615.9336839300378,3.983024818542358,-147.55486095614685,1,1
2012-08-12 04:30:00.767710+00:00,0.0,0.0,0.0,679.6581783288616,5.942109348713533,-143.63669189580446,1,1
2012-08-12 06:54:00.767051+00:00,0.0,0.0,0.0,584.7641824706387,4.7801210541986014,-145.96066848483434,1,1
2012-08-12 08:19:00.766661+00:00,2.29,5.11,7.8,617.0287805832835,5.227890932601814,-145.0651287280279,3,1
2012-08-12 08:20:00.766657+00:00,2.29,5.11,7.8,617.0287805832835,5.227890932601814,-145.0651287280279,3,1
2012-08-12 08:21:00.766652+00:00,2.29,5.11,7.8,617.0287805832835,5.227890932601814,-145.0651287280279,3,1
2012-08-12 11:36:00.765760+00:00,1.18,2.65,4.06,2448.2861804448903,4.90309775824029,-145.71471507675096,1,1
2012-08-12 13:42:00.765233+00:00,0.0,0.0,0.0,1433.779905677209,5.831745833871554,-142.05660183557424,2,1
2012-08-12 13:50:00.765196+00:00,0.0,0.0,0.0,1433.779905677209,5.831745833871554,-142.05660183557424,2,1
2012-08-12 14:22:00.765050+00:00,10.15,21.15,31.99,687.1390982029441,6.622474249938975,-140.47514500343942,1,1
2012-08-12 16:24:00.764491+00:00,5.56,11.95,18.16,715.8683480716313,5.4688057538630614,-142.78248199559127,1,1
2012-08-12 18:06:00.764025+00:00,0.0,0.0,0.0,1395.7663214896747,4.563252557962512,-144.59358838739234,1,1
2012-08-12 19:00:00.763777+00:00,3.92,8.57,13.06,1564.3627757509369,3.9522091689508585,-145.81567516541566,1,1
2012-08-12 19:14:00.763713+00:00,0.0,0.0,0.0,2427.6745039222933,4.518869337520158,-144.68235482827706,3,1
2012-08-12 19:18:00.763695+00:00,0.0,0.0,0.0,2427.6745039222933,4.518869337520158,-144.68235482827706,3,1
2012-08-12 19:19:00.763690+00:00,0.0,0.0,0.0,2427.6745039222933,4.518869337520158,-144.68235482827706,3,1
2012-08-12 19:49:00.763553+00:00,0.0,0.02,0.0,613.0500993938052,4.8058255775717935,-144.10844234817378,1,1
2012-08-12 22:04:00.762935+00:00,1.08,2.44,3.73,37411.11160339406,4.106890032612071,-145.50631343809323,1,1
2012-08-12 23:29:00.762546+00:00,0.0,0.02,0.0,982.7000796739461,4.935211484120868,-143.84967053507563,1,1
2012-08-13 04:27:00.762978+00:00,0.0,0.0,0.0,859.7028813296209,3.968929327092736,-146.01005034464015,1,1
2012-08-13 04:57:00.762840+00:00,10.45,21.76,32.9,2593.4017049441,7.13455447432036,-139.67880005018492,3,1
2012-08-13 04:58:00.762836+00:00,10.45,21.76,32.9,2593.4017049441,7.13455447432036,-139.67880005018492,3,1
2012-08-13 04:59:00.762831+00:00,10.45,21.76,32.9,2593.4017049441,7.13455447432036,-139.67880005018492,3,1
2012-08-13 06:27:00.762428+00:00,0.0,0.0,0.0,10118.24914764316,4.6535987114136645,-144.6407115759983,1,1
2012-08-13 07:00:00.762277+00:00,5.65,12.13,18.44,820.8434676438377,4.089101681164797,-145.76970563649604,1,1
2012-08-13 08:49:00.761778+00:00,7.49,15.84,24.02,2522.822248084406,4.474424276127612,-144.9990604465704,2,1
2012-08-13 08:56:00.761746+00:00,7.49,15.84,24.02,2522.822248084406,4.474424276127612,-144.9990604465704,2,1
2012-08-13 10:10:00.761408+00:00,2.04,4.56,6.97,675.1071007022547,4.223540743410489,-145.50082751200466,1,1
2012-08-13 15:05:00.761653+00:00,0.0,0.0,0.0,11159.344831784798,3.8923862989674283,-144.68332612750737,1,1
2012-08-13 15:20:00.761584+00:00,0.0,0.0,0.0,817.7619656324823,4.301126321219443,-143.8658460830033,1,1
2012-08-14 03:06:00.768749+00:00,7.03,14.93,22.65,135094.91221879245,5.084853304457951,-143.15230926809073,13,3
2012-08-14 03:07:00.768744+00:00,7.03,14.93,22.65,135094.91221879245,5.084853304457951,-143.15230926809073,13,2
2012-08-14 03:08:00.768739+00:00,7.03,14.93,22.65,135094.91221879245,5.084853304457951,-143.15230926809073,13,3
2012-08-14 03:09:00.768735+00:00,7.03,14.93,22.65,135094.91221879245,5.084853304457951,-143.15230926809073,13,1
2012-08-14 03:10:00.768730+00:00,7.03,14.93,22.65,135094.91221879245,5.084853304457951,-143.15230926809073,13,2
2012-08-14 03:11:00.768726+00:00,7.03,14.93,22.65,135094.91221879245,5.084853304457951,-143.15230926809073,13,2
2012-08-14 06:12:00.767897+00:00,7.92,16.72,25.33,7911.3459035271935,3.4237916809334523,-146.47443251513974,1,1
2012-08-14 16:36:00.766937+00:00,8.81,18.48,27.99,5811.560010458077,4.906772933764188,-141.74964040829857,1,1
2012-08-14 17:02:00.766817+00:00,3.03,6.7,10.23,22665.258390453786,4.303028479111355,-142.95712931760426,1,1
2012-08-14 22:09:00.765412+00:00,4.98,10.77,16.39,19770.280728002832,14.467961635279448,-122.62726300526803,1,1
2012-08-15 06:30:00.763115+00:00,0.0,0.0,0.0,3462.954223400043,3.3014016662269388,-145.8728109160007,1,1
2012-08-15 10:12:00.762098+00:00,0.91,2.04,3.12,3282.2271345790336,3.998072071540923,-144.47947010537268,9,2
2012-08-15 10:15:00.762085+00:00,0.91,2.04,3.12,3282.2271345790336,3.998072071540923,-144.47947010537268,9,1
2012-08-15 10:16:00.762080+00:00,0.91,2.04,3.12,3282.2271345790336,3.998072071540923,-144.47947010537268,9,2
2012-08-15 10:17:00.762076+00:00,0.91,2.04,3.12,3282.2271345790336,3.998072071540923,-144.47947010537268,9,2
2012-08-15 10:18:00.762071+00:00,0.91,2.04,3.12,3282.2271345790336,3.998072071540923,-144.47947010537268,9,1
2012-08-15 10:19:00.762066+00:00,0.91,2.04,3.12,3282.2271345790336,3.998072071540923,-144.47947010537268,9,1
2012-08-15 12:21:00.763204+00:00,6.87,14.6,22.15,826.5856233077342,6.259852819009657,-145.29028172693745,1,1
2012-08-15 16:55:00.761950+00:00,0.0,0.0,0.0,11761.206411754785,4.0697162057311616,-149.67055495349445,1,1
2012-08-16 00:39:00.761021+00:00,7.8,16.47,24.96,319702.2549664507,2.0075247836324754,-152.83474748839427,1,1
2012-08-16 02:05:00.760628+00:00,0.91,2.04,3.12,4061.1814189015527,0.9868017581539558,-154.8761935393513,1,1
2012-08-16 10:00:00.758453+00:00,8.56,17.99,27.25,1555.11771913684,5.131115940993699,-146.58756517367183,1,1
2012-08-16 11:08:00.758142+00:00,1.94,4.34,6.63,30592.240487643452,4.1652747466394935,-148.51924756238026,1,1
2012-08-16 12:50:00.769671+00:00,7.59,16.05,24.33,19775.17460687989,2.321626552147701,-148.6882105931293,1,1
2012-08-16 22:51:00.766920+00:00,0.0,0.02,0.0,17272.50388697576,6.18457175143978,-140.96232019454516,1,1
2012-08-17 04:23:00.766496+00:00,6.59,14.04,21.31,284824.3072022259,5.206509838302125,-144.5698017911424,1,1
2012-08-17 17:28:00.762898+00:00,0.0,0.0,0.0,3371.4506725605115,5.1211355851298,-146.48147267782596,1,1
2012-08-17 20:16:00.762129+00:00,0.0,0.0,0.0,548.1509073351691,4.568457126732898,-147.58682959461976,1,1
2012-08-17 21:31:00.761786+00:00,0.0,0.02,0.0,4416.338694915136,9.763429722730562,-137.19688440262442,2,1
2012-08-17 21:33:00.761777+00:00,0.0,0.02,0.0,4416.338694915136,9.763429722730562,-137.19688440262442,2,1
2012-08-18 01:23:00.762620+00:00,0.0,0.0,0.0,102966.34671239287,2.3310377916407585,-150.1437451279619,1,1
2012-08-18 09:22:00.760427+00:00,0.0,0.0,0.0,2211.3621783689573,7.492775675482028,-139.82026936027938,1,1
2012-08-18 09:59:00.760258+00:00,1.92,4.29,6.56,685.6860228842104,5.384553113091211,-144.03671448506103,1,1
2012-08-18 12:51:00.760266+00:00,0.0,0.0,0.0,1960.6543894679412,3.2947972770457565,-149.04276535508072,1,1
2012-08-18 18:20:00.758760+00:00,4.15,9.04,13.78,917.5372873537992,4.16242161312876,-147.30751668291472,1,1
2012-08-18 23:58:00.757213+00:00,0.0,0.0,0.0,1231.056131862483,6.9298221416196215,-141.772715625933,1,1
2012-08-19 00:12:00.767845+00:00,0.0,0.0,0.0,6454.295051359129,6.076133193870363,-144.54857181709428,3,1
2012-08-19 00:14:00.767836+00:00,0.0,0.0,0.0,6454.295051359129,6.076133193870363,-144.54857181709428,3,1
2012-08-19 00:15:00.767831+00:00,0.0,0.0,0.0,6454.295051359129,6.076133193870363,-144.54857181709428,3,1
2012-08-19 11:59:00.764609+00:00,0.0,0.0,0.0,6080.341973280262,5.6121010303631715,-145.4766361441087,1,1
2012-08-19 23:03:00.763265+00:00,3.63,7.97,12.15,1558.8438519729648,3.868778657614077,-141.35436936118836,1,1
2012-08-20 02:09:00.764409+00:00,5.91,12.67,19.24,584.400363572323,7.919213961312791,-133.38358277426659,1,1
2012-08-20 03:47:00.763961+00:00,6.82,14.5,22.0,1020.233528852526,4.779821472427998,-139.6623677520362,1,1
2012-08-20 14:37:00.760781+00:00,9.48,19.82,29.99,6619.481856931022,5.522171069776415,-141.17488576779638,1,1
2012-08-20 18:33:00.759701+00:00,7.85,16.57,25.12,839.2664397181312,3.3203053322467087,-145.57861724285576,1,1
2012-08-20 22:21:00.758657+00:00,0.0,0.0,0.0,866.5163019129612,5.365523853198554,-141.4881802009521,1,1
2012-08-21 02:52:00.768258+00:00,1.98,4.43,6.77,500.7059699766275,2.849579848463983,-145.96170705876747,1,1
2012-08-21 05:51:00.767439+00:00,5.6,12.04,18.3,1720.7415066671772,7.307495033028077,-137.04587668963927,3,1
2012-08-21 05:59:00.767402+00:00,8.03,16.93,25.65,1170.7394500633604,7.585937357978383,-136.48899203973866,4,1
2012-08-21 06:00:00.767398+00:00,7.98,16.82,25.49,1170.7394500633604,7.585937357978383,-136.48899203973866,4,1
2012-08-21 06:02:00.767389+00:00,7.96,16.79,25.44,620.7373934595438,7.864379682928692,-135.93210738983805,3,1
2012-08-22 08:05:00.763880+00:00,10.36,21.58,32.64,779.7178847845009,8.33547821260492,-138.14084411851306,1,1
2012-08-22 22:30:00.760716+00:00,8.05,16.97,25.71,1303.0071178790504,3.3303020246404618,-148.20593281854232,1,1
2012-08-23 17:16:00.767553+00:00,4.03,8.79,13.4,1914.1751837933386,6.1158865137599685,-143.63120768116386,1,1
2012-08-23 20:43:00.766606+00:00,0.0,0.0,0.0,4187.090919607781,4.779985512710499,-146.30300968326281,1,1
2012-08-24 07:13:00.764318+00:00,0.0,0.02,0.01,2074.1674395776754,5.713051926084257,-146.51811479340117,1,1
2012-08-24 07:27:00.764254+00:00,7.47,15.81,23.97,1751.3283844243674,6.057163026987477,-145.82989259159473,1,1
2012-08-24 09:05:00.763805+00:00,0.0,0.0,0.0,8716.197917169116,2.0610081370246958,-153.82220237152032,1,1
2012-08-24 12:09:00.765759+00:00,6.33,13.52,20.53,333599.9890442317,2.8826409818922967,-152.36634689402362,2,2
2012-08-24 13:51:00.765292+00:00,0.0,0.0,0.0,65636.54181545321,3.5667628615424576,-150.99810313472332,2,1
2012-08-24 13:54:00.765278+00:00,0.0,0.0,0.0,65636.54181545321,3.5667628615424576,-150.99810313472332,2,1
2012-08-24 18:40:00.763969+00:00,0.0,0.0,0.0,3238.9532150767573,5.508481974497874,-147.11466490881247,1,1
2012-08-24 19:39:00.763699+00:00,1.94,4.34,6.63,1536.4259587857364,3.2997270910796583,-151.5321746756489,3,1
2012-08-24 19:40:00.763694+00:00,1.94,4.34,6.63,1536.4259587857364,3.2997270910796583,-151.5321746756489,3,2
2012-08-24 22:08:00.763017+00:00,3.98,8.7,13.25,5594.774394047344,2.378171097018145,-153.3752866637719,1,1
2012-08-24 23:57:00.762518+00:00,3.08,6.81,10.39,1622.9654674873075,2.5814133704807576,-152.9688021168467,1,1
2012-08-25 00:04:00.762982+00:00,3.48,7.64,11.65,1177.926339576652,-0.20673974250169508,-159.2226538739252,2,1
2012-08-25 00:41:00.762812+00:00,3.45,7.58,11.55,609.8769104550557,5.3122353815377465,-148.1847036258463,1,1
2012-08-25 04:29:00.761769+00:00,7.18,15.23,23.1,36327.249615109715,3.2281886021316013,-152.35279718465858,1,1
2012-08-25 05:17:00.761549+00:00,1.86,4.15,6.35,257693.4489053087,3.1939703339255314,-152.4212337210707,1,1
2012-08-26 03:01:00.768317+00:00,4.1,8.95,13.63,267320.7797175841,5.348286904856608,-145.04621588441896,3,1
2012-08-26 03:02:00.768313+00:00,4.1,8.95,13.63,267320.7797175841,5.348286904856608,-145.04621588441896,3,2
2012-08-26 04:49:00.767823+00:00,0.0,0.0,0.0,527636.506434369,4.96243316006167,-145.8179233740088,1,1
2012-08-26 15:11:00.765626+00:00,10.26,21.37,32.31,1019.7547398544923,4.094910514312496,-145.69064241782718,2,1
2012-08-26 15:12:00.765621+00:00,10.26,21.37,32.31,1019.7547398544923,4.094910514312496,-145.69064241782718,2,1
2012-08-26 16:31:00.765259+00:00,0.0,0.02,0.04,511.84944852016304,3.7671479789687528,-146.34616748851462,1,1
2012-08-26 18:04:00.764834+00:00,3.46,7.61,11.6,16358.8175242712,2.768521154276779,-148.34342113789862,1,1
2012-08-27 00:43:00.764503+00:00,0.0,0.0,0.0,1504.2757794817733,6.082508466684325,-143.88029162794734,1,1
2012-08-27 01:16:00.764352+00:00,5.76,12.35,18.77,8167.56594148228,10.614378290711562,-134.8165519798929,3,1
2012-08-27 01:26:00.764306+00:00,0.0,0.0,0.0,4772.422122717295,22.36803865293352,-111.30923125544895,2,2
2012-08-27 08:19:00.762416+00:00,3.34,7.35,11.2,3795.650992118614,4.144145654597601,-147.75701725212082,1,1
2012-08-27 11:39:00.761500+00:00,0.0,0.0,0.0,8178.571103150631,3.88634973178988,-148.27260909773625,1,1
2012-08-27 12:05:00.760877+00:00,0.0,0.0,0.0,525.853497904458,1.455117491555728,-154.42778215235887,1,1
2012-08-27 13:23:00.760520+00:00,0.0,0.0,0.0,1304.017523199206,5.231273141303694,-146.87547085286292,1,1
2012-08-27 20:10:00.758657+00:00,0.0,0.0,0.0,701.5268717429736,5.311835584108219,-146.71434596725388,1,1
2012-08-28 08:14:00.767684+00:00,8.01,16.9,25.6,289546.012771083,4.223203869410037,-147.16824661672814,1,1
2012-08-28 09:38:00.767300+00:00,0.0,0.0,0.0,60524.23947948924,3.3096828304406167,-148.99528869466698,1,1
2012-08-28 09:57:00.767213+00:00,2.89,6.39,9.75,18031.74863194623,14.50709920251528,-126.6004559505177,1,1
2012-08-28 11:28:00.766796+00:00,0.0,0.02,0.0,652.2488704284405,4.807650711897701,-145.9993529317528,1,1
2012-08-28 12:37:00.767331+00:00,0.0,0.0,0.0,349369.1424831883,6.663068377063153,-144.29866243249455,1,1
2012-08-28 12:53:00.767257+00:00,0.0,0.0,0.0,1096.7943317703778,3.465639737185169,-150.69351971225055,1,1
2012-08-28 13:49:00.767001+00:00,3.4,7.48,11.4,885.2615552786186,3.697538517895812,-150.22972215082922,1,1
2012-08-28 14:28:00.766822+00:00,2.95,6.53,9.96,1813.9919741278839,4.633092254028568,-148.3586146785637,1,1
2012-08-28 15:16:00.766603+00:00,0.0,0.0,0.0,3643.14355340708,5.93244247589852,-145.7599142348238,1,1
2012-08-28 16:52:00.766163+00:00,0.0,0.0,0.0,538.4522865789603,6.362835213668928,-144.899128759283,1,1
2012-08-28 17:16:00.766053+00:00,2.12,4.73,7.23,1178.8589966127165,4.0005965870286415,-149.62360601256358,4,2
2012-08-28 17:17:00.766049+00:00,2.12,4.73,7.23,1178.8589966127165,4.0005965870286415,-149.62360601256358,4,1
2012-08-28 17:18:00.766044+00:00,2.12,4.73,7.23,1178.8589966127165,4.0005965870286415,-149.62360601256358,4,1
2012-08-28 18:23:00.765747+00:00,0.0,0.0,0.0,590.0461887918439,5.065088160171463,-147.4946228662779,1,1
2012-08-28 22:43:00.764557+00:00,6.56,13.97,21.21,83501.27181262428,4.884839173569229,-147.8551208394824,1,1
2012-08-29 01:30:00.764588+00:00,7.21,15.3,23.2,4542.161634829363,5.238747796204457,-146.69743120627535,2,1
2012-08-29 01:31:00.764583+00:00,7.21,15.3,23.2,4542.161634829363,5.238747796204457,-146.69743120627535,2,1
2012-08-29 03:12:00.764121+00:00,9.72,20.31,30.72,523.9628097148684,4.8321193793465165,-147.51068803999124,1,1
2012-08-29 08:46:00.762592+00:00,0.0,0.02,0.0,3516.9365033692247,6.403563151350972,-144.36780049598238,1,1
2012-08-29 23:45:00.759073+00:00,0.0,0.0,0.0,92307.95105280016,5.120721337186049,-146.1954756727053,1,1
2012-08-30 05:59:00.758657+00:00,0.0,0.0,0.0,7439.8641408673,5.205504087552729,-144.72767942391457,1,1
2012-08-30 09:02:00.757819+00:00,7.33,15.53,23.56,1740.5222793268454,5.802805485128795,-143.53307662876244,1,1
2012-08-30 12:18:00.768818+00:00,0.0,0.0,0.0,1992.8053680938501,6.9027622250696,-141.46487770949437,1,1
2012-08-30 15:44:00.767875+00:00,0.0,0.0,0.0,5564.43890934501,8.133643210726111,-139.00311573818135,2,1
2012-08-30 15:48:00.767856+00:00,0.0,0.0,0.0,5564.43890934501,8.133643210726111,-139.00311573818135,2,1
2012-08-30 16:42:00.767609+00:00,0.0,0.02,0.0,1135.02758214554,3.4821505895254337,-148.3061009805827,1,1
2012-08-30 23:39:00.765700+00:00,0.0,0.02,0.0,49929.318826397626,6.3709772503492665,-142.52844765893502,1,1
2012-08-31 00:25:00.766386+00:00,0.0,0.0,0.0,1065.7441908919618,3.176246886681441,-148.54375040384434,1,1
2012-08-31 01:08:00.766189+00:00,2.94,6.49,9.91,6230.811558651284,4.647604207169506,-145.60103576286826,1,1
2012-08-31 02:57:00.765690+00:00,0.0,0.0,0.0,1722.5989259668647,5.197969938467959,-144.50030430027132,1,1
2012-08-31 06:50:00.764623+00:00,6.52,13.91,21.11,3097.3201624915446,4.914202660154436,-145.0678388568983,3,1
2012-08-31 06:52:00.764614+00:00,6.52,13.91,21.11,3097.3201624915446,4.914202660154436,-145.0678388568983,3,2
2012-08-31 07:45:00.764371+00:00,0.0,0.0,0.0,1675.1435653997698,4.821710053046159,-145.2528240711149,1,1
2012-08-31 12:06:00.764372+00:00,5.59,12.01,18.25,1708.440464909018,4.703875979798343,-143.9016709508034,1,1
2012-08-31 12:53:00.764157+00:00,7.66,16.19,24.54,18301.746827897125,9.029745775598172,-135.24993135920374,3,2
2012-08-31 12:54:00.764153+00:00,7.66,16.19,24.54,18301.746827897125,9.029745775598172,-135.24993135920374,3,1
2012-08-31 13:15:00.764057+00:00,2.46,5.46,8.35,58013.00003526938,9.632372667612383,-134.04467757517534,2,1
2012-08-31 13:21:00.764029+00:00,2.46,5.46,8.35,58013.00003526938,9.632372667612383,-134.04467757517534,2,1
2012-08-31 15:39:00.763397+00:00,10.43,21.72,32.84,956.5665023334994,1.8097903923164107,-149.68984212576726,1,1
2012-08-31 19:44:00.762276+00:00,0.0,0.0,0.0,816.5275657084156,3.5794777705664513,-146.1504673692672,2,2
2012-09-01 04:47:00.762086+00:00,7.38,15.64,23.71,534.9531192805355,3.652985084346199,-147.59562948279716,1,1
2012-09-01 05:20:00.761935+00:00,0.0,0.0,0.0,20163.08798824881,4.4309651510188575,-146.03966934945186,1,1
2012-09-01 14:26:00.759532+00:00,0.0,0.02,0.0,3212.258825046378,7.889943759688867,-138.68360152835433,1,1
2012-09-01 15:15:00.759307+00:00,8.19,17.26,26.14,7474.128264267973,5.183905520574056,-144.09567800658397,1,1
2012-09-01 16:52:00.758863+00:00,9.62,20.1,30.42,2597.958453212595,3.8472362632314185,-146.76901652126924,1,1
2012-09-01 18:05:00.758529+00:00,2.75,6.1,9.31,780.2937879324403,3.3356127477298885,-147.79226355227232,1,1
2012-09-01 18:49:00.758328+00:00,8.1,17.07,25.87,1920.265040423212,6.7790247516033695,-140.90543954452534,1,1
2012-09-02 01:51:00.767438+00:00,0.0,0.0,0.0,640.5216971914906,2.653283747494914,-150.76052188124217,1,1
2012-09-02 06:41:00.766110+00:00,0.0,0.02,0.0,3992.09156405099,6.957701212091732,-142.15168695204858,1,1
2012-09-02 07:44:00.765822+00:00,0.0,0.0,0.0,19384.269550429748,5.9577453742657385,-144.15159862770057,1,1
2012-09-03 02:29:00.764118+00:00,0.0,0.02,0.0,1151.522535131311,6.422003884385267,-139.76842158031377,1,1
2012-09-03 06:45:00.762946+00:00,4.88,10.56,16.06,33980.456393452085,4.994605879622399,-142.6232175898395,7,1
2012-09-03 06:46:00.762941+00:00,4.88,10.56,16.06,33980.456393452085,4.994605879622399,-142.6232175898395,7,2
2012-09-03 06:47:00.762937+00:00,4.88,10.56,16.06,33980.456393452085,4.994605879622399,-142.6232175898395,7,2
2012-09-03 06:48:00.762932+00:00,4.88,10.56,16.06,33980.456393452085,4.994605879622399,-142.6232175898395,7,1
2012-09-03 06:49:00.762928+00:00,4.88,10.56,16.06,33980.456393452085,4.994605879622399,-142.6232175898395,7,1
2012-09-03 13:33:00.760574+00:00,0.0,0.0,0.0,752.8266512430728,6.033371246474744,-142.1792740666451,1,1
2012-09-03 17:25:00.759512+00:00,7.23,15.33,23.25,13371.80478270989,4.418091185584103,-145.40983418842637,1,1
2012-09-03 20:37:00.758633+00:00,8.86,18.6,28.16,656.2987999168554,2.0350225852316624,-150.17597138913123,1,1
2012-09-04 00:27:00.769822+00:00,0.0,0.0,0.0,121597.71523780274,3.5955208727612047,-146.99770194842864,4,2
2012-09-04 00:28:00.769818+00:00,4.89,10.59,16.11,121597.71523780274,3.5955208727612047,-146.99770194842864,4,2
2012-09-04 02:35:00.769236+00:00,9.64,20.14,30.48,1843.025457470382,3.627315412444057,-146.93411286906294,1,1
2012-09-04 08:56:00.767492+00:00,9.34,19.54,29.57,883.9316510799397,8.701692530499885,-136.78535863295127,1,1
2012-09-04 11:20:00.766833+00:00,0.0,0.0,0.0,2688.2965528799123,4.314855624342292,-145.55903244526647,1,1
2012-09-04 14:22:00.766050+00:00,6.48,13.81,20.97,984.4269488325535,5.770592300657794,-142.75907191680864,1,1
2012-09-04 15:32:00.765729+00:00,5.66,12.16,18.49,4616713.903051961,10.226387957795456,-133.84748060253332,1,1
2012-09-04 17:08:00.765290+00:00,0.0,0.0,0.0,923.9527483419763,10.39010435039024,-133.52004781734374,1,1
2012-09-05 08:12:00.763148+00:00,0.0,0.0,0.0,743.6640081043968,4.420552164267161,-145.54812454068784,1,1
2012-09-05 11:40:00.762196+00:00,2.44,5.42,8.29,905.1870517990848,5.362372556559702,-143.66448375610275,2,2
2012-09-05 21:07:00.760796+00:00,4.33,9.42,14.34,132873.75859291948,3.8901051961724664,-144.2808076340699,1,1
2012-09-05 22:23:00.760448+00:00,2.92,6.46,9.86,210463.77835774695,3.313870854826641,-145.43327631676158,2,1
2012-09-05 22:24:00.760443+00:00,2.92,6.46,9.86,210463.77835774695,3.313870854826641,-145.43327631676158,2,1
2012-09-06 04:32:00.759255+00:00,0.0,0.0,0.0,39902.541737124484,7.5816987606237065,-135.36817871026844,1,1
2012-09-06 22:13:00.765694+00:00,5.8,12.45,18.91,1310.1766420893953,5.053483009578324,-141.64064559358275,2,2
2012-09-07 01:51:00.765392+00:00,0.0,0.02,0.0,2332.4860605045064,5.704732759326763,-140.3350907863651,1,1
2012-09-07 02:35:00.765190+00:00,0.0,0.0,0.0,55176.32739403108,6.635697732447407,-138.4731608401238,2,2
2012-09-07 07:20:00.763886+00:00,8.34,17.55,26.58,651700.0400364322,2.371104631105879,-147.00234704280692,1,1
2012-09-07 17:12:00.763172+00:00,4.46,9.69,14.76,1144211.2793716541,4.986010078696578,-147.3435325784551,3,3
2012-09-07 17:26:00.763108+00:00,0.0,0.02,0.0,723.9141877654056,9.619980114594739,-138.07559250665878,2,2
2012-09-07 18:45:00.762746+00:00,7.55,15.98,24.23,247104.99082819305,3.906212368099247,-149.50312799964976,4,1
2012-09-07 18:47:00.762737+00:00,7.55,15.98,24.23,247104.99082819305,3.906212368099247,-149.50312799964976,4,3
2012-09-07 20:51:00.762169+00:00,1.12,2.51,3.85,508.5276846797627,3.3802220961880947,-150.5551085434721,1,1
2012-09-08 01:28:00.760997+00:00,1.81,4.06,6.2,6523.163045901365,3.352243485265639,-145.50427220191938,4,1
2012-09-08 01:29:00.760993+00:00,1.81,4.06,6.2,6523.163045901365,3.352243485265639,-145.50427220191938,4,1
2012-09-08 01:30:00.760988+00:00,1.81,4.06,6.2,6523.163045901365,3.352243485265639,-145.50427220191938,4,2
2012-09-08 01:42:00.760933+00:00,7.37,15.6,23.66,11447.670206580598,2.0169594104179702,-148.17484035161473,1,1
2012-09-08 02:52:00.760613+00:00,8.26,17.4,26.36,3643.320001137556,7.691766695664076,-136.82522578112253,1,1
2012-09-08 03:50:00.760347+00:00,5.85,12.54,19.05,679.7015611829584,10.648483407073648,-130.91179235830336,1,1
2012-09-08 04:12:00.760246+00:00,4.97,10.74,16.34,545.4099336254383,11.658829615878133,-128.8910999406944,1,1
2012-09-08 06:56:00.759496+00:00,4.21,9.17,13.96,222490.71594558767,5.379450386259745,-141.44985839993117,5,2
2012-09-08 06:57:00.759491+00:00,4.21,9.17,13.96,222490.71594558767,5.379450386259745,-141.44985839993117,5,2
2012-09-08 06:58:00.759486+00:00,4.21,9.17,13.96,222490.71594558767,5.379450386259745,-141.44985839993117,5,1
2012-09-08 10:01:00.758649+00:00,8.12,17.11,25.92,3473.790448154127,3.9469052292441864,-144.31494871396228,4,2
2012-09-08 10:03:00.758640+00:00,8.12,17.11,25.92,3473.790448154127,3.9469052292441864,-144.31494871396228,4,1
2012-09-08 10:04:00.758635+00:00,8.12,17.11,25.92,3473.790448154127,3.9469052292441864,-144.31494871396228,4,1
2012-09-09 00:53:00.768757+00:00,4.67,10.13,15.41,1901.4950481108303,3.731775995636567,-146.2626170481039,1,1
2012-09-09 05:59:00.767357+00:00,0.0,0.02,0.0,816.3992182372341,9.228956938452574,-135.26825516247192,1,1
2012-09-09 06:13:00.767292+00:00,0.0,0.02,0.0,5686.23991835075,6.266617309984525,-141.192934419408,1,1
2012-09-09 08:45:00.766597+00:00,4.97,10.74,16.34,1294.568977489651,2.6683592144734583,-148.38945061043012,1,1
2012-09-09 20:41:00.763815+00:00,5.48,11.79,17.92,5806.415140690977,2.633226876525956,-150.63076634153367,1,1
2012-09-10 01:34:00.763670+00:00,0.0,0.0,0.0,20025.828351702152,5.562982471540802,-143.4608628456869,1,1
2012-09-10 02:34:00.763395+00:00,1.63,3.66,5.59,1290.5291269920638,5.82888980733401,-142.92904817410047,1,1
2012-09-10 03:28:00.763148+00:00,4.07,8.89,13.54,1813.52286273621,6.062869339720661,-142.46108910932716,1,1
2012-09-10 04:55:00.762750+00:00,6.36,13.59,20.63,797.3681253505852,7.834775107226553,-138.91727757431542,1,1
2012-09-10 11:06:00.761051+00:00,0.0,0.0,0.0,942.3201408189921,1.6299848148846496,-151.32685815899922,1,1
2012-09-10 15:36:00.759911+00:00,0.0,0.02,0.01,30031.2681453397,3.2398266589055824,-147.6790289647721,2,1
2012-09-10 15:40:00.759893+00:00,0.0,0.02,0.01,30031.2681453397,3.2398266589055824,-147.6790289647721,2,1
2012-09-10 22:30:00.758016+00:00,5.24,11.3,17.18,673.9003299082127,4.563836864752036,-145.03100855307918,1,1
2012-09-11 00:46:00.769689+00:00,7.61,16.08,24.38,1630.8867449870982,13.417865434894495,-125.92182433838543,2,1
2012-09-11 00:52:00.769662+00:00,0.0,0.0,0.0,2372.036443966697,12.460772754436816,-127.8360096993008,3,1
2012-09-11 00:56:00.769644+00:00,0.0,0.0,0.0,18792.16180928664,14.795704029886307,-123.16614714840182,2,1
2012-09-11 04:42:00.768609+00:00,7.99,16.86,25.55,2974.490823803761,9.059473584484266,-134.6386080392059,1,1
2012-09-11 05:23:00.768421+00:00,0.0,0.0,0.0,36536.5909438678,8.192064450366424,-136.37342630744158,1,1
2012-09-11 06:04:00.768234+00:00,0.0,0.0,0.0,6289.235304409319,6.126122895801258,-140.50530941657192,1,1
2012-09-11 07:55:00.767726+00:00,7.69,16.26,24.64,1103.8097870242063,1.6213230888799428,-149.51490903041457,6,1
2012-09-11 07:57:00.767716+00:00,7.69,16.26,24.64,1103.8097870242063,1.6213230888799428,-149.51490903041457,6,2
2012-09-11 07:58:00.767712+00:00,7.69,16.26,24.64,1103.8097870242063,1.6213230888799428,-149.51490903041457,6,2
2012-09-11 08:01:00.767698+00:00,7.69,16.26,24.64,1103.8097870242063,1.6213230888799428,-149.51490903041457,6,1
2012-09-11 16:40:00.765718+00:00,0.0,0.02,0.0,5557.140687861923,6.186910914721406,-138.40624127895757,1,1
2012-09-11 22:14:00.764189+00:00,0.0,0.0,0.0,1768.4019930545035,10.571037573386288,-129.6379879616278,1,1
2012-09-12 04:08:00.764565+00:00,8.39,17.66,26.75,9872.098855534929,3.1588622150805934,-149.32834338234156,1,1
2012-09-12 04:56:00.764345+00:00,0.0,0.0,0.0,2062.8202468666045,2.612356265107177,-150.42135528228837,1,1
2012-09-12 06:26:00.763933+00:00,0.0,0.0,0.0,3809603.124404152,5.798412721157179,-144.04924237018838,1,1
2012-09-12 20:33:00.759552+00:00,5.77,12.38,18.82,1070.3083044827888,5.17275924185617,-146.09334680211745,1,1
2012-09-12 21:30:00.759291+00:00,0.0,0.0,0.0,33052.51387836371,3.9818281983781305,-148.4752088890735,1,1
2012-09-13 00:47:00.761185+00:00,2.55,5.66,8.64,958.9430887704781,2.571827905977908,-148.43915732460087,1,1
2012-09-13 01:03:00.761112+00:00,7.06,14.99,22.75,2414.873880646194,3.5862505769923563,-146.41031198257195,1,1
2012-09-13 01:15:00.761057+00:00,7.83,16.54,25.07,4966.0449898168235,3.0601834215464248,-147.46244629346387,4,1
2012-09-13 01:17:00.761047+00:00,7.85,16.57,25.12,2901.223478515527,3.2172048341112798,-147.14840346833415,5,1
2012-09-13 01:20:00.761034+00:00,7.83,16.54,25.07,2901.223478515527,3.2172048341112798,-147.14840346833415,5,1
2012-09-13 01:21:00.761029+00:00,7.83,16.54,25.07,2901.223478515527,3.2172048341112798,-147.14840346833415,5,1
2012-09-13 01:27:00.761002+00:00,7.83,16.54,25.07,2092.885230233439,3.1233820822321365,-147.33604897209244,4,1
2012-09-13 02:11:00.760800+00:00,0.0,0.0,0.0,6616.688927712972,3.6277589880251098,-146.32729516050648,1,1
2012-09-13 02:56:00.760594+00:00,4.68,10.16,15.46,2507.0745304309585,5.460764546743947,-142.6612840430688,1,1
2012-09-13 03:16:00.760503+00:00,6.87,14.6,22.15,626.3681301836848,1.9716020830049432,-149.63960897054682,1,1
2012-09-13 06:59:00.759482+00:00,2.42,5.39,8.23,2515.0011852823795,4.87132070576834,-143.84017172501999,1,1
2012-09-13 17:58:00.766161+00:00,1.27,2.85,4.37,2480.4488372143765,6.274042556718912,-141.53509486911943,1,1
2012-09-13 20:05:00.765580+00:00,4.5,9.79,14.9,581.2672079967917,4.566045118556987,-144.9510897454433,1,1
2012-09-13 23:55:00.764527+00:00,3.95,8.64,13.16,730.6098187130381,4.523403531148822,-145.03637292025962,1,1
2012-09-14 09:51:00.763495+00:00,0.0,0.02,0.0,884.2987642683229,2.6150466646228807,-147.46534431016903,1,1
2012-09-14 14:19:00.763364+00:00,6.3,13.46,20.44,985.5051993082491,6.082458320506692,-142.96064278720178,1,1
2012-09-14 14:48:00.763231+00:00,8.41,17.69,26.8,1504.6600514870813,4.5126186793748415,-146.1003220694655,1,1
2012-09-14 19:12:00.762022+00:00,0.0,0.0,0.0,5136.358603034973,5.3204732206395855,-144.48461298693599,1,1
2012-09-14 20:00:00.761803+00:00,9.72,20.31,30.72,10918.680960906486,3.0882053439230766,-148.94914874036903,1,1
2012-09-14 21:53:00.761285+00:00,4.94,10.68,16.25,4903.896596944873,4.398941500379916,-146.32767642745534,1,1
2012-09-15 00:00:00.761900+00:00,0.0,0.0,0.0,32287.432367100653,-11.060397136056023,-177.80764132937298,1,1
2012-09-15 05:11:00.760476+00:00,0.02,0.02,0.1,5909.198659619631,4.056586673042391,-147.57367371117613,2,1
2012-09-15 05:13:00.760467+00:00,0.02,0.02,0.1,5909.198659619631,4.056586673042391,-147.57367371117613,2,1
2012-09-15 05:37:00.760357+00:00,4.09,8.92,13.59,8820.036916148854,4.601279412109792,-146.4842882330413,1,1
2012-09-15 05:52:00.760289+00:00,1.9,4.25,6.49,8195.035334892094,5.098724727917158,-145.4893976014266,1,1
2012-09-15 07:24:00.759867+00:00,0.0,0.0,0.0,4008232.198624871,5.902818491157363,-143.88121007494618,2,2
2012-09-15 22:44:00.757152+00:00,9.72,20.31,30.72,712132.4062554253,5.584803553539437,-141.0993407207008,2,2
2012-09-17 01:09:00.762184+00:00,6.22,13.3,20.19,66155.00488039125,2.8556930242531253,-150.3650171969003,2,1
2012-09-17 01:15:00.762157+00:00,6.22,13.3,20.19,66155.00488039125,2.8556930242531253,-150.3650171969003,2,1
2012-09-17 01:29:00.762093+00:00,6.36,13.59,20.63,849.2219717065403,4.642228702212252,-146.79194584098204,2,1
2012-09-17 01:30:00.762088+00:00,6.36,13.59,20.63,849.2219717065403,4.642228702212252,-146.79194584098204,2,1
2012-09-17 04:53:00.761159+00:00,2.74,6.06,9.26,733.8076371210759,3.394976972021411,-149.28644930136372,1,1
2012-09-17 07:56:00.760321+00:00,9.06,18.98,28.74,35481.26280060265,8.121540460114575,-139.8333223251774,1,1
2012-09-17 08:20:00.760211+00:00,0.0,0.0,0.0,2134.93882101816,7.1479555945802025,-141.78049205624615,1,1
2012-09-17 08:46:00.760092+00:00,0.0,0.0,0.0,1812.3592148267294,5.253802953737694,-145.56879733793116,1,1
2012-09-17 09:37:00.759859+00:00,0.0,0.0,0.0,8563.477998375534,6.7851622260303674,-142.5060787933458,1,1
2012-09-17 09:48:00.759808+00:00,8.05,16.97,25.71,196770.6144734405,13.752217833838305,-128.57196757772994,1,1
2012-09-17 17:15:00.760258+00:00,0.0,0.02,0.0,1250.2120860282498,3.3462938197280154,-145.033518947993,1,1
2012-09-17 18:30:00.759915+00:00,0.0,0.0,0.0,597.49383997662,1.890368949244828,-147.94536868895938,1,1
2012-09-17 21:38:00.759054+00:00,0.0,0.0,0.0,2428.9496683714706,5.0163501459359505,-141.69340629557718,1,1
2012-09-17 22:19:00.758866+00:00,0.0,0.0,0.0,712.6893271789787,3.4240999781269013,-144.87790663119526,1,1
2012-09-18 12:25:00.766786+00:00,0.0,0.0,0.0,1530.3682162794387,4.240869475442978,-145.21076958377168,1,1
2012-09-18 16:30:00.765664+00:00,0.0,0.02,0.01,846.0415549647969,4.011601430473059,-145.66930567371148,1,1
2012-09-18 19:17:00.764900+00:00,9.5,19.86,30.05,540.1430000349474,3.903561929847864,-145.8853846749619,1,1
2012-09-19 09:03:00.763214+00:00,9.72,20.31,30.72,4004.238125974797,7.2724485935224426,-135.02203685340152,1,1
2012-09-19 09:17:00.763150+00:00,6.54,13.94,21.16,2572.234005371609,12.567768316519478,-124.43139740740742,1,1
2012-09-19 10:12:00.762898+00:00,7.59,16.05,24.33,17113.192231821187,11.793154603302769,-125.98062483384085,1,1
2012-09-19 17:40:00.761644+00:00,5.09,10.99,16.71,592.5536718335684,2.5455671080167024,-146.53706007615278,1,1
2012-09-19 20:11:00.760952+00:00,8.21,17.29,26.2,2636.488349763601,2.5114260304873937,-146.6053422312114,1,1
2012-09-20 05:15:00.768258+00:00,10.17,21.19,32.05,1856.8339820359256,4.7661402185222626,-145.1855914109893,2,2
2012-09-20 17:05:00.766504+00:00,6.13,13.11,19.91,6332.258457589065,4.121929183109855,-141.95058256679297,1,1
2012-09-20 17:28:00.766398+00:00,9.16,19.18,29.03,1969.1461458240576,2.264616618209839,-145.66520769659297,1,1
2012-09-21 00:41:00.765512+00:00,3.6,7.9,12.05,9789.302863554289,8.844531670205932,-134.38644655032505,1,1
2012-09-21 01:13:00.765366+00:00,2.42,5.39,8.23,828.7496505542626,7.067769862791885,-137.93997016515317,1,1
2012-09-21 10:14:00.762889+00:00,0.0,0.02,0.01,3881.859999094712,7.096934947352947,-137.88163999603105,1,1
2012-09-21 18:50:00.762323+00:00,4.89,10.59,16.11,30647.618527592906,5.1587309342196885,-142.52727082316846,1,1
2012-09-22 02:45:00.760445+00:00,4.52,9.82,14.95,604.2114854404407,2.1521589341835976,-150.1619775404524,1,1
2012-09-22 04:51:00.759868+00:00,0.0,0.0,0.0,1406.4431801720948,5.000737408619024,-144.46482059158154,1,1
2012-09-22 06:55:00.759300+00:00,0.0,0.0,0.0,29653.116292196137,3.8449873455235157,-146.77632071777256,1,1
2012-09-22 08:03:00.758989+00:00,0.0,0.0,0.0,539.6234913916244,5.194763444486399,-144.07676851984678,1,1
2012-09-22 21:28:00.767300+00:00,0.0,0.0,0.0,687.6844523792204,3.6035585742841336,-144.31360645117618,1,1
2012-09-22 22:45:00.766947+00:00,0.0,0.0,0.0,845.2392611315903,4.514799899205398,-142.49112380133366,1,1
2012-09-23 02:42:00.767858+00:00,0.0,0.0,0.0,42718.134881852406,12.671726592758601,-128.76990179821087,2,1
2012-09-23 02:43:00.767854+00:00,0.0,0.0,0.0,42718.134881852406,12.671726592758601,-128.76990179821087,2,1
2012-09-23 03:02:00.767767+00:00,0.0,0.0,0.0,3633.512851847508,5.795657263666053,-142.52204045639596,1,1
2012-09-23 08:04:00.766384+00:00,0.0,0.0,0.0,909.990073191974,3.2356832195254044,-147.64198854467728,1,1
2012-09-23 08:37:00.766233+00:00,0.0,0.0,0.0,1394.1097572548445,4.323585190563777,-145.46618460260055,1,1
2012-09-23 12:07:00.766168+00:00,0.0,0.0,0.0,951664.4863367877,3.220271200855459,-148.22639973599033,1,1
2012-09-23 18:00:00.764552+00:00,6.35,13.55,20.58,501.26604276121634,14.513284637000435,-125.64037286370035,1,1
2012-09-23 21:26:00.763609+00:00,9.2,19.26,29.15,1176.1211859405132,2.0668998886941785,-150.5331423603129,1,1
2012-09-24 01:07:00.762393+00:00,0.0,0.0,0.0,675.0069168518313,5.1051152721253805,-141.85317688315996,1,1
2012-09-24 06:46:00.760841+00:00,2.53,5.62,8.58,5270.274171465577,3.4176036175875666,-145.22820019223562,1,1
2012-09-24 08:38:00.760329+00:00,3.57,7.84,11.95,1932200.7825467784,2.9309383643539144,-146.2015306987029,2,1
2012-09-24 08:39:00.760324+00:00,3.57,7.84,11.95,1932200.7825467784,2.9309383643539144,-146.2015306987029,2,1
2012-09-25 03:44:00.767220+00:00,4.19,9.14,13.92,566.4474317218068,7.08769989692268,-139.21579874435562,1,1
2012-09-25 08:30:00.765911+00:00,2.0,4.47,6.84,106696.14085375614,3.796594187606181,-145.7980101629886,4,2
2012-09-25 08:31:00.765907+00:00,6.49,13.84,21.02,106696.14085375614,3.796594187606181,-145.7980101629886,4,2
2012-09-25 14:34:00.766695+00:00,4.07,8.89,13.54,57415.51561116094,4.70388861778714,-143.03210293048966,1,1
2012-09-25 19:56:00.765221+00:00,4.71,10.22,15.55,3539.573185842065,4.275574915725733,-143.8887303346125,1,1
2012-09-25 21:09:00.764887+00:00,5.04,10.9,16.57,10782.540063014283,4.676387638067942,-143.0871048899281,1,1
2012-09-26 21:40:00.759345+00:00,0.0,0.02,0.0,10204.751360147437,3.7058146868933455,-142.77667157719816,2,1
2012-09-26 21:41:00.759340+00:00,0.0,0.02,0.0,10204.751360147437,3.7058146868933455,-142.77667157719816,2,1
2012-09-27 00:35:00.760440+00:00,3.71,8.13,12.39,2822.2413765966958,4.123590494899085,-145.2889686545148,1,1
2012-09-27 01:31:00.760183+00:00,4.85,10.5,15.97,3181.65802556545,4.942242390130374,-143.65166486405226,2,1
2012-09-27 01:38:00.760151+00:00,4.85,10.5,15.97,3181.65802556545,4.942242390130374,-143.65166486405226,2,1
2012-09-27 08:34:00.758247+00:00,4.21,9.17,13.96,1010.2887056066927,5.459726628465148,-142.6166963873827,1,1
2012-09-27 09:47:00.757913+00:00,6.25,13.36,20.29,1177.8759989312248,3.0537409650776675,-147.42866771415763,1,1
2012-09-27 11:19:00.757492+00:00,0.01,0.02,0.04,971.505511138278,5.7983828844946395,-141.9393838753237,1,1
2012-09-28 09:19:00.763341+00:00,9.14,19.14,28.97,32494.665338108414,4.273424372313172,-146.15856893099726,1,1
2012-09-28 09:56:00.763172+00:00,0.0,0.0,0.0,1646.7231090518558,7.59376997809011,-139.51787771944336,1,1
2012-09-28 10:51:00.762920+00:00,0.0,0.0,0.0,1018.0679447808353,6.011389621798188,-142.68263843202718,1,1
2012-09-28 11:11:00.762828+00:00,1.79,4.01,6.13,1283.3742725529335,4.794342516864614,-145.11673264189437,1,1
2012-09-28 12:14:00.763736+00:00,4.44,9.66,14.71,211065.40351659025,4.644488868733307,-142.62344879456865,2,1
2012-09-28 12:19:00.763713+00:00,4.44,9.66,14.71,211065.40351659025,4.644488868733307,-142.62344879456865,2,1
2012-09-29 00:49:00.761976+00:00,0.0,0.0,0.0,2846.4322597280125,4.128186097654187,-142.61511537564658,1,1
2012-09-29 20:58:00.767237+00:00,7.28,15.43,23.4,6689.598065377651,2.675145396659849,-145.00641281319898,1,1
2012-09-30 01:41:00.767638+00:00,0.57,1.3,1.98,737.995286173489,4.090150158765341,-141.23349296133762,1,1
2012-09-30 05:18:00.766644+00:00,0.0,0.0,0.0,8498.556865962673,5.829378541931082,-137.75503619500614,1,1
2012-09-30 15:38:00.763502+00:00,6.19,13.24,20.1,130702.59957828913,7.4133137093469665,-137.1216967264767,2,1
2012-09-30 15:39:00.763497+00:00,6.19,13.24,20.1,130702.59957828913,7.4133137093469665,-137.1216967264767,2,1
2012-09-30 19:28:00.762449+00:00,0.0,0.0,0.0,1535.3535465106245,7.392140046948353,-137.1640440512739,1,1
2012-09-30 21:46:00.761817+00:00,9.4,19.66,29.75,1408.1872331750565,11.202662999607332,-129.54299814595595,2,1
2012-09-30 21:56:00.761772+00:00,9.58,20.02,30.29,1974.2636113992864,19.355808222586784,-113.23670769999704,1,1
2012-09-30 23:17:00.761401+00:00,3.34,7.35,11.2,4199.786203125118,6.695024822415137,-138.55827450034036,1,1
2012-10-01 00:30:00.763263+00:00,6.13,13.11,19.91,941.3297160539439,1.9170225054499024,-146.40769734265743,1,1
2012-10-01 08:23:00.761097+00:00,0.0,0.02,0.01,1856.3066526806485,7.095756071061904,-136.05023021143342,1,1
2012-10-02 02:52:00.768758+00:00,3.16,6.98,10.64,564104.8860210095,3.622811715151829,-137.05475964582342,2,1
2012-10-02 02:53:00.768754+00:00,0.0,0.02,0.0,564104.8860210095,3.622811715151829,-137.05475964582342,2,1
2012-10-02 13:40:00.766042+00:00,4.89,10.59,16.11,122544.86502574725,3.7695405550590215,-139.78449471771768,4,3
2012-10-02 13:41:00.766038+00:00,4.89,10.59,16.11,122544.86502574725,3.7695405550590215,-139.78449471771768,4,1
2012-10-02 20:10:00.764257+00:00,3.26,7.18,10.95,1435.789864643799,6.385262654399141,-134.55305051903744,3,1
2012-10-02 20:13:00.764243+00:00,5.65,12.13,18.44,1611.8028923330692,7.708541821527325,-131.9064921847811,4,1
2012-10-02 20:16:00.764229+00:00,5.65,12.13,18.44,1611.8028923330692,7.708541821527325,-131.9064921847811,4,1
2012-10-02 20:22:00.764202+00:00,5.65,12.13,18.44,1787.8159200223388,9.03182098865551,-129.2599338505247,3,1
2012-10-02 20:35:00.764142+00:00,3.24,7.14,10.9,1010.7980739943484,6.455874798614013,-134.4118262306077,3,2
2012-10-02 20:40:00.764120+00:00,2.92,6.46,9.86,1108.2019336043818,7.070561001414981,-133.18245382500578,6,1
2012-10-02 20:48:00.764083+00:00,4.62,10.03,15.27,1073.4146168103791,7.398160140393097,-132.52725554704955,8,1
2012-10-02 20:49:00.764078+00:00,4.62,10.03,15.27,941.2234404063429,7.492147707736487,-132.33928041236277,9,1
2012-10-02 20:50:00.764074+00:00,4.49,9.76,14.85,882.3099642119741,7.698551983224858,-131.926471861386,10,1
2012-10-02 20:51:00.764069+00:00,4.49,9.76,14.85,941.2234404063429,7.904956258713231,-131.51366331040924,9,2
2012-10-02 20:53:00.764060+00:00,4.49,9.76,14.85,941.2234404063429,7.904956258713231,-131.51366331040924,9,2
2012-10-02 20:59:00.764033+00:00,4.44,9.66,14.71,850.3671509137143,7.934820159156754,-131.4539355095222,8,2
2012-10-02 21:23:00.763923+00:00,1.7,3.81,5.83,668.3440305192256,6.815666497587475,-133.69224283266078,1,1
2012-10-02 21:46:00.763817+00:00,6.1,13.04,19.81,511.6133192637903,7.625242804158857,-132.073090219518,1,1
2012-10-02 22:13:00.763694+00:00,9.04,18.95,28.68,6684.4340533700515,7.054743398904988,-133.21408903002578,2,1
2012-10-02 22:14:00.763689+00:00,9.02,18.91,28.62,6684.4340533700515,7.054743398904988,-133.21408903002578,2,1
2012-10-02 22:28:00.763625+00:00,2.6,5.77,8.81,1034.2727646816074,6.880157227557588,-133.56326137272058,1,1
2012-10-03 05:30:00.762589+00:00,5.16,11.14,16.95,890.7089091200712,5.218474256115022,-137.27627266030134,3,1
2012-10-03 05:35:00.762566+00:00,5.04,10.9,16.57,2605.6224136640108,7.2505302712163235,-133.2121606300987,6,1
2012-10-03 05:36:00.762562+00:00,5.04,10.9,16.57,2605.6224136640108,7.2505302712163235,-133.2121606300987,6,1
2012-10-03 05:41:00.762539+00:00,5.04,10.9,16.57,2801.84452638457,8.4604458650767,-130.79232944237796,5,2
2012-10-03 05:42:00.762534+00:00,5.04,10.9,16.57,2801.84452638457,8.4604458650767,-130.79232944237796,5,1
2012-10-03 06:02:00.762443+00:00,3.02,6.67,10.18,595.4543083288845,4.358148118470684,-138.99692493559002,2,1
2012-10-03 06:03:00.762438+00:00,3.02,6.67,10.18,595.4543083288845,4.358148118470684,-138.99692493559002,2,1
2012-10-03 08:04:00.761884+00:00,0.0,0.02,0.0,2476.87845909867,6.815205883848004,-134.08280940483536,3,1
2012-10-03 08:05:00.761880+00:00,0.0,0.02,0.0,2476.87845909867,6.815205883848004,-134.08280940483536,3,1
2012-10-03 08:06:00.761875+00:00,0.0,0.02,0.0,2476.87845909867,6.815205883848004,-134.08280940483536,3,1
2012-10-03 14:54:00.761903+00:00,0.0,0.0,0.0,1904.7630238643255,3.8798719189414936,-143.7852318301031,1,1
2012-10-03 17:39:00.761148+00:00,0.0,0.0,0.0,2243.79104215066,5.0735607001035286,-141.39785426777902,1,1
2012-10-03 18:53:00.760809+00:00,3.03,6.7,10.23,4797.460291809633,4.459244947755281,-142.62648577247552,1,1
2012-10-04 18:31:00.766410+00:00,4.91,10.62,16.16,535.252544331903,3.6591070809704087,-142.89795005454218,1,1
2012-10-05 05:58:00.764861+00:00,2.95,6.53,9.96,3139.469181979429,5.288427487112641,-141.84786015768924,1,1
2012-10-05 17:45:00.762221+00:00,3.77,8.25,12.58,1704.8454026193695,5.184472040303167,-140.18304701369806,1,1
2012-10-05 22:47:00.760838+00:00,8.03,16.93,25.65,990.9923686479424,4.82321382910939,-140.90556343608563,1,1
2012-10-06 11:13:00.758119+00:00,0.0,0.0,0.0,1374.634989618976,4.9051999010098735,-142.26869900067751,1,1
2012-10-06 12:37:00.760231+00:00,6.19,13.24,20.1,1047.8574163835665,3.841259269418176,-141.53877048900162,1,1
2012-10-06 16:11:00.759251+00:00,0.0,0.0,0.0,61888.174649379114,2.9797076979577826,-143.26187363192238,1,1
2012-10-06 20:39:00.758024+00:00,4.49,9.76,14.85,8157.5868119002735,4.379321611652643,-140.4626458045327,7,1
2012-10-06 20:42:00.758010+00:00,4.49,9.76,14.85,8157.5868119002735,4.379321611652643,-140.4626458045327,7,1
2012-10-06 20:43:00.758006+00:00,4.49,9.76,14.85,5280.8728433887345,4.7951221914503614,-139.63104464493728,8,2
2012-10-06 20:47:00.757988+00:00,4.49,9.76,14.85,5280.8728433887345,4.7951221914503614,-139.63104464493728,8,2
2012-10-06 20:48:00.757983+00:00,4.49,9.76,14.85,5280.8728433887345,4.7951221914503614,-139.63104464493728,8,1
2012-10-06 20:52:00.757965+00:00,4.31,9.39,14.29,2176.7593837161885,4.7951221914503614,-139.63104464493728,6,1
2012-10-06 21:08:00.757891+00:00,0.0,0.02,0.0,1142.6495443996193,7.478352649022707,-134.26458372979255,8,3
2012-10-06 21:10:00.757882+00:00,0.0,0.02,0.0,1079.1350675593446,7.478352649022707,-134.26458372979255,10,1
2012-10-06 21:14:00.757864+00:00,0.0,0.02,0.0,1126.4874878816195,7.330244156749793,-134.5608007143384,13,2
2012-10-06 21:15:00.757859+00:00,0.0,0.02,0.0,1126.4874878816195,7.330244156749793,-134.5608007143384,15,1
2012-10-06 21:18:00.757846+00:00,7.42,15.71,23.81,1279.4646144385765,7.621075503750593,-133.9791380203368,14,1
2012-10-06 21:19:00.757841+00:00,7.42,15.71,23.81,1400.1176279595336,7.911906850751393,-133.39747532633518,13,2
2012-10-06 21:21:00.757832+00:00,7.42,15.71,23.81,1279.4646144385765,8.39136776605153,-132.4385534957349,12,1
2012-10-06 21:23:00.757823+00:00,7.42,15.71,23.81,1279.4646144385765,8.39136776605153,-132.4385534957349,12,2
2012-10-06 21:25:00.757814+00:00,7.42,15.71,23.81,1158.8116009176188,8.87082868135167,-131.47963166513463,9,2
2012-10-06 21:26:00.757809+00:00,7.42,15.71,23.81,1158.8116009176188,8.87082868135167,-131.47963166513463,9,1
2012-10-07 00:27:00.766376+00:00,0.0,0.02,0.0,1084.2885788169444,4.541439687111437,-142.87469321617448,1,1
2012-10-07 04:19:00.765314+00:00,5.34,11.51,17.5,903.3161856123088,3.936923929510233,-144.08372473137692,1,1
2012-10-07 08:48:00.764083+00:00,5.69,12.23,18.58,15063.847677109192,4.484356707024592,-142.98885917634814,3,1
2012-10-07 08:49:00.764078+00:00,5.69,12.23,18.58,15063.847677109192,4.484356707024592,-142.98885917634814,3,1
2012-10-07 08:52:00.764065+00:00,5.69,12.23,18.58,15063.847677109192,4.484356707024592,-142.98885917634814,3,1
2012-10-07 11:25:00.763364+00:00,0.0,0.0,0.0,2200.0319087519515,4.769260289449086,-142.4190520114992,1,1
2012-10-07 11:35:00.763318+00:00,0.0,0.0,0.0,615.2902786430377,21.055103726723424,-109.84736513695051,1,1
2012-10-07 19:51:00.762644+00:00,9.79,20.43,30.91,544.104932160409,6.312458058516335,-137.75511362983494,1,1
2012-10-07 23:23:00.761673+00:00,9.08,19.02,28.8,3352.1772713907635,5.365629943085249,-139.64876986069712,1,1
2012-10-08 08:32:00.760456+00:00,4.34,9.45,14.39,1890.8981016608145,3.8866124925842023,-144.18800783007458,1,1
2012-10-08 21:56:00.758172+00:00,6.69,14.23,21.6,895.8896885701182,3.760761605360816,-144.13934158101432,1,1
2012-10-10 01:24:00.764415+00:00,0.0,0.02,0.04,1674.1070277781566,5.149299746063416,-142.3212526625939,2,1
2012-10-10 01:28:00.764397+00:00,0.0,0.02,0.04,1674.1070277781566,5.149299746063416,-142.3212526625939,2,1
2012-10-10 14:23:00.761645+00:00,0.0,0.0,0.0,3869.947927907049,5.970350567445407,-141.9728107931235,1,1
2012-10-11 02:50:00.768822+00:00,0.0,0.0,0.0,2474.245466829161,3.899247142512936,-147.8685624472782,1,1
2012-10-11 06:31:00.767810+00:00,0.0,0.02,0.0,823.4909985277154,4.075478062058268,-147.51610060818751,1,1
2012-10-11 13:11:00.767775+00:00,0.0,0.0,0.0,2090.022546644731,2.055688620865049,-150.11203664165717,1,1
2012-10-12 00:32:00.766653+00:00,5.5,11.82,17.97,1493.85967229083,3.055745622107287,-144.61518073317967,1,1
2012-10-12 14:33:00.763100+00:00,0.0,0.0,0.0,4022.554183479933,3.6200363951788455,-144.31418913243985,1,1
2012-10-13 05:09:00.760785+00:00,6.75,14.37,21.8,1107.5417158683858,2.597558216620315,-142.98725434000306,1,1
2012-10-14 05:05:00.766604+00:00,0.0,0.02,0.0,11766.06991039205,5.335524998457227,-140.34473367799114,1,1
2012-10-14 10:21:00.765157+00:00,0.01,0.02,0.04,601.3717183877886,3.8007193104667936,-143.41434505397203,1,1
2012-10-15 05:12:00.761772+00:00,9.26,19.38,29.33,566.9606820766859,5.1080833698239,-145.47869363089603,1,1
2012-10-15 05:56:00.761570+00:00,0.0,0.02,0.0,667.2504371713702,4.378150870978682,-146.93855862858646,1,1
2012-10-15 10:41:00.760266+00:00,2.74,6.06,9.26,194486.28029501985,4.681091402867464,-146.3326775648089,1,1
2012-10-15 14:29:00.759818+00:00,0.0,0.0,0.0,534.1104491269979,4.508675188799762,-146.04456253048383,1,1
2012-10-15 15:46:00.759465+00:00,0.0,0.0,0.0,2293.9795399798804,4.518300466578467,-146.02531197492638,1,1
2012-10-15 16:21:00.759305+00:00,0.0,0.0,0.0,3958.165494708002,17.91824670864589,-119.22541949079157,1,1
2012-10-16 12:42:00.765508+00:00,0.0,0.02,0.0,608.005092376593,4.017049991942184,-145.65453834655716,1,1
2012-10-17 01:15:00.764457+00:00,0.0,0.0,0.0,877.251743456122,7.372156937778937,-137.68964362765104,1,1
2012-10-17 07:40:00.762694+00:00,0.0,0.02,0.01,22122.824446855062,4.6255711819558325,-143.18281513929725,2,1
2012-10-17 07:44:00.762676+00:00,0.0,0.02,0.01,22122.824446855062,4.6255711819558325,-143.18281513929725,2,1
2012-10-17 10:18:00.761971+00:00,1.21,2.72,4.17,745.6119661658333,4.53843647638633,-143.35708455043624,1,1
2012-10-17 21:20:00.759736+00:00,5.39,11.61,17.64,125066.21512266964,3.3149776349178715,-145.8716057715607,1,1
2012-10-17 22:26:00.759434+00:00,2.48,5.5,8.4,2107.901680824015,3.1895375450286934,-146.12248595133903,1,1
2012-10-18 06:00:00.758852+00:00,0.0,0.0,0.0,341691.28165417,4.702394723480683,-143.5508340200993,1,1
2012-10-18 20:05:00.765480+00:00,5.5,11.82,17.97,759.8801488127392,3.2091176048716488,-144.6958390656394,1,1
2012-10-19 06:13:00.763692+00:00,9.06,18.98,28.74,553.4025719788352,5.808508962478785,-141.63098797421083,1,1
2012-10-19 06:36:00.763587+00:00,0.0,0.0,0.0,1198.9138843237524,4.366180165915029,-144.51564556733837,1,1
2012-10-19 09:26:00.762809+00:00,6.02,12.89,19.57,574.9767664260297,4.0367615392857275,-145.17448282059695,1,1
2012-10-19 10:58:00.762388+00:00,8.92,18.71,28.33,8969.802190997241,6.2111609096877824,-140.82568407979284,1,1
2012-10-19 18:40:00.761369+00:00,0.0,0.02,0.0,1052.6418381674584,4.2549683283223185,-143.62680627406425,1,1
2012-10-20 09:55:00.759276+00:00,0.0,0.0,0.0,2192.6575965124707,4.709357218194367,-142.4697804021426,2,1
2012-10-20 10:01:00.759249+00:00,0.0,0.0,0.0,2192.6575965124707,4.709357218194367,-142.4697804021426,2,1
2012-10-20 11:19:00.758892+00:00,0.0,0.0,0.0,20303.64122656282,4.673069150576758,-142.54235653737783,1,1
2012-10-20 21:53:00.766385+00:00,0.0,0.0,0.0,1899.1133946166244,5.56708024191051,-142.0914642351032,1,1
2012-10-20 22:06:00.766326+00:00,6.51,13.88,21.06,1269.6556896571797,6.64264172246652,-139.94034127399118,1,1
2012-10-21 00:14:00.766236+00:00,0.0,0.0,0.0,39130.63985373375,5.056901733654238,-141.9724335783624,1,1
2012-10-21 00:49:00.766076+00:00,0.01,0.02,0.03,2750.7441045449573,4.7769845848002905,-142.53226787607028,1,1
2012-10-21 01:02:00.766016+00:00,0.0,0.02,0.0,4985015.2390771285,4.538860896535634,-143.0085152525996,1,1
2012-10-22 03:13:00.762316+00:00,0.0,0.0,0.0,6385.242958819976,2.1904487376867348,-147.08164244332042,1,1
2012-10-22 19:47:00.757862+00:00,6.96,14.79,22.44,7617.60019879304,4.599455011473369,-142.56911993898174,1,1
2012-10-23 02:12:00.766996+00:00,2.06,4.6,7.04,3804.570939353359,10.44371529568044,-131.59672401660157,1,1
2012-10-23 06:51:00.765719+00:00,4.18,9.11,13.87,130707.82558843607,4.775088386533406,-142.93397783489564,7,3
2012-10-23 06:52:00.765714+00:00,4.18,9.11,13.87,130707.82558843607,4.775088386533406,-142.93397783489564,7,2
2012-10-23 06:58:00.765686+00:00,4.18,9.11,13.87,130707.82558843607,4.775088386533406,-142.93397783489564,7,1
2012-10-23 06:59:00.765682+00:00,4.18,9.11,13.87,130707.82558843607,4.775088386533406,-142.93397783489564,7,1
2012-10-23 07:21:00.765581+00:00,0.0,0.0,0.0,3509.289134490166,5.515439492193834,-141.4532756235748,1,1
2012-10-23 08:59:00.765133+00:00,7.54,15.95,24.18,156882.28595133073,5.3828514684369,-141.7184516710887,1,1
2012-10-23 18:26:00.765333+00:00,3.46,7.61,11.6,539.996838064336,3.5123037889468187,-144.2552608147692,1,1
2012-10-24 14:12:00.761496+00:00,6.03,12.92,19.62,44021.744376831535,4.460373422792606,-144.4495083250808,1,1
2012-10-25 00:42:00.769253+00:00,0.0,0.02,0.0,33637.978576802096,2.951550393603598,-144.05669393119518,1,1
2012-10-25 01:58:00.768906+00:00,0.0,0.0,0.0,2262.6971882967755,5.929313398378024,-138.10116792164632,1,1
2012-10-26 16:29:00.762269+00:00,0.0,0.0,0.0,17876.731044323486,8.841085719504731,-135.37596265666807,2,1
2012-10-26 16:32:00.762255+00:00,0.0,0.0,0.0,17876.731044323486,8.841085719504731,-135.37596265666807,2,1
2012-10-26 17:03:00.762113+00:00,8.01,16.9,25.6,4652.247274929715,7.174549788172815,-138.70903451933188,1,1
2012-10-27 02:05:00.760128+00:00,0.0,0.0,0.0,706.9535531566762,6.292975589390423,-141.58370487105802,1,1
2012-10-27 02:30:00.760013+00:00,0.0,0.0,0.0,1009.7658925868536,5.938763573360587,-142.29212890311769,1,1
2012-10-27 10:59:00.757683+00:00,4.65,10.1,15.37,757.4216640563168,6.873122424223461,-140.42341120139193,1,1
2012-10-27 20:56:00.766346+00:00,7.69,16.26,24.64,163620.59163502025,4.160006340109892,-144.4098420780638,7,2
2012-10-27 20:57:00.766342+00:00,7.69,16.26,24.64,163620.59163502025,4.160006340109892,-144.4098420780638,7,2
2012-10-27 20:58:00.766337+00:00,7.69,16.26,24.64,163620.59163502025,4.160006340109892,-144.4098420780638,7,3
2012-10-28 02:27:00.766427+00:00,0.0,0.0,0.0,1634.2525604660266,4.080350966496008,-143.71798016241985,1,1
2012-10-28 03:43:00.766079+00:00,3.37,7.41,11.3,12589.023091899831,4.928642488710882,-142.0213971179901,1,1
2012-10-28 04:34:00.765846+00:00,8.17,17.22,26.09,5188.393011294228,2.3895004006685965,-147.09968129407468,1,1
2012-10-28 15:06:00.763549+00:00,0.0,0.0,0.0,788.0532347939637,4.718119768494237,-144.7423610324502,1,1
2012-10-28 16:46:00.763091+00:00,0.0,0.02,0.0,1535.1522674019407,6.223703418307966,-141.73119373282273,1,1
2012-10-28 17:22:00.762926+00:00,6.21,13.27,20.15,4520.576498519301,6.1056316006387625,-141.9673373681611,2,1
2012-10-28 17:31:00.762885+00:00,6.21,13.27,20.15,4520.576498519301,6.1056316006387625,-141.9673373681611,2,1
2012-10-29 03:34:00.762320+00:00,0.0,0.02,0.01,2801.449956169203,5.829081920392264,-143.46610858252174,1,1
2012-10-29 03:56:00.762220+00:00,0.0,0.0,0.0,1216.8341758071754,2.304539185872691,-150.51519405156088,1,1
2012-10-29 05:42:00.761734+00:00,0.0,0.0,0.0,13695.076804006549,3.528889210555625,-148.066494002195,1,1
2012-10-29 08:06:00.761075+00:00,2.49,5.54,8.46,7886.65476324529,3.4978280866247284,-148.12861625005678,1,1
2012-10-29 11:13:00.760219+00:00,3.68,8.06,12.29,566.9537600533688,4.21872969117851,-146.68681304094926,1,1
2012-10-29 15:05:00.769153+00:00,1.3,2.92,4.46,527.9533830632989,3.1329400518367567,-148.04517641227275,1,1
2012-10-29 19:17:00.768000+00:00,6.13,13.11,19.91,108079.96454901813,7.015787957611054,-140.27948060072418,8,3
2012-10-29 19:18:00.767995+00:00,6.13,13.11,19.91,108079.96454901813,7.015787957611054,-140.27948060072418,8,2
2012-10-29 19:20:00.767986+00:00,6.13,13.11,19.91,108079.96454901813,7.015787957611054,-140.27948060072418,8,2
2012-10-29 19:21:00.767981+00:00,6.13,13.11,19.91,108079.96454901813,7.015787957611054,-140.27948060072418,8,1
2012-10-30 07:22:00.766977+00:00,0.0,0.0,0.0,62758.30166775722,4.726123739656039,-144.3663460837406,3,1
2012-10-30 07:23:00.766972+00:00,0.0,0.0,0.0,62758.30166775722,4.726123739656039,-144.3663460837406,3,2
2012-10-30 12:12:00.766845+00:00,5.12,11.05,16.81,5944.910623820678,3.8798702353812073,-146.23479298457892,1,1
2012-10-30 16:58:00.765536+00:00,4.37,9.51,14.48,10658.915051626986,5.444625073399882,-143.10528330854152,2,1
2012-10-30 17:01:00.765522+00:00,4.37,9.51,14.48,10658.915051626986,5.444625073399882,-143.10528330854152,2,1
2012-10-31 05:08:00.762290+00:00,0.0,0.0,0.0,1400.8703023186538,2.953332097379173,-147.69369835732928,1,1
2012-10-31 09:59:00.760958+00:00,0.0,0.0,0.0,12023.984372000625,8.44999268994109,-136.70037717220544,1,1
2012-10-31 14:10:00.761905+00:00,4.67,10.13,15.41,2243.968310129092,2.8463194976775665,-149.3392678378197,1,1
2012-10-31 20:18:00.760220+00:00,0.0,0.0,0.0,577.8807155302238,4.2664166973736135,-146.4990734384276,1,1
2012-10-31 21:38:00.759854+00:00,0.0,0.0,0.0,1197.5545579304235,5.216843078307195,-144.5982206765604,1,1
2012-11-01 13:36:00.766260+00:00,0.0,0.02,0.0,740.2419581133535,1.713781855752417,-145.68339714359502,1,1
2012-11-01 17:22:00.765226+00:00,5.63,12.1,18.39,98066.71491674472,4.5554454980492345,-140.0000698590014,5,1
2012-11-01 17:23:00.765221+00:00,5.63,12.1,18.39,98066.71491674472,4.5554454980492345,-140.0000698590014,5,3
2012-11-01 17:24:00.765217+00:00,5.63,12.1,18.39,98066.71491674472,4.5554454980492345,-140.0000698590014,5,1
2012-11-02 06:09:00.763211+00:00,0.0,0.0,0.0,947.835795341357,4.980432054027485,-141.57648796546238,1,1
2012-11-02 09:12:00.762373+00:00,6.88,14.63,22.2,508.55335232454667,6.825339174788536,-137.88667372394028,1,1
2012-11-02 16:45:00.762295+00:00,0.0,0.0,0.0,601402.1355204394,3.3896378915005783,-144.48307607139498,1,1
2012-11-02 17:23:00.762121+00:00,2.51,5.58,8.52,1123.6537248772638,11.890049073177975,-127.4822537080402,1,1
2012-11-02 22:48:00.760634+00:00,0.0,0.0,0.0,28409.904425141278,6.086215113245577,-139.089921627905,1,1
2012-11-03 06:06:00.759925+00:00,0.94,2.13,3.25,583.6692487216645,5.476141575000386,-139.94129535052306,1,1
2012-11-03 09:51:00.758895+00:00,0.0,0.0,0.0,1912.5621906669771,5.483165141254848,-139.92724821801414,1,1
2012-11-03 11:55:00.758327+00:00,7.42,15.71,23.81,21944.173379101292,3.3789317165178185,-144.1357150674882,2,1
2012-11-03 12:03:00.769686+00:00,7.42,15.71,23.81,12424.052117696414,-0.8494279668061615,-154.33117931116936,2,1
2012-11-03 14:04:00.769132+00:00,2.12,4.73,7.23,33172.646450762404,3.5703754625605724,-145.49157245243592,1,1
2012-11-03 20:31:00.767361+00:00,0.0,0.0,0.0,47306.43135584315,5.098755842146411,-142.43481169326427,1,1
2012-11-03 21:09:00.767187+00:00,0.0,0.0,0.0,1491.9453418516446,6.00644385888674,-140.61943565978356,1,1
2012-11-03 21:43:00.767031+00:00,0.0,0.0,0.0,1032.5091931382178,8.967180300217297,-134.69796277712246,1,1
2012-11-03 23:14:00.766615+00:00,0.78,1.76,2.69,2610.758938436453,4.5679324135870125,-143.49645855038298,2,1
2012-11-03 23:19:00.766592+00:00,0.78,1.76,2.69,2610.758938436453,4.5679324135870125,-143.49645855038298,2,1
2012-11-04 07:14:00.763913+00:00,9.98,20.81,31.48,930.4979324437672,8.091919774866438,-137.30124171895886,1,1
2012-11-04 18:38:00.761978+00:00,0.0,0.0,0.0,25056.068042885763,3.7789447897105872,-144.48062839079438,1,1
2012-11-04 22:02:00.761044+00:00,4.37,9.51,14.48,654.8186007066478,6.278749394313855,-139.48101918158787,1,1
2012-11-04 23:47:00.760564+00:00,0.78,1.76,2.69,1380.6257943041771,3.9558238340260417,-144.1268703021635,1,1
2012-11-05 00:09:00.762459+00:00,7.05,14.96,22.7,1228.0872028068145,2.8644856032518318,-146.36841308887398,1,1
2012-11-05 20:15:00.767134+00:00,0.0,0.0,0.0,2210.3776083335033,3.1087444463036857,-145.53327926376073,1,1
2012-11-06 16:09:00.765060+00:00,2.48,5.5,8.4,1214.3838295593382,4.191045114776896,-143.09237148366327,2,2
2012-11-06 19:48:00.764058+00:00,0.0,0.0,0.0,26014.00338019785,9.80517395517885,-131.86411380285938,1,1
2012-11-07 03:13:00.762816+00:00,2.55,5.66,8.64,6372.485313746333,4.7499052016596535,-144.51555215988094,1,1
2012-11-07 05:36:00.762162+00:00,0.0,0.0,0.0,2320876.3320114217,5.735681096672332,-142.54400036985558,1,1
2012-11-07 09:50:00.760999+00:00,7.05,14.96,22.7,137436.18851468968,9.181464954805529,-135.65243265358922,5,2
2012-11-07 09:51:00.760995+00:00,7.05,14.96,22.7,137436.18851468968,9.181464954805529,-135.65243265358922,5,2
2012-11-07 09:57:00.760967+00:00,7.05,14.96,22.7,137436.18851468968,9.181464954805529,-135.65243265358922,5,1
2012-11-08 14:27:00.765827+00:00,6.51,13.88,21.06,720.8096858695078,5.702978264783846,-141.5750202706271,1,1
2012-11-08 16:05:00.765378+00:00,4.41,9.6,14.62,21163.18853526275,3.431205080304612,-146.1185666395856,1,1
2012-11-08 22:35:00.763593+00:00,7.94,16.75,25.39,243802.0314095387,4.9629687864030405,-143.05503922738873,3,1
2012-11-08 22:40:00.763570+00:00,7.94,16.75,25.39,243802.0314095387,4.9629687864030405,-143.05503922738873,3,1
2012-11-08 22:41:00.763566+00:00,7.94,16.75,25.39,243802.0314095387,4.9629687864030405,-143.05503922738873,3,1
2012-11-08 23:11:00.763428+00:00,2.6,5.77,8.81,232352.0355132536,5.423840247090847,-142.13329630601314,3,1
2012-11-08 23:12:00.763424+00:00,2.6,5.77,8.81,232352.0355132536,5.423840247090847,-142.13329630601314,3,2
2012-11-09 04:07:00.764269+00:00,8.71,18.29,27.7,136683.32495746232,7.900879829913483,-137.57104680951136,4,1
2012-11-09 04:08:00.764265+00:00,8.71,18.29,27.7,136683.32495746232,7.900879829913483,-137.57104680951136,4,3
2012-11-09 06:12:00.763697+00:00,0.35,0.8,1.22,6215.766973415891,4.404484861222253,-144.5638367468938,2,1
2012-11-09 06:22:00.763651+00:00,0.0,0.0,0.0,6215.766973415891,4.404484861222253,-144.5638367468938,2,1
2012-11-09 07:48:00.763258+00:00,1.41,3.16,4.84,899.0683900964558,2.575792343554649,-148.221221782229,1,1
2012-11-09 08:08:00.763166+00:00,4.94,10.68,16.25,4229.734478604126,1.9065513301622703,-149.5597038090138,1,1
2012-11-09 19:00:00.760977+00:00,0.0,0.0,0.0,2014.699279552987,6.273295900060751,-142.2623215490733,1,1
2012-11-10 02:44:00.759449+00:00,5.0,10.8,16.43,611.4029815750922,5.466298743507378,-143.36585298741832,1,1
2012-11-10 19:01:00.766373+00:00,8.23,17.33,26.25,961.7369804553463,5.3485866155348285,-141.66014385963354,1,1
2012-11-11 03:33:00.765625+00:00,3.21,7.08,10.8,1240.6780855342745,5.3811709089945765,-143.68750966088126,1,1
2012-11-11 14:31:00.763209+00:00,0.0,0.0,0.0,1162.632354525026,5.395126438311023,-142.52317519712682,1,1
2012-11-11 18:58:00.761986+00:00,2.14,4.78,7.3,805.938699553544,6.6652202332216035,-139.98298760730563,2,1
2012-11-11 19:01:00.761973+00:00,2.14,4.78,7.3,805.938699553544,6.6652202332216035,-139.98298760730563,2,1
2012-11-11 21:11:00.761378+00:00,0.0,0.0,0.0,7681260.338009139,5.821106526473564,-141.6712150208017,1,1
2012-11-12 02:57:00.761890+00:00,0.0,0.0,0.0,15821.747609085196,5.202058218121693,-142.14546067567684,1,1
2012-11-12 06:37:00.760883+00:00,9.2,19.26,29.15,8763.485715298984,4.899848814168262,-142.74987948358367,1,1
2012-11-12 11:21:00.759583+00:00,2.58,5.73,8.75,1566.8569461012576,4.739381625219879,-143.07081386148047,1,1
2012-11-12 21:34:00.767272+00:00,7.92,16.72,25.33,772.2683694380164,4.181604565350311,-143.97463186211104,1,1
2012-11-12 22:50:00.766924+00:00,0.0,0.0,0.0,6849.420014653761,4.573398759059066,-143.19104347469352,1,1
2012-11-12 23:40:00.766696+00:00,0.0,0.02,0.01,1505.9353179380146,6.997155647211166,-138.34352969838935,1,1
2012-11-13 02:38:00.768122+00:00,0.0,0.0,0.0,3914.036976293097,3.787286643275918,-142.64103503060292,1,1
2012-11-13 06:12:00.767143+00:00,0.0,0.0,0.0,14361.174482927807,8.047177322782467,-134.12125367158978,1,1
2012-11-14 01:15:00.763757+00:00,0.0,0.02,0.0,669.5300134419682,2.7456448625681817,-148.64373996519416,1,1
2012-11-14 13:23:00.760520+00:00,5.68,12.2,18.53,2140.245812399663,3.5149866235245297,-141.84361148712978,1,1
2012-11-14 20:28:00.758575+00:00,4.24,9.23,14.06,1443.5021168382566,3.725771158227385,-141.4220424177241,1,1
2012-11-14 23:48:00.757659+00:00,3.87,8.48,12.92,14793.244953827541,3.5472916854374987,-141.77900136330385,1,1
2012-11-15 01:36:00.768806+00:00,7.05,14.96,22.7,588.2587334572934,7.347186832287313,-134.6285624527147,1,1
2012-11-15 04:50:00.767918+00:00,9.91,20.68,31.29,417746.95077004243,2.9818882425446933,-143.3591596321999,11,3
2012-11-15 04:51:00.767914+00:00,0.98,2.21,3.38,417746.95077004243,2.9818882425446933,-143.3591596321999,11,4
2012-11-15 04:52:00.767909+00:00,0.98,2.21,3.38,417746.95077004243,2.9818882425446933,-143.3591596321999,11,2
2012-11-15 04:54:00.767900+00:00,0.98,2.21,3.38,417746.95077004243,2.9818882425446933,-143.3591596321999,11,1
2012-11-15 04:57:00.767886+00:00,0.98,2.21,3.38,417746.95077004243,2.9818882425446933,-143.3591596321999,11,1
2012-11-15 05:15:00.767804+00:00,0.0,0.02,0.0,571.7183647985622,3.0806721149711,-143.1615918873471,1,1
2012-11-15 11:39:00.766046+00:00,5.4,11.64,17.69,7179.0673311332885,3.235529025747933,-142.85187806579344,1,1
2012-11-15 15:51:00.766743+00:00,0.0,0.0,0.0,25016.356106450297,4.694078609680607,-143.03396587058927,2,2
2012-11-15 16:05:00.766678+00:00,0.0,0.0,0.0,904.7863932358058,5.753572428580762,-140.91497823278894,1,1
2012-11-16 11:08:00.761242+00:00,0.68,1.54,2.36,13265.663314676565,5.738729724833901,-138.91894000486843,2,1
2012-11-16 11:09:00.761238+00:00,0.68,1.54,2.36,13265.663314676565,5.738729724833901,-138.91894000486843,2,1
2012-11-16 17:02:00.762017+00:00,5.66,12.16,18.49,2083.442867702508,3.5597162803953046,-137.8205430148964,1,1
2012-11-16 17:43:00.761830+00:00,3.19,7.04,10.75,6217.6009581986045,3.2480366251159163,-138.44390232545516,1,1
2012-11-16 17:57:00.761766+00:00,4.56,9.91,15.09,2565.411983651484,4.737222213914905,-135.46553114785718,1,1
2012-11-17 00:46:00.769735+00:00,8.26,17.4,26.36,1243.9524162699338,3.940962753085078,-141.0875518108849,1,1
2012-11-17 01:08:00.769634+00:00,10.32,21.5,32.51,529.7792521787743,3.7211365283246804,-141.52720426040563,1,1
2012-11-17 11:28:00.766796+00:00,0.0,0.0,0.0,2519.606043070705,3.316076943861593,-142.33732342933183,1,1
2012-11-17 18:34:00.767096+00:00,0.0,0.0,0.0,1910.52345496594,4.4951600366618125,-142.27689156701538,1,1
2012-11-17 18:50:00.767023+00:00,0.0,0.0,0.0,59636.139658992695,5.364482156153426,-140.53824732803213,1,1
2012-11-17 21:08:00.766391+00:00,0.0,0.0,0.0,770.3285235587907,7.223884610828187,-136.81944241868263,1,1
2012-11-18 02:21:00.765354+00:00,0.0,0.0,0.0,1124.2554582851699,4.7445043631230215,-143.069983913237,1,1
2012-11-18 11:57:00.762718+00:00,2.85,6.32,9.64,89349.79879347584,3.9941520878696712,-144.5706884637437,1,1
2012-11-18 17:38:00.762753+00:00,1.02,2.29,3.5,114217.01621724741,5.301431072376036,-143.8962755285375,2,1
2012-11-18 17:39:00.762748+00:00,1.02,2.29,3.5,114217.01621724741,5.301431072376036,-143.8962755285375,2,1
2012-11-18 20:41:00.761915+00:00,0.0,0.02,0.0,44178.0810595849,8.528704578478932,-137.44172851633172,1,1
2012-11-19 11:17:00.759501+00:00,1.98,4.43,6.77,1104.3468079467114,4.599028838595093,-145.1595230406616,2,1
2012-11-19 11:19:00.759492+00:00,1.98,4.43,6.77,1104.3468079467114,4.599028838595093,-145.1595230406616,2,1
2012-11-19 20:13:00.758343+00:00,2.42,5.39,8.23,11389.825020319393,6.468166158079156,-140.63084510519673,1,1
2012-11-20 01:18:00.766743+00:00,0.82,1.86,2.84,1068.0013570243386,2.2944673729758893,-149.8350240168631,1,1
2012-11-20 05:40:00.765544+00:00,8.45,17.77,26.91,19465.886604559993,5.022997942052154,-144.37796287871055,1,1
2012-11-20 06:47:00.765237+00:00,2.74,6.06,9.26,31989.379116622746,5.905865838862339,-142.61222708509018,1,1
2012-11-20 13:47:00.765210+00:00,6.16,13.17,20.0,528.8263146648495,5.88404767644505,-141.28500485777192,1,1
2012-11-20 16:41:00.764414+00:00,7.78,16.43,24.91,8571.895526682127,3.45374042866251,-146.145619353337,1,1
2012-11-20 18:51:00.763819+00:00,8.52,17.92,27.14,110000.29681143943,3.919405247588948,-145.21428971548409,2,1
2012-11-20 18:52:00.763814+00:00,8.52,17.92,27.14,110000.29681143943,3.919405247588948,-145.21428971548409,2,1
2012-11-20 19:51:00.763544+00:00,0.0,0.02,0.01,885.2686824902946,3.90875796327446,-145.2355842841131,1,1
2012-11-20 20:25:00.763388+00:00,2.84,6.28,9.59,100300.84073278356,3.9399023885455904,-145.17329543357081,3,1
2012-11-20 20:26:00.763384+00:00,2.84,6.28,9.59,100300.84073278356,3.9399023885455904,-145.17329543357081,3,2
2012-11-21 10:29:00.761421+00:00,2.31,5.15,7.87,1598.278527798275,4.810611184461879,-140.74749442290278,1,1
2012-11-21 11:04:00.761260+00:00,5.31,11.45,17.41,1399.8292277737164,4.67481074899844,-141.01909529382962,1,1
2012-11-21 11:31:00.761137+00:00,8.16,17.18,26.03,17719.077704652595,7.4917672796390224,-135.38518223254852,1,1
2012-11-21 12:58:00.760634+00:00,3.12,6.87,10.49,1485.5179329231494,6.183422391560823,-140.30851813990193,1,1
2012-11-21 14:38:00.760177+00:00,0.0,0.0,0.0,131581.22641558494,8.714904606064687,-135.2455537108942,1,1
2012-11-21 18:56:00.758996+00:00,7.64,16.15,24.49,964.7842649379156,5.00104748716689,-142.6732679486898,1,1
2012-11-21 21:48:00.758208+00:00,0.0,0.0,0.0,1355.0302763090735,4.42848879113108,-143.8183853407614,1,1
2012-11-22 03:13:00.769062+00:00,0.0,0.0,0.0,557.3876389491546,3.7149328627802016,-147.09088828420167,1,1
2012-11-22 04:32:00.768701+00:00,9.08,19.02,28.8,811.8071024530427,8.962681965632727,-136.59539007849662,1,1
2012-11-22 05:07:00.768540+00:00,0.0,0.02,0.0,2256.298507922752,5.05504515424555,-144.41066370127095,1,1
2012-11-22 06:19:00.768211+00:00,8.16,17.18,26.03,1120.4828410508212,4.454852750013567,-145.61104850973499,11,1
2012-11-22 06:20:00.768206+00:00,4.98,10.77,16.39,1120.4828410508212,4.454852750013567,-145.61104850973499,11,1
2012-11-22 06:21:00.768202+00:00,4.98,10.77,16.39,1120.4828410508212,4.454852750013567,-145.61104850973499,11,1
2012-11-22 06:23:00.768192+00:00,4.98,10.77,16.39,1120.4828410508212,4.454852750013567,-145.61104850973499,11,1
2012-11-22 06:24:00.768188+00:00,4.98,10.77,16.39,1120.4828410508212,4.454852750013567,-145.61104850973499,11,3
2012-11-22 06:25:00.768183+00:00,4.98,10.77,16.39,1120.4828410508212,4.454852750013567,-145.61104850973499,11,1
2012-11-22 06:26:00.768179+00:00,4.98,10.77,16.39,1120.4828410508212,4.454852750013567,-145.61104850973499,11,2
2012-11-22 06:27:00.768174+00:00,4.98,10.77,16.39,1120.4828410508212,4.454852750013567,-145.61104850973499,11,1
2012-11-22 17:15:00.764758+00:00,0.0,0.0,0.0,6526.566392759332,3.796933905901685,-145.4136916043951,1,1
2012-11-23 15:22:00.762175+00:00,7.9,16.68,25.28,29908.278713983647,10.944991669087566,-132.24700826000588,1,1
2012-11-23 17:48:00.761507+00:00,0.0,0.0,0.0,1423.4303872551475,2.9751627444391904,-148.18666610930262,1,1
2012-11-23 18:52:00.761214+00:00,0.0,0.0,0.0,569.8430619900638,4.088024570469259,-145.9609424572425,1,1
2012-11-24 01:43:00.759728+00:00,0.0,0.0,0.0,667.0041643433854,8.632243010456888,-139.9978195533479,1,1
2012-11-24 06:42:00.758360+00:00,0.0,0.02,0.0,992.1854667404384,4.1485969280968416,-148.96511171806802,1,1
2012-11-24 08:53:00.757760+00:00,9.66,20.18,30.54,5111.007802550401,8.048274019321632,-141.1657575356184,1,1
2012-11-24 09:30:00.757591+00:00,3.4,7.48,11.4,766.1898289676715,4.61925471299317,-148.02379614827538,1,1
2012-11-24 12:04:00.767782+00:00,0.0,0.0,0.0,607.8842840358077,-1.7395273893119805,-159.18720375666055,1,1
2012-11-24 13:24:00.767415+00:00,0.0,0.0,0.0,923.1471919882193,3.527753261660954,-148.65264245471468,1,1
2012-11-24 14:37:00.767081+00:00,0.0,0.0,0.0,978.8026963518877,3.904804125098911,-147.89854072783874,1,1
2012-11-25 00:27:00.766676+00:00,0.0,0.0,0.0,968.5345235473038,7.313928827731535,-141.4963856982716,1,1
2012-11-25 01:32:00.766379+00:00,0.0,0.0,0.0,618.7646327342952,3.820382636780197,-148.48347808017428,1,1
2012-11-25 01:42:00.766333+00:00,0.0,0.0,0.0,1199.5650022319298,15.322761587176926,-125.47872017938084,1,1
2012-11-25 07:19:00.764790+00:00,7.55,15.98,24.23,1330.5875043351493,6.142066354163357,-143.84011064540798,2,1
2012-11-25 07:22:00.764777+00:00,7.55,15.98,24.23,1330.5875043351493,6.142066354163357,-143.84011064540798,2,1
2012-11-25 07:48:00.764658+00:00,9.46,19.78,29.93,2023.5374857008328,5.076745662369186,-145.97075202899632,2,1
2012-11-25 07:49:00.764653+00:00,9.46,19.78,29.93,2023.5374857008328,5.076745662369186,-145.97075202899632,2,1
2012-11-25 17:11:00.763276+00:00,6.57,14.01,21.26,757.0441892674972,3.7329116225770984,-146.80068506169232,1,1
2012-11-25 19:14:00.762713+00:00,0.0,0.0,0.0,1228.6311711279875,5.555937496114316,-143.15463331461788,1,1
2012-11-25 20:36:00.762338+00:00,10.3,21.45,32.44,5715.653595984402,5.339369772132084,-143.58776876258239,1,1
2012-11-25 21:12:00.762173+00:00,8.28,17.44,26.42,2187.3973949078554,7.2237669497671835,-139.81897440731217,2,2
2012-11-26 05:11:00.761276+00:00,5.88,12.6,19.15,3062.4903176266,6.0670617730012895,-138.828754266543,1,1
2012-11-26 06:39:00.760873+00:00,1.61,3.61,5.51,1594.668175691475,5.493004256585939,-139.9768692993737,1,1
2012-11-26 07:21:00.760681+00:00,10.26,21.37,32.31,232651.0340417303,4.1055326863331185,-142.7518124398793,1,1
2012-11-26 08:24:00.760393+00:00,1.81,4.06,6.2,3042.0207563901117,4.210060911457778,-142.54275598963002,1,1
2012-11-26 11:54:00.759432+00:00,0.0,0.0,0.0,14952.496739368347,3.6873465641002543,-143.5881846843451,1,1
2012-11-26 18:32:00.767806+00:00,2.51,5.58,8.52,617.5452966873961,4.390509696833819,-145.18847411074933,1,1
2012-11-26 23:52:00.766341+00:00,0.0,0.0,0.0,1028.6292549177394,4.200149084051745,-145.56919533631347,1,1
2012-11-27 07:35:00.765817+00:00,7.5,15.88,24.07,229734.5886152017,4.284549184128012,-144.0612926377494,13,2
2012-11-27 07:36:00.765813+00:00,7.5,15.88,24.07,229734.5886152017,4.284549184128012,-144.0612926377494,13,3
2012-11-27 07:37:00.765808+00:00,7.5,15.88,24.07,229734.5886152017,4.284549184128012,-144.0612926377494,13,2
2012-11-27 07:38:00.765803+00:00,7.5,15.88,24.07,229734.5886152017,4.284549184128012,-144.0612926377494,13,3
2012-11-27 07:39:00.765799+00:00,7.5,15.88,24.07,229734.5886152017,4.284549184128012,-144.0612926377494,13,1
2012-11-27 07:40:00.765794+00:00,7.5,15.88,24.07,229734.5886152017,4.284549184128012,-144.0612926377494,13,2
2012-11-27 14:44:00.765649+00:00,0.0,0.0,0.0,7698.392046144801,10.480259784850348,-132.83187544274188,1,1
2012-11-27 15:35:00.765416+00:00,0.0,0.0,0.0,792.672241890755,5.783619797628527,-142.22515541718553,2,1
2012-11-27 15:36:00.765411+00:00,0.0,0.0,0.0,792.672241890755,5.783619797628527,-142.22515541718553,2,1
2012-11-27 15:52:00.765338+00:00,7.25,15.36,23.3,2274.716454332995,5.050213096219137,-143.69196882000432,4,1
2012-11-27 15:53:00.765333+00:00,7.25,15.36,23.3,2274.716454332995,5.050213096219137,-143.69196882000432,4,1
2012-11-27 15:54:00.765329+00:00,7.25,15.36,23.3,2274.716454332995,5.050213096219137,-143.69196882000432,4,1
2012-11-27 15:55:00.765324+00:00,7.25,15.36,23.3,2274.716454332995,5.050213096219137,-143.69196882000432,4,1
2012-11-27 16:14:00.765237+00:00,8.12,17.11,25.92,660.7506696021494,4.430372189836778,-144.931650632769,2,1
2012-11-27 16:15:00.765233+00:00,8.12,17.11,25.92,660.7506696021494,4.430372189836778,-144.931650632769,2,1
2012-11-27 16:54:00.765054+00:00,8.05,16.97,25.71,1042.3362564767747,4.449192159698965,-144.89401069304463,1,1
2012-11-28 01:34:00.762970+00:00,5.03,10.87,16.53,2721.205554998973,5.624387260921049,-142.10807271298393,1,1
2012-11-28 04:22:00.762201+00:00,2.84,6.28,9.59,709.5579457750198,5.5864090404941225,-142.18402915383777,1,1
2012-11-28 20:05:00.758380+00:00,0.0,0.0,0.0,1728.5709367329598,3.6267818225511657,-143.98104879537524,1,1
2012-11-28 22:59:00.757583+00:00,4.61,10.0,15.23,132706.33110969447,5.101980203561199,-141.03065203335518,2,2
2012-11-28 23:23:00.757473+00:00,0.0,0.0,0.0,236558.45696615495,5.196564898290365,-140.84148264389685,1,1
2012-11-29 07:03:00.767709+00:00,3.52,7.74,11.8,2119.037724115312,2.8546552550929456,-145.8482863434493,1,1
2012-11-29 08:03:00.767435+00:00,0.0,0.02,0.01,1024.1872706781116,6.860778920008631,-137.836039013618,1,1
2012-11-29 18:41:00.765364+00:00,7.92,16.72,25.33,208482.20451450406,4.660573870888182,-140.9198050958869,3,1
2012-11-29 18:42:00.765360+00:00,7.92,16.72,25.33,208482.20451450406,4.660573870888182,-140.9198050958869,3,2
2012-11-30 16:12:00.762046+00:00,5.51,11.85,18.02,3426.210573371252,5.019930031747143,-144.2729396432326,1,1
2012-11-30 16:25:00.761987+00:00,0.0,0.0,0.0,12068.874721948068,4.362441031118351,-145.58791764449018,2,1
2012-11-30 16:26:00.761982+00:00,0.0,0.0,0.0,12068.874721948068,4.362441031118351,-145.58791764449018,2,1
2012-11-30 16:47:00.761886+00:00,2.85,6.32,9.64,627.501862297639,7.3048417383729864,-139.70311622998088,1,1
2012-11-30 22:59:00.760183+00:00,2.51,5.58,8.52,576.3026135083427,9.495461471656123,-135.32187676341462,1,1
2012-12-01 02:53:00.769154+00:00,0.0,0.0,0.0,1388.187859332169,2.6299133361664757,-150.53159171284702,1,1
2012-12-01 05:56:00.768316+00:00,10.36,21.58,32.64,2426.833590138845,6.777015950785327,-142.23738648360933,1,1
2012-12-01 07:27:00.767900+00:00,0.0,0.0,0.0,3728.730164632271,3.6414431000246,-148.50853218513078,1,1
2012-12-01 07:53:00.767780+00:00,1.46,3.28,5.01,4688.973589871559,5.570231606916797,-144.6509551713464,1,1
2012-12-01 14:35:00.766790+00:00,2.49,5.54,8.46,6066.342673797522,5.71661050697749,-142.7319649881341,1,1
2012-12-02 00:44:00.765799+00:00,2.56,5.69,8.7,962.4730939799024,2.866736011837053,-149.4282527017109,1,1
2012-12-02 00:58:00.765734+00:00,2.67,5.92,9.04,1951.9063889323734,6.1402509491920805,-142.88122282700084,1,1
2012-12-02 06:19:00.764265+00:00,0.0,0.0,0.0,1841.9199612023936,5.567780244439605,-144.02616423650582,1,1
2012-12-02 06:29:00.764219+00:00,0.0,0.0,0.0,20275.15025425252,20.075924645617707,-115.00987543414959,1,1
2012-12-02 07:42:00.763885+00:00,7.75,16.36,24.8,1672.8139996291648,5.3444002222397105,-144.4729242809056,2,2
2012-12-02 13:47:00.764210+00:00,0.0,0.0,0.0,2065.4000173889667,4.981743114691224,-142.08548137812573,1,1
2012-12-02 17:39:00.763148+00:00,0.0,0.0,0.0,1971.4660812248292,7.5574644090058545,-136.93403878949647,1,1
2012-12-02 21:27:00.762104+00:00,9.28,19.42,29.39,869.0747276727808,3.603514951604621,-144.84193770429894,1,1
2012-12-03 04:30:00.760364+00:00,0.0,0.0,0.0,1168.7201346344063,5.046303544460383,-146.29425325407342,1,1
2012-12-03 10:48:00.758634+00:00,0.0,0.0,0.0,28274.08140988627,3.0454841289219914,-150.29589208515023,1,1
2012-12-03 15:02:00.768367+00:00,0.0,0.0,0.0,1301.2204330358902,2.116966268392373,-152.59353425741062,1,1
2012-12-03 15:39:00.768197+00:00,8.75,18.37,27.81,2159.128853889865,3.34496146543078,-150.13754386333383,1,1
2012-12-03 16:20:00.768010+00:00,2.6,5.77,8.81,1068.8931563592455,5.143690639529803,-146.54008551513581,1,1
2012-12-03 19:40:00.767094+00:00,8.79,18.45,27.93,856.081346136751,5.930455895920505,-144.96655500235443,1,1
2012-12-04 02:59:00.767326+00:00,0.0,0.0,0.0,5433.412190719853,3.5438791669270837,-147.13992745538988,1,1
2012-12-04 04:33:00.766896+00:00,9.08,19.02,28.8,610475.4967687712,2.851994783911831,-148.5236962214204,1,1
2012-12-04 05:13:00.766713+00:00,10.28,21.41,32.38,618.4834807867189,3.351125105034385,-147.52543557917528,1,1
2012-12-04 06:17:00.766420+00:00,8.77,18.41,27.87,28661.945476948433,4.295773649531359,-145.63613849018134,1,1
2012-12-04 13:20:00.765734+00:00,3.57,7.84,11.95,1298.3687601177207,4.9506372457857095,-138.2965790032483,1,1
2012-12-05 01:30:00.762488+00:00,0.0,0.0,0.0,2233.3063371139665,5.474782562268682,-140.3416366255291,1,1
2012-12-05 02:14:00.762287+00:00,8.05,16.97,25.71,2683.9902397692067,2.992796535531243,-145.30560867900397,1,1
2012-12-05 07:06:00.760950+00:00,0.01,0.02,0.03,568.6947969527207,5.21613104379848,-140.8589396624695,1,1
2012-12-05 15:57:00.760015+00:00,8.75,18.37,27.81,267277.96914686647,4.343690651269287,-143.0943549536464,1,1
2012-12-05 16:12:00.759946+00:00,0.0,0.0,0.0,579.0384635073042,4.048533873941723,-143.68466850830146,1,1
2012-12-05 17:42:00.759534+00:00,6.07,12.98,19.72,1252.4751609412986,5.493772752909673,-140.79419075036557,1,1
2012-12-05 20:27:00.758779+00:00,7.61,16.08,24.38,1310.8738572323618,5.57309238351352,-140.63555148915788,1,1
2012-12-05 22:09:00.758312+00:00,0.0,0.0,0.0,2334.181373864762,4.9848715191919135,-141.8119932178011,1,1
2012-12-06 05:57:00.766912+00:00,4.18,9.11,13.87,7625.633159143957,6.624488142867892,-138.6711676144975,1,1
2012-12-06 21:45:00.763322+00:00,7.75,16.36,24.8,2822.637115663149,5.696770633336064,-142.2625215287625,1,1
2012-12-06 22:51:00.763020+00:00,0.0,0.0,0.0,543.5143029328683,7.970557937126228,-137.71494692118216,1,1
2012-12-06 23:18:00.762896+00:00,9.79,20.43,30.91,1583.3361142789554,7.02707671734093,-139.60190936075279,2,1
2012-12-06 23:25:00.762864+00:00,9.79,20.43,30.91,1583.3361142789554,7.02707671734093,-139.60190936075279,2,1
2012-12-07 01:07:00.763793+00:00,0.24,0.53,0.81,1749.4880213321771,3.6130638986153967,-145.06588019565234,1,1
2012-12-07 05:57:00.762466+00:00,6.56,13.97,21.21,2491.564501342718,4.974613170473576,-142.34278165193598,2,2
2012-12-07 06:28:00.762324+00:00,10.34,21.54,32.57,794.7496843454561,6.054156770972488,-140.18369445093813,1,1
2012-12-07 08:24:00.761793+00:00,8.01,16.9,25.6,138179.65172083807,4.779227835861279,-142.73355232116057,13,3
2012-12-07 08:25:00.761788+00:00,8.01,16.9,25.6,138179.65172083807,4.779227835861279,-142.73355232116057,13,2
2012-12-07 08:26:00.761784+00:00,8.01,16.9,25.6,138179.65172083807,4.779227835861279,-142.73355232116057,13,3
2012-12-07 08:27:00.761779+00:00,8.01,16.9,25.6,138179.65172083807,4.779227835861279,-142.73355232116057,13,1
2012-12-07 08:28:00.761775+00:00,8.01,16.9,25.6,138179.65172083807,4.779227835861279,-142.73355232116057,13,3
2012-12-07 08:29:00.761770+00:00,8.01,16.9,25.6,138179.65172083807,4.779227835861279,-142.73355232116057,13,1
2012-12-07 08:41:00.761715+00:00,4.04,8.82,13.44,1229.140092061025,11.866664529457905,-128.55867893396731,14,2
2012-12-07 08:42:00.761710+00:00,4.04,8.82,13.44,1229.140092061025,11.866664529457905,-128.55867893396731,14,2
2012-12-07 08:43:00.761706+00:00,4.04,8.82,13.44,1229.140092061025,11.866664529457905,-128.55867893396731,14,2
2012-12-07 08:44:00.761701+00:00,4.04,8.82,13.44,1229.140092061025,11.866664529457905,-128.55867893396731,14,2
2012-12-07 08:45:00.761697+00:00,4.04,8.82,13.44,1229.140092061025,11.866664529457905,-128.55867893396731,14,2
2012-12-07 08:46:00.761692+00:00,4.04,8.82,13.44,1229.140092061025,11.866664529457905,-128.55867893396731,14,2
2012-12-07 08:47:00.761688+00:00,4.04,8.82,13.44,1229.140092061025,11.866664529457905,-128.55867893396731,14,2
2012-12-07 17:02:00.761517+00:00,8.75,18.37,27.81,886.50571087527,5.767138624832706,-139.47415751528436,1,1
2012-12-08 05:32:00.758780+00:00,9.85,20.56,31.1,1197.807422255605,6.980791590943482,-139.37552013940396,1,1
2012-12-08 08:11:00.758052+00:00,0.0,0.0,0.0,957.162286214171,5.014192359413853,-143.30871860246322,1,1
2012-12-08 10:07:00.757521+00:00,3.24,7.14,10.9,1292.2352062149464,5.151158029751897,-143.03478726178713,1,1
2012-12-08 15:29:00.768043+00:00,0.0,0.0,0.0,537061.4622996125,7.304196223425358,-141.19057299003111,2,1
2012-12-08 15:30:00.768039+00:00,0.0,0.0,0.0,537061.4622996125,7.304196223425358,-141.19057299003111,2,1
2012-12-09 03:39:00.763797+00:00,2.79,6.17,9.42,3961.8957441774896,4.352382121029572,-146.79678870458184,1,1
2012-12-09 03:55:00.763724+00:00,4.92,10.65,16.2,1616.4245751459878,2.060159475769552,-151.38123399510187,1,1
2012-12-09 07:26:00.762758+00:00,0.0,0.0,0.0,725.2705941968843,8.1807628155444,-139.14002731555215,1,1
2012-12-09 09:13:00.762269+00:00,0.0,0.0,0.0,879.2474156070124,8.30080013754724,-138.8999526715465,1,1
2012-12-09 09:41:00.762140+00:00,1.49,3.33,5.1,12373.88344369152,4.5096603800874275,-146.48223218646612,1,1
2012-12-09 13:29:00.763693+00:00,2.08,4.65,7.1,18566.379416338597,5.946184548622887,-141.99704857067738,1,1
2012-12-09 18:05:00.762429+00:00,0.0,0.02,0.0,507.908957988479,5.522159153264228,-142.8450993613947,1,1
2012-12-09 20:13:00.761843+00:00,3.74,8.19,12.49,973.6049199804288,3.527029941898662,-146.83535778412582,4,3
2012-12-09 20:14:00.761839+00:00,3.74,8.19,12.49,973.6049199804288,3.527029941898662,-146.83535778412582,4,1
2012-12-10 01:01:00.760421+00:00,7.59,16.05,24.33,6202.293806996379,3.9786000869347364,-148.42631240807532,1,1
2012-12-10 01:27:00.760302+00:00,1.49,3.33,5.1,623.0186602197352,3.405590971738665,-149.57233063846746,1,1
2012-12-10 01:54:00.760178+00:00,4.77,10.34,15.74,737.5270387353909,4.086524338948033,-148.21046390404868,1,1
2012-12-10 02:48:00.759931+00:00,3.0,6.63,10.12,1437.099653346476,4.197328512236433,-147.98885555747194,1,1
2012-12-10 05:12:00.759272+00:00,2.31,5.15,7.87,1966.0671245174053,3.302781890981509,-149.77794879998174,1,1
2012-12-10 07:02:00.758768+00:00,9.91,20.68,31.29,2079.759634721177,3.086241415493533,-150.21102975095772,1,1
2012-12-10 08:45:00.758297+00:00,0.0,0.0,0.0,42933.60780101755,3.4485254236803278,-149.4864617345841,1,1
2012-12-10 13:14:00.768461+00:00,2.42,5.39,8.23,2528.656685255004,2.4560316938516227,-150.17840348821204,1,1
2012-12-10 19:36:00.766713+00:00,0.0,0.0,0.0,77739.56509143731,1.9846711416799596,-151.12112459255542,1,1
2012-12-11 01:00:00.767525+00:00,0.0,0.0,0.0,1242.2060190197162,4.440980238259125,-145.093490895996,1,1
2012-12-11 14:50:00.764222+00:00,1.68,3.76,5.75,45281.516572278524,3.4051551278592718,-142.57381453164675,2,1
2012-12-11 14:55:00.764199+00:00,1.68,3.76,5.75,45281.516572278524,3.4051551278592718,-142.57381453164675,2,1
2012-12-11 15:45:00.763970+00:00,5.97,12.79,19.43,2068205.24944907,2.839649039938743,-143.70482670748783,1,1
2012-12-11 16:05:00.763878+00:00,0.0,0.0,0.0,761.8657532240852,3.6280904446721194,-142.12794389802104,1,1
2012-12-11 20:42:00.762610+00:00,2.28,5.07,7.74,35864.639355877785,6.114961296413747,-137.1542021945378,1,1
2012-12-11 22:35:00.762093+00:00,0.0,0.0,0.0,786.5767848834047,2.4023848451240735,-144.57935509711712,1,1
2012-12-12 10:03:00.759840+00:00,2.02,4.52,6.9,71751.52795576362,4.0795917673122934,-145.11845299460043,1,1
2012-12-12 13:55:00.760674+00:00,5.51,11.85,18.02,560.6082946546463,5.584220344361694,-140.4965762901167,1,1
2012-12-12 14:23:00.760545+00:00,7.37,15.6,23.66,3332.4566888068925,4.245697066308623,-143.17362284622283,1,1
2012-12-12 17:04:00.759808+00:00,1.72,3.86,5.91,1907.2449316248776,2.116522239916529,-147.43197249900703,1,1
2012-12-12 23:36:00.758014+00:00,5.5,11.82,17.97,1176.4947493843185,6.21689779783134,-139.23122138317743,1,1
2012-12-13 01:49:00.767747+00:00,4.64,10.06,15.32,2177.8274373073955,6.7223534167337125,-136.73031960442975,1,1
2012-12-13 07:12:00.766268+00:00,0.0,0.02,0.0,512.8526650130999,6.263219927038202,-137.64858658382076,1,1
2012-12-13 09:55:00.765522+00:00,2.85,6.32,9.64,1024.1506297121098,4.649647245469406,-140.87573194695838,2,1
2012-12-13 09:56:00.765517+00:00,5.45,11.73,17.83,1024.1506297121098,4.649647245469406,-140.87573194695838,2,1
2012-12-13 22:17:00.762876+00:00,0.0,0.02,0.0,1751.2395162191626,5.360271702531677,-137.22593949940202,1,1
2012-12-14 01:37:00.764356+00:00,9.93,20.73,31.35,234835.4378865368,2.322721407643039,-139.26199112553994,1,1
2012-12-14 10:49:00.761829+00:00,7.68,16.22,24.59,1017.8902331467407,3.8976910068336967,-136.11205192715863,1,1
2012-12-15 08:27:00.767625+00:00,4.19,9.14,13.92,4345.938295226741,4.9462273872697375,-137.3224998317537,1,1
2012-12-15 14:11:00.767500+00:00,5.42,11.67,17.74,1060.8349883504347,4.8871104702238295,-139.62973270187106,1,1
2012-12-15 14:25:00.767436+00:00,6.75,14.37,21.8,931.200947937858,6.2031628159972785,-136.99762801032415,1,1
2012-12-15 18:50:00.766223+00:00,0.0,0.0,0.0,111670.44614825316,4.607940465810637,-140.1880727106974,1,1
2012-12-16 02:31:00.765609+00:00,5.76,12.35,18.77,99054.10051036348,4.729677183247577,-138.07878013414663,7,1
2012-12-16 02:32:00.765604+00:00,5.76,12.35,18.77,99054.10051036348,4.729677183247577,-138.07878013414663,7,2
2012-12-16 02:33:00.765600+00:00,5.76,12.35,18.77,99054.10051036348,4.729677183247577,-138.07878013414663,7,3
2012-12-16 02:34:00.765595+00:00,5.76,12.35,18.77,99054.10051036348,4.729677183247577,-138.07878013414663,7,1
2012-12-16 15:54:00.761729+00:00,8.73,18.33,27.76,160391.78730282257,5.380878043794882,-138.74998336572247,2,2
2012-12-16 21:51:00.760095+00:00,4.24,9.23,14.06,40137.390081628284,3.7779290704453703,-141.9558813124215,6,2
2012-12-16 21:52:00.760090+00:00,4.24,9.23,14.06,40137.390081628284,3.7779290704453703,-141.9558813124215,6,3
2012-12-16 21:53:00.760085+00:00,4.24,9.23,14.06,40137.390081628284,3.7779290704453703,-141.9558813124215,6,1
2012-12-17 00:24:00.761390+00:00,0.0,0.0,0.0,1051.3726368073892,4.551326421757482,-141.75418998414014,1,1
2012-12-17 04:44:00.760200+00:00,6.88,14.63,22.2,2882761.7527214573,5.872546379324688,-139.11175006900572,4,3
2012-12-17 04:45:00.760195+00:00,6.88,14.63,22.2,2882761.7527214573,5.872546379324688,-139.11175006900572,4,1
2012-12-17 07:55:00.759326+00:00,7.8,16.47,24.96,2490.997706198604,4.216899204920802,-142.42304441781354,2,1
2012-12-17 07:56:00.759321+00:00,7.8,16.47,24.96,2490.997706198604,4.216899204920802,-142.42304441781354,2,1
2012-12-17 14:15:00.759582+00:00,2.46,5.46,8.35,2544.6241914025877,3.4894929919990503,-142.92906100457034,1,1
2012-12-18 01:14:00.766361+00:00,0.0,0.0,0.0,508.28862469530196,5.278951596400941,-143.6510754319689,1,1
2012-12-18 06:28:00.764924+00:00,0.0,0.0,0.0,45684.830872149134,7.130065337882465,-139.94884794900585,1,1
2012-12-18 22:33:00.761402+00:00,4.09,8.92,13.59,1119.185407675595,6.426001943263102,-136.98317278280751,2,2
2012-12-19 01:31:00.762783+00:00,9.6,20.06,30.35,615.2681839639016,6.52335479589467,-137.97779970603492,1,1
2012-12-19 04:25:00.761987+00:00,4.92,10.65,16.2,142968.15922835915,4.314440347104834,-142.39562860361457,3,2
2012-12-19 04:26:00.761982+00:00,4.92,10.65,16.2,142968.15922835915,4.314440347104834,-142.39562860361457,3,1
2012-12-20 04:11:00.768397+00:00,2.31,5.15,7.87,1201.6861928946314,4.720378529567462,-139.01459266211515,1,1
2012-12-20 10:11:00.766749+00:00,1.79,4.01,6.13,2034.87666505238,5.810856982836432,-136.8336357555772,1,1
2012-12-20 10:39:00.766621+00:00,0.0,0.02,0.01,9637.611822289746,3.6227638567970426,-141.20982200765602,1,1
2012-12-20 12:11:00.765450+00:00,7.99,16.86,25.55,592.2934705421246,4.7368169349853675,-140.04045798278824,1,1
2012-12-20 15:57:00.764415+00:00,8.19,17.26,26.14,7691.3219235432625,5.801547879100185,-137.9109960945586,1,1
2012-12-20 22:11:00.762703+00:00,0.0,0.0,0.0,5952.101813755246,4.190769680811286,-141.1325524911364,1,1
2012-12-21 10:53:00.761911+00:00,5.36,11.54,17.55,749150.9718995456,4.688458945932412,-137.61190143369382,4,2
2012-12-21 10:54:00.761906+00:00,5.36,11.54,17.55,749150.9718995456,4.688458945932412,-137.61190143369382,4,2
2012-12-21 19:21:00.759681+00:00,1.81,4.06,6.2,4811.853890719306,5.049605245649085,-139.01957851545095,1,1
2012-12-22 02:00:00.768796+00:00,8.86,18.6,28.16,27104.45281644308,4.369128747887416,-141.17841112850203,1,1
2012-12-22 04:27:00.768123+00:00,6.03,12.92,19.62,604.1896652790217,2.6620415549454663,-144.59258551438592,1,1
2012-12-22 09:42:00.766682+00:00,0.44,0.99,1.52,1382.1540810918743,5.175711655156508,-139.56524531396386,1,1
2012-12-22 14:12:00.767096+00:00,6.83,14.53,22.05,3490.0567608091346,5.902018439142523,-139.89123501345964,1,1
2012-12-22 14:47:00.766935+00:00,0.0,0.02,0.0,1391.2365318108475,6.695976067883887,-138.3033197559769,1,1
2012-12-22 22:07:00.764921+00:00,9.38,19.62,29.69,544.7478991551949,4.135084448296702,-143.42510299515126,2,1
2012-12-22 22:11:00.764903+00:00,9.38,19.62,29.69,544.7478991551949,4.135084448296702,-143.42510299515126,2,1
2012-12-23 05:06:00.765099+00:00,9.14,19.14,28.97,2526.990207765317,5.779735651337779,-138.37959848760866,1,1
2012-12-23 06:25:00.764738+00:00,8.71,18.29,27.7,1236.2775125671792,4.7460888433145305,-140.44689210365516,1,1
2012-12-23 06:40:00.764669+00:00,4.65,10.1,15.37,1559.0262557537546,3.205831865417542,-143.5274060594491,3,1
2012-12-23 06:48:00.764632+00:00,7.16,15.2,23.05,1559.0262557537546,3.8366048324570823,-142.2658601253701,5,2
2012-12-23 06:50:00.764623+00:00,7.16,15.2,23.05,3662.2066087486023,3.5212183489373117,-142.89663309240964,4,1
2012-12-23 06:51:00.764619+00:00,7.16,15.2,23.05,3662.2066087486023,3.5212183489373117,-142.89663309240964,4,1
2012-12-23 11:00:00.763479+00:00,9.76,20.39,30.85,1711.7727511198475,5.747363454569952,-138.4443428811443,1,1
2012-12-23 13:21:00.763929+00:00,2.1,4.69,7.17,91320.97755622637,7.591752498242239,-136.80852081524984,1,1
2012-12-23 14:07:00.763719+00:00,3.12,6.87,10.49,1360.9733309578994,7.03931694197581,-137.9133919277827,2,1
2012-12-23 14:11:00.763700+00:00,3.1,6.84,10.44,1360.9733309578994,7.03931694197581,-137.9133919277827,2,1
2012-12-23 14:35:00.763590+00:00,6.52,13.91,21.11,810.5857326258375,4.3520092508738975,-143.28800730998654,2,1
2012-12-23 14:36:00.763586+00:00,6.52,13.91,21.11,810.5857326258375,4.3520092508738975,-143.28800730998654,2,1
2012-12-23 14:56:00.763494+00:00,4.8,10.4,15.83,716.5183060235101,6.004754786083094,-139.98251623956813,1,1
2012-12-23 15:09:00.763435+00:00,2.94,6.49,9.91,701.8734763983466,5.435911786344935,-141.12020223904443,1,1
2012-12-23 15:45:00.763270+00:00,7.92,16.72,25.33,922.3887975944381,5.691840639330961,-140.60834453307243,1,1
2012-12-23 18:45:00.762446+00:00,5.97,12.79,19.43,1193.8716943305487,4.449860629528337,-143.09230455267763,1,1
2012-12-24 00:35:00.761440+00:00,0.0,0.0,0.0,1025.4440490919915,5.702517593393344,-142.59688364349722,1,1
2012-12-24 02:49:00.760826+00:00,0.0,0.0,0.0,2752.705933085244,5.993535604750639,-142.01484762078263,1,1
2012-12-24 05:15:00.760158+00:00,0.0,0.0,0.0,928.6389891206744,5.602249777463172,-142.79741927535758,1,1
2012-12-24 08:11:00.759352+00:00,0.94,2.13,3.25,875.1886411377666,5.00818636492561,-143.98554610043269,1,1
2012-12-24 22:23:00.766048+00:00,8.75,18.37,27.81,1119.1176856315042,5.251091738404232,-141.26913277950425,1,1
2012-12-25 04:19:00.766014+00:00,10.39,21.63,32.7,2319.0209671862044,4.6982794322307875,-139.7667941639193,1,1
2012-12-25 04:44:00.765900+00:00,6.87,14.6,22.15,495950.033560658,3.188477122512478,-142.7863987833559,1,1
2012-12-25 04:55:00.765850+00:00,3.02,6.67,10.18,171440.46025859436,4.631899343875544,-139.89955434062978,1,1
2012-12-26 17:01:00.759422+00:00,8.05,16.97,25.71,24590.809380854284,2.270864695964398,-144.69500906945242,1,1
2012-12-26 19:27:00.758754+00:00,8.23,17.33,26.25,797.8602125745067,3.6219236377149295,-141.9928911859514,1,1
2012-12-26 21:08:00.758291+00:00,8.71,18.29,27.7,4599.742641286035,4.785371996452363,-139.66599446847653,1,1
2012-12-26 21:33:00.758177+00:00,10.3,21.45,32.44,2260.0803174082184,4.6491093072823135,-139.93851984681663,1,1
2012-12-26 23:00:00.757779+00:00,5.31,11.45,17.41,1101.030995148403,7.161422660102753,-134.91389314117578,1,1
2012-12-27 02:45:00.767690+00:00,5.28,11.39,17.32,532.5731793289727,4.683486775918165,-137.12907575496808,1,1
2012-12-27 15:23:00.764471+00:00,6.13,13.11,19.91,2257.7364305697447,2.9133055462701494,-140.67707678065776,1,1
2012-12-28 07:06:00.761550+00:00,8.32,17.51,26.53,3652.485143124908,4.311293840872997,-138.90758351957464,1,1
2012-12-28 10:03:00.760740+00:00,9.64,20.14,30.48,1180.4907057010378,5.085743341559416,-137.35868451820178,2,1
2012-12-28 10:07:00.760721+00:00,9.64,20.14,30.48,1180.4907057010378,5.085743341559416,-137.35868451820178,2,1
2012-12-28 14:34:00.761995+00:00,9.3,19.46,29.45,2678.764054345564,5.116895605728119,-138.82921234527706,1,1
2012-12-28 17:24:00.761217+00:00,6.14,13.14,19.96,34353.337874354715,7.6006784464428,-133.8616466638477,2,1
2012-12-28 17:25:00.761212+00:00,6.14,13.14,19.96,34353.337874354715,7.6006784464428,-133.8616466638477,2,1
2012-12-29 07:38:00.767249+00:00,0.0,0.0,0.0,533150.7941604025,5.52447498608822,-138.3326581110002,6,1
2012-12-29 07:41:00.767235+00:00,0.0,0.0,0.0,533150.7941604025,5.52447498608822,-138.3326581110002,6,1
2012-12-29 07:42:00.767231+00:00,4.24,9.23,14.06,533150.7941604025,5.52447498608822,-138.3326581110002,6,1
2012-12-29 07:43:00.767226+00:00,7.82,16.5,25.01,533150.7941604025,5.52447498608822,-138.3326581110002,6,1
2012-12-29 07:45:00.767217+00:00,7.82,16.5,25.01,533150.7941604025,5.52447498608822,-138.3326581110002,6,1
2012-12-29 07:46:00.767213+00:00,7.82,16.5,25.01,533150.7941604025,5.52447498608822,-138.3326581110002,6,1
2012-12-29 08:46:00.766938+00:00,9.24,19.34,29.27,594.6701139487084,4.158868497677515,-141.0638710878216,1,1
2012-12-29 10:04:00.766581+00:00,0.0,0.0,0.0,15356.652613597764,8.547753697807789,-132.28610068756106,1,1
2012-12-29 11:57:00.766064+00:00,0.0,0.0,0.0,248892.56104049558,3.574705245581459,-142.23219759201373,2,1
2012-12-29 11:58:00.766059+00:00,8.36,17.58,26.64,248892.56104049558,3.574705245581459,-142.23219759201373,2,1
2012-12-29 12:07:00.766868+00:00,8.36,17.58,26.64,6110054.473742815,2.272700396879457,-145.4001397928737,2,1
2012-12-29 12:08:00.766863+00:00,8.36,17.58,26.64,6110054.473742815,2.272700396879457,-145.4001397928737,2,1
2012-12-29 12:40:00.766717+00:00,3.26,7.18,10.95,1384.5407961276599,2.8489798778282904,-144.247580830976,1,1
2012-12-29 13:59:00.766355+00:00,0.0,0.0,0.0,6255.157967395381,4.1418708972088965,-141.66179879221482,1,1
2012-12-29 18:49:00.765028+00:00,7.59,16.05,24.33,3810.964642862799,4.739004447119968,-140.46753169239264,1,1
2012-12-30 11:46:00.761868+00:00,0.0,0.02,0.01,13907.015865921378,5.505901183439233,-137.34308703572984,1,1
2012-12-30 13:30:00.763288+00:00,0.01,0.02,0.04,2814.2419110209185,4.766797967933899,-139.2900230300522,1,1
2012-12-30 19:17:00.761700+00:00,4.88,10.56,16.06,751.0132783452539,2.9290423747691987,-142.9655342163816,1,1
2012-12-31 01:18:00.760643+00:00,5.04,10.9,16.57,1326.1274304599895,3.8155472986279815,-141.88060281535215,1,1
2012-12-31 03:02:00.760167+00:00,6.77,14.4,21.85,23047.6203841628,4.3039569025397215,-140.90378360752868,1,1
2012-12-31 03:26:00.760057+00:00,6.67,14.2,21.55,902.8759980680952,5.002251950443673,-139.50719351172077,1,1
2012-12-31 04:10:00.759856+00:00,6.59,14.04,21.31,718.4082704401449,3.822190496693837,-141.86731641922046,1,1
2012-12-31 06:59:00.759082+00:00,0.0,0.0,0.0,1302.271743953331,3.6279157852957518,-142.25586584201662,1,1
2012-12-31 07:19:00.758990+00:00,10.1,21.06,31.86,9729.256171733305,5.274950310141843,-138.96179679232444,1,1
2012-12-31 08:07:00.758771+00:00,0.0,0.0,0.0,3808.386963386657,6.9392768607016935,-135.63314369120474,1,1
2012-12-31 09:01:00.758523+00:00,4.33,9.42,14.34,1245.9760617764864,7.952461428898258,-133.60677455481158,1,1
2012-12-31 09:40:00.758345+00:00,9.89,20.64,31.22,4594.101322317156,4.84545135361077,-139.82079470538656,1,1
2012-12-31 10:24:00.758143+00:00,6.88,14.63,22.2,1391.5019408518267,4.0576242701355705,-141.39644887233695,1,1
2012-12-31 10:48:00.758034+00:00,4.98,10.77,16.39,1817.1151164170315,4.575070499313121,-140.36155641398187,1,1
2012-12-31 11:29:00.757846+00:00,0.0,0.0,0.0,689.9268648049274,5.138091349410885,-139.23551471378633,1,1
2012-12-31 17:28:00.767498+00:00,5.82,12.48,18.96,1844.053452079754,5.4198519046062845,-139.40837230548848,1,1
2013-01-01 06:33:00.765301+00:00,0.0,0.02,0.01,675.6518678215576,2.755023726981896,-144.97548592878556,1,1
2013-01-01 07:53:00.764935+00:00,1.88,4.2,6.42,17022.216003459976,5.040084214004518,-140.40536495474032,1,1
2013-01-01 13:38:00.763951+00:00,0.0,0.02,0.01,1958.6227215003837,3.881206254730216,-141.92972506376668,2,2
2013-01-01 13:49:00.763901+00:00,7.83,16.54,25.07,3785.164177859435,4.325126319183611,-141.0418849348599,1,1
2013-01-01 14:25:00.763736+00:00,0.0,0.02,0.0,1671.2806096543275,5.593659540099464,-138.5048184930282,1,1
2013-01-01 15:01:00.763571+00:00,4.77,10.34,15.74,514.552196503838,3.850133468857155,-141.9918706355128,1,1
2013-01-01 15:23:00.763471+00:00,0.0,0.02,0.01,24402.65111283804,4.177142869110647,-141.33785183500584,2,1
2013-01-01 15:32:00.763429+00:00,0.0,0.02,0.01,24402.65111283804,4.177142869110647,-141.33785183500584,2,1
2013-01-01 16:10:00.763256+00:00,4.49,9.76,14.85,583.6203392580339,4.591319623120394,-140.50949832698632,1,1
2013-01-01 22:10:00.761608+00:00,0.0,0.02,0.01,61558.07375719381,5.6761173700988685,-138.33990283302936,2,1
2013-01-01 22:16:00.761580+00:00,0.0,0.02,0.01,61558.07375719381,5.6761173700988685,-138.33990283302936,2,1
2013-01-02 00:25:00.762986+00:00,2.2,4.9,7.49,1172.6290475664048,3.674087320989006,-143.28022863793132,1,1
2013-01-02 00:55:00.762848+00:00,6.6,14.07,21.36,5113.941301566513,5.587303969766303,-139.45379534037673,1,1
2013-01-02 01:36:00.762660+00:00,6.75,14.37,21.8,928.7617737761167,4.551667978819923,-141.52506732226948,1,1
2013-01-02 03:14:00.762212+00:00,10.08,21.02,31.8,1493.5027127417832,4.609227953688412,-141.40994737253246,1,1
2013-01-02 05:05:00.761704+00:00,8.75,18.37,27.81,620.8901595481824,3.903322239398197,-142.82175880111294,1,1
2013-01-02 06:41:00.761264+00:00,6.9,14.66,22.25,1244.8357760904555,5.610920193932238,-139.40656289204486,1,1
2013-01-02 11:25:00.759964+00:00,8.19,17.26,26.14,666.0669091314877,4.578819364110681,-141.47076455168798,2,1
2013-01-02 11:33:00.759928+00:00,8.19,17.26,26.14,666.0669091314877,4.578819364110681,-141.47076455168798,2,1
2013-01-02 12:13:00.769840+00:00,6.44,13.75,20.87,4575.972552177072,2.509924266274063,-144.9865251181659,1,1
2013-01-02 12:42:00.769708+00:00,9.6,20.06,30.35,2621.354382271951,4.924537848415193,-140.15729795388364,1,1
2013-01-02 14:41:00.769163+00:00,9.74,20.35,30.79,2647.737507762706,4.314176192564489,-141.37802126558503,2,1
2013-01-02 14:42:00.769158+00:00,9.74,20.35,30.79,2647.737507762706,4.314176192564489,-141.37802126558503,2,1
2013-01-02 15:01:00.769071+00:00,0.0,0.02,0.01,3053.0414540291276,6.78857620233004,-136.42922124605394,2,1
2013-01-02 15:08:00.769039+00:00,0.0,0.02,0.01,4409.993582696335,5.758887025053438,-138.48859960060713,4,1
2013-01-02 15:12:00.769021+00:00,6.1,13.04,19.81,5224.772722892224,5.132904218292528,-139.74056521412896,3,1
2013-01-02 15:14:00.769012+00:00,6.03,12.92,19.62,5224.772722892224,5.132904218292528,-139.74056521412896,3,1
2013-01-02 16:05:00.768778+00:00,6.32,13.49,20.48,2820.181756127251,8.891336985694982,-132.22369967932406,1,1
2013-01-02 22:30:00.767016+00:00,8.12,17.11,25.92,229351.3816228929,6.269534633427908,-137.4673043838582,1,1
2013-01-02 22:49:00.766929+00:00,0.0,0.0,0.0,1051.4715303033506,4.486391547364371,-141.03359055598528,1,1
2013-01-03 05:43:00.767276+00:00,7.8,16.47,24.96,6815907.273242262,5.614698270468347,-139.75947205064645,2,2
2013-01-03 05:54:00.767225+00:00,7.8,16.47,24.96,660.4357854113172,14.84070362262008,-121.307461346343,1,1
2013-01-03 08:48:00.766429+00:00,0.0,0.0,0.0,619.3980401108835,4.3452237054998495,-142.2984211805835,1,1
2013-01-03 13:42:00.765533+00:00,1.81,4.06,6.2,216902.1251986469,4.9169297310202005,-141.25822394570991,1,1
2013-01-03 16:53:00.764659+00:00,1.21,2.72,4.17,23721.307956955392,5.485898798046846,-140.12028581165666,3,1
2013-01-03 16:54:00.764654+00:00,1.21,2.72,4.17,23721.307956955392,5.485898798046846,-140.12028581165666,3,2
2013-01-03 17:15:00.764558+00:00,6.07,12.98,19.72,3813.192378750173,5.6168471468856405,-139.85838911397906,1,1
2013-01-03 17:36:00.764462+00:00,0.0,0.0,0.0,93002.40690104627,4.365705852541929,-142.36067170266648,1,1
2013-01-03 18:58:00.764086+00:00,0.0,0.0,0.0,1660.7504175527595,5.42094629592346,-140.2501908159034,1,1
2013-01-03 20:31:00.763661+00:00,8.96,18.79,28.45,7668.214415604169,6.132079905467094,-138.8279235968161,1,1
2013-01-04 03:08:00.763939+00:00,6.1,13.04,19.81,2452.870046026042,7.217816132510048,-135.78104293806376,1,1
2013-01-04 03:23:00.763871+00:00,0.01,0.02,0.04,155950.60104944318,4.665102979360296,-140.88646924436324,10,2
2013-01-04 03:24:00.763866+00:00,0.01,0.02,0.04,155950.60104944318,4.665102979360296,-140.88646924436324,10,3
2013-01-04 03:25:00.763862+00:00,0.01,0.02,0.04,155950.60104944318,4.665102979360296,-140.88646924436324,10,1
2013-01-04 03:26:00.763857+00:00,0.01,0.02,0.04,155950.60104944318,4.665102979360296,-140.88646924436324,10,1
2013-01-04 03:28:00.763848+00:00,0.01,0.02,0.04,92055.51160774828,4.6997319150289405,-140.81721137302597,11,1
2013-01-04 03:29:00.763843+00:00,0.01,0.02,0.04,92055.51160774828,4.6997319150289405,-140.81721137302597,11,1
2013-01-04 03:30:00.763839+00:00,0.01,0.02,0.04,92055.51160774828,4.6997319150289405,-140.81721137302597,11,1
2013-01-04 03:36:00.763811+00:00,4.33,9.42,14.34,3070.232272281023,4.6997319150289405,-140.81721137302597,5,1
2013-01-04 04:01:00.763697+00:00,0.0,0.02,0.0,2816.64920604372,5.0287859894874725,-140.15910322410892,1,1
2013-01-04 07:14:00.762813+00:00,9.52,19.9,30.11,750946.2126276605,5.728145878039137,-138.76038344700558,1,1
2013-01-04 12:19:00.761213+00:00,0.0,0.02,0.0,845.7816539931523,2.7265407023828905,-144.43943367668734,1,1
2013-01-04 14:34:00.760595+00:00,10.13,21.11,31.92,10673.945051477716,2.956062458998306,-143.98039016345655,1,1
2013-01-04 16:13:00.760142+00:00,0.0,0.0,0.0,1870.6092969344568,2.3421074759337577,-145.20830012958558,1,1
2013-01-04 20:24:00.758993+00:00,0.0,0.0,0.0,2067.9340198767286,4.213543660260481,-141.46542776093216,1,1
2013-01-05 00:57:00.769085+00:00,0.0,0.02,0.01,4932.4532985073665,6.379447124351678,-138.29775000426676,1,1
2013-01-05 03:55:00.768270+00:00,6.65,14.17,21.5,558.9765508625383,5.051823664478516,-140.9529969240131,1,1
2013-01-05 04:40:00.768064+00:00,0.0,0.0,0.0,1898.1258171799216,6.0888061094521335,-138.87903203406586,1,1
2013-01-05 07:34:00.767267+00:00,0.0,0.0,0.0,33413.50298361516,4.768349436634656,-141.51994537970086,1,1
2013-01-05 10:15:00.766530+00:00,0.0,0.0,0.0,4080.0262003141524,5.482120113906294,-140.09240402515758,3,1
2013-01-05 10:16:00.766526+00:00,0.0,0.0,0.0,4080.0262003141524,5.482120113906294,-140.09240402515758,3,2
2013-01-05 11:45:00.766118+00:00,0.0,0.0,0.0,210175.92693648886,4.342919605601337,-142.37080504176745,1,1
2013-01-05 18:31:00.765510+00:00,0.0,0.0,0.0,5032.303739459447,6.478065841015156,-138.0935554669287,1,1
2013-01-05 20:05:00.765080+00:00,2.72,6.03,9.2,1034.390100414317,4.253853624851222,-142.54197989925655,1,1
2013-01-05 21:47:00.764613+00:00,8.54,17.95,27.19,780.821114776491,4.920071375526837,-141.20954439790532,1,1
2013-01-06 01:47:00.764910+00:00,4.0,8.73,13.3,9623.409883928876,4.678803618515984,-139.80090393407244,1,1
2013-01-06 02:00:00.764851+00:00,0.0,0.0,0.0,1056.1164843652102,2.9335738306688217,-143.29136350976674,1,1
2013-01-06 05:58:00.763761+00:00,4.07,8.89,13.54,2454.651841935281,4.897050571707923,-139.36441002768856,1,1
2013-01-06 08:15:00.763134+00:00,9.93,20.73,31.35,577.4464022524497,3.785692775410532,-141.5871256202834,1,1
2013-01-06 10:00:00.762653+00:00,2.24,4.98,7.62,656.5124723982857,5.6582623855721526,-137.8419863999601,1,1
2013-01-06 12:20:00.762308+00:00,9.02,18.91,28.62,3515.8283569148066,6.166632108071637,-139.3557686666585,1,1
2013-01-06 15:00:00.761576+00:00,7.42,15.71,23.81,1903.323995871762,4.727465823826637,-142.23410123514847,1,1
2013-01-06 16:45:00.761095+00:00,0.0,0.0,0.0,2629.601552275745,4.296775403773802,-143.09548207525415,1,1
2013-01-06 18:33:00.760601+00:00,0.0,0.0,0.0,520.0518268696762,4.634993317252522,-142.41904624829667,1,1
2013-01-06 21:36:00.759763+00:00,0.0,0.0,0.0,824.9814792207245,4.683631000576487,-142.32177088164875,1,1
2013-01-06 22:03:00.759640+00:00,0.0,0.0,0.0,524.005747381482,4.485480795752918,-142.7180712912959,1,1
2013-01-07 00:54:00.761553+00:00,0.0,0.0,0.0,916.3205983515184,4.8517891176131895,-141.4318359875456,1,1
2013-01-07 01:10:00.761480+00:00,0.0,0.0,0.0,1053.4133573632623,5.801900558628043,-139.53161310551596,1,1
2013-01-07 21:11:00.766278+00:00,7.66,16.19,24.54,1844.569150196384,5.378137590061238,-140.23406535609791,1,1
2013-01-08 00:36:00.767135+00:00,1.43,3.22,4.93,7894.521262491057,4.6026268621817135,-139.48608948476306,1,1
2013-01-08 01:45:00.766819+00:00,0.0,0.02,0.01,49500.2983600597,5.461860720029764,-137.76762176906692,1,1
2013-01-08 03:40:00.766293+00:00,2.53,5.62,8.58,2669.7967088661585,7.4770300399212575,-133.73728312928395,1,1
2013-01-08 09:05:00.764805+00:00,2.72,6.03,9.2,2001.3887213123385,4.443584896585132,-139.8041734159562,1,1
2013-01-08 13:03:00.765012+00:00,9.74,20.35,30.79,2450.8892980473106,2.9782630142158633,-143.36466255562584,1,1
2013-01-08 15:33:00.764325+00:00,4.77,10.34,15.74,529.4425058149567,3.5457670186979877,-142.22965454666158,1,1
2013-01-09 02:09:00.761109+00:00,9.2,19.26,29.15,3195.7383986100294,5.0482279591371615,-140.1105600588667,1,1
2013-01-09 02:35:00.760990+00:00,9.02,18.91,28.62,5164.029360817639,4.491710397889007,-141.22359518136298,1,1
2013-01-09 06:07:00.760020+00:00,8.36,17.58,26.64,1442.599396724099,4.663609332197903,-140.87979731274518,1,1
2013-01-09 07:17:00.759700+00:00,0.0,0.0,0.0,801.7865032546057,6.4694927703284035,-137.2680304364842,1,1
2013-01-09 07:57:00.759516+00:00,7.82,16.5,25.01,578.8613378936327,5.218865444036727,-139.76928508906755,1,1
2013-01-09 09:40:00.759045+00:00,2.74,6.06,9.26,505.85109465855413,4.653222492297704,-140.90057099254557,1,1
2013-01-09 10:03:00.758940+00:00,8.75,18.37,27.81,699.8764244074271,5.553324963178596,-139.1003660507838,1,1
2013-01-09 12:20:00.769508+00:00,9.36,19.58,29.63,2920.223837826036,4.548373282244415,-141.62081339886254,3,1
2013-01-09 12:21:00.769504+00:00,9.36,19.58,29.63,2920.223837826036,4.548373282244415,-141.62081339886254,3,2
2013-01-09 15:47:00.768561+00:00,7.21,15.3,23.2,1879.6223221827809,6.4904714298475765,-137.73661710365622,1,1
2013-01-09 18:13:00.767892+00:00,0.0,0.0,0.0,1553.2696395070416,5.258789514532535,-140.19998093428632,1,1
2013-01-09 20:51:00.767169+00:00,8.56,17.99,27.25,3765.0274639177064,6.148723027156207,-138.42011390903895,2,1
2013-01-09 20:52:00.767165+00:00,8.56,17.99,27.25,3765.0274639177064,6.148723027156207,-138.42011390903895,2,1
2013-01-09 22:01:00.766849+00:00,4.47,9.73,14.81,708.808241292841,5.012278115280481,-140.69300373279043,2,1
2013-01-09 22:02:00.766844+00:00,4.47,9.73,14.81,708.808241292841,5.012278115280481,-140.69300373279043,2,1
2013-01-10 03:21:00.767380+00:00,0.44,0.99,1.52,6115.418755663842,7.308041777779452,-137.1997745833288,1,1
2013-01-10 06:17:00.766574+00:00,5.79,12.41,18.86,570.5693247303317,14.447141065220125,-122.92157600844746,1,1
2013-01-10 23:15:00.763410+00:00,0.0,0.02,0.01,3157.2173674619908,5.624635664284151,-140.37029847817035,1,1
2013-01-11 09:05:00.762205+00:00,0.0,0.02,0.01,832.2688818821432,6.054263467664884,-139.27136691848116,1,1
2013-01-11 12:32:00.761753+00:00,0.0,0.02,0.0,636.842582151202,4.877204212309271,-141.0125174003573,1,1
2013-01-12 11:40:00.765541+00:00,8.23,17.33,26.25,10418.410642395203,9.371941704249867,-131.7503221790827,1,1
2013-01-12 19:42:00.765985+00:00,4.65,10.1,15.37,8444.609445872682,5.4149135617907715,-139.47564917346406,1,1
2013-01-12 20:35:00.765742+00:00,5.19,11.2,17.04,628.3658253612982,4.813438923938818,-140.67859844916794,1,1
2013-01-12 23:29:00.764946+00:00,2.56,5.69,8.7,597.1694726466168,4.494561243808522,-141.31635380942853,2,1
2013-01-12 23:38:00.764905+00:00,2.53,5.62,8.58,597.1694726466168,4.494561243808522,-141.31635380942853,2,1
2013-01-13 00:44:00.765399+00:00,3.46,7.61,11.6,1317.1115486351628,4.865948844365391,-140.2168988810106,1,1
2013-01-13 01:38:00.765151+00:00,0.0,0.0,0.0,85069.61354727198,3.747102513096503,-142.45459154354836,1,1
2013-01-13 01:54:00.765078+00:00,6.33,13.52,20.53,3803.897881567848,4.956538327904871,-140.03571991393162,3,3
2013-01-13 06:28:00.763824+00:00,0.0,0.02,0.04,11708.481132119863,4.81420763318238,-140.32038130337662,1,1
2013-01-13 10:01:00.762849+00:00,5.94,12.73,19.34,14987.060162530513,5.8587282822431295,-138.23134000525508,1,1
2013-01-13 10:15:00.762785+00:00,0.0,0.0,0.0,1046.9623726324485,4.8847315359268695,-140.17933349788765,1,1
2013-01-13 10:54:00.762606+00:00,0.0,0.02,0.01,961.1726489069716,3.091280906625805,-143.76623475648978,1,1
2013-01-13 12:13:00.762240+00:00,10.0,20.85,31.54,552.3313700778161,5.526453794662491,-138.93911414453845,1,1
2013-01-13 12:24:00.762190+00:00,9.02,18.91,28.62,12274.473304787605,3.297808891845826,-143.39640395017176,1,1
2013-01-13 14:50:00.761522+00:00,4.01,8.76,13.35,600.0079779520972,5.882025052565371,-138.2279716287327,1,1
2013-01-13 18:45:00.760446+00:00,7.15,15.16,23.0,1677.777019049417,3.178643642633753,-143.6347344485959,1,1
2013-01-14 05:38:00.759453+00:00,8.96,18.79,28.45,2296.15411270836,5.879537259612983,-141.58013740017805,1,1
2013-01-14 08:29:00.758670+00:00,2.89,6.39,9.75,999.5436720383592,4.09422296546956,-145.15076598846485,2,1
2013-01-14 08:33:00.758652+00:00,2.89,6.39,9.75,999.5436720383592,4.09422296546956,-145.15076598846485,2,1
2013-01-14 11:19:00.757892+00:00,2.02,4.52,6.9,744.8747189123775,3.925433593301381,-145.48834473280118,1,1
2013-01-14 14:36:00.768886+00:00,8.77,18.41,27.87,1110.414029779949,3.937425688931415,-143.70873008305432,2,1
2013-01-14 14:39:00.768872+00:00,8.77,18.41,27.87,1110.414029779949,3.937425688931415,-143.70873008305432,2,1
2013-01-14 14:59:00.768781+00:00,4.73,10.25,15.6,2503.6351408668656,4.030828285734333,-143.52192488944843,1,1
2013-01-14 16:16:00.768428+00:00,9.32,19.5,29.51,37799.988633503664,5.516589968051838,-140.55040152481342,2,1
2013-01-14 16:19:00.768414+00:00,9.32,19.5,29.51,37799.988633503664,5.516589968051838,-140.55040152481342,2,1
2013-01-14 17:35:00.768066+00:00,7.57,16.02,24.28,99783.62298986492,3.7203042748374857,-144.1429729112421,4,2
2013-01-14 17:36:00.768062+00:00,7.57,16.02,24.28,99783.62298986492,3.7203042748374857,-144.1429729112421,4,2
2013-01-14 19:13:00.767618+00:00,3.69,8.09,12.34,24105.616332729798,5.033901132143178,-141.51577919663075,1,1
2013-01-15 10:44:00.762752+00:00,0.0,0.0,0.0,1396.5973004767707,3.941691918416955,-145.47305885231302,1,1
2013-01-15 12:41:00.763712+00:00,0.0,0.0,0.0,506127.2552181696,3.0534094027255736,-146.85088495619058,1,1
2013-01-15 21:12:00.761373+00:00,4.88,10.56,16.06,40972.50154912734,4.6051400403641685,-143.7474236809134,1,1
2013-01-15 21:37:00.761259+00:00,2.9,6.42,9.8,924.40825334385,4.577503342283518,-143.80269707707473,3,1
2013-01-15 21:38:00.761254+00:00,2.9,6.42,9.8,924.40825334385,4.577503342283518,-143.80269707707473,3,2
2013-01-16 01:14:00.762061+00:00,4.76,10.31,15.69,2902.1213212743837,3.811035515317453,-146.1359941086924,1,1
2013-01-16 02:39:00.761672+00:00,4.43,9.63,14.67,360855.3219124405,3.9392354214189744,-145.87959429648936,11,2
2013-01-16 02:40:00.761668+00:00,4.43,9.63,14.67,360855.3219124405,3.9392354214189744,-145.87959429648936,11,3
2013-01-16 02:41:00.761663+00:00,4.43,9.63,14.67,360855.3219124405,3.9392354214189744,-145.87959429648936,11,2
2013-01-16 02:42:00.761658+00:00,4.43,9.63,14.67,319693.8577528365,3.980770571427939,-145.7965239964714,12,3
2013-01-16 02:43:00.761654+00:00,4.43,9.63,14.67,319693.8577528365,3.980770571427939,-145.7965239964714,12,1
2013-01-16 02:52:00.761613+00:00,0.0,0.02,0.0,64300.00794377236,5.220928035198186,-143.3162090689309,4,1
2013-01-16 03:05:00.761553+00:00,0.51,1.15,1.77,15823.879437759868,5.6999716407476875,-142.35812185783197,1,1
2013-01-16 08:49:00.759978+00:00,0.0,0.0,0.0,1317.5910860703098,7.897264154749918,-137.9635368298275,2,1
2013-01-16 08:57:00.759942+00:00,0.0,0.0,0.0,1317.5910860703098,7.897264154749918,-137.9635368298275,2,1
2013-01-16 13:29:00.759993+00:00,0.0,0.0,0.0,513.8407268386039,4.1467678313955965,-144.57391336482542,1,1
2013-01-16 16:26:00.759182+00:00,0.0,0.02,0.0,1840.1277509395165,5.6152527623877,-141.63694350284118,1,1
2013-01-17 08:29:00.764970+00:00,0.0,0.0,0.0,712.7296723541072,4.985891993319882,-139.73121036438513,1,1
2013-01-17 14:27:00.764727+00:00,0.0,0.0,0.0,984.2978832348666,5.255353584965996,-140.217683709781,1,1
2013-01-18 00:06:00.764072+00:00,5.03,10.87,16.53,8076907.761860738,4.137175961928246,-146.64649178674352,1,1
2013-01-18 04:34:00.762846+00:00,0.0,0.0,0.0,1158.91288991627,8.770939360727258,-137.37896498914552,1,1
2013-01-18 12:01:00.760495+00:00,0.0,0.0,0.0,619.8233655227448,-6.9738916247538505,-167.46769340286548,1,1
2013-01-18 14:08:00.759914+00:00,6.93,14.73,22.34,12174.2539871279,3.1250954770770467,-147.26971919920368,1,1
2013-01-18 14:45:00.759745+00:00,8.9,18.67,28.27,3136.375382167966,4.673079593051888,-144.17375096725402,2,1
2013-01-18 14:51:00.759717+00:00,8.9,18.67,28.27,3136.375382167966,4.673079593051888,-144.17375096725402,2,1
2013-01-18 16:19:00.759314+00:00,0.0,0.0,0.0,1097.3611836378748,8.132537062783705,-137.25483602779036,1,1
2013-01-18 16:29:00.759269+00:00,6.77,14.4,21.85,921.6103965740176,8.176993058782251,-137.1659240357933,2,1
2013-01-18 18:39:00.758673+00:00,9.18,19.22,29.09,7196.342404422412,4.546136568692648,-144.42763701597246,1,1
2013-01-19 02:26:00.768177+00:00,0.44,0.99,1.52,646.3442613513256,4.9862836982828425,-137.34527942597,1,1
2013-01-20 01:21:00.764329+00:00,6.91,14.7,22.3,3302.9778483685163,4.038254690376833,-136.3951678175587,1,1
2013-01-20 12:59:00.762430+00:00,0.0,0.0,0.0,7260.326343110355,3.7975256258404935,-137.29253812018487,1,1
2013-01-21 06:53:00.759709+00:00,6.29,13.43,20.39,697.1958224619887,3.688857835870421,-138.3484191055698,1,1
2013-01-21 14:45:00.767245+00:00,9.6,20.06,30.35,20347.700709954155,4.301741277872078,-139.8386520142403,1,1
2013-01-21 17:04:00.766608+00:00,8.28,17.44,26.42,3654.450124845086,4.736938143682037,-138.96825828262033,1,1
2013-01-21 23:32:00.764832+00:00,0.0,0.0,0.0,6998.0665967435,4.2530614474108095,-139.93601167516277,1,1
2013-01-22 00:46:00.765489+00:00,6.05,12.95,19.67,3272.488305838769,3.9782413903332783,-140.62835566324483,2,1
2013-01-22 00:52:00.765462+00:00,6.05,12.95,19.67,3272.488305838769,3.9782413903332783,-140.62835566324483,2,1
2013-01-22 12:42:00.764508+00:00,3.05,6.74,10.28,1036.276382650882,5.00207917603805,-141.81467972050032,1,1
2013-01-22 15:19:00.763789+00:00,0.0,0.02,0.0,1864.198094613148,6.142250284922693,-139.53433750273106,1,1
2013-01-22 21:42:00.762036+00:00,9.48,19.82,29.99,13671.542782945533,4.582876805756952,-142.65308446106252,1,1
2013-01-23 05:18:00.759644+00:00,7.83,16.54,25.07,1576.9176925572103,3.882108970232173,-144.65478710261272,2,1
2013-01-23 05:19:00.759640+00:00,7.83,16.54,25.07,1576.9176925572103,3.882108970232173,-144.65478710261272,2,1
2013-01-23 05:33:00.759576+00:00,2.22,4.94,7.55,2287.82413100568,10.825427730989043,-130.76814958109895,1,1
2013-01-23 06:59:00.759182+00:00,0.0,0.0,0.0,4589.800314564828,8.052478378950408,-136.31404828517623,1,1
2013-01-23 07:54:00.758930+00:00,4.61,10.0,15.23,1126.4783002293846,4.8547206487759205,-142.7095637455252,1,1
2013-01-23 09:22:00.758527+00:00,7.59,16.05,24.33,532.8891041089992,7.913255543804039,-136.59249395546897,1,1
2013-01-23 10:01:00.758349+00:00,4.31,9.39,14.29,512.6056849502119,4.9707989017083785,-142.47740723966032,2,1
2013-01-23 10:02:00.758344+00:00,4.31,9.39,14.29,512.6056849502119,4.9707989017083785,-142.47740723966032,2,1
2013-01-23 11:01:00.758074+00:00,8.25,17.36,26.31,540.0706828684526,4.327022559642201,-143.76495992379262,8,1
2013-01-23 11:02:00.758070+00:00,8.25,17.36,26.31,540.0706828684526,4.327022559642201,-143.76495992379262,8,2
2013-01-23 11:03:00.758065+00:00,8.3,17.47,26.47,552.8862075881964,4.527694314548458,-143.3636164139801,9,1
2013-01-23 11:04:00.758060+00:00,8.36,17.58,26.64,558.1059190784508,4.393364110889621,-143.6322768212978,10,1
2013-01-23 11:06:00.758051+00:00,8.52,17.92,27.14,580.5820157959804,4.569397895205051,-143.28020925266696,12,2
2013-01-23 11:10:00.758033+00:00,8.45,17.77,26.91,683.3943228443,5.216193093794421,-141.98661885548822,20,1
2013-01-23 11:13:00.758019+00:00,8.39,17.66,26.75,770.911978122694,5.352820467954793,-141.71336410716748,24,1
2013-01-23 11:14:00.758015+00:00,8.41,17.69,26.8,813.1564310300678,5.845663513408778,-140.72767801625952,25,2
2013-01-23 11:15:00.758010+00:00,8.41,17.69,26.8,816.404322838113,6.0717387885103795,-140.2755274660563,24,1
2013-01-23 11:16:00.758005+00:00,8.41,17.69,26.8,819.6522146461579,6.297814063611983,-139.8233769158531,23,1
2013-01-23 11:17:00.758001+00:00,8.41,17.69,26.8,823.0002840396456,6.5110382419651405,-139.39692855914677,22,1
2013-01-23 11:18:00.757996+00:00,8.43,17.73,26.86,819.6522146461579,6.724262420318298,-138.97048020244046,23,2
2013-01-23 11:19:00.757992+00:00,8.49,17.84,27.02,823.0002840396456,7.013726196361254,-138.39155265035453,24,3
2013-01-23 11:20:00.757987+00:00,8.5,17.88,27.08,827.2823947120144,7.4941329114667585,-137.43073922014358,24,2
2013-01-23 11:21:00.757983+00:00,8.52,17.92,27.14,828.216435990895,7.685075850529309,-137.04885334201845,25,2
2013-01-23 11:22:00.757978+00:00,8.54,17.95,27.19,828.216435990895,7.685075850529309,-137.04885334201845,27,3
2013-01-23 11:23:00.757973+00:00,8.56,17.99,27.25,837.5822016640171,8.253856413689565,-135.91129221569793,29,2
2013-01-23 11:24:00.757969+00:00,8.54,17.95,27.19,920.1234651157556,8.3654660839483,-135.68807287518044,29,1
2013-01-23 11:28:00.757951+00:00,8.47,17.81,26.97,1108.6786044217615,8.406608931904843,-135.60578717926737,27,1
2013-01-23 11:29:00.757946+00:00,8.45,17.77,26.91,1218.1448522066005,8.253856413689565,-135.91129221569793,25,1
2013-01-23 11:30:00.757941+00:00,8.58,18.03,27.3,1313.905013009316,8.080095903322565,-136.25881323643193,22,2
2013-01-23 11:31:00.757937+00:00,8.71,18.29,27.7,1443.4054439588645,8.330232672797205,-135.75853969748266,20,1
2013-01-23 11:32:00.757932+00:00,8.79,18.45,27.93,1686.5456012492537,10.32037421131015,-131.77825662045674,17,2
2013-01-23 11:33:00.757928+00:00,9.0,18.87,28.56,1823.8132435610464,8.330232672797205,-135.75853969748266,16,2
2013-01-23 11:34:00.757923+00:00,9.0,18.87,28.56,1900.5369755388488,8.080095903322565,-136.25881323643193,14,2
2013-01-23 11:35:00.757918+00:00,9.0,18.87,28.56,1900.5369755388488,8.080095903322565,-136.25881323643193,14,2
2013-01-23 11:42:00.757886+00:00,8.23,17.33,26.25,3031.4559089999434,7.139753662986943,-138.13949771710315,8,1
2013-01-23 11:54:00.757832+00:00,8.16,17.18,26.03,589.9931740317268,5.445199310448842,-141.52860642217937,7,2
2013-01-23 11:55:00.757827+00:00,8.12,17.11,25.92,589.9931740317268,5.445199310448842,-141.52860642217937,7,1
2013-01-23 11:56:00.757822+00:00,8.12,17.11,25.92,589.9931740317268,5.445199310448842,-141.52860642217937,7,1
2013-01-23 11:57:00.757818+00:00,8.1,17.07,25.87,589.9931740317268,5.445199310448842,-141.52860642217937,7,1
2013-01-23 11:58:00.757813+00:00,8.08,17.04,25.82,589.9931740317268,5.445199310448842,-141.52860642217937,7,1
2013-01-23 12:46:00.760189+00:00,6.1,13.04,19.81,815.0827218886978,4.9287982839620605,-140.2426816434704,5,1
2013-01-23 12:47:00.760185+00:00,6.05,12.95,19.67,815.0827218886978,4.9287982839620605,-140.2426816434704,5,1
2013-01-23 12:48:00.760180+00:00,6.0,12.85,19.53,815.0827218886978,4.9287982839620605,-140.2426816434704,5,1
2013-01-23 12:49:00.760176+00:00,6.0,12.85,19.53,815.0827218886978,4.9287982839620605,-140.2426816434704,5,1
2013-01-23 12:50:00.760171+00:00,6.0,12.85,19.53,758.5054715399722,5.195657738431342,-139.70896273453184,6,1
2013-01-23 13:00:00.760125+00:00,5.22,11.27,17.13,698.9105115852302,4.4510056768464406,-141.19826685770164,14,1
2013-01-23 13:01:00.760121+00:00,5.21,11.23,17.09,695.8928019792144,4.7114388600004045,-140.6774004913937,13,1
2013-01-23 13:02:00.760116+00:00,5.18,11.17,16.99,675.6028123893325,5.109026202094863,-139.8822258072048,16,1
2013-01-23 13:03:00.760112+00:00,5.18,11.17,16.99,701.0497862175133,7.453604137787262,-135.19306993581998,18,1
2013-01-23 13:04:00.760107+00:00,5.13,11.08,16.85,751.0746013664432,11.794334922338596,-126.51160836671734,21,1
2013-01-23 13:05:00.760102+00:00,5.1,11.02,16.76,810.7032510115159,12.224396430184354,-125.6514853510258,23,2
2013-01-23 13:06:00.760098+00:00,5.09,10.99,16.71,879.8368186153334,12.632169967375985,-124.83593827664257,25,1
2013-01-23 13:07:00.760093+00:00,5.09,10.99,16.71,885.0588059081233,12.428283198780168,-125.2437118138342,26,2
2013-01-23 13:08:00.760089+00:00,5.09,10.99,16.71,885.0588059081233,12.428283198780168,-125.2437118138342,26,3
2013-01-23 13:11:00.760075+00:00,5.07,10.96,16.67,1042.9667002179553,9.905360356511396,-130.28955749837172,32,2
2013-01-23 13:12:00.760070+00:00,4.95,10.71,16.3,1197.5673890176781,10.184715221941138,-129.73084776751222,33,2
2013-01-23 13:13:00.760066+00:00,4.86,10.53,16.02,1229.193488061702,11.640307498578785,-126.81966321423694,33,3
2013-01-23 13:14:00.760061+00:00,4.88,10.56,16.06,1252.318638727946,10.912511360259963,-128.2752554908746,32,2
2013-01-23 13:15:00.760057+00:00,4.86,10.53,16.02,1275.4437893941895,10.184715221941138,-129.73084776751222,31,3
2013-01-23 13:16:00.760052+00:00,4.95,10.71,16.3,1275.4437893941895,11.640307498578785,-126.81966321423694,31,1
2013-01-23 13:18:00.760043+00:00,6.91,14.7,22.3,1343.225370171559,12.136238732977382,-125.82780074543976,30,2
2013-01-23 13:19:00.760038+00:00,6.98,14.83,22.49,1411.0069509489285,12.851579028906395,-124.39712015358174,29,2
2013-01-23 13:20:00.760034+00:00,6.98,14.83,22.49,1294.555611608184,13.337243025382685,-123.42579216062916,30,1
2013-01-23 13:21:00.760029+00:00,6.95,14.76,22.39,1159.9154773591974,13.337243025382685,-123.42579216062916,32,3
2013-01-23 13:22:00.760025+00:00,7.01,14.89,22.59,1160.443416911679,14.06872764846967,-121.9628229144552,30,2
2013-01-23 13:23:00.760020+00:00,6.96,14.79,22.44,1178.1042722674397,14.314548275080366,-121.47118166123379,29,1
2013-01-23 13:25:00.760011+00:00,6.62,14.1,21.41,1178.1042722674397,7.932534187765554,-134.23520983586343,27,1
2013-01-23 13:26:00.760006+00:00,6.48,13.81,20.97,1178.1042722674397,7.581733945144732,-134.93681032110507,25,1
2013-01-23 13:27:00.760002+00:00,6.41,13.68,20.77,1160.443416911679,6.21164012867359,-137.67699795404735,24,1
2013-01-23 13:28:00.759997+00:00,9.87,20.6,31.16,1160.443416911679,8.133668667364642,-133.83294087666522,26,2
2013-01-23 13:29:00.759993+00:00,9.87,20.6,31.16,1142.7825615559182,8.68560338958455,-132.72907143222542,25,1
2013-01-23 13:30:00.759988+00:00,9.87,20.6,31.16,1141.7266824509554,8.68560338958455,-132.72907143222542,27,1
2013-01-23 13:31:00.759983+00:00,9.89,20.64,31.22,1116.0517201530106,9.885876467927574,-130.3285252755394,27,1
2013-01-23 13:32:00.759979+00:00,9.91,20.68,31.29,1055.9858269848382,9.885876467927574,-130.3285252755394,27,2
2013-01-23 13:33:00.759974+00:00,9.91,20.68,31.29,1042.2486222449477,9.683090248501417,-130.7340977143917,27,1
2013-01-23 13:34:00.759970+00:00,9.91,20.68,31.29,1038.261692651191,9.612175218407558,-130.87592777457942,28,1
2013-01-23 13:35:00.759965+00:00,9.91,20.68,31.29,1030.9937331698827,9.454687749663114,-131.1909027120683,30,1
2013-01-23 13:37:00.759956+00:00,9.91,20.68,31.29,1034.2747630574345,9.541260188313698,-131.01775783476714,27,1
2013-01-23 13:38:00.759951+00:00,9.91,20.68,31.29,1030.9937331698827,9.612175218407558,-130.87592777457942,26,2
2013-01-23 13:39:00.759947+00:00,9.91,20.68,31.29,1027.712703282331,9.541260188313698,-131.01775783476714,25,3
2013-01-23 13:40:00.759942+00:00,9.91,20.68,31.29,1030.9937331698827,9.454687749663114,-131.1909027120683,24,2
2013-01-23 13:41:00.759938+00:00,9.89,20.64,31.22,1027.029804059881,9.368115311012527,-131.36404758936948,23,3
2013-01-23 13:42:00.759933+00:00,9.89,20.64,31.22,842.7244923668982,8.606724996171861,-132.88682821905078,23,2
2013-01-23 13:43:00.759928+00:00,9.89,20.64,31.22,740.6269124479276,8.5905857905565,-132.91910663028153,23,2
2013-01-23 13:44:00.759924+00:00,9.91,20.68,31.29,740.6269124479276,8.5905857905565,-132.91910663028153,23,1
2013-01-23 13:45:00.759919+00:00,9.91,20.68,31.29,842.7244923668982,8.606724996171861,-132.88682821905078,23,1
2013-01-23 13:51:00.759892+00:00,4.91,10.62,16.16,708.6032314999521,5.566690838521487,-138.96689653435155,21,1
2013-01-23 13:52:00.759887+00:00,5.04,10.9,16.57,671.6400785082008,5.5575533753768855,-138.98517146064074,20,2
2013-01-23 13:53:00.759883+00:00,5.04,10.9,16.57,671.6400785082008,5.384797726734323,-139.3306827579259,18,1
2013-01-23 13:54:00.759878+00:00,5.03,10.87,16.53,671.2691705914085,5.566690838521487,-138.96689653435155,17,1
2013-01-23 13:55:00.759874+00:00,5.07,10.96,16.67,671.6400785082008,7.070027804095008,-135.9602226032045,16,2
2013-01-23 13:56:00.759869+00:00,5.07,10.96,16.67,671.6400785082008,7.070027804095008,-135.9602226032045,16,1
2013-01-23 13:57:00.759864+00:00,5.07,10.96,16.67,671.6400785082008,7.070027804095008,-135.9602226032045,16,2
2013-01-23 13:58:00.759860+00:00,5.07,10.96,16.67,671.6400785082008,7.070027804095008,-135.9602226032045,16,1
2013-01-23 13:59:00.759855+00:00,5.07,10.96,16.67,671.6400785082008,7.070027804095008,-135.9602226032045,16,1
2013-01-23 14:00:00.759851+00:00,5.06,10.93,16.62,671.6400785082008,7.070027804095008,-135.9602226032045,16,1
2013-01-23 14:01:00.759846+00:00,5.04,10.9,16.57,672.010986424993,8.53448967930388,-133.03129885278676,15,1
2013-01-23 14:02:00.759841+00:00,5.04,10.9,16.57,671.6400785082008,9.060227433669642,-131.97982334405526,14,1
2013-01-23 14:05:00.759828+00:00,5.15,11.11,16.9,669.9721858514386,9.995416365015027,-130.10944548136447,10,1
2013-01-23 14:27:00.759727+00:00,7.2,15.26,23.15,719.3772851848336,8.678252113225735,-132.74377398494306,2,1
2013-01-23 14:36:00.759686+00:00,7.33,15.53,23.56,774.6082975005223,9.05197457001376,-131.996329071367,17,1
2013-01-23 14:37:00.759681+00:00,7.49,15.84,24.02,774.6082975005223,9.05197457001376,-131.996329071367,19,1
2013-01-23 14:38:00.759677+00:00,7.87,16.61,25.17,774.6082975005223,9.143216041792142,-131.81384612781022,19,1
2013-01-23 14:39:00.759672+00:00,8.01,16.9,25.6,883.0824610932123,9.09759530590295,-131.90508759958865,20,2
2013-01-23 14:40:00.759668+00:00,8.16,17.18,26.03,839.3184232134471,9.05197457001376,-131.996329071367,21,1
2013-01-23 14:42:00.759658+00:00,8.19,17.26,26.14,776.0291587807401,8.754018561170497,-132.59224108905354,24,1
2013-01-23 14:43:00.759654+00:00,8.19,17.26,26.14,774.6082975005223,8.828616513245892,-132.44304518490276,25,3
2013-01-23 14:44:00.759649+00:00,8.25,17.36,26.31,774.6082975005223,8.828616513245892,-132.44304518490276,25,2
2013-01-23 14:45:00.759645+00:00,8.26,17.4,26.36,770.1267783063455,8.940295541629826,-132.21968712813486,26,2
2013-01-23 14:46:00.759640+00:00,8.37,17.62,26.69,765.6452591121688,9.05197457001376,-131.996329071367,27,3
2013-01-23 14:47:00.759635+00:00,8.39,17.66,26.75,765.6452591121688,9.05197457001376,-131.996329071367,27,1
2013-01-23 14:48:00.759631+00:00,8.52,17.92,27.14,774.6082975005223,9.05197457001376,-131.996329071367,25,1
2013-01-23 14:49:00.759626+00:00,8.56,17.99,27.25,776.0291587807401,9.09759530590295,-131.90508759958865,24,2
2013-01-23 14:50:00.759622+00:00,8.65,18.18,27.53,808.3842216372025,9.09759530590295,-131.90508759958865,24,1
2013-01-23 14:51:00.759617+00:00,8.67,18.22,27.59,915.4375239496746,9.09759530590295,-131.90508759958865,26,1
2013-01-23 14:52:00.759613+00:00,8.71,18.29,27.7,1086.0163667944144,9.478251349429726,-131.1437755125351,29,1
2013-01-23 14:53:00.759608+00:00,8.83,18.52,28.04,1086.0163667944144,9.625872399133806,-130.84853341312692,29,1
2013-01-23 14:54:00.759603+00:00,8.9,18.67,28.27,1188.9989814869425,10.084287279339732,-129.93170365271507,29,1
2013-01-23 14:55:00.759599+00:00,8.9,18.67,28.27,1189.1823271335738,10.65278931155855,-128.79469958827744,29,1
2013-01-23 14:56:00.759594+00:00,8.88,18.64,28.21,1189.090654310258,11.463606910200006,-127.17306439099451,28,1
2013-01-23 14:59:00.759581+00:00,8.85,18.56,28.1,1325.0460045146915,8.60993207093246,-132.8804140695296,32,1
2013-01-23 15:00:00.759576+00:00,8.85,18.56,28.1,1339.9113169426125,7.593991742731112,-134.9122947259323,33,2
2013-01-23 15:01:00.759571+00:00,8.85,18.56,28.1,1310.1806920867707,6.652525554341242,-136.79522710271203,35,3
2013-01-23 15:02:00.759567+00:00,8.85,18.56,28.1,1339.9113169426125,6.652525554341242,-136.79522710271203,35,2
2013-01-23 15:03:00.759562+00:00,8.85,18.56,28.1,1346.0474693378487,4.813478688425705,-140.47332083454313,37,2
2013-01-23 15:04:00.759558+00:00,8.86,18.6,28.16,1346.0474693378487,4.6103779409318815,-140.87952232953074,39,3
2013-01-23 15:05:00.759553+00:00,8.9,18.67,28.27,1364.9305056247508,4.472294557639972,-141.1556890961146,40,2
2013-01-23 15:06:00.759549+00:00,8.94,18.75,28.39,1385.290634394557,4.431315724832441,-141.23764676172962,38,3
2013-01-23 15:07:00.759544+00:00,8.94,18.75,28.39,1385.290634394557,4.431315724832441,-141.23764676172962,38,2
2013-01-23 15:08:00.759539+00:00,8.88,18.64,28.21,1365.4735707968794,4.421133627025808,-141.25801095734292,41,3
2013-01-23 15:09:00.759535+00:00,8.83,18.52,28.04,1365.4735707968794,4.400494072399106,-141.2992900665963,43,2
2013-01-23 15:10:00.759530+00:00,8.75,18.37,27.81,1385.290634394557,4.324901297695308,-141.45047561600393,44,3
2013-01-23 15:11:00.759526+00:00,8.71,18.29,27.7,1355.760520067364,4.216809786850208,-141.66665863769413,44,2
2013-01-23 15:12:00.759521+00:00,8.65,18.18,27.53,1342.9793931402305,4.1566290530473635,-141.7870201052998,44,2
2013-01-23 15:13:00.759516+00:00,8.58,18.03,27.3,1342.9793931402305,4.079709472177863,-141.9408592670388,44,3
2013-01-23 15:14:00.759512+00:00,8.39,17.66,26.75,1304.5384333116365,4.079709472177863,-141.9408592670388,44,2
2013-01-23 15:15:00.759507+00:00,8.25,17.36,26.31,1203.8680261111708,4.079709472177863,-141.9408592670388,44,1
2013-01-23 15:17:00.759498+00:00,7.8,16.47,24.96,1049.2514146791646,3.981318713717624,-142.13764078395928,44,2
2013-01-23 15:18:00.759494+00:00,7.49,15.84,24.02,1025.8869525688954,4.023450731276148,-142.05337674884225,43,2
2013-01-23 15:19:00.759489+00:00,7.59,16.05,24.33,1025.8869525688954,4.054196378641986,-141.99188545411056,43,3
2013-01-23 15:20:00.759484+00:00,7.82,16.5,25.01,1043.4101288438694,4.079709472177863,-141.9408592670388,42,2
2013-01-23 15:21:00.759480+00:00,7.59,16.05,24.33,1043.4101288438694,4.1566290530473635,-141.7870201052998,40,3
2013-01-23 15:22:00.759475+00:00,7.26,15.4,23.35,1023.7412606273372,4.324901297695308,-141.45047561600393,40,2
2013-01-23 15:23:00.759471+00:00,7.0,14.86,22.54,1021.5318122256889,4.349004667748763,-141.40226887589702,39,2
2013-01-23 15:24:00.759466+00:00,6.91,14.7,22.3,1015.2599000870447,4.452724574750329,-141.19482906189387,38,3
2013-01-23 15:25:00.759462+00:00,6.9,14.66,22.25,1003.0780965323142,4.670434802873465,-140.7594086056476,36,2
2013-01-23 15:26:00.759457+00:00,6.9,14.66,22.25,1008.9879879484007,4.539558974687127,-141.02116026202032,37,3
2013-01-23 15:27:00.759452+00:00,6.91,14.7,22.3,1021.5318122256889,4.539558974687127,-141.02116026202032,39,2
2013-01-23 15:28:00.759448+00:00,6.98,14.83,22.49,1021.5955686857793,4.539558974687127,-141.02116026202032,39,2
2013-01-23 15:29:00.759443+00:00,7.06,14.99,22.75,1060.9333051188432,4.801310631059803,-140.49765694927493,39,1
2013-01-23 15:30:00.759439+00:00,7.2,15.26,23.15,1072.6158767894342,4.849445303923822,-140.40138760354688,39,1
2013-01-23 15:31:00.759434+00:00,7.49,15.84,24.02,1072.6158767894342,4.935897790780737,-140.22848262983305,39,2
2013-01-23 15:32:00.759429+00:00,7.55,15.98,24.23,1207.593308418526,4.952058288284395,-140.19616163482573,39,2
2013-01-23 15:33:00.759425+00:00,7.45,15.77,23.92,1207.593308418526,5.270982637209923,-139.5583129369747,39,2
2013-01-23 15:36:00.759411+00:00,7.01,14.89,22.59,1262.920968693082,5.008065873589731,-140.08414646421505,39,2
2013-01-23 15:37:00.759407+00:00,6.82,14.5,22.0,1409.254387920619,5.28895216678047,-139.5223738778336,39,3
2013-01-23 15:38:00.759402+00:00,6.54,13.94,21.16,1445.1512563554709,5.28895216678047,-139.5223738778336,39,2
2013-01-23 15:39:00.759397+00:00,6.54,13.94,21.16,1530.4938417404019,5.270982637209923,-139.5583129369747,37,2
2013-01-23 15:40:00.759393+00:00,6.52,13.91,21.11,1537.933432154882,5.279967401995197,-139.54034340740412,36,3
2013-01-23 15:41:00.759388+00:00,6.51,13.88,21.06,1545.3730225693612,5.28895216678047,-139.5223738778336,35,2
2013-01-23 15:42:00.759384+00:00,6.46,13.78,20.92,1587.394024354357,5.139524255399827,-139.82122970059487,36,3
2013-01-23 15:43:00.759379+00:00,6.44,13.75,20.87,1640.4048832830508,5.334453046941516,-139.4313721175115,36,2
2013-01-23 15:44:00.759375+00:00,6.44,13.75,20.87,1698.1020088784405,5.20299466513142,-139.69428888113168,38,3
2013-01-23 15:45:00.759370+00:00,6.44,13.75,20.87,1698.1020088784405,5.20299466513142,-139.69428888113168,40,2
2013-01-23 15:46:00.759365+00:00,6.46,13.78,20.92,1698.1020088784405,4.829617770460268,-140.441042670474,42,2
2013-01-23 15:47:00.759361+00:00,6.44,13.75,20.87,1698.1020088784405,5.4899563551156865,-139.12036550116315,42,3
2013-01-23 15:48:00.759356+00:00,6.44,13.75,20.87,1651.3947404267483,5.581989253558269,-138.93629970427799,41,1
2013-01-23 15:51:00.759343+00:00,6.51,13.88,21.06,1329.290034028441,4.32887610517653,-141.44252600104147,42,2
2013-01-23 15:52:00.759338+00:00,6.54,13.94,21.16,1302.1683139966744,4.32887610517653,-141.44252600104147,40,2
2013-01-23 15:53:00.759333+00:00,6.56,13.97,21.21,1271.6176611647495,3.990095643664655,-142.12008692406522,41,2
2013-01-23 15:54:00.759329+00:00,6.56,13.97,21.21,1262.530601435183,4.2511144060546675,-141.59804939928517,41,3
2013-01-23 15:55:00.759324+00:00,6.56,13.97,21.21,1267.0741312999662,4.120605024859661,-141.85906816167522,40,2
2013-01-23 15:56:00.759320+00:00,6.56,13.97,21.21,1244.8054525125576,4.120605024859661,-141.85906816167522,38,3
2013-01-23 15:57:00.759315+00:00,6.65,14.17,21.5,1211.3058333377035,3.850204088402864,-142.39987003458882,35,2
2013-01-23 15:58:00.759310+00:00,6.8,14.46,21.95,1203.3484829979595,3.817162650523438,-142.46595291034762,35,2
2013-01-23 15:59:00.759306+00:00,6.7,14.27,21.65,1183.9779058907934,3.833683369463152,-142.43291147246822,38,3
2013-01-23 16:00:00.759301+00:00,6.69,14.23,21.6,1183.9779058907934,3.8770378000549375,-142.3462026112847,40,2
2013-01-23 16:01:00.759297+00:00,6.78,14.43,21.9,1211.3058333377035,3.850204088402864,-142.39987003458882,43,3
2013-01-23 16:02:00.759292+00:00,7.05,14.96,22.7,1238.7021554632988,3.946983577685833,-142.20631105602288,42,1
2013-01-23 16:03:00.759288+00:00,7.52,15.91,24.12,1256.4273043859246,3.860517081115225,-142.37924404916407,42,3
2013-01-23 16:04:00.759283+00:00,7.78,16.43,24.91,1238.7021554632988,4.325365645472027,-141.44954692045047,42,2
2013-01-23 16:05:00.759278+00:00,7.89,16.65,25.23,1256.4273043859246,4.70257668571208,-140.69512483997036,42,1
2013-01-23 16:07:00.759269+00:00,8.07,17.0,25.76,1303.8995446125225,4.0732021591360335,-141.95387389312248,42,1
2013-01-23 16:08:00.759265+00:00,8.12,17.11,25.92,1329.2919884987234,3.990095643664655,-142.12008692406522,43,3
2013-01-23 16:09:00.759260+00:00,8.16,17.18,26.03,1354.5835267359653,4.0732021591360335,-141.95387389312248,42,2
2013-01-23 16:10:00.759256+00:00,8.17,17.22,26.09,1427.653846188038,3.990095643664655,-142.12008692406522,43,2
2013-01-23 16:11:00.759251+00:00,8.32,17.51,26.53,1535.2544327157425,4.065322783425226,-141.96963264454408,42,3
2013-01-23 16:12:00.759246+00:00,8.36,17.58,26.64,1544.952394022101,3.974336892243042,-142.15160442690845,43,2
2013-01-23 16:13:00.759242+00:00,8.39,17.66,26.75,1551.2589791797184,3.974336892243042,-142.15160442690845,43,3
2013-01-23 16:14:00.759237+00:00,8.45,17.77,26.91,1577.688104337473,3.90387151170701,-142.29253518798055,43,2
2013-01-23 16:15:00.759233+00:00,8.49,17.84,27.02,1602.7284016197632,4.036300628881998,-142.02767695363053,42,2
2013-01-23 16:16:00.759228+00:00,8.49,17.84,27.02,1602.7284016197632,4.036300628881998,-142.02767695363053,42,3
2013-01-23 16:17:00.759223+00:00,8.5,17.88,27.08,1576.4080070099274,4.098514825817977,-141.9032485597586,44,2
2013-01-23 16:18:00.759219+00:00,8.56,17.99,27.25,1602.7284016197632,4.098514825817977,-141.9032485597586,42,3
2013-01-23 16:19:00.759214+00:00,8.64,18.14,27.47,1657.6026103827612,4.098514825817977,-141.9032485597586,40,2
2013-01-23 16:20:00.759210+00:00,8.64,18.14,27.47,1627.7686989020528,4.098765286115001,-141.90274763916452,41,3
2013-01-23 16:21:00.759205+00:00,8.71,18.29,27.7,1576.4080070099274,4.121527867812898,-141.85722247576868,40,2
2013-01-23 16:22:00.759201+00:00,8.73,18.33,27.76,1544.952394022101,4.0982643655209525,-141.90374948035264,41,3
2013-01-23 16:23:00.759196+00:00,8.79,18.45,27.93,1427.653846188038,4.0982643655209525,-141.90374948035264,41,2
2013-01-23 16:24:00.759191+00:00,8.88,18.64,28.21,1389.2579151623306,3.974336892243042,-142.15160442690845,39,2
2013-01-23 16:27:00.759178+00:00,8.9,18.67,28.27,1291.8681207594232,3.998026232816077,-142.1042257457624,34,2
2013-01-23 16:29:00.759169+00:00,8.21,17.29,26.2,1092.7342154957018,4.0982643655209525,-141.90374948035264,31,3
2013-01-23 16:30:00.759164+00:00,7.87,16.61,25.17,1023.5532101258503,4.144290449510796,-141.8116973123729,29,2
2013-01-23 16:31:00.759159+00:00,7.52,15.91,24.12,921.4414841124395,4.499570986267539,-141.10113623885945,30,2
2013-01-23 16:32:00.759155+00:00,7.43,15.74,23.86,897.5325475319606,5.4407414674126295,-139.2187952765693,30,3
2013-01-23 16:33:00.759150+00:00,7.43,15.74,23.86,878.4458620085727,6.034673261322088,-138.03093168875034,28,1
2013-01-23 16:34:00.759146+00:00,7.38,15.64,23.71,878.4458620085727,6.034673261322088,-138.03093168875034,26,1
2013-01-23 16:35:00.759141+00:00,7.38,15.64,23.71,878.9768932608632,6.159775501365398,-137.7807272086637,27,2
2013-01-23 16:38:00.759127+00:00,7.57,16.02,24.28,1064.180249973452,6.240632480316553,-137.61901325076144,32,1
2013-01-23 16:39:00.759123+00:00,7.64,16.15,24.49,1168.5049494619404,5.996649876069768,-138.106978459255,34,1
2013-01-23 16:40:00.759118+00:00,7.68,16.22,24.59,1233.9081036399816,5.909571021278776,-138.28113616883698,33,3
2013-01-23 16:41:00.759114+00:00,7.68,16.22,24.59,1288.4764173610452,5.5439678543857065,-139.01234250262314,33,2
2013-01-23 16:42:00.759109+00:00,7.71,16.29,24.7,1496.651754387663,5.5439678543857065,-139.01234250262314,33,2
2013-01-23 16:45:00.759095+00:00,7.68,16.22,24.59,1908.1443876594733,5.360752802275243,-139.37877260684405,35,3
2013-01-23 16:46:00.759091+00:00,7.73,16.33,24.75,1972.6540951832053,5.4523603283304745,-139.1955575547336,36,3
2013-01-23 16:47:00.759086+00:00,7.92,16.72,25.33,2037.1638027069373,5.909571021278776,-138.28113616883698,39,2
2013-01-23 16:48:00.759082+00:00,8.01,16.9,25.6,2160.4660427796007,5.996649876069768,-138.106978459255,40,2
2013-01-23 16:49:00.759077+00:00,8.08,17.04,25.82,2225.685965572669,5.698808800594553,-138.7026606102054,41,3
2013-01-23 16:50:00.759072+00:00,8.08,17.04,25.82,2037.1638027069373,5.698808800594553,-138.7026606102054,43,2
2013-01-23 16:51:00.759068+00:00,8.08,17.04,25.82,2254.7271242124666,5.62138832749013,-138.85750155641426,42,2
2013-01-23 16:52:00.759063+00:00,8.12,17.11,25.92,2353.6527699334965,5.3208981160864255,-139.45848197922172,41,3
2013-01-23 16:53:00.759059+00:00,8.12,17.11,25.92,2362.805294325678,5.2013063517672995,-139.69766550785994,40,2
2013-01-23 16:54:00.759054+00:00,8.16,17.18,26.03,2383.308848774365,5.397640971030543,-139.30499626933346,42,2
2013-01-23 16:55:00.759050+00:00,8.19,17.26,26.14,2460.7795921859456,5.2013063517672995,-139.69766550785994,42,2
2013-01-23 16:56:00.759045+00:00,8.19,17.26,26.14,2394.6598788308684,5.278376774833333,-139.54352466172787,43,2
2013-01-23 16:57:00.759040+00:00,8.19,17.26,26.14,2443.100780779865,5.180045681140753,-139.74018684911306,42,3
2013-01-23 16:58:00.759036+00:00,8.16,17.18,26.03,2371.95781871786,5.278376774833333,-139.54352466172787,43,2
2013-01-23 16:59:00.759031+00:00,8.17,17.22,26.09,2279.623950065762,5.2702153485274,-139.55984751433974,42,3
2013-01-23 17:00:00.759027+00:00,8.16,17.18,26.03,2249.017215632835,5.2702153485274,-139.55984751433974,42,2
2013-01-23 17:01:00.759022+00:00,8.16,17.18,26.03,2147.065084634241,5.209087011710487,-139.68210418797355,43,2
2013-01-23 17:03:00.759013+00:00,8.14,17.15,25.98,1828.6388847671851,5.235570466965976,-139.62913727746258,42,1
2013-01-23 17:04:00.759008+00:00,8.1,17.07,25.87,1809.7345812006772,5.278376774833333,-139.54352466172787,43,2
2013-01-23 17:05:00.759004+00:00,8.05,16.97,25.71,1809.7345812006772,5.295307206228771,-139.509663798937,43,3
2013-01-23 17:06:00.758999+00:00,8.01,16.9,25.6,1809.7345812006772,5.295307206228771,-139.509663798937,43,2
2013-01-23 17:07:00.758995+00:00,7.92,16.72,25.33,1808.0052410646801,5.286841990531052,-139.52659423033242,42,2
2013-01-23 17:08:00.758990+00:00,7.87,16.61,25.17,1793.9330771945374,5.286841990531052,-139.52659423033242,42,3
2013-01-23 17:09:00.758985+00:00,7.8,16.47,24.96,1694.6227778519751,5.286841990531052,-139.52659423033242,42,2
2013-01-23 17:10:00.758981+00:00,7.78,16.43,24.91,1781.5902534603933,5.278376774833333,-139.54352466172787,39,2
2013-01-23 17:11:00.758976+00:00,7.76,16.4,24.86,1781.5902534603933,5.278376774833333,-139.54352466172787,37,3
2013-01-23 17:12:00.758972+00:00,7.73,16.33,24.75,1694.6227778519751,5.286841990531052,-139.52659423033242,36,2
2013-01-23 17:13:00.758967+00:00,7.73,16.33,24.75,1694.6227778519751,5.286841990531052,-139.52659423033242,36,2
2013-01-23 17:14:00.758963+00:00,7.68,16.22,24.59,1595.524801793767,5.278376774833333,-139.54352466172787,35,3
2013-01-23 17:15:00.758958+00:00,7.61,16.08,24.38,1491.3588003906382,5.435116153304504,-139.23004590478553,34,2
2013-01-23 17:16:00.758953+00:00,7.54,15.95,24.18,1289.3492245763225,5.60216507262372,-138.89594806614707,32,2
2013-01-23 17:17:00.758949+00:00,7.5,15.88,24.07,1262.6303688806838,6.018908637713571,-138.06246093596738,31,2
2013-01-23 17:18:00.758944+00:00,7.43,15.74,23.86,1235.9243518064445,5.824156841290388,-138.45196452881373,28,3
2013-01-23 17:23:00.758921+00:00,7.42,15.71,23.81,1062.9101314616864,8.921403810028902,-132.25747059133673,17,1
2013-01-23 17:25:00.758912+00:00,7.45,15.77,23.92,1050.6267647264324,10.81280137145129,-128.47467546849197,12,1
2013-01-23 17:26:00.758908+00:00,7.45,15.77,23.92,1050.6267647264324,11.313045681071017,-127.47418684925249,10,1
2013-01-23 17:27:00.758903+00:00,7.43,15.74,23.86,1027.272669645342,10.81280137145129,-128.47467546849197,8,1
2013-01-23 17:52:00.758789+00:00,7.96,16.79,25.44,1798.7131353271102,4.473125693870903,-141.15402682365274,25,3
2013-01-23 17:53:00.758784+00:00,8.07,17.0,25.76,2028.4319521255504,4.757586284103779,-140.58510564318698,28,2
2013-01-23 17:54:00.758779+00:00,8.12,17.11,25.92,2028.4319521255504,4.846825919307251,-140.40662637278,30,3
2013-01-23 17:55:00.758775+00:00,8.17,17.22,26.09,2028.4319521255504,4.861731487990927,-140.37681523541266,32,2
2013-01-23 17:56:00.758770+00:00,8.26,17.4,26.36,2117.565216872435,5.007470663822609,-140.0853368837493,35,2
2013-01-23 17:57:00.758766+00:00,8.3,17.47,26.47,2117.565216872435,5.007741555436901,-140.08479510052072,37,3
2013-01-23 17:58:00.758761+00:00,8.39,17.66,26.75,2142.043150267638,5.599545350208133,-138.90118751097827,40,2
2013-01-23 17:59:00.758757+00:00,8.39,17.66,26.75,2142.043150267638,5.925010407846818,-138.25025739570088,42,3
2013-01-23 18:00:00.758752+00:00,8.39,17.66,26.75,2142.043150267638,5.925010407846818,-138.25025739570088,42,2
2013-01-23 18:01:00.758747+00:00,8.37,17.62,26.69,2149.3462622131688,5.9398439494411015,-138.22059031251231,43,2
2013-01-23 18:02:00.758743+00:00,8.41,17.69,26.8,2210.4846650159093,6.032039882464732,-138.03619844646508,43,2
2013-01-23 18:03:00.758738+00:00,8.41,17.69,26.8,2276.483018058706,6.397688932927117,-137.3049003455403,44,3
2013-01-23 18:04:00.758734+00:00,8.39,17.66,26.75,2331.124883767096,6.501804407112898,-137.09666939716874,44,2
2013-01-23 18:05:00.758729+00:00,8.39,17.66,26.75,2391.185173888551,6.749750142226564,-136.60077792694142,44,3
2013-01-23 18:06:00.758725+00:00,8.39,17.66,26.75,2474.160045313248,7.418583791476999,-135.2631106284405,44,2
2013-01-23 18:07:00.758720+00:00,8.43,17.73,26.86,2613.447053694841,7.677714453728951,-134.74484930393663,44,2
2013-01-23 18:08:00.758715+00:00,8.45,17.77,26.91,2554.444858803948,7.677714453728951,-134.74484930393663,44,3
2013-01-23 18:09:00.758711+00:00,8.47,17.81,26.97,2554.444858803948,7.233907687965688,-135.63246283546314,44,1
2013-01-23 18:11:00.758702+00:00,8.49,17.84,27.02,2294.659056868616,7.233907687965688,-135.63246283546314,44,2
2013-01-23 18:12:00.758697+00:00,8.43,17.73,26.86,2226.0104122548064,6.524723258739392,-137.05083169391574,45,3
2013-01-23 18:13:00.758692+00:00,8.43,17.73,26.86,2179.9154636145386,6.268928411859112,-137.5624213876763,44,2
2013-01-23 18:14:00.758688+00:00,8.41,17.69,26.8,2179.9154636145386,6.167200172845473,-137.7658778657036,42,3
2013-01-23 18:15:00.758683+00:00,8.39,17.66,26.75,2179.9154636145386,6.0240587182124115,-138.0521607749697,40,2
2013-01-23 18:16:00.758679+00:00,8.34,17.55,26.58,2149.3462622131688,5.714939406809566,-138.67039939777538,37,2
2013-01-23 18:17:00.758674+00:00,8.3,17.47,26.47,2149.3462622131688,5.704786832961854,-138.69070454547082,35,3
2013-01-23 18:18:00.758670+00:00,8.23,17.33,26.25,2129.5990968459423,5.401830026940352,-139.29661815751382,32,2
2013-01-23 18:19:00.758665+00:00,8.21,17.29,26.2,2129.5990968459423,5.187276365548981,-139.72572548029655,30,3
2013-01-23 18:20:00.758660+00:00,8.21,17.29,26.2,2129.5990968459423,5.187276365548981,-139.72572548029655,30,2
2013-01-23 18:21:00.758656+00:00,8.23,17.33,26.25,2129.5562468677385,5.0639087934420095,-139.97246062451052,29,2
2013-01-23 18:22:00.758651+00:00,8.25,17.36,26.31,2021.9374643149772,5.0639087934420095,-139.97246062451052,27,3
2013-01-23 18:23:00.758647+00:00,8.26,17.4,26.36,1868.0435916950926,4.586569815550476,-140.9271385802936,24,1
2013-01-23 19:06:00.758450+00:00,7.94,16.75,25.39,544.0046563277617,15.13221866950963,-119.83584087237527,2,1
2013-01-23 19:07:00.758445+00:00,7.98,16.82,25.49,544.0046563277617,15.13221866950963,-119.83584087237527,2,1
2013-01-23 20:08:00.758166+00:00,5.71,12.26,18.63,600.3180026768391,5.1858299384839786,-139.72861833442659,7,1
2013-01-23 20:09:00.758161+00:00,5.85,12.54,19.05,600.3180026768391,5.1858299384839786,-139.72861833442659,7,2
2013-01-23 20:10:00.758157+00:00,5.85,12.54,19.05,600.3180026768391,5.1858299384839786,-139.72861833442659,7,2
2013-01-23 20:11:00.758152+00:00,6.02,12.89,19.57,600.3180026768391,5.1858299384839786,-139.72861833442659,7,2
2013-01-23 21:06:00.757901+00:00,9.1,19.06,28.85,793.593514567382,3.5246395074041805,-143.05099919658616,16,2
2013-01-23 21:07:00.757896+00:00,9.44,19.74,29.87,793.593514567382,3.638873674600472,-142.8225308621936,18,2
2013-01-23 21:08:00.757891+00:00,9.6,20.06,30.35,793.593514567382,3.7037901890565976,-142.6926978332813,20,2
2013-01-23 21:09:00.757887+00:00,9.81,20.47,30.97,804.1075577464211,3.5927322325871494,-142.91481374622023,23,2
2013-01-23 21:10:00.757882+00:00,9.91,20.68,31.29,804.1075577464211,3.6925241373841096,-142.71522993662632,25,1
2013-01-23 21:11:00.757878+00:00,9.91,20.68,31.29,804.1075577464211,3.6925241373841096,-142.71522993662632,25,2
2013-01-23 21:12:00.757873+00:00,9.91,20.68,31.29,804.1075577464211,3.6925241373841096,-142.71522993662632,25,1
2013-01-23 21:13:00.757869+00:00,3.92,8.57,13.06,795.7085588547586,3.7037901890565976,-142.6926978332813,28,1
2013-01-23 21:14:00.757864+00:00,3.9,8.54,13.02,795.7085588547586,3.808390028062084,-142.48349815527035,30,1
2013-01-23 21:15:00.757859+00:00,3.9,8.54,13.02,806.7911144834136,3.922038693060805,-142.2562008252729,33,2
2013-01-23 21:16:00.757855+00:00,3.9,8.54,13.02,806.7911144834136,3.9985479822608703,-142.10318224687282,35,1
2013-01-23 21:17:00.757850+00:00,3.89,8.51,12.97,804.1075577464211,4.104785585986287,-141.89070703942198,35,2
2013-01-23 21:18:00.757846+00:00,3.86,8.45,12.87,804.1075577464211,4.181410707108321,-141.73745679717786,35,3
2013-01-23 21:19:00.757841+00:00,3.81,8.35,12.73,795.7085588547586,4.255555979589548,-141.5891662522154,34,2
2013-01-23 21:20:00.757836+00:00,3.81,8.35,12.73,795.7085588547586,4.317343613886536,-141.46559098362147,34,1
2013-01-23 21:22:00.757827+00:00,3.81,8.35,12.73,804.8347661425805,4.317343613886536,-141.46559098362147,32,2
2013-01-23 21:23:00.757823+00:00,3.8,8.32,12.68,805.5619745387401,4.33198093951646,-141.43631633236163,31,2
2013-01-23 21:24:00.757818+00:00,2.14,4.78,7.3,806.7911144834136,4.339021869630972,-141.42223447213257,29,3
2013-01-23 21:25:00.757814+00:00,2.12,4.73,7.23,818.5467765873898,4.335501404573717,-141.42927540224707,28,2
2013-01-23 21:26:00.757809+00:00,2.35,5.23,7.99,830.3024386913663,4.339021869630972,-141.42223447213257,27,3
2013-01-23 21:27:00.757804+00:00,2.72,6.03,9.2,830.3024386913663,4.344462757657402,-141.41135269607975,25,2
2013-01-23 21:28:00.757800+00:00,2.82,6.24,9.53,830.3024386913663,4.344462757657402,-141.41135269607975,23,2
2013-01-23 21:29:00.757795+00:00,2.94,6.49,9.91,817.9322066150532,4.507097665617273,-141.08608288016,20,1
2013-01-23 21:30:00.757791+00:00,2.95,6.53,9.96,817.9322066150532,4.486910691766999,-141.12645682786058,18,1
2013-01-23 21:43:00.757731+00:00,8.96,18.79,28.45,510.73773261521757,4.042536424048005,-142.01520536329852,4,1
2013-01-23 21:44:00.757727+00:00,8.96,18.79,28.45,510.73773261521757,4.042536424048005,-142.01520536329852,4,1
2013-01-23 21:45:00.757722+00:00,8.96,18.79,28.45,510.73773261521757,4.042536424048005,-142.01520536329852,4,1
2013-01-23 21:47:00.757713+00:00,5.43,11.7,17.78,510.73773261521757,4.042536424048005,-142.01520536329852,4,1
2013-01-24 00:41:00.767812+00:00,9.36,19.58,29.63,5891.890047969159,5.927220888224357,-141.39653210830411,1,1
2013-01-24 00:54:00.767753+00:00,2.7,5.99,9.15,1858.437574433853,6.22136952931483,-140.80823482612317,2,1
2013-01-24 01:02:00.767716+00:00,2.7,5.99,9.15,1858.437574433853,6.22136952931483,-140.80823482612317,2,1
2013-01-24 01:50:00.767496+00:00,3.89,8.51,12.97,1007.4521385872432,5.703553292904068,-141.84386729894467,1,1
2013-01-24 04:14:00.766837+00:00,5.97,12.79,19.43,571.8398215854949,5.34518812205455,-142.56059764064372,1,1
2013-01-24 18:47:00.764037+00:00,2.85,6.32,9.64,2063.9481455377922,7.387678827201164,-138.18039802948098,1,1
2013-01-25 03:50:00.763047+00:00,2.24,4.98,7.62,1324.4762162087661,3.6356890884860387,-142.75260128247126,1,1
2013-01-25 12:46:00.761589+00:00,3.51,7.71,11.75,3920.3850634382898,4.483498383089503,-144.77872628086843,1,1
2013-01-25 15:21:00.760880+00:00,0.0,0.0,0.0,659.6563136355528,2.8282121682020867,-148.08929871064328,1,1
2013-01-25 15:44:00.760775+00:00,7.33,15.53,23.56,2169.5403803909603,4.445424343296713,-144.85487436045403,1,1
2013-01-25 16:09:00.760660+00:00,2.44,5.42,8.29,4994.214662226377,3.6398706861901498,-146.46598167466718,1,1
2013-01-25 17:24:00.760317+00:00,0.0,0.0,0.0,999.7707362194757,5.8596135010909025,-142.02649604486564,1,1
2013-01-25 19:16:00.759804+00:00,0.0,0.0,0.0,636.6484896202359,5.885143754193822,-141.9754355386598,1,1
2013-01-25 23:43:00.758582+00:00,0.0,0.0,0.0,1049.194703991712,9.063352352278878,-135.6190183424897,2,1
2013-01-26 00:10:00.768700+00:00,5.31,11.45,17.41,4737.741014575993,8.831119692843085,-135.36070944012602,1,1
2013-01-26 00:50:00.768517+00:00,3.57,7.84,11.95,1733.549280251282,5.611272468506728,-141.80040388879868,2,1
2013-01-26 01:00:00.768471+00:00,8.64,18.14,27.47,1733.549280251282,5.611272468506728,-141.80040388879868,2,1
2013-01-26 02:37:00.768027+00:00,8.64,18.14,27.47,948.3075513577867,4.4526125341335385,-144.1177237575451,1,1
2013-01-26 04:19:00.767560+00:00,0.94,2.13,3.25,500.7297611299505,4.7339526138908825,-143.5550435980304,1,1
2013-01-26 05:22:00.767272+00:00,5.48,11.79,17.92,3818.0906375677587,6.471934519824322,-140.0790797861635,4,2
2013-01-26 05:24:00.767263+00:00,8.39,17.66,26.75,3818.0906375677587,6.471934519824322,-140.0790797861635,4,1
2013-01-26 05:27:00.767249+00:00,8.37,17.62,26.69,3818.0906375677587,6.471934519824322,-140.0790797861635,4,1
2013-01-26 10:41:00.765811+00:00,8.43,17.73,26.86,4002.052358854179,5.171010365309425,-142.68092809519334,1,1
2013-01-26 11:14:00.765660+00:00,0.0,0.0,0.0,69974.21716239363,6.226870482607776,-140.5692078605966,1,1
2013-01-26 12:28:00.767672+00:00,0.0,0.0,0.0,675.562728913873,4.45167148978234,-143.29008682428298,1,1
2013-01-26 12:45:00.767594+00:00,6.93,14.73,22.34,3261.955475125779,6.070672895900935,-140.05208401204578,1,1
2013-01-26 13:53:00.767283+00:00,6.32,13.49,20.48,851.609090559782,4.7762765786828325,-142.64087664648198,1,1
2013-01-26 17:51:00.766193+00:00,0.0,0.0,0.0,1766.507106015481,4.656261707165261,-142.88090638951712,1,1
2013-01-26 18:11:00.766102+00:00,6.11,13.08,19.86,1051.3428631029492,7.93586691665218,-136.32169597054332,2,1
2013-01-26 18:12:00.766097+00:00,6.11,13.08,19.86,1051.3428631029492,7.93586691665218,-136.32169597054332,2,1
2013-01-26 20:42:00.765410+00:00,5.68,12.2,18.53,1866.9900116694166,4.585096678467592,-143.02323644691245,1,1
2013-01-26 23:42:00.764586+00:00,6.69,14.23,21.6,2994.524364966131,5.186202817573502,-141.82102416870066,1,1
2013-01-27 01:24:00.764715+00:00,6.75,14.37,21.8,2737.837486411229,5.248376927054314,-141.04381435182097,1,1
2013-01-27 02:07:00.764519+00:00,0.0,0.02,0.01,566.5501248263267,4.689463240761005,-142.16164172440762,2,1
2013-01-27 02:08:00.764514+00:00,0.0,0.02,0.01,566.5501248263267,4.689463240761005,-142.16164172440762,2,1
2013-01-27 03:50:00.764047+00:00,0.0,0.0,0.0,661.5268563122203,4.3648002793245215,-142.81096764728056,1,1
2013-01-27 12:57:00.761639+00:00,0.0,0.0,0.0,1847.0320192768438,6.234650520596713,-139.27444830987076,1,1
2013-01-27 14:34:00.761195+00:00,5.82,12.48,18.96,268786.01442263176,4.0836117652091,-143.576525820646,1,1
2013-01-27 15:06:00.761049+00:00,0.0,0.0,0.0,128772.96603266601,7.9129367021700965,-135.91787594672402,1,1
2013-01-27 16:13:00.760742+00:00,0.0,0.0,0.0,1021.4142551642295,3.8373728234325672,-144.06900370419908,1,1
2013-01-27 18:08:00.760215+00:00,8.96,18.79,28.45,2258.7105513171077,4.669914281416025,-142.40392078823214,1,1
2013-01-27 18:59:00.759982+00:00,0.0,0.02,0.01,1040.26000675737,5.646378078648119,-140.45099319376794,1,1
2013-01-27 21:48:00.759208+00:00,2.79,6.17,9.42,61412.557881845925,5.779692680257491,-140.18436399054923,1,1
2013-01-27 23:12:00.758824+00:00,4.28,9.32,14.2,724.322568621133,4.5912382515192665,-142.56127284802568,1,1
2013-01-28 01:50:00.769142+00:00,0.0,0.0,0.0,1885.944761995412,4.347761994113298,-144.24408884025377,1,1
2013-01-28 02:45:00.768890+00:00,0.0,0.0,0.0,2277.7793856648937,6.357540248558804,-140.22453233136272,1,1
2013-01-28 06:26:00.767879+00:00,4.86,10.53,16.02,964.7338918848137,4.838383106752604,-143.26284661497513,1,1
2013-01-28 08:11:00.767398+00:00,6.78,14.43,21.9,610.1488018879431,5.1726406323071945,-142.59433156386598,1,1
2013-01-28 20:08:00.765266+00:00,0.0,0.0,0.0,2339.318536943554,6.235305248899628,-137.91829088625607,1,1
2013-01-28 21:39:00.764849+00:00,8.25,17.36,26.31,2206.5119256617945,5.610653947366172,-139.167593489323,2,1
2013-01-28 21:41:00.764840+00:00,8.25,17.36,26.31,2206.5119256617945,5.610653947366172,-139.167593489323,2,1
2013-01-28 21:57:00.764767+00:00,10.36,21.58,32.64,646.2497739030663,4.8327764095035874,-140.72334856504813,1,1
2013-01-29 01:59:00.765455+00:00,7.11,15.1,22.9,1760.634707502552,6.0826759499265055,-136.7677891170327,1,1
2013-01-29 08:47:00.763588+00:00,7.38,15.64,23.71,924.7633059676756,3.5622782240432413,-141.80858456879926,1,1
2013-01-29 20:29:00.762470+00:00,0.0,0.0,0.0,2628.951572135916,5.544374161798585,-138.5946039095794,1,1
2013-01-29 22:24:00.761943+00:00,6.93,14.73,22.34,2005.1988583543107,5.365956927391596,-138.9514383783934,2,1
2013-01-29 22:25:00.761939+00:00,6.93,14.73,22.34,2005.1988583543107,5.365956927391596,-138.9514383783934,2,1
2013-01-30 02:40:00.761968+00:00,0.0,0.0,0.0,2927.519162365062,6.1884663927837575,-138.31591461542934,1,1
2013-01-30 03:11:00.761826+00:00,8.62,18.1,27.42,516.5597576113607,7.552186875819068,-135.58847364935872,1,1
2013-01-30 14:21:00.759654+00:00,9.74,20.35,30.79,533.8949451161603,5.859270285114782,-135.96951203102094,1,1
2013-01-31 00:27:00.767976+00:00,6.33,13.52,20.53,880.0780824197564,3.5517547811821157,-140.31566360675913,2,1
2013-01-31 00:32:00.767953+00:00,6.33,13.52,20.53,744.1026267494493,3.216035295195708,-140.98710257873196,3,1
2013-01-31 00:40:00.767917+00:00,6.33,13.52,20.53,636.9766920994075,2.860977264652791,-141.69721863981778,2,1
2013-01-31 07:51:00.765944+00:00,0.0,0.02,0.01,1232.4739578713925,11.245557559074758,-124.92805805097383,1,1
2013-01-31 08:08:00.765866+00:00,10.43,21.72,32.84,631.2656274254251,2.2977528957310733,-142.82366737766122,1,1
2013-01-31 08:41:00.765715+00:00,9.4,19.66,29.75,1670.4618620930096,8.099957129797668,-131.21925890952804,1,1
2013-01-31 11:10:00.765033+00:00,6.07,12.98,19.72,532.5607418151156,4.489394238561967,-138.44038469199944,1,1
2013-01-31 13:39:00.764147+00:00,9.28,19.42,29.39,2686.7144009457747,2.90627708987564,-140.27965846467782,1,1
2013-01-31 16:04:00.763483+00:00,6.91,14.7,22.3,597.4227827347943,4.4354961488041225,-137.22122034682087,1,1
2013-01-31 20:59:00.762133+00:00,4.59,9.97,15.18,1405.8329221166027,7.216621769977867,-131.6589691044734,3,1
2013-01-31 21:03:00.762114+00:00,5.85,12.54,19.05,38869.937713046274,12.863922598617535,-120.36436744719404,7,1
2013-01-31 21:09:00.762087+00:00,5.85,12.54,19.05,26014.031870666422,14.611292116614914,-116.86962841119929,8,1
2013-01-31 21:11:00.762078+00:00,5.85,12.54,19.05,13158.126028286564,12.863922598617535,-120.36436744719404,9,1
2013-01-31 21:12:00.762073+00:00,5.85,12.54,19.05,13158.126028286564,12.863922598617535,-120.36436744719404,9,1
2013-01-31 21:13:00.762069+00:00,5.85,12.54,19.05,13158.126028286564,12.863922598617535,-120.36436744719404,9,3
2013-01-31 21:18:00.762046+00:00,5.85,12.54,19.05,13158.126028286564,12.863922598617535,-120.36436744719404,9,1
2013-01-31 21:20:00.762036+00:00,5.85,12.54,19.05,26014.031870666422,11.664368317380712,-122.7634760096677,8,1
2013-01-31 21:24:00.762018+00:00,3.15,6.94,10.59,1213.4965883780835,8.062915764383675,-129.96638111566176,3,1
2013-01-31 21:41:00.761940+00:00,0.0,0.02,0.0,1040.7042165441783,4.373100477718837,-137.34601168899144,1,1
2013-02-01 00:13:00.764040+00:00,5.5,11.82,17.97,61067.94610105897,4.012108058824124,-138.4590378674585,1,1
2013-02-01 03:46:00.763065+00:00,1.18,2.65,4.06,5308.882705473299,3.4837374208592675,-139.51577914338822,2,1
2013-02-01 03:48:00.763056+00:00,1.18,2.65,4.06,5308.882705473299,3.4837374208592675,-139.51577914338822,2,1
2013-02-01 08:07:00.761871+00:00,4.91,10.62,16.16,3693.3571723570226,3.8114924272102977,-138.86026913068616,1,1
2013-02-01 15:06:00.759449+00:00,1.33,2.98,4.56,2465.313110583931,5.37420420629134,-135.02323614751856,1,1
2013-02-01 19:39:00.758199+00:00,1.08,2.44,3.73,526.0478507665699,4.842222256886325,-136.0872000463286,1,1
2013-02-01 23:17:00.757201+00:00,0.0,0.0,0.0,1646.2305016765586,5.8669343604044375,-134.03777583929238,1,1
2013-02-02 01:15:00.768502+00:00,0.0,0.02,0.0,2996.148513350962,3.9404724871387966,-138.76914759336313,1,1
2013-02-02 06:47:00.766983+00:00,5.68,12.2,18.53,918.5090808776006,4.810631174221822,-137.02883021919706,1,1
2013-02-02 07:40:00.766740+00:00,1.43,3.22,4.93,1019.376059679014,4.4597849642745855,-137.73052263909156,1,1
2013-02-02 13:48:00.766406+00:00,0.57,1.3,1.98,20304.796000287868,5.057141312533521,-136.61963817477601,2,2
2013-02-02 14:50:00.766122+00:00,3.08,6.81,10.39,2150.978100286231,8.320222692962611,-130.09347541391782,2,1
2013-02-02 14:51:00.766117+00:00,0.0,0.02,0.0,2150.978100286231,8.320222692962611,-130.09347541391782,2,1
2013-02-03 02:01:00.764946+00:00,2.08,4.65,7.1,105007.44238877614,5.537049866715976,-136.40563927421363,6,1
2013-02-03 02:02:00.764941+00:00,2.08,4.65,7.1,105007.44238877614,5.537049866715976,-136.40563927421363,6,3
2013-02-03 02:03:00.764937+00:00,2.08,4.65,7.1,105007.44238877614,5.537049866715976,-136.40563927421363,6,2
2013-02-03 03:58:00.764410+00:00,2.46,5.46,8.35,7995.687412068025,4.472730069737186,-138.53427886817119,1,1
2013-02-03 12:44:00.761899+00:00,6.98,14.83,22.49,1108.1584929483784,4.1917730293837145,-140.08939478857377,1,1
2013-02-04 00:42:00.769453+00:00,3.1,6.84,10.44,83757.46670881305,5.192045523278216,-137.41591086394138,6,1
2013-02-04 00:43:00.769449+00:00,3.24,7.14,10.9,83757.46670881305,5.192045523278216,-137.41591086394138,6,3
2013-02-04 00:44:00.769444+00:00,3.27,7.21,11.0,83757.46670881305,5.192045523278216,-137.41591086394138,6,2
2013-02-04 01:01:00.769366+00:00,3.27,7.21,11.0,2238.172886447002,4.603570711646848,-138.5928604872041,3,2
2013-02-04 01:06:00.769344+00:00,6.03,12.92,19.62,2238.172886447002,4.603570711646848,-138.5928604872041,3,1
2013-02-04 12:03:00.768386+00:00,4.67,10.13,15.41,680.7731973944394,2.908364316810151,-143.46912109294786,2,1
2013-02-04 12:04:00.768382+00:00,4.67,10.13,15.41,680.7731973944394,2.908364316810151,-143.46912109294786,2,1
2013-02-04 12:38:00.768226+00:00,6.18,13.2,20.05,734.0474539763412,8.34734822497146,-132.59115327662522,1,1
2013-02-04 13:41:00.767938+00:00,9.52,19.9,30.11,1153.0504417761333,5.016272286165422,-139.2533051542373,1,1
2013-02-04 22:06:00.765626+00:00,0.0,0.02,0.0,2985.70861062477,6.442006617694032,-136.40183649118006,2,1
2013-02-04 22:11:00.765603+00:00,0.0,0.02,0.0,2985.70861062477,6.442006617694032,-136.40183649118006,2,1
2013-02-04 22:25:00.765539+00:00,9.1,19.06,28.85,1533.6495144674411,5.166417639503548,-138.95301444756106,2,1
2013-02-04 22:26:00.765534+00:00,9.1,19.06,28.85,1533.6495144674411,5.166417639503548,-138.95301444756106,2,1
2013-02-05 00:05:00.766177+00:00,7.18,15.23,23.1,835.6984822908812,1.7333173500729526,-145.58897871129557,1,1
2013-02-05 08:24:00.763893+00:00,3.57,7.84,11.95,2194.299766063691,10.861761201021958,-127.33209100939754,1,1
2013-02-05 10:59:00.763183+00:00,0.0,0.02,0.0,670.8526624360201,3.336133238312064,-142.38334693481733,1,1
2013-02-05 11:50:00.762950+00:00,0.0,0.02,0.0,3503.6974823362675,8.13099815002545,-132.79361711139057,1,1
2013-02-05 13:43:00.763628+00:00,0.0,0.0,0.0,1650.8661261058535,5.213968608108886,-140.47525216853657,1,1
2013-02-05 14:22:00.763450+00:00,0.0,0.02,0.0,2671.413189451848,4.437674390106767,-142.0278406045408,1,1
2013-02-05 16:19:00.762914+00:00,4.46,9.69,14.76,2682.0255403754827,6.821670541487879,-137.25984830177856,1,1
2013-02-05 17:25:00.762612+00:00,5.89,12.63,19.19,1030.0470722479945,4.5454451223486405,-141.81229914005706,1,1
2013-02-05 19:02:00.762168+00:00,8.32,17.51,26.53,4479.573035042637,5.9390620340645315,-139.0250653166253,2,1
2013-02-05 19:07:00.762145+00:00,8.32,17.51,26.53,4479.573035042637,5.9390620340645315,-139.0250653166253,2,1
2013-02-06 01:08:00.760589+00:00,1.27,2.85,4.37,559.2183453081568,1.8667180558107812,-143.68879983229573,1,1
2013-02-06 02:06:00.760323+00:00,0.0,0.02,0.0,751.8216019662334,10.112347385540007,-127.19754117283728,1,1
2013-02-06 02:36:00.760186+00:00,7.15,15.16,23.0,500.77826981295283,5.7224690450248925,-135.9772978538675,1,1
2013-02-06 04:27:00.759678+00:00,0.01,0.02,0.04,709.7202704550491,3.528562953304653,-140.365110037308,1,1
2013-02-06 07:56:00.758721+00:00,0.73,1.65,2.53,885.0047884423085,7.320943950300642,-132.78034804331605,1,1
2013-02-06 11:46:00.757668+00:00,3.66,8.03,12.24,724.2385942760628,5.050983622111235,-137.32026869969485,1,1
2013-02-06 17:47:00.758512+00:00,0.94,2.13,3.25,1305.7528014040026,3.972482734799528,-144.13973853527426,1,1
2013-02-06 20:20:00.757811+00:00,7.49,15.84,24.02,4502.933706672628,6.901608536860915,-138.28148693115142,1,1
2013-02-07 11:53:00.763436+00:00,0.0,0.0,0.0,532.1381839187939,5.447184062279915,-140.18952825622705,1,1
2013-02-07 18:26:00.763433+00:00,0.0,0.0,0.0,852.4754080784979,5.842875712513783,-138.47852401386638,1,1
2013-02-08 00:37:00.763231+00:00,0.0,0.0,0.0,255405.14500526656,6.2908221330924095,-139.26869297256144,1,1
2013-02-08 02:12:00.762796+00:00,0.0,0.0,0.0,9901.589115121065,4.701659282693416,-142.44701867335942,2,1
2013-02-08 02:13:00.762791+00:00,0.0,0.0,0.0,9901.589115121065,4.701659282693416,-142.44701867335942,2,1
2013-02-08 11:21:00.760283+00:00,0.0,0.0,0.0,27504.448037809478,5.520087507630863,-140.81016222348453,3,2
2013-02-08 11:22:00.760278+00:00,0.0,0.0,0.0,27504.448037809478,5.520087507630863,-140.81016222348453,3,1
