interp_r,interp_d,interp_mp1,interp_mp2,interp_mp3
0,3.287002,12.14371,20.8308,29.50517
10,3.287011,12.09431,20.85329,29.62803
20,3.287031,12.07295,20.84769,29.63108
30,3.287065,12.06736,20.84769,29.62159
40,3.287112,12.06737,20.86615,29.655
50,3.287172,12.06929,20.85884,29.63917
60,3.287246,12.06741,20.85332,29.63366
70,3.287333,12.06743,20.85334,29.62996
80,3.287434,12.06746,20.85336,29.62807
90,3.287548,12.06749,20.84966,29.63921
100,3.287675,12.06752,20.84969,29.63923
110,3.287816,12.06756,20.84971,29.63372
120,3.28797,12.06761,20.84973,29.63003
130,3.288138,12.06765,20.84786,29.63005
140,3.288318,12.0677,20.84789,29.62817
150,3.288513,12.06775,20.84792,29.62819
160,3.288721,12.06781,20.84795,29.63382
170,3.288942,12.06787,20.84799,29.63013
180,3.289177,12.06793,20.84802,29.63016
190,3.289425,12.068,20.84806,29.63019
200,3.289686,12.06807,20.8481,29.62832
210,3.289961,12.06814,20.84814,29.62835
220,3.290249,12.06822,20.84819,29.62838
230,3.29055,12.0683,20.84824,29.63031
240,3.290865,12.06838,20.84829,29.63034
250,3.291193,12.06847,20.84834,29.63038
260,3.291535,12.06857,20.84839,29.62852
270,3.29189,12.06866,20.84845,29.62856
280,3.292258,12.06876,20.8485,29.6286
290,3.292639,12.06886,20.84856,29.62864
300,3.293035,12.06897,20.84863,29.63058
310,3.293443,12.06908,20.84869,29.63063
320,3.293864,12.06919,20.84875,29.62878
330,3.2943,12.06931,20.84882,29.62883
340,3.294748,12.06943,20.84889,29.62888
350,3.295209,12.06956,20.84896,29.62893
360,3.295684,12.06969,20.84904,29.62898
370,3.296173,12.06982,20.84912,29.63093
380,3.296674,12.06995,20.84919,29.62909
390,3.297189,12.07009,20.84927,29.62914
400,3.297717,12.07024,20.84935,29.6292
410,3.298259,12.07038,20.84944,29.62926
420,3.298814,12.07053,20.84953,29.62932
430,3.299381,12.07069,20.84962,29.62938
440,3.299963,12.07084,20.84971,29.62945
450,3.300557,12.07101,20.8498,29.62951
460,3.301164,12.07117,20.8499,29.62958
470,3.301785,12.07134,20.84999,29.62965
480,3.30242,12.07151,20.85009,29.62972
490,3.303067,12.07168,20.85019,29.62979
500,3.303728,12.07186,20.85029,29.62986
510,3.304402,12.07205,20.8504,29.62994
520,3.305089,12.07223,20.85051,29.63001
530,3.305789,12.07242,20.85062,29.63009
540,3.306503,12.07262,20.85073,29.63017
550,3.307229,12.07281,20.85084,29.63025
560,3.307969,12.07301,20.85096,29.63033
570,3.308722,12.07322,20.85108,29.63041
580,3.309488,12.07342,20.8512,29.6305
590,3.310267,12.07364,20.85132,29.63058
600,3.311059,12.07385,20.85144,29.63067
610,3.311865,12.07407,20.85157,29.63076
620,3.312683,12.07429,20.8517,29.63085
630,3.313515,12.07452,20.85183,29.63094
640,3.31436,12.07475,20.85196,29.63103
650,3.315217,12.07498,20.8521,29.63113
660,3.316089,12.07522,20.85224,29.63123
670,3.316972,12.07546,20.85237,29.63132
680,3.31787,12.0757,20.85251,29.63142
690,3.31878,12.07595,20.85266,29.63152
700,3.319703,12.0762,20.8528,29.63163
710,3.320639,12.07645,20.85295,29.63173
720,3.321588,12.07671,20.8531,29.63184
730,3.322551,12.07697,20.85325,29.63194
740,3.323526,12.07724,20.8534,29.63205
750,3.324513,12.07751,20.85356,29.63216
760,3.325515,12.07778,20.85372,29.63227
770,3.326529,12.07806,20.85388,29.63238
780,3.327556,12.07834,20.85404,29.6325
790,3.328596,12.07862,20.8542,29.63261
800,3.329648,12.07891,20.85437,29.63273
810,3.330714,12.0792,20.85454,29.63284
820,3.331793,12.07949,20.85471,29.63297
830,3.332885,12.07979,20.85488,29.63309
840,3.333989,12.08009,20.85506,29.63321
850,3.335106,12.0804,20.85523,29.63333
860,3.336236,12.08071,20.85541,29.63346
870,3.337379,12.08102,20.85559,29.63358
880,3.338535,12.08134,20.85577,29.63372
890,3.339703,12.08166,20.85596,29.63385
900,3.340884,12.08198,20.85615,29.63398
910,3.342079,12.08231,20.85634,29.63411
920,3.343285,12.08264,20.85653,29.63424
930,3.344505,12.08297,20.85672,29.63438
940,3.345737,12.08331,20.85691,29.63452
950,3.346982,12.08365,20.85711,29.63465
960,3.34824,12.08399,20.85731,29.63479
970,3.34951,12.08434,20.85751,29.63494
980,3.350793,12.08469,20.85772,29.63508
990,3.352089,12.08505,20.85792,29.63523
1000,3.353397,12.08541,20.85813,29.63537
1010,3.354718,12.08577,20.85834,29.63552
1020,3.356052,12.08614,20.85855,29.63567
1030,3.357398,12.08651,20.85876,29.63582
1040,3.358757,12.08688,20.85898,29.63597
1050,3.360128,12.08726,20.8592,29.63612
1060,3.361512,12.08764,20.85942,29.63628
1070,3.362909,12.08803,20.85964,29.63643
1080,3.364318,12.08841,20.85987,29.63659
1090,3.36574,12.0888,20.86009,29.63675
1100,3.367173,12.0892,20.86032,29.63691
1110,3.36862,12.0896,20.86055,29.63707
1120,3.370079,12.09,20.86079,29.63724
1130,3.371551,12.09041,20.86102,29.63741
1140,3.373034,12.09082,20.86126,29.63757
1150,3.374531,12.09123,20.8615,29.63774
1160,3.376039,12.09165,20.86174,29.63791
1170,3.37756,12.09207,20.86198,29.63808
1180,3.379094,12.09249,20.86223,29.63825
1190,3.380639,12.09292,20.86247,29.63843
1200,3.382197,12.09335,20.86272,29.6386
1210,3.383768,12.09378,20.86297,29.63878
1220,3.38535,12.09422,20.86323,29.63896
1230,3.386945,12.09466,20.86348,29.63914
1240,3.388552,12.09511,20.86374,29.63932
1250,3.390172,12.09556,20.864,29.6395
1260,3.391804,12.09601,20.86427,29.63969
1270,3.393447,12.09647,20.86453,29.63987
1280,3.395103,12.09693,20.86479,29.64006
1290,3.396772,12.09739,20.86506,29.64025
1300,3.398452,12.09786,20.86533,29.64044
1310,3.400145,12.09833,20.86561,29.64063
1320,3.401849,12.0988,20.86588,29.64083
1330,3.403566,12.09928,20.86616,29.64102
1340,3.405295,12.09976,20.86644,29.64121
1350,3.407036,12.10025,20.86672,29.64141
1360,3.408788,12.10074,20.867,29.64161
1370,3.410553,12.10123,20.86728,29.64181
1380,3.412331,12.10172,20.86757,29.64201
1390,3.414119,12.10222,20.86786,29.64222
1400,3.41592,12.10273,20.86815,29.64242
1410,3.417733,12.10324,20.86844,29.64263
1420,3.419558,12.10374,20.86874,29.64284
1430,3.421394,12.10426,20.86904,29.64305
1440,3.423243,12.10477,20.86934,29.64326
1450,3.425104,12.1053,20.86964,29.64347
1460,3.426976,12.10582,20.86994,29.64368
1470,3.42886,12.10635,20.87025,29.6439
1480,3.430756,12.10688,20.87056,29.64411
1490,3.432664,12.10741,20.87086,29.64433
1500,3.434583,12.10795,20.87118,29.64455
1510,3.436515,12.1085,20.87149,29.64477
1520,3.438457,12.10904,20.87181,29.64499
1530,3.440412,12.10959,20.87213,29.64522
1540,3.442379,12.11014,20.87245,29.64544
1550,3.444357,12.1107,20.87277,29.64567
1560,3.446347,12.11126,20.87309,29.6459
1570,3.448348,12.11183,20.87342,29.64613
1580,3.450361,12.11239,20.87375,29.64636
1590,3.452386,12.11296,20.87408,29.64659
1600,3.454422,12.11354,20.87441,29.64682
1610,3.45647,12.11412,20.87475,29.64706
1620,3.458529,12.1147,20.87508,29.6473
1630,3.4606,12.11528,20.87542,29.64754
1640,3.462682,12.11587,20.87576,29.64778
1650,3.464776,12.11646,20.87611,29.64802
1660,3.466881,12.11706,20.87645,29.64826
1670,3.468997,12.11766,20.8768,29.64851
1680,3.471125,12.11826,20.87715,29.64875
1690,3.473265,12.11887,20.8775,29.649
1700,3.475416,12.11948,20.87786,29.64925
1710,3.477578,12.12009,20.87821,29.6495
1720,3.479751,12.12071,20.87857,29.64975
1730,3.481936,12.12133,20.87893,29.65001
1740,3.484132,12.12196,20.87929,29.65026
1750,3.48634,12.12258,20.87965,29.65051
1760,3.488558,12.12322,20.88002,29.65077
1770,3.490788,12.12385,20.88039,29.65103
1780,3.493029,12.12449,20.88076,29.65129
1790,3.495281,12.12513,20.88113,29.65155
1800,3.497545,12.12578,20.88151,29.65182
1810,3.499819,12.12643,20.88188,29.65208
1820,3.502104,12.12708,20.88226,29.65235
1830,3.504401,12.12774,20.88264,29.65261
1840,3.506709,12.1284,20.88303,29.65289
1850,3.509028,12.12906,20.88341,29.65316
1860,3.511358,12.12973,20.8838,29.65343
1870,3.513698,12.1304,20.88419,29.6537
1880,3.51605,12.13107,20.88457,29.65398
1890,3.518413,12.13175,20.88497,29.65425
1900,3.520786,12.13243,20.88537,29.65453
1910,3.523171,12.13312,20.88576,29.65481
1920,3.525566,12.13381,20.88616,29.65509
1930,3.527973,12.1345,20.88657,29.65538
1940,3.53039,12.1352,20.88697,29.65566
1950,3.532818,12.1359,20.88737,29.65595
1960,3.535257,12.1366,20.88778,29.65623
1970,3.537706,12.1373,20.88819,29.65652
1980,3.540166,12.13802,20.8886,29.65681
1990,3.542638,12.13873,20.88902,29.6571
2000,3.545119,12.13945,20.88943,29.6574
2010,3.547611,12.14017,20.88985,29.65769
2020,3.550114,12.14089,20.89027,29.65799
2030,3.552629,12.14162,20.89069,29.65828
2040,3.555153,12.14235,20.89112,29.65858
2050,3.557688,12.14309,20.89154,29.65888
2060,3.560233,12.14382,20.89197,29.65918
2070,3.56279,12.14457,20.8924,29.65949
2080,3.565356,12.14531,20.89284,29.65979
2090,3.567934,12.14606,20.89327,29.6601
2100,3.570521,12.14681,20.89371,29.6604
2110,3.573119,12.14757,20.89415,29.66072
2120,3.575727,12.14833,20.89459,29.66102
2130,3.578347,12.14909,20.89503,29.66133
2140,3.580976,12.14986,20.89547,29.66165
2150,3.583616,12.15063,20.89592,29.66197
2160,3.586266,12.1514,20.89637,29.66228
2170,3.588926,12.15218,20.89682,29.6626
2180,3.591597,12.15296,20.89728,29.66292
2190,3.594278,12.15375,20.89773,29.66324
2200,3.596969,12.15453,20.89819,29.66356
2210,3.59967,12.15532,20.89865,29.66388
2220,3.602382,12.15612,20.89911,29.66421
2230,3.605104,12.15692,20.89957,29.66453
2240,3.607836,12.15772,20.90004,29.66486
2250,3.610579,12.15853,20.90051,29.66519
2260,3.613331,12.15933,20.90098,29.66552
2270,3.616093,12.16015,20.90145,29.66586
2280,3.618865,12.16096,20.90193,29.66619
2290,3.621648,12.16178,20.9024,29.66653
2300,3.624441,12.16261,20.90288,29.66686
2310,3.627243,12.16343,20.90336,29.6672
2320,3.630055,12.16426,20.90384,29.66754
2330,3.632878,12.1651,20.90433,29.66788
2340,3.63571,12.16594,20.90482,29.66822
2350,3.638553,12.16677,20.90531,29.66857
2360,3.641405,12.16762,20.90579,29.66891
2370,3.644267,12.16847,20.90629,29.66926
2380,3.647139,12.16932,20.90678,29.66961
2390,3.650021,12.17018,20.90728,29.66996
2400,3.652912,12.17103,20.90778,29.67031
2410,3.655813,12.1719,20.90828,29.67066
2420,3.658724,12.17276,20.90878,29.67102
2430,3.661646,12.17363,20.90929,29.67137
2440,3.664576,12.1745,20.90979,29.67173
2450,3.667516,12.17538,20.9103,29.67209
2460,3.670465,12.17626,20.91082,29.67245
2470,3.673425,12.17714,20.91133,29.67281
2480,3.676394,12.17803,20.91184,29.67317
2490,3.679373,12.17892,20.91236,29.67354
2500,3.682361,12.17981,20.91288,29.6739
2510,3.685359,12.18071,20.9134,29.67427
2520,3.688366,12.18161,20.91393,29.67464
2530,3.691382,12.18252,20.91445,29.67501
2540,3.694409,12.18342,20.91498,29.67538
2550,3.697444,12.18434,20.91551,29.67575
2560,3.70049,12.18525,20.91604,29.67613
2570,3.703544,12.18617,20.91658,29.67651
2580,3.706608,12.18709,20.91711,29.67689
2590,3.709681,12.18802,20.91765,29.67727
2600,3.712763,12.18895,20.91819,29.67765
2610,3.715855,12.18988,20.91874,29.67803
2620,3.718956,12.19081,20.91928,29.67841
2630,3.722067,12.19175,20.91983,29.67879
2640,3.725185,12.1927,20.92038,29.67918
2650,3.728315,12.19364,20.92093,29.67957
2660,3.731453,12.19459,20.92148,29.67996
2670,3.7346,12.19555,20.92203,29.68035
2680,3.737756,12.1965,20.92259,29.68074
2690,3.740921,12.19746,20.92315,29.68114
2700,3.744096,12.19843,20.92371,29.68153
2710,3.74728,12.1994,20.92427,29.68193
2720,3.750473,12.20037,20.92484,29.68233
2730,3.753674,12.20134,20.92541,29.68273
2740,3.756884,12.20232,20.92597,29.68313
2750,3.760104,12.2033,20.92655,29.68353
2760,3.763333,12.20429,20.92712,29.68394
2770,3.76657,12.20527,20.9277,29.68434
2780,3.769816,12.20627,20.92827,29.68475
2790,3.773072,12.20726,20.92885,29.68516
2800,3.776336,12.20826,20.92943,29.68557
2810,3.779609,12.20926,20.93002,29.68598
2820,3.782892,12.21027,20.9306,29.68639
2830,3.786182,12.21128,20.93119,29.68681
2840,3.789481,12.21229,20.93178,29.68722
2850,3.792789,12.21331,20.93237,29.68764
2860,3.796106,12.21433,20.93297,29.68806
2870,3.799432,12.21535,20.93356,29.68848
2880,3.802766,12.21638,20.93416,29.6889
2890,3.806108,12.21741,20.93476,29.68932
2900,3.80946,12.21844,20.93537,29.68975
2910,3.81282,12.21948,20.93597,29.69017
2920,3.816189,12.22052,20.93658,29.6906
2930,3.819566,12.22157,20.93719,29.69103
2940,3.822953,12.22261,20.9378,29.69146
2950,3.826347,12.22367,20.93841,29.69189
2960,3.82975,12.22472,20.93903,29.69232
2970,3.833161,12.22578,20.93964,29.69276
2980,3.836581,12.22684,20.94026,29.6932
2990,3.840009,12.22791,20.94088,29.69363
3000,3.843446,12.22898,20.9415,29.69407
3010,3.846891,12.23005,20.94213,29.69451
3020,3.850344,12.23112,20.94276,29.69495
3030,3.853807,12.2322,20.94339,29.6954
3040,3.857276,12.23328,20.94402,29.69584
3050,3.860755,12.23437,20.94465,29.69629
3060,3.864242,12.23546,20.94529,29.69674
3070,3.867737,12.23655,20.94592,29.69719
3080,3.87124,12.23765,20.94656,29.69764
3090,3.874751,12.23875,20.9472,29.69809
3100,3.87827,12.23985,20.94785,29.69854
3110,3.881798,12.24096,20.94849,29.699
3120,3.885334,12.24207,20.94914,29.69946
3130,3.888878,12.24318,20.94979,29.69991
3140,3.89243,12.2443,20.95045,29.70037
3150,3.89599,12.24542,20.9511,29.70083
3160,3.899558,12.24655,20.95175,29.70129
3170,3.903134,12.24767,20.95241,29.70176
3180,3.906718,12.2488,20.95307,29.70222
3190,3.910311,12.24994,20.95373,29.70269
3200,3.913911,12.25108,20.9544,29.70316
3210,3.917519,12.25222,20.95506,29.70363
3220,3.921135,12.25336,20.95573,29.7041
3230,3.924759,12.25451,20.9564,29.70457
3240,3.928391,12.25566,20.95708,29.70505
3250,3.93203,12.25682,20.95775,29.70552
3260,3.935677,12.25798,20.95842,29.706
3270,3.939333,12.25914,20.9591,29.70648
3280,3.942996,12.2603,20.95979,29.70696
3290,3.946667,12.26147,20.96047,29.70744
3300,3.950346,12.26264,20.96115,29.70793
3310,3.954032,12.26382,20.96184,29.70841
3320,3.957726,12.265,20.96253,29.7089
3330,3.961428,12.26618,20.96322,29.70938
3340,3.965137,12.26737,20.96391,29.70987
3350,3.968854,12.26856,20.96461,29.71036
3360,3.972579,12.26975,20.96531,29.71085
3370,3.97631,12.27095,20.966,29.71135
3380,3.98005,12.27215,20.96671,29.71184
3390,3.983798,12.27335,20.96741,29.71233
3400,3.987552,12.27456,20.96811,29.71284
3410,3.991315,12.27577,20.96882,29.71333
3420,3.995085,12.27698,20.96953,29.71383
3430,3.998862,12.2782,20.97024,29.71433
3440,4.002646,12.27942,20.97095,29.71484
3450,4.006439,12.28065,20.97167,29.71534
3460,4.010239,12.28187,20.97239,29.71585
3470,4.014046,12.2831,20.97311,29.71636
3480,4.017859,12.28434,20.97383,29.71687
3490,4.021681,12.28558,20.97455,29.71738
3500,4.02551,12.28682,20.97528,29.71789
3510,4.029346,12.28806,20.97601,29.7184
3520,4.03319,12.28931,20.97674,29.71892
3530,4.037041,12.29056,20.97747,29.71943
3540,4.040899,12.29182,20.9782,29.71995
3550,4.044764,12.29308,20.97894,29.72047
3560,4.048636,12.29434,20.97968,29.72099
3570,4.052516,12.2956,20.98042,29.72151
3580,4.056403,12.29687,20.98116,29.72203
3590,4.060297,12.29814,20.98191,29.72256
3600,4.064198,12.29942,20.98265,29.72309
3610,4.068106,12.3007,20.9834,29.72362
3620,4.072021,12.30198,20.98415,29.72414
3630,4.075943,12.30326,20.9849,29.72468
3640,4.079873,12.30455,20.98566,29.72521
3650,4.083809,12.30585,20.98642,29.72574
3660,4.087752,12.30714,20.98717,29.72628
3670,4.091702,12.30844,20.98793,29.72682
3680,4.09566,12.30974,20.9887,29.72735
3690,4.099624,12.31105,20.98946,29.72789
3700,4.103594,12.31236,20.99023,29.72843
3710,4.107573,12.31367,20.991,29.72898
3720,4.111557,12.31499,20.99177,29.72952
3730,4.115549,12.31631,20.99254,29.73006
3740,4.119547,12.31763,20.99332,29.73061
3750,4.123553,12.31896,20.99409,29.73116
3760,4.127565,12.32029,20.99487,29.73171
3770,4.131584,12.32162,20.99566,29.73226
3780,4.135609,12.32296,20.99644,29.73281
3790,4.139642,12.3243,20.99722,29.73337
3800,4.143681,12.32564,20.99801,29.73392
3810,4.147726,12.32699,20.9988,29.73448
3820,4.151779,12.32834,20.99959,29.73504
3830,4.155838,12.32969,21.00039,29.7356
3840,4.159903,12.33105,21.00118,29.73616
3850,4.163975,12.33241,21.00198,29.73672
3860,4.168055,12.33377,21.00277,29.73729
3870,4.17214,12.33514,21.00358,29.73785
3880,4.176232,12.33651,21.00438,29.73842
3890,4.18033,12.33788,21.00519,29.73899
3900,4.184436,12.33926,21.00599,29.73956
3910,4.188547,12.34064,21.0068,29.74013
3920,4.192665,12.34203,21.00761,29.7407
3930,4.196789,12.34341,21.00843,29.74128
3940,4.20092,12.34481,21.00924,29.74186
3950,4.205057,12.3462,21.01006,29.74243
3960,4.2092,12.3476,21.01088,29.74301
3970,4.213351,12.349,21.0117,29.74359
3980,4.217508,12.3504,21.01253,29.74417
3990,4.221671,12.35181,21.01336,29.74475
4000,4.22584,12.35322,21.01418,29.74534
4010,4.230015,12.35464,21.01501,29.74593
4020,4.234197,12.35605,21.01584,29.74652
4030,4.238384,12.35748,21.01668,29.7471
4040,4.242579,12.3589,21.01752,29.74769
4050,4.246779,12.36033,21.01835,29.74828
4060,4.250986,12.36176,21.0192,29.74888
4070,4.255199,12.36319,21.02004,29.74947
4080,4.259418,12.36463,21.02088,29.75007
4090,4.263643,12.36607,21.02173,29.75067
4100,4.267875,12.36752,21.02258,29.75127
4110,4.272112,12.36897,21.02343,29.75187
4120,4.276356,12.37042,21.02428,29.75247
4130,4.280605,12.37187,21.02513,29.75307
4140,4.284861,12.37333,21.026,29.75368
4150,4.289124,12.37479,21.02685,29.75429
4160,4.293391,12.37626,21.02771,29.75489
4170,4.297665,12.37773,21.02857,29.75551
4180,4.301945,12.3792,21.02944,29.75612
4190,4.306231,12.38067,21.03031,29.75673
4200,4.310523,12.38215,21.03118,29.75734
4210,4.31482,12.38363,21.03204,29.75796
4220,4.319123,12.38512,21.03292,29.75857
4230,4.323433,12.38661,21.03379,29.75919
4240,4.327748,12.3881,21.03467,29.75981
4250,4.33207,12.38959,21.03555,29.76043
4260,4.336397,12.39109,21.03643,29.76105
4270,4.34073,12.39259,21.03732,29.76168
4280,4.345069,12.3941,21.0382,29.7623
4290,4.349413,12.39561,21.03909,29.76293
4300,4.353764,12.39712,21.03997,29.76356
4310,4.35812,12.39863,21.04087,29.76419
4320,4.362482,12.40015,21.04176,29.76482
4330,4.366849,12.40167,21.04266,29.76545
4340,4.371223,12.4032,21.04355,29.76608
4350,4.375602,12.40473,21.04445,29.76672
4360,4.379987,12.40626,21.04535,29.76736
4370,4.384377,12.40779,21.04626,29.768
4380,4.388773,12.40933,21.04716,29.76863
4390,4.393175,12.41087,21.04807,29.76928
4400,4.397582,12.41242,21.04898,29.76992
4410,4.401995,12.41397,21.04989,29.77057
4420,4.406413,12.41552,21.05081,29.77121
4430,4.410838,12.41707,21.05172,29.77186
4440,4.415267,12.41863,21.05264,29.7725
4450,4.419702,12.42019,21.05356,29.77316
4460,4.424143,12.42176,21.05448,29.77381
4470,4.428589,12.42333,21.0554,29.77446
4480,4.433041,12.4249,21.05633,29.77511
4490,4.437498,12.42647,21.05726,29.77577
4500,4.44196,12.42805,21.05819,29.77642
4510,4.446429,12.42963,21.05912,29.77709
4520,4.450902,12.43122,21.06005,29.77774
4530,4.45538,12.43281,21.06099,29.77841
4540,4.459865,12.4344,21.06193,29.77907
4550,4.464354,12.43599,21.06287,29.77973
4560,4.468849,12.43759,21.06381,29.7804
4570,4.473349,12.43919,21.06475,29.78107
4580,4.477854,12.4408,21.0657,29.78173
4590,4.482365,12.44241,21.06665,29.7824
4600,4.486882,12.44402,21.0676,29.78308
4610,4.491403,12.44563,21.06855,29.78375
4620,4.495929,12.44725,21.0695,29.78443
4630,4.500461,12.44887,21.07046,29.7851
4640,4.504998,12.45049,21.07142,29.78578
4650,4.50954,12.45212,21.07238,29.78646
4660,4.514088,12.45375,21.07334,29.78714
4670,4.518641,12.45539,21.07431,29.78782
4680,4.523198,12.45703,21.07527,29.78851
4690,4.527761,12.45867,21.07624,29.78918
4700,4.532329,12.46031,21.07721,29.78988
4710,4.536902,12.46196,21.07819,29.79056
4720,4.541481,12.46361,21.07916,29.79125
4730,4.546063,12.46526,21.08014,29.79194
4740,4.550653,12.46692,21.08112,29.79263
4750,4.555245,12.46858,21.0821,29.79333
4760,4.559844,12.47024,21.08308,29.79402
4770,4.564448,12.47191,21.08406,29.79472
4780,4.569056,12.47358,21.08505,29.79542
4790,4.573669,12.47525,21.08603,29.79612
4800,4.578288,12.47693,21.08703,29.79681
4810,4.582911,12.47861,21.08802,29.79752
4820,4.587539,12.4803,21.08902,29.79822
4830,4.592173,12.48198,21.09001,29.79893
4840,4.596811,12.48367,21.09101,29.79963
4850,4.601454,12.48537,21.09201,29.80034
4860,4.606102,12.48706,21.09302,29.80105
4870,4.610755,12.48876,21.09402,29.80176
4880,4.615413,12.49047,21.09503,29.80247
4890,4.620076,12.49217,21.09604,29.80318
4900,4.624743,12.49388,21.09705,29.8039
4910,4.629415,12.49559,21.09806,29.80461
4920,4.634092,12.49731,21.09907,29.80534
4930,4.638773,12.49903,21.10009,29.80606
4940,4.64346,12.50075,21.10111,29.80678
4950,4.648151,12.50248,21.10213,29.8075
4960,4.652847,12.50421,21.10315,29.80822
4970,4.657548,12.50594,21.10418,29.80894
4980,4.662253,12.50768,21.1052,29.80967
4990,4.666964,12.50941,21.10623,29.8104
5000,4.671678,12.51116,21.10726,29.81113
5010,4.676398,12.5129,21.1083,29.81186
5020,4.681122,12.51465,21.10933,29.81259
5030,4.685851,12.5164,21.11037,29.81333
5040,4.690584,12.51816,21.11141,29.81406
5050,4.695322,12.51991,21.11245,29.8148
5060,4.700065,12.52168,21.11349,29.81554
5070,4.704812,12.52344,21.11454,29.81627
5080,4.709563,12.52521,21.11559,29.81702
5090,4.71432,12.52698,21.11663,29.81776
5100,4.719081,12.52876,21.11769,29.8185
5110,4.723846,12.53053,21.11874,29.81925
5120,4.728617,12.53231,21.11979,29.82
5130,4.733391,12.5341,21.12085,29.82075
5140,4.738169,12.53589,21.12191,29.82149
5150,4.742953,12.53768,21.12297,29.82224
5160,4.74774,12.53947,21.12403,29.823
5170,4.752532,12.54127,21.1251,29.82375
5180,4.757329,12.54307,21.12617,29.82451
5190,4.762131,12.54487,21.12724,29.82526
5200,4.766935,12.54668,21.12831,29.82602
5210,4.771746,12.54849,21.12938,29.82678
5220,4.77656,12.5503,21.13046,29.82755
5230,4.781378,12.55212,21.13153,29.82831
5240,4.786201,12.55394,21.13261,29.82907
5250,4.791029,12.55576,21.13369,29.82983
5260,4.79586,12.55758,21.13477,29.8306
5270,4.800696,12.55941,21.13586,29.83137
5280,4.805536,12.56125,21.13695,29.83214
5290,4.810381,12.56308,21.13804,29.83291
5300,4.81523,12.56492,21.13913,29.83368
5310,4.820083,12.56676,21.14022,29.83446
5320,4.82494,12.56861,21.14131,29.83524
5330,4.829802,12.57046,21.14241,29.83601
5340,4.834667,12.57231,21.14351,29.83679
5350,4.839537,12.57416,21.14461,29.83757
5360,4.844411,12.57602,21.14572,29.83835
5370,4.84929,12.57788,21.14682,29.83913
5380,4.854172,12.57975,21.14793,29.83992
5390,4.859059,12.58162,21.14904,29.8407
5400,4.863949,12.58349,21.15015,29.84149
5410,4.868845,12.58536,21.15126,29.84228
5420,4.873744,12.58724,21.15238,29.84307
5430,4.878647,12.58912,21.1535,29.84386
5440,4.883554,12.591,21.15461,29.84465
5450,4.888465,12.59289,21.15574,29.84545
5460,4.893381,12.59478,21.15686,29.84624
5470,4.8983,12.59667,21.15798,29.84704
5480,4.903224,12.59857,21.15911,29.84784
5490,4.908151,12.60046,21.16024,29.84863
5500,4.913083,12.60237,21.16138,29.84943
5510,4.918018,12.60427,21.1625,29.85023
5520,4.922958,12.60618,21.16364,29.85104
5530,4.927901,12.6081,21.16478,29.85184
5540,4.932849,12.61001,21.16592,29.85265
5550,4.9378,12.61193,21.16706,29.85346
5560,4.942756,12.61385,21.1682,29.85427
5570,4.947715,12.61578,21.16935,29.85508
5580,4.952679,12.6177,21.17049,29.8559
5590,4.957646,12.61963,21.17164,29.85671
5600,4.962617,12.62157,21.17279,29.85752
5610,4.967592,12.62351,21.17395,29.85834
5620,4.972571,12.62545,21.1751,29.85916
5630,4.977553,12.62739,21.17626,29.85998
5640,4.982541,12.62934,21.17742,29.8608
5650,4.98753,12.63129,21.17858,29.86163
5660,4.992525,12.63324,21.17974,29.86245
5670,4.997523,12.6352,21.18091,29.86328
5680,5.002526,12.63716,21.18208,29.86411
5690,5.007531,12.63912,21.18324,29.86493
5700,5.01254,12.64109,21.18442,29.86576
5710,5.017553,12.64305,21.18559,29.86659
5720,5.02257,12.64503,21.18676,29.86743
5730,5.027591,12.647,21.18794,29.86826
5740,5.032616,12.64898,21.18912,29.8691
5750,5.037644,12.65096,21.1903,29.86994
5760,5.042676,12.65295,21.19149,29.87078
5770,5.047712,12.65493,21.19267,29.87161
5780,5.052751,12.65693,21.19386,29.87245
5790,5.057794,12.65892,21.19505,29.8733
5800,5.062841,12.66092,21.19624,29.87414
5810,5.067892,12.66292,21.19743,29.87499
5820,5.072946,12.66492,21.19862,29.87583
5830,5.078003,12.66693,21.19982,29.87668
5840,5.083065,12.66894,21.20102,29.87754
5850,5.08813,12.67095,21.20222,29.87839
5860,5.093198,12.67297,21.20342,29.87924
5870,5.09827,12.67498,21.20463,29.8801
5880,5.103346,12.67701,21.20584,29.88095
5890,5.108426,12.67903,21.20705,29.88181
5900,5.113508,12.68106,21.20826,29.88267
5910,5.118595,12.68309,21.20947,29.88353
5920,5.123685,12.68513,21.21068,29.88439
5930,5.128778,12.68717,21.2119,29.88525
5940,5.133876,12.68921,21.21312,29.88612
5950,5.138977,12.69125,21.21434,29.88698
5960,5.14408,12.6933,21.21556,29.88785
5970,5.149188,12.69535,21.21679,29.88872
5980,5.154298,12.6974,21.21802,29.88959
5990,5.159412,12.69946,21.21924,29.89046
6000,5.16453,12.70152,21.22047,29.89133
6010,5.169652,12.70358,21.22171,29.89221
6020,5.174777,12.70564,21.22294,29.89309
6030,5.179904,12.70771,21.22418,29.89396
6040,5.185036,12.70979,21.22542,29.89484
6050,5.190172,12.71186,21.22666,29.89572
6060,5.19531,12.71394,21.2279,29.8966
6070,5.200452,12.71602,21.22915,29.89749
6080,5.205598,12.7181,21.23039,29.89837
6090,5.210746,12.72019,21.23164,29.89926
6100,5.215899,12.72228,21.23289,29.90014
6110,5.221054,12.72438,21.23414,29.90103
6120,5.226213,12.72647,21.2354,29.90192
6130,5.231375,12.72857,21.23665,29.90281
6140,5.23654,12.73067,21.23791,29.90371
6150,5.241708,12.73278,21.23917,29.9046
6160,5.246881,12.73489,21.24043,29.9055
6170,5.252055,12.737,21.2417,29.9064
6180,5.257234,12.73912,21.24296,29.90729
6190,5.262415,12.74123,21.24423,29.9082
6200,5.267601,12.74335,21.2455,29.9091
6210,5.272789,12.74548,21.24678,29.91
6220,5.277981,12.74761,21.24805,29.9109
6230,5.283175,12.74974,21.24932,29.91181
6240,5.288373,12.75187,21.2506,29.91272
6250,5.293574,12.75401,21.25188,29.91363
6260,5.298779,12.75615,21.25317,29.91454
6270,5.303987,12.75829,21.25445,29.91545
6280,5.309197,12.76044,21.25574,29.91636
6290,5.314411,12.76258,21.25702,29.91728
6300,5.319628,12.76474,21.25831,29.91819
6310,5.324849,12.76689,21.2596,29.91911
6320,5.330072,12.76905,21.2609,29.92003
6330,5.335299,12.77121,21.26219,29.92095
6340,5.340528,12.77337,21.26349,29.92187
6350,5.345762,12.77554,21.26479,29.92279
6360,5.350997,12.77771,21.26609,29.92372
6370,5.356236,12.77988,21.2674,29.92464
6380,5.361478,12.78206,21.2687,29.92557
6390,5.366724,12.78424,21.27001,29.9265
6400,5.371972,12.78642,21.27132,29.92743
6410,5.377223,12.78861,21.27263,29.92836
6420,5.382477,12.7908,21.27394,29.9293
6430,5.387735,12.79299,21.27526,29.93023
6440,5.392995,12.79518,21.27658,29.93117
6450,5.398259,12.79738,21.2779,29.9321
6460,5.403525,12.79958,21.27922,29.93304
6470,5.408795,12.80178,21.28054,29.93398
6480,5.414068,12.80399,21.28187,29.93493
6490,5.419343,12.8062,21.2832,29.93587
6500,5.424621,12.80841,21.28452,29.93681
6510,5.429903,12.81063,21.28586,29.93776
6520,5.435188,12.81285,21.28719,29.93871
6530,5.440475,12.81507,21.28852,29.93965
6540,5.445765,12.81729,21.28986,29.94061
6550,5.451059,12.81952,21.2912,29.94156
6560,5.456355,12.82175,21.29254,29.94251
6570,5.461654,12.82399,21.29388,29.94347
6580,5.466956,12.82622,21.29523,29.94442
6590,5.472261,12.82846,21.29658,29.94538
6600,5.477569,12.83071,21.29793,29.94634
6610,5.482879,12.83295,21.29928,29.9473
6620,5.488194,12.8352,21.30063,29.94826
6630,5.49351,12.83745,21.30198,29.94922
6640,5.498829,12.83971,21.30334,29.95019
6650,5.504152,12.84196,21.3047,29.95115
6660,5.509477,12.84423,21.30606,29.95212
6670,5.514804,12.84649,21.30743,29.95309
6680,5.520135,12.84876,21.30879,29.95406
6690,5.525469,12.85103,21.31015,29.95503
6700,5.530805,12.8533,21.31152,29.956
6710,5.536144,12.85558,21.31289,29.95698
6720,5.541486,12.85785,21.31427,29.95795
6730,5.546832,12.86014,21.31564,29.95893
6740,5.552179,12.86242,21.31702,29.95991
6750,5.557529,12.86471,21.3184,29.96089
6760,5.562882,12.867,21.31978,29.96187
6770,5.568238,12.86929,21.32116,29.96285
6780,5.573596,12.87159,21.32254,29.96384
6790,5.578959,12.87389,21.32393,29.96482
6800,5.584322,12.87619,21.32532,29.96581
6810,5.589689,12.8785,21.32671,29.9668
6820,5.595058,12.88081,21.3281,29.96779
6830,5.600431,12.88312,21.32949,29.96878
6840,5.605805,12.88543,21.33089,29.96978
6850,5.611184,12.88775,21.33229,29.97077
6860,5.616564,12.89007,21.33369,29.97177
6870,5.621947,12.8924,21.33509,29.97276
6880,5.627332,12.89472,21.33649,29.97376
6890,5.632721,12.89705,21.3379,29.97476
6900,5.638112,12.89938,21.3393,29.97576
6910,5.643506,12.90172,21.34071,29.97677
6920,5.648901,12.90405,21.34212,29.97777
6930,5.654301,12.9064,21.34354,29.97878
6940,5.659702,12.90874,21.34495,29.97978
6950,5.665106,12.91109,21.34637,29.98079
6960,5.670513,12.91344,21.34779,29.9818
6970,5.675923,12.91579,21.34921,29.98281
6980,5.681334,12.91815,21.35063,29.98383
6990,5.686749,12.92051,21.35206,29.98484
7000,5.692167,12.92287,21.35349,29.98586
7010,5.697586,12.92523,21.35492,29.98687
7020,5.703008,12.9276,21.35634,29.98789
7030,5.708434,12.92997,21.35778,29.98891
7040,5.713861,12.93235,21.35921,29.98993
7050,5.71929,12.93472,21.36065,29.99095
7060,5.724723,12.9371,21.36209,29.99198
7070,5.730157,12.93948,21.36353,29.993
7080,5.735595,12.94187,21.36497,29.99403
7090,5.741035,12.94426,21.36642,29.99506
7100,5.746479,12.94665,21.36786,29.99609
7110,5.751923,12.94904,21.36931,29.99712
7120,5.75737,12.95144,21.37076,29.99815
7130,5.76282,12.95384,21.37222,29.99919
7140,5.768273,12.95624,21.37367,30.00022
7150,5.773728,12.95865,21.37513,30.00126
7160,5.779186,12.96106,21.37658,30.00229
7170,5.784645,12.96347,21.37804,30.00333
7180,5.790108,12.96588,21.37951,30.00438
7190,5.795573,12.9683,21.38097,30.00542
7200,5.80104,12.97072,21.38243,30.00647
7210,5.806509,12.97315,21.3839,30.00751
7220,5.811982,12.97557,21.38537,30.00856
7230,5.817457,12.978,21.38684,30.00961
7240,5.822933,12.98043,21.38832,30.01065
7250,5.828413,12.98287,21.38979,30.0117
7260,5.833894,12.98531,21.39127,30.01276
7270,5.839379,12.98775,21.39275,30.01381
7280,5.844864,12.99019,21.39423,30.01487
7290,5.850354,12.99264,21.39571,30.01592
7300,5.855844,12.99509,21.3972,30.01698
7310,5.861338,12.99754,21.39869,30.01804
7320,5.866834,12.99999,21.40018,30.0191
7330,5.872332,13.00245,21.40167,30.02016
7340,5.877833,13.00491,21.40316,30.02123
7350,5.883337,13.00738,21.40466,30.02229
7360,5.888841,13.00984,21.40615,30.02336
7370,5.89435,13.01231,21.40765,30.02443
7380,5.899858,13.01479,21.40915,30.0255
7390,5.905372,13.01726,21.41065,30.02657
7400,5.910886,13.01974,21.41216,30.02764
7410,5.916403,13.02222,21.41367,30.02871
7420,5.921921,13.0247,21.41517,30.02979
7430,5.927443,13.02719,21.41668,30.03087
7440,5.932967,13.02968,21.4182,30.03195
7450,5.938493,13.03218,21.41971,30.03302
7460,5.944021,13.03467,21.42123,30.0341
7470,5.949552,13.03717,21.42275,30.03518
7480,5.955084,13.03967,21.42426,30.03627
7490,5.96062,13.04217,21.42579,30.03735
7500,5.966156,13.04468,21.42731,30.03844
7510,5.971696,13.04719,21.42884,30.03953
7520,5.977238,13.0497,21.43036,30.04061
7530,5.982782,13.05222,21.43189,30.0417
7540,5.988328,13.05474,21.43343,30.0428
7550,5.993876,13.05726,21.43496,30.04389
7560,5.999426,13.05978,21.43649,30.04499
7570,6.004979,13.06231,21.43803,30.04608
7580,6.010535,13.06484,21.43957,30.04718
7590,6.016091,13.06737,21.44111,30.04828
7600,6.021651,13.06991,21.44265,30.04938
7610,6.027212,13.07245,21.4442,30.05048
7620,6.032774,13.07499,21.44575,30.05158
7630,6.038341,13.07753,21.44729,30.05269
7640,6.043909,13.08008,21.44885,30.05379
7650,6.049479,13.08263,21.4504,30.0549
7660,6.055051,13.08518,21.45195,30.05601
7670,6.060625,13.08774,21.45351,30.05712
7680,6.066202,13.0903,21.45507,30.05823
7690,6.07178,13.09286,21.45663,30.05934
7700,6.077362,13.09543,21.45819,30.06046
7710,6.082944,13.09799,21.45975,30.06157
7720,6.088529,13.10056,21.46132,30.06269
7730,6.094116,13.10314,21.46289,30.06381
7740,6.099704,13.10571,21.46446,30.06493
7750,6.105297,13.10829,21.46603,30.06605
7760,6.110889,13.11087,21.46761,30.06718
7770,6.116485,13.11345,21.46918,30.0683
7780,6.122082,13.11604,21.47076,30.06943
7790,6.127682,13.11863,21.47234,30.07055
7800,6.133283,13.12122,21.47392,30.07168
7810,6.138886,13.12382,21.4755,30.07281
7820,6.144493,13.12642,21.47709,30.07394
7830,6.1501,13.12902,21.47868,30.07508
7840,6.15571,13.13162,21.48026,30.07621
7850,6.161322,13.13423,21.48185,30.07734
7860,6.166935,13.13683,21.48344,30.07848
7870,6.172552,13.13945,21.48504,30.07962
7880,6.178169,13.14206,21.48664,30.08076
7890,6.18379,13.14468,21.48824,30.0819
7900,6.189411,13.1473,21.48984,30.08305
7910,6.195035,13.14992,21.49144,30.08419
7920,6.200661,13.15255,21.49304,30.08533
7930,6.206289,13.15518,21.49465,30.08648
7940,6.211918,13.15781,21.49626,30.08763
7950,6.217551,13.16044,21.49787,30.08878
7960,6.223184,13.16308,21.49948,30.08993
7970,6.22882,13.16572,21.50109,30.09108
7980,6.234457,13.16836,21.50271,30.09223
7990,6.240097,13.17101,21.50433,30.09339
8000,6.245739,13.17365,21.50595,30.09455
8010,6.251382,13.1763,21.50757,30.0957
8020,6.257028,13.17896,21.50919,30.09686
8030,6.262675,13.18161,21.51082,30.09802
8040,6.268325,13.18427,21.51244,30.09919
8050,6.273976,13.18694,21.51407,30.10035
8060,6.279629,13.1896,21.5157,30.10151
8070,6.285285,13.19227,21.51734,30.10268
8080,6.290941,13.19494,21.51897,30.10385
8090,6.2966,13.19761,21.52061,30.10502
8100,6.302261,13.20029,21.52225,30.10619
8110,6.307924,13.20297,21.52389,30.10736
8120,6.313588,13.20565,21.52553,30.10853
8130,6.319254,13.20833,21.52717,30.10971
8140,6.324923,13.21102,21.52882,30.11088
8150,6.330593,13.21371,21.53047,30.11206
8160,6.336266,13.2164,21.53212,30.11324
8170,6.34194,13.2191,21.53377,30.11442
8180,6.347615,13.22179,21.53542,30.1156
8190,6.353292,13.22449,21.53708,30.11679
8200,6.358972,13.2272,21.53873,30.11797
8210,6.364653,13.2299,21.54039,30.11916
8220,6.370337,13.23261,21.54206,30.12034
8230,6.376022,13.23532,21.54372,30.12153
8240,6.381709,13.23804,21.54538,30.12272
8250,6.387398,13.24075,21.54705,30.12391
8260,6.393088,13.24348,21.54872,30.12511
8270,6.39878,13.2462,21.55039,30.1263
8280,6.404474,13.24892,21.55206,30.1275
8290,6.41017,13.25165,21.55374,30.1287
8300,6.415867,13.25438,21.55541,30.12989
8310,6.421567,13.25711,21.55709,30.1311
8320,6.427269,13.25985,21.55877,30.1323
8330,6.432971,13.26259,21.56046,30.1335
8340,6.438676,13.26533,21.56214,30.1347
8350,6.444383,13.26807,21.56382,30.13591
8360,6.450092,13.27082,21.56551,30.13712
8370,6.455801,13.27357,21.5672,30.13832
8380,6.461514,13.27632,21.56889,30.13953
8390,6.467227,13.27908,21.57059,30.14075
8400,6.472942,13.28184,21.57228,30.14195
8410,6.47866,13.2846,21.57398,30.14317
8420,6.484379,13.28736,21.57568,30.14439
8430,6.490099,13.29013,21.57738,30.1456
8440,6.495821,13.2929,21.57908,30.14682
8450,6.501546,13.29567,21.58078,30.14804
8460,6.507272,13.29844,21.58249,30.14926
8470,6.512998,13.30122,21.5842,30.15049
8480,6.518728,13.304,21.58591,30.15171
8490,6.524459,13.30678,21.58762,30.15293
8500,6.530191,13.30957,21.58934,30.15416
8510,6.535926,13.31236,21.59106,30.15539
8520,6.541661,13.31514,21.59277,30.15662
8530,6.547399,13.31794,21.59449,30.15785
8540,6.553138,13.32073,21.59621,30.15908
8550,6.558879,13.32353,21.59793,30.16031
8560,6.564623,13.32633,21.59966,30.16155
8570,6.570366,13.32914,21.60139,30.16278
8580,6.576113,13.33194,21.60312,30.16402
8590,6.581861,13.33475,21.60485,30.16526
8600,6.58761,13.33756,21.60658,30.1665
8610,6.593361,13.34038,21.60832,30.16774
8620,6.599114,13.34319,21.61005,30.16898
8630,6.604868,13.34601,21.61179,30.17023
8640,6.610625,13.34884,21.61353,30.17147
8650,6.616382,13.35166,21.61528,30.17272
8660,6.622141,13.35449,21.61702,30.17397
8670,6.627902,13.35732,21.61877,30.17522
8680,6.633665,13.36015,21.62052,30.17647
8690,6.639429,13.36299,21.62226,30.17773
8700,6.645194,13.36583,21.62402,30.17898
8710,6.650962,13.36867,21.62577,30.18023
8720,6.656731,13.37151,21.62753,30.18149
8730,6.662502,13.37436,21.62928,30.18275
8740,6.668274,13.37721,21.63104,30.18401
8750,6.674047,13.38006,21.6328,30.18527
8760,6.679823,13.38291,21.63457,30.18653
8770,6.6856,13.38577,21.63633,30.18779
8780,6.691379,13.38863,21.6381,30.18906
8790,6.697159,13.39149,21.63987,30.19033
8800,6.70294,13.39436,21.64164,30.19159
8810,6.708724,13.39723,21.64341,30.19287
8820,6.714509,13.4001,21.64518,30.19414
8830,6.720294,13.40297,21.64696,30.19541
8840,6.726083,13.40585,21.64874,30.19668
8850,6.731872,13.40872,21.65052,30.19796
8860,6.737663,13.4116,21.6523,30.19923
8870,6.743456,13.41449,21.65408,30.20051
8880,6.74925,13.41737,21.65587,30.20179
8890,6.755045,13.42026,21.65765,30.20307
8900,6.760843,13.42315,21.65944,30.20435
8910,6.766642,13.42605,21.66124,30.20564
8920,6.772442,13.42895,21.66303,30.20692
8930,6.778244,13.43184,21.66482,30.20821
8940,6.784047,13.43475,21.66662,30.20949
8950,6.789852,13.43765,21.66842,30.21078
8960,6.795658,13.44056,21.67022,30.21207
8970,6.801466,13.44347,21.67202,30.21336
8980,6.807275,13.44638,21.67382,30.21465
8990,6.813086,13.44929,21.67562,30.21595
9000,6.818899,13.45221,21.67743,30.21724
9010,6.824712,13.45513,21.67924,30.21854
9020,6.830527,13.45806,21.68105,30.21984
9030,6.836344,13.46098,21.68287,30.22114
9040,6.842163,13.46391,21.68468,30.22244
9050,6.847982,13.46685,21.6865,30.22375
9060,6.853803,13.46978,21.68832,30.22505
9070,6.859626,13.47272,21.69014,30.22636
9080,6.86545,13.47565,21.69196,30.22766
9090,6.871276,13.47859,21.69379,30.22897
9100,6.877103,13.48154,21.69561,30.23028
9110,6.882932,13.48448,21.69744,30.23159
9120,6.888762,13.48743,21.69927,30.2329
9130,6.894593,13.49038,21.7011,30.23422
9140,6.900426,13.49334,21.70294,30.23553
9150,6.90626,13.49629,21.70477,30.23685
9160,6.912096,13.49925,21.70661,30.23817
9170,6.917933,13.50221,21.70845,30.23949
9180,6.923771,13.50518,21.71029,30.24081
9190,6.929611,13.50815,21.71213,30.24213
9200,6.935452,13.51111,21.71397,30.24345
9210,6.941296,13.51409,21.71582,30.24478
9220,6.94714,13.51706,21.71767,30.24611
9230,6.952985,13.52004,21.71952,30.24743
9240,6.958832,13.52302,21.72138,30.24876
9250,6.96468,13.526,21.72323,30.2501
9260,6.970531,13.52899,21.72508,30.25142
9270,6.976381,13.53197,21.72694,30.25276
9280,6.982234,13.53496,21.7288,30.25409
9290,6.988088,13.53796,21.73066,30.25543
9300,6.993944,13.54095,21.73252,30.25677
9310,6.999801,13.54395,21.73439,30.2581
9320,7.005659,13.54695,21.73626,30.25945
9330,7.011518,13.54995,21.73812,30.26079
9340,7.017378,13.55295,21.74,30.26213
9350,7.023241,13.55596,21.74187,30.26347
9360,7.029105,13.55898,21.74374,30.26482
9370,7.03497,13.56199,21.74562,30.26617
9380,7.040836,13.565,21.7475,30.26752
9390,7.046704,13.56802,21.74937,30.26886
9400,7.052573,13.57104,21.75126,30.27021
9410,7.058443,13.57406,21.75314,30.27157
9420,7.064315,13.57709,21.75503,30.27292
9430,7.070188,13.58012,21.75691,30.27428
9440,7.076062,13.58315,21.7588,30.27563
9450,7.081938,13.58618,21.76069,30.27699
9460,7.087815,13.58922,21.76259,30.27835
9470,7.093693,13.59226,21.76448,30.27971
9480,7.099573,13.5953,21.76638,30.28108
9490,7.105455,13.59834,21.76828,30.28244
9500,7.111337,13.60139,21.77017,30.2838
9510,7.117219,13.60443,21.77208,30.28517
9520,7.123105,13.60748,21.77398,30.28654
9530,7.128992,13.61054,21.77589,30.2879
9540,7.134879,13.61359,21.77779,30.28928
9550,7.140768,13.61665,21.7797,30.29065
9560,7.146658,13.61971,21.78161,30.29202
9570,7.15255,13.62278,21.78353,30.2934
9580,7.158443,13.62584,21.78544,30.29478
9590,7.164336,13.62891,21.78736,30.29615
9600,7.170231,13.63198,21.78928,30.29753
9610,7.176128,13.63506,21.7912,30.29891
9620,7.182025,13.63813,21.79312,30.30029
9630,7.187924,13.64121,21.79504,30.30167
9640,7.193825,13.64429,21.79697,30.30306
9650,7.199727,13.64738,21.7989,30.30445
9660,7.20563,13.65046,21.80082,30.30583
9670,7.211534,13.65355,21.80276,30.30722
9680,7.217439,13.65664,21.80469,30.30861
9690,7.223344,13.65974,21.80662,30.31
9700,7.229253,13.66283,21.80856,30.31139
9710,7.235162,13.66593,21.8105,30.31278
9720,7.241072,13.66903,21.81244,30.31418
9730,7.246984,13.67214,21.81438,30.31558
9740,7.252897,13.67524,21.81633,30.31698
9750,7.258811,13.67835,21.81827,30.31837
9760,7.264726,13.68146,21.82022,30.31978
9770,7.270642,13.68457,21.82217,30.32118
9780,7.27656,13.68769,21.82412,30.32258
9790,7.28248,13.69081,21.82607,30.32399
9800,7.2884,13.69393,21.82803,30.32539
9810,7.294322,13.69705,21.82999,30.3268
9820,7.300245,13.70018,21.83194,30.32821
9830,7.306169,13.70331,21.8339,30.32962
9840,7.312093,13.70644,21.83587,30.33103
9850,7.31802,13.70957,21.83783,30.33244
9860,7.323948,13.71271,21.83979,30.33385
9870,7.329876,13.71584,21.84176,30.33527
9880,7.335805,13.71898,21.84373,30.33668
9890,7.341736,13.72213,21.8457,30.3381
9900,7.347669,13.72527,21.84768,30.33952
9910,7.353603,13.72843,21.84965,30.34094
9920,7.359538,13.73158,21.85163,30.34237
9930,7.365473,13.73473,21.85361,30.34379
9940,7.37141,13.73789,21.85559,30.34521
9950,7.377348,13.74104,21.85757,30.34664
9960,7.383288,13.7442,21.85955,30.34807
9970,7.389228,13.74737,21.86154,30.3495
9980,7.39517,13.75053,21.86352,30.35093
9990,7.401113,13.7537,21.86551,30.35236
10000,7.407057,13.75687,21.86751,30.35379
10010,7.413002,13.76004,21.8695,30.35523
10020,7.418949,13.76322,21.87149,30.35666
10030,7.424896,13.7664,21.87349,30.3581
10040,7.430845,13.76957,21.87549,30.35954
10050,7.436794,13.77276,21.87749,30.36098
10060,7.442746,13.77594,21.87949,30.36243
10070,7.448698,13.77913,21.8815,30.36386
10080,7.45465,13.78232,21.8835,30.36531
10090,7.460605,13.78551,21.88551,30.36676
10100,7.466561,13.7887,21.88752,30.3682
10110,7.472517,13.7919,21.88953,30.36965
10120,7.478476,13.7951,21.89154,30.37111
10130,7.484434,13.7983,21.89355,30.37255
10140,7.490394,13.80151,21.89557,30.37401
10150,7.496355,13.80471,21.89759,30.37546
10160,7.502316,13.80792,21.89961,30.37691
10170,7.50828,13.81113,21.90163,30.37837
10180,7.514245,13.81435,21.90366,30.37983
10190,7.52021,13.81756,21.90568,30.38129
10200,7.526177,13.82078,21.90771,30.38275
10210,7.532145,13.824,21.90974,30.38421
10220,7.538113,13.82722,21.91177,30.38568
10230,7.544084,13.83045,21.9138,30.38714
10240,7.550055,13.83368,21.91583,30.38861
10250,7.556027,13.83691,21.91787,30.39007
10260,7.562,13.84014,21.91991,30.39154
10270,7.567974,13.84338,21.92195,30.39301
10280,7.57395,13.84661,21.92399,30.39449
10290,7.579926,13.84986,21.92603,30.39596
10300,7.585904,13.8531,21.92808,30.39743
10310,7.591883,13.85634,21.93013,30.39891
10320,7.597863,13.85959,21.93217,30.40039
10330,7.603843,13.86284,21.93422,30.40187
10340,7.609825,13.86609,21.93628,30.40335
10350,7.615809,13.86934,21.93833,30.40483
10360,7.621792,13.8726,21.94039,30.40631
10370,7.627778,13.87586,21.94245,30.40779
10380,7.633764,13.87912,21.9445,30.40928
10390,7.63975,13.88239,21.94657,30.41076
10400,7.645739,13.88565,21.94863,30.41225
10410,7.651728,13.88892,21.9507,30.41374
10420,7.657719,13.89219,21.95276,30.41523
10430,7.66371,13.89547,21.95483,30.41673
10440,7.669702,13.89874,21.9569,30.41822
10450,7.675695,13.90202,21.95897,30.41971
10460,7.68169,13.9053,21.96105,30.42121
10470,7.687686,13.90858,21.96312,30.42271
10480,7.693682,13.91187,21.9652,30.42421
10490,7.69968,13.91516,21.96728,30.42571
10500,7.705678,13.91845,21.96936,30.42721
10510,7.711679,13.92174,21.97144,30.42871
10520,7.717679,13.92503,21.97353,30.43022
10530,7.72368,13.92833,21.97561,30.43172
10540,7.729682,13.93163,21.9777,30.43323
10550,7.735687,13.93493,21.97979,30.43474
10560,7.741692,13.93824,21.98188,30.43625
10570,7.747697,13.94155,21.98398,30.43776
10580,7.753704,13.94486,21.98607,30.43927
10590,7.759711,13.94817,21.98817,30.44078
10600,7.76572,13.95148,21.99026,30.4423
10610,7.77173,13.9548,21.99236,30.44382
10620,7.777741,13.95811,21.99447,30.44534
10630,7.783752,13.96144,21.99657,30.44686
10640,7.789765,13.96476,21.99868,30.44837
10650,7.795779,13.96808,22.00079,30.4499
10660,7.801795,13.97141,22.0029,30.45142
10670,7.80781,13.97474,22.00501,30.45295
10680,7.813827,13.97807,22.00712,30.45447
10690,7.819844,13.98141,22.00923,30.456
10700,7.825862,13.98474,22.01135,30.45753
10710,7.831882,13.98808,22.01347,30.45905
10720,7.837903,13.99142,22.01559,30.46059
10730,7.843925,13.99477,22.01771,30.46212
10740,7.849947,13.99811,22.01983,30.46365
10750,7.855971,14.00146,22.02196,30.46519
10760,7.861996,14.00481,22.02409,30.46673
10770,7.868021,14.00816,22.02622,30.46827
10780,7.874048,14.01152,22.02835,30.4698
10790,7.880075,14.01488,22.03048,30.47135
10800,7.886103,14.01824,22.03262,30.47289
10810,7.892133,14.0216,22.03475,30.47443
10820,7.898163,14.02496,22.03689,30.47598
10830,7.904194,14.02833,22.03903,30.47752
10840,7.910226,14.0317,22.04117,30.47907
10850,7.916259,14.03507,22.04331,30.48062
10860,7.922294,14.03844,22.04545,30.48217
10870,7.928329,14.04182,22.0476,30.48372
10880,7.934364,14.0452,22.04975,30.48528
10890,7.940401,14.04858,22.0519,30.48683
10900,7.946439,14.05196,22.05405,30.48839
10910,7.952477,14.05535,22.05621,30.48994
10920,7.958518,14.05873,22.05836,30.4915
10930,7.964558,14.06212,22.06052,30.49306
10940,7.9706,14.06551,22.06268,30.49462
10950,7.976643,14.06891,22.06484,30.49618
10960,7.982686,14.07231,22.067,30.49775
10970,7.98873,14.0757,22.06917,30.49931
10980,7.994776,14.07911,22.07133,30.50088
10990,8.000821,14.08251,22.0735,30.50245
11000,8.006867,14.08591,22.07567,30.50402
11010,8.012918,14.08932,22.07784,30.50559
11020,8.018964,14.09273,22.08002,30.50716
11030,8.025015,14.09615,22.08219,30.50874
11040,8.031066,14.09956,22.08437,30.51031
11050,8.037118,14.10298,22.08654,30.51188
11060,8.04317,14.1064,22.08873,30.51346
11070,8.049224,14.10982,22.09091,30.51504
11080,8.055278,14.11324,22.09309,30.51662
11090,8.061334,14.11667,22.09528,30.5182
11100,8.06739,14.1201,22.09747,30.51979
11110,8.073446,14.12353,22.09966,30.52137
11120,8.079505,14.12697,22.10184,30.52295
11130,8.085564,14.1304,22.10404,30.52454
11140,8.091623,14.13384,22.10623,30.52613
11150,8.097684,14.13728,22.10843,30.52772
11160,8.103745,14.14072,22.11063,30.52931
11170,8.109807,14.14416,22.11283,30.5309
11180,8.11587,14.14761,22.11503,30.53249
11190,8.121935,14.15106,22.11723,30.53408
11200,8.127999,14.15451,22.11943,30.53569
11210,8.134066,14.15796,22.12164,30.53728
11220,8.140132,14.16142,22.12385,30.53888
11230,8.1462,14.16488,22.12606,30.54048
11240,8.152268,14.16833,22.12827,30.54208
11250,8.158338,14.1718,22.13049,30.54369
11260,8.164408,14.17526,22.1327,30.54529
11270,8.170479,14.17873,22.13491,30.54689
11280,8.176551,14.18219,22.13713,30.5485
11290,8.182623,14.18567,22.13935,30.55011
11300,8.188697,14.18914,22.14158,30.55172
11310,8.194771,14.19261,22.1438,30.55333
11320,8.200847,14.19609,22.14603,30.55494
11330,8.206923,14.19957,22.14825,30.55656
11340,8.213,14.20305,22.15048,30.55817
11350,8.219078,14.20654,22.15272,30.55979
11360,8.225158,14.21002,22.15495,30.5614
11370,8.231236,14.21351,22.15718,30.56302
11380,8.237317,14.217,22.15942,30.56464
11390,8.243398,14.2205,22.16166,30.56627
11400,8.24948,14.22399,22.1639,30.56789
11410,8.255563,14.22749,22.16614,30.56951
11420,8.261646,14.23099,22.16838,30.57113
11430,8.267731,14.23449,22.17063,30.57276
11440,8.273816,14.23799,22.17287,30.57439
11450,8.279902,14.2415,22.17512,30.57602
11460,8.285988,14.24501,22.17737,30.57765
11470,8.292077,14.24852,22.17962,30.57928
11480,8.298165,14.25203,22.18188,30.58092
11490,8.304255,14.25555,22.18413,30.58256
11500,8.310346,14.25906,22.18639,30.58419
11510,8.316437,14.26258,22.18865,30.58583
11520,8.322529,14.2661,22.19091,30.58746
11530,8.328622,14.26963,22.19317,30.58911
11540,8.334715,14.27315,22.19543,30.59075
11550,8.34081,14.27669,22.1977,30.59239
11560,8.346905,14.28022,22.19997,30.59403
11570,8.353001,14.28375,22.20224,30.59568
11580,8.359097,14.28728,22.20451,30.59732
11590,8.365195,14.29082,22.20678,30.59897
11600,8.371293,14.29436,22.20905,30.60062
11610,8.377393,14.2979,22.21133,30.60227
11620,8.383493,14.30145,22.21361,30.60393
11630,8.389593,14.30499,22.21589,30.60558
11640,8.395695,14.30854,22.21817,30.60724
11650,8.401798,14.31209,22.22046,30.60889
11660,8.407899,14.31564,22.22274,30.61055
11670,8.414005,14.31919,22.22503,30.61221
11680,8.42011,14.32275,22.22732,30.61387
11690,8.426215,14.32631,22.22961,30.61553
11700,8.432321,14.32987,22.2319,30.61719
11710,8.438428,14.33343,22.23419,30.61886
11720,8.444535,14.337,22.23649,30.62052
11730,8.450644,14.34056,22.23878,30.62219
11740,8.456755,14.34413,22.24108,30.62386
11750,8.462865,14.34771,22.24338,30.62553
11760,8.468975,14.35128,22.24568,30.6272
11770,8.475086,14.35485,22.24799,30.62887
11780,8.481199,14.35843,22.25029,30.63054
11790,8.487311,14.36201,22.2526,30.63222
11800,8.493424,14.36559,22.25491,30.63389
11810,8.49954,14.36918,22.25722,30.63557
11820,8.505656,14.37277,22.25953,30.63725
11830,8.511771,14.37635,22.26184,30.63893
11840,8.517888,14.37994,22.26416,30.64061
11850,8.524006,14.38354,22.26648,30.6423
11860,8.530125,14.38713,22.2688,30.64398
11870,8.536244,14.39073,22.27112,30.64566
11880,8.542364,14.39433,22.27344,30.64735
11890,8.548484,14.39793,22.27576,30.64904
11900,8.554607,14.40153,22.27809,30.65073
11910,8.560729,14.40514,22.28042,30.65242
11920,8.566852,14.40875,22.28275,30.65411
11930,8.572976,14.41236,22.28508,30.6558
11940,8.579101,14.41597,22.28741,30.6575
11950,8.585225,14.41959,22.28974,30.6592
11960,8.591352,14.42321,22.29208,30.6609
11970,8.597479,14.42683,22.29442,30.66259
11980,8.603605,14.43045,22.29676,30.66429
11990,8.609733,14.43407,22.2991,30.66599
12000,8.615863,14.43769,22.30144,30.6677
12010,8.621992,14.44132,22.30378,30.6694
12020,8.628123,14.44495,22.30613,30.67111
12030,8.634254,14.44858,22.30848,30.67281
12040,8.640386,14.45221,22.31083,30.67452
12050,8.646518,14.45585,22.31318,30.67623
12060,8.652652,14.45948,22.31553,30.67794
12070,8.658786,14.46313,22.31789,30.67965
12080,8.66492,14.46677,22.32024,30.68137
12090,8.671056,14.47041,22.3226,30.68308
12100,8.677192,14.47406,22.32496,30.6848
12110,8.68333,14.4777,22.32733,30.68651
12120,8.689466,14.48135,22.32969,30.68823
12130,8.695604,14.485,22.33205,30.68995
12140,8.701743,14.48866,22.33442,30.69168
12150,8.707883,14.49231,22.33679,30.6934
12160,8.714023,14.49597,22.33916,30.69512
12170,8.720164,14.49963,22.34153,30.69685
12180,8.726306,14.50329,22.3439,30.69857
12190,8.732449,14.50696,22.34628,30.7003
12200,8.738591,14.51063,22.34866,30.70203
12210,8.744735,14.51429,22.35103,30.70376
12220,8.75088,14.51796,22.35342,30.70549
12230,8.757026,14.52164,22.3558,30.70723
12240,8.763171,14.52531,22.35818,30.70896
12250,8.769318,14.52899,22.36057,30.7107
12260,8.775465,14.53267,22.36295,30.71243
12270,8.781613,14.53635,22.36535,30.71417
12280,8.787762,14.54003,22.36774,30.71591
12290,8.793911,14.54372,22.37013,30.71766
12300,8.800061,14.54741,22.37252,30.7194
12310,8.806211,14.5511,22.37492,30.72114
12320,8.812364,14.55479,22.37732,30.72289
12330,8.818517,14.55849,22.37971,30.72463
12340,8.824668,14.56218,22.38211,30.72638
12350,8.830822,14.56588,22.38452,30.72813
12360,8.836976,14.56958,22.38692,30.72988
12370,8.843131,14.57328,22.38933,30.73163
12380,8.849285,14.57698,22.39174,30.73339
12390,8.855442,14.58069,22.39414,30.73514
12400,8.8616,14.5844,22.39656,30.73689
12410,8.867757,14.58811,22.39897,30.73865
12420,8.873914,14.59182,22.40138,30.74041
12430,8.880075,14.59553,22.4038,30.74217
12440,8.886233,14.59925,22.40622,30.74393
12450,8.892393,14.60297,22.40864,30.74569
12460,8.898554,14.60669,22.41105,30.74746
12470,8.904716,14.61041,22.41348,30.74922
12480,8.910878,14.61413,22.4159,30.75099
12490,8.917041,14.61786,22.41833,30.75275
12500,8.923204,14.62159,22.42076,30.75452
12510,8.929368,14.62532,22.42319,30.75629
12520,8.935533,14.62905,22.42562,30.75806
12530,8.941698,14.63278,22.42805,30.75984
12540,8.947864,14.63652,22.43048,30.76161
12550,8.954031,14.64026,22.43292,30.76339
12560,8.960198,14.644,22.43536,30.76516
12570,8.966367,14.64774,22.4378,30.76694
12580,8.972535,14.65149,22.44024,30.76872
12590,8.978703,14.65523,22.44268,30.7705
12600,8.984874,14.65898,22.44512,30.77228
12610,8.991045,14.66274,22.44757,30.77407
12620,8.997216,14.66649,22.45002,30.77585
12630,9.003386,14.67024,22.45247,30.77764
12640,9.009561,14.674,22.45492,30.77942
12650,9.015733,14.67776,22.45737,30.78121
12660,9.021907,14.68152,22.45983,30.783
12670,9.028082,14.68528,22.46228,30.78479
12680,9.034256,14.68905,22.46474,30.78658
12690,9.040432,14.69281,22.4672,30.78838
12700,9.046608,14.69658,22.46966,30.79017
12710,9.052785,14.70035,22.47213,30.79197
12720,9.058963,14.70412,22.47459,30.79377
12730,9.065141,14.7079,22.47705,30.79556
12740,9.071321,14.71168,22.47952,30.79737
12750,9.077498,14.71546,22.48199,30.79916
12760,9.083678,14.71923,22.48446,30.80096
12770,9.089859,14.72302,22.48694,30.80277
12780,9.096042,14.7268,22.48941,30.80457
12790,9.102221,14.73059,22.49189,30.80638
12800,9.108405,14.73438,22.49437,30.80819
12810,9.114587,14.73817,22.49684,30.81
12820,9.120772,14.74196,22.49932,30.81181
12830,9.126956,14.74576,22.50181,30.81362
12840,9.133141,14.74955,22.50429,30.81543
12850,9.139327,14.75335,22.50678,30.81725
12860,9.145514,14.75715,22.50927,30.81907
12870,9.151698,14.76095,22.51176,30.82088
12880,9.157887,14.76476,22.51425,30.8227
12890,9.164075,14.76856,22.51674,30.82452
12900,9.170263,14.77237,22.51924,30.82634
12910,9.176453,14.77619,22.52173,30.82816
12920,9.182643,14.78,22.52423,30.82999
12930,9.188834,14.78381,22.52673,30.83181
12940,9.195024,14.78763,22.52923,30.83364
12950,9.201215,14.79145,22.53173,30.83546
12960,9.207407,14.79527,22.53424,30.8373
12970,9.213601,14.79909,22.53674,30.83912
12980,9.219793,14.80291,22.53925,30.84096
12990,9.225986,14.80674,22.54176,30.84279
13000,9.232182,14.81057,22.54427,30.84462
13010,9.238376,14.8144,22.54678,30.84646
13020,9.244572,14.81823,22.5493,30.8483
13030,9.250768,14.82206,22.55181,30.85013
13040,9.256965,14.8259,22.55433,30.85197
13050,9.263162,14.82973,22.55685,30.85381
13060,9.26936,14.83358,22.55937,30.85566
13070,9.275559,14.83742,22.56189,30.8575
13080,9.281757,14.84126,22.56442,30.85934
13090,9.287957,14.84511,22.56694,30.86119
13100,9.294157,14.84896,22.56947,30.86304
13110,9.30036,14.8528,22.572,30.86489
13120,9.30656,14.85666,22.57453,30.86674
13130,9.312763,14.86051,22.57706,30.86859
13140,9.318965,14.86437,22.5796,30.87044
13150,9.325169,14.86822,22.58213,30.87229
13160,9.331372,14.87208,22.58467,30.87415
13170,9.337576,14.87594,22.58721,30.876
13180,9.343781,14.87981,22.58975,30.87786
13190,9.349986,14.88367,22.59229,30.87972
13200,9.356191,14.88754,22.59483,30.88158
13210,9.362398,14.8914,22.59738,30.88344
13220,9.368606,14.89528,22.59993,30.8853
13230,9.374813,14.89915,22.60248,30.88717
13240,9.381021,14.90302,22.60502,30.88903
13250,9.387231,14.9069,22.60758,30.8909
13260,9.39344,14.91078,22.61013,30.89277
13270,9.39965,14.91466,22.61269,30.89463
13280,9.405861,14.91854,22.61524,30.89651
13290,9.412071,14.92242,22.6178,30.89838
13300,9.418283,14.92631,22.62037,30.90025
13310,9.424495,14.9302,22.62294,30.90212
13320,9.430707,14.93409,22.6255,30.904
13330,9.436921,14.93798,22.62807,30.90588
13340,9.443134,14.94187,22.63063,30.90775
13350,9.449348,14.94577,22.6332,30.90964
13360,9.455564,14.94967,22.63577,30.91152
13370,9.46178,14.95356,22.63835,30.9134
13380,9.467996,14.95747,22.64092,30.91528
13390,9.474212,14.96137,22.6435,30.91717
13400,9.48043,14.96527,22.64607,30.91905
13410,9.486647,14.96918,22.64865,30.92094
13420,9.492864,14.97309,22.65123,30.92283
13430,9.499084,14.977,22.65381,30.92472
13440,9.505302,14.98091,22.65639,30.92661
13450,9.511522,14.98483,22.65898,30.9285
13460,9.517741,14.98874,22.66156,30.9304
13470,9.523963,14.99266,22.66415,30.93229
13480,9.530184,14.99658,22.66674,30.93419
13490,9.536407,15.00051,22.66933,30.93609
13500,9.54263,15.00443,22.67193,30.93798
13510,9.548852,15.00836,22.67452,30.93988
13520,9.555076,15.01228,22.67712,30.94179
13530,9.5613,15.01621,22.67971,30.94369
13540,9.567524,15.02014,22.68231,30.94559
13550,9.57375,15.02408,22.68491,30.9475
13560,9.579974,15.02801,22.68751,30.94941
13570,9.586202,15.03195,22.69012,30.95131
13580,9.592427,15.03589,22.69273,30.95322
13590,9.598654,15.03983,22.69533,30.95513
13600,9.604881,15.04377,22.69794,30.95704
13610,9.61111,15.04772,22.70055,30.95896
13620,9.617338,15.05166,22.70317,30.96087
13630,9.623568,15.05561,22.70578,30.96279
13640,9.629798,15.05956,22.7084,30.96471
13650,9.636028,15.06351,22.71101,30.96663
13660,9.642259,15.06747,22.71363,30.96854
13670,9.64849,15.07142,22.71625,30.97046
13680,9.654721,15.07538,22.71887,30.97239
13690,9.660954,15.07934,22.7215,30.97431
13700,9.667187,15.0833,22.72412,30.97624
13710,9.67342,15.08726,22.72675,30.97816
13720,9.679653,15.09123,22.72938,30.98009
13730,9.685887,15.09519,22.73201,30.98202
13740,9.692122,15.09916,22.73464,30.98395
13750,9.698358,15.10313,22.73727,30.98588
13760,9.704595,15.10711,22.73991,30.98781
13770,9.71083,15.11108,22.74255,30.98974
13780,9.717068,15.11506,22.74518,30.99168
13790,9.723304,15.11903,22.74782,30.99361
13800,9.729542,15.12301,22.75046,30.99555
13810,9.73578,15.127,22.75311,30.99749
13820,9.74202,15.13098,22.75575,30.99943
13830,9.748259,15.13496,22.7584,31.00137
13840,9.754498,15.13895,22.76104,31.00331
13850,9.760738,15.14294,22.76369,31.00526
13860,9.766979,15.14693,22.76634,31.00721
13870,9.77322,15.15092,22.769,31.00915
13880,9.779462,15.15492,22.77165,31.0111
13890,9.785705,15.15891,22.77431,31.01305
13900,9.791949,15.16291,22.77696,31.015
13910,9.79819,15.16691,22.77962,31.01695
13920,9.804435,15.17091,22.78229,31.0189
13930,9.810678,15.17492,22.78494,31.02086
13940,9.816924,15.17892,22.78761,31.02281
13950,9.823169,15.18293,22.79028,31.02477
13960,9.829415,15.18694,22.79294,31.02673
13970,9.83566,15.19095,22.79561,31.02869
13980,9.841907,15.19496,22.79828,31.03065
13990,9.848156,15.19897,22.80095,31.03261
14000,9.854402,15.20299,22.80363,31.03457
14010,9.86065,15.20701,22.8063,31.03654
14020,9.866899,15.21103,22.80898,31.0385
14030,9.873148,15.21505,22.81166,31.04047
14040,9.879398,15.21907,22.81433,31.04244
14050,9.885647,15.2231,22.81702,31.04441
14060,9.891897,15.22713,22.8197,31.04638
14070,9.898149,15.23115,22.82238,31.04835
14080,9.9044,15.23518,22.82507,31.05032
14090,9.910651,15.23922,22.82776,31.0523
14100,9.916904,15.24325,22.83045,31.05428
14110,9.923158,15.24728,22.83314,31.05625
14120,9.92941,15.25132,22.83583,31.05823
14130,9.935664,15.25536,22.83852,31.06021
14140,9.941918,15.25941,22.84122,31.06219
14150,9.948174,15.26345,22.84392,31.06417
14160,9.954427,15.26749,22.84661,31.06616
14170,9.960683,15.27154,22.84932,31.06815
14180,9.966941,15.27559,22.85202,31.07013
14190,9.973197,15.27964,22.85472,31.07211
14200,9.979453,15.28369,22.85743,31.0741
14210,9.985711,15.28774,22.86014,31.0761
14220,9.991969,15.2918,22.86284,31.07808
14230,9.998226,15.29585,22.86555,31.08008
14240,10.00449,15.29991,22.86826,31.08207
14250,10.01075,15.30397,22.87098,31.08407
14260,10.017,15.30804,22.87369,31.08606
14270,10.02326,15.3121,22.87641,31.08806
14280,10.02953,15.31617,22.87912,31.09006
14290,10.03579,15.32023,22.88184,31.09206
14300,10.04205,15.3243,22.88457,31.09406
14310,10.04831,15.32838,22.88729,31.09607
14320,10.05457,15.33245,22.89001,31.09807
14330,10.06083,15.33652,22.89274,31.10007
14340,10.0671,15.3406,22.89547,31.10208
14350,10.07336,15.34468,22.8982,31.10409
14360,10.07963,15.34876,22.90092,31.1061
14370,10.08589,15.35284,22.90366,31.1081
14380,10.09216,15.35692,22.90639,31.11012
14390,10.09842,15.36101,22.90913,31.11213
14400,10.10469,15.3651,22.91187,31.11415
14410,10.11095,15.36919,22.9146,31.11616
14420,10.11722,15.37328,22.91734,31.11818
14430,10.12349,15.37737,22.92008,31.12019
14440,10.12976,15.38146,22.92283,31.12221
14450,10.13602,15.38556,22.92557,31.12423
14460,10.14229,15.38966,22.92832,31.12626
14470,10.14856,15.39376,22.93107,31.12828
14480,10.15483,15.39786,22.93382,31.1303
14490,10.1611,15.40196,22.93657,31.13233
14500,10.16737,15.40606,22.93932,31.13436
14510,10.17364,15.41017,22.94207,31.13638
14520,10.17991,15.41428,22.94483,31.13842
14530,10.18618,15.41839,22.94759,31.14044
14540,10.19246,15.4225,22.95034,31.14248
14550,10.19873,15.42661,22.95311,31.14451
14560,10.205,15.43073,22.95587,31.14654
14570,10.21128,15.43484,22.95863,31.14858
14580,10.21755,15.43896,22.9614,31.15062
14590,10.22382,15.44308,22.96416,31.15266
14600,10.2301,15.44721,22.96693,31.15469
14610,10.23637,15.45133,22.9697,31.15673
14620,10.24265,15.45545,22.97247,31.15878
14630,10.24893,15.45958,22.97524,31.16082
14640,10.2552,15.46371,22.97802,31.16286
14650,10.26148,15.46784,22.98079,31.16491
14660,10.26776,15.47197,22.98357,31.16695
14670,10.27403,15.47611,22.98635,31.169
14680,10.28031,15.48024,22.98913,31.17105
14690,10.28659,15.48438,22.99191,31.1731
14700,10.29287,15.48852,22.9947,31.17516
14710,10.29915,15.49266,22.99748,31.17721
14720,10.30543,15.4968,23.00027,31.17926
14730,10.31171,15.50095,23.00306,31.18132
14740,10.31799,15.50509,23.00585,31.18338
14750,10.32427,15.50924,23.00864,31.18544
14760,10.33055,15.51339,23.01143,31.18749
14770,10.33683,15.51754,23.01423,31.18956
14780,10.34311,15.52169,23.01702,31.19162
14790,10.3494,15.52585,23.01982,31.19368
14800,10.35568,15.53,23.02262,31.19575
14810,10.36196,15.53416,23.02542,31.19781
14820,10.36825,15.53832,23.02823,31.19988
14830,10.37453,15.54248,23.03103,31.20195
14840,10.38081,15.54665,23.03384,31.20402
14850,10.3871,15.55081,23.03664,31.20609
14860,10.39339,15.55498,23.03945,31.20816
14870,10.39967,15.55914,23.04226,31.21024
14880,10.40596,15.56331,23.04507,31.21231
14890,10.41224,15.56749,23.04789,31.21439
14900,10.41853,15.57166,23.0507,31.21646
14910,10.42482,15.57583,23.05352,31.21854
14920,10.43111,15.58001,23.05634,31.22062
14930,10.4374,15.58419,23.05915,31.2227
14940,10.44368,15.58837,23.06197,31.22478
14950,10.44997,15.59255,23.0648,31.22687
14960,10.45626,15.59673,23.06762,31.22895
14970,10.46255,15.60091,23.07045,31.23104
14980,10.46884,15.6051,23.07327,31.23313
14990,10.47513,15.60929,23.0761,31.23521
15000,10.48142,15.61348,23.07893,31.23731
15010,10.48771,15.61767,23.08176,31.2394
15020,10.49401,15.62186,23.0846,31.24149
15030,10.5003,15.62606,23.08743,31.24358
15040,10.50659,15.63026,23.09027,31.24567
15050,10.51289,15.63445,23.09311,31.24776
15060,10.51918,15.63865,23.09595,31.24986
15070,10.52547,15.64286,23.09879,31.25196
15080,10.53177,15.64706,23.10163,31.25406
15090,10.53806,15.65126,23.10448,31.25616
15100,10.54436,15.65547,23.10732,31.25826
15110,10.55065,15.65968,23.11017,31.26036
15120,10.55695,15.66389,23.11302,31.26247
15130,10.56324,15.6681,23.11587,31.26457
15140,10.56954,15.67231,23.11872,31.26668
15150,10.57584,15.67652,23.12157,31.26879
15160,10.58213,15.68074,23.12442,31.2709
15170,10.58843,15.68496,23.12728,31.27301
15180,10.59473,15.68918,23.13014,31.27512
15190,10.60103,15.6934,23.133,31.27724
15200,10.60733,15.69762,23.13586,31.27935
15210,10.61362,15.70185,23.13872,31.28147
15220,10.61992,15.70607,23.14158,31.28358
15230,10.62622,15.7103,23.14445,31.2857
15240,10.63252,15.71453,23.14732,31.28782
15250,10.63882,15.71876,23.15018,31.28995
15260,10.64513,15.72299,23.15305,31.29206
15270,10.65143,15.72723,23.15593,31.29419
15280,10.65773,15.73146,23.1588,31.29631
15290,10.66403,15.7357,23.16167,31.29844
15300,10.67033,15.73994,23.16455,31.30057
15310,10.67663,15.74418,23.16743,31.3027
15320,10.68294,15.74842,23.17031,31.30482
15330,10.68924,15.75267,23.17319,31.30696
15340,10.69555,15.75691,23.17607,31.30909
15350,10.70185,15.76116,23.17895,31.31123
15360,10.70816,15.76541,23.18184,31.31336
15370,10.71446,15.76966,23.18473,31.31549
15380,10.72077,15.77391,23.18762,31.31763
15390,10.72707,15.77816,23.19051,31.31977
15400,10.73338,15.78242,23.1934,31.32191
15410,10.73968,15.78668,23.19629,31.32405
15420,10.74599,15.79093,23.19918,31.32619
15430,10.7523,15.7952,23.20208,31.32833
15440,10.75861,15.79946,23.20498,31.33047
15450,10.76491,15.80372,23.20787,31.33262
15460,10.77122,15.80799,23.21078,31.33477
15470,10.77753,15.81225,23.21368,31.33692
15480,10.78384,15.81652,23.21658,31.33907
15490,10.79015,15.82079,23.21949,31.34122
15500,10.79646,15.82506,23.22239,31.34337
15510,10.80277,15.82933,23.2253,31.34552
15520,10.80908,15.83361,23.22821,31.34768
15530,10.81539,15.83789,23.23112,31.34983
15540,10.8217,15.84216,23.23404,31.35199
15550,10.82801,15.84644,23.23695,31.35415
15560,10.83432,15.85073,23.23986,31.35631
15570,10.84064,15.85501,23.24278,31.35847
15580,10.84695,15.85929,23.2457,31.36063
15590,10.85326,15.86358,23.24862,31.36279
15600,10.85958,15.86787,23.25154,31.36496
15610,10.86589,15.87215,23.25447,31.36713
15620,10.8722,15.87644,23.25739,31.36929
15630,10.87852,15.88074,23.26031,31.37146
15640,10.88483,15.88503,23.26324,31.37363
15650,10.89115,15.88933,23.26619,31.3758
15660,10.89746,15.89362,23.26912,31.37797
15670,10.90378,15.89792,23.27205,31.38014
15680,10.9101,15.90222,23.27498,31.38232
15690,10.91641,15.90652,23.27792,31.38449
15700,10.92273,15.91083,23.28085,31.38667
15710,10.92905,15.91513,23.28379,31.38885
15720,10.93536,15.91944,23.28673,31.39103
15730,10.94168,15.92375,23.28967,31.39321
15740,10.948,15.92805,23.29261,31.39539
15750,10.95432,15.93237,23.29556,31.39758
15760,10.96064,15.93668,23.29851,31.39976
15770,10.96695,15.94099,23.30145,31.40195
15780,10.97328,15.94531,23.3044,31.40413
15790,10.97959,15.94963,23.30735,31.40632
15800,10.98591,15.95394,23.3103,31.40851
15810,10.99224,15.95826,23.31326,31.4107
15820,10.99856,15.96259,23.31621,31.41289
15830,11.00488,15.96691,23.31916,31.41509
15840,11.0112,15.97124,23.32212,31.41728
15850,11.01752,15.97556,23.32508,31.41948
15860,11.02384,15.97989,23.32804,31.42167
15870,11.03017,15.98422,23.33101,31.42387
15880,11.03649,15.98855,23.33397,31.42607
15890,11.04281,15.99288,23.33693,31.42827
15900,11.04914,15.99722,23.3399,31.43047
15910,11.05546,16.00155,23.34287,31.43267
15920,11.06178,16.00589,23.34584,31.43488
15930,11.06811,16.01023,23.34881,31.43708
15940,11.07443,16.01457,23.35178,31.43929
15950,11.08076,16.01891,23.35475,31.4415
15960,11.08708,16.02326,23.35773,31.44371
15970,11.09341,16.0276,23.36071,31.44592
15980,11.09974,16.03195,23.36368,31.44813
15990,11.10606,16.0363,23.36666,31.45034
16000,11.11239,16.04065,23.36964,31.45256
16010,11.11872,16.045,23.37263,31.45477
16020,11.12504,16.04935,23.37561,31.45699
16030,11.13137,16.05371,23.3786,31.4592
16040,11.1377,16.05806,23.38159,31.46142
16050,11.14403,16.06242,23.38457,31.46364
16060,11.15035,16.06678,23.38757,31.46586
16070,11.15669,16.07114,23.39056,31.46809
16080,11.16301,16.0755,23.39355,31.47031
16090,11.16934,16.07987,23.39655,31.47253
16100,11.17568,16.08423,23.39954,31.47476
16110,11.182,16.0886,23.40254,31.47699
16120,11.18833,16.09296,23.40554,31.47922
16130,11.19467,16.09734,23.40853,31.48145
16140,11.201,16.10171,23.41153,31.48367
16150,11.20733,16.10608,23.41454,31.48591
16160,11.21366,16.11046,23.41754,31.48814
16170,11.21999,16.11483,23.42055,31.49038
16180,11.22633,16.11921,23.42356,31.49261
16190,11.23266,16.12359,23.42657,31.49485
16200,11.23899,16.12797,23.42958,31.49709
16210,11.24533,16.13235,23.43259,31.49933
16220,11.25166,16.13674,23.4356,31.50157
16230,11.25799,16.14112,23.43862,31.50381
16240,11.26433,16.14551,23.44164,31.50606
16250,11.27066,16.14989,23.44465,31.5083
16260,11.277,16.15428,23.44767,31.51055
16270,11.28333,16.15867,23.4507,31.51279
16280,11.28967,16.16306,23.45372,31.51504
16290,11.296,16.16746,23.45674,31.51729
16300,11.30234,16.17185,23.45977,31.51954
16310,11.30868,16.17625,23.4628,31.52179
16320,11.31501,16.18065,23.46582,31.52404
16330,11.32135,16.18505,23.46885,31.5263
16340,11.32769,16.18945,23.47189,31.52856
16350,11.33403,16.19386,23.47492,31.53081
16360,11.34037,16.19826,23.47795,31.53307
16370,11.3467,16.20267,23.48099,31.53533
16380,11.35304,16.20707,23.48403,31.53759
16390,11.35938,16.21148,23.48706,31.53985
16400,11.36572,16.21589,23.4901,31.54211
16410,11.37206,16.2203,23.49315,31.54438
16420,11.3784,16.22472,23.49619,31.54664
16430,11.38474,16.22913,23.49924,31.54891
16440,11.39108,16.23355,23.50228,31.55118
16450,11.39742,16.23797,23.50533,31.55344
16460,11.40376,16.24239,23.50838,31.55572
16470,11.4101,16.24681,23.51143,31.55799
16480,11.41645,16.25123,23.51448,31.56026
16490,11.42279,16.25565,23.51753,31.56253
16500,11.42913,16.26008,23.52059,31.56481
16510,11.43547,16.26451,23.52364,31.56709
16520,11.44182,16.26893,23.5267,31.56936
16530,11.44816,16.27336,23.52976,31.57164
16540,11.4545,16.27779,23.53282,31.57392
16550,11.46085,16.28223,23.53588,31.5762
16560,11.46719,16.28666,23.53895,31.57849
16570,11.47353,16.2911,23.54201,31.58078
16580,11.47988,16.29553,23.54508,31.58307
16590,11.48622,16.29997,23.54815,31.58535
16600,11.49257,16.30441,23.55122,31.58764
16610,11.49891,16.30885,23.55429,31.58993
16620,11.50526,16.31329,23.55736,31.59221
16630,11.51161,16.31774,23.56043,31.59451
16640,11.51795,16.32219,23.56351,31.5968
16650,11.5243,16.32663,23.56658,31.59909
16660,11.53065,16.33108,23.56966,31.60139
16670,11.53699,16.33553,23.57274,31.60368
16680,11.54334,16.33998,23.57582,31.60598
16690,11.54969,16.34444,23.5789,31.60827
16700,11.55604,16.34889,23.58199,31.61058
16710,11.56239,16.35335,23.58507,31.61288
16720,11.56874,16.35781,23.58816,31.61518
16730,11.57508,16.36226,23.59125,31.61748
16740,11.58143,16.36672,23.59434,31.61979
16750,11.58778,16.37119,23.59743,31.62209
16760,11.59413,16.37565,23.60052,31.62439
16770,11.60048,16.38011,23.60362,31.6267
16780,11.60683,16.38458,23.60671,31.62901
16790,11.61318,16.38905,23.60981,31.63132
16800,11.61953,16.39352,23.61291,31.63363
16810,11.62589,16.39799,23.61601,31.63594
16820,11.63224,16.40246,23.61911,31.63825
16830,11.63859,16.40693,23.62221,31.64057
16840,11.64494,16.41141,23.62531,31.64289
16850,11.65129,16.41588,23.62842,31.64521
16860,11.65765,16.42036,23.63153,31.64752
16870,11.664,16.42484,23.63464,31.64985
16880,11.67035,16.42932,23.63774,31.65216
16890,11.67671,16.4338,23.64085,31.65449
16900,11.68306,16.43829,23.64397,31.65681
16910,11.68941,16.44277,23.64708,31.65914
16920,11.69577,16.44726,23.6502,31.66146
16930,11.70212,16.45174,23.65331,31.66379
16940,11.70848,16.45623,23.65643,31.66612
16950,11.71483,16.46072,23.65955,31.66845
16960,11.72119,16.46522,23.66267,31.67078
16970,11.72754,16.46971,23.66579,31.67311
16980,11.7339,16.4742,23.66892,31.67544
16990,11.74026,16.4787,23.67204,31.67777
17000,11.74661,16.4832,23.67517,31.68011
17010,11.75297,16.4877,23.6783,31.68244
17020,11.75933,16.4922,23.68143,31.68478
17030,11.76568,16.4967,23.68456,31.68711
17040,11.77204,16.5012,23.68769,31.68946
17050,11.7784,16.50571,23.69082,31.6918
17060,11.78476,16.51021,23.69396,31.69414
17070,11.79111,16.51472,23.6971,31.69648
17080,11.79747,16.51923,23.70024,31.69883
17090,11.80383,16.52374,23.70337,31.70118
17100,11.81019,16.52825,23.70652,31.70352
17110,11.81655,16.53276,23.70966,31.70587
17120,11.82291,16.53728,23.7128,31.70822
17130,11.82927,16.54179,23.71595,31.71057
17140,11.83563,16.54631,23.7191,31.71292
17150,11.84199,16.55083,23.72226,31.71528
17160,11.84835,16.55535,23.72541,31.71763
17170,11.85471,16.55987,23.72856,31.71999
17180,11.86108,16.56439,23.73171,31.72235
17190,11.86744,16.56892,23.73486,31.7247
17200,11.8738,16.57345,23.73802,31.72706
17210,11.88016,16.57797,23.74117,31.72942
17220,11.88652,16.5825,23.74433,31.73178
17230,11.89288,16.58703,23.74749,31.73415
17240,11.89925,16.59156,23.75065,31.73651
17250,11.90561,16.59609,23.75381,31.73888
17260,11.91197,16.60063,23.75698,31.74124
17270,11.91834,16.60516,23.76014,31.74361
17280,11.9247,16.6097,23.76331,31.74598
17290,11.93106,16.61424,23.76648,31.74835
17300,11.93743,16.61878,23.76965,31.75072
17310,11.94379,16.62332,23.77282,31.75309
17320,11.95016,16.62786,23.77599,31.75546
17330,11.95652,16.6324,23.77916,31.75784
17340,11.96289,16.63695,23.78234,31.76022
17350,11.96925,16.6415,23.78552,31.7626
17360,11.97562,16.64604,23.7887,31.76497
17370,11.98199,16.65059,23.79187,31.76735
17380,11.98835,16.65514,23.79506,31.76973
17390,11.99472,16.6597,23.79824,31.77212
17400,12.00109,16.66425,23.80142,31.7745
17410,12.00745,16.6688,23.8046,31.77688
17420,12.01382,16.67336,23.80779,31.77927
17430,12.02019,16.67792,23.81098,31.78165
17440,12.02656,16.68248,23.81417,31.78404
17450,12.03292,16.68704,23.81736,31.78643
17460,12.03929,16.6916,23.82055,31.78882
17470,12.04566,16.69616,23.82374,31.79121
17480,12.05203,16.70073,23.82693,31.79361
17490,12.0584,16.70529,23.83013,31.796
17500,12.06477,16.70986,23.83333,31.7984
17510,12.07114,16.71443,23.83653,31.80079
17520,12.07751,16.719,23.83973,31.80319
17530,12.08388,16.72357,23.84293,31.80559
17540,12.09025,16.72814,23.84613,31.80799
17550,12.09662,16.73272,23.84934,31.81039
17560,12.10299,16.73729,23.85254,31.81279
17570,12.10936,16.74187,23.85575,31.81519
17580,12.11573,16.74644,23.85896,31.8176
17590,12.1221,16.75102,23.86217,31.82001
17600,12.12848,16.7556,23.86538,31.82241
17610,12.13485,16.76018,23.86859,31.82482
17620,12.14122,16.76477,23.87181,31.82723
17630,12.14759,16.76935,23.87502,31.82964
17640,12.15397,16.77394,23.87824,31.83205
17650,12.16034,16.77853,23.88146,31.83447
17660,12.16671,16.78311,23.88468,31.83688
17670,12.17308,16.7877,23.8879,31.8393
17680,12.17946,16.79229,23.89112,31.84171
17690,12.18583,16.79689,23.89435,31.84413
17700,12.19221,16.80148,23.89757,31.84655
17710,12.19858,16.80608,23.9008,31.84897
17720,12.20496,16.81068,23.90403,31.85139
17730,12.21133,16.81527,23.90726,31.85381
17740,12.21771,16.81987,23.91048,31.85623
17750,12.22408,16.82447,23.91372,31.85866
17760,12.23046,16.82907,23.91695,31.86109
17770,12.23683,16.83368,23.92019,31.86351
17780,12.24321,16.83828,23.92342,31.86595
17790,12.24958,16.84289,23.92666,31.86837
17800,12.25596,16.8475,23.9299,31.87081
17810,12.26234,16.8521,23.93314,31.87324
17820,12.26871,16.85671,23.93638,31.87567
17830,12.27509,16.86132,23.93962,31.8781
17840,12.28147,16.86594,23.94287,31.88054
17850,12.28785,16.87055,23.94611,31.88297
17860,12.29423,16.87517,23.94936,31.88541
17870,12.3006,16.87978,23.95261,31.88785
17880,12.30698,16.8844,23.95586,31.89029
17890,12.31336,16.88902,23.95911,31.89273
17900,12.31974,16.89364,23.96236,31.89517
17910,12.32612,16.89826,23.96562,31.89762
17920,12.3325,16.90289,23.96887,31.90007
17930,12.33888,16.90751,23.97213,31.90251
17940,12.34526,16.91214,23.97539,31.90496
17950,12.35164,16.91676,23.97865,31.90741
17960,12.35802,16.92139,23.98191,31.90985
17970,12.3644,16.92602,23.98517,31.91231
17980,12.37078,16.93065,23.98844,31.91476
17990,12.37716,16.93528,23.9917,31.91721
18000,12.38354,16.93992,23.99497,31.91966
18010,12.38992,16.94455,23.99824,31.92212
18020,12.3963,16.94919,24.00151,31.92458
18030,12.40269,16.95382,24.00478,31.92703
18040,12.40907,16.95846,24.00805,31.92949
18050,12.41545,16.9631,24.01132,31.93195
18060,12.42183,16.96775,24.0146,31.93442
18070,12.42822,16.97239,24.01787,31.93688
18080,12.4346,16.97703,24.02115,31.93934
18090,12.44098,16.98168,24.02443,31.9418
18100,12.44737,16.98632,24.02771,31.94427
18110,12.45375,16.99097,24.03099,31.94674
18120,12.46013,16.99562,24.03427,31.9492
18130,12.46652,17.00027,24.03756,31.95168
18140,12.4729,17.00492,24.04084,31.95414
18150,12.47929,17.00958,24.04413,31.95662
18160,12.48567,17.01423,24.04742,31.95909
18170,12.49205,17.01889,24.05071,31.96156
18180,12.49844,17.02354,24.054,31.96404
18190,12.50482,17.0282,24.05729,31.96651
18200,12.51121,17.03286,24.06059,31.96899
18210,12.5176,17.03752,24.06388,31.97147
18220,12.52398,17.04218,24.06718,31.97395
18230,12.53037,17.04685,24.07048,31.97643
18240,12.53675,17.05151,24.07378,31.97892
18250,12.54314,17.05618,24.07708,31.9814
18260,12.54953,17.06084,24.08038,31.98388
18270,12.55591,17.06551,24.08368,31.98637
18280,12.5623,17.07018,24.087,31.98886
18290,12.56869,17.07486,24.09031,31.99134
18300,12.57508,17.07953,24.09361,31.99384
18310,12.58147,17.0842,24.09692,31.99632
18320,12.58785,17.08887,24.10023,31.99882
18330,12.59424,17.09355,24.10354,32.0013
18340,12.60063,17.09823,24.10686,32.0038
18350,12.60702,17.10291,24.11017,32.00629
18360,12.61341,17.10759,24.11348,32.00879
18370,12.6198,17.11227,24.1168,32.01129
18380,12.62619,17.11695,24.12012,32.01379
18390,12.63258,17.12163,24.12344,32.01629
18400,12.63897,17.12632,24.12676,32.01879
18410,12.64536,17.131,24.13008,32.02129
18420,12.65175,17.13569,24.13341,32.0238
18430,12.65814,17.14038,24.13673,32.0263
18440,12.66453,17.14507,24.14006,32.0288
18450,12.67092,17.14976,24.14338,32.03131
18460,12.67731,17.15446,24.14672,32.03382
18470,12.6837,17.15915,24.15005,32.03633
18480,12.69009,17.16384,24.15338,32.03884
18490,12.69648,17.16854,24.15671,32.04135
18500,12.70288,17.17324,24.16005,32.04387
18510,12.70927,17.17794,24.16338,32.04638
18520,12.71566,17.18264,24.16672,32.04889
18530,12.72205,17.18734,24.17005,32.05141
18540,12.72845,17.19204,24.17339,32.05392
18550,12.73484,17.19674,24.17674,32.05645
18560,12.74123,17.20145,24.18008,32.05896
18570,12.74763,17.20616,24.18342,32.06149
18580,12.75402,17.21086,24.18677,32.06401
18590,12.76041,17.21557,24.19011,32.06653
18600,12.76681,17.22028,24.19346,32.06906
18610,12.7732,17.22499,24.19681,32.07158
18620,12.7796,17.2297,24.20016,32.0741
18630,12.78599,17.23442,24.20351,32.07663
18640,12.79239,17.23913,24.20687,32.07916
18650,12.79878,17.24385,24.21022,32.08169
18660,12.80518,17.24857,24.21358,32.08422
18670,12.81157,17.25328,24.21693,32.08675
18680,12.81797,17.25801,24.22029,32.08929
18690,12.82436,17.26273,24.22365,32.09182
18700,12.83076,17.26745,24.22701,32.09435
18710,12.83715,17.27217,24.23038,32.09689
18720,12.84355,17.2769,24.23374,32.09943
18730,12.84995,17.28162,24.2371,32.10197
18740,12.85634,17.28635,24.24047,32.10451
18750,12.86274,17.29108,24.24384,32.10705
18760,12.86914,17.29581,24.24721,32.10959
18770,12.87553,17.30054,24.25058,32.11214
18780,12.88193,17.30527,24.25395,32.11468
18790,12.88833,17.31001,24.25732,32.11723
18800,12.89473,17.31474,24.2607,32.11977
18810,12.90113,17.31948,24.26407,32.12232
18820,12.90753,17.32421,24.26745,32.12487
18830,12.91393,17.32895,24.27083,32.12743
18840,12.92032,17.33369,24.27421,32.12997
18850,12.92672,17.33843,24.27759,32.13253
18860,12.93312,17.34317,24.28097,32.13508
18870,12.93952,17.34792,24.28436,32.13764
18880,12.94592,17.35266,24.28774,32.14019
18890,12.95232,17.35741,24.29113,32.14275
18900,12.95872,17.36215,24.29452,32.14531
18910,12.96512,17.3669,24.2979,32.14787
18920,12.97152,17.37165,24.30129,32.15046
18930,12.97792,17.3764,24.30469,32.15302
18940,12.98432,17.38115,24.30808,32.15558
18950,12.99072,17.38591,24.31147,32.15815
18960,12.99712,17.39066,24.31487,32.16071
18970,13.00352,17.39542,24.31827,32.16327
18980,13.00993,17.40017,24.32166,32.16584
18990,13.01633,17.40493,24.32506,32.16842
19000,13.02273,17.40969,24.32846,32.17099
19010,13.02913,17.41445,24.33187,32.17356
19020,13.03553,17.41921,24.33527,32.17613
19030,13.04193,17.42397,24.33867,32.1787
19040,13.04834,17.42873,24.34208,32.18128
19050,13.05474,17.4335,24.34549,32.18385
19060,13.06114,17.43827,24.34889,32.18643
19070,13.06755,17.44303,24.3523,32.18901
19080,13.07395,17.4478,24.35572,32.19159
19090,13.08035,17.45257,24.35913,32.19416
19100,13.08676,17.45734,24.36254,32.19675
19110,13.09316,17.46212,24.36596,32.19933
19120,13.09956,17.46689,24.36937,32.20192
19130,13.10597,17.47166,24.37279,32.20451
19140,13.11237,17.47644,24.37621,32.20709
19150,13.11878,17.48121,24.37963,32.20967
19160,13.12518,17.48599,24.38305,32.21227
19170,13.13159,17.49077,24.38648,32.21486
19180,13.13799,17.49555,24.3899,32.21745
19190,13.1444,17.50033,24.39333,32.22004
19200,13.1508,17.50512,24.39676,32.22263
19210,13.15721,17.5099,24.4002,32.22523
19220,13.16362,17.51468,24.40363,32.22781
19230,13.17002,17.51947,24.40706,32.23041
19240,13.17643,17.52426,24.41049,32.23301
19250,13.18283,17.52905,24.41393,32.23561
19260,13.18924,17.53384,24.41736,32.23821
19270,13.19565,17.53863,24.4208,32.24081
19280,13.20205,17.54342,24.42423,32.24341
19290,13.20846,17.54821,24.42767,32.24601
19300,13.21487,17.55301,24.43111,32.24862
19310,13.22128,17.5578,24.43455,32.25123
19320,13.22768,17.5626,24.438,32.25383
19330,13.23409,17.5674,24.44144,32.25644
19340,13.2405,17.5722,24.44489,32.25905
19350,13.24691,17.577,24.44833,32.26166
19360,13.25332,17.5818,24.45178,32.26427
19370,13.25973,17.5866,24.45523,32.26688
19380,13.26613,17.59141,24.45868,32.2695
19390,13.27254,17.59621,24.46213,32.27211
19400,13.27895,17.60102,24.46558,32.27473
19410,13.28536,17.60582,24.46904,32.27735
19420,13.29177,17.61063,24.47249,32.27996
19430,13.29818,17.61544,24.47595,32.28259
19440,13.30459,17.62025,24.4794,32.2852
19450,13.311,17.62506,24.48286,32.28782
19460,13.31741,17.62988,24.48632,32.29045
19470,13.32382,17.63469,24.48979,32.29308
19480,13.33023,17.63951,24.49325,32.2957
19490,13.33664,17.64432,24.49671,32.29832
19500,13.34305,17.64914,24.50018,32.30095
19510,13.34946,17.65396,24.50365,32.30358
19520,13.35587,17.65878,24.50712,32.30621
19530,13.36229,17.6636,24.51058,32.30884
19540,13.3687,17.66843,24.51406,32.31147
19550,13.37511,17.67325,24.51753,32.31411
19560,13.38152,17.67807,24.521,32.31674
19570,13.38793,17.6829,24.52448,32.31937
19580,13.39435,17.68773,24.52795,32.32201
19590,13.40076,17.69255,24.53143,32.32465
19600,13.40717,17.69738,24.53491,32.32729
19610,13.41358,17.70221,24.53839,32.32993
19620,13.41999,17.70704,24.54187,32.33257
19630,13.42641,17.71188,24.54535,32.33521
19640,13.43282,17.71671,24.54884,32.33785
19650,13.43923,17.72154,24.55232,32.34049
19660,13.44565,17.72638,24.55581,32.34314
19670,13.45206,17.73122,24.55929,32.34578
19680,13.45848,17.73606,24.56278,32.34843
19690,13.46489,17.7409,24.56627,32.35108
19700,13.4713,17.74574,24.56977,32.35373
19710,13.47772,17.75058,24.57326,32.35638
19720,13.48413,17.75542,24.57675,32.35904
19730,13.49055,17.76027,24.58025,32.36169
19740,13.49696,17.76511,24.58374,32.36434
19750,13.50338,17.76996,24.58724,32.367
19760,13.50979,17.77481,24.59074,32.36966
19770,13.51621,17.77965,24.59424,32.37231
19780,13.52262,17.7845,24.59774,32.37497
19790,13.52904,17.78935,24.60124,32.37763
19800,13.53546,17.79421,24.60475,32.38029
19810,13.54187,17.79906,24.60825,32.38295
19820,13.54829,17.80391,24.61176,32.38562
19830,13.5547,17.80877,24.61526,32.38828
19840,13.56112,17.81362,24.61877,32.39095
19850,13.56754,17.81848,24.62229,32.39362
19860,13.57395,17.82334,24.6258,32.39629
19870,13.58037,17.8282,24.62931,32.39895
19880,13.58679,17.83306,24.63282,32.40162
19890,13.5932,17.83792,24.63634,32.4043
19900,13.59962,17.84278,24.63986,32.40697
19910,13.60604,17.84765,24.64338,32.40965
19920,13.61246,17.85251,24.64689,32.41232
19930,13.61887,17.85738,24.65042,32.41499
19940,13.62529,17.86225,24.65394,32.41767
19950,13.63171,17.86712,24.65746,32.42035
19960,13.63813,17.87199,24.66098,32.42302
19970,13.64455,17.87686,24.66451,32.4257
19980,13.65097,17.88173,24.66804,32.42839
19990,13.65739,17.8866,24.67158,32.43107
20000,13.66381,17.89148,24.67511,32.43375
20010,13.67023,17.89635,24.67864,32.43644
20020,13.67664,17.90123,24.68217,32.43913
20030,13.68306,17.90611,24.6857,32.44181
20040,13.68948,17.91099,24.68924,32.4445
20050,13.6959,17.91587,24.69277,32.44719
20060,13.70232,17.92075,24.69631,32.44988
20070,13.70875,17.92563,24.69985,32.45257
20080,13.71517,17.93051,24.70339,32.45527
20090,13.72158,17.9354,24.70693,32.45796
20100,13.728,17.94028,24.71047,32.46065
20110,13.73443,17.94517,24.71401,32.46335
20120,13.74085,17.95006,24.71756,32.46605
20130,13.74727,17.95494,24.72111,32.46874
20140,13.75369,17.95983,24.72465,32.47144
20150,13.76011,17.96472,24.7282,32.47414
20160,13.76653,17.96962,24.73175,32.47684
20170,13.77295,17.97451,24.7353,32.47955
20180,13.77938,17.9794,24.73885,32.48225
20190,13.7858,17.9843,24.7424,32.48495
20200,13.79222,17.98919,24.74596,32.48766
20210,13.79864,17.99409,24.74951,32.49037
20220,13.80506,17.99899,24.75307,32.49308
20230,13.81149,18.00389,24.75663,32.49578
20240,13.81791,18.00879,24.76019,32.49849
20250,13.82433,18.01369,24.76375,32.5012
20260,13.83076,18.01859,24.76731,32.50391
20270,13.83718,18.0235,24.77088,32.50663
20280,13.8436,18.0284,24.77444,32.50935
20290,13.85002,18.03331,24.77801,32.51205
20300,13.85645,18.03821,24.78157,32.51478
20310,13.86287,18.04312,24.78514,32.51749
20320,13.8693,18.04803,24.78871,32.52021
20330,13.87572,18.05294,24.79228,32.52293
20340,13.88215,18.05785,24.79585,32.52566
20350,13.88857,18.06277,24.79943,32.52838
20360,13.89499,18.06768,24.803,32.53111
20370,13.90142,18.0726,24.80658,32.53383
20380,13.90784,18.07751,24.81016,32.53655
20390,13.91427,18.08243,24.81373,32.53928
20400,13.92069,18.08735,24.81731,32.54201
20410,13.92712,18.09226,24.82089,32.54474
20420,13.93354,18.09719,24.82448,32.54747
20430,13.93997,18.1021,24.82806,32.5502
20440,13.9464,18.10703,24.83164,32.55293
20450,13.95282,18.11195,24.83522,32.55567
20460,13.95925,18.11687,24.83881,32.5584
20470,13.96567,18.1218,24.8424,32.56114
20480,13.9721,18.12672,24.84599,32.56388
20490,13.97853,18.13165,24.84958,32.56662
20500,13.98495,18.13658,24.85317,32.56935
20510,13.99138,18.14151,24.85677,32.57209
20520,13.99781,18.14644,24.86036,32.57484
20530,14.00423,18.15137,24.86396,32.57758
20540,14.01066,18.15631,24.86755,32.58032
20550,14.01709,18.16124,24.87115,32.58307
20560,14.02352,18.16617,24.87475,32.58581
20570,14.02994,18.17111,24.87835,32.58856
20580,14.03637,18.17605,24.88195,32.59131
20590,14.0428,18.18098,24.88556,32.59406
20600,14.04923,18.18592,24.88916,32.59681
20610,14.05565,18.19086,24.89277,32.59956
20620,14.06208,18.19581,24.89637,32.60231
20630,14.06851,18.20074,24.89998,32.60506
20640,14.07494,18.20569,24.90359,32.60782
20650,14.08137,18.21063,24.9072,32.61058
20660,14.0878,18.21558,24.91082,32.61333
20670,14.09423,18.22052,24.91443,32.61609
20680,14.10066,18.22547,24.91805,32.61885
20690,14.10708,18.23042,24.92166,32.62161
20700,14.11351,18.23537,24.92528,32.62437
20710,14.11994,18.24032,24.9289,32.62714
20720,14.12637,18.24527,24.93252,32.6299
20730,14.1328,18.25023,24.93613,32.63266
20740,14.13923,18.25518,24.93975,32.63543
20750,14.14566,18.26013,24.94338,32.6382
20760,14.15209,18.26509,24.947,32.64096
20770,14.15852,18.27005,24.95063,32.64373
20780,14.16495,18.275,24.95425,32.6465
20790,14.17138,18.27996,24.95788,32.64927
20800,14.17781,18.28492,24.96151,32.65205
20810,14.18425,18.28988,24.96514,32.65482
20820,14.19068,18.29484,24.96877,32.65759
20830,14.19711,18.29981,24.9724,32.66037
20840,14.20354,18.30477,24.97603,32.66315
20850,14.20997,18.30974,24.97967,32.66592
20860,14.2164,18.3147,24.9833,32.6687
20870,14.22283,18.31967,24.98694,32.67148
20880,14.22927,18.32464,24.99058,32.67426
20890,14.2357,18.32961,24.99422,32.67705
20900,14.24213,18.33458,24.99786,32.67983
20910,14.24856,18.33955,25.0015,32.68261
20920,14.255,18.34452,25.00515,32.6854
20930,14.26143,18.3495,25.00879,32.68819
20940,14.26786,18.35447,25.01244,32.69098
20950,14.27429,18.35945,25.01608,32.69376
20960,14.28073,18.36442,25.01973,32.69656
20970,14.28716,18.3694,25.02338,32.69934
20980,14.29359,18.37438,25.02702,32.70214
20990,14.30003,18.37936,25.03068,32.70493
21000,14.30646,18.38434,25.03433,32.70773
21010,14.31289,18.38932,25.03799,32.71052
21020,14.31933,18.3943,25.04164,32.71332
21030,14.32576,18.39929,25.0453,32.71612
21040,14.33219,18.40427,25.04895,32.71891
21050,14.33863,18.40925,25.05261,32.72171
21060,14.34506,18.41424,25.05627,32.72451
21070,14.3515,18.41923,25.05993,32.72731
21080,14.35793,18.42422,25.06359,32.73012
21090,14.36437,18.42921,25.06726,32.73292
21100,14.3708,18.4342,25.07092,32.73573
21110,14.37724,18.43919,25.07459,32.73853
21120,14.38367,18.44418,25.07825,32.74134
21130,14.39011,18.44918,25.08192,32.74415
21140,14.39654,18.45417,25.08559,32.74696
21150,14.40298,18.45917,25.08927,32.74977
21160,14.40941,18.46416,25.09294,32.75258
21170,14.41585,18.46916,25.09661,32.75539
21180,14.42229,18.47416,25.10028,32.75821
21190,14.42872,18.47916,25.10396,32.76102
21200,14.43516,18.48416,25.10763,32.76384
21210,14.44159,18.48916,25.11131,32.76665
21220,14.44803,18.49417,25.11499,32.76947
21230,14.45447,18.49917,25.11867,32.77229
21240,14.4609,18.50418,25.12235,32.77511
21250,14.46734,18.50918,25.12603,32.77794
21260,14.47378,18.51419,25.12972,32.78076
21270,14.48021,18.51919,25.13342,32.78358
21280,14.48665,18.5242,25.1371,32.78641
21290,14.49309,18.52921,25.14079,32.78923
21300,14.49953,18.53422,25.14448,32.79206
21310,14.50596,18.53923,25.14817,32.79489
21320,14.5124,18.54425,25.15186,32.79771
21330,14.51884,18.54926,25.15555,32.80054
21340,14.52528,18.55428,25.15924,32.80338
21350,14.53171,18.55929,25.16294,32.80621
21360,14.53815,18.56431,25.16664,32.80904
21370,14.54459,18.56933,25.17033,32.81187
21380,14.55103,18.57434,25.17403,32.81471
21390,14.55747,18.57937,25.17773,32.81755
21400,14.5639,18.58438,25.18143,32.82039
21410,14.57034,18.58941,25.18513,32.82323
21420,14.57678,18.59443,25.18883,32.82606
21430,14.58322,18.59945,25.19254,32.82891
21440,14.58966,18.60448,25.19624,32.83175
21450,14.5961,18.6095,25.19995,32.83459
21460,14.60254,18.61453,25.20366,32.83744
21470,14.60898,18.61956,25.20737,32.84028
21480,14.61542,18.62459,25.21107,32.84312
21490,14.62186,18.62961,25.21479,32.84597
21500,14.6283,18.63465,25.2185,32.84882
21510,14.63474,18.63968,25.22221,32.85167
21520,14.64118,18.64471,25.22593,32.85452
21530,14.64762,18.64974,25.22964,32.85738
21540,14.65406,18.65478,25.23336,32.86023
21550,14.6605,18.65981,25.23708,32.86308
21560,14.66694,18.66485,25.2408,32.86594
21570,14.67338,18.66989,25.24452,32.86879
21580,14.67982,18.67492,25.24824,32.87165
21590,14.68626,18.67996,25.25196,32.87451
21600,14.6927,18.685,25.25569,32.87737
21610,14.69915,18.69004,25.25941,32.88023
21620,14.70559,18.69509,25.26314,32.88309
21630,14.71203,18.70013,25.26687,32.88595
21640,14.71847,18.70517,25.2706,32.88881
21650,14.72491,18.71022,25.27432,32.89167
21660,14.73135,18.71527,25.27806,32.89454
21670,14.73779,18.72031,25.28179,32.89741
21680,14.74424,18.72536,25.28552,32.90028
21690,14.75068,18.73041,25.28926,32.90314
21700,14.75712,18.73546,25.293,32.90601
21710,14.76356,18.74051,25.29673,32.90889
21720,14.77001,18.74556,25.30047,32.91176
21730,14.77645,18.75061,25.30421,32.91463
21740,14.78289,18.75567,25.30795,32.91751
21750,14.78933,18.76072,25.31169,32.92038
21760,14.79578,18.76578,25.31543,32.92326
21770,14.80222,18.77083,25.31918,32.92614
21780,14.80866,18.77589,25.32292,32.92901
21790,14.81511,18.78095,25.32666,32.93189
21800,14.82155,18.78601,25.33041,32.93477
21810,14.82799,18.79107,25.33416,32.93766
21820,14.83444,18.79613,25.33792,32.94054
21830,14.84088,18.80119,25.34168,32.94342
21840,14.84733,18.80626,25.34543,32.9463
21850,14.85377,18.81132,25.34918,32.94919
21860,14.86021,18.81639,25.35293,32.95208
21870,14.86666,18.82145,25.35669,32.95497
21880,14.8731,18.82652,25.36045,32.95786
21890,14.87955,18.83159,25.3642,32.96075
21900,14.88599,18.83666,25.36796,32.96364
21910,14.89243,18.84173,25.37172,32.96653
21920,14.89888,18.8468,25.37548,32.96943
21930,14.90532,18.85187,25.37925,32.97232
21940,14.91177,18.85694,25.38301,32.97522
21950,14.91821,18.86202,25.38678,32.97811
21960,14.92466,18.86709,25.39054,32.98101
21970,14.9311,18.87216,25.39431,32.98391
21980,14.93755,18.87724,25.39808,32.98681
21990,14.94399,18.88232,25.40185,32.98971
22000,14.95044,18.8874,25.40562,32.99261
22010,14.95689,18.89248,25.40939,32.99551
22020,14.96333,18.89756,25.41316,32.99842
22030,14.96978,18.90264,25.41694,33.00132
22040,14.97622,18.90772,25.42071,33.00423
22050,14.98267,18.91281,25.42449,33.00714
22060,14.98912,18.91789,25.42827,33.01004
22070,14.99556,18.92297,25.43204,33.01295
22080,15.00201,18.92806,25.43583,33.01587
22090,15.00846,18.93315,25.43961,33.01878
22100,15.0149,18.93823,25.44339,33.02169
22110,15.02135,18.94332,25.44717,33.0246
22120,15.0278,18.94841,25.45096,33.02752
22130,15.03424,18.9535,25.45474,33.03043
22140,15.04069,18.9586,25.45853,33.03336
22150,15.04714,18.96369,25.46232,33.03627
22160,15.05358,18.96878,25.46611,33.03919
22170,15.06003,18.97388,25.4699,33.04211
22180,15.06648,18.97897,25.47369,33.04503
22190,15.07293,18.98407,25.47748,33.04795
22200,15.07937,18.98916,25.48128,33.05088
22210,15.08582,18.99426,25.48507,33.0538
22220,15.09227,18.99936,25.48886,33.05672
22230,15.09872,19.00446,25.49266,33.05965
22240,15.10517,19.00956,25.49646,33.06258
22250,15.11161,19.01466,25.50026,33.06551
22260,15.11806,19.01977,25.50406,33.06846
22270,15.12451,19.02487,25.50786,33.07139
22280,15.13096,19.02997,25.51166,33.07432
22290,15.13741,19.03508,25.51547,33.07725
22300,15.14386,19.04019,25.51927,33.08019
22310,15.15031,19.04529,25.52308,33.08312
22320,15.15676,19.0504,25.5269,33.08606
22330,15.1632,19.05551,25.53071,33.08899
22340,15.16965,19.06062,25.53451,33.09193
22350,15.1761,19.06573,25.53832,33.09487
22360,15.18255,19.07084,25.54214,33.09781
22370,15.189,19.07595,25.54595,33.10075
22380,15.19545,19.08106,25.54976,33.10369
22390,15.2019,19.08618,25.55358,33.10664
22400,15.20835,19.0913,25.55739,33.10958
22410,15.2148,19.09641,25.56121,33.11253
22420,15.22125,19.10153,25.56503,33.11547
22430,15.2277,19.10665,25.56885,33.11842
22440,15.23415,19.11177,25.57267,33.12137
22450,15.2406,19.11689,25.5765,33.12432
22460,15.24705,19.12201,25.58032,33.12727
22470,15.2535,19.12713,25.58415,33.13022
22480,15.25995,19.13225,25.58797,33.13317
22490,15.2664,19.13738,25.5918,33.13612
22500,15.27285,19.1425,25.59563,33.13908
22510,15.27931,19.14762,25.59945,33.14204
22520,15.28576,19.15275,25.60329,33.14499
22530,15.29221,19.15788,25.60712,33.14795
22540,15.29866,19.16301,25.61095,33.15091
22550,15.30511,19.16814,25.61478,33.15387
22560,15.31156,19.17327,25.61862,33.15683
22570,15.31801,19.1784,25.62245,33.15979
22580,15.32447,19.18353,25.62629,33.16275
22590,15.33092,19.18866,25.63013,33.16572
22600,15.33737,19.1938,25.63396,33.16869
22610,15.34382,19.19893,25.6378,33.17165
22620,15.35027,19.20406,25.64165,33.17462
22630,15.35672,19.2092,25.64548,33.17759
22640,15.36318,19.21433,25.64933,33.18056
22650,15.36963,19.21948,25.65318,33.18353
22660,15.37608,19.22461,25.65702,33.1865
22670,15.38253,19.22975,25.66087,33.18947
22680,15.38899,19.23489,25.66472,33.19244
22690,15.39544,19.24004,25.66857,33.19542
22700,15.40189,19.24518,25.67242,33.1984
22710,15.40834,19.25032,25.67627,33.20137
22720,15.4148,19.25546,25.68012,33.20435
22730,15.42125,19.26061,25.68397,33.20733
22740,15.4277,19.26576,25.68783,33.21031
22750,15.43416,19.2709,25.69168,33.21329
22760,15.44061,19.27605,25.69554,33.21628
22770,15.44706,19.2812,25.6994,33.21926
22780,15.45352,19.28635,25.70326,33.22224
22790,15.45997,19.2915,25.70712,33.22522
22800,15.46643,19.29665,25.71098,33.22821
22810,15.47288,19.3018,25.71484,33.2312
22820,15.47933,19.30696,25.71871,33.23419
22830,15.48579,19.31211,25.72257,33.23718
22840,15.49224,19.31726,25.72644,33.24017
22850,15.49869,19.32242,25.73031,33.24316
22860,15.50515,19.32757,25.73417,33.24615
22870,15.5116,19.33273,25.73804,33.24915
22880,15.51806,19.33789,25.74192,33.25214
22890,15.52451,19.34305,25.74579,33.25513
22900,15.53097,19.34821,25.74966,33.25813
22910,15.53742,19.35337,25.75353,33.26113
22920,15.54387,19.35853,25.75741,33.26413
22930,15.55033,19.3637,25.76128,33.26712
22940,15.55679,19.36886,25.76516,33.27011
22950,15.56324,19.37402,25.76904,33.27312
22960,15.5697,19.37919,25.77292,33.27612
22970,15.57615,19.38436,25.7768,33.27913
22980,15.58261,19.38952,25.78068,33.28213
22990,15.58906,19.39469,25.78456,33.28513
23000,15.59552,19.39986,25.78844,33.28814
23010,15.60197,19.40503,25.79233,33.29115
23020,15.60843,19.4102,25.79622,33.29416
23030,15.61488,19.41537,25.80011,33.29717
23040,15.62134,19.42054,25.80399,33.30018
23050,15.6278,19.42571,25.80788,33.30319
23060,15.63425,19.43089,25.81177,33.30621
23070,15.64071,19.43606,25.81566,33.30922
23080,15.64716,19.44124,25.81956,33.31223
23090,15.65362,19.44641,25.82345,33.31525
23100,15.66008,19.45159,25.82734,33.31827
23110,15.66653,19.45677,25.83124,33.32129
23120,15.67299,19.46195,25.83514,33.32431
23130,15.67945,19.46713,25.83904,33.32732
23140,15.6859,19.47231,25.84293,33.33035
23150,15.69236,19.47749,25.84683,33.33337
23160,15.69882,19.48268,25.85073,33.3364
23170,15.70527,19.48786,25.85464,33.33942
23180,15.71173,19.49304,25.85854,33.34245
23190,15.71819,19.49823,25.86245,33.34547
23200,15.72465,19.50341,25.86635,33.3485
23210,15.7311,19.5086,25.87026,33.35153
23220,15.73756,19.51379,25.87417,33.35456
23230,15.74402,19.51898,25.87807,33.35759
23240,15.75048,19.52417,25.88199,33.36062
23250,15.75693,19.52936,25.8859,33.36366
23260,15.76339,19.53455,25.88981,33.36669
23270,15.76985,19.53974,25.89372,33.36972
23280,15.77631,19.54493,25.89763,33.37276
23290,15.78277,19.55013,25.90155,33.37579
23300,15.78923,19.55532,25.90547,33.37883
23310,15.79568,19.56052,25.90939,33.38187
23320,15.80214,19.56571,25.9133,33.38491
23330,15.8086,19.57091,25.91722,33.38795
23340,15.81506,19.57611,25.92115,33.391
23350,15.82152,19.58131,25.92507,33.39404
23360,15.82798,19.5865,25.92899,33.39708
23370,15.83444,19.59171,25.93291,33.40013
23380,15.84089,19.59691,25.93684,33.40318
23390,15.84735,19.60211,25.94077,33.40622
23400,15.85381,19.60731,25.94469,33.40927
23410,15.86027,19.61251,25.94862,33.41232
23420,15.86673,19.61772,25.95255,33.41537
23430,15.87319,19.62293,25.95648,33.41842
23440,15.87965,19.62813,25.96041,33.42147
23450,15.88611,19.63334,25.96435,33.42453
23460,15.89257,19.63855,25.96828,33.42758
23470,15.89903,19.64375,25.97222,33.43064
23480,15.90549,19.64896,25.97615,33.43369
23490,15.91195,19.65417,25.98009,33.43675
23500,15.91841,19.65939,25.98403,33.43981
23510,15.92487,19.6646,25.98797,33.44287
23520,15.93133,19.66981,25.99191,33.44593
23530,15.93779,19.67502,25.99585,33.44899
23540,15.94425,19.68024,25.99979,33.45205
23550,15.95071,19.68546,26.00373,33.45512
23560,15.95717,19.69067,26.00768,33.45818
23570,15.96363,19.69589,26.01162,33.46125
23580,15.97009,19.70111,26.01557,33.46431
23590,15.97655,19.70632,26.01952,33.46738
23600,15.98301,19.71155,26.02347,33.47044
23610,15.98947,19.71676,26.02742,33.47351
23620,15.99593,19.72198,26.03137,33.47659
23630,16.00239,19.72721,26.03532,33.47966
23640,16.00885,19.73243,26.03927,33.48273
23650,16.01532,19.73765,26.04323,33.48581
23660,16.02178,19.74288,26.04719,33.48888
23670,16.02824,19.7481,26.05114,33.49196
23680,16.0347,19.75333,26.0551,33.49503
23690,16.04116,19.75855,26.05906,33.49812
23700,16.04762,19.76378,26.06302,33.50119
23710,16.05408,19.76901,26.06698,33.50427
23720,16.06054,19.77424,26.07094,33.50735
23730,16.06701,19.77947,26.0749,33.51043
23740,16.07347,19.7847,26.07887,33.51352
23750,16.07993,19.78993,26.08283,33.5166
23760,16.08639,19.79517,26.0868,33.51969
23770,16.09286,19.8004,26.09076,33.52277
23780,16.09932,19.80564,26.09473,33.52586
23790,16.10578,19.81087,26.0987,33.52895
23800,16.11224,19.81611,26.10267,33.53204
23810,16.1187,19.82134,26.10664,33.53513
23820,16.12517,19.82658,26.11062,33.53822
23830,16.13163,19.83182,26.11459,33.54131
23840,16.13809,19.83706,26.11857,33.5444
23850,16.14456,19.8423,26.12254,33.5475
23860,16.15102,19.84754,26.12652,33.55059
23870,16.15748,19.85278,26.1305,33.55369
23880,16.16394,19.85802,26.13447,33.55679
23890,16.1704,19.86327,26.13845,33.55988
23900,16.17687,19.86851,26.14243,33.56298
23910,16.18333,19.87375,26.14642,33.56608
23920,16.18979,19.879,26.1504,33.56918
23930,16.19626,19.88425,26.15439,33.57228
23940,16.20272,19.88949,26.15837,33.57539
23950,16.20918,19.89474,26.16236,33.57849
23960,16.21565,19.89999,26.16635,33.5816
23970,16.22211,19.90524,26.17033,33.58471
23980,16.22857,19.91049,26.17432,33.58781
23990,16.23504,19.91574,26.17831,33.59092
24000,16.2415,19.921,26.1823,33.59403
24010,16.24797,19.92625,26.1863,33.59714
24020,16.25443,19.9315,26.19029,33.60025
24030,16.26089,19.93675,26.19429,33.60336
24040,16.26736,19.94201,26.19828,33.60648
24050,16.27382,19.94727,26.20228,33.60959
24060,16.28029,19.95252,26.20628,33.61271
24070,16.28675,19.95778,26.21027,33.61582
24080,16.29322,19.96304,26.21428,33.61894
24090,16.29968,19.9683,26.21828,33.62206
24100,16.30614,19.97356,26.22228,33.62518
24110,16.31261,19.97882,26.22628,33.6283
24120,16.31907,19.98408,26.23029,33.63142
24130,16.32554,19.98934,26.23429,33.63453
24140,16.332,19.99461,26.2383,33.63765
24150,16.33847,19.99987,26.2423,33.64078
24160,16.34493,20.00513,26.24632,33.64391
24170,16.3514,20.0104,26.25032,33.64703
24180,16.35786,20.01567,26.25433,33.65016
24190,16.36433,20.02093,26.25834,33.65329
24200,16.37079,20.0262,26.26236,33.65641
24210,16.37726,20.03147,26.26637,33.65955
24220,16.38372,20.03674,26.27038,33.66268
24230,16.39019,20.04201,26.2744,33.66581
24240,16.39666,20.04728,26.27842,33.66895
24250,16.40312,20.05255,26.28244,33.67208
24260,16.40959,20.05783,26.28645,33.67521
24270,16.41605,20.0631,26.29047,33.67834
24280,16.42252,20.06837,26.29449,33.68148
24290,16.42898,20.07365,26.29852,33.68462
24300,16.43545,20.07892,26.30254,33.68776
24310,16.44192,20.0842,26.30656,33.69091
24320,16.44838,20.08948,26.31059,33.69405
24330,16.45485,20.09476,26.31461,33.69719
24340,16.46131,20.10003,26.31864,33.70033
24350,16.46778,20.10531,26.32267,33.70348
24360,16.47425,20.1106,26.3267,33.70662
24370,16.48071,20.11588,26.33073,33.70977
24380,16.48718,20.12116,26.33476,33.71291
24390,16.49365,20.12644,26.33879,33.71608
24400,16.50011,20.13173,26.34282,33.71923
24410,16.50658,20.13701,26.34686,33.72238
24420,16.51305,20.14229,26.3509,33.72553
24430,16.51951,20.14758,26.35493,33.72869
24440,16.52598,20.15287,26.35897,33.73184
24450,16.53245,20.15816,26.36301,33.73499
24460,16.53891,20.16344,26.36705,33.73815
24470,16.54538,20.16873,26.37109,33.7413
24480,16.55185,20.17402,26.37513,33.74446
24490,16.55832,20.17931,26.37917,33.74762
24500,16.56478,20.1846,26.38322,33.75078
24510,16.57125,20.18989,26.38726,33.75394
24520,16.57772,20.19518,26.39131,33.7571
24530,16.58418,20.20048,26.39535,33.76026
24540,16.59065,20.20577,26.3994,33.76343
24550,16.59712,20.21107,26.40345,33.76659
24560,16.60359,20.21637,26.4075,33.76976
24570,16.61005,20.22166,26.41155,33.77292
24580,16.61652,20.22696,26.4156,33.77609
24590,16.62299,20.23226,26.41965,33.77925
24600,16.62946,20.23756,26.42371,33.78242
24610,16.63593,20.24286,26.42776,33.78559
24620,16.64239,20.24816,26.43182,33.78877
24630,16.64886,20.25346,26.43587,33.79194
24640,16.65533,20.25876,26.43993,33.79511
24650,16.6618,20.26406,26.44399,33.79829
24660,16.66827,20.26937,26.44806,33.80146
24670,16.67473,20.27467,26.45211,33.80464
24680,16.6812,20.27998,26.45617,33.80782
24690,16.68767,20.28528,26.46024,33.81099
24700,16.69414,20.29059,26.46431,33.81417
24710,16.70061,20.2959,26.46837,33.81735
24720,16.70708,20.3012,26.47243,33.82053
24730,16.71355,20.30651,26.4765,33.82371
24740,16.72001,20.31182,26.48057,33.8269
24750,16.72648,20.31713,26.48464,33.83008
24760,16.73295,20.32244,26.48871,33.83326
24770,16.73942,20.32775,26.49277,33.83645
24780,16.74589,20.33307,26.49685,33.83964
24790,16.75236,20.33838,26.50092,33.84283
24800,16.75883,20.34369,26.505,33.84602
24810,16.7653,20.34901,26.50907,33.84921
24820,16.77177,20.35433,26.51315,33.85239
24830,16.77824,20.35964,26.51723,33.85559
24840,16.78471,20.36496,26.52131,33.85878
24850,16.79118,20.37028,26.52538,33.86197
24860,16.79765,20.37559,26.52946,33.86517
24870,16.80411,20.38091,26.53355,33.86836
24880,16.81059,20.38623,26.53763,33.87156
24890,16.81705,20.39156,26.54171,33.87476
24900,16.82353,20.39688,26.5458,33.87796
24910,16.83,20.4022,26.54988,33.88116
24920,16.83647,20.40752,26.55397,33.88436
24930,16.84294,20.41285,26.55806,33.88756
24940,16.84941,20.41817,26.56214,33.89076
24950,16.85588,20.4235,26.56623,33.89397
24960,16.86235,20.42882,26.57032,33.89717
24970,16.86882,20.43415,26.57442,33.90038
24980,16.87529,20.43948,26.57851,33.90358
24990,16.88176,20.44481,26.5826,33.90679
25000,16.88823,20.45014,26.58669,33.91
25010,16.8947,20.45546,26.59079,33.91321
25020,16.90117,20.4608,26.59489,33.91642
25030,16.90764,20.46612,26.59898,33.91963
25040,16.91411,20.47146,26.60308,33.92284
25050,16.92058,20.47679,26.60718,33.92606
25060,16.92705,20.48212,26.61128,33.92927
25070,16.93352,20.48746,26.61539,33.93249
25080,16.93999,20.49279,26.61949,33.9357
25090,16.94646,20.49813,26.62359,33.93892
25100,16.95294,20.50346,26.62769,33.94214
25110,16.95941,20.5088,26.6318,33.94535
25120,16.96588,20.51414,26.63591,33.94857
25130,16.97235,20.51948,26.64001,33.9518
25140,16.97882,20.52482,26.64412,33.95502
25150,16.98529,20.53016,26.64823,33.95824
25160,16.99176,20.5355,26.65234,33.96147
25170,16.99824,20.54084,26.65645,33.96469
25180,17.00471,20.54618,26.66057,33.96792
25190,17.01118,20.55152,26.66468,33.97115
25200,17.01765,20.55687,26.66879,33.97437
25210,17.02412,20.56221,26.67291,33.9776
25220,17.03059,20.56756,26.67703,33.98083
25230,17.03707,20.5729,26.68114,33.98406
25240,17.04354,20.57825,26.68526,33.98729
25250,17.05001,20.5836,26.68938,33.99052
25260,17.05648,20.58894,26.6935,33.99376
25270,17.06295,20.59429,26.69762,33.99699
25280,17.06943,20.59964,26.70175,34.00023
25290,17.0759,20.60499,26.70587,34.00346
25300,17.08237,20.61035,26.71,34.0067
25310,17.08884,20.6157,26.71412,34.00994
25320,17.09531,20.62105,26.71825,34.01318
25330,17.10179,20.6264,26.72237,34.01642
25340,17.10826,20.63175,26.7265,34.01966
25350,17.11473,20.63711,26.73063,34.0229
25360,17.1212,20.64246,26.73476,34.02615
25370,17.12768,20.64782,26.73889,34.02939
25380,17.13415,20.65318,26.74302,34.03264
25390,17.14062,20.65853,26.74716,34.03588
25400,17.14709,20.66389,26.7513,34.03913
25410,17.15357,20.66925,26.75543,34.04238
25420,17.16004,20.67461,26.75957,34.04563
25430,17.16652,20.67997,26.7637,34.04888
25440,17.17299,20.68533,26.76784,34.05213
25450,17.17946,20.69069,26.77198,34.05539
25460,17.18593,20.69606,26.77612,34.05864
25470,17.19241,20.70142,26.78026,34.06189
25480,17.19888,20.70678,26.7844,34.06515
25490,17.20535,20.71215,26.78855,34.06841
25500,17.21182,20.71751,26.79269,34.07166
25510,17.2183,20.72288,26.79684,34.07492
25520,17.22477,20.72824,26.80098,34.07818
25530,17.23125,20.73361,26.80513,34.08144
25540,17.23772,20.73898,26.80928,34.0847
25550,17.24419,20.74435,26.81343,34.08796
25560,17.25067,20.74972,26.81758,34.09122
25570,17.25714,20.75509,26.82173,34.09449
25580,17.26361,20.76046,26.82588,34.09775
25590,17.27009,20.76583,26.83004,34.10102
25600,17.27656,20.7712,26.83419,34.10429
25610,17.28304,20.77658,26.83835,34.10755
25620,17.28951,20.78195,26.8425,34.11082
25630,17.29598,20.78732,26.84666,34.11409
25640,17.30246,20.7927,26.85082,34.11736
25650,17.30893,20.79807,26.85498,34.12064
25660,17.3154,20.80345,26.85913,34.12391
25670,17.32188,20.80883,26.8633,34.12718
25680,17.32835,20.81421,26.86746,34.13046
25690,17.33483,20.81958,26.87162,34.13373
25700,17.3413,20.82496,26.87578,34.137
25710,17.34778,20.83035,26.87995,34.14027
25720,17.35425,20.83573,26.88412,34.14355
25730,17.36073,20.8411,26.88828,34.14684
25740,17.3672,20.84649,26.89245,34.15012
25750,17.37367,20.85187,26.89662,34.1534
25760,17.38015,20.85726,26.90079,34.15668
25770,17.38662,20.86264,26.90496,34.15996
25780,17.3931,20.86802,26.90913,34.16325
25790,17.39957,20.87341,26.9133,34.16653
25800,17.40605,20.8788,26.91748,34.16982
25810,17.41252,20.88418,26.92165,34.1731
25820,17.419,20.88957,26.92583,34.17639
25830,17.42547,20.89496,26.93,34.17968
25840,17.43195,20.90035,26.93418,34.18297
25850,17.43842,20.90574,26.93836,34.18626
25860,17.4449,20.91113,26.94254,34.18955
25870,17.45137,20.91652,26.94672,34.19284
25880,17.45785,20.92191,26.9509,34.19614
25890,17.46432,20.92731,26.95509,34.19943
25900,17.4708,20.9327,26.95927,34.20273
25910,17.47727,20.93809,26.96345,34.20602
25920,17.48375,20.94349,26.96764,34.20932
25930,17.49023,20.94888,26.97182,34.21262
25940,17.4967,20.95428,26.97601,34.21592
25950,17.50318,20.95967,26.9802,34.21922
25960,17.50965,20.96507,26.98439,34.22252
25970,17.51613,20.97047,26.98857,34.22582
25980,17.5226,20.97587,26.99276,34.22913
25990,17.52908,20.98127,26.99696,34.23243
26000,17.53555,20.98667,27.00115,34.23576
26010,17.54203,20.99207,27.00535,34.23906
26020,17.5485,20.99747,27.00954,34.24236
26030,17.55498,21.00287,27.01373,34.24567
26040,17.56146,21.00827,27.01793,34.24899
26050,17.56793,21.01368,27.02213,34.2523
26060,17.57441,21.01908,27.02633,34.2556
26070,17.58088,21.02449,27.03053,34.25892
26080,17.58736,21.02989,27.03473,34.26223
26090,17.59384,21.0353,27.03893,34.26554
26100,17.60031,21.0407,27.04313,34.26885
26110,17.60679,21.04611,27.04733,34.27217
26120,17.61326,21.05152,27.05154,34.27549
26130,17.61974,21.05693,27.05574,34.27881
26140,17.62622,21.06234,27.05995,34.28212
26150,17.63269,21.06775,27.06416,34.28544
26160,17.63917,21.07316,27.06837,34.28876
26170,17.64565,21.07857,27.07258,34.29209
26180,17.65212,21.08398,27.07679,34.29541
26190,17.6586,21.0894,27.081,34.29873
26200,17.66508,21.09481,27.08521,34.30206
26210,17.67155,21.10023,27.08942,34.30538
26220,17.67803,21.10564,27.09363,34.30871
26230,17.68451,21.11106,27.09785,34.31203
26240,17.69098,21.11647,27.10207,34.31536
26250,17.69746,21.12189,27.10628,34.31869
26260,17.70393,21.12731,27.1105,34.32202
26270,17.71041,21.13273,27.11472,34.32535
26280,17.71689,21.13815,27.11894,34.32868
26290,17.72336,21.14356,27.12316,34.33202
26300,17.72984,21.14898,27.12738,34.33535
26310,17.73632,21.15441,27.1316,34.33868
26320,17.74279,21.15983,27.13583,34.34202
26330,17.74927,21.16525,27.14005,34.34535
26340,17.75575,21.17068,27.14427,34.34869
26350,17.76222,21.1761,27.1485,34.35203
26360,17.7687,21.18152,27.15273,34.35537
26370,17.77518,21.18694,27.15696,34.35871
26380,17.78166,21.19237,27.16118,34.36205
26390,17.78813,21.1978,27.16541,34.36539
26400,17.79461,21.20323,27.16965,34.36873
26410,17.80109,21.20865,27.17388,34.37208
26420,17.80757,21.21408,27.17811,34.37542
26430,17.81404,21.21951,27.18234,34.37877
26440,17.82052,21.22494,27.18658,34.38211
26450,17.827,21.23037,27.19082,34.38546
26460,17.83347,21.2358,27.19505,34.38881
26470,17.83995,21.24123,27.19929,34.39216
26480,17.84643,21.24666,27.20353,34.39551
26490,17.8529,21.2521,27.20777,34.39886
26500,17.85938,21.25753,27.21201,34.40221
26510,17.86586,21.26296,27.21625,34.40557
26520,17.87234,21.2684,27.22049,34.40892
26530,17.87881,21.27383,27.22473,34.41228
26540,17.88529,21.27927,27.22898,34.41563
26550,17.89177,21.28471,27.23322,34.41899
26560,17.89825,21.29015,27.23747,34.42235
26570,17.90472,21.29558,27.24172,34.4257
26580,17.9112,21.30102,27.24596,34.42906
26590,17.91768,21.30646,27.25021,34.43243
26600,17.92416,21.3119,27.25446,34.43579
26610,17.93064,21.31734,27.25871,34.43915
26620,17.93711,21.32278,27.26297,34.44252
26630,17.94359,21.32823,27.26722,34.44588
26640,17.95007,21.33367,27.27147,34.44925
26650,17.95654,21.33911,27.27572,34.45261
26660,17.96302,21.34456,27.27998,34.45598
26670,17.9695,21.35,27.28424,34.45935
26680,17.97598,21.35545,27.28849,34.46272
26690,17.98245,21.3609,27.29275,34.46609
26700,17.98893,21.36634,27.29701,34.46946
26710,17.99541,21.37179,27.30127,34.47283
26720,18.00189,21.37723,27.30553,34.4762
26730,18.00837,21.38268,27.30979,34.47958
26740,18.01484,21.38813,27.31406,34.48295
26750,18.02132,21.39358,27.31832,34.48632
26760,18.0278,21.39903,27.32259,34.4897
26770,18.03428,21.40448,27.32685,34.49308
26780,18.04075,21.40994,27.33112,34.49646
26790,18.04723,21.41539,27.33538,34.49984
26800,18.05371,21.42084,27.33965,34.50322
26810,18.06019,21.4263,27.34392,34.5066
26820,18.06667,21.43175,27.34819,34.50998
26830,18.07314,21.4372,27.35246,34.51336
26840,18.07962,21.44266,27.35673,34.51675
26850,18.0861,21.44812,27.36101,34.52013
26860,18.09258,21.45357,27.36528,34.52352
26870,18.09905,21.45903,27.36955,34.52691
26880,18.10553,21.46449,27.37383,34.53029
26890,18.11201,21.46995,27.37811,34.53368
26900,18.11849,21.47541,27.38239,34.53707
26910,18.12496,21.48087,27.38666,34.54047
26920,18.13144,21.48633,27.39095,34.54385
26930,18.13792,21.49179,27.39523,34.54725
26940,18.1444,21.49725,27.3995,34.55064
26950,18.15087,21.50271,27.40379,34.55403
26960,18.15735,21.50818,27.40807,34.55743
26970,18.16383,21.51364,27.41235,34.56083
26980,18.17031,21.51911,27.41664,34.56422
26990,18.17678,21.52457,27.42093,34.56762
27000,18.18326,21.53004,27.42521,34.57102
27010,18.18974,21.5355,27.4295,34.57442
27020,18.19621,21.54097,27.43379,34.57782
27030,18.20269,21.54644,27.43808,34.58122
27040,18.20917,21.55191,27.44237,34.58462
27050,18.21565,21.55738,27.44666,34.58803
27060,18.22212,21.56285,27.45095,34.59143
27070,18.2286,21.56832,27.45524,34.59483
27080,18.23507,21.57379,27.45954,34.59824
27090,18.24155,21.57926,27.46383,34.60165
27100,18.24803,21.58473,27.46813,34.60506
27110,18.25451,21.5902,27.47242,34.60847
27120,18.26098,21.59568,27.47672,34.61188
27130,18.26746,21.60115,27.48102,34.61529
27140,18.27393,21.60662,27.48532,34.6187
27150,18.28041,21.6121,27.48962,34.62212
27160,18.28688,21.61758,27.49392,34.62552
27170,18.29336,21.62305,27.49823,34.62894
27180,18.29984,21.62853,27.50253,34.63235
27190,18.30631,21.63401,27.50683,34.63577
27200,18.31279,21.63949,27.51114,34.63919
27210,18.31926,21.64496,27.51544,34.6426
27220,18.32574,21.65044,27.51975,34.64603
27230,18.33221,21.65592,27.52406,34.64944
27240,18.33869,21.6614,27.52837,34.65287
27250,18.34517,21.66689,27.53267,34.65629
27260,18.35166,21.67237,27.53699,34.65971
27270,18.35814,21.67785,27.5413,34.66314
27280,18.36462,21.68334,27.54561,34.66656
27290,18.3711,21.68882,27.54992,34.66999
27300,18.37758,21.69431,27.55424,34.67342
27310,18.38406,21.69979,27.55855,34.67686
27320,18.39054,21.70527,27.56287,34.6803
27330,18.39702,21.71076,27.56719,34.68373
27340,18.40351,21.71625,27.5715,34.68716
27350,18.40999,21.72174,27.57582,34.69059
27360,18.41647,21.72722,27.58015,34.69402
27370,18.42295,21.73272,27.58446,34.69745
27380,18.42943,21.7382,27.58878,34.70089
27390,18.43591,21.74369,27.59311,34.70432
27400,18.44239,21.74919,27.59743,34.70776
27410,18.44887,21.75467,27.60176,34.7112
27420,18.45535,21.76017,27.60608,34.71463
27430,18.46183,21.76566,27.6104,34.71807
27440,18.46831,21.77115,27.61473,34.72151
27450,18.47479,21.77665,27.61906,34.72495
27460,18.48128,21.78214,27.62339,34.72839
27470,18.48776,21.78764,27.62772,34.73183
27480,18.49424,21.79313,27.63205,34.73528
27490,18.50072,21.79863,27.63638,34.73872
27500,18.5072,21.80412,27.64071,34.74216
27510,18.51368,21.80962,27.64504,34.74561
27520,18.52016,21.81512,27.64938,34.74906
27530,18.52664,21.82062,27.65372,34.7525
27540,18.53312,21.82612,27.65805,34.75595
27550,18.53961,21.83162,27.66238,34.7594
27560,18.54608,21.83712,27.66672,34.76285
27570,NaN,21.84262,27.67106,34.7663
27580,NaN,21.84812,27.6754,34.76975
27590,NaN,21.85362,27.67974,34.77321
27600,NaN,21.85913,27.68408,34.77666
27610,NaN,21.86463,27.68842,34.78012
27620,NaN,21.87013,27.69276,34.78357
27630,NaN,21.87564,27.69711,34.78703
27640,NaN,21.88114,27.70145,34.79048
27650,NaN,21.88665,27.7058,34.79394
27660,NaN,21.89216,27.71014,34.7974
27670,NaN,21.89766,27.71449,34.80086
27680,NaN,21.90317,27.71884,34.80432
27690,NaN,21.90868,27.72319,34.80778
27700,NaN,21.91419,27.72754,34.81124
27710,NaN,21.9197,27.73189,34.8147
27720,NaN,21.92521,27.73623,34.81817
27730,NaN,21.93072,27.74059,34.82164
27740,NaN,21.93623,27.74494,34.8251
27750,NaN,21.94174,27.7493,34.82857
27760,NaN,21.94726,27.75365,34.83204
27770,NaN,21.95277,27.75801,34.83551
27780,NaN,21.95828,27.76237,34.83897
27790,NaN,21.9638,27.76672,34.84245
27800,NaN,21.96931,27.77108,34.84592
27810,NaN,21.97483,27.77544,34.84939
27820,NaN,21.98034,27.7798,34.85287
27830,NaN,21.98586,27.78416,34.85634
27840,NaN,21.99138,27.78853,34.85982
27850,NaN,21.9969,27.79289,34.86329
27860,NaN,22.00241,27.79725,34.86677
27870,NaN,22.00793,27.80162,34.87025
27880,NaN,22.01346,27.80598,34.87373
27890,NaN,22.01897,27.81035,34.8772
27900,NaN,22.02449,27.81472,34.88069
27910,NaN,22.03002,27.81908,34.88417
27920,NaN,22.03554,27.82346,34.88765
27930,NaN,22.04106,27.82782,34.89114
27940,NaN,22.04659,27.8322,34.89462
27950,NaN,22.05211,27.83657,34.89811
27960,NaN,22.05763,27.84094,34.90159
27970,NaN,22.06316,27.84532,34.90508
27980,NaN,22.06868,27.84969,34.90856
27990,NaN,22.07421,27.85406,34.91206
28000,NaN,22.07973,27.85844,34.91555
28010,NaN,22.08526,27.86282,34.91904
28020,NaN,22.09079,27.8672,34.92253
28030,NaN,22.09632,27.87158,34.92603
28040,NaN,22.10185,27.87596,34.92952
28050,NaN,22.10738,27.88033,34.93301
28060,NaN,22.11291,27.88472,34.93651
28070,NaN,22.11844,27.8891,34.94
28080,NaN,22.12397,27.89348,34.94349
28090,NaN,22.12951,27.89787,34.94699
28100,NaN,22.13504,27.90225,34.95049
28110,NaN,22.14057,27.90664,34.95398
28120,NaN,22.1461,27.91103,34.95749
28130,NaN,22.15164,27.91541,34.96099
28140,NaN,22.15717,27.9198,34.96449
28150,NaN,22.16271,27.92419,34.96799
28160,NaN,22.16824,27.92858,34.9715
28170,NaN,22.17378,27.93297,34.975
28180,NaN,22.17932,27.93736,34.97851
28190,NaN,22.18485,27.94176,34.98202
28200,NaN,22.19039,27.94615,34.98553
28210,NaN,22.19593,27.95054,34.98903
28220,NaN,22.20147,27.95494,34.99254
28230,NaN,22.20701,27.95934,34.99605
28240,NaN,22.21255,27.96373,34.99957
28250,NaN,22.21809,27.96813,35.00308
28260,NaN,22.22363,27.97253,35.00659
28270,NaN,22.22918,27.97693,35.0101
28280,NaN,22.23472,27.98133,35.01362
28290,NaN,22.24026,27.98573,35.01714
28300,NaN,22.24581,27.99013,35.02065
28310,NaN,22.25135,27.99454,35.02417
28320,NaN,22.2569,27.99894,35.02769
28330,NaN,22.26244,28.00335,35.0312
28340,NaN,22.26799,28.00775,35.03473
28350,NaN,22.27354,28.01216,35.03825
28360,NaN,22.27909,28.01656,35.04177
28370,NaN,22.28463,28.02097,35.04529
28380,NaN,22.29018,28.02538,35.04882
28390,NaN,22.29573,28.02979,35.05234
28400,NaN,22.30128,28.0342,35.05587
28410,NaN,22.30683,28.03861,35.05939
28420,NaN,22.31238,28.04303,35.06293
28430,NaN,22.31793,28.04744,35.06647
28440,NaN,22.32348,28.05185,35.07
28450,NaN,22.32903,28.05627,35.07352
28460,NaN,22.33459,28.06069,35.07706
28470,NaN,22.34015,28.0651,35.08059
28480,NaN,22.3457,28.06952,35.08412
28490,NaN,22.35125,28.07394,35.08765
28500,NaN,22.35681,28.07836,35.09119
28510,NaN,22.36236,28.08278,35.09472
28520,NaN,22.36792,28.0872,35.09826
28530,NaN,22.37348,28.09162,35.1018
28540,NaN,22.37904,28.09605,35.10534
28550,NaN,22.3846,28.10047,35.10888
28560,NaN,22.39015,28.10489,35.11241
28570,NaN,22.39572,28.10932,35.11595
28580,NaN,22.40127,28.11374,35.1195
28590,NaN,22.40683,28.11817,35.12304
28600,NaN,22.4124,28.1226,35.12658
28610,NaN,22.41796,28.12703,35.13013
28620,NaN,22.42352,28.13146,35.13367
28630,NaN,22.42908,28.13589,35.13722
28640,NaN,22.43464,28.14032,35.14076
28650,NaN,22.44021,28.14475,35.14431
28660,NaN,22.44577,28.14919,35.14786
28670,NaN,22.45133,28.15362,35.15141
28680,NaN,22.4569,28.15805,35.15496
28690,NaN,22.46247,28.16249,35.15851
28700,NaN,22.46803,28.16693,35.16206
28710,NaN,22.4736,28.17136,35.16562
28720,NaN,22.47917,28.1758,35.16917
28730,NaN,22.48474,28.18024,35.17273
28740,NaN,22.4903,28.18468,35.17628
28750,NaN,22.49588,28.18912,35.17984
28760,NaN,22.50145,28.19356,35.18339
28770,NaN,22.50702,28.19801,35.18695
28780,NaN,22.51259,28.20245,35.19051
28790,NaN,22.51816,28.2069,35.19407
28800,NaN,22.52373,28.21134,35.19764
28810,NaN,22.5293,28.21578,35.20119
28820,NaN,22.53488,28.22023,35.20475
28830,NaN,22.54045,28.22468,35.20832
28840,NaN,22.54602,28.22913,35.21188
28850,NaN,22.5516,28.23358,35.21545
28860,NaN,22.55718,28.23802,35.21902
28870,NaN,22.56275,28.24247,35.22258
28880,NaN,22.56833,28.24692,35.22615
28890,NaN,22.57391,28.25138,35.22972
28900,NaN,22.57948,28.25583,35.23329
28910,NaN,22.58506,28.26029,35.23685
28920,NaN,22.59064,28.26474,35.24043
28930,NaN,22.59622,28.2692,35.244
28940,NaN,22.6018,28.27365,35.24757
28950,NaN,22.60738,28.27811,35.25115
28960,NaN,22.61296,28.28257,35.25473
28970,NaN,22.61855,28.28703,35.2583
28980,NaN,22.62413,28.29149,35.26188
28990,NaN,22.62971,28.29595,35.26545
29000,NaN,22.63529,28.30041,35.26903
29010,NaN,22.64087,28.30487,35.27261
29020,NaN,22.64646,28.30934,35.27619
29030,NaN,22.65204,28.3138,35.27977
29040,NaN,22.65763,28.31826,35.28335
29050,NaN,22.66322,28.32273,35.28694
29060,NaN,22.6688,28.3272,35.29052
29070,NaN,22.67439,28.33167,35.29411
29080,NaN,22.67998,28.33614,35.29769
29090,NaN,22.68556,28.34061,35.30128
29100,NaN,22.69115,28.34507,35.30486
29110,NaN,22.69674,28.34954,35.30845
29120,NaN,22.70233,28.35401,35.31204
29130,NaN,22.70792,28.35849,35.31563
29140,NaN,22.71351,28.36296,35.31922
29150,NaN,22.7191,28.36744,35.32281
29160,NaN,22.7247,28.37191,35.3264
29170,NaN,22.73029,28.37638,35.32999
29180,NaN,22.73588,28.38087,35.33359
29190,NaN,22.74147,28.38534,35.33718
29200,NaN,22.74707,28.38982,35.34078
29210,NaN,22.75266,28.3943,35.34438
29220,NaN,22.75826,28.39878,35.34797
29230,NaN,22.76385,28.40326,35.35157
29240,NaN,22.76945,28.40774,35.35517
29250,NaN,22.77505,28.41222,35.35877
29260,NaN,22.78064,28.41671,35.36237
29270,NaN,22.78624,28.42119,35.36597
29280,NaN,22.79184,28.42567,35.36958
29290,NaN,22.79744,28.43016,35.37318
29300,NaN,22.80304,28.43464,35.37679
29310,NaN,22.80864,28.43913,35.38039
29320,NaN,22.81423,28.44362,35.384
29330,NaN,22.81984,28.44811,35.3876
29340,NaN,22.82544,28.4526,35.3912
29350,NaN,22.83104,28.45709,35.39482
29360,NaN,22.83665,28.46158,35.39842
29370,NaN,22.84225,28.46608,35.40204
29380,NaN,22.84785,28.47057,35.40565
29390,NaN,22.85346,28.47506,35.40928
29400,NaN,22.85906,28.47956,35.41289
29410,NaN,22.86466,28.48405,35.4165
29420,NaN,22.87027,28.48855,35.42012
29430,NaN,22.87588,28.49305,35.42373
29440,NaN,22.88148,28.49755,35.42735
29450,NaN,22.88709,28.50204,35.43097
29460,NaN,22.8927,28.50654,35.43459
29470,NaN,22.89831,28.51104,35.43821
29480,NaN,22.90391,28.51554,35.44183
29490,NaN,22.90952,28.52005,35.44545
29500,NaN,22.91513,28.52455,35.44907
29510,NaN,22.92075,28.52905,35.45269
29520,NaN,22.92636,28.53356,35.45631
29530,NaN,22.93197,28.53806,35.45994
29540,NaN,22.93758,28.54257,35.46356
29550,NaN,22.94319,28.54708,35.46719
29560,NaN,22.9488,28.55158,35.47081
29570,NaN,22.95442,28.5561,35.47444
29580,NaN,22.96003,28.5606,35.47807
29590,NaN,22.96565,28.56511,35.4817
29600,NaN,22.97126,28.56963,35.48533
29610,NaN,22.97688,28.57413,35.48896
29620,NaN,22.98249,28.57865,35.49259
29630,NaN,22.98811,28.58316,35.49622
29640,NaN,22.99373,28.58767,35.49986
29650,NaN,22.99935,28.59219,35.50349
29660,NaN,23.00496,28.59671,35.50713
29670,NaN,23.01058,28.60122,35.51077
29680,NaN,23.0162,28.60574,35.5144
29690,NaN,23.02182,28.61026,35.51804
29700,NaN,23.02744,28.61478,35.52167
29710,NaN,23.03306,28.6193,35.52531
29720,NaN,23.03869,28.62382,35.52896
29730,NaN,23.04431,28.62834,35.5326
29740,NaN,23.04993,28.63286,35.53624
29750,NaN,23.05555,28.63739,35.53988
29760,NaN,23.06117,28.64191,35.54353
29770,NaN,23.0668,28.64643,35.54717
29780,NaN,23.07242,28.65096,35.55082
29790,NaN,23.07805,28.65549,35.55446
29800,NaN,23.08367,28.66001,35.5581
29810,NaN,23.0893,28.66454,35.56174
29820,NaN,23.09492,28.66907,35.5654
29830,NaN,23.10055,28.6736,35.56905
29840,NaN,23.10618,28.67813,35.5727
29850,NaN,23.11181,28.68266,35.57635
29860,NaN,23.11744,28.68719,35.58
29870,NaN,23.12306,28.69172,35.58366
29880,NaN,23.12869,28.69626,35.58731
29890,NaN,23.13432,28.70079,35.59097
29900,NaN,23.13996,28.70533,35.59462
29910,NaN,23.14558,28.70987,35.59827
29920,NaN,23.15122,28.7144,35.60193
29930,NaN,23.15685,28.71894,35.60559
29940,NaN,23.16248,28.72348,35.60925
29950,NaN,23.16811,28.72802,35.61291
29960,NaN,23.17375,28.73256,35.61657
29970,NaN,23.17938,28.73709,35.62023
29980,NaN,23.18502,28.74164,35.62389
29990,NaN,23.19065,28.74618,35.62756
30000,NaN,23.19629,28.75073,35.63122
30010,NaN,23.20192,28.75527,35.63488
30020,NaN,23.20756,28.75981,35.63855
30030,NaN,23.2132,28.76436,35.64221
30040,NaN,23.21883,28.76891,35.64588
30050,NaN,23.22447,28.77345,35.64955
30060,NaN,23.23011,28.778,35.65322
30070,NaN,23.23575,28.78255,35.65689
30080,NaN,23.24139,28.7871,35.66056
30090,NaN,23.24703,28.79165,35.66423
30100,NaN,23.25267,28.7962,35.66791
30110,NaN,23.25831,28.80075,35.67158
30120,NaN,23.26395,28.8053,35.67525
30130,NaN,23.2696,28.80986,35.67893
30140,NaN,23.27524,28.81441,35.68261
30150,NaN,23.28088,28.81897,35.68628
30160,NaN,23.28652,28.82352,35.68996
30170,NaN,23.29217,28.82808,35.69364
30180,NaN,23.29782,28.83264,35.69732
30190,NaN,23.30346,28.8372,35.701
30200,NaN,23.3091,28.84175,35.70467
30210,NaN,23.31475,28.84632,35.70835
30220,NaN,23.3204,28.85088,35.71203
30230,NaN,23.32604,28.85544,35.71572
30240,NaN,23.33169,28.86,35.7194
30250,NaN,23.33734,28.86456,35.7231
30260,NaN,23.34299,28.86913,35.72679
30270,NaN,23.34864,28.8737,35.73048
30280,NaN,23.35429,28.87826,35.73417
30290,NaN,23.35994,28.88282,35.73785
30300,NaN,23.36559,28.88739,35.74154
30310,NaN,23.37124,28.89196,35.74523
30320,NaN,23.37689,28.89653,35.74892
30330,NaN,23.38254,28.90109,35.75262
30340,NaN,23.38819,28.90566,35.75631
30350,NaN,23.39385,28.91024,35.76
30360,NaN,23.3995,28.91481,35.76369
30370,NaN,23.40516,28.91938,35.76739
30380,NaN,23.41081,28.92395,35.77109
30390,NaN,23.41646,28.92853,35.77478
30400,NaN,23.42212,28.9331,35.77848
30410,NaN,23.42777,28.93768,35.78218
30420,NaN,23.43343,28.94225,35.78588
30430,NaN,23.43909,28.94683,35.78958
30440,NaN,23.44475,28.95141,35.79328
30450,NaN,23.4504,28.95599,35.79698
30460,NaN,23.45606,28.96056,35.80068
30470,NaN,23.46172,28.96515,35.80439
30480,NaN,23.46738,28.96973,35.80809
30490,NaN,23.47304,28.97431,35.81179
30500,NaN,23.4787,28.97889,35.8155
30510,NaN,23.48436,28.98347,35.81921
30520,NaN,23.49002,28.98806,35.82291
30530,NaN,23.49568,28.99264,35.82662
30540,NaN,23.50135,28.99723,35.83033
30550,NaN,23.50701,29.00181,35.83404
30560,NaN,23.51267,29.0064,35.83775
30570,NaN,23.51834,29.01099,35.84146
30580,NaN,23.524,29.01558,35.84518
30590,NaN,23.52966,29.02016,35.84889
30600,NaN,23.53533,29.02476,35.85261
30610,NaN,23.541,29.02935,35.85632
30620,NaN,23.54667,29.03394,35.86003
30630,NaN,23.55233,29.03853,35.86375
30640,NaN,23.558,29.04313,35.86747
30650,NaN,23.56366,29.04772,35.87119
30660,NaN,23.56933,29.05231,35.87491
30670,NaN,23.575,29.05691,35.87862
30680,NaN,23.58067,29.06151,35.88235
30690,NaN,23.58634,29.0661,35.88607
30700,NaN,23.59201,29.0707,35.88979
30710,NaN,23.59768,29.0753,35.89352
30720,NaN,23.60335,29.0799,35.89724
30730,NaN,23.60902,29.0845,35.90096
30740,NaN,23.61469,29.0891,35.90469
30750,NaN,23.62037,29.0937,35.90842
30760,NaN,23.62604,29.09831,35.91215
30770,NaN,23.63171,29.10291,35.91587
30780,NaN,23.63739,29.10751,35.9196
30790,NaN,23.64306,29.11212,35.92333
30800,NaN,23.64874,29.11672,35.92706
30810,NaN,23.65441,29.12133,35.93079
30820,NaN,23.66009,29.12593,35.93452
30830,NaN,23.66577,29.13055,35.93826
30840,NaN,23.67144,29.13515,35.94199
30850,NaN,23.67712,29.13976,35.94572
30860,NaN,23.6828,29.14437,35.94946
30870,NaN,23.68847,29.14898,35.9532
30880,NaN,23.69415,29.1536,35.95694
30890,NaN,23.69983,29.15821,35.96068
30900,NaN,23.70551,29.16282,35.96442
30910,NaN,23.71119,29.16744,35.96815
30920,NaN,23.71687,29.17205,35.97189
30930,NaN,23.72255,29.17666,35.97564
30940,NaN,23.72823,29.18128,35.97938
30950,NaN,23.73392,29.1859,35.98312
30960,NaN,23.7396,29.19052,35.98687
30970,NaN,23.74528,29.19513,35.99061
30980,NaN,23.75097,29.19975,35.99436
30990,NaN,23.75665,29.20437,35.9981
31000,NaN,23.76233,29.20899,36.00185
31010,NaN,23.76801,29.21362,36.0056
31020,NaN,23.7737,29.21824,36.00935
31030,NaN,23.77939,29.22286,36.01311
31040,NaN,23.78508,29.22748,36.01686
31050,NaN,23.79076,29.23211,36.02061
31060,NaN,23.79645,29.23673,36.02436
31070,NaN,23.80214,29.24136,36.02812
31080,NaN,23.80782,29.24599,36.03187
31090,NaN,23.81351,29.25062,36.03563
31100,NaN,23.8192,29.25525,36.03938
31110,NaN,23.82489,29.25987,36.04314
31120,NaN,23.83058,29.2645,36.04689
31130,NaN,23.83627,29.26913,36.05065
31140,NaN,23.84196,29.27377,36.05441
31150,NaN,23.84765,29.2784,36.05817
31160,NaN,23.85334,29.28303,36.06193
31170,NaN,23.85903,29.28766,36.06569
31180,NaN,23.86473,29.2923,36.06945
31190,NaN,23.87042,29.29693,36.07322
31200,NaN,23.87612,29.30157,36.07698
31210,NaN,23.88181,29.3062,36.08074
31220,NaN,23.8875,29.31084,36.08451
31230,NaN,23.8932,29.31548,36.08827
31240,NaN,23.89889,29.32012,36.09204
31250,NaN,23.90459,29.32476,36.09581
31260,NaN,23.91029,29.3294,36.09958
31270,NaN,23.91598,29.33404,36.10334
31280,NaN,23.92168,29.33868,36.10711
31290,NaN,23.92738,29.34332,36.11089
31300,NaN,23.93308,29.34797,36.11466
31310,NaN,23.93877,29.35261,36.11843
31320,NaN,23.94447,29.35726,36.1222
31330,NaN,23.95017,29.3619,36.12598
31340,NaN,23.95587,29.36655,36.12975
31350,NaN,23.96157,29.3712,36.13353
31360,NaN,23.96728,29.37584,36.1373
31370,NaN,23.97297,29.38049,36.14108
31380,NaN,23.97868,29.38514,36.14486
31390,NaN,23.98438,29.38979,36.14864
31400,NaN,23.99008,29.39444,36.15242
31410,NaN,23.99578,29.3991,36.1562
31420,NaN,24.00149,29.40375,36.15998
31430,NaN,24.00719,29.4084,36.16376
31440,NaN,24.0129,29.41305,36.16754
31450,NaN,24.0186,29.41771,36.17133
31460,NaN,24.02431,29.42237,36.17511
31470,NaN,24.03002,29.42702,36.1789
31480,NaN,24.03572,29.43168,36.18269
31490,NaN,24.04143,29.43633,36.18647
31500,NaN,24.04714,29.44099,36.19026
31510,NaN,24.05284,29.44565,36.19405
31520,NaN,24.05855,29.45031,36.19784
31530,NaN,24.06426,29.45497,36.20162
31540,NaN,24.06997,29.45963,36.20541
31550,NaN,24.07568,29.46429,36.20921
31560,NaN,24.08139,29.46895,36.213
31570,NaN,24.0871,29.47362,36.21679
31580,NaN,24.09281,29.47828,36.22059
31590,NaN,24.09852,29.48295,36.22438
31600,NaN,24.10423,29.48762,36.22818
31610,NaN,24.10994,29.49228,36.23197
31620,NaN,24.11566,29.49695,36.23577
31630,NaN,24.12137,29.50161,36.23957
31640,NaN,24.12708,29.50628,36.24337
31650,NaN,24.1328,29.51096,36.24717
31660,NaN,24.13851,29.51562,36.25097
31670,NaN,24.14423,29.52029,36.25477
31680,NaN,24.14994,29.52497,36.25857
31690,NaN,24.15566,29.52964,36.26237
31700,NaN,24.16137,29.53431,36.26617
31710,NaN,24.16709,29.53898,36.26999
31720,NaN,24.17281,29.54366,36.27379
31730,NaN,24.17853,29.54833,36.2776
31740,NaN,24.18424,29.55301,36.28141
31750,NaN,24.18996,29.55769,36.28522
31760,NaN,24.19568,29.56236,36.28904
31770,NaN,24.2014,29.56704,36.29284
31780,NaN,24.20712,29.57172,36.29665
31790,NaN,24.21284,29.5764,36.30046
31800,NaN,24.21856,29.58108,36.30428
31810,NaN,24.22428,29.58576,36.30809
31820,NaN,24.23,29.59044,36.3119
31830,NaN,24.23572,29.59513,36.31572
31840,NaN,24.24145,29.59981,36.31953
31850,NaN,24.24717,29.60449,36.32335
31860,NaN,24.25289,29.60918,36.32716
31870,NaN,24.25862,29.61386,36.33098
31880,NaN,24.26434,29.61855,36.3348
31890,NaN,24.27007,29.62324,36.33862
31900,NaN,24.27579,29.62792,36.34244
31910,NaN,24.28152,29.63261,36.34626
31920,NaN,24.28724,29.6373,36.35008
31930,NaN,24.29296,29.64199,36.3539
31940,NaN,24.29869,29.64668,36.35773
31950,NaN,24.30442,29.65137,36.36155
31960,NaN,24.31015,29.65606,36.36538
31970,NaN,24.31588,29.66076,36.3692
31980,NaN,24.32161,29.66545,36.37303
31990,NaN,24.32734,29.67015,36.37685
32000,NaN,24.33307,29.67484,36.38068
32010,NaN,24.33879,29.67954,36.38451
32020,NaN,24.34452,29.68423,36.38834
32030,NaN,24.35026,29.68893,36.39217
32040,NaN,24.35599,29.69363,36.396
32050,NaN,24.36172,29.69832,36.39983
32060,NaN,24.36745,29.70302,36.40367
32070,NaN,24.37318,29.70772,36.4075
32080,NaN,24.37892,29.71243,36.41134
32090,NaN,24.38465,29.71712,36.41517
32100,NaN,24.39038,29.72183,36.41901
32110,NaN,24.39612,29.72653,36.42284
32120,NaN,24.40185,29.73123,36.42668
32130,NaN,24.40759,29.73594,36.43051
32140,NaN,24.41332,29.74064,36.43435
32150,NaN,24.41906,29.74535,36.43819
32160,NaN,24.42479,29.75006,36.44203
32170,NaN,24.43053,29.75476,36.44587
32180,NaN,24.43627,29.75947,36.44971
32190,NaN,24.442,29.76418,36.45356
32200,NaN,24.44774,29.76888,36.4574
32210,NaN,24.45348,29.7736,36.46124
32220,NaN,24.45922,29.77831,36.46509
32230,NaN,24.46496,29.78302,36.46893
32240,NaN,24.4707,29.78773,36.47278
32250,NaN,24.47644,29.79244,36.47663
32260,NaN,24.48218,29.79716,36.48048
32270,NaN,24.48792,29.80187,36.48433
32280,NaN,24.49366,29.80658,36.48817
32290,NaN,24.4994,29.8113,36.49203
32300,NaN,24.50515,29.81602,36.49588
32310,NaN,24.51089,29.82074,36.49973
32320,NaN,24.51663,29.82545,36.50359
32330,NaN,24.52238,29.83017,36.50744
32340,NaN,24.52812,29.83489,36.5113
32350,NaN,24.53386,29.83961,36.51515
32360,NaN,24.53961,29.84433,36.519
32370,NaN,24.54536,29.84905,36.52286
32380,NaN,24.5511,29.85378,36.52672
32390,NaN,24.55685,29.8585,36.53058
32400,NaN,24.56259,29.86323,36.53444
32410,NaN,24.56834,29.86795,36.5383
32420,NaN,24.57409,29.87267,36.54216
32430,NaN,24.57984,29.8774,36.54602
32440,NaN,24.58558,29.88212,36.54988
32450,NaN,24.59133,29.88685,36.55375
32460,NaN,24.59708,29.89158,36.55761
32470,NaN,24.60283,29.89631,36.56148
32480,NaN,24.60858,29.90104,36.56534
32490,NaN,24.61433,29.90577,36.56921
32500,NaN,24.62008,29.9105,36.57307
32510,NaN,24.62583,29.91523,36.57695
32520,NaN,24.63159,29.91996,36.58081
32530,NaN,24.63734,29.92469,36.58468
32540,NaN,24.64309,29.92943,36.58855
32550,NaN,24.64884,29.93416,36.59243
32560,NaN,24.6546,29.9389,36.5963
32570,NaN,24.66035,29.94363,36.60017
32580,NaN,24.6661,29.94836,36.60404
32590,NaN,24.67186,29.9531,36.60791
32600,NaN,24.67761,29.95785,36.61179
32610,NaN,24.68337,29.96258,36.61567
32620,NaN,24.68913,29.96732,36.61954
32630,NaN,24.69488,29.97206,36.62342
32640,NaN,24.70064,29.9768,36.6273
32650,NaN,24.7064,29.98154,36.63118
32660,NaN,24.71216,29.98628,36.63506
32670,NaN,24.71791,29.99103,36.63894
32680,NaN,24.72367,29.99577,36.64282
32690,NaN,24.72943,30.00052,36.6467
32700,NaN,24.73519,30.00526,36.65059
32710,NaN,24.74095,30.01001,36.65446
32720,NaN,24.74671,30.01475,36.65835
32730,NaN,24.75247,30.0195,36.66224
32740,NaN,24.75823,30.02425,36.66612
32750,NaN,24.76399,30.029,36.67001
32760,NaN,24.76975,30.03374,36.6739
32770,NaN,24.77551,30.03849,36.67778
32780,NaN,24.78128,30.04324,36.68168
32790,NaN,24.78704,30.04799,36.68556
32800,NaN,24.7928,30.05275,36.68945
32810,NaN,24.79857,30.0575,36.69334
32820,NaN,24.80433,30.06225,36.69724
32830,NaN,24.8101,30.067,36.70113
32840,NaN,24.81586,30.07176,36.70502
32850,NaN,24.82163,30.07652,36.70892
32860,NaN,24.82739,30.08127,36.71281
32870,NaN,24.83316,30.08603,36.71671
32880,NaN,24.83893,30.09079,36.7206
32890,NaN,24.84469,30.09554,36.7245
32900,NaN,24.85046,30.1003,36.7284
32910,NaN,24.85623,30.10506,36.7323
32920,NaN,24.862,30.10982,36.7362
32930,NaN,24.86777,30.11458,36.7401
32940,NaN,24.87353,30.11934,36.744
32950,NaN,24.8793,30.1241,36.74791
32960,NaN,24.88507,30.12887,36.7518
32970,NaN,24.89085,30.13363,36.75571
32980,NaN,24.89662,30.13839,36.75961
32990,NaN,24.90239,30.14316,36.76352
33000,NaN,24.90816,30.14792,36.76743
33010,NaN,24.91393,30.15269,36.77134
33020,NaN,24.9197,30.15746,36.77524
33030,NaN,24.92547,30.16222,36.77914
33040,NaN,24.93125,30.16699,36.78306
33050,NaN,24.93702,30.17176,36.78697
33060,NaN,24.94279,30.17653,36.79088
33070,NaN,24.94857,30.1813,36.79479
33080,NaN,24.95435,30.18607,36.7987
33090,NaN,24.96012,30.19084,36.80262
33100,NaN,24.96589,30.19562,36.80653
33110,NaN,24.97167,30.20039,36.81044
33120,NaN,24.97745,30.20516,36.81436
33130,NaN,24.98322,30.20994,36.81827
33140,NaN,24.989,30.21471,36.82219
33150,NaN,24.99478,30.21949,36.82611
33160,NaN,25.00056,30.22426,36.83002
33170,NaN,25.00633,30.22904,36.83395
33180,NaN,25.01212,30.23382,36.83786
33190,NaN,25.01789,30.2386,36.84178
33200,NaN,25.02367,30.24338,36.84571
33210,NaN,25.02945,30.24816,36.84962
33220,NaN,25.03523,30.25294,36.85355
33230,NaN,25.04101,30.25772,36.85747
33240,NaN,25.04679,30.2625,36.8614
33250,NaN,25.05258,30.26728,36.86533
33260,NaN,25.05836,30.27206,36.86925
33270,NaN,25.06414,30.27685,36.87318
33280,NaN,25.06993,30.28164,36.8771
33290,NaN,25.07571,30.28642,36.88103
33300,NaN,25.08149,30.29121,36.88496
33310,NaN,25.08727,30.29599,36.88889
33320,NaN,25.09306,30.30078,36.89282
33330,NaN,25.09884,30.30557,36.89675
33340,NaN,25.10463,30.31036,36.90068
33350,NaN,25.11041,30.31514,36.90462
33360,NaN,25.1162,30.31994,36.90855
33370,NaN,25.12198,30.32473,36.91249
33380,NaN,25.12777,30.32952,36.91642
33390,NaN,25.13356,30.33431,36.92036
33400,NaN,25.13935,30.3391,36.92429
33410,NaN,25.14514,30.34389,36.92823
33420,NaN,25.15093,30.34869,36.93217
33430,NaN,25.15671,30.35349,36.93611
33440,NaN,25.1625,30.35828,36.94005
33450,NaN,25.16829,30.36308,36.94399
33460,NaN,25.17408,30.36787,36.94793
33470,NaN,25.17987,30.37267,36.95187
33480,NaN,25.18566,30.37747,36.95581
33490,NaN,25.19145,30.38227,36.95975
33500,NaN,25.19725,30.38707,36.9637
33510,NaN,25.20304,30.39187,36.96764
33520,NaN,25.20883,30.39667,36.97159
33530,NaN,25.21462,30.40147,36.97554
33540,NaN,25.22042,30.40627,36.97948
33550,NaN,25.22621,30.41108,36.98343
33560,NaN,25.232,30.41588,36.98738
33570,NaN,25.2378,30.42068,36.99133
33580,NaN,25.24359,30.42549,36.99527
33590,NaN,25.24939,30.43029,36.99923
33600,NaN,25.25518,30.4351,37.00318
33610,NaN,25.26098,30.4399,37.00713
33620,NaN,25.26677,30.44471,37.01108
33630,NaN,25.27257,30.44952,37.01504
33640,NaN,25.27837,30.45433,37.01899
33650,NaN,25.28416,30.45914,37.02295
33660,NaN,25.28996,30.46395,37.02691
33670,NaN,25.29576,30.46876,37.03086
33680,NaN,25.30156,30.47357,37.03482
33690,NaN,25.30736,30.47838,37.03878
33700,NaN,25.31316,30.4832,37.04273
33710,NaN,25.31895,30.48801,37.04669
33720,NaN,25.32476,30.49282,37.05066
33730,NaN,25.33056,30.49764,37.05462
33740,NaN,25.33636,30.50246,37.05858
33750,NaN,25.34216,30.50727,37.06254
33760,NaN,25.34796,30.51209,37.06651
33770,NaN,25.35376,30.51691,37.07047
33780,NaN,25.35956,30.52172,37.07444
33790,NaN,25.36537,30.52655,37.0784
33800,NaN,25.37117,30.53136,37.08237
33810,NaN,25.37697,30.53618,37.08633
33820,NaN,25.38278,30.54101,37.09031
33830,NaN,25.38858,30.54583,37.09427
33840,NaN,25.39439,30.55065,37.09824
33850,NaN,25.40019,30.55547,37.10221
33860,NaN,25.406,30.56029,37.10619
33870,NaN,25.4118,30.56512,37.11015
33880,NaN,25.41761,30.56995,37.11412
33890,NaN,25.42341,30.57477,37.1181
33900,NaN,25.42922,30.5796,37.12208
33910,NaN,25.43503,30.58443,37.12605
33920,NaN,25.44084,30.58925,37.13003
33930,NaN,25.44664,30.59408,37.134
33940,NaN,25.45246,30.59891,37.13799
33950,NaN,25.45826,30.60373,37.14196
33960,NaN,25.46407,30.60857,37.14594
33970,NaN,25.46988,30.6134,37.14992
33980,NaN,25.47569,30.61823,37.1539
33990,NaN,25.4815,30.62306,37.15788
34000,NaN,25.48731,30.62789,37.16186
34010,NaN,25.49313,30.63273,37.16585
34020,NaN,25.49894,30.63756,37.16983
34030,NaN,25.50475,30.6424,37.17381
34040,NaN,25.51056,30.64723,37.1778
34050,NaN,25.51637,30.65207,37.18178
34060,NaN,25.52218,30.6569,37.18577
34070,NaN,25.528,30.66174,37.18975
34080,NaN,25.53381,30.66658,37.19374
34090,NaN,25.53963,30.67142,37.19773
34100,NaN,25.54544,30.67626,37.20172
34110,NaN,25.55125,30.6811,37.20571
34120,NaN,25.55707,30.68594,37.2097
34130,NaN,25.56289,30.69078,37.21369
34140,NaN,25.5687,30.69562,37.21768
34150,NaN,25.57452,30.70046,37.22167
34160,NaN,25.58034,30.70531,37.22567
34170,NaN,25.58615,30.71015,37.22966
34180,NaN,25.59197,30.715,37.23366
34190,NaN,25.59779,30.71984,37.23766
34200,NaN,25.6036,30.72469,37.24165
34210,NaN,25.60943,30.72953,37.24565
34220,NaN,25.61525,30.73438,37.24964
34230,NaN,25.62106,30.73923,37.25364
34240,NaN,25.62688,30.74408,37.25764
34250,NaN,25.6327,30.74893,37.26164
34260,NaN,25.63852,30.75377,37.26565
34270,NaN,25.64434,30.75863,37.26965
34280,NaN,25.65016,30.76348,37.27365
34290,NaN,25.65599,30.76833,37.27765
34300,NaN,25.66181,30.77318,37.28165
34310,NaN,25.66763,30.77803,37.28566
34320,NaN,25.67345,30.78289,37.28966
34330,NaN,25.67928,30.78774,37.29367
34340,NaN,25.6851,30.79259,37.29768
34350,NaN,25.69093,30.79745,37.30169
34360,NaN,25.69675,30.80231,37.30569
34370,NaN,25.70257,30.80716,37.3097
34380,NaN,25.7084,30.81202,37.31371
34390,NaN,25.71423,30.81688,37.31772
34400,NaN,25.72005,30.82174,37.32173
34410,NaN,25.72588,30.8266,37.32574
34420,NaN,25.7317,30.83146,37.32975
34430,NaN,25.73753,30.83632,37.33377
34440,NaN,25.74336,30.84118,37.33778
34450,NaN,25.74918,30.84604,37.3418
34460,NaN,25.75501,30.8509,37.34581
34470,NaN,25.76084,30.85577,37.34983
34480,NaN,25.76667,30.86063,37.35384
34490,NaN,25.7725,30.8655,37.35786
34500,NaN,25.77833,30.87036,37.36188
34510,NaN,25.78415,30.87523,37.3659
34520,NaN,25.78999,30.8801,37.36992
34530,NaN,25.79582,30.88496,37.37394
34540,NaN,25.80165,30.88983,37.37796
34550,NaN,25.80748,30.8947,37.38198
34560,NaN,25.81331,30.89957,37.386
34570,NaN,25.81915,30.90443,37.39003
34580,NaN,25.82497,30.90931,37.39405
34590,NaN,25.83081,30.91418,37.39808
34600,NaN,25.83664,30.91905,37.40211
34610,NaN,25.84247,30.92392,37.40614
34620,NaN,25.84831,30.92879,37.41016
34630,NaN,25.85414,30.93367,37.41419
34640,NaN,25.85998,30.93854,37.41822
34650,NaN,25.86581,30.94342,37.42225
34660,NaN,25.87165,30.94829,37.42628
34670,NaN,25.87748,30.95317,37.43031
34680,NaN,25.88332,30.95805,37.43434
34690,NaN,25.88915,30.96292,37.43837
34700,NaN,25.89499,30.9678,37.4424
34710,NaN,25.90083,30.97268,37.44644
34720,NaN,25.90666,30.97756,37.45047
34730,NaN,25.9125,30.98244,37.45451
34740,NaN,25.91834,30.98732,37.45854
34750,NaN,25.92418,30.99221,37.46258
34760,NaN,25.93002,30.99709,37.46662
34770,NaN,25.93585,31.00197,37.47066
34780,NaN,25.94169,31.00685,37.47469
34790,NaN,25.94753,31.01174,37.47873
34800,NaN,25.95338,31.01662,37.48277
34810,NaN,25.95921,31.02151,37.48681
34820,NaN,25.96506,31.0264,37.49086
34830,NaN,25.9709,31.03128,37.4949
34840,NaN,25.97674,31.03617,37.49894
34850,NaN,25.98258,31.04105,37.50299
34860,NaN,25.98842,31.04594,37.50703
34870,NaN,25.99427,31.05083,37.51107
34880,NaN,26.00011,31.05572,37.51512
34890,NaN,26.00595,31.06061,37.51917
34900,NaN,26.0118,31.0655,37.52321
34910,NaN,26.01764,31.07039,37.52726
34920,NaN,26.02349,31.07528,37.53131
34930,NaN,26.02933,31.08018,37.53536
34940,NaN,26.03517,31.08507,37.53941
34950,NaN,26.04102,31.08997,37.54346
34960,NaN,26.04687,31.09486,37.54751
34970,NaN,26.05271,31.09975,37.55157
34980,NaN,26.05856,31.10465,37.55562
34990,NaN,26.0644,31.10954,37.55967
35000,NaN,26.07025,31.11444,37.56373
35010,NaN,26.0761,31.11934,37.56779
35020,NaN,26.08195,31.12424,37.57184
35030,NaN,26.0878,31.12914,37.5759
35040,NaN,26.09365,31.13404,37.57995
35050,NaN,26.09949,31.13894,37.58401
35060,NaN,26.10534,31.14384,37.58807
35070,NaN,26.11119,31.14874,37.59213
35080,NaN,26.11704,31.15364,37.59619
35090,NaN,26.1229,31.15854,37.60025
35100,NaN,26.12875,31.16345,37.60431
35110,NaN,26.13459,31.16835,37.60838
35120,NaN,26.14045,31.17326,37.61244
35130,NaN,26.1463,31.17816,37.6165
35140,NaN,26.15215,31.18307,37.62057
35150,NaN,26.158,31.18797,37.62464
35160,NaN,26.16386,31.19288,37.6287
35170,NaN,26.16971,31.19779,37.63277
35180,NaN,26.17556,31.20269,37.63683
35190,NaN,26.18142,31.20761,37.6409
35200,NaN,26.18727,31.21251,37.64497
35210,NaN,26.19312,31.21743,37.64904
35220,NaN,26.19898,31.22233,37.65311
35230,NaN,26.20484,31.22725,37.65718
35240,NaN,26.21069,31.23216,37.66125
35250,NaN,26.21655,31.23707,37.66532
35260,NaN,26.22241,31.24199,37.6694
35270,NaN,26.22826,31.2469,37.67347
35280,NaN,26.23412,31.25181,37.67755
35290,NaN,26.23997,31.25673,37.68162
35300,NaN,26.24583,31.26164,37.6857
35310,NaN,26.25169,31.26656,37.68977
35320,NaN,26.25755,31.27147,37.69386
35330,NaN,26.26341,31.2764,37.69793
35340,NaN,26.26927,31.28131,37.70201
35350,NaN,26.27513,31.28623,37.70609
35360,NaN,26.28099,31.29115,37.71017
35370,NaN,26.28685,31.29607,37.71425
35380,NaN,26.29271,31.30099,37.71833
35390,NaN,26.29857,31.30591,37.72242
35400,NaN,26.30443,31.31083,37.7265
35410,NaN,26.31029,31.31576,37.73058
35420,NaN,26.31615,31.32068,37.73467
35430,NaN,26.32202,31.3256,37.73875
35440,NaN,26.32788,31.33052,37.74284
35450,NaN,26.33374,31.33545,37.74693
35460,NaN,26.33961,31.34038,37.75101
35470,NaN,26.34547,31.3453,37.7551
35480,NaN,26.35133,31.35023,37.75919
35490,NaN,26.3572,31.35516,37.76328
35500,NaN,26.36306,31.36008,37.76737
35510,NaN,26.36893,31.36502,37.77147
35520,NaN,26.37479,31.36994,37.77556
35530,NaN,26.38066,31.37487,37.77964
35540,NaN,26.38652,31.3798,37.78374
35550,NaN,26.39239,31.38473,37.78783
35560,NaN,26.39826,31.38967,37.79192
35570,NaN,26.40412,31.3946,37.79602
35580,NaN,26.40999,31.39953,37.80011
35590,NaN,26.41586,31.40446,37.80421
35600,NaN,26.42173,31.4094,37.80831
35610,NaN,26.4276,31.41433,37.8124
35620,NaN,26.43346,31.41927,37.81651
35630,NaN,26.43933,31.4242,37.82061
35640,NaN,26.4452,31.42914,37.82471
35650,NaN,26.45107,31.43408,37.82881
35660,NaN,26.45694,31.43901,37.83291
35670,NaN,26.46281,31.44395,37.83701
35680,NaN,26.46868,31.44889,37.84111
35690,NaN,26.47456,31.45383,37.84521
35700,NaN,26.48043,31.45877,37.84932
35710,NaN,26.4863,31.46372,37.85342
35720,NaN,26.49217,31.46865,37.85753
35730,NaN,26.49804,31.4736,37.86164
35740,NaN,26.50392,31.47854,37.86575
35750,NaN,26.50979,31.48348,37.86986
35760,NaN,26.51567,31.48843,37.87397
35770,NaN,26.52153,31.49337,37.87807
35780,NaN,26.52741,31.49832,37.88219
35790,NaN,26.53328,31.50326,37.8863
35800,NaN,26.53916,31.50821,37.89041
35810,NaN,26.54503,31.51315,37.89452
35820,NaN,26.55091,31.5181,37.89863
35830,NaN,26.55679,31.52305,37.90274
35840,NaN,26.56266,31.528,37.90686
35850,NaN,26.56854,31.53295,37.91098
35860,NaN,26.57442,31.5379,37.91509
35870,NaN,26.58029,31.54284,37.91921
35880,NaN,26.58617,31.5478,37.92332
35890,NaN,26.59205,31.55275,37.92744
35900,NaN,26.59793,31.5577,37.93156
35910,NaN,26.6038,31.56265,37.93568
35920,NaN,26.60969,31.56761,37.9398
35930,NaN,26.61556,31.57256,37.94392
35940,NaN,26.62144,31.57751,37.94805
35950,NaN,26.62732,31.58247,37.95216
35960,NaN,26.6332,31.58743,37.95629
35970,NaN,26.63908,31.59238,37.96041
35980,NaN,26.64496,31.59734,37.96453
35990,NaN,26.65084,31.60229,37.96866
36000,NaN,26.65673,31.60725,37.97278
36010,NaN,26.66261,31.61221,37.97691
36020,NaN,26.66849,31.61717,37.98104
36030,NaN,26.67437,31.62213,37.98517
36040,NaN,26.68025,31.62709,37.9893
36050,NaN,26.68614,31.63205,37.99342
36060,NaN,26.69202,31.63702,37.99756
36070,NaN,26.6979,31.64198,38.00169
36080,NaN,26.70379,31.64694,38.00581
36090,NaN,26.70967,31.65191,38.00995
36100,NaN,26.71556,31.65687,38.01408
36110,NaN,26.72144,31.66184,38.01822
36120,NaN,26.72733,31.6668,38.02235
36130,NaN,26.73322,31.67177,38.02648
36140,NaN,26.7391,31.67673,38.03062
36150,NaN,26.74499,31.6817,38.03475
36160,NaN,26.75087,31.68667,38.03889
36170,NaN,26.75676,31.69164,38.04303
36180,NaN,26.76265,31.6966,38.04716
36190,NaN,26.76853,31.70157,38.05131
36200,NaN,26.77443,31.70654,38.05544
36210,NaN,26.78031,31.71151,38.05958
36220,NaN,26.7862,31.71649,38.06372
36230,NaN,26.79209,31.72146,38.06786
36240,NaN,26.79798,31.72643,38.07201
36250,NaN,26.80387,31.7314,38.07615
36260,NaN,26.80976,31.73638,38.0803
36270,NaN,26.81565,31.74135,38.08444
36280,NaN,26.82154,31.74633,38.08858
36290,NaN,26.82743,31.7513,38.09273
36300,NaN,26.83332,31.75628,38.09687
36310,NaN,26.83921,31.76126,38.10102
36320,NaN,26.84511,31.76623,38.10517
36330,NaN,26.851,31.77121,38.10932
36340,NaN,26.85689,31.77619,38.11347
36350,NaN,26.86278,31.78116,38.11762
36360,NaN,26.86868,31.78614,38.12177
36370,NaN,26.87457,31.79113,38.12592
36380,NaN,26.88046,31.79611,38.13007
36390,NaN,26.88636,31.80109,38.13422
36400,NaN,26.89225,31.80607,38.13837
36410,NaN,26.89815,31.81105,38.14253
36420,NaN,26.90404,31.81604,38.14669
36430,NaN,26.90993,31.82102,38.15084
36440,NaN,26.91583,31.826,38.155
36450,NaN,26.92172,31.83099,38.15915
36460,NaN,26.92762,31.83598,38.16331
36470,NaN,26.93352,31.84096,38.16747
36480,NaN,26.93941,31.84595,38.17163
36490,NaN,26.94531,31.85094,38.17579
36500,NaN,26.95121,31.85592,38.17995
36510,NaN,26.95711,31.86091,38.18411
36520,NaN,26.963,31.8659,38.18827
36530,NaN,26.9689,31.87089,38.19244
36540,NaN,26.9748,31.87588,38.1966
36550,NaN,26.98071,31.88087,38.20076
36560,NaN,26.9866,31.88586,38.20493
36570,NaN,26.9925,31.89085,38.20909
36580,NaN,26.9984,31.89584,38.21326
36590,NaN,27.0043,31.90084,38.21742
36600,NaN,27.0102,31.90583,38.22159
36610,NaN,27.01611,31.91083,38.22576
36620,NaN,27.02201,31.91582,38.22993
36630,NaN,27.02791,31.92082,38.23409
36640,NaN,27.03381,31.92582,38.23826
36650,NaN,27.03971,31.93081,38.24244
36660,NaN,27.04562,31.93581,38.2466
36670,NaN,27.05152,31.94081,38.25078
36680,NaN,27.05742,31.9458,38.25495
36690,NaN,27.06333,31.9508,38.25913
36700,NaN,27.06923,31.9558,38.26329
36710,NaN,27.07513,31.9608,38.26747
36720,NaN,27.08104,31.9658,38.27165
36730,NaN,27.08694,31.9708,38.27582
36740,NaN,27.09285,31.9758,38.28
36750,NaN,27.09875,31.98081,38.28418
36760,NaN,27.10466,31.98581,38.28835
36770,NaN,27.11057,31.99081,38.29253
36780,NaN,27.11647,31.99582,38.29671
36790,NaN,27.12237,32.00083,38.30089
36800,NaN,27.12828,32.00583,38.30507
36810,NaN,27.13419,32.01083,38.30925
36820,NaN,27.1401,32.01584,38.31343
36830,NaN,27.14601,32.02084,38.31762
36840,NaN,27.15191,32.02585,38.3218
36850,NaN,27.15782,32.03086,38.32599
36860,NaN,27.16373,32.03587,38.33017
36870,NaN,27.16964,32.04088,38.33435
36880,NaN,27.17555,32.04589,38.33854
36890,NaN,27.18146,32.0509,38.34273
36900,NaN,27.18737,32.05591,38.34692
36910,NaN,27.19328,32.06092,38.3511
36920,NaN,27.19919,32.06593,38.35529
36930,NaN,27.2051,32.07095,38.35948
36940,NaN,27.21102,32.07596,38.36367
36950,NaN,27.21692,32.08097,38.36786
36960,NaN,27.22284,32.08598,38.37206
36970,NaN,27.22875,32.091,38.37624
36980,NaN,27.23466,32.09602,38.38044
36990,NaN,27.24057,32.10103,38.38463
37000,NaN,27.24649,32.10605,38.38882
37010,NaN,27.25241,32.11106,38.39302
37020,NaN,27.25832,32.11609,38.39721
37030,NaN,27.26423,32.1211,38.40141
37040,NaN,27.27015,32.12612,38.40561
37050,NaN,27.27606,32.13114,38.40981
37060,NaN,27.28197,32.13616,38.414
37070,NaN,27.28789,32.14118,38.4182
37080,NaN,27.29381,32.1462,38.4224
37090,NaN,27.29972,32.15122,38.4266
37100,NaN,27.30564,32.15625,38.43081
37110,NaN,27.31156,32.16127,38.43501
37120,NaN,27.31747,32.16629,38.43921
37130,NaN,27.32339,32.17132,38.44341
37140,NaN,27.32931,32.17634,38.44761
37150,NaN,27.33523,32.18137,38.45182
37160,NaN,27.34114,32.18639,38.45602
37170,NaN,27.34706,32.19142,38.46023
37180,NaN,27.35298,32.19645,38.46443
37190,NaN,27.3589,32.20147,38.46864
37200,NaN,27.36482,32.2065,38.47285
37210,NaN,27.37074,32.21152,38.47706
37220,NaN,27.37666,32.21656,38.48127
37230,NaN,27.38258,32.22159,38.48548
37240,NaN,27.3885,32.22662,38.48969
37250,NaN,27.39442,32.23165,38.4939
37260,NaN,27.40034,32.23668,38.49811
37270,NaN,27.40627,32.24171,38.50232
37280,NaN,27.41219,32.24674,38.50653
37290,NaN,27.41811,32.25178,38.51075
37300,NaN,27.42403,32.25681,38.51496
37310,NaN,27.42996,32.26184,38.51918
37320,NaN,27.43588,32.26688,38.52339
37330,NaN,27.4418,32.27192,38.52761
37340,NaN,27.44773,32.27695,38.53183
37350,NaN,27.45365,32.28199,38.53604
37360,NaN,27.45957,32.28703,38.54026
37370,NaN,27.4655,32.29206,38.54448
37380,NaN,27.47142,32.2971,38.5487
37390,NaN,27.47735,32.30214,38.55292
37400,NaN,27.48327,32.30718,38.55714
37410,NaN,27.4892,32.31222,38.56136
37420,NaN,27.49512,32.31726,38.56558
37430,NaN,27.50105,32.3223,38.56981
37440,NaN,27.50698,32.32734,38.57403
37450,NaN,27.51291,32.33238,38.57825
37460,NaN,27.51883,32.33743,38.58248
37470,NaN,27.52476,32.34247,38.5867
37480,NaN,27.53069,32.34751,38.59093
37490,NaN,27.53662,32.35256,38.59516
37500,NaN,27.54255,32.3576,38.59938
37510,NaN,27.54848,32.36264,38.60361
37520,NaN,27.5544,32.36769,38.60784
37530,NaN,27.56033,32.37274,38.61208
37540,NaN,27.56626,32.37778,38.6163
37550,NaN,27.57219,32.38283,38.62054
37560,NaN,27.57812,32.38788,38.62476
37570,NaN,27.58405,32.39293,38.62899
37580,NaN,27.58998,32.39798,38.63323
37590,NaN,27.59591,32.40303,38.63746
37600,NaN,27.60184,32.40808,38.6417
37610,NaN,27.60778,32.41313,38.64593
37620,NaN,27.61371,32.41817,38.65017
37630,NaN,27.61964,32.42323,38.6544
37640,NaN,27.62558,32.42828,38.65864
37650,NaN,27.63151,32.43334,38.66288
37660,NaN,27.63744,32.43839,38.66712
37670,NaN,27.64338,32.44344,38.67136
37680,NaN,27.64931,32.4485,38.67559
37690,NaN,27.65524,32.45356,38.67983
37700,NaN,27.66118,32.45861,38.68407
37710,NaN,27.66711,32.46367,38.68832
37720,NaN,27.67305,32.46873,38.69256
37730,NaN,27.67898,32.47379,38.6968
37740,NaN,27.68492,32.47884,38.70104
37750,NaN,27.69085,32.4839,38.70529
37760,NaN,27.69679,32.48896,38.70953
37770,NaN,27.70273,32.49401,38.71378
37780,NaN,27.70866,32.49908,38.71803
37790,NaN,27.7146,32.50414,38.72227
37800,NaN,27.72054,32.5092,38.72652
37810,NaN,27.72647,32.51426,38.73077
37820,NaN,27.73241,32.51933,38.73502
37830,NaN,27.73835,32.52439,38.73927
37840,NaN,27.74429,32.52945,38.74352
37850,NaN,27.75023,32.53452,38.74776
37860,NaN,27.75617,32.53958,38.75202
37870,NaN,27.76211,32.54464,38.75627
37880,NaN,27.76805,32.54971,38.76052
37890,NaN,27.77398,32.55478,38.76478
37900,NaN,27.77993,32.55984,38.76903
37910,NaN,27.78587,32.56491,38.77328
37920,NaN,27.79181,32.56997,38.77754
37930,NaN,27.79775,32.57505,38.7818
37940,NaN,27.80369,32.58012,38.78605
37950,NaN,27.80963,32.58519,38.79031
37960,NaN,27.81558,32.59025,38.79457
37970,NaN,27.82152,32.59533,38.79883
37980,NaN,27.82746,32.6004,38.80308
37990,NaN,27.8334,32.60547,38.80735
38000,NaN,27.83934,32.61054,38.81161
38010,NaN,27.84529,32.61562,38.81586
38020,NaN,27.85123,32.62069,38.82013
38030,NaN,27.85717,32.62576,38.82439
38040,NaN,27.86312,32.63084,38.82865
38050,NaN,27.86906,32.63591,38.83292
38060,NaN,27.87501,32.64099,38.83718
38070,NaN,27.88095,32.64606,38.84145
38080,NaN,27.8869,32.65114,38.84571
38090,NaN,27.89285,32.65622,38.84998
38100,NaN,27.89879,32.6613,38.85425
38110,NaN,27.90474,32.66637,38.85851
38120,NaN,27.91069,32.67145,38.86279
38130,NaN,27.91663,32.67653,38.86705
38140,NaN,27.92258,32.68162,38.87132
38150,NaN,27.92853,32.6867,38.87559
38160,NaN,27.93447,32.69178,38.87986
38170,NaN,27.94042,32.69686,38.88413
38180,NaN,27.94637,32.70194,38.8884
38190,NaN,27.95232,32.70702,38.89268
38200,NaN,27.95827,32.7121,38.89695
38210,NaN,27.96422,32.71718,38.90123
38220,NaN,27.97017,32.72227,38.9055
38230,NaN,27.97612,32.72735,38.90977
38240,NaN,27.98207,32.73244,38.91405
38250,NaN,27.98802,32.73753,38.91833
38260,NaN,27.99397,32.74261,38.9226
38270,NaN,27.99992,32.7477,38.92688
38280,NaN,28.00587,32.75279,38.93116
38290,NaN,28.01182,32.75788,38.93544
38300,NaN,28.01777,32.76297,38.93972
38310,NaN,28.02373,32.76805,38.944
38320,NaN,28.02968,32.77314,38.94828
38330,NaN,28.03563,32.77823,38.95256
38340,NaN,28.04159,32.78333,38.95684
38350,NaN,28.04754,32.78842,38.96114
38360,NaN,28.05349,32.79351,38.96542
38370,NaN,28.05945,32.7986,38.9697
38380,NaN,28.0654,32.8037,38.97398
38390,NaN,28.07135,32.80879,38.97827
38400,NaN,28.07731,32.81388,38.98256
38410,NaN,28.08326,32.81898,38.98684
38420,NaN,28.08922,32.82407,38.99113
38430,NaN,28.09517,32.82917,38.99542
38440,NaN,28.10113,32.83426,38.99971
38450,NaN,28.10709,32.83936,39.00399
38460,NaN,28.11304,32.84446,39.00829
38470,NaN,28.119,32.84956,39.01258
38480,NaN,28.12495,32.85465,39.01687
38490,NaN,28.13091,32.85975,39.02116
38500,NaN,28.13687,32.86485,39.02546
38510,NaN,28.14283,32.86995,39.02975
38520,NaN,28.14878,32.87505,39.03405
38530,NaN,28.15474,32.88015,39.03834
38540,NaN,28.1607,32.88525,39.04263
38550,NaN,28.16666,32.89036,39.04693
38560,NaN,28.17262,32.89546,39.05123
38570,NaN,28.17858,32.90056,39.05553
38580,NaN,28.18454,32.90566,39.05982
38590,NaN,28.19049,32.91077,39.06412
38600,NaN,28.19646,32.91587,39.06842
38610,NaN,28.20242,32.92098,39.07272
38620,NaN,28.20838,32.92608,39.07702
38630,NaN,28.21434,32.93119,39.08132
38640,NaN,28.2203,32.93629,39.08562
38650,NaN,28.22626,32.9414,39.08992
38660,NaN,28.23222,32.94651,39.09423
38670,NaN,28.23818,32.95162,39.09853
38680,NaN,28.24415,32.95673,39.10284
38690,NaN,28.25011,32.96183,39.10714
38700,NaN,28.25607,32.96695,39.11144
38710,NaN,28.26204,32.97205,39.11575
38720,NaN,28.268,32.97717,39.12006
38730,NaN,28.27396,32.98228,39.12437
38740,NaN,28.27993,32.98738,39.12867
38750,NaN,28.28589,32.9925,39.13298
38760,NaN,28.29186,32.99761,39.1373
38770,NaN,28.29782,33.00272,39.1416
38780,NaN,28.30379,33.00784,39.14592
38790,NaN,28.30975,33.01295,39.15023
38800,NaN,28.31571,33.01807,39.15454
38810,NaN,28.32168,33.02318,39.15885
38820,NaN,28.32764,33.0283,39.16316
38830,NaN,28.33361,33.03342,39.16748
38840,NaN,28.33958,33.03854,39.17179
38850,NaN,28.34554,33.04365,39.17611
38860,NaN,28.35151,33.04877,39.18042
38870,NaN,28.35748,33.05389,39.18475
38880,NaN,28.36345,33.05901,39.18907
38890,NaN,28.36942,33.06412,39.19339
38900,NaN,28.37539,33.06924,39.1977
38910,NaN,28.38136,33.07437,39.20202
38920,NaN,28.38732,33.07949,39.20635
38930,NaN,28.3933,33.08461,39.21067
38940,NaN,28.39926,33.08973,39.21498
38950,NaN,28.40523,33.09486,39.21931
38960,NaN,28.4112,33.09998,39.22363
38970,NaN,28.41717,33.10511,39.22795
38980,NaN,28.42314,33.11023,39.23227
38990,NaN,28.42911,33.11535,39.2366
39000,NaN,28.43509,33.12048,39.24092
39010,NaN,28.44106,33.1256,39.24525
39020,NaN,28.44703,33.13073,39.24957
39030,NaN,28.453,33.13586,39.2539
39040,NaN,28.45897,33.14098,39.25822
39050,NaN,28.46495,33.14611,39.26256
39060,NaN,28.47092,33.15124,39.26688
39070,NaN,28.47689,33.15636,39.27121
39080,NaN,28.48286,33.1615,39.27554
39090,NaN,28.48884,33.16663,39.27988
39100,NaN,28.49481,33.17176,39.28421
39110,NaN,28.50079,33.1769,39.28854
39120,NaN,28.50676,33.18202,39.29287
39130,NaN,28.51273,33.18715,39.2972
39140,NaN,28.51871,33.19229,39.30154
39150,NaN,28.52468,33.19742,39.30587
39160,NaN,28.53066,33.20255,39.31021
39170,NaN,28.53664,33.20768,39.31454
39180,NaN,28.54261,33.21282,39.31888
39190,NaN,28.54859,33.21796,39.32321
39200,NaN,28.55456,33.22309,39.32755
39210,NaN,28.56054,33.22823,39.33189
39220,NaN,28.56652,33.23336,39.33623
39230,NaN,28.57249,33.2385,39.34056
39240,NaN,28.57847,33.24364,39.34491
39250,NaN,28.58445,33.24878,39.34924
39260,NaN,28.59043,33.25392,39.35359
39270,NaN,28.59641,33.25906,39.35793
39280,NaN,28.60239,33.26419,39.36227
39290,NaN,28.60837,33.26934,39.36662
39300,NaN,28.61434,33.27448,39.37096
39310,NaN,28.62032,33.27962,39.3753
39320,NaN,28.6263,33.28476,39.37964
39330,NaN,28.63228,33.28991,39.38399
39340,NaN,28.63826,33.29504,39.38834
39350,NaN,28.64424,33.30019,39.39269
39360,NaN,28.65022,33.30534,39.39703
39370,NaN,28.65621,33.31048,39.40138
39380,NaN,28.66219,33.31562,39.40573
39390,NaN,28.66817,33.32077,39.41008
39400,NaN,28.67415,33.32592,39.41442
39410,NaN,28.68013,33.33106,39.41877
39420,NaN,28.68612,33.33621,39.42313
39430,NaN,28.69209,33.34136,39.42748
39440,NaN,28.69808,33.3465,39.43183
39450,NaN,28.70406,33.35165,39.43618
39460,NaN,28.71005,33.3568,39.44054
39470,NaN,28.71603,33.36195,39.44489
39480,NaN,28.72201,33.3671,39.44925
39490,NaN,28.728,33.37225,39.4536
39500,NaN,28.73398,33.3774,39.45795
39510,NaN,28.73997,33.38255,39.46231
39520,NaN,28.74595,33.38771,39.46667
39530,NaN,28.75194,33.39286,39.47103
39540,NaN,28.75792,33.39801,39.47539
39550,NaN,28.76391,33.40317,39.47975
39560,NaN,28.76989,33.40832,39.48411
39570,NaN,28.77588,33.41348,39.48847
39580,NaN,28.78186,33.41863,39.49283
39590,NaN,28.78785,33.42379,39.49719
39600,NaN,28.79384,33.42894,39.50155
39610,NaN,28.79983,33.4341,39.50592
39620,NaN,28.80581,33.43925,39.51028
39630,NaN,28.8118,33.44441,39.51464
39640,NaN,28.81779,33.44958,39.519
39650,NaN,28.82378,33.45473,39.52338
39660,NaN,28.82977,33.45988,39.52774
39670,NaN,28.83575,33.46505,39.5321
39680,NaN,28.84174,33.47021,39.53647
39690,NaN,28.84773,33.47537,39.54084
39700,NaN,28.85372,33.48053,39.54521
39710,NaN,28.85971,33.48569,39.54958
39720,NaN,28.8657,33.49086,39.55395
39730,NaN,28.87169,33.49602,39.55832
39740,NaN,28.87768,33.50118,39.56269
39750,NaN,28.88367,33.50635,39.56705
39760,NaN,28.88967,33.51151,39.57143
39770,NaN,28.89566,33.51668,39.5758
39780,NaN,28.90165,33.52184,39.58018
39790,NaN,28.90764,33.52701,39.58455
39800,NaN,28.91363,33.53217,39.58892
39810,NaN,28.91963,33.53734,39.5933
39820,NaN,28.92562,33.5425,39.59768
39830,NaN,28.93161,33.54767,39.60205
39840,NaN,28.9376,33.55284,39.60643
39850,NaN,28.9436,33.558,39.61081
39860,NaN,28.94959,33.56318,39.61518
39870,NaN,28.95559,33.56835,39.61956
39880,NaN,28.96158,33.57352,39.62394
39890,NaN,28.96757,33.57869,39.62832
39900,NaN,28.97357,33.58386,39.63271
39910,NaN,28.97956,33.58903,39.63708
39920,NaN,28.98556,33.5942,39.64147
39930,NaN,28.99156,33.59938,39.64585
39940,NaN,28.99755,33.60455,39.65024
39950,NaN,29.00355,33.60973,39.65462
39960,NaN,29.00955,33.6149,39.659
39970,NaN,29.01554,33.62008,39.66339
39980,NaN,29.02153,33.62525,39.66777
39990,NaN,29.02753,33.63043,39.67216
40000,NaN,29.03353,33.63561,39.67654
