time,range_D_MP1,range_MP1_MP2,range_MP2_MP3,auto_max,auto_snr,auto_amp,auto_count,n_calls
2012-03-03 21:02:02.122923+00:00,27.82,40.0,40.0,6303.42035570117,21.201851500336502,-127.3769867660438,27,1
2012-03-03 21:03:02.122923+00:00,27.15,40.0,40.0,7838.746793836052,21.32840731599562,-127.12387513472558,29,3
2012-03-03 21:04:02.122923+00:00,28.12,40.0,40.0,8171.993866019056,21.476699168041492,-126.82729143063384,32,2
2012-03-03 21:05:02.122923+00:00,27.77,40.0,40.0,9660.77025543704,22.104284750812052,-125.57212026509274,35,2
2012-03-03 21:06:02.122923+00:00,14.06,29.51,40.0,10325.213918181042,22.13671682027033,-125.50725612617616,38,3
2012-03-03 21:07:02.122923+00:00,10.33,22.03,33.45,10625.124611116677,22.163270958958265,-125.4541478488003,40,3
2012-03-03 21:08:02.122923+00:00,2.55,5.74,8.78,14269.133116428286,22.36340017873912,-125.05388940923858,44,2
2012-03-03 21:09:02.122923+00:00,2.29,5.16,7.91,16118.770409009212,22.522692143697604,-124.73530547932162,46,2
2012-03-03 21:10:02.122923+00:00,2.24,5.05,7.74,15375.884593965726,22.60312419731536,-124.57444137208611,49,3
2012-03-03 21:11:02.122923+00:00,2.44,5.48,8.39,16118.770409009212,22.83843362272873,-124.10382252125936,52,3
2012-03-03 21:12:02.122923+00:00,2.79,6.27,9.6,17063.596472432066,22.880312440892553,-124.02006488493171,54,3
2012-03-03 21:13:02.122923+00:00,2.85,6.41,9.81,17265.536720811433,22.916653838320308,-123.94738209007622,55,4
2012-03-03 21:14:02.122923+00:00,2.9,6.5,9.95,17354.874094944727,22.96365096233405,-123.85338784204872,55,3
2012-03-03 21:15:02.122923+00:00,2.92,6.55,10.02,17354.874094944727,22.96365096233405,-123.85338784204872,55,3
2012-03-03 21:16:02.122923+00:00,2.9,6.5,9.95,17354.874094944727,22.96365096233405,-123.85338784204872,55,2
2012-03-03 21:17:02.122923+00:00,2.94,6.59,10.09,18438.701895419686,22.98664054554416,-123.80740867562852,53,3
2012-03-03 21:18:02.122923+00:00,2.98,6.68,10.22,17310.20540787808,22.975145753939103,-123.8303982588386,52,3
2012-03-03 21:19:02.122923+00:00,2.98,6.68,10.22,17265.536720811433,22.96365096233405,-123.85338784204872,53,2
2012-03-03 21:20:02.122923+00:00,2.92,6.55,10.02,17310.20540787808,22.975145753939103,-123.8303982588386,52,3
2012-03-03 21:21:02.122923+00:00,2.9,6.5,9.95,19009.33100463145,23.131894031401192,-123.51690170391444,48,3
2012-03-03 21:22:02.122923+00:00,2.94,6.59,10.09,17896.787995182207,23.131894031401192,-123.51690170391444,46,3
2012-03-03 21:23:02.122923+00:00,3.04,6.81,10.42,17310.20540787808,23.17885221085968,-123.42298534499749,44,3
2012-03-03 21:24:02.122923+00:00,3.25,7.28,11.14,15107.204190742705,23.11537708874723,-123.54993558922236,43,2
2012-03-03 21:25:02.122923+00:00,3.59,8.01,12.26,12838.365347897485,23.131894031401192,-123.51690170391444,40,2
2012-03-03 21:26:02.122923+00:00,3.4,7.61,11.65,10403.649046129683,22.877422616213508,-124.0258445342898,38,3
2012-03-03 21:28:02.122923+00:00,3.78,8.44,12.9,6322.650314920664,20.74852268141168,-128.28364440389348,33,3
2012-03-03 21:29:02.122923+00:00,4.36,9.68,14.79,5459.714836237248,19.477464358763157,-130.8257610491905,33,2
2012-03-03 21:32:02.122923+00:00,21.46,40.0,40.0,3342.923983388587,18.690846350929323,-132.39899706485818,27,1
2012-03-03 21:33:02.122923+00:00,22.03,40.0,40.0,3034.436494282054,18.51284531188867,-132.75499914293948,24,2
2012-03-03 21:34:02.122923+00:00,8.53,18.37,27.95,2830.923554549706,18.411998050032416,-132.956693666652,21,1
2012-03-03 21:36:02.122923+00:00,9.6,20.54,31.22,2129.872167712185,18.135787686156,-133.50911439440483,16,2
2012-03-03 21:38:02.122923+00:00,9.56,20.48,31.12,2038.1871188994105,18.135787686156,-133.50911439440483,14,1
2012-03-03 21:39:02.122923+00:00,7.81,16.9,25.73,1886.3001777227096,18.104515968518463,-133.5716578296799,11,1
2012-03-03 21:40:02.122923+00:00,7.79,16.87,25.68,1882.1816587822705,18.135787686156,-133.50911439440483,10,1
2012-03-03 21:42:02.122923+00:00,7.63,16.53,25.17,1908.6753657843856,18.167059403793537,-133.44657095912976,9,1
2012-03-06 10:08:02.126773+00:00,4.89,10.81,16.51,3082.1676055482494,18.492918264476227,-127.33113678132295,16,1
2012-03-06 10:11:02.126773+00:00,3.59,8.01,12.26,4472.805652961962,19.7848045975638,-124.74736411514782,23,1
2012-03-06 10:12:02.126773+00:00,0.73,1.66,2.55,4516.194619902486,20.21090785615741,-123.89515759796058,25,1
2012-03-06 10:13:02.126773+00:00,0.01,0.04,0.02,5006.422380582575,20.586371784725397,-123.1442297408246,28,1
2012-03-06 10:14:02.126773+00:00,0.01,0.04,0.04,5511.7846104341925,20.72196541155344,-122.87304248716852,30,3
2012-03-06 10:15:02.126773+00:00,4.83,10.68,16.31,6710.688766522893,20.870759774408473,-122.57545376145843,33,2
2012-03-06 10:16:02.126773+00:00,5.72,12.57,19.18,7051.697959857509,21.026238816228897,-122.26449567781762,36,2
2012-03-06 10:17:02.126773+00:00,5.57,12.25,18.7,7804.931059658649,21.520768534191543,-121.27543624189232,39,3
2012-03-06 10:18:02.126773+00:00,5.68,12.48,19.04,9328.409449813522,21.66723189245171,-120.982509525372,41,3
2012-03-06 10:19:02.126773+00:00,5.46,12.03,18.36,9778.2012053394,21.74701688533387,-120.82293953960766,44,3
2012-03-06 10:20:02.126773+00:00,5.06,11.18,17.07,10336.122997870069,21.831618683357977,-120.65373594355948,47,2
2012-03-06 10:21:02.126773+00:00,4.57,10.13,15.48,13516.855365948782,22.042836602353542,-120.23130010556832,49,2
2012-03-06 10:22:02.126773+00:00,4.24,9.43,14.42,13815.31541845643,22.043081997562204,-120.230809315151,51,3
2012-03-06 10:23:02.126773+00:00,3.64,8.13,12.43,13887.578191180766,22.450701784790475,-119.41556974069444,53,2
2012-03-06 10:24:02.126773+00:00,5.28,11.64,17.77,15376.936194122,22.94336703455351,-118.43023924116838,53,3
2012-03-06 10:25:02.126773+00:00,5.48,12.06,18.41,15390.890622071822,23.151252015983168,-118.01446927830906,54,2
2012-03-06 10:26:02.126773+00:00,40.0,40.0,40.0,17439.59150311147,23.256210680794872,-117.80455194868568,54,3
2012-03-06 10:27:02.126773+00:00,40.0,40.0,40.0,18429.33277776106,23.435886188027567,-117.44520093422028,54,4
2012-03-06 10:28:02.126773+00:00,40.0,40.0,40.0,18754.007774129223,23.545503600885556,-117.2259661085043,53,3
2012-03-06 10:29:02.126773+00:00,40.0,40.0,40.0,18904.08623068522,23.532511634529612,-117.2519500412162,54,3
2012-03-06 10:30:02.126773+00:00,5.09,11.25,17.17,18904.08623068522,23.589510667618484,-117.13795197503843,52,3
2012-03-06 10:31:02.126773+00:00,5.15,11.38,17.37,18842.658698337655,23.545503600885556,-117.2259661085043,53,2
2012-03-06 10:32:02.126773+00:00,5.09,11.25,17.17,18742.890440973737,23.532511634529612,-117.2519500412162,54,2
2012-03-06 10:33:02.126773+00:00,4.97,10.98,16.77,18731.77310781825,23.545503600885556,-117.2259661085043,53,3
2012-03-06 10:34:02.126773+00:00,4.94,10.91,16.67,18731.77310781825,23.545503600885556,-117.2259661085043,53,3
2012-03-06 10:35:02.126773+00:00,5.26,11.61,17.72,18115.043829127702,23.485695415127733,-117.34558248001994,52,2
2012-03-06 10:36:02.126773+00:00,0.73,1.66,2.55,18115.043829127702,23.485695415127733,-117.34558248001994,50,3
2012-03-06 10:37:02.126773+00:00,0.58,1.31,2.01,18731.77310781825,23.51951966817367,-117.27793397392809,47,3
2012-03-06 10:38:02.126773+00:00,0.92,2.08,3.19,18126.892447703867,23.451871162081797,-117.41323098611184,45,3
2012-03-06 10:39:02.126773+00:00,0.66,1.5,2.3,18429.33277776106,23.485695415127733,-117.34558248001994,42,1
2012-03-06 10:40:02.126773+00:00,1.25,2.84,4.34,15808.809389232672,23.31813829465372,-117.68069672096796,40,3
2012-03-06 10:41:02.126773+00:00,0.01,0.04,0.02,14367.173886230845,23.200188895826443,-117.91659551862251,38,3
2012-03-06 10:42:02.126773+00:00,5.58,12.29,18.75,12796.470322737889,23.00357736393961,-118.3098185823962,37,2
2012-03-06 10:43:02.126773+00:00,5.68,12.48,19.04,10898.280872272617,22.315407672241832,-119.68615796579176,36,2
2012-03-06 10:44:02.126773+00:00,0.58,1.31,2.01,6059.933121119064,22.06973236190298,-120.17750858646946,33,2
2012-03-06 10:45:02.126773+00:00,1.98,4.47,6.84,4974.5243292825435,21.236459887791984,-121.84405353469144,33,2
2012-03-06 10:48:02.126773+00:00,7.54,16.35,24.89,3036.3905085378324,19.872037365282253,-124.57289857971092,28,1
2012-03-06 10:49:02.126773+00:00,1.52,3.43,5.26,2687.851651340971,19.02927946101232,-126.25841438825076,27,1
2012-03-06 10:50:02.126773+00:00,11.83,25.04,37.98,2656.316820555958,18.128547233734203,-128.059878842807,27,1
2012-03-06 10:51:02.126773+00:00,1.37,3.1,4.76,2437.1500292753153,17.904179411769675,-128.50861448673606,26,1
2012-03-06 10:52:02.126773+00:00,4.28,9.5,14.52,2390.0200381440704,17.87861443740425,-128.5597444354669,25,1
2012-03-06 10:53:02.126773+00:00,9.04,19.42,29.52,2166.410035473174,17.85135670138934,-128.61425990749672,26,1
2012-03-06 10:54:02.126773+00:00,8.1,17.49,26.62,2181.483244262521,17.85135670138934,-128.61425990749672,26,1
2012-03-06 10:55:02.126773+00:00,7.64,16.56,25.22,2059.85532528262,17.85135670138934,-128.61425990749672,26,1
2012-03-06 10:57:02.126773+00:00,7.84,16.97,25.82,2074.928534071967,17.87861443740425,-128.5597444354669,29,2
2012-03-06 10:58:02.126773+00:00,7.81,16.9,25.73,2181.483244262521,17.903586169717865,-128.50980097083968,30,2
2012-03-06 10:59:02.126773+00:00,7.9,17.09,26.01,2288.037954453075,18.02620570117389,-128.26456190792763,33,2
2012-03-06 11:00:02.126773+00:00,7.88,17.06,25.97,2461.6872095087415,18.128547233734203,-128.059878842807,35,1
2012-03-06 11:01:02.126773+00:00,7.82,16.93,25.78,2461.6872095087415,18.222252539474976,-127.87246823132546,35,2
2012-03-06 11:02:02.126773+00:00,7.81,16.9,25.73,2250.649628671968,18.175399886604588,-127.96617353706624,36,2
2012-03-06 11:03:02.126773+00:00,7.9,17.09,26.01,2484.725202562986,18.42674344726821,-127.463486415739,36,3
2012-03-06 11:04:02.126773+00:00,7.64,16.56,25.22,2521.9236202961374,18.541298769162484,-127.23437577195044,38,3
2012-03-06 11:05:02.126773+00:00,7.61,16.5,25.12,2536.084044975045,18.604269459309332,-127.10843439165674,37,2
2012-03-06 11:06:02.126773+00:00,7.63,16.53,25.17,2536.084044975045,18.604269459309332,-127.10843439165674,37,1
2012-03-06 11:07:02.126773+00:00,7.6,16.47,25.08,2596.2004327655013,18.622200010544276,-127.07257328918686,36,2
2012-03-06 11:08:02.126773+00:00,7.57,16.41,24.98,2596.2004327655013,18.695248902933535,-126.92647550440834,34,2
2012-03-06 11:09:02.126773+00:00,7.58,16.44,25.03,2536.084044975045,18.75036724408785,-126.8162388220997,33,3
2012-03-06 11:10:02.126773+00:00,7.49,16.25,24.75,2662.002529864794,18.76484921559404,-126.78727487908732,32,2
2012-03-06 11:11:02.126773+00:00,7.7,16.69,25.4,2536.084044975045,18.779331187100222,-126.75831093607496,31,2
2012-03-06 11:12:02.126773+00:00,7.7,16.69,25.4,2536.084044975045,18.822391088571468,-126.67219113313249,29,2
2012-03-06 11:13:02.126773+00:00,7.49,16.25,24.75,2536.084044975045,18.839274818094157,-126.63842367408712,27,2
2012-03-06 11:14:02.126773+00:00,7.51,16.28,24.8,2521.9236202961374,18.830832953332813,-126.6553074036098,26,2
2012-03-06 11:18:02.126773+00:00,0.01,0.01,0.02,2484.725202562986,18.83116688569139,-126.65463953889264,18,1
2012-03-06 11:20:02.126773+00:00,5.4,11.9,18.16,2628.4713198652353,18.19056128979457,-127.93585073068628,12,1
2012-03-06 11:23:02.126773+00:00,5.32,11.74,17.92,2120.3078428014546,16.843654445865674,-130.62966441854405,7,1
2012-03-06 11:24:02.126773+00:00,23.23,40.0,40.0,2094.561781171125,16.615530259669946,-131.08591279093554,5,1
2012-03-07 07:26:02.124314+00:00,5.43,11.96,18.26,2951.538266534752,15.373052618969268,-137.31772520219178,3,1
2012-03-07 07:28:02.124314+00:00,5.43,11.96,18.26,2951.538266534752,15.373052618969268,-137.31772520219178,3,1
2012-03-07 07:35:02.124314+00:00,4.19,9.33,14.25,4477.03495132999,15.517741727082472,-137.02834698596536,5,1
2012-03-07 07:38:02.124314+00:00,4.11,9.14,13.98,5599.4688926705685,15.72818562552342,-136.60745918908347,3,1
2012-03-07 07:44:02.124314+00:00,3.91,8.7,13.3,4477.03495132999,15.373052618969268,-137.31772520219178,5,1
2012-03-07 07:49:02.124314+00:00,3.18,7.12,10.89,4276.861268528283,15.66799013959224,-136.72785016094582,4,1
2012-03-07 07:50:02.124314+00:00,3.16,7.07,10.82,4489.524470928224,15.963001479671036,-136.13782748078825,5,1
2012-03-07 07:58:02.124314+00:00,2.85,6.41,9.81,4279.371126989746,15.782683644394169,-136.49846315134198,7,1
2012-03-07 08:00:02.124314+00:00,2.96,6.64,10.15,4384.447798958985,15.822194412356067,-136.41944161541818,6,1
2012-03-07 08:02:02.124314+00:00,2.17,4.88,7.48,4734.1675160552795,16.10379019270566,-135.856250054719,6,1
2012-03-07 08:05:02.124314+00:00,2.17,4.88,7.48,4734.1675160552795,16.10379019270566,-135.856250054719,6,1
2012-03-07 08:08:02.124314+00:00,2.03,4.59,7.03,5716.331812926752,16.406415131367353,-135.2510001773956,6,1
2012-03-07 08:11:02.124314+00:00,17.9,37.15,40.0,5292.660167849464,15.91166846006296,-136.2404935200044,6,1
2012-03-07 08:17:02.124314+00:00,1.21,2.74,4.2,7709.21620596334,16.835637083073596,-134.39255627398313,6,1
2012-03-07 08:18:02.124314+00:00,1.33,3.02,4.62,8013.24039517241,16.886078139643196,-134.2916741608439,5,1
2012-03-07 08:23:02.124314+00:00,2.44,5.48,8.39,7405.19201675427,16.785196026503996,-134.49343838712232,5,1
2012-03-07 08:26:02.124314+00:00,3.02,6.77,10.36,6968.829336193586,16.531215622242243,-135.00139919564583,7,1
2012-03-07 08:29:02.124314+00:00,3.18,7.12,10.89,6968.829336193586,16.531215622242243,-135.00139919564583,5,1
2012-03-07 08:33:02.124314+00:00,3.18,7.12,10.89,6968.829336193586,16.531215622242243,-135.00139919564583,5,1
2012-03-07 08:34:02.124314+00:00,3.27,7.33,11.21,6026.615460872961,16.326322787374842,-135.41118486538062,4,1
2012-03-07 08:55:02.124314+00:00,4.75,10.51,16.05,4385.939421147745,15.803151707530963,-136.45752702506837,4,1
2012-03-07 08:59:02.124314+00:00,5.22,11.51,17.57,4813.41672490345,15.79603508500227,-136.47176027012577,5,1
2012-03-07 09:04:02.124314+00:00,5.4,11.9,18.16,4813.41672490345,15.79603508500227,-136.47176027012577,5,1
2012-03-07 09:08:02.124314+00:00,5.69,12.51,19.09,4813.41672490345,15.783235442171346,-136.49735955578765,5,1
2012-03-07 09:11:02.124314+00:00,6.28,13.74,20.95,4062.861728397026,15.228037277900428,-137.60775588432946,5,1
2012-03-07 09:16:02.124314+00:00,6.44,14.08,21.47,3450.515210618771,15.163411012618544,-137.73700841489324,5,1
2012-03-07 09:20:02.124314+00:00,25.85,40.0,40.0,3245.7502061050527,14.882779495274836,-138.29827144958065,4,1
2012-03-07 09:25:02.124314+00:00,25.85,40.0,40.0,3040.9852015913348,14.602147977931123,-138.85953448426807,3,1
2012-03-10 11:04:02.126934+00:00,2.83,6.36,9.74,5695.159867665003,20.314013787841713,-129.36821758744247,25,1
2012-03-10 11:05:02.126934+00:00,2.75,6.18,9.45,6088.287314753026,20.490786975914837,-129.01467121129625,27,2
2012-03-10 11:06:02.126934+00:00,2.03,4.59,7.03,8093.3632072109485,20.531403742915657,-128.9334376772946,31,3
2012-03-10 11:07:02.126934+00:00,1.92,4.34,6.65,8171.107575410827,20.634673748284804,-128.7268976665563,33,2
2012-03-10 11:08:02.126934+00:00,1.95,4.41,6.75,10856.556283226551,21.19170239453107,-127.61284037406378,36,2
2012-03-10 11:09:02.126934+00:00,2.01,4.53,6.94,11728.006277836146,21.60549318590891,-126.7852587913081,38,3
2012-03-10 11:10:02.126934+00:00,2.01,4.53,6.94,12111.460281585143,21.58153719658212,-126.83317076996168,41,2
2012-03-10 11:11:02.126934+00:00,2.01,4.53,6.94,11344.552274087146,21.430665468767337,-127.13491422559125,43,3
2012-03-10 11:12:02.126934+00:00,2.01,4.53,6.94,10818.54303341372,21.57809732141638,-126.84005052029316,46,3
2012-03-10 11:13:02.126934+00:00,2.01,4.53,6.94,9428.383396371042,21.50266145750899,-126.99092224810794,48,2
2012-03-10 11:14:02.126934+00:00,2.01,4.53,6.94,8171.107575410827,21.342329650894353,-127.3115858613372,51,3
2012-03-10 11:15:02.126934+00:00,2.01,4.53,6.94,8132.235391310887,21.31010331010001,-127.37603854292588,52,3
2012-03-10 11:16:02.126934+00:00,2.01,4.53,6.94,8132.235391310887,21.31010331010001,-127.37603854292588,52,3
2012-03-10 11:17:02.126934+00:00,1.98,4.47,6.84,8329.657037893478,21.386497559830843,-127.22325004346422,50,2
2012-03-10 11:18:02.126934+00:00,1.98,4.47,6.84,9428.383396371042,21.50266145750899,-126.99092224810794,48,3
2012-03-10 11:19:02.126934+00:00,1.98,4.47,6.84,10818.54303341372,21.57809732141638,-126.84005052029316,46,3
2012-03-10 11:20:02.126934+00:00,1.98,4.47,6.84,10818.54303341372,21.57809732141638,-126.84005052029316,46,2
2012-03-10 11:21:02.126934+00:00,1.95,4.41,6.75,11268.52577446148,21.58153719658212,-126.83317076996168,45,2
2012-03-10 11:22:02.126934+00:00,1.9,4.28,6.55,11306.539024274312,21.596194223855363,-126.80385671541518,42,2
2012-03-10 11:23:02.126934+00:00,1.87,4.21,6.46,8488.206500376127,21.574657446250644,-126.84693027062464,39,3
2012-03-10 11:24:02.126934+00:00,0.01,0.04,0.04,7556.760718668806,21.386497559830843,-127.22325004346422,36,3
2012-03-10 11:25:02.126934+00:00,31.23,40.0,40.0,6721.855286695256,21.31010331010001,-127.37603854292588,34,3
2012-03-10 11:26:02.126934+00:00,27.39,40.0,40.0,4946.6948758428425,21.154379513224768,-127.68748613667638,31,1
2012-03-10 11:27:02.126934+00:00,3.71,8.29,12.67,4520.842565977208,21.15043301842388,-127.69537912627814,29,2
2012-03-10 11:29:02.126934+00:00,1.81,4.08,6.25,3776.5973208778,20.364265596447616,-129.2677139702307,24,1
2012-03-10 11:30:02.126934+00:00,0.01,0.01,0.02,2998.7062467347955,20.28531745482497,-129.42561025347598,21,2
2012-03-10 11:35:02.126934+00:00,4.49,9.96,15.22,2178.951741995627,17.597909903743794,-134.8004253556383,8,1
2012-03-11 06:51:02.124474+00:00,7.34,15.94,24.28,2476.446356965007,19.31445113141459,-132.2782162589651,26,2
2012-03-11 06:52:02.124474+00:00,7.19,15.63,23.81,2476.554599197589,19.31871394069753,-132.26969064039923,29,2
2012-03-11 06:53:02.124474+00:00,0.0,0.0,0.0,2554.551043850808,19.38421880805394,-132.1386809056864,31,3
2012-03-11 06:54:02.124474+00:00,0.01,0.04,0.02,2584.255822179268,19.407719151098952,-132.09168021959638,32,2
2012-03-11 06:55:02.124474+00:00,6.86,14.95,22.78,2584.255822179268,19.407719151098952,-132.09168021959638,34,2
2012-03-11 06:56:02.124474+00:00,6.55,14.3,21.8,2659.3255550863523,19.446450801601948,-132.0142169185904,36,4
2012-03-11 06:57:02.124474+00:00,6.67,14.55,22.17,2613.960600507727,19.431219494143967,-132.04467953350635,37,2
2012-03-11 06:58:02.124474+00:00,6.62,14.46,22.03,2584.255822179268,19.407719151098952,-132.09168021959638,38,3
2012-03-11 06:59:02.124474+00:00,6.64,14.49,22.08,2584.255822179268,19.407719151098952,-132.09168021959638,38,3
2012-03-11 07:00:02.124474+00:00,6.62,14.46,22.03,2584.255822179268,19.407719151098952,-132.09168021959638,38,1
2012-03-11 07:01:02.124474+00:00,6.58,14.36,21.89,2613.960600507727,19.431219494143967,-132.04467953350635,37,3
2012-03-11 07:02:02.124474+00:00,6.61,14.43,21.99,2704.690509664978,19.38421880805394,-132.1386809056864,35,3
2012-03-11 07:03:02.124474+00:00,6.7,14.61,22.27,2706.9952436727126,19.31445113141459,-132.2782162589651,32,2
2012-03-11 07:04:02.124474+00:00,6.58,14.36,21.89,2706.9952436727126,19.31445113141459,-132.2782162589651,30,1
2012-03-11 07:05:02.124474+00:00,6.71,14.64,22.32,2822.9710492945533,19.374966717420747,-132.15718508695278,28,2
2012-03-11 07:06:02.124474+00:00,6.8,14.83,22.6,2936.6421209086584,19.31871394069753,-132.26969064039923,25,1
2012-03-11 07:07:02.124474+00:00,7.3,15.85,24.14,2775.301360708193,19.281987266103982,-132.3431439895863,22,1
2012-03-11 07:08:02.124474+00:00,6.25,13.68,20.85,2584.255822179268,19.401147212418508,-132.10482409695726,20,1
2012-03-13 03:12:02.129554+00:00,6.19,13.55,20.67,5601.237355910678,15.904569431977684,-137.89303405344975,3,1
2012-03-13 03:18:02.129554+00:00,5.57,12.25,18.7,8948.313427520972,16.734259442988787,-136.23365403142753,3,1
2012-03-13 03:24:02.129554+00:00,4.97,10.98,16.77,13657.774088612325,17.844010967198834,-134.01415098300745,3,1
2012-03-13 03:32:02.129554+00:00,4.81,10.65,16.26,14327.78091922601,17.922165301961336,-133.85784231348245,3,1
2012-03-13 03:36:02.129554+00:00,4.78,10.58,16.16,17938.994308861944,18.30331754255075,-133.09553783230362,3,1
2012-03-13 14:47:02.128324+00:00,6.73,14.67,22.36,3088.8135590939905,14.099512908599063,-138.9283633760871,3,1
2012-03-13 15:05:02.128324+00:00,5.54,12.19,18.6,4995.977776657162,15.441855834319956,-136.24367752464534,3,1
2012-03-13 15:12:02.128324+00:00,5.31,11.7,17.87,5296.971449601041,15.465223111610229,-136.19694297006478,3,1
2012-03-13 15:20:02.128324+00:00,4.36,9.68,14.79,6461.43597978847,15.818362529696074,-135.4906641338931,3,1
2012-03-13 15:26:02.128324+00:00,4.28,9.5,14.52,6461.43597978847,15.818362529696074,-135.4906641338931,3,1
2012-03-13 15:35:02.128324+00:00,4.49,9.96,15.22,3737.5171406744767,14.66098439348779,-137.80542040630968,5,1
2012-03-13 15:38:02.128324+00:00,4.57,10.13,15.48,2800.3599253953935,14.257667378080018,-138.6120544371252,5,1
2012-03-13 15:40:02.128324+00:00,4.57,10.13,15.48,2800.3599253953935,14.257667378080018,-138.6120544371252,5,1
2012-03-13 15:44:02.128324+00:00,4.51,10.0,15.27,2800.1579309639355,14.250820936615272,-138.6257473200547,6,1
2012-03-13 15:46:02.128324+00:00,4.47,9.93,15.17,2800.3599253953935,14.257667378080018,-138.6120544371252,5,1
2012-03-13 15:50:02.128324+00:00,4.57,10.13,15.48,2800.1579309639355,14.250820936615272,-138.6257473200547,4,1
2012-03-13 16:08:02.128324+00:00,4.68,10.37,15.85,3840.05680685604,14.773179276992805,-137.58103063929963,3,1
2012-03-13 16:16:02.128324+00:00,5.12,11.31,17.27,5923.614329694537,15.962762379838455,-135.20186443360834,3,1
2012-03-13 16:23:02.128324+00:00,5.2,11.48,17.52,5923.614329694537,15.982400979127288,-135.16258723503068,3,1
2012-03-13 16:29:02.128324+00:00,5.31,11.7,17.87,5652.450386159934,15.982400979127288,-135.16258723503068,3,1
2012-03-13 16:35:02.128324+00:00,5.15,11.38,17.37,4742.870674085797,15.759803712298496,-135.60778176868826,3,1
2012-03-13 16:44:02.128324+00:00,5.46,12.03,18.36,3898.320700098664,14.71758285524858,-137.6922234827881,3,1
2012-03-13 16:51:02.128324+00:00,6.91,15.05,22.92,3526.2424320929067,14.650195137779722,-137.8269989177258,3,1
2012-03-14 19:36:02.125864+00:00,2.11,4.77,7.3,10382.030549244702,17.601675021869102,-132.0289319816406,3,1
2012-03-14 19:41:02.125864+00:00,2.11,4.77,7.3,10382.030549244702,17.601675021869102,-132.0289319816406,3,1
2012-03-14 19:44:02.125864+00:00,2.11,4.77,7.3,10382.030549244702,17.601675021869102,-132.0289319816406,3,1
2012-03-14 20:14:02.125864+00:00,1.03,2.32,3.56,3234.412315681524,15.218266881915063,-136.79574826154868,3,1
2012-03-14 20:18:02.125864+00:00,1.03,2.32,3.56,3234.412315681524,15.218266881915063,-136.79574826154868,3,1
2012-03-14 20:23:02.125864+00:00,1.21,2.74,4.2,4021.612678707462,15.622314750773704,-135.9876525238314,4,1
2012-03-14 20:33:02.125864+00:00,2.68,6.03,9.23,2857.438050769785,14.936514350391622,-137.35925332459556,4,1
2012-03-14 20:38:02.125864+00:00,3.92,8.74,13.36,3472.7783178110303,14.980576549599792,-137.27112892617922,4,1
2012-03-14 20:41:02.125864+00:00,3.92,8.74,13.36,4183.932165716369,15.306391280331406,-136.619499464716,5,1
2012-03-14 20:46:02.125864+00:00,4.01,8.92,13.64,3460.7464250996804,15.120900155410482,-136.99048171455783,5,1
2012-03-14 20:50:02.125864+00:00,4.04,9.0,13.76,3822.339295408025,15.213645717870945,-136.80499058963693,4,1
2012-03-14 20:55:02.125864+00:00,4.39,9.75,14.9,3822.339295408025,15.213645717870945,-136.80499058963693,4,1
2012-03-15 17:35:02.123404+00:00,5.12,11.31,17.27,2586.976031557745,14.282971769129144,-136.67431192562535,4,1
2012-03-15 17:39:02.123404+00:00,5.19,11.44,17.47,2379.5312432489827,14.121290355813288,-136.9976747522571,5,1
2012-03-15 17:44:02.123404+00:00,4.95,10.95,16.72,2379.5312432489827,14.121290355813288,-136.9976747522571,7,1
2012-03-15 17:45:02.123404+00:00,5.71,12.54,19.13,2658.885782767567,14.43494420508188,-136.37036705371992,7,1
2012-03-15 17:48:02.123404+00:00,5.63,12.38,18.89,2726.653301317037,14.439798693763445,-136.3606580763568,8,1
2012-03-15 17:50:02.123404+00:00,5.58,12.29,18.75,2658.885782767567,14.43494420508188,-136.37036705371992,7,1
2012-03-15 17:52:02.123404+00:00,5.52,12.16,18.55,2589.558198085904,14.463728060332356,-136.31279934321896,8,1
2012-03-15 17:54:02.123404+00:00,5.49,12.09,18.45,2589.558198085904,14.463728060332356,-136.31279934321896,8,1
2012-03-15 17:58:02.123404+00:00,5.58,12.29,18.75,2649.805972179788,14.463728060332356,-136.31279934321896,6,1
2012-03-15 18:00:02.123404+00:00,5.43,11.96,18.26,2658.885782767567,14.492511915582831,-136.25523163271802,7,1
2012-03-15 18:04:02.123404+00:00,5.08,11.21,17.12,3018.147576642189,15.043384451738945,-135.15348656040578,7,1
2012-03-15 18:09:02.123404+00:00,3.16,7.07,10.82,2811.738059086494,14.490262670500147,-136.2597301228834,6,1
2012-03-15 18:12:02.123404+00:00,2.79,6.27,9.6,3302.0058168354153,14.77459405368412,-135.69106735651545,6,1
2012-03-15 18:14:02.123404+00:00,2.66,5.98,9.16,3621.261677089851,15.061174681950773,-135.11790609998212,7,1
2012-03-15 18:18:02.123404+00:00,2.62,5.89,9.01,3656.3907329676736,15.165161255893327,-134.90993295209702,8,1
2012-03-15 18:20:02.123404+00:00,2.34,5.27,8.07,4317.03998434096,15.914010022244756,-133.41223541939416,8,1
2012-03-15 18:22:02.123404+00:00,2.34,5.27,8.07,4317.03998434096,15.914010022244756,-133.41223541939416,8,1
2012-03-15 18:26:02.123404+00:00,1.87,4.21,6.46,5088.49627272231,16.872953311931308,-131.49434884002108,8,1
2012-03-15 18:28:02.123404+00:00,1.87,4.21,6.46,5088.49627272231,16.872953311931308,-131.49434884002108,8,1
2012-03-15 18:29:02.123404+00:00,1.65,3.73,5.72,5088.49627272231,16.872953311931308,-131.49434884002108,8,1
2012-03-15 18:32:02.123404+00:00,1.45,3.27,5.01,4851.655951606296,16.83060362011883,-131.57904822364603,8,1
2012-03-15 18:35:02.123404+00:00,1.12,2.54,3.89,4851.655951606296,16.73477070093172,-131.77071406202026,8,1
2012-03-15 18:38:02.123404+00:00,0.8,1.81,2.78,5234.432365608196,16.89436187769892,-131.45153170848585,7,1
2012-03-15 18:40:02.123404+00:00,0.02,0.04,0.09,5234.432365608196,16.843573453824128,-131.55310855623543,7,1
2012-03-15 18:42:02.123404+00:00,0.92,2.08,3.19,5234.432365608196,16.843573453824128,-131.55310855623543,7,1
2012-03-15 18:46:02.123404+00:00,1.37,3.1,4.76,4760.751723376168,16.692336420423548,-131.85558262303658,7,1
2012-03-15 18:49:02.123404+00:00,1.62,3.66,5.61,3717.225401020006,15.503036569466373,-134.23418232495092,7,1
2012-03-15 18:53:02.123404+00:00,1.37,3.1,4.76,4245.819344308875,15.584472869677406,-134.07130972452887,6,1
2012-03-15 18:56:02.123404+00:00,1.48,3.35,5.14,3380.457706537097,15.160638811344633,-134.91897784119442,6,1
2012-03-15 18:57:02.123404+00:00,1.45,3.27,5.01,3043.690012054188,14.81824105322289,-135.60377335743792,7,1
2012-03-15 19:01:02.123404+00:00,3.35,7.49,11.46,2765.0652820503556,14.460454910686344,-136.319345642511,8,1
2012-03-15 19:04:02.123404+00:00,3.4,7.61,11.65,2568.4580106575813,14.361675780820892,-136.5169039022419,8,1
2012-03-15 19:06:02.123404+00:00,3.37,7.53,11.52,2678.6723683501705,14.375689808799418,-136.48887584628486,7,1
2012-03-15 19:08:02.123404+00:00,3.92,8.74,13.36,2654.850924357766,14.460454910686344,-136.319345642511,8,1
2012-03-15 19:10:02.123404+00:00,3.92,8.74,13.36,2851.45819575054,14.545220012573273,-136.14981543873714,9,1
2012-03-15 19:12:02.123404+00:00,4.81,10.65,16.26,2654.850924357766,14.460454910686344,-136.319345642511,8,1
2012-03-15 19:16:02.123404+00:00,5.05,11.15,17.02,2458.2436529649917,14.375689808799418,-136.48887584628486,9,1
2012-03-15 19:18:02.123404+00:00,30.01,40.0,40.0,2442.487615944158,14.227513798566502,-136.7852278667507,8,1
2012-03-15 19:20:02.123404+00:00,5.48,12.06,18.41,2458.2436529649917,14.079337788333584,-137.08157988721652,7,1
2012-03-15 19:23:02.123404+00:00,5.2,11.48,17.52,2582.3704216316055,14.395634298030291,-136.4489868678231,6,1
2012-03-15 19:24:02.123404+00:00,5.2,11.48,17.52,2582.3704216316055,14.395634298030291,-136.4489868678231,6,1
2012-03-15 19:27:02.123404+00:00,5.68,12.48,19.04,2120.9080295850063,13.829362325388267,-137.58153081310715,5,1
2012-03-16 17:48:02.120944+00:00,29.46,40.0,40.0,2308.772275580924,17.457209748521496,-127.94139712484753,6,1
2012-03-16 17:49:02.120944+00:00,29.41,40.0,40.0,2308.772275580924,17.457209748521496,-127.94139712484753,6,1
2012-03-16 17:50:02.120944+00:00,29.46,40.0,40.0,2308.772275580924,17.457209748521496,-127.94139712484753,6,1
2012-03-16 17:51:02.120944+00:00,29.95,40.0,40.0,2308.772275580924,17.457209748521496,-127.94139712484753,6,1
2012-03-16 17:54:02.120944+00:00,30.18,40.0,40.0,2308.772275580924,17.457209748521496,-127.94139712484753,6,1
2012-03-16 17:57:02.120944+00:00,30.81,40.0,40.0,2308.772275580924,17.457209748521496,-127.94139712484753,6,1
2012-03-17 00:02:02.129714+00:00,21.11,40.0,40.0,1960.6453158513257,16.998732098559458,-134.049122911095,3,1
2012-03-17 00:04:02.129714+00:00,21.11,40.0,40.0,1960.6453158513257,16.998732098559458,-134.049122911095,3,2
2012-03-17 17:52:02.128484+00:00,6.31,13.8,21.04,2263.022124876595,14.24933133836462,-141.85143874081132,3,1
2012-03-17 18:01:02.128484+00:00,5.9,12.95,19.76,2742.0983245750763,14.35289440809132,-141.6443126013579,3,1
2012-03-17 18:06:02.128484+00:00,5.62,12.35,18.84,2249.6769398880087,14.124862569974372,-142.1003762775918,3,1
2012-03-17 18:12:02.128484+00:00,5.68,12.48,19.04,3231.892610914577,14.829025389815932,-140.69205063790866,3,1
2012-03-17 18:17:02.128484+00:00,5.81,12.76,19.47,2475.536708523914,14.327878733716569,-141.69434395010742,3,1
2012-03-17 18:23:02.128484+00:00,5.86,12.86,19.62,3398.722436793223,15.142951914554947,-140.06419758843066,3,1
2012-03-17 18:30:02.128484+00:00,5.81,12.76,19.47,3732.9772799089337,15.30050884123565,-139.74908373506923,4,1
2012-03-17 18:34:02.128484+00:00,5.72,12.57,19.18,4282.17003293932,15.458492425521897,-139.43311656649678,4,1
2012-03-17 18:38:02.128484+00:00,5.62,12.35,18.84,4067.232123024643,15.458065767916356,-139.43396988170784,5,1
2012-03-17 18:43:02.128484+00:00,5.58,12.29,18.75,4282.17003293932,15.458492425521897,-139.43311656649678,4,1
2012-03-17 18:47:02.128484+00:00,5.26,11.61,17.72,4238.845021269464,15.346555653383891,-139.65699011077277,4,1
2012-03-17 18:56:02.128484+00:00,5.49,12.09,18.45,3980.582099684932,15.234192223640347,-139.88171697025984,3,1
2012-03-17 19:01:02.128484+00:00,5.6,12.32,18.8,4110.555797291396,15.279597607194347,-139.79090620315185,4,1
2012-03-17 19:06:02.128484+00:00,5.75,12.64,19.28,4031.7306957243054,15.278960848286305,-139.79217972096794,5,1
2012-03-17 19:10:02.128484+00:00,5.87,12.89,19.66,4031.7306957243054,15.28023436610239,-139.7896326853358,5,1
2012-03-17 19:14:02.128484+00:00,5.81,12.76,19.47,4189.380898858485,15.335252452544834,-139.67959651245087,5,1
2012-03-17 19:18:02.128484+00:00,5.83,12.8,19.52,4092.368533398528,15.30710665041557,-139.73588811670942,4,1
2012-03-17 19:23:02.128484+00:00,5.71,12.54,19.13,3906.39972121146,15.43656184747079,-139.47697772259897,4,1
2012-03-17 19:29:02.128484+00:00,5.58,12.29,18.75,3835.871513400643,15.35005753838342,-139.64998634077372,4,1
2012-03-17 19:34:02.128484+00:00,5.52,12.16,18.55,3565.4140488458215,15.06683083620204,-140.21643974513648,4,1
2012-03-17 19:38:02.128484+00:00,5.52,12.16,18.55,3817.44327448435,15.162243834370097,-140.02561374880037,5,1
2012-03-17 19:42:02.128484+00:00,5.68,12.48,19.04,3854.299752316936,15.162243834370097,-140.02561374880037,5,1
2012-03-17 19:47:02.128484+00:00,5.84,12.83,19.57,3366.891937647004,14.971417838033986,-140.4072657414726,5,1
2012-03-17 19:52:02.128484+00:00,5.84,12.83,19.57,3789.932212530776,15.16913494370852,-140.01183153012352,4,1
2012-03-17 19:56:02.128484+00:00,6.07,13.3,20.28,4212.972487414548,15.366852049383056,-139.61639731877443,3,1
2012-03-18 16:21:02.126025+00:00,6.41,14.02,21.37,3226.5856809220563,14.954735271609325,-142.84504477302536,3,1
2012-03-18 16:24:02.126025+00:00,6.37,13.93,21.23,3084.599468307318,14.94807576328093,-142.85836378968213,4,1
2012-03-18 16:28:02.126025+00:00,6.2,13.58,20.71,3226.5856809220563,14.954735271609325,-142.84504477302536,5,1
2012-03-18 16:31:02.126025+00:00,6.31,13.8,21.04,3226.5856809220563,15.204409695593474,-142.34569592505704,5,1
2012-03-18 16:36:02.126025+00:00,6.22,13.61,20.76,3280.039781233361,15.24358241915632,-142.26735047793136,5,1
2012-03-18 16:40:02.126025+00:00,6.17,13.52,20.62,4083.755173584845,15.592717015152475,-141.56908128593903,5,1
2012-03-18 16:43:02.126025+00:00,6.16,13.49,20.57,4159.7268290862485,15.701240189593149,-141.3520349370577,5,1
2012-03-18 16:48:02.126025+00:00,6.07,13.3,20.28,4884.35400777546,15.91801620774497,-140.91848290075407,5,1
2012-03-18 16:52:02.126025+00:00,5.95,13.05,19.9,5919.476298161357,16.350699028268203,-140.0531172597076,5,1
2012-03-18 16:57:02.126025+00:00,5.62,12.35,18.84,6036.66860628689,16.381759421160236,-139.99099647392353,5,1
2012-03-18 17:00:02.126025+00:00,5.65,12.41,18.94,5978.0724522241235,16.366229224714218,-140.02205686681555,6,1
2012-03-18 17:04:02.126025+00:00,5.48,12.06,18.41,7064.452173465396,16.700216612047434,-139.35408209214913,6,1
2012-03-18 17:08:02.126025+00:00,5.31,11.7,17.87,8156.729350348492,17.07142367211499,-138.61166797201403,6,1
2012-03-18 17:10:02.126025+00:00,5.08,11.21,17.12,8092.235740643902,17.04973419582667,-138.65504692459066,5,1
2012-03-18 17:14:02.126025+00:00,5.58,12.29,18.75,4905.805112095993,16.10328859707297,-140.54793812209806,5,1
2012-03-18 17:17:02.126025+00:00,5.49,12.09,18.45,6563.514036074537,16.59820087273814,-139.55811357076772,6,1
2012-03-18 17:20:02.126025+00:00,5.46,12.03,18.36,9311.770262194546,17.252189327474174,-138.25013666129567,5,1
2012-03-18 17:24:02.126025+00:00,5.45,12.0,18.31,8221.22296005308,17.093113148403305,-138.5682890194374,5,1
2012-03-18 17:29:02.126025+00:00,5.49,12.09,18.45,9340.03990365995,17.49068167226901,-137.77315197170597,5,1
2012-03-18 17:33:02.126025+00:00,5.6,12.32,18.8,9340.03990365995,17.49068167226901,-137.77315197170597,5,1
2012-03-18 17:37:02.126025+00:00,5.66,12.45,18.99,7156.529118382834,16.99451339927399,-138.765488517696,5,1
2012-03-18 17:42:02.126025+00:00,5.71,12.54,19.13,7156.529118382834,16.99451339927399,-138.765488517696,5,1
2012-03-18 17:47:02.126025+00:00,5.72,12.57,19.18,7156.529118382834,16.99451339927399,-138.765488517696,5,1
2012-03-18 17:51:02.126025+00:00,5.8,12.73,19.42,7156.529118382834,16.99451339927399,-138.765488517696,5,1
2012-03-18 17:56:02.126025+00:00,5.84,12.83,19.57,7445.144071589659,17.061163219949453,-138.63218887634508,6,1
2012-03-18 17:59:02.126025+00:00,5.87,12.89,19.66,7760.29577826907,17.132989944219624,-138.48853542780475,6,1
2012-03-18 18:02:02.126025+00:00,6.16,13.49,20.57,7753.039837187119,17.116960192702653,-138.52059493083868,5,1
2012-03-18 18:06:02.126025+00:00,6.13,13.43,20.48,7767.551719351021,17.116960192702653,-138.52059493083868,5,1
2012-03-18 18:09:02.126025+00:00,6.17,13.52,20.62,7767.551719351021,17.099464361614846,-138.5555865930143,5,1
2012-03-18 18:13:02.126025+00:00,6.26,13.71,20.9,8053.134640143157,17.005366247196253,-138.7437828218515,5,1
2012-03-18 18:17:02.126025+00:00,6.52,14.24,21.7,8053.134640143157,16.911995055062683,-138.93052520611863,5,1
2012-03-18 18:20:02.126025+00:00,6.55,14.3,21.8,7883.454345825435,16.911995055062683,-138.93052520611863,5,1
2012-03-18 18:24:02.126025+00:00,6.53,14.27,21.75,7883.454345825435,16.911995055062683,-138.93052520611863,5,1
2012-03-18 18:27:02.126025+00:00,6.53,14.27,21.75,7883.454345825435,16.911995055062683,-138.93052520611863,5,1
2012-03-18 18:31:02.126025+00:00,6.52,14.24,21.7,7112.598435250227,16.911995055062683,-138.93052520611863,5,1
2012-03-18 18:35:02.126025+00:00,6.34,13.86,21.14,5159.311107291165,16.25671000672926,-140.24109530278548,5,1
2012-03-18 18:39:02.126025+00:00,6.49,14.18,21.61,5159.311107291165,16.19052604051913,-140.37346323520575,5,1
2012-03-18 18:42:02.126025+00:00,7.18,15.6,23.77,4251.189751969891,15.730250663638838,-141.29401398896633,5,1
2012-03-18 18:46:02.126025+00:00,7.28,15.82,24.09,3947.661392919342,15.730250663638838,-141.29401398896633,5,1
2012-03-18 18:51:02.126025+00:00,7.37,16.0,24.37,3947.661392919342,15.730250663638838,-141.29401398896633,5,1
2012-03-18 18:54:02.126025+00:00,7.42,16.1,24.51,3947.661392919342,15.730250663638838,-141.29401398896633,5,1
2012-03-18 18:58:02.126025+00:00,7.39,16.04,24.42,3125.5706397019803,15.081556483418478,-142.59140234940705,5,1
2012-03-18 19:03:02.126025+00:00,7.51,16.28,24.8,3117.4345124593688,15.081556483418478,-142.59140234940705,5,1
2012-03-18 19:07:02.126025+00:00,7.46,16.19,24.65,3117.4345124593688,15.081556483418478,-142.59140234940705,5,1
2012-03-18 19:10:02.126025+00:00,7.72,16.72,25.45,2490.682798579517,14.581780684047027,-143.59095394814997,5,1
2012-03-18 19:14:02.126025+00:00,7.78,16.84,25.64,2334.5483046260015,14.50036703732068,-143.75378124160264,4,1
2012-03-18 19:18:02.126025+00:00,7.91,17.12,26.06,2178.4138106724863,14.418953390594334,-143.91660853505533,3,1
2012-03-19 20:14:02.123565+00:00,7.03,15.29,23.3,2710.131160254299,15.05075153669852,-142.6338096113018,4,1
2012-03-19 20:17:02.123565+00:00,6.98,15.2,23.16,2710.131160254299,15.05075153669852,-142.6338096113018,6,1
2012-03-19 20:20:02.123565+00:00,6.83,14.89,22.69,2710.131160254299,14.948058695127926,-142.83919529444302,8,1
2012-03-19 20:22:02.123565+00:00,6.2,13.58,20.71,2790.0002266844726,14.964740986321925,-142.805830712055,11,1
2012-03-19 20:24:02.123565+00:00,5.8,12.73,19.42,2837.0557049715976,15.17634589033992,-142.382620904019,13,1
2012-03-19 20:26:02.123565+00:00,5.63,12.38,18.89,3041.1507905811523,15.282118904072192,-142.17107487655448,14,1
2012-03-19 20:27:02.123565+00:00,5.62,12.35,18.84,3960.962086666833,15.45004598358646,-141.83522071752594,15,1
2012-03-19 20:30:02.123565+00:00,5.48,12.06,18.41,4118.066617985223,15.67917473408654,-141.37696321652578,19,1
2012-03-19 20:31:02.123565+00:00,5.46,12.03,18.36,4118.066617985223,15.67917473408654,-141.37696321652578,19,2
2012-03-19 20:32:02.123565+00:00,5.4,11.9,18.16,4118.066617985223,15.67917473408654,-141.37696321652578,19,1
2012-03-19 20:33:02.123565+00:00,5.4,11.9,18.16,4039.514352326028,15.677033265092891,-141.38124615451306,20,1
2012-03-19 20:34:02.123565+00:00,5.4,11.9,18.16,4039.514352326028,15.677033265092891,-141.38124615451306,20,1
2012-03-19 20:35:02.123565+00:00,5.37,11.83,18.06,4039.514352326028,15.677033265092891,-141.38124615451306,20,1
2012-03-19 20:36:02.123565+00:00,5.32,11.74,17.92,4118.066617985223,15.67917473408654,-141.37696321652578,21,2
2012-03-19 20:37:02.123565+00:00,5.32,11.74,17.92,3710.571444726237,15.636630594555845,-141.46205149558716,22,1
2012-03-19 20:38:02.123565+00:00,5.23,11.54,17.62,4659.929090566166,15.67917473408654,-141.37696321652578,23,3
2012-03-19 20:39:02.123565+00:00,5.19,11.44,17.47,4890.496392547662,15.859253081498792,-141.01680652170126,24,1
2012-03-19 20:41:02.123565+00:00,5.09,11.25,17.17,5300.310588991855,16.40825785134501,-139.91879698200887,24,1
2012-03-19 20:42:02.123565+00:00,5.05,11.15,17.02,5300.310588991855,16.40825785134501,-139.91879698200887,22,1
2012-03-19 20:43:02.123565+00:00,5.11,11.28,17.22,5479.557483454552,16.510698988524144,-139.7139147076506,23,1
2012-03-19 20:45:02.123565+00:00,5.12,11.31,17.27,6414.389405614957,16.56008955185644,-139.61513358098597,25,2
2012-03-19 20:46:02.123565+00:00,4.55,10.1,15.43,6557.412987325821,16.57270326484212,-139.5899061550146,24,1
2012-03-19 20:47:02.123565+00:00,4.47,9.93,15.17,5946.973444534755,16.53539427019029,-139.66452414431828,24,1
2012-03-19 20:48:02.123565+00:00,4.47,9.93,15.17,6414.389405614957,16.56008955185644,-139.61513358098597,23,2
2012-03-19 20:49:02.123565+00:00,4.42,9.82,15.01,5946.973444534755,16.54800798317597,-139.63929671834694,20,2
2012-03-19 20:50:02.123565+00:00,4.42,9.82,15.01,5946.973444534755,16.54800798317597,-139.63929671834694,20,1
2012-03-19 20:52:02.123565+00:00,4.42,9.82,15.01,5946.973444534755,16.54800798317597,-139.63929671834694,18,1
2012-03-19 20:53:02.123565+00:00,4.42,9.82,15.01,6414.389405614957,16.585316977827794,-139.5646787290433,17,2
2012-03-19 20:54:02.123565+00:00,4.42,9.82,15.01,6414.389405614957,16.585316977827794,-139.5646787290433,17,1
2012-03-19 20:55:02.123565+00:00,4.42,9.82,15.01,7174.120784130789,16.747782664960692,-139.23974735477748,17,2
2012-03-19 20:56:02.123565+00:00,4.42,9.82,15.01,6414.389405614957,16.585316977827794,-139.5646787290433,19,1
2012-03-19 20:57:02.123565+00:00,4.44,9.86,15.06,7174.120784130789,16.747782664960692,-139.23974735477748,17,1
2012-03-19 21:05:02.123565+00:00,2.22,5.0,7.65,5433.071185992471,16.232085667699142,-140.27114134930056,19,2
2012-03-19 21:06:02.123565+00:00,4.31,9.57,14.63,5433.071185992471,16.232085667699142,-140.27114134930056,19,2
2012-03-19 21:07:02.123565+00:00,4.03,8.96,13.7,5433.071185992471,16.437098438616275,-139.86111580746632,19,1
2012-03-19 21:08:02.123565+00:00,4.03,8.96,13.7,5433.071185992471,16.437098438616275,-139.86111580746632,19,1
2012-03-19 21:09:02.123565+00:00,4.03,8.96,13.7,5010.911148615505,16.334592053157706,-140.06612857838343,20,2
2012-03-19 21:10:02.123565+00:00,4.11,9.14,13.98,5010.911148615505,16.334592053157706,-140.06612857838343,22,1
2012-03-19 21:11:02.123565+00:00,4.11,9.14,13.98,5010.911148615505,16.334592053157706,-140.06612857838343,22,3
2012-03-19 21:13:02.123565+00:00,4.08,9.07,13.87,5476.245455137025,16.47175667452827,-139.79179933564234,24,2
2012-03-19 21:14:02.123565+00:00,4.09,9.11,13.92,5547.206219132625,16.47175667452827,-139.79179933564234,26,2
2012-03-19 21:16:02.123565+00:00,3.99,8.89,13.59,5574.992713983673,16.506414910440263,-139.72248286381836,23,2
2012-03-19 21:17:02.123565+00:00,3.99,8.89,13.59,5574.992713983673,16.506414910440263,-139.72248286381836,25,1
2012-03-19 21:19:02.123565+00:00,4.06,9.04,13.81,5433.071185992471,16.380031035126635,-139.9752506144456,23,2
2012-03-19 21:20:02.123565+00:00,4.04,9.0,13.76,5433.071185992471,16.380031035126635,-139.9752506144456,23,1
2012-03-19 21:22:02.123565+00:00,4.79,10.61,16.21,4487.171691658297,16.506414910440263,-139.72248286381836,23,1
2012-03-19 21:23:02.123565+00:00,4.87,10.78,16.46,4412.795523401402,16.506414910440263,-139.72248286381836,23,2
2012-03-19 21:24:02.123565+00:00,4.94,10.91,16.67,5031.082202820985,16.606140007284186,-139.52303267013048,22,1
2012-03-19 21:26:02.123565+00:00,4.91,10.85,16.56,4449.98360752985,16.606140007284186,-139.52303267013048,22,2
2012-03-19 21:27:02.123565+00:00,5.06,11.18,17.07,4993.894118692537,16.606140007284186,-139.52303267013048,20,1
2012-03-19 21:28:02.123565+00:00,5.06,11.18,17.07,4993.894118692537,16.606140007284186,-139.52303267013048,20,1
2012-03-19 21:30:02.123565+00:00,5.29,11.67,17.82,5641.516847213718,16.993403519175523,-138.7485056463478,18,1
2012-03-19 21:31:02.123565+00:00,5.29,11.67,17.82,5574.992713983673,16.698185190222482,-139.3389423042539,19,2
2012-03-19 21:32:02.123565+00:00,5.54,12.19,18.6,5641.516847213718,16.88241771272242,-138.970477259254,20,2
2012-03-19 21:33:02.123565+00:00,5.54,12.19,18.6,5428.939292952986,16.803302203291807,-139.12870827811523,20,1
2012-03-19 21:34:02.123565+00:00,5.65,12.41,18.94,5585.773973350504,17.10245967181112,-138.5303933410766,20,1
2012-03-19 21:35:02.123565+00:00,5.65,12.41,18.94,5149.837605462208,17.06665023522236,-138.60201221425413,21,1
2012-03-19 21:36:02.123565+00:00,5.71,12.54,19.13,6021.7103412388005,17.13826910839988,-138.4587744678991,21,1
2012-03-19 21:39:02.123565+00:00,5.74,12.6,19.23,5585.773973350504,17.08645213876162,-138.5624084071756,22,1
2012-03-19 21:41:02.123565+00:00,5.87,12.89,19.66,4781.316564431805,16.803302203291807,-139.12870827811523,22,2
2012-03-19 21:42:02.123565+00:00,5.93,13.02,19.86,4091.236389809293,16.43501626605604,-139.8652801525868,22,1
2012-03-19 21:43:02.123565+00:00,5.95,13.05,19.9,4091.236389809293,16.15230004555174,-140.4307125935954,22,2
2012-03-19 21:44:02.123565+00:00,6.01,13.17,20.09,3759.818659916392,15.911796034289887,-140.91172061611906,22,2
2012-03-19 21:46:02.123565+00:00,6.04,13.24,20.19,4091.236389809293,16.15230004555174,-140.4307125935954,20,1
2012-03-19 21:47:02.123565+00:00,6.05,13.27,20.24,3995.434007176448,15.948662383337297,-140.83798791802425,21,2
2012-03-19 21:48:02.123565+00:00,6.07,13.3,20.28,3995.434007176448,15.948662383337297,-140.83798791802425,23,2
2012-03-19 21:49:02.123565+00:00,6.38,13.96,21.28,3995.434007176448,15.874929685242485,-140.98545331421388,23,1
2012-03-19 21:51:02.123565+00:00,6.37,13.93,21.23,4020.1723673715496,15.79351018496214,-141.14829231477458,24,2
2012-03-19 21:52:02.123565+00:00,6.31,13.8,21.04,3236.492699137658,15.5992476437548,-141.53681739718925,23,2
2012-03-19 21:53:02.123565+00:00,6.31,13.8,21.04,3194.21986178051,15.368644634336516,-141.99802341602583,23,2
2012-03-19 21:56:02.123565+00:00,6.52,14.24,21.7,3087.627794261911,15.348150796370524,-142.0390110919578,19,1
2012-03-19 21:57:02.123565+00:00,6.68,14.58,22.22,3049.781328949318,15.332343949960116,-142.07062478477863,18,1
2012-03-19 21:58:02.123565+00:00,6.77,14.77,22.5,2948.62233703262,15.135657440316766,-142.46399780406534,16,2
2012-03-19 22:00:02.123565+00:00,6.73,14.67,22.36,2880.717000840939,14.895055835525511,-142.94520101364782,14,1
2012-03-19 22:01:02.123565+00:00,6.68,14.58,22.22,2885.309810428515,14.8353338939672,-143.06464489676446,13,2
2012-03-19 22:02:02.123565+00:00,6.73,14.67,22.36,2986.468802345213,15.151464286727176,-142.43238411124452,10,1
2012-03-20 23:23:02.121105+00:00,1.48,3.35,5.14,9249.813579876827,18.34091606927368,-135.6069103109746,3,1
2012-03-21 00:14:02.129875+00:00,4.41,9.79,14.95,4371.198529273051,15.094495463667602,-137.4468557497528,3,1
2012-03-21 00:21:02.129875+00:00,4.7,10.41,15.9,6851.984786978835,15.832622763484652,-135.9706011501187,3,1
2012-03-21 00:28:02.129875+00:00,4.79,10.61,16.21,6851.984786978835,15.832622763484652,-135.9706011501187,3,1
2012-03-21 00:35:02.129875+00:00,5.93,13.02,19.86,5308.810791507938,15.446017482183814,-136.7438117127204,3,1
2012-03-21 00:41:02.129875+00:00,6.19,13.55,20.67,3369.460546415394,14.473979866366328,-138.68788694435537,5,1
2012-03-21 00:46:02.129875+00:00,6.46,14.11,21.52,2929.007907406352,14.046390895291315,-139.5430648865054,4,1
2012-03-21 00:50:02.129875+00:00,6.4,13.99,21.33,2488.5552683973096,13.618801924216308,-140.3982428286554,5,1
2012-03-21 00:51:02.129875+00:00,6.52,14.24,21.7,2488.5552683973096,13.618801924216308,-140.3982428286554,5,1
2012-03-21 00:57:02.129875+00:00,6.35,13.9,21.19,2274.343354192976,13.516148996474309,-140.6035486841394,4,1
2012-03-22 01:49:02.127415+00:00,6.7,14.61,22.27,2368.8975018002147,14.503887601688636,-138.7341663180182,3,1
2012-03-22 01:55:02.127415+00:00,6.13,13.43,20.48,3193.160046450902,14.880786744284872,-137.98036803282574,4,1
2012-03-22 01:56:02.127415+00:00,6.13,13.43,20.48,2368.8975018002147,14.503887601688636,-138.7341663180182,5,1
2012-03-22 02:02:02.127415+00:00,5.32,11.74,17.92,4017.4225911015897,15.257685886881108,-137.22656974763328,5,1
2012-03-22 02:05:02.127415+00:00,5.31,11.7,17.87,3398.0624839346765,14.797368615929567,-138.14720428953635,6,1
2012-03-22 02:08:02.127415+00:00,5.14,11.34,17.32,5600.375580973445,15.958947168076367,-135.82404718524273,5,1
2012-03-22 02:12:02.127415+00:00,5.12,11.31,17.27,4189.538978870603,15.178527811806918,-137.38488589778166,6,1
2012-03-22 02:15:02.127415+00:00,4.94,10.91,16.67,2778.702376767763,14.398108455537466,-138.94572461032055,5,1
2012-03-22 02:18:02.127415+00:00,4.89,10.81,16.51,4189.538978870603,15.256069384047898,-137.22980275329968,4,1
2012-03-22 02:33:02.127415+00:00,3.75,8.36,12.79,5075.762248035074,15.825933656810404,-136.09007420777465,3,1
2012-03-22 02:39:02.127415+00:00,3.42,7.65,11.71,4584.111168265182,15.686523817865858,-136.36889388566374,4,1
2012-03-22 02:42:02.127415+00:00,4.03,8.96,13.7,5075.762248035074,15.825933656810404,-136.09007420777465,5,1
2012-03-22 02:45:02.127415+00:00,3.8,8.48,12.96,6035.104525764135,16.222021607918713,-135.29789830555805,5,1
2012-03-22 02:50:02.127415+00:00,4.03,8.96,13.7,5673.990283605568,16.047859583091938,-135.6462223552116,6,1
2012-03-22 02:53:02.127415+00:00,3.94,8.78,13.42,6035.104525764135,16.222021607918713,-135.29789830555805,5,1
2012-03-22 02:57:02.127415+00:00,3.44,7.7,11.77,6407.705356828964,16.501867684140734,-134.73820615311402,5,1
2012-03-22 02:59:02.127415+00:00,3.39,7.57,11.58,6407.705356828964,16.501867684140734,-134.73820615311402,5,1
2012-03-22 03:05:02.127415+00:00,0.92,2.08,3.19,7891.179337600299,16.706645029334197,-134.32865146272707,4,1
2012-03-22 03:11:02.127415+00:00,0.97,2.21,3.38,7321.674020912051,16.510524736406392,-134.7208920485827,3,1
2012-03-22 03:18:02.127415+00:00,1.95,4.41,6.75,6534.2828165197425,16.344116516941995,-135.05370848751147,4,1
2012-03-22 03:24:02.127415+00:00,3.78,8.44,12.9,5766.36920809769,16.1777082974776,-135.38652492644027,5,1
2012-03-22 03:25:02.127415+00:00,3.78,8.44,12.9,5766.36920809769,16.1777082974776,-135.38652492644027,5,1
2012-03-22 03:30:02.127415+00:00,3.85,8.59,13.13,5766.36920809769,16.1296546857996,-135.48263214979627,5,1
2012-03-22 03:33:02.127415+00:00,3.87,8.63,13.19,5720.787683283702,16.123267476624452,-135.49540656814656,6,1
2012-03-22 03:36:02.127415+00:00,4.04,9.0,13.76,5766.36920809769,16.116880267449304,-135.50818098649688,5,1
2012-03-22 03:43:02.127415+00:00,4.95,10.95,16.72,6509.896066850085,16.116880267449304,-135.50818098649688,5,1
2012-03-22 03:45:02.127415+00:00,4.95,10.95,16.72,6509.896066850085,16.116880267449304,-135.50818098649688,5,1
2012-03-22 03:50:02.127415+00:00,5.15,11.38,17.37,6635.701589205666,16.292684555344213,-135.15657241070704,5,1
2012-03-22 03:52:02.127415+00:00,5.15,11.38,17.37,6572.798828027875,16.204782411396756,-135.33237669860196,6,1
2012-03-22 03:57:02.127415+00:00,5.28,11.64,17.77,6509.896066850085,16.117256129639767,-135.50742926211595,5,1
2012-03-22 04:00:02.127415+00:00,4.36,9.68,14.79,5061.594067371113,16.115997579299,-135.50994636279748,5,1
2012-03-22 04:04:02.127415+00:00,4.76,10.54,16.1,4510.0257292007645,15.648803409935429,-136.4443347015246,5,1
2012-03-22 04:09:02.127415+00:00,4.47,9.93,15.17,3697.292388505659,15.380090017561054,-136.98176148627337,5,1
2012-03-22 04:10:02.127415+00:00,4.47,9.93,15.17,3697.292388505659,15.380090017561054,-136.98176148627337,5,1
2012-03-22 04:17:02.127415+00:00,4.31,9.57,14.63,2501.632112039407,14.587540608532343,-138.5668603043308,5,1
2012-03-22 04:20:02.127415+00:00,7.09,15.42,23.49,2448.5364013716085,14.545354772736363,-138.65123197592277,4,1
2012-03-22 04:27:02.127415+00:00,3.84,8.55,13.08,2501.632112039407,14.587540608532343,-138.5668603043308,3,1
2012-03-22 04:32:02.127415+00:00,3.92,8.74,13.36,3183.395853314307,14.740251204848496,-138.26143911169848,3,1
2012-03-22 04:38:02.127415+00:00,3.92,8.74,13.36,3699.386020269093,14.937163930816306,-137.86761365976287,3,1
2012-03-22 04:43:02.127415+00:00,4.03,8.96,13.7,5983.275768956304,16.247511110730688,-135.24691929993412,3,1
2012-03-22 04:50:02.127415+00:00,4.52,10.03,15.32,5983.275768956304,16.247511110730688,-135.24691929993412,3,1
2012-03-22 04:56:02.127415+00:00,4.76,10.54,16.1,5809.744180632983,15.916701361075024,-135.90853879924543,3,1
2012-03-22 05:02:02.127415+00:00,5.36,11.8,18.01,4441.643838943522,15.845742411413584,-136.05045669856833,3,1
2012-03-22 05:09:02.127415+00:00,6.19,13.55,20.67,4263.270172139709,15.54013028615496,-136.66168094908554,3,1
2012-03-22 05:15:02.127415+00:00,7.04,15.32,23.35,4189.9242807255105,15.08344330975528,-137.5750549018849,3,1
2012-03-22 05:23:02.127415+00:00,7.16,15.57,23.72,2599.6110548777033,14.551401196839372,-138.63913912771673,3,1
2012-03-22 22:10:02.126185+00:00,6.62,14.46,22.03,1815.6151122544256,13.534776469696418,-142.66124230897023,3,1
2012-03-22 22:14:02.126185+00:00,6.62,14.46,22.03,1815.6151122544256,13.534776469696418,-142.66124230897023,3,1
2012-03-22 22:18:02.126185+00:00,6.59,14.39,21.94,1815.6151122544256,13.534776469696418,-142.66124230897023,3,1
2012-03-22 22:29:02.126185+00:00,6.11,13.39,20.43,3259.917825038773,14.862277924468776,-140.0062393994255,3,1
2012-03-22 22:34:02.126185+00:00,6.11,13.39,20.43,3259.917825038773,14.862277924468776,-140.0062393994255,3,1
2012-03-22 22:38:02.126185+00:00,6.11,13.39,20.43,3503.398476933238,14.963568655507174,-139.8036579373487,4,1
2012-03-22 22:45:02.126185+00:00,5.78,12.7,19.38,4437.201678133158,15.526925723847793,-138.67694380066746,3,1
2012-03-22 22:50:02.126185+00:00,5.19,11.44,17.47,4878.374317465688,15.65828900511544,-138.41421723813215,3,1
2012-03-22 23:00:02.126185+00:00,5.34,11.77,17.96,5969.350567420232,16.149181783827714,-137.43243168070762,3,1
2012-03-22 23:06:02.126185+00:00,5.43,11.96,18.26,6180.610729868082,16.252318704844473,-137.2261578386741,3,1
2012-03-22 23:11:02.126185+00:00,5.96,13.08,19.95,7309.153481852477,16.435273922589012,-136.86024740318504,3,1
2012-03-22 23:19:02.126185+00:00,5.77,12.67,19.33,7349.535272011513,16.649708698817786,-136.43137785072747,3,1
2012-03-22 23:24:02.126185+00:00,6.37,13.93,21.23,7349.535272011513,16.649708698817786,-136.43137785072747,3,1
2012-03-22 23:30:02.126185+00:00,6.2,13.58,20.71,6104.17037344777,15.8660064481077,-137.99878235214766,3,1
2012-03-22 23:35:02.126185+00:00,6.74,14.7,22.41,4395.262878924944,15.483375090345394,-138.76404506767227,3,1
2012-03-22 23:42:02.126185+00:00,6.88,14.98,22.83,3147.9812833220612,14.989089864708902,-139.75261551894525,4,1
2012-03-22 23:47:02.126185+00:00,7.27,15.79,24.05,2721.740552184972,14.433517519902844,-140.86376020855738,4,1
2012-03-22 23:51:02.126185+00:00,7.27,15.79,24.05,2721.740552184972,14.433517519902844,-140.86376020855738,4,1
2012-03-22 23:56:02.126185+00:00,6.98,15.2,23.16,2333.631426461645,14.033974798461983,-141.66284565143908,3,1
2012-03-23 04:43:02.124955+00:00,5.05,11.15,17.02,5304.569569620913,15.824592099711868,-136.58776538109367,3,1
2012-03-23 05:06:02.124955+00:00,3.66,8.17,12.49,2480.5422294248806,15.90932961449383,-136.41829035152972,3,1
2012-03-23 05:13:02.124955+00:00,3.64,8.13,12.43,9510.18071270656,17.03013632824203,-134.17667692403336,3,1
2012-03-23 05:29:02.124955+00:00,2.39,5.38,8.23,15445.602444118604,18.598158385941556,-131.04063280863429,3,1
2012-03-23 05:38:02.124955+00:00,0.01,0.04,0.02,10511.74105979111,18.18829819621104,-131.86035318809533,3,1
2012-03-23 05:46:02.124955+00:00,0.01,0.04,0.06,10511.74105979111,18.18829819621104,-131.86035318809533,3,1
2012-03-23 05:52:02.124955+00:00,0.01,0.04,0.06,14826.24784884548,18.517588642245354,-131.2017722960267,3,1
2012-03-23 05:56:02.124955+00:00,0.01,0.04,0.02,12668.994454318294,18.192169453306377,-131.85261067390462,4,1
2012-03-23 06:04:02.124955+00:00,1.68,3.81,5.83,8290.626034409568,16.946020448261105,-134.3449086839952,3,1
2012-03-23 06:08:02.124955+00:00,2.34,5.27,8.07,6938.030248425897,16.13282229324208,-135.97130499403323,3,1
2012-03-23 06:15:02.124955+00:00,2.9,6.5,9.95,6938.030248425897,16.13282229324208,-135.97130499403323,3,1
2012-03-23 06:22:02.124955+00:00,3.8,8.48,12.96,5758.0116029167675,15.86309209123791,-136.51076539804157,4,1
2012-03-23 06:27:02.124955+00:00,4.83,10.68,16.31,5839.073435299175,15.972832046862358,-136.29128548679267,4,1
2012-03-23 06:32:02.124955+00:00,5.62,12.35,18.84,6808.711852240018,16.28405211071503,-135.66884535908733,4,1
2012-03-23 06:36:02.124955+00:00,5.63,12.38,18.89,6517.269791289323,16.21580201693909,-135.80534554663922,5,1
2012-03-23 06:41:02.124955+00:00,5.66,12.45,18.99,6517.269791289323,16.21580201693909,-135.80534554663922,5,1
2012-03-23 06:45:02.124955+00:00,5.84,12.83,19.57,5770.504561984991,15.89001996340758,-136.45690965370224,5,1
2012-03-23 06:49:02.124955+00:00,6.23,13.65,20.81,5043.6414361314055,15.627205841333918,-136.98253789784957,4,1
2012-03-23 06:54:02.124955+00:00,6.44,14.08,21.47,3750.563587324612,15.066518406558824,-138.10391276739975,4,1
2012-03-26 23:00:02.126345+00:00,6.47,14.15,21.56,2063.150780171409,14.561907472274395,-144.25252219287512,3,1
2012-03-26 23:06:02.126345+00:00,6.26,13.71,20.9,3165.601353543827,15.565508518005322,-142.24532010141326,3,1
2012-03-26 23:12:02.126345+00:00,5.45,12.0,18.31,5864.536138096528,16.727867193110782,-139.92060275120232,3,1
2012-03-26 23:18:02.126345+00:00,5.34,11.77,17.96,7264.53458716481,17.633177235660394,-138.1099826661031,3,1
2012-03-26 23:23:02.126345+00:00,5.15,11.38,17.37,10791.206596455271,18.01807839016575,-137.34018035709238,3,1
2012-03-26 23:30:02.126345+00:00,4.84,10.71,16.36,11756.245293215434,18.51526868299311,-136.34579977143767,4,1
2012-03-26 23:35:02.126345+00:00,4.62,10.24,15.64,13075.848852628067,18.82686418524071,-135.72260876694247,4,1
2012-03-26 23:39:02.126345+00:00,4.64,10.27,15.69,13075.848852628067,18.82686418524071,-135.72260876694247,4,1
2012-03-26 23:45:02.126345+00:00,4.47,9.93,15.17,13500.94483082069,18.94522902278718,-135.48587909184954,3,1
2012-03-26 23:51:02.126345+00:00,4.36,9.68,14.79,13256.139801078512,18.493796747272764,-136.38874364287835,3,1
2012-03-26 23:57:02.126345+00:00,4.28,9.5,14.52,8259.44865441778,17.73167581879006,-137.91298549984378,3,1
2012-03-27 00:03:02.125115+00:00,4.23,9.4,14.36,7286.569090578432,17.272635419557886,-138.31488387468468,3,1
2012-03-27 00:21:02.125115+00:00,4.42,9.82,15.01,10039.766962073454,17.963749064147795,-136.93265658550484,3,1
2012-03-27 00:29:02.125115+00:00,4.87,10.78,16.46,7863.343808674133,17.51486441986012,-137.8304258740802,3,1
2012-03-27 00:34:02.125115+00:00,5.14,11.34,17.32,7687.108859075477,17.353682486837066,-138.1527897401263,3,1
2012-03-27 00:40:02.125115+00:00,5.37,11.83,18.06,6409.8435002741735,16.825741180185002,-139.20867235343044,3,1
2012-03-27 00:48:02.125115+00:00,5.62,12.35,18.84,4632.754923442372,16.518529596116757,-139.82309552156693,3,1
2012-03-27 00:55:02.125115+00:00,5.9,12.95,19.76,2969.8029442888637,15.581434762949817,-141.6972851879008,3,1
2012-03-28 09:01:02.122655+00:00,8.99,19.32,29.38,1819.1821703705828,14.237248663711128,-142.86499206981904,3,1
2012-03-28 09:04:02.122655+00:00,3.78,8.44,12.9,1819.1821703705828,14.237248663711128,-142.86499206981904,3,2
2012-03-28 09:16:02.122655+00:00,2.66,5.98,9.16,1749.8292054233889,14.373416765820137,-142.59265586560105,4,1
2012-03-28 09:19:02.122655+00:00,2.94,6.59,10.09,1765.3418584756337,14.337483880666262,-142.66452163590878,5,1
2012-03-28 09:24:02.122655+00:00,23.23,40.0,40.0,1811.403949651276,14.373416765820137,-142.59265586560105,6,2
2012-03-28 09:26:02.122655+00:00,23.26,40.0,40.0,1857.4660408269187,14.337483880666262,-142.66452163590878,5,1
2012-03-28 09:32:02.122655+00:00,3.84,8.55,13.08,1795.8912965990312,14.614077518876655,-142.11133435948796,6,1
2012-03-28 09:37:02.122655+00:00,5.42,11.93,18.21,1729.7112260992158,14.776081643643536,-141.78732610995422,3,1
2012-03-28 09:38:02.122655+00:00,5.43,11.96,18.26,1729.7112260992158,14.776081643643536,-141.78732610995422,3,1
2012-03-31 11:35:02.125275+00:00,5.66,12.45,18.99,2977.67747938269,14.902049484693745,-139.94088544240802,5,1
2012-03-31 11:37:02.125275+00:00,5.66,12.45,18.99,2977.67747938269,14.902049484693745,-139.94088544240802,5,1
2012-03-31 11:40:02.125275+00:00,5.63,12.38,18.89,3082.494291518726,15.003339842889334,-139.73830472601685,6,1
2012-03-31 11:42:02.125275+00:00,5.57,12.25,18.7,3187.311103654764,15.104630201084923,-139.53572400962565,7,1
2012-03-31 11:43:02.125275+00:00,5.54,12.19,18.6,3187.311103654764,15.104630201084923,-139.53572400962565,7,1
2012-03-31 11:48:02.125275+00:00,5.2,11.48,17.52,3665.1322939755287,15.316604335816772,-139.11177574016196,7,1
2012-03-31 11:51:02.125275+00:00,5.14,11.34,17.32,3293.3788008061674,15.316604335816772,-139.11177574016196,7,1
2012-03-31 11:55:02.125275+00:00,4.51,10.0,15.27,3708.6582997767255,15.436676250779158,-138.87163191023717,6,1
2012-03-31 11:58:02.125275+00:00,4.51,10.0,15.27,3708.6582997767255,15.436676250779158,-138.87163191023717,6,1
2012-03-31 12:00:02.124045+00:00,4.06,9.04,13.81,2454.9480880189376,13.26745981832505,-139.73463449769997,5,1
2012-03-31 12:03:02.124045+00:00,4.06,9.04,13.81,2454.9480880189376,13.26745981832505,-139.73463449769997,5,1
2012-03-31 12:06:02.124045+00:00,3.97,8.85,13.53,2512.5733922709132,13.317264644490184,-139.63502484536968,6,1
2012-03-31 12:09:02.124045+00:00,3.82,8.51,13.02,2512.5733922709132,13.317264644490184,-139.63502484536968,6,1
2012-03-31 12:13:02.124045+00:00,3.7,8.25,12.61,2519.061292568789,13.36706947065532,-139.53541519303943,7,1
2012-03-31 12:16:02.124045+00:00,3.75,8.36,12.79,2519.061292568789,13.36706947065532,-139.53541519303943,7,1
2012-03-31 12:19:02.124045+00:00,3.77,8.4,12.84,2519.061292568789,13.36706947065532,-139.53541519303943,7,1
2012-03-31 12:22:02.124045+00:00,4.03,8.96,13.7,2570.1986965228884,13.453354480894903,-139.36284517256024,7,1
2012-03-31 12:24:02.124045+00:00,4.14,9.22,14.09,3193.834513456896,13.664000917812212,-138.94155229872564,7,1
2012-03-31 12:27:02.124045+00:00,4.19,9.33,14.25,3265.86196676486,13.694246235226068,-138.88106166389792,6,1
2012-03-31 12:29:02.124045+00:00,4.19,9.33,14.25,3265.86196676486,13.694246235226068,-138.88106166389792,6,1
2012-03-31 12:33:02.124045+00:00,4.47,9.93,15.17,4883.977172041993,14.723664086408522,-136.822225961533,5,1
2012-03-31 12:41:02.124045+00:00,5.25,11.57,17.67,4360.068123446953,14.3376963694454,-137.59416139545925,4,1
2012-03-31 12:44:02.124045+00:00,5.46,12.03,18.36,3836.159074851913,13.951728652482275,-138.3660968293855,3,1
2012-03-31 12:48:02.124045+00:00,5.46,12.03,18.36,3836.159074851913,13.951728652482275,-138.3660968293855,3,1
2012-03-31 19:46:02.124045+00:00,30.07,40.0,40.0,2313.7844838884166,15.477662542811714,-135.31422904872665,14,1
2012-03-31 19:48:02.124045+00:00,24.13,40.0,40.0,2469.8983957647624,15.721689931945804,-134.82617427045847,18,2
2012-03-31 19:50:02.124045+00:00,10.26,21.89,33.25,2493.8623510437938,15.81283480136686,-134.64388453161635,23,1
2012-03-31 19:51:02.124045+00:00,9.87,21.1,32.05,2567.9032454683247,15.81283480136686,-134.64388453161635,25,2
2012-03-31 19:52:02.124045+00:00,10.56,22.5,34.16,2754.970433329894,15.889835753521218,-134.48988262730762,28,1
2012-03-31 19:53:02.124045+00:00,11.18,23.73,36.01,2849.342552814441,16.006642442149143,-134.25626925005176,30,2
2012-03-31 19:54:02.124045+00:00,9.01,19.35,29.42,2970.021440605922,16.14463889351186,-133.98027634732634,33,1
2012-03-31 19:55:02.124045+00:00,8.31,17.93,27.28,2997.9634115593512,16.280702135258363,-133.70814986383334,35,3
2012-03-31 19:56:02.124045+00:00,8.62,18.56,28.23,3024.650590994418,16.295446532602128,-133.6786610691458,37,3
2012-03-31 19:57:02.124045+00:00,8.73,18.78,28.56,3066.58807533237,16.3231614858733,-133.62323116260345,39,1
2012-03-31 19:58:02.124045+00:00,18.84,39.02,40.0,3431.510926994464,16.39961837602234,-133.47031738230538,41,2
2012-03-31 19:59:02.124045+00:00,18.33,37.99,40.0,3451.0930017448336,16.45405241606935,-133.36144930221135,42,3
2012-03-31 20:00:02.124045+00:00,18.06,37.47,40.0,3517.229223639235,16.539826189805684,-133.18990175473868,43,2
2012-03-31 20:01:02.124045+00:00,18.57,38.48,40.0,4140.0509664139545,16.633009078373135,-133.00353597760378,45,2
2012-03-31 20:02:02.124045+00:00,18.03,37.41,40.0,4151.165608127986,16.731544800826764,-132.80646453269654,46,3
2012-03-31 20:03:02.124045+00:00,17.57,36.49,40.0,4185.343591153656,16.85813400363052,-132.553286127089,47,3
2012-03-31 20:04:02.124045+00:00,16.92,35.2,40.0,4670.883741638012,16.953132376108254,-132.36328938213356,48,2
2012-03-31 20:05:02.124045+00:00,17.62,36.59,40.0,4682.789280180972,16.985148685109884,-132.2992567641303,49,3
2012-03-31 20:06:02.124045+00:00,17.42,36.19,40.0,4682.789280180972,16.985148685109884,-132.2992567641303,49,2
2012-03-31 20:07:02.124045+00:00,17.44,36.24,40.0,4682.789280180972,17.0792326513443,-132.11108883166145,49,3
2012-03-31 20:08:02.124045+00:00,8.27,17.84,27.14,5037.167623256722,17.16835238134628,-131.93284937165748,50,2
2012-03-31 20:09:02.124045+00:00,20.02,40.0,40.0,5381.719128881426,17.28498381101778,-131.69958651231448,50,2
2012-03-31 20:10:02.124045+00:00,20.05,40.0,40.0,5545.001870597615,17.302358896439564,-131.6648363414709,49,2
2012-03-31 20:11:02.124045+00:00,20.26,40.0,40.0,5545.001870597615,17.302358896439564,-131.6648363414709,49,3
2012-03-31 20:12:02.124045+00:00,21.01,40.0,40.0,5633.890728624033,17.50551201877515,-131.25853009679977,49,3
2012-03-31 20:13:02.124045+00:00,22.27,40.0,40.0,5633.890728624033,17.7101422356848,-130.84926966298045,49,2
2012-03-31 20:14:02.124045+00:00,21.89,40.0,40.0,5545.001870597615,17.50551201877515,-131.25853009679977,49,3
2012-03-31 20:15:02.124045+00:00,21.83,40.0,40.0,5545.001870597615,17.50551201877515,-131.25853009679977,49,3
2012-03-31 20:16:02.124045+00:00,21.76,40.0,40.0,5315.883559512558,17.607827127229974,-131.05389987989008,48,2
2012-03-31 20:17:02.124045+00:00,22.06,40.0,40.0,5545.001870597615,17.7101422356848,-130.84926966298045,47,3
2012-03-31 20:18:02.124045+00:00,22.27,40.0,40.0,5086.765248427501,17.763931321433954,-130.74169149148213,47,1
2012-03-31 20:19:02.124045+00:00,22.13,40.0,40.0,5315.883559512558,17.76915477816368,-130.73124457802268,48,3
2012-03-31 20:20:02.124045+00:00,22.94,40.0,40.0,5037.167623256722,17.73703677855938,-130.79548057723127,48,2
2012-03-31 20:21:02.124045+00:00,23.01,40.0,40.0,4927.0471866011385,17.7101422356848,-130.84926966298045,47,3
2012-03-31 20:22:02.124045+00:00,6.14,13.46,20.52,4927.0471866011385,17.763931321433954,-130.74169149148213,47,2
2012-03-31 20:23:02.124045+00:00,5.83,12.8,19.52,4808.648309613583,17.7101422356848,-130.84926966298045,47,2
2012-03-31 20:24:02.124045+00:00,5.92,12.99,19.81,4504.35262157125,17.683295732350913,-130.90296266964822,46,3
2012-03-31 20:25:02.124045+00:00,5.83,12.8,19.52,4311.5869598824165,17.700171063299692,-130.86921200775066,47,2
2012-03-31 20:26:02.124045+00:00,5.81,12.76,19.47,4311.5869598824165,17.763931321433954,-130.74169149148213,45,2
2012-03-31 20:27:02.124045+00:00,22.97,40.0,40.0,4443.705981972567,17.732051192366825,-130.8054517496164,44,1
2012-03-31 20:28:02.124045+00:00,4.52,10.03,15.32,4260.348089324722,17.65644922901703,-130.956655676316,43,3
2012-03-31 20:29:02.124045+00:00,4.81,10.65,16.26,4170.307434701184,17.422835457301684,-131.4238832197467,44,3
2012-03-31 20:30:02.124045+00:00,21.17,40.0,40.0,4077.977575054051,17.264771764305113,-131.74001060573983,44,2
2012-03-31 20:31:02.124045+00:00,21.17,40.0,40.0,4224.657178431963,17.36844879523097,-131.5326565438881,43,3
2012-03-31 20:32:02.124045+00:00,19.76,40.0,40.0,4115.957690970406,17.161094733379255,-131.94736466759156,41,2
2012-03-31 20:33:02.124045+00:00,9.29,19.93,30.29,3964.285714543708,16.898820159904744,-132.47191381454056,42,2
2012-03-31 20:34:02.124045+00:00,9.84,21.03,31.95,3906.230755502699,16.90746840746571,-132.45461731941862,41,3
2012-03-31 20:35:02.124045+00:00,9.69,20.74,31.51,3592.4687276717254,16.890171912343778,-132.4892103096625,41,1
2012-03-31 20:36:02.124045+00:00,10.28,21.93,33.3,3466.0000299708076,16.866902061100213,-132.5357500121496,41,1
2012-03-31 20:37:02.124045+00:00,9.26,19.86,30.2,3406.501453847015,16.62028511396383,-133.02898390642238,42,2
2012-03-31 20:38:02.124045+00:00,8.5,18.31,27.85,3350.9176571599755,16.37366816682745,-133.52221780069516,41,2
2012-03-31 20:39:02.124045+00:00,7.45,16.16,24.61,3466.0000299708076,16.866902061100213,-132.5357500121496,41,2
2012-03-31 20:40:02.124045+00:00,7.43,16.13,24.56,3592.4687276717254,16.890171912343778,-132.4892103096625,39,3
2012-03-31 20:42:02.124045+00:00,7.63,16.53,25.17,3105.180329723221,16.20730871334839,-133.85493670765328,36,2
2012-03-31 20:43:02.124045+00:00,7.81,16.9,25.73,3090.841672628352,16.20730871334839,-133.85493670765328,36,3
2012-03-31 20:44:02.124045+00:00,7.85,17.0,25.87,2822.4203191692395,15.853724398450684,-134.56210533744868,36,2
2012-03-31 20:45:02.124045+00:00,7.88,17.06,25.97,2600.1763231624645,15.678925862602492,-134.91170240914505,34,2
2012-03-31 20:46:02.124045+00:00,7.84,16.97,25.82,2488.433648370684,15.674015970374093,-134.92152219360185,35,2
2012-03-31 20:47:02.124045+00:00,7.82,16.93,25.78,2544.1077327121175,15.608038529730097,-135.05347707488986,34,2
2012-03-31 20:48:02.124045+00:00,7.85,17.0,25.87,2600.1763231624645,15.608038529730097,-135.05347707488986,32,3
2012-03-31 20:49:02.124045+00:00,7.63,16.53,25.17,2599.7818170535515,15.5420610890861,-135.1854319561779,29,1
2012-03-31 20:51:02.124045+00:00,21.07,40.0,40.0,2544.1077327121175,15.539338645365236,-135.19087684361958,26,1
2012-03-31 20:52:02.124045+00:00,21.07,40.0,40.0,2599.7818170535515,15.5420610890861,-135.1854319561779,25,2
2012-03-31 20:53:02.124045+00:00,21.07,40.0,40.0,2544.1077327121175,15.496174117744369,-135.27720589886133,22,2
2012-03-31 20:54:02.124045+00:00,21.11,40.0,40.0,2600.1763231624645,15.608038529730097,-135.05347707488986,20,1
2012-03-31 20:55:02.124045+00:00,21.11,40.0,40.0,2701.2773468171144,15.745909895871996,-134.77773434260604,18,3
2012-04-01 10:19:02.122815+00:00,2.71,6.08,9.31,3439.2589009544213,15.418645379021228,-137.7035553611173,3,1
2012-04-01 10:26:02.122815+00:00,1.98,4.47,6.84,3184.525129034616,15.043022658021975,-138.4548008031158,3,1
2012-04-01 10:34:02.122815+00:00,1.21,2.74,4.2,3115.362704866708,14.891673934155454,-138.75749825084887,3,1
2012-04-06 21:24:02.129285+00:00,35.21,40.0,40.0,2708.9298351197376,19.53353777574924,-133.24661208592863,15,1
2012-04-06 21:25:02.129285+00:00,35.21,40.0,40.0,2708.9298351197376,19.53353777574924,-133.24661208592863,15,2
2012-04-06 21:26:02.129285+00:00,35.21,40.0,40.0,2708.9298351197376,19.53353777574924,-133.24661208592863,15,3
2012-04-06 21:27:02.129285+00:00,35.21,40.0,40.0,2708.9298351197376,19.53353777574924,-133.24661208592863,15,3
2012-04-06 21:28:02.129285+00:00,35.21,40.0,40.0,2708.9298351197376,19.53353777574924,-133.24661208592863,15,2
2012-04-06 21:29:02.129285+00:00,35.21,40.0,40.0,2708.9298351197376,19.53353777574924,-133.24661208592863,15,3
2012-04-06 21:31:02.129285+00:00,35.21,40.0,40.0,2708.9298351197376,19.53353777574924,-133.24661208592863,15,1
2012-04-07 19:10:02.126826+00:00,2.03,4.59,7.03,5448.666588275895,16.087375446462858,-134.07143632524088,3,1
2012-04-07 19:13:02.126826+00:00,1.95,4.41,6.75,5234.151439422192,15.781319746141827,-134.68354772588293,4,1
2012-04-07 19:17:02.126826+00:00,1.92,4.34,6.65,5019.636290568489,15.8776816739825,-134.49082387020158,5,1
2012-04-07 19:21:02.126826+00:00,1.68,3.81,5.83,5024.062538091548,16.087375446462858,-134.07143632524088,5,1
2012-04-07 19:25:02.126826+00:00,1.55,3.51,5.38,5019.636290568489,15.8776816739825,-134.49082387020158,5,1
2012-04-07 19:29:02.126826+00:00,1.45,3.27,5.01,5019.636290568489,15.8776816739825,-134.49082387020158,5,1
2012-04-07 19:33:02.126826+00:00,1.75,3.95,6.05,4909.53491607019,15.8776816739825,-134.49082387020158,5,1
2012-04-07 19:36:02.126826+00:00,1.59,3.59,5.49,3646.3027786663,15.586161562345437,-135.07386409347572,5,1
2012-04-07 19:41:02.126826+00:00,0.92,2.08,3.19,3646.3027786663,15.329391963776455,-135.58740329061368,5,1
2012-04-07 19:44:02.126826+00:00,0.36,0.82,1.27,4130.859475032614,15.329391963776455,-135.58740329061368,5,1
2012-04-07 19:49:02.126826+00:00,1.45,3.27,5.01,3646.3027786663,15.227626409807316,-135.79093439855197,5,1
2012-04-07 19:52:02.126826+00:00,1.07,2.43,3.73,3888.581126849457,15.278509186791888,-135.6891688445828,4,1
2012-04-07 19:56:02.126826+00:00,1.25,2.84,4.34,4130.859475032614,15.329391963776455,-135.58740329061368,3,1
2012-04-12 03:56:02.125757+00:00,31.35,40.0,40.0,1695.3745353445488,15.94413419212608,-136.93691079357154,3,1
2012-04-12 04:00:02.125757+00:00,16.53,34.43,40.0,1695.3745353445488,15.94413419212608,-136.93691079357154,3,1
2012-04-12 04:01:02.125757+00:00,16.53,34.43,40.0,1695.3745353445488,15.94413419212608,-136.93691079357154,3,1
2012-04-13 05:07:02.123297+00:00,28.27,40.0,40.0,3408.9291551840306,19.54611459288511,-129.27079178610938,22,1
2012-04-13 05:08:02.123297+00:00,22.16,40.0,40.0,3683.5066349597023,19.6153743355554,-129.13227230076882,24,1
2012-04-13 05:09:02.123297+00:00,5.19,11.44,17.47,4248.359392711136,19.998873508138548,-128.36527395560253,27,3
2012-04-13 05:10:02.123297+00:00,0.18,0.41,0.61,4524.079286016566,20.18198772773553,-127.99904551640856,29,2
2012-04-13 05:11:02.123297+00:00,2.29,5.16,7.91,5103.628056760698,20.41529986699914,-127.53242123788137,32,2
2012-04-13 05:13:02.123297+00:00,2.09,4.71,7.21,6442.920245908309,20.57815178720816,-127.20671739746332,37,3
2012-04-13 05:14:02.123297+00:00,1.72,3.88,5.94,6744.42182451337,20.555165119138145,-127.25269073360334,39,3
2012-04-13 05:15:02.123297+00:00,1.37,3.1,4.76,6749.146370999867,20.450606167764445,-127.46180863635074,42,3
2012-04-13 05:16:02.123297+00:00,1.37,3.1,4.76,6593.671035210839,20.38959959701616,-127.5838217778473,44,2
2012-04-13 05:17:02.123297+00:00,1.37,3.1,4.76,6423.023977890409,20.38959959701616,-127.5838217778473,46,3
2012-04-13 05:18:02.123297+00:00,1.72,3.88,5.94,6578.101713590521,20.38959959701616,-127.5838217778473,48,3
2012-04-13 05:19:02.123297+00:00,1.9,4.28,6.55,6728.852502893052,20.38959959701616,-127.5838217778473,48,2
2012-04-13 05:20:02.123297+00:00,1.84,4.15,6.36,6728.852502893052,20.38959959701616,-127.5838217778473,48,3
2012-04-13 05:21:02.123297+00:00,1.84,4.15,6.36,6744.42182451337,20.354293296250855,-127.65443437937792,47,3
2012-04-13 05:22:02.123297+00:00,1.84,4.15,6.36,6749.146370999867,20.368372084650183,-127.62627680257928,46,2
2012-04-13 05:23:02.123297+00:00,1.87,4.21,6.46,6784.554582272834,20.450606167764445,-127.46180863635074,44,2
2012-04-13 05:24:02.123297+00:00,1.87,4.21,6.46,6885.861199309084,20.53431545642663,-127.29439005902636,41,3
2012-04-13 05:25:02.123297+00:00,1.87,4.21,6.46,7963.850234543588,20.634165445591876,-127.09469008069588,38,2
2012-04-13 05:26:02.123297+00:00,1.75,3.95,6.05,8276.08598100015,20.634165445591876,-127.09469008069588,36,2
2012-04-13 05:27:02.123297+00:00,2.41,5.43,8.31,8253.098987961605,20.555165119138145,-127.25269073360334,33,2
2012-04-13 05:28:02.123297+00:00,0.01,0.01,0.02,7674.601481125572,20.53431545642663,-127.29439005902636,31,3
2012-04-13 05:29:02.123297+00:00,13.38,28.15,40.0,6779.830035786336,20.368372084650183,-127.62627680257928,28,2
2012-04-13 05:30:02.123297+00:00,10.82,23.01,34.93,6728.852502893052,20.27954991427122,-127.80392114333718,26,2
2012-04-13 05:31:02.123297+00:00,11.51,24.4,37.02,6403.1277098725095,20.21455923359841,-127.9339025046828,23,1
2012-04-15 13:08:02.127147+00:00,23.79,40.0,40.0,2061.8906985510425,17.801576367401715,-132.6211584354389,3,2
2012-04-15 13:18:02.127147+00:00,27.39,40.0,40.0,8951.416720902653,22.169561173169377,-123.8851888239036,28,2
2012-04-15 13:19:02.127147+00:00,26.69,40.0,40.0,10256.849903391963,22.220640298829903,-123.78303057258252,29,3
2012-04-15 13:20:02.127147+00:00,26.69,40.0,40.0,11478.45739535658,22.44738005245069,-123.32955106534097,32,2
2012-04-15 13:21:02.127147+00:00,27.25,40.0,40.0,11486.11443710117,22.79597268400086,-122.6323658022406,35,3
2012-04-15 13:22:02.127147+00:00,27.25,40.0,40.0,12454.179963469922,22.84196630798478,-122.54037855427278,37,2
2012-04-15 13:23:02.127147+00:00,27.29,40.0,40.0,12454.179963469922,23.0528279346835,-122.11865530087536,39,3
2012-04-15 13:24:02.127147+00:00,27.39,40.0,40.0,12927.71974050457,23.0528279346835,-122.11865530087536,41,3
2012-04-15 13:25:02.127147+00:00,27.44,40.0,40.0,13834.301451023615,23.09011297905517,-122.044085212132,44,2
2012-04-15 13:26:02.127147+00:00,27.58,40.0,40.0,15070.359286955394,23.20797745116595,-121.80835626791044,47,3
2012-04-15 13:27:02.127147+00:00,27.34,40.0,40.0,15462.656402297987,23.20797745116595,-121.80835626791044,49,2
2012-04-15 13:28:02.127147+00:00,27.44,40.0,40.0,15886.8481323075,23.161204749027007,-121.90190167218832,50,3
2012-04-15 13:29:02.127147+00:00,27.34,40.0,40.0,17065.493626709525,23.313187353155975,-121.5979364639304,50,3
2012-04-15 13:30:02.127147+00:00,27.58,40.0,40.0,20513.08033819271,23.55257854218149,-121.11915408587936,49,2
2012-04-15 13:31:02.127147+00:00,27.48,40.0,40.0,21311.806078489823,23.620907970684897,-120.98249522887257,50,3
2012-04-15 13:32:02.127147+00:00,27.48,40.0,40.0,21266.2750454067,23.55257854218149,-121.11915408587936,51,2
2012-04-15 13:33:02.127147+00:00,27.44,40.0,40.0,21311.806078489823,23.620907970684897,-120.98249522887257,50,2
2012-04-15 13:34:02.127147+00:00,27.15,40.0,40.0,21357.337111572953,23.55257854218149,-121.11915408587936,49,2
2012-04-15 13:35:02.127147+00:00,27.29,40.0,40.0,17086.717518494963,23.475950676090683,-121.27240981806098,49,3
2012-04-15 13:36:02.127147+00:00,27.29,40.0,40.0,17086.717518494963,23.475950676090683,-121.27240981806098,49,3
2012-04-15 13:37:02.127147+00:00,27.29,40.0,40.0,19222.027315033956,23.58836902534798,-121.0475731195464,48,2
2012-04-15 13:38:02.127147+00:00,2.77,6.22,9.52,15719.668324066435,23.18663924594819,-121.85103267834596,48,2
2012-04-15 13:39:02.127147+00:00,2.85,6.41,9.81,15266.50784462669,23.126481556675134,-121.97134805689208,46,2
2012-04-15 13:40:02.127147+00:00,2.81,6.32,9.67,14634.077641491203,22.948553472799567,-122.3272042246432,44,3
2012-04-15 13:41:02.127147+00:00,2.75,6.18,9.45,13376.671357632553,22.78682048305886,-122.65067020412462,42,3
2012-04-15 13:42:02.127147+00:00,27.58,40.0,40.0,8435.741094798397,22.52621658856753,-123.17187799310727,43,2
2012-04-15 13:43:02.127147+00:00,27.53,40.0,40.0,8430.300806079164,21.158787418676663,-125.906736332889,43,2
2012-04-15 13:44:02.127147+00:00,27.48,40.0,40.0,7594.96528051448,21.045732358654767,-126.13284645293282,42,3
2012-04-15 13:45:02.127147+00:00,27.68,40.0,40.0,6123.565346520401,20.449255927159737,-127.32579931592286,40,2
2012-04-15 13:46:02.127147+00:00,27.25,40.0,40.0,5000.9402014966245,19.75204633018423,-128.7202185098739,37,2
2012-04-15 13:47:02.127147+00:00,27.72,40.0,40.0,4228.171508218651,19.525464016022664,-129.173383138197,36,2
2012-04-15 13:48:02.127147+00:00,27.68,40.0,40.0,3703.469650903481,18.78046314900604,-130.66338487223027,35,2
2012-04-15 13:49:02.127147+00:00,29.41,40.0,40.0,3183.547851119366,18.657989970782644,-130.90833122867707,34,1
2012-04-15 13:50:02.127147+00:00,29.9,40.0,40.0,2868.34838541534,18.37542370053864,-131.47346376916505,32,1
2012-04-15 13:51:02.127147+00:00,4.79,10.61,16.21,2754.2457542927336,18.11194294026827,-132.00042528970582,29,2
2012-04-15 13:52:02.127147+00:00,25.64,40.0,40.0,2683.661604420772,18.02952948900444,-132.16525219223345,26,2
2012-04-15 13:53:02.127147+00:00,25.72,40.0,40.0,2111.04433644895,17.899108443001992,-132.42609428423836,25,2
2012-04-15 13:54:02.127147+00:00,25.05,40.0,40.0,2111.04433644895,17.88437399546918,-132.455563179304,23,1
2012-04-15 13:57:02.127147+00:00,20.26,40.0,40.0,2111.04433644895,17.609018323185218,-133.00627452387192,17,1
2012-04-15 13:58:02.127147+00:00,20.48,40.0,40.0,2204.9871223528103,17.685711689303417,-132.8528877916355,14,2
2012-04-15 14:03:02.127147+00:00,16.25,33.86,40.0,2614.238383627412,17.59982289449628,-133.02466538124978,7,1
2012-04-15 14:06:02.127147+00:00,8.56,18.43,28.04,2298.9299082566704,17.59982289449628,-133.02466538124978,5,1
2012-04-16 15:56:02.124687+00:00,13.07,27.53,40.0,3599.2001794618486,21.5357141746564,-131.6055944214303,3,1
2012-04-16 15:57:02.124687+00:00,13.07,27.53,40.0,3599.2001794618486,21.5357141746564,-131.6055944214303,3,2
2012-04-20 13:45:02.124847+00:00,5.95,13.05,19.9,2378.227465274797,14.099230558479704,-142.0146563959218,3,1
2012-04-20 13:50:02.124847+00:00,5.46,12.03,18.36,2378.227465274797,14.099230558479704,-142.0146563959218,3,1
2012-04-20 13:55:02.124847+00:00,5.28,11.64,17.77,3465.8209815271457,15.304351271553085,-139.60441496977504,3,1
2012-04-20 14:01:02.124847+00:00,5.45,12.0,18.31,4876.3316584809845,15.872123384770788,-138.46887074333964,3,1
2012-04-20 14:08:02.124847+00:00,4.97,10.98,16.77,5616.827878826389,16.003070889332168,-138.20697573421688,3,1
2012-04-20 14:15:02.124847+00:00,4.78,10.58,16.16,5612.807873298518,16.195486993456726,-137.82214352596776,4,1
2012-04-20 14:20:02.124847+00:00,4.38,9.72,14.85,5544.919393194235,16.195486993456726,-137.82214352596776,4,1
2012-04-20 14:25:02.124847+00:00,4.26,9.47,14.47,5481.050918617824,16.165651311451235,-137.88181488997876,5,1
2012-04-20 14:30:02.124847+00:00,4.08,9.07,13.87,4482.456489184788,15.9307926912343,-138.35153213041264,4,1
2012-04-20 14:35:02.124847+00:00,3.62,8.09,12.37,3483.8620597517506,15.695934071017364,-138.8212493708465,3,1
2012-04-20 14:41:02.124847+00:00,3.37,7.53,11.52,4436.168261393168,15.866660580620152,-138.4797963516409,3,1
2012-04-20 14:48:02.124847+00:00,3.29,7.37,11.27,5173.751728933376,15.866660580620152,-138.4797963516409,3,1
2012-04-20 15:33:02.124847+00:00,3.04,6.81,10.42,3835.479990688558,15.58143463959707,-139.05024823368709,3,1
2012-04-20 15:52:02.124847+00:00,4.51,10.0,15.27,3750.2621220413903,15.49602800631913,-139.22106150024294,3,1
2012-04-20 16:02:02.124847+00:00,4.7,10.41,15.9,3750.2621220413903,15.408099705666542,-139.39691810154812,3,1
2012-04-20 16:08:02.124847+00:00,5.48,12.06,18.41,3107.506580569257,14.999906693481082,-140.21330412591905,3,1
2012-04-20 20:07:02.124847+00:00,2.96,6.64,10.15,2188.4553285804673,17.520287680787508,-135.17254215130615,25,2
2012-04-20 20:08:02.124847+00:00,3.12,6.99,10.69,2188.4553285804673,17.520287680787508,-135.17254215130615,25,2
2012-04-20 20:09:02.124847+00:00,2.64,5.94,9.09,2188.4553285804673,17.547283341494268,-135.11855082989268,27,2
2012-04-20 20:10:02.124847+00:00,2.81,6.32,9.67,2212.4124075122427,17.572981063766058,-135.0671553853491,28,2
2012-04-20 20:11:02.124847+00:00,2.71,6.08,9.31,2212.4124075122427,17.572981063766058,-135.0671553853491,28,3
2012-04-20 20:12:02.124847+00:00,3.0,6.72,10.29,2212.4124075122427,17.572981063766058,-135.0671553853491,28,2
2012-04-20 20:13:02.124847+00:00,3.61,8.05,12.32,2212.4124075122427,17.572981063766058,-135.0671553853491,28,3
2012-04-20 20:14:02.124847+00:00,3.61,8.05,12.32,2212.4124075122427,17.572981063766058,-135.0671553853491,28,1
2012-04-20 20:15:02.124847+00:00,3.73,8.32,12.73,2212.4124075122427,17.572981063766058,-135.0671553853491,28,3
2012-04-20 20:16:02.124847+00:00,3.62,8.09,12.37,2212.4124075122427,17.572981063766058,-135.0671553853491,28,3
2012-04-20 20:17:02.124847+00:00,3.55,7.93,12.14,2188.4553285804673,17.598678786037848,-135.0157599408055,27,2
2012-04-20 20:18:02.124847+00:00,2.71,6.08,9.31,2188.4553285804673,17.598678786037848,-135.0157599408055,25,2
2012-04-20 20:19:02.124847+00:00,30.07,40.0,40.0,2188.4553285804673,17.649733993606485,-134.91364952566823,23,1
2012-04-21 15:15:02.122387+00:00,12.04,25.47,38.63,3337.0906110853557,19.09377482685104,-125.72459442011171,22,2
2012-04-21 15:16:02.122387+00:00,12.23,25.84,39.18,3580.6059537376073,19.26416012194166,-125.38382382993048,25,2
2012-04-21 15:17:02.122387+00:00,7.67,16.62,25.31,3553.964449896683,19.09377482685104,-125.72459442011171,28,2
2012-04-21 15:18:02.122387+00:00,4.21,9.36,14.31,3686.966804599274,19.188123632868127,-125.53589680807754,30,3
2012-04-21 15:19:02.122387+00:00,4.38,9.72,14.85,3810.339718276928,19.23761090916947,-125.43692225547484,32,2
2012-04-21 15:20:02.122387+00:00,4.34,9.65,14.74,3810.339718276928,19.23761090916947,-125.43692225547484,34,3
2012-04-21 15:21:02.122387+00:00,4.04,9.0,13.76,3859.268400296808,19.268177295016816,-125.37578948378015,36,2
2012-04-21 15:22:02.122387+00:00,4.21,9.36,14.31,3859.268400296808,19.321155144212348,-125.2698337853891,38,2
2012-04-21 15:23:02.122387+00:00,4.21,9.36,14.31,3891.1850195007,19.439283797954506,-125.0335764779048,41,1
2012-04-21 15:24:02.122387+00:00,4.31,9.57,14.63,4093.858652287053,19.46547624647956,-124.98119158085468,43,2
2012-04-21 15:25:02.122387+00:00,4.26,9.47,14.47,4124.58185902368,19.504317948167596,-124.9035081774786,44,3
2012-04-21 15:26:02.122387+00:00,4.73,10.48,16.0,4522.02954072645,19.57574829358561,-124.76064748664255,45,2
2012-04-21 15:27:02.122387+00:00,4.01,8.92,13.64,4691.874733163739,19.59172933313315,-124.72868540754747,45,3
2012-04-21 15:28:02.122387+00:00,4.47,9.93,15.17,4718.913017754449,19.691416512363897,-124.529311049086,45,2
2012-04-21 15:29:02.122387+00:00,5.03,11.11,16.97,4930.478721586164,19.910803295671865,-124.09053748247004,47,2
2012-04-21 15:30:02.122387+00:00,4.39,9.75,14.9,4824.695869670307,19.921651723116128,-124.06884062758152,48,2
2012-04-21 15:31:02.122387+00:00,4.19,9.33,14.25,4718.913017754449,19.91500528533931,-124.08213350313515,47,2
2012-04-21 15:32:02.122387+00:00,4.28,9.5,14.52,4718.913017754449,19.91500528533931,-124.08213350313515,47,3
2012-04-21 15:33:02.122387+00:00,4.28,9.5,14.52,4705.3938754590945,19.869016016465395,-124.174112040883,48,2
2012-04-21 15:34:02.122387+00:00,4.19,9.33,14.25,4718.913017754449,19.910803295671865,-124.09053748247004,47,2
2012-04-21 15:35:02.122387+00:00,4.24,9.43,14.42,4705.3938754590945,19.869016016465395,-124.174112040883,46,2
2012-04-21 15:36:02.122387+00:00,4.09,9.11,13.92,4691.874733163739,19.91500528533931,-124.08213350313515,43,3
2012-04-21 15:37:02.122387+00:00,4.14,9.22,14.09,4705.3938754590945,19.975918554287393,-123.960306965239,40,3
2012-04-21 15:38:02.122387+00:00,4.72,10.44,15.95,4609.786360163028,20.003701423927097,-123.9047412259596,38,3
2012-04-21 15:39:02.122387+00:00,4.72,10.44,15.95,4524.863763944384,20.003701423927097,-123.9047412259596,36,3
2012-04-21 15:40:02.122387+00:00,4.67,10.34,15.79,4524.863763944384,20.031976113165054,-123.84819184748366,34,4
2012-04-21 15:41:02.122387+00:00,4.81,10.65,16.26,4366.18351370287,20.003701423927097,-123.9047412259596,32,2
2012-04-21 15:42:02.122387+00:00,4.87,10.78,16.46,4366.18351370287,20.046574035833068,-123.81899600214766,30,2
2012-04-21 15:43:02.122387+00:00,5.01,11.08,16.92,4522.02954072645,20.0188395857092,-123.8744649023954,27,2
2012-04-22 01:08:02.121157+00:00,20.6,40.0,40.0,2253.96417801192,16.681280910904942,-134.50422324460249,4,1
2012-04-22 01:14:02.121157+00:00,19.84,40.0,40.0,2252.6473209757823,16.438617952599536,-134.9895491612133,7,1
2012-04-22 01:15:02.121157+00:00,21.76,40.0,40.0,2100.697326108166,16.550377890338126,-134.76602928573612,10,1
2012-04-22 01:16:02.121157+00:00,6.56,14.33,21.85,2253.96417801192,16.681280910904942,-134.50422324460249,12,1
2012-04-22 01:22:02.121157+00:00,23.52,40.0,40.0,7637.973775821234,19.061990830317363,-129.74280340577764,25,1
2012-04-22 01:23:02.121157+00:00,6.04,13.24,20.19,7842.936659391319,19.731207593689785,-128.4043698790328,27,1
2012-04-22 01:24:02.121157+00:00,23.86,40.0,40.0,12706.411195335942,19.741212833050113,-128.38435940031212,29,2
2012-04-22 01:25:02.121157+00:00,22.51,40.0,40.0,17648.832617947734,21.153174846803417,-125.56043537280551,29,3
2012-04-22 01:26:02.121157+00:00,22.48,40.0,40.0,19445.993025754135,21.926170043441186,-124.01444497953,31,2
2012-04-22 01:27:02.121157+00:00,2.53,5.69,8.71,20997.696522342812,22.02932052580407,-123.8081440148042,34,2
2012-04-22 01:28:02.121157+00:00,26.11,40.0,40.0,23444.027604799652,22.147031693270417,-123.57272167987152,37,2
2012-04-22 01:29:02.121157+00:00,25.59,40.0,40.0,24020.954225966045,22.31695839475348,-123.23286827690538,40,3
2012-04-22 01:30:02.121157+00:00,9.69,20.74,31.51,24706.436021912567,22.479832910701724,-122.9071192450089,42,2
2012-04-22 01:31:02.121157+00:00,10.15,21.66,32.9,25036.02831567596,22.567443394571196,-122.73189827726996,45,3
2012-04-22 01:32:02.121157+00:00,10.48,22.33,33.9,27092.22971977588,22.67706675605713,-122.51265155429807,47,2
2012-04-22 01:33:02.121157+00:00,10.92,23.21,35.23,31010.218275368275,23.04455713150099,-121.77767080341036,50,2
2012-04-22 01:34:02.121157+00:00,10.99,23.35,35.44,37066.00396034802,23.178005079251168,-121.51077490791003,51,2
2012-04-22 01:35:02.121157+00:00,10.13,21.63,32.85,40239.91304730122,23.57890523360876,-120.70897459919485,50,2
2012-04-22 01:36:02.121157+00:00,9.89,21.13,32.1,41034.82014315897,23.62542941715615,-120.61592623210008,51,4
2012-04-22 01:37:02.121157+00:00,9.9,21.16,32.15,41034.82014315897,23.62542941715615,-120.61592623210008,51,3
2012-04-22 01:38:02.121157+00:00,9.89,21.13,32.1,40239.91304730122,23.6125154667507,-120.64175413291096,52,2
2012-04-22 01:39:02.121157+00:00,9.89,21.13,32.1,41034.82014315897,23.62542941715615,-120.61592623210008,51,3
2012-04-22 01:40:02.121157+00:00,9.89,21.13,32.1,41034.82014315897,23.62542941715615,-120.61592623210008,51,3
2012-04-22 01:41:02.121157+00:00,10.1,21.56,32.75,38361.59709777734,23.6125154667507,-120.64175413291096,52,2
2012-04-22 01:42:02.121157+00:00,10.03,21.43,32.55,38361.59709777734,23.6125154667507,-120.64175413291096,52,3
2012-04-22 01:43:02.121157+00:00,10.05,21.46,32.6,36544.49255422974,23.6125154667507,-120.64175413291096,52,3
2012-04-22 01:44:02.121157+00:00,9.9,21.16,32.15,34595.06977765108,23.43613216361173,-120.9945207391889,53,3
2012-04-22 01:45:02.121157+00:00,9.64,20.64,31.36,31329.85763271333,23.073904474951767,-121.71897611650884,53,2
2012-04-22 01:46:02.121157+00:00,9.63,20.61,31.32,25786.749023386383,23.06475799422094,-121.73726907797048,53,2
2012-04-22 01:47:02.121157+00:00,9.8,20.97,31.86,17485.432040071253,22.826396208237178,-122.213992649938,52,3
2012-04-22 01:48:02.121157+00:00,9.98,21.33,32.4,13143.228872401503,21.9088748594241,-124.04903534756416,50,3
2012-04-22 01:49:02.121157+00:00,10.26,21.89,33.25,11283.831981244812,21.179740081139528,-125.5073049041333,49,3
2012-04-22 01:50:02.121157+00:00,9.89,21.13,32.1,7090.348710994881,19.930120425870246,-128.00654421467186,50,2
2012-04-22 01:51:02.121157+00:00,4.19,9.33,14.25,5121.868926598678,19.470547176880252,-128.92569071265186,50,3
2012-04-22 01:52:02.121157+00:00,4.59,10.17,15.53,4937.343663308415,18.97043289918241,-129.92591926804755,49,2
2012-04-22 01:53:02.121157+00:00,5.54,12.19,18.6,4440.365956889878,18.715301713964703,-130.43618163848294,48,2
2012-04-22 01:54:02.121157+00:00,5.63,12.38,18.89,4350.911838304632,18.51321419263747,-130.84035668113742,45,3
2012-04-22 01:55:02.121157+00:00,4.73,10.48,16.0,3657.0199172830366,18.405598616491556,-131.05558783342926,45,2
2012-04-22 01:56:02.121157+00:00,9.9,21.16,32.15,3388.033729839656,18.251850613214433,-131.3630838399835,43,3
2012-04-22 01:57:02.121157+00:00,8.87,19.07,28.99,3286.314623581305,18.247611691424193,-131.37156168356395,41,2
2012-04-22 01:59:02.121157+00:00,16.25,33.86,40.0,2881.2950201490394,17.801754961243994,-132.26327514392435,36,4
2012-04-22 02:00:02.121157+00:00,17.19,35.74,40.0,2712.660387314363,17.692167507905342,-132.48245005060167,35,2
2012-04-22 02:01:02.121157+00:00,15.76,32.9,40.0,2698.0329618391625,17.626729360952737,-132.6133263445069,32,3
2012-04-22 02:02:02.121157+00:00,19.7,40.0,40.0,2683.4055363639623,17.692167507905342,-132.48245005060167,29,1
2012-04-22 02:03:02.121157+00:00,19.9,40.0,40.0,2712.660387314363,17.724215678262386,-132.41835370988758,27,2
2012-04-22 02:04:02.121157+00:00,20.32,40.0,40.0,2849.978414223563,17.702292761477768,-132.46219954345685,24,2
2012-04-22 02:05:02.121157+00:00,20.2,40.0,40.0,3047.931857981155,17.911165010445696,-132.04445504552098,22,1
2012-04-22 02:10:02.121157+00:00,12.06,25.51,38.69,2366.7058112559225,17.215480470653894,-133.43582412510457,11,1
2012-04-25 10:15:02.123778+00:00,5.57,12.25,18.7,5353.816298881291,16.672029876852093,-139.14243295773335,3,1
2012-04-25 10:19:02.123778+00:00,5.65,12.41,18.94,5429.289046539283,16.712386238983417,-139.06172023347068,4,1
2012-04-25 10:23:02.123778+00:00,5.49,12.09,18.45,5504.761794197274,16.75274260111474,-138.98100750920804,5,1
2012-04-25 10:27:02.123778+00:00,5.0,11.05,16.87,6571.467673186515,16.960203540338284,-138.56608563076094,5,1
2012-04-25 10:31:02.123778+00:00,4.92,10.88,16.62,7015.3440296919625,17.458788897815605,-137.56891491580632,5,1
2012-04-25 10:34:02.123778+00:00,4.92,10.88,16.62,7919.239649692039,17.623160084042354,-137.2401725433528,4,1
2012-04-25 10:39:02.123778+00:00,4.86,10.75,16.41,9037.223535093492,17.878343776649466,-136.72980515813856,4,1
2012-04-25 10:47:02.123778+00:00,4.76,10.54,16.1,8823.135269692115,17.7875312702691,-136.9114301708993,3,1
2012-04-25 10:53:02.123778+00:00,8.73,18.78,28.56,6670.045938907386,19.21297306382492,-134.0605465837877,6,1
2012-04-25 10:58:02.123778+00:00,8.79,18.91,28.75,5029.403139612263,18.983846568867193,-134.51879957370312,6,1
2012-04-25 11:02:02.123778+00:00,8.79,18.91,28.75,5029.403139612263,18.983846568867193,-134.51879957370312,6,2
2012-04-25 11:03:02.123778+00:00,8.79,18.91,28.75,5029.403139612263,18.983846568867193,-134.51879957370312,6,1
2012-04-25 11:05:02.123778+00:00,8.84,19.0,28.9,4370.119603536508,20.45678984462,-131.57291302219753,5,1
2012-04-25 13:36:02.122548+00:00,5.96,13.08,19.95,4096.418105033317,16.067724295419936,-140.51346766312616,4,1
2012-04-25 13:40:02.122548+00:00,5.96,13.08,19.95,4096.418105033317,16.067724295419936,-140.51346766312616,4,1
2012-04-25 13:43:02.122548+00:00,5.96,13.08,19.95,4096.418105033317,16.067724295419936,-140.51346766312616,4,1
2012-04-25 13:46:02.122548+00:00,5.92,12.99,19.81,3980.837880380176,15.98810323358147,-140.6727097868031,3,1
2012-04-28 13:05:02.125168+00:00,24.89,40.0,40.0,3447.5939114869534,18.425797251410614,-127.55639329727984,19,1
2012-04-28 13:07:02.125168+00:00,25.72,40.0,40.0,2649.641036716634,18.381997858459123,-127.64399208318284,22,2
2012-04-28 13:08:02.125168+00:00,25.76,40.0,40.0,2596.904046061119,18.366310562706683,-127.67536667468772,23,1
2012-04-28 13:09:02.125168+00:00,25.85,40.0,40.0,2518.496765887123,18.3656496321678,-127.67668853576546,24,1
2012-04-28 13:10:02.125168+00:00,25.85,40.0,40.0,2518.496765887123,18.3656496321678,-127.67668853576546,24,3
2012-04-28 13:11:02.125168+00:00,25.94,40.0,40.0,2359.17598478782,18.362256829059092,-127.68347414198288,26,3
2012-04-28 13:12:02.125168+00:00,25.89,40.0,40.0,2278.262483862514,18.35952495648926,-127.68893788712256,27,2
2012-04-28 13:13:02.125168+00:00,25.98,40.0,40.0,2278.262483862514,18.35952495648926,-127.68893788712256,27,3
2012-04-28 13:14:02.125168+00:00,25.89,40.0,40.0,2278.262483862514,18.35952495648926,-127.68893788712256,27,1
2012-04-28 13:15:02.125168+00:00,25.94,40.0,40.0,2278.262483862514,18.35952495648926,-127.68893788712256,27,3
2012-04-28 13:16:02.125168+00:00,25.94,40.0,40.0,2359.17598478782,18.362256829059092,-127.68347414198288,26,2
2012-04-28 13:18:02.125168+00:00,25.85,40.0,40.0,2596.904046061119,18.366310562706683,-127.67536667468772,23,2
2012-04-28 13:20:02.125168+00:00,25.47,40.0,40.0,3074.985969429551,18.381997858459123,-127.64399208318284,20,2
2012-04-28 13:21:02.125168+00:00,24.45,40.0,40.0,2649.641036716634,18.36291775959797,-127.68215228090514,18,1
2012-04-28 18:47:02.125168+00:00,5.45,12.0,18.31,6066.334629091796,20.33844769011059,-123.7310924198799,26,2
2012-04-28 18:48:02.125168+00:00,5.36,11.8,18.01,6909.1611129403755,20.33844769011059,-123.7310924198799,28,2
2012-04-28 18:49:02.125168+00:00,5.51,12.12,18.5,7469.487705521348,20.35804975836807,-123.69188828336492,31,2
2012-04-28 18:50:02.125168+00:00,5.23,11.54,17.62,7483.152261356454,20.35844504056294,-123.6910977189752,34,3
2012-04-28 18:51:02.125168+00:00,3.31,7.41,11.33,8267.619481471424,20.399241674682564,-123.60950445073595,37,2
2012-04-28 18:52:02.125168+00:00,3.25,7.28,11.14,8437.12272487891,20.41315005004499,-123.58168770001107,39,3
2012-04-28 18:53:02.125168+00:00,3.25,7.28,11.14,8555.941506964504,20.49936542691887,-123.40925694626333,42,3
2012-04-28 18:54:02.125168+00:00,3.29,7.37,11.27,8267.619481471424,20.41315005004499,-123.58168770001107,45,2
2012-04-28 18:55:02.125168+00:00,3.25,7.28,11.14,8178.521429657995,20.41315005004499,-123.58168770001107,47,3
2012-04-28 18:56:02.125168+00:00,3.18,7.12,10.89,7837.669123424777,20.549661576673124,-123.30866464675482,50,3
2012-04-28 18:57:02.125168+00:00,2.96,6.64,10.15,8267.619481471424,20.585580803792748,-123.23682619251558,51,2
2012-04-28 18:58:02.125168+00:00,3.2,7.16,10.95,8555.941506964504,20.700963477017552,-123.00606084606598,52,3
2012-04-28 18:59:02.125168+00:00,3.12,6.99,10.69,8758.578385270372,20.82030918432455,-122.76736943145198,52,3
2012-04-28 19:00:02.125168+00:00,3.12,6.99,10.69,8842.396481490649,20.788246323336654,-122.83149515342777,51,2
2012-04-28 19:01:02.125168+00:00,3.16,7.07,10.82,8842.396481490649,20.788246323336654,-122.83149515342777,51,3
2012-04-28 19:02:02.125168+00:00,3.14,7.03,10.76,8307.822077268453,20.594372516697252,-123.21924276670656,50,3
2012-04-28 19:03:02.125168+00:00,3.12,6.99,10.69,8639.759603184779,20.569624892723745,-123.2687380146536,48,3
2012-04-28 19:04:02.125168+00:00,3.12,6.99,10.69,8639.759603184779,20.569624892723745,-123.2687380146536,48,2
2012-04-28 19:05:02.125168+00:00,3.12,6.99,10.69,9193.953499456717,20.68165536301636,-123.04467707406836,46,3
2012-04-28 19:06:02.125168+00:00,3.2,7.16,10.95,9545.51051742278,20.884977203272893,-122.6380333935553,43,3
2012-04-28 19:07:02.125168+00:00,2.73,6.13,9.38,8510.458955574322,20.730020802984477,-122.94794619413211,40,2
2012-04-28 19:08:02.125168+00:00,2.41,5.43,8.31,7973.316770691676,20.922583583325856,-122.56282063344938,38,2
2012-04-28 19:09:02.125168+00:00,2.34,5.27,8.07,7276.454218456393,20.57506440269606,-123.25785899470895,35,2
2012-04-28 19:10:02.125168+00:00,2.27,5.11,7.82,6730.538932683023,20.569624892723745,-123.2687380146536,32,2
2012-04-28 19:11:02.125168+00:00,30.24,40.0,40.0,6287.016141178383,20.535137770594822,-123.33771225891142,29,3
2012-04-28 19:12:02.125168+00:00,25.3,40.0,40.0,6201.305965526021,20.532170460649333,-123.3436468788024,27,1
2012-04-28 19:13:02.125168+00:00,1.98,4.47,6.84,5917.60042692682,20.44985885129091,-123.50827009751926,25,2
2012-04-28 19:23:02.125168+00:00,12.03,25.44,38.58,2614.7740510903886,16.515218898787808,-131.37755000252548,5,1
2012-04-28 19:27:02.125168+00:00,12.06,25.51,38.69,1825.05198337664,16.94496469093642,-130.51805841822824,3,1
2012-04-28 19:28:02.125168+00:00,12.06,25.51,38.69,1825.05198337664,16.94496469093642,-130.51805841822824,3,1
2012-05-05 13:29:02.127949+00:00,7.31,15.88,24.19,6524.5885715580425,20.65503576264867,-128.65387753205874,27,1
2012-05-05 13:30:02.127949+00:00,9.12,19.58,29.76,6817.798376871402,20.718746847805264,-128.52645536174555,30,2
2012-05-05 13:31:02.127949+00:00,30.18,40.0,40.0,7176.1552489465175,20.735905552242183,-128.49213795287173,32,3
2012-05-05 13:32:02.127949+00:00,3.1,6.94,10.62,8242.941960752722,20.82797684804251,-128.30799536127105,35,3
2012-05-05 13:33:02.127949+00:00,7.51,16.28,24.8,9140.05805145976,20.857911094537194,-128.2481268682817,38,2
2012-05-05 13:34:02.127949+00:00,6.56,14.33,21.85,9169.69638161663,20.872982706655428,-128.21798364404523,40,3
2012-05-05 13:35:02.127949+00:00,6.74,14.7,22.41,9188.380475364698,20.886757976150335,-128.19043310505543,43,4
2012-05-05 13:36:02.127949+00:00,6.53,14.27,21.75,9188.380475364698,20.886757976150335,-128.19043310505543,45,2
2012-05-05 13:37:02.127949+00:00,6.44,14.08,21.47,9188.380475364698,20.886757976150335,-128.19043310505543,47,3
2012-05-05 13:38:02.127949+00:00,6.44,14.08,21.47,9169.69638161663,20.91708599931456,-128.12977705872697,50,3
2012-05-05 13:39:02.127949+00:00,6.32,13.83,21.09,9169.69638161663,20.91708599931456,-128.12977705872697,52,2
2012-05-05 13:40:02.127949+00:00,6.35,13.9,21.19,9186.346624800692,20.977642202110452,-128.00866465313518,54,3
2012-05-05 13:41:02.127949+00:00,6.35,13.9,21.19,9184.312774236689,21.007870381742112,-127.94820829387186,55,2
2012-05-05 13:42:02.127949+00:00,6.4,13.99,21.33,9184.312774236689,21.007870381742112,-127.94820829387186,55,3
2012-05-05 13:43:02.127949+00:00,6.46,14.11,21.52,9188.380475364698,21.007870381742112,-127.94820829387186,53,3
2012-05-05 13:44:02.127949+00:00,6.46,14.11,21.52,9140.05805145976,20.96366991487402,-128.03660922760804,54,2
2012-05-05 13:45:02.127949+00:00,6.46,14.11,21.52,9155.079988996573,20.94741402247879,-128.0691210123985,53,3
2012-05-05 13:46:02.127949+00:00,6.4,13.99,21.33,9171.730232180636,20.99389809450568,-127.97615286834473,50,2
2012-05-05 13:47:02.127949+00:00,6.52,14.24,21.7,9155.079988996573,21.04765347738092,-127.86864210259424,47,2
2012-05-05 13:48:02.127949+00:00,6.58,14.36,21.89,8377.65897515442,21.062646953234605,-127.83865515088686,46,3
2012-05-05 13:49:02.127949+00:00,6.43,14.05,21.42,7630.281836385891,21.04765347738092,-127.86864210259424,43,4
2012-05-05 13:50:02.127949+00:00,5.72,12.57,19.18,7140.446325203731,20.99389809450568,-127.97615286834473,40,2
2012-05-05 13:51:02.127949+00:00,7.15,15.54,23.67,6502.121111646533,20.829607069727693,-128.3047349179007,39,4
2012-05-05 13:52:02.127949+00:00,6.98,15.2,23.16,5986.307620120555,20.698084764680303,-128.56777952799547,36,1
2012-05-05 13:53:02.127949+00:00,6.94,15.11,23.02,5794.13907679932,20.54371473314469,-128.8765195910667,33,3
2012-05-05 13:54:02.127949+00:00,5.71,12.54,19.13,5445.469919869563,20.445860382866417,-129.07222829162325,31,3
2012-05-05 13:55:02.127949+00:00,5.71,12.54,19.13,4879.248346035622,20.139528904173424,-129.68489124900924,28,1
2012-05-05 13:57:02.127949+00:00,11.95,25.29,38.36,4324.04316317511,19.613158532551864,-130.73763199225235,26,1
2012-05-05 14:00:02.127949+00:00,6.32,13.83,21.09,2722.488059851597,18.394671021385378,-133.17460701458532,17,1
2012-05-05 14:06:02.127949+00:00,5.87,12.89,19.66,1582.130902791207,16.347025624572304,-137.26989780821148,5,1
2012-05-05 14:07:02.127949+00:00,5.69,12.51,19.09,1582.130902791207,16.347025624572304,-137.26989780821148,5,1
2012-05-05 14:11:02.127949+00:00,5.71,12.54,19.13,1939.7550521424932,16.347025624572304,-137.26989780821148,3,1
2012-05-06 15:33:02.125489+00:00,20.88,40.0,40.0,5931.470984426242,22.401907653632215,-129.7488347797606,3,2
2012-05-06 15:34:02.125489+00:00,20.88,40.0,40.0,5931.470984426242,22.401907653632215,-129.7488347797606,3,1
2012-05-07 08:59:02.124259+00:00,5.62,12.35,18.84,3442.7279312026812,15.461054505424904,-143.5062850542465,3,1
2012-05-07 09:06:02.124259+00:00,5.09,11.25,17.17,8837.579942812557,17.728789111959372,-138.97081584117757,4,1
2012-05-07 09:10:02.124259+00:00,4.92,10.88,16.62,10102.705530894127,17.99375234262502,-138.44088937984628,4,1
2012-05-07 09:15:02.124259+00:00,4.92,10.88,16.62,10102.705530894127,17.99375234262502,-138.44088937984628,4,1
2012-05-07 09:20:02.124259+00:00,4.26,9.47,14.47,10384.479695373668,18.046447611299406,-138.3354988424975,4,1
2012-05-07 09:25:02.124259+00:00,3.82,8.51,13.02,10384.479695373668,18.046447611299406,-138.3354988424975,4,1
2012-05-07 09:30:02.124259+00:00,3.61,8.05,12.32,4984.200808331541,16.836272503477996,-140.7558490581403,3,1
2012-05-07 09:35:02.124259+00:00,3.55,7.93,12.14,4984.200808331541,16.836272503477996,-140.7558490581403,3,1
2012-05-07 10:07:02.124259+00:00,2.24,5.05,7.74,10184.026541602469,18.267949956926913,-137.8924941512425,3,1
2012-05-07 10:14:02.124259+00:00,1.72,3.88,5.94,15651.956684900384,20.07145903055416,-134.28547600398798,3,1
2012-05-07 10:22:02.124259+00:00,1.17,2.64,4.05,29094.058725924373,20.85136925834287,-132.72565554841057,3,1
2012-05-07 10:31:02.124259+00:00,0.92,2.08,3.19,29094.058725924373,20.85136925834287,-132.72565554841057,3,1
2012-05-07 10:37:02.124259+00:00,1.21,2.74,4.2,29094.058725924373,20.85136925834287,-132.72565554841057,3,1
2012-05-07 10:44:02.124259+00:00,1.84,4.15,6.36,17174.37751113249,19.732127002372632,-134.96414006035104,3,1
2012-05-12 03:28:02.121959+00:00,6.68,14.58,22.22,2506.281042909918,18.533062028941693,-135.46447292340605,18,2
2012-05-12 03:31:02.121959+00:00,6.62,14.46,22.03,2637.9352970987934,18.53962122131124,-135.45135453866695,21,1
2012-05-12 03:32:02.121959+00:00,6.61,14.43,21.99,2506.281042909918,18.533062028941693,-135.46447292340605,22,1
2012-05-12 03:33:02.121959+00:00,6.55,14.3,21.8,2506.281042909918,18.533062028941693,-135.46447292340605,22,1
2012-05-12 03:34:02.121959+00:00,6.55,14.3,21.8,2506.281042909918,18.533062028941693,-135.46447292340605,22,2
2012-05-12 03:35:02.121959+00:00,6.56,14.33,21.85,2506.281042909918,18.533062028941693,-135.46447292340605,22,3
2012-05-12 03:36:02.121959+00:00,6.56,14.33,21.85,2374.626788721043,18.526502836572146,-135.47759130814515,23,3
2012-05-12 03:37:02.121959+00:00,6.47,14.15,21.56,2374.626788721043,18.526502836572146,-135.47759130814515,23,3
2012-05-12 03:38:02.121959+00:00,6.43,14.05,21.42,2374.626788721043,18.526502836572146,-135.47759130814515,23,3
2012-05-12 03:39:02.121959+00:00,6.4,13.99,21.33,2637.9352970987934,18.526502836572146,-135.47759130814515,21,1
2012-05-12 03:40:02.121959+00:00,6.4,13.99,21.33,2637.9352970987934,18.526502836572146,-135.47759130814515,21,1
2012-05-12 03:41:02.121959+00:00,6.43,14.05,21.42,2637.9352970987934,18.526502836572146,-135.47759130814515,21,1
2012-05-12 03:46:02.121959+00:00,6.65,14.52,22.13,2753.6663123082185,18.972722411320923,-134.5851521586476,12,1
2012-05-12 16:45:02.120729+00:00,25.42,40.0,40.0,2072.8814584793945,16.487479810321332,-134.1619920512608,7,1
2012-05-12 16:46:02.120729+00:00,25.38,40.0,40.0,2072.8814584793945,16.487479810321332,-134.1619920512608,7,2
2012-05-12 16:50:02.120729+00:00,26.16,40.0,40.0,1867.81394681096,16.209098063971382,-134.7187555439607,8,2
2012-05-12 16:51:02.120729+00:00,25.98,40.0,40.0,1867.81394681096,16.209098063971382,-134.7187555439607,8,1
2012-05-12 16:53:02.120729+00:00,25.59,40.0,40.0,1867.81394681096,16.209098063971382,-134.7187555439607,8,1
2012-05-12 16:58:02.120729+00:00,23.98,40.0,40.0,2268.5470519058235,16.73178460271326,-133.67338246647694,6,1
2012-05-12 17:04:02.120729+00:00,27.58,40.0,40.0,1917.4077205227563,16.892318529135448,-133.35231461363256,4,1
2012-05-12 17:09:02.120729+00:00,24.72,40.0,40.0,2013.879592423156,17.159165244986696,-132.81862118193007,3,1
2012-05-12 17:10:02.120729+00:00,24.81,40.0,40.0,2013.879592423156,17.159165244986696,-132.81862118193007,3,1
2012-05-18 20:41:02.125970+00:00,5.32,11.74,17.92,2714.615832723468,19.743476900402392,-130.4604394588274,22,1
2012-05-18 20:42:02.125970+00:00,5.29,11.67,17.82,2714.615832723468,19.803073260886855,-130.3412467378585,24,1
2012-05-18 20:43:02.125970+00:00,5.39,11.87,18.11,2941.6299159841137,19.761271266872328,-130.42485072588755,27,3
2012-05-18 20:44:02.125970+00:00,5.26,11.61,17.72,3269.989737888068,19.803073260886855,-130.3412467378585,30,1
2012-05-18 20:45:02.125970+00:00,5.0,11.05,16.87,3269.989737888068,19.803073260886855,-130.3412467378585,32,3
2012-05-18 20:46:02.125970+00:00,5.08,11.21,17.12,3431.65218193179,19.974192164340533,-129.9990089309511,35,1
2012-05-18 20:47:02.125970+00:00,4.78,10.58,16.16,3269.989737888068,19.973553165015066,-130.00028692960208,38,2
2012-05-18 20:48:02.125970+00:00,4.92,10.88,16.62,3478.949293557521,19.98585659138198,-129.97568007686823,41,2
2012-05-18 20:49:02.125970+00:00,4.84,10.71,16.36,3580.4665216162875,19.99360344792876,-129.96018636377468,43,3
2012-05-18 20:50:02.125970+00:00,5.01,11.08,16.92,3715.82854885103,20.02502701555756,-129.89733922851707,46,3
2012-05-18 20:51:02.125970+00:00,4.95,10.95,16.72,3780.0279621802256,20.38506840832497,-129.17725644298224,48,3
2012-05-18 20:52:02.125970+00:00,5.69,12.51,19.09,3802.607849357144,20.58140143023403,-128.78459039916413,49,3
2012-05-18 20:53:02.125970+00:00,5.81,12.76,19.47,3845.2359813098255,20.67232908151741,-128.60273509659737,50,3
2012-05-18 20:54:02.125970+00:00,5.99,13.14,20.05,3802.607849357144,20.96019336259413,-128.02700653444396,49,2
2012-05-18 20:55:02.125970+00:00,5.99,13.14,20.05,3887.864113262507,21.024962197819953,-127.8974688639923,51,3
2012-05-18 20:56:02.125970+00:00,5.98,13.11,20.0,3941.730505194889,21.086338945344465,-127.77471536894328,50,3
2012-05-18 20:57:02.125970+00:00,5.98,13.11,20.0,3995.59689712727,21.17792660338452,-127.59154005286317,51,2
2012-05-18 20:58:02.125970+00:00,6.08,13.33,20.33,4144.455709341934,21.22299516390565,-127.5014029318209,50,3
2012-05-18 20:59:02.125970+00:00,6.17,13.52,20.62,4144.455709341934,21.14450357802365,-127.65838610358492,48,3
2012-05-18 21:00:02.125970+00:00,6.41,14.02,21.37,4144.455709341934,21.14450357802365,-127.65838610358492,46,2
2012-05-18 21:01:02.125970+00:00,6.16,13.49,20.57,3941.730505194889,21.22299516390565,-127.5014029318209,42,3
2012-05-18 21:02:02.125970+00:00,6.23,13.65,20.81,3995.59689712727,21.268063724426774,-127.41126581077864,41,2
2012-05-18 21:03:02.125970+00:00,6.16,13.49,20.57,4144.455709341934,21.292366316388655,-127.36266062685488,38,2
2012-05-18 21:04:02.125970+00:00,6.35,13.9,21.19,4293.314521556599,21.364937683525422,-127.21751789258136,35,2
2012-05-18 21:05:02.125970+00:00,6.59,14.39,21.94,4293.314521556599,21.3667967904804,-127.2137996786714,33,3
2012-05-18 21:06:02.125970+00:00,6.44,14.08,21.47,4554.5316788997425,21.48728887058448,-126.97281551846324,30,3
2012-05-18 21:08:02.125970+00:00,6.89,15.01,22.88,4271.852408981132,21.68833866665136,-126.57071592632948,24,1
2012-05-18 21:09:02.125970+00:00,7.06,15.36,23.39,3941.730505194889,21.68833866665136,-126.57071592632948,22,1
2012-05-18 21:11:02.125970+00:00,6.97,15.17,23.11,3361.2238849740365,21.63334949200339,-126.68069427562544,16,1
2012-05-19 19:08:02.123510+00:00,3.61,8.05,12.32,7536.653361380406,20.834504935394108,-125.6164955860215,22,1
2012-05-19 19:09:02.123510+00:00,26.47,40.0,40.0,9259.660581419104,21.030292440674376,-125.22492057546096,25,1
2012-05-19 19:10:02.123510+00:00,27.06,40.0,40.0,10846.860973059467,21.28898499266611,-124.70753547147748,28,2
2012-05-19 19:11:02.123510+00:00,26.65,40.0,40.0,12532.65902942238,21.493485190058273,-124.29853507669316,30,2
2012-05-19 19:12:02.123510+00:00,25.98,40.0,40.0,12678.959782275915,21.80497288163907,-123.67555969353155,32,3
2012-05-19 19:13:02.123510+00:00,25.98,40.0,40.0,12774.714825693123,22.32687359544962,-122.63175826591046,34,2
2012-05-19 19:14:02.123510+00:00,25.81,40.0,40.0,12822.766780979344,22.632779664423484,-122.01994612796273,35,2
2012-05-19 19:15:02.123510+00:00,26.29,40.0,40.0,12822.766780979344,22.632779664423484,-122.01994612796273,37,3
2012-05-19 19:16:02.123510+00:00,26.24,40.0,40.0,12774.714825693123,22.527273177026508,-122.23095910275669,40,1
2012-05-19 19:17:02.123510+00:00,26.24,40.0,40.0,12726.662870406908,22.421766689629536,-122.44197207755064,41,3
2012-05-19 19:18:02.123510+00:00,26.24,40.0,40.0,12678.959782275915,22.230764662865987,-122.82397613107774,42,3
2012-05-19 19:19:02.123510+00:00,26.29,40.0,40.0,12726.662870406908,22.421766689629536,-122.44197207755064,43,3
2012-05-19 19:20:02.123510+00:00,26.29,40.0,40.0,12726.662870406908,22.421766689629536,-122.44197207755064,43,2
2012-05-19 19:21:02.123510+00:00,26.29,40.0,40.0,12822.766780979344,22.490099135970155,-122.3053071848694,41,3
2012-05-19 19:22:02.123510+00:00,26.29,40.0,40.0,13813.868131941075,22.632779664423484,-122.01994612796273,39,2
2012-05-19 19:23:02.123510+00:00,26.02,40.0,40.0,13813.868131941075,22.632779664423484,-122.01994612796273,37,2
2012-05-19 19:24:02.123510+00:00,25.98,40.0,40.0,13318.31745646021,22.561439400196814,-122.16262665641604,36,1
2012-05-19 19:25:02.123510+00:00,25.98,40.0,40.0,14185.499989740936,22.763127014258092,-121.75925142829354,33,2
2012-05-19 19:26:02.123510+00:00,25.98,40.0,40.0,15376.76066604934,22.767204108522165,-121.7510972397654,32,2
2012-05-19 19:27:02.123510+00:00,26.02,40.0,40.0,12822.766780979344,22.632779664423484,-122.01994612796273,33,1
2012-05-19 19:28:02.123510+00:00,25.26,40.0,40.0,8851.466841610718,22.421766689629536,-122.44197207755064,33,2
2012-05-19 19:29:02.123510+00:00,25.22,40.0,40.0,8394.714910167499,22.0839477683216,-123.1176099201665,30,2
2012-05-19 19:30:02.123510+00:00,11.14,23.66,35.91,6995.027594790108,21.629708576143436,-124.02608830452284,28,1
2012-05-19 19:33:02.123510+00:00,32.09,40.0,40.0,2975.985597905435,19.85889508778731,-127.56771528123508,23,2
2012-05-19 19:36:02.123510+00:00,34.25,40.0,40.0,1954.5261707306165,17.41342202775912,-132.4586614012915,18,3
2012-05-19 19:37:02.123510+00:00,34.54,40.0,40.0,1950.283140248846,17.395235862332846,-132.495033732144,17,2
2012-05-19 19:38:02.123510+00:00,14.82,31.01,40.0,1894.1814186970923,17.32132613694454,-132.64285318292062,16,2
2012-05-19 19:40:02.123510+00:00,36.16,40.0,40.0,1894.1814186970923,16.800112016962878,-133.68528142288395,12,1
2012-05-19 19:42:02.123510+00:00,36.16,40.0,40.0,1894.1814186970923,16.800112016962878,-133.68528142288395,12,1
2012-05-19 19:45:02.123510+00:00,36.24,40.0,40.0,1894.1814186970923,16.70611233986591,-133.87328077707787,10,1
2012-05-28 12:28:02.121370+00:00,19.29,39.91,40.0,3540.523512699332,21.647210184207253,-128.67123156079498,22,2
2012-05-28 12:29:02.121370+00:00,18.96,39.24,40.0,4430.701659185621,21.81484225581245,-128.33596741758458,25,2
2012-05-28 12:30:02.121370+00:00,19.29,39.91,40.0,4500.786890384477,22.09989461702235,-127.76586269516476,27,1
2012-05-28 12:31:02.121370+00:00,19.29,39.91,40.0,4465.744274785049,22.119024909386734,-127.727602110436,30,1
2012-05-28 12:32:02.121370+00:00,19.29,39.91,40.0,4465.744274785049,21.957368436417404,-128.05091505637466,32,2
2012-05-28 12:33:02.121370+00:00,19.29,39.91,40.0,4727.015365684852,21.81076118515829,-128.3441295588929,34,1
2012-05-28 12:34:02.121370+00:00,19.32,39.97,40.0,4500.786890384477,21.80668011450413,-128.3522917002012,35,2
2012-05-28 12:35:02.121370+00:00,19.32,39.97,40.0,4465.744274785049,21.74262928492114,-128.48039335936718,36,4
2012-05-28 12:36:02.121370+00:00,19.32,39.97,40.0,3844.381929147208,21.615841913076355,-128.73396810305675,39,3
2012-05-28 12:37:02.121370+00:00,19.32,39.97,40.0,3748.364772058436,21.647210184207253,-128.67123156079498,40,3
2012-05-28 12:38:02.121370+00:00,19.32,39.97,40.0,3748.364772058436,21.647210184207253,-128.67123156079498,40,3
2012-05-28 12:39:02.121370+00:00,19.32,39.97,40.0,4137.541794166415,21.74262928492114,-128.48039335936718,38,2
2012-05-28 12:40:02.121370+00:00,19.32,39.97,40.0,4430.701659185621,21.80668011450413,-128.3522917002012,37,2
2012-05-28 12:41:02.121370+00:00,19.32,39.97,40.0,4465.744274785049,21.81076118515829,-128.3441295588929,36,3
2012-05-28 12:42:02.121370+00:00,19.35,40.0,40.0,4727.015365684852,21.837760754455992,-128.2901304202975,34,2
2012-05-28 12:43:02.121370+00:00,19.35,40.0,40.0,4953.243840985228,21.860679253099537,-128.2442934230104,33,2
2012-05-28 12:44:02.121370+00:00,19.38,40.0,40.0,5491.139796051008,22.09989461702235,-127.76586269516476,31,1
2012-05-28 12:45:02.121370+00:00,19.32,39.97,40.0,5595.804117255488,22.161692598000045,-127.64226673320935,28,2
2012-05-28 12:46:02.121370+00:00,20.32,40.0,40.0,5533.619152568906,22.09989461702235,-127.76586269516476,25,2
2012-05-28 12:47:02.121370+00:00,9.64,20.64,31.36,5512.379474309957,21.833679683801833,-128.2982925616058,22,1
2012-05-31 19:38:02.123991+00:00,6.71,14.64,22.32,3048.292814247249,15.220323565534152,-142.7313247779244,3,1
2012-05-31 19:45:02.123991+00:00,6.95,15.14,23.07,2637.4831932507,14.943508718995444,-143.28495447100184,3,1
2012-05-31 19:51:02.123991+00:00,7.0,15.23,23.21,2245.132357619664,14.780720064392757,-143.6105317802072,3,1
2012-05-31 23:52:02.123991+00:00,4.26,9.47,14.47,2152.559205202304,17.550868122477144,-138.07023566403842,7,2
2012-05-31 23:53:02.123991+00:00,4.23,9.4,14.36,2152.559205202304,17.550868122477144,-138.07023566403842,7,1
2012-05-31 23:54:02.123991+00:00,4.23,9.4,14.36,2152.559205202304,17.550868122477144,-138.07023566403842,7,2
2012-05-31 23:55:02.123991+00:00,4.21,9.36,14.31,2152.559205202304,17.550868122477144,-138.07023566403842,7,1
2012-05-31 23:58:02.123991+00:00,4.21,9.36,14.31,2152.559205202304,17.550868122477144,-138.07023566403842,7,1
2012-06-01 00:03:02.122761+00:00,12.04,25.47,38.63,2474.9967910046134,17.582829820481457,-136.89695195189503,14,1
2012-06-01 00:04:02.122761+00:00,12.08,25.54,38.74,2514.2427063134064,17.582829820481457,-136.89695195189503,16,1
2012-06-01 00:06:02.122761+00:00,12.28,25.95,39.35,2664.5610212917527,17.746422403054485,-136.56976678674897,18,1
2012-06-01 00:07:02.122761+00:00,12.23,25.84,39.18,2664.5610212917527,17.746422403054485,-136.56976678674897,20,2
2012-06-01 00:09:02.122761+00:00,16.18,33.72,40.0,2914.4944073045863,17.986039182826104,-136.09053322720575,25,1
2012-06-01 00:10:02.122761+00:00,16.25,33.86,40.0,3001.1023392972475,18.19794960689439,-135.66671237906917,27,3
2012-06-01 00:11:02.122761+00:00,16.27,33.91,40.0,3017.816173633209,18.240502951537717,-135.58160568978252,28,2
2012-06-01 00:12:02.122761+00:00,16.37,34.1,40.0,3034.5300079691706,18.351671114074907,-135.35926936470813,31,2
2012-06-01 00:13:02.122761+00:00,16.3,33.96,40.0,3065.115678841473,18.472835466072937,-135.1169406607121,32,1
2012-06-01 00:14:02.122761+00:00,16.39,34.14,40.0,3034.5300079691706,18.42891927694748,-135.204773038963,35,2
2012-06-01 00:15:02.122761+00:00,16.39,34.14,40.0,3065.115678841473,18.472835466072937,-135.1169406607121,34,1
2012-06-01 00:16:02.122761+00:00,16.41,34.19,40.0,3065.115678841473,18.472835466072937,-135.1169406607121,36,2
2012-06-01 00:17:02.122761+00:00,16.39,34.14,40.0,3034.5300079691706,18.554233755677853,-134.95414408150225,35,2
2012-06-01 00:18:02.122761+00:00,16.41,34.19,40.0,3065.115678841473,18.657813527129413,-134.74698453859912,34,3
2012-06-01 00:19:02.122761+00:00,16.44,34.24,40.0,3026.6774184900432,18.657813527129413,-134.74698453859912,34,2
2012-06-01 00:20:02.122761+00:00,16.48,34.33,40.0,3009.963584154082,18.535492705438124,-134.9916261819817,34,2
2012-06-01 00:21:02.122761+00:00,16.56,34.48,40.0,3018.8248290109163,18.51675165519839,-135.02910828246118,33,2
2012-06-01 00:22:02.122761+00:00,16.56,34.48,40.0,3009.963584154082,18.472835466072937,-135.1169406607121,32,2
2012-06-01 00:23:02.122761+00:00,16.63,34.62,40.0,3009.963584154082,18.472835466072937,-135.1169406607121,30,2
2012-06-01 00:24:02.122761+00:00,16.65,34.67,40.0,3057.2630893623455,18.535492705438124,-134.9916261819817,28,2
2012-06-01 00:25:02.122761+00:00,16.63,34.62,40.0,3057.2630893623455,18.535492705438124,-134.9916261819817,28,1
2012-06-01 00:26:02.122761+00:00,16.63,34.62,40.0,3130.6499923610127,18.69936198742878,-134.6638876180004,26,1
2012-06-01 00:27:02.122761+00:00,16.68,34.71,40.0,3130.6499923610127,18.69936198742878,-134.6638876180004,24,1
2012-06-01 00:28:02.122761+00:00,16.82,35.0,40.0,3057.2630893623455,18.69936198742878,-134.6638876180004,22,1
2012-06-01 00:29:02.122761+00:00,16.99,35.34,40.0,2880.950328986022,18.472835466072937,-135.1169406607121,20,1
2012-06-01 00:30:02.122761+00:00,16.92,35.2,40.0,2697.9899938319163,18.15486465521277,-135.7528822824324,20,2
2012-06-01 00:31:02.122761+00:00,16.89,35.15,40.0,2652.904158702705,18.12609565250674,-135.8104202878445,19,1
2012-06-01 00:39:02.122761+00:00,15.12,31.61,40.0,2111.4226686721804,17.624227921130316,-136.8141557505973,8,2
2012-06-01 00:40:02.122761+00:00,13.38,28.15,40.0,2111.4226686721804,17.624227921130316,-136.8141557505973,6,1
2012-06-01 00:41:02.122761+00:00,14.41,30.21,40.0,1909.228418642268,17.5977530901857,-136.86710541248655,5,1
2012-06-02 02:45:02.120301+00:00,3.23,7.24,11.08,3261.7548356272705,20.456074232897464,-129.77503103671307,17,2
2012-06-02 02:46:02.120301+00:00,3.2,7.16,10.95,3261.7548356272705,20.466441139638572,-129.75429722323085,19,1
2012-06-02 02:47:02.120301+00:00,3.2,7.16,10.95,3197.028063076811,20.52663106483539,-129.6339173728372,22,1
2012-06-02 02:48:02.120301+00:00,3.1,6.94,10.62,3283.656525544262,20.52663106483539,-129.6339173728372,24,2
2012-06-02 02:49:02.120301+00:00,3.2,7.16,10.95,3548.7134331229017,20.52663106483539,-129.6339173728372,26,2
2012-06-02 02:50:02.120301+00:00,3.2,7.16,10.95,3548.7134331229017,20.52663106483539,-129.6339173728372,28,1
2012-06-02 02:52:02.120301+00:00,3.27,7.33,11.21,3813.0982342906073,20.564438997299657,-129.55830150790868,32,2
2012-06-02 02:53:02.120301+00:00,13.09,27.57,40.0,3834.327817796665,20.554089709159648,-129.5790000841887,35,2
2012-06-02 02:54:02.120301+00:00,13.09,27.57,40.0,3813.0982342906073,20.53117197157596,-129.6248355593561,36,3
2012-06-02 02:55:02.120301+00:00,13.07,27.53,40.0,3834.327817796665,20.554089709159648,-129.5790000841887,35,2
2012-06-02 02:56:02.120301+00:00,13.07,27.53,40.0,3813.0982342906073,20.53117197157596,-129.6248355593561,34,2
2012-06-02 02:57:02.120301+00:00,13.11,27.61,40.0,3813.0982342906073,20.59905785146534,-129.4890637995773,32,3
2012-06-02 02:58:02.120301+00:00,13.11,27.61,40.0,3834.327817796665,20.64402599377103,-129.39912751496595,31,2
2012-06-02 02:59:02.120301+00:00,13.15,27.68,40.0,3866.103243566707,20.818847298598165,-129.04948490531166,29,2
2012-06-02 03:00:02.120301+00:00,13.13,27.64,40.0,4378.846705827481,20.890799177804137,-128.90558114689972,27,2
2012-06-02 03:01:02.120301+00:00,13.13,27.64,40.0,4378.846705827481,20.890799177804137,-128.90558114689972,27,3
2012-06-02 03:02:02.120301+00:00,13.13,27.64,40.0,4122.474974697094,20.907177854140087,-128.87282379422783,26,1
2012-06-02 03:03:02.120301+00:00,13.07,27.53,40.0,4126.030140786044,20.97976160277311,-128.72765629696175,24,2
2012-06-02 03:04:02.120301+00:00,13.03,27.45,40.0,4208.983461893657,21.11878847858084,-128.4496025453463,22,1
2012-06-02 17:37:02.129071+00:00,7.98,17.25,26.25,6512.4053306585865,20.79747415331338,-128.45971014873936,28,1
2012-06-02 17:38:02.129071+00:00,7.61,16.5,25.12,7132.2011012681005,20.963842525701864,-128.12697340396238,31,4
2012-06-02 17:39:02.129071+00:00,7.79,16.87,25.68,7468.324759050713,21.054696490773424,-127.94526547381928,33,2
2012-06-02 17:40:02.129071+00:00,7.84,16.97,25.82,8378.3537555525,21.148749187170623,-127.75716008102486,37,3
2012-06-02 17:41:02.129071+00:00,7.87,17.03,25.92,8796.26980594618,21.148749187170623,-127.75716008102486,39,3
2012-06-02 17:42:02.129071+00:00,7.84,16.97,25.82,9098.00151470672,21.179370426251857,-127.6959176028624,42,3
2012-06-02 17:43:02.129071+00:00,7.84,16.97,25.82,8796.26980594618,21.148749187170623,-127.75716008102486,45,2
2012-06-02 17:44:02.129071+00:00,7.84,16.97,25.82,8310.880939057954,21.112863321537503,-127.8289318122911,48,2
2012-06-02 17:45:02.129071+00:00,7.84,16.97,25.82,8310.880939057954,21.14142744890958,-127.77180355754696,50,3
2012-06-02 17:46:02.129071+00:00,7.84,16.97,25.82,8378.3537555525,21.148749187170623,-127.75716008102486,53,3
2012-06-02 17:47:02.129071+00:00,7.84,16.97,25.82,8243.408122563407,21.148749187170623,-127.75716008102486,55,3
2012-06-02 17:48:02.129071+00:00,7.84,16.97,25.82,8243.408122563407,21.148749187170623,-127.75716008102486,55,4
2012-06-02 17:49:02.129071+00:00,7.85,17.0,25.87,8587.31178074934,21.30214428701604,-127.45036988133404,52,2
2012-06-02 17:50:02.129071+00:00,7.84,16.97,25.82,9098.00151470672,21.397658849430183,-127.25934075650576,50,2
2012-06-02 17:51:02.129071+00:00,7.88,17.06,25.97,9399.73322346726,21.410970329741662,-127.2327177958828,47,4
2012-06-02 17:52:02.129071+00:00,7.88,17.06,25.97,9615.349448655652,21.418136439661996,-127.21838557604212,44,2
2012-06-02 17:53:02.129071+00:00,7.88,17.06,25.97,9771.558348656064,21.418139164462513,-127.2183801264411,43,3
2012-06-02 17:54:02.129071+00:00,7.9,17.09,26.01,9968.58309839223,21.825565254354174,-126.40352794665776,41,3
2012-06-02 17:55:02.129071+00:00,8.08,17.46,26.58,9870.070723524146,21.621852209408345,-126.81095403654945,38,2
2012-06-02 17:56:02.129071+00:00,8.22,17.74,27.0,9459.140548655245,21.41813371486148,-127.21839102564316,35,4
2012-06-02 17:57:02.129071+00:00,8.45,18.21,27.71,8821.570673015332,21.40599555995152,-127.24266733546308,32,2
2012-06-02 17:58:02.129071+00:00,8.4,18.12,27.57,6862.951301030713,21.242958920562728,-127.56874061424064,30,1
2012-06-02 18:00:02.129071+00:00,4.26,9.47,14.47,5726.984970812171,20.933156020112342,-128.18834641514144,24,1
2012-06-02 18:02:02.129071+00:00,3.68,8.21,12.55,4567.982319040001,20.607072845358996,-128.84051276464814,21,1
2012-06-02 18:08:02.129071+00:00,6.85,14.92,22.74,1615.299527492061,16.716247993128334,-136.62216246910947,5,1
2012-06-02 18:10:02.129071+00:00,26.97,40.0,40.0,1703.7154623128638,16.533009863847074,-136.98863872767197,4,2
2012-06-07 23:36:02.126771+00:00,4.97,10.98,16.77,4051.989409952299,16.023242553575066,-140.37810139476355,3,1
2012-06-07 23:41:02.126771+00:00,4.98,11.01,16.82,4051.989409952299,16.023242553575066,-140.37810139476355,3,1
2012-06-07 23:46:02.126771+00:00,4.89,10.81,16.51,4051.989409952299,16.023242553575066,-140.37810139476355,3,1
2012-06-08 00:36:02.125541+00:00,0.97,2.21,3.38,6680.771025820951,17.210890129523538,-138.57123230448718,3,1
2012-06-08 00:42:02.125541+00:00,1.55,3.51,5.38,7471.611911299557,17.27038844241335,-138.45223567870755,4,1
2012-06-08 00:46:02.125541+00:00,1.62,3.66,5.61,7951.121690535366,17.2936997135467,-138.40561313644088,5,1
2012-06-08 00:50:02.125541+00:00,1.87,4.21,6.46,7951.121690535366,17.2936997135467,-138.40561313644088,5,1
2012-06-08 00:55:02.125541+00:00,1.84,4.15,6.36,7951.121690535366,17.2936997135467,-138.40561313644088,5,1
2012-06-08 00:59:02.125541+00:00,1.21,2.74,4.2,7249.585183051044,17.223065588563394,-138.54688138640748,5,1
2012-06-08 01:02:02.125541+00:00,1.21,2.74,4.2,6097.781044613091,16.98407003991742,-139.02487248369945,5,1
2012-06-08 01:07:02.125541+00:00,1.07,2.43,3.73,4557.556265730421,16.20387152575325,-140.58526951202776,5,1
2012-06-08 01:11:02.125541+00:00,0.73,1.66,2.55,4557.556265730421,16.20387152575325,-140.58526951202776,5,1
2012-06-08 01:15:02.125541+00:00,1.07,2.43,3.73,4557.556265730421,16.20387152575325,-140.58526951202776,5,1
2012-06-08 01:19:02.125541+00:00,3.16,7.07,10.82,4694.435992618562,16.27391114125275,-140.44519028102877,5,1
2012-06-08 01:23:02.125541+00:00,3.35,7.49,11.46,4694.435992618562,16.27391114125275,-140.44519028102877,5,1
2012-06-08 01:27:02.125541+00:00,3.46,7.74,11.83,4694.435992618562,16.27391114125275,-140.44519028102877,5,1
2012-06-08 01:31:02.125541+00:00,3.87,8.63,13.19,4694.435992618562,16.262423144537,-140.46816627446026,5,1
2012-06-08 01:35:02.125541+00:00,4.54,10.06,15.38,4712.419850737804,16.262423144537,-140.46816627446026,5,1
2012-06-08 01:39:02.125541+00:00,4.92,10.88,16.62,4712.419850737804,16.262423144537,-140.46816627446026,5,1
2012-06-08 01:43:02.125541+00:00,5.17,11.41,17.42,4763.318304336576,16.262423144537,-140.46816627446026,5,1
2012-06-08 01:47:02.125541+00:00,5.22,11.51,17.57,4763.318304336576,16.262423144537,-140.46816627446026,5,1
2012-06-08 01:51:02.125541+00:00,5.29,11.67,17.82,4763.318304336576,16.081911476924994,-140.8291896096843,5,1
2012-06-08 01:56:02.125541+00:00,5.92,12.99,19.81,3890.0217616081945,15.838282921611556,-141.31644672031118,5,1
2012-06-08 02:00:02.125541+00:00,5.96,13.08,19.95,3287.2833746070546,15.368128501641715,-142.25675556025084,4,1
2012-06-08 02:03:02.125541+00:00,5.66,12.45,18.99,2684.544987605915,14.897974081671876,-143.19706440019053,3,1
2012-06-09 20:07:02.121852+00:00,0.01,0.01,0.02,4908.124831724782,20.343012384871635,-130.330213162834,26,2
2012-06-09 20:08:02.121852+00:00,0.01,0.01,0.02,5484.05829945877,20.37967955692235,-130.25687881873262,29,2
2012-06-09 20:09:02.121852+00:00,0.01,0.01,0.02,5914.251081355286,20.745111033538105,-129.5260158655011,32,2
2012-06-09 20:10:02.121852+00:00,0.01,0.04,0.02,5914.251081355286,21.27738304945407,-128.46147183366918,34,2
2012-06-09 20:11:02.121852+00:00,0.01,0.04,0.02,5792.463669907713,21.588762919759297,-127.8387120930587,37,2
2012-06-09 20:12:02.121852+00:00,0.01,0.04,0.02,5688.071807597706,21.58836395842537,-127.83951001572656,40,3
2012-06-09 20:13:02.121852+00:00,0.01,0.04,0.02,5688.071807597706,21.63640115535183,-127.74343562187364,42,3
2012-06-09 20:14:02.121852+00:00,0.01,0.04,0.02,5583.679945287698,21.588762919759297,-127.8387120930587,43,2
2012-06-09 20:15:02.121852+00:00,0.01,0.04,0.02,5598.738035695212,21.55395175535849,-127.90833442186032,46,3
2012-06-09 20:16:02.121852+00:00,0.01,0.04,0.02,5598.738035695212,21.503278174210312,-128.00968158415668,48,3
2012-06-09 20:17:02.121852+00:00,0.01,0.04,0.02,5574.698123318982,21.44411740187406,-128.12800312882916,50,3
2012-06-09 20:18:02.121852+00:00,0.01,0.04,0.02,5565.716301350266,21.401616968953032,-128.21300399467123,51,3
2012-06-09 20:19:02.121852+00:00,0.01,0.04,0.02,5583.679945287698,21.486617834795084,-128.04300226298713,49,3
2012-06-09 20:20:02.121852+00:00,0.01,0.04,0.02,5598.738035695212,21.55395175535849,-127.90833442186032,46,3
2012-06-09 20:21:02.121852+00:00,0.01,0.04,0.02,5663.908567694303,21.58836395842537,-127.83951001572656,44,2
2012-06-09 20:22:02.121852+00:00,0.01,0.04,0.02,5792.463669907713,21.68403939094437,-127.64815915068856,41,3
2012-06-09 20:23:02.121852+00:00,0.01,0.04,0.02,5914.251081355286,21.732747064375317,-127.55074380382666,38,2
2012-06-09 20:24:02.121852+00:00,0.01,0.04,0.02,6079.776001678447,21.732747064375317,-127.55074380382666,36,1
2012-06-09 20:25:02.121852+00:00,0.01,0.04,0.02,6079.776001678447,21.732747064375317,-127.55074380382666,34,3
2012-06-09 20:26:02.121852+00:00,0.01,0.04,0.02,5714.021009285881,21.68403939094437,-127.64815915068856,31,3
2012-06-09 20:27:02.121852+00:00,3.89,8.67,13.25,5583.679945287698,21.58796499709144,-127.84030793839442,27,1
2012-06-09 20:28:02.121852+00:00,4.76,10.54,16.1,5546.629628630533,21.55395175535849,-127.90833442186032,24,2
2012-06-10 13:34:02.129392+00:00,11.97,25.33,38.41,14557.353238378591,22.97424889215592,-124.37082752037946,3,1
2012-06-10 13:35:02.129392+00:00,11.97,25.33,38.41,14557.353238378591,22.97424889215592,-124.37082752037946,3,1
2012-06-10 13:43:02.129392+00:00,11.97,25.33,38.41,14557.353238378591,22.97424889215592,-124.37082752037946,3,1
2012-06-11 09:26:02.128162+00:00,11.83,25.04,37.98,2239.1977340923636,18.508402524154203,-135.6359199470523,12,1
2012-06-11 09:27:02.128162+00:00,13.4,28.19,40.0,2311.2032237785593,18.64370341457261,-135.36531816621547,14,1
2012-06-11 09:28:02.128162+00:00,12.94,27.26,40.0,2251.318443475664,18.669029045322883,-135.31466690471493,15,2
2012-06-11 09:31:02.128162+00:00,13.54,28.46,40.0,2311.2032237785593,18.680339327936817,-135.29204633948706,18,1
2012-06-11 09:33:02.128162+00:00,13.62,28.62,40.0,2311.2032237785593,18.680339327936817,-135.29204633948706,18,1
2012-06-11 09:34:02.128162+00:00,13.56,28.5,40.0,2311.2032237785593,18.680339327936817,-135.29204633948706,18,2
2012-06-11 09:35:02.128162+00:00,13.56,28.5,40.0,2311.2032237785593,18.680339327936817,-135.29204633948706,18,2
2012-06-11 09:36:02.128162+00:00,13.56,28.5,40.0,2311.2032237785593,18.680339327936817,-135.29204633948706,18,3
2012-06-11 09:37:02.128162+00:00,13.44,28.27,40.0,2371.0880040814545,18.691649610550744,-135.26942577425922,17,1
2012-06-11 09:38:02.128162+00:00,13.6,28.58,40.0,2371.0880040814545,18.691649610550744,-135.26942577425922,15,3
2012-06-11 09:39:02.128162+00:00,13.66,28.7,40.0,2383.1000882003273,18.75661321589107,-135.13949856357857,14,1
2012-06-16 14:00:02.124632+00:00,6.89,15.01,22.88,6429.534140317763,19.56729590828701,-128.37561872471315,29,4
2012-06-16 14:01:02.124632+00:00,8.59,18.5,28.14,6609.961963605839,19.702430039010757,-128.1053504632657,32,2
2012-06-16 14:02:02.124632+00:00,9.9,21.16,32.15,6667.007454287963,19.790897331148543,-127.92841587899008,34,3
2012-06-16 14:03:02.124632+00:00,29.52,40.0,40.0,6877.321614453178,20.001204766765447,-127.50780100775629,37,2
2012-06-16 14:04:02.124632+00:00,10.33,22.03,33.45,6877.321614453178,20.066345950547447,-127.37751864019228,41,3
2012-06-16 14:05:02.124632+00:00,10.33,22.03,33.45,7058.63977456955,20.066345950547447,-127.37751864019228,43,3
2012-06-16 14:06:02.124632+00:00,10.26,21.89,33.25,8331.072575376404,20.066345950547447,-127.37751864019228,45,3
2012-06-16 14:07:02.124632+00:00,10.2,21.76,33.05,8331.072575376404,20.05848733659136,-127.39323586810444,47,2
2012-06-16 14:08:02.124632+00:00,10.25,21.86,33.2,7042.832656265784,20.00832747405963,-127.49355559316793,50,3
2012-06-16 14:09:02.124632+00:00,10.21,21.79,33.1,7186.766428322791,20.036968758972584,-127.43627302334198,54,3
2012-06-16 14:10:02.124632+00:00,29.35,40.0,40.0,7883.276862412324,20.036968758972584,-127.43627302334198,54,3
2012-06-16 14:11:02.124632+00:00,29.3,40.0,40.0,8008.025097522419,20.036968758972584,-127.43627302334198,54,2
2012-06-16 14:12:02.124632+00:00,29.25,40.0,40.0,8008.025097522419,20.029846051678405,-127.45051843793036,54,3
2012-06-16 14:13:02.124632+00:00,29.25,40.0,40.0,7924.702730253614,19.92549254849856,-127.65922544429004,53,3
2012-06-16 14:14:02.124632+00:00,29.3,40.0,40.0,7799.954495143518,19.89268049845903,-127.7248495443691,52,3
2012-06-16 14:15:02.124632+00:00,29.35,40.0,40.0,8008.025097522419,19.963348657632004,-127.58351322602316,50,2
2012-06-16 14:16:02.124632+00:00,29.35,40.0,40.0,8091.347464791224,20.05848733659136,-127.39323586810444,47,2
2012-06-16 14:17:02.124632+00:00,29.41,40.0,40.0,8008.025097522419,20.062416643569403,-127.38537725414837,44,3
2012-06-16 14:18:02.124632+00:00,29.41,40.0,40.0,8331.072575376404,20.066345950547447,-127.37751864019228,41,3
2012-06-16 14:19:02.124632+00:00,10.66,22.7,34.46,8331.072575376404,20.066345950547447,-127.37751864019228,39,3
2012-06-16 14:20:02.124632+00:00,10.65,22.67,34.41,8008.025097522419,19.99198994254496,-127.52623065619724,36,3
2012-06-16 14:21:02.124632+00:00,29.68,40.0,40.0,7495.049671054727,19.856810751927465,-127.79658903743226,34,2
2012-06-16 14:22:02.124632+00:00,29.95,40.0,40.0,7170.959310019024,19.802536330092263,-127.90513788110265,32,2
2012-06-16 14:23:02.124632+00:00,6.02,13.21,20.14,6939.824974985377,19.604288594739636,-128.30163335180788,29,2
2012-06-16 14:24:02.124632+00:00,6.14,13.46,20.52,6939.824974985377,19.4569794665853,-128.59625160811655,25,1
2012-06-16 14:30:02.124632+00:00,3.8,8.48,12.96,3510.579173320882,17.88720325615067,-131.73580402898585,10,1
2012-06-16 22:04:02.124632+00:00,40.0,40.0,40.0,43916.92313893781,25.656965508569396,-116.19627952414838,3,1
2012-06-16 22:05:02.124632+00:00,40.0,40.0,40.0,43916.92313893781,25.656965508569396,-116.19627952414838,3,2
2012-06-23 18:21:02.127413+00:00,19.7,40.0,40.0,2234.990257691738,16.111735772752812,-137.644162636464,3,1
2012-06-23 18:24:02.127413+00:00,21.69,40.0,40.0,2712.347463760731,16.80051332322592,-136.26660753551778,8,1
2012-06-23 18:25:02.127413+00:00,20.29,40.0,40.0,2643.8431178038004,17.29716428398207,-135.2733056140055,9,1
2012-06-23 18:31:02.127413+00:00,25.89,40.0,40.0,2614.829546721391,17.33307551449871,-135.20148315297217,10,1
2012-06-23 18:32:02.127413+00:00,24.45,40.0,40.0,2348.8583175980857,17.29716428398207,-135.2733056140055,11,1
2012-06-23 18:33:02.127413+00:00,23.79,40.0,40.0,2348.8583175980857,17.29716428398207,-135.2733056140055,11,2
2012-06-23 18:34:02.127413+00:00,23.94,40.0,40.0,2467.3371466185336,17.33307551449871,-135.20148315297217,10,2
2012-06-23 18:36:02.127413+00:00,23.49,40.0,40.0,2467.3371466185336,17.33307551449871,-135.20148315297217,10,1
2012-06-23 18:41:02.127413+00:00,17.8,36.95,40.0,2585.815975638982,17.675953539494344,-134.51572710298092,15,1
2012-06-23 18:42:02.127413+00:00,17.8,36.95,40.0,2467.3371466185336,17.33307551449871,-135.20148315297217,14,1
2012-06-23 18:45:02.127413+00:00,17.39,36.14,40.0,2306.6009476101913,17.875574124986528,-134.11648593199655,13,1
2012-06-23 18:46:02.127413+00:00,17.54,36.44,40.0,2306.6009476101913,17.875574124986528,-134.11648593199655,13,1
2012-06-23 18:47:02.127413+00:00,17.34,36.04,40.0,2081.074495780721,17.596392206246243,-134.6748497694771,14,3
2012-06-23 18:48:02.127413+00:00,17.34,36.04,40.0,2081.074495780721,17.596392206246243,-134.6748497694771,14,1
2012-06-23 18:51:02.127413+00:00,17.22,35.79,40.0,2081.0862653466174,17.46479852705418,-134.93803712786126,15,1
2012-06-23 18:53:02.127413+00:00,16.85,35.05,40.0,2081.0862653466174,17.875574124986528,-134.11648593199655,13,2
2012-06-23 18:54:02.127413+00:00,16.89,35.15,40.0,2081.0862653466174,17.875574124986528,-134.11648593199655,13,1
2012-06-23 18:56:02.127413+00:00,17.02,35.39,40.0,2113.975100450866,18.002893793450472,-133.86184659506867,12,1
2012-06-23 18:57:02.127413+00:00,18.49,38.31,40.0,2081.0627262148246,17.46479852705418,-134.93803712786126,9,1
2012-06-23 18:59:02.127413+00:00,12.52,26.43,40.0,2081.0627262148246,17.46479852705418,-134.93803712786126,7,1
2012-06-23 19:12:02.127413+00:00,13.94,29.26,40.0,2595.345559897948,18.200237656267465,-133.46715886943468,5,1
2012-06-23 19:13:02.127413+00:00,14.02,29.43,40.0,2595.345559897948,18.200237656267465,-133.46715886943468,5,1
2012-06-23 19:14:02.127413+00:00,14.04,29.47,40.0,2595.345559897948,18.200237656267465,-133.46715886943468,5,3
2012-06-26 21:08:02.120033+00:00,6.85,14.92,22.74,3169.7553089547187,17.558148440771106,-136.68978482450692,20,2
2012-06-26 21:09:02.120033+00:00,6.79,14.8,22.55,3169.7553089547187,17.558148440771106,-136.68978482450692,20,2
2012-06-26 21:10:02.120033+00:00,6.62,14.46,22.03,3073.9309343537575,17.524033709734447,-136.75801428658025,21,3
2012-06-26 21:11:02.120033+00:00,6.65,14.52,22.13,3073.9309343537575,17.524033709734447,-136.75801428658025,21,3
2012-06-26 21:12:02.120033+00:00,6.29,13.77,21.0,3169.7553089547187,17.507464990518802,-136.79115172501153,22,2
2012-06-26 21:13:02.120033+00:00,6.53,14.27,21.75,3073.9309343537575,17.489521534198445,-136.82703863765224,25,2
2012-06-26 21:14:02.120033+00:00,6.23,13.65,20.81,3045.607414448277,17.35344328303777,-137.09919513997357,28,2
2012-06-26 21:15:02.120033+00:00,6.32,13.83,21.09,3073.9309343537575,17.43496946692193,-136.93614277220527,29,2
2012-06-26 21:16:02.120033+00:00,6.28,13.74,20.95,3045.607414448277,17.220576922290864,-137.36492786146738,32,1
2012-06-26 21:17:02.120033+00:00,6.28,13.74,20.95,3017.283894542796,17.17712264477421,-137.4518364165007,33,1
2012-06-26 21:20:02.120033+00:00,6.29,13.77,21.0,2585.4122669803833,17.06071675856078,-137.68464818892755,34,1
2012-06-26 21:22:02.120033+00:00,5.6,12.32,18.8,2547.950545449733,16.872567666889843,-138.06094637226946,29,3
2012-06-26 21:23:02.120033+00:00,4.75,10.51,16.05,2504.4134309650294,16.75318586313641,-138.2997099797763,27,2
2012-06-26 21:24:02.120033+00:00,4.73,10.48,16.0,2490.317735631434,16.747681762984282,-138.31071818008056,25,2
2012-06-26 21:25:02.120033+00:00,5.29,11.67,17.82,2195.7795206375417,16.747681762984282,-138.31071818008056,23,2
2012-06-26 21:26:02.120033+00:00,5.28,11.64,17.77,2195.7795206375417,16.747681762984282,-138.31071818008056,21,3
2012-06-26 21:27:02.120033+00:00,5.51,12.12,18.5,2171.7101580005956,16.620540769005437,-138.56500016803824,20,2
2012-06-26 21:28:02.120033+00:00,5.54,12.19,18.6,2171.7101580005956,16.620540769005437,-138.56500016803824,20,1
2012-06-26 21:29:02.120033+00:00,5.6,12.32,18.8,2171.7101580005956,16.620540769005437,-138.56500016803824,20,3
2012-06-26 21:30:02.120033+00:00,5.74,12.6,19.23,2195.7795206375417,16.747681762984282,-138.31071818008056,19,1
2012-06-29 12:57:02.122653+00:00,19.49,40.0,40.0,1914.5702645483811,15.301088394744164,-143.81126324193403,3,1
2012-07-01 03:29:02.128963+00:00,26.87,40.0,40.0,5147.354864918485,20.95382001528371,-127.90496439502942,22,1
2012-07-01 03:31:02.128963+00:00,29.04,40.0,40.0,4948.014216484351,21.457962907606657,-126.89667861038356,25,1
2012-07-01 03:32:02.128963+00:00,31.96,40.0,40.0,6274.720803899014,21.478895846804775,-126.85481273198732,29,1
2012-07-01 03:33:02.128963+00:00,32.09,40.0,40.0,7255.239829263812,21.5028226315939,-126.80695916240909,32,3
2012-07-01 03:34:02.128963+00:00,31.35,40.0,40.0,7505.178108228,21.54057149935075,-126.73146142689536,34,2
2012-07-01 03:35:02.128963+00:00,31.23,40.0,40.0,8315.551124429361,21.646165944907953,-126.52027253578096,37,3
2012-07-01 03:36:02.128963+00:00,32.67,40.0,40.0,8389.49480049438,21.649561606274123,-126.51348121304862,39,3
2012-07-01 03:37:02.128963+00:00,33.0,40.0,40.0,9442.766104195633,21.658080085523288,-126.4964442545503,41,3
2012-07-01 03:38:02.128963+00:00,33.96,40.0,40.0,11875.880772196648,21.805191383886623,-126.2022216578236,44,2
2012-07-01 03:39:02.128963+00:00,34.18,40.0,40.0,12666.600043647511,21.967482206559065,-125.87764001247874,47,3
2012-07-01 03:40:02.128963+00:00,34.18,40.0,40.0,12682.005752502888,22.35591237014221,-125.10077968531245,48,2
2012-07-01 03:41:02.128963+00:00,34.18,40.0,40.0,12666.600043647511,22.481812346910857,-124.84897973177516,49,3
2012-07-01 03:42:02.128963+00:00,33.82,40.0,40.0,12666.600043647511,22.34022541006518,-125.13215360546651,51,3
2012-07-01 03:43:02.128963+00:00,33.82,40.0,40.0,12579.54878321812,22.29083452968966,-125.23093536621757,52,3
2012-07-01 03:44:02.128963+00:00,33.82,40.0,40.0,12666.600043647511,22.34022541006518,-125.13215360546651,51,2
2012-07-01 03:45:02.128963+00:00,33.89,40.0,40.0,12682.005752502888,22.411018878488015,-124.99056666862084,50,3
2012-07-01 03:46:02.128963+00:00,34.03,40.0,40.0,12946.98538245136,22.52597681852864,-124.76065078853958,48,2
2012-07-01 03:47:02.128963+00:00,34.32,40.0,40.0,12682.005752502888,22.411018878488015,-124.99056666862084,48,2
2012-07-01 03:48:02.128963+00:00,34.32,40.0,40.0,12682.005752502888,22.585977156801174,-124.64065011199452,46,4
2012-07-01 03:49:02.128963+00:00,34.91,40.0,40.0,12697.411461358262,23.082813162377,-123.64697810084289,43,2
2012-07-01 03:50:02.128963+00:00,34.47,40.0,40.0,12697.411461358262,23.09318145383655,-123.62624151792376,41,3
2012-07-01 03:52:02.128963+00:00,34.69,40.0,40.0,12682.005752502888,23.105583598207662,-123.60143722918151,36,4
2012-07-01 03:53:02.128963+00:00,35.37,40.0,40.0,12666.600043647511,23.082813162377,-123.64697810084289,33,2
2012-07-01 03:54:02.128963+00:00,36.49,40.0,40.0,11535.376581814691,22.481812346910857,-124.84897973177516,31,2
2012-07-01 03:55:02.128963+00:00,38.05,40.0,40.0,10804.510003497251,22.33402709485193,-125.14455023589302,28,1
2012-07-01 03:56:02.128963+00:00,37.34,40.0,40.0,8858.609159427575,22.248977706291463,-125.31464901301392,27,2
2012-07-01 03:57:02.128963+00:00,37.42,40.0,40.0,4832.494780264294,22.14090538030203,-125.5307936649928,26,2
2012-07-01 04:00:02.128963+00:00,29.25,40.0,40.0,3297.5615230747926,21.379688085952992,-127.05322825369088,18,1
2012-07-01 04:06:02.128963+00:00,11.58,24.54,37.23,2730.685851504303,18.06340838629395,-133.68578765300896,6,2
2012-07-01 18:01:02.127733+00:00,16.77,34.91,40.0,2025.386722821568,16.561724911601324,-138.21502039730927,11,1
2012-07-01 18:02:02.127733+00:00,16.6,34.57,40.0,2025.386722821568,16.54045228633948,-138.25756564783296,13,2
2012-07-01 18:03:02.127733+00:00,16.41,34.19,40.0,2025.386722821568,16.489247473382513,-138.35997527374693,15,2
2012-07-01 18:04:02.127733+00:00,16.16,33.68,40.0,2025.386722821568,16.489247473382513,-138.35997527374693,17,2
2012-07-01 18:05:02.127733+00:00,16.2,33.77,40.0,2025.386722821568,16.489247473382513,-138.35997527374693,17,1
2012-07-01 18:06:02.127733+00:00,16.32,34.0,40.0,2025.386722821568,16.489247473382513,-138.35997527374693,17,1
2012-07-01 18:10:02.127733+00:00,16.44,34.24,40.0,2025.386722821568,16.489247473382513,-138.35997527374693,17,1
2012-07-01 18:11:02.127733+00:00,16.44,34.24,40.0,2025.386722821568,16.489247473382513,-138.35997527374693,17,2
2012-07-01 18:12:02.127733+00:00,16.02,33.4,40.0,2025.386722821568,16.468839550219833,-138.40079112007228,15,1
2012-07-01 18:13:02.127733+00:00,16.46,34.29,40.0,1971.2954883432776,16.468839550219833,-138.40079112007228,13,3
2012-07-01 18:14:02.127733+00:00,13.34,28.07,40.0,1920.3109042943595,16.468839550219833,-138.40079112007228,11,1
2012-07-03 19:55:02.122814+00:00,7.4,16.07,24.47,2949.8799911215533,18.64889692087587,-134.30434358251415,14,1
2012-07-03 19:56:02.122814+00:00,9.44,20.22,30.73,3822.5173028265986,18.835293015206062,-133.9315513938538,16,1
2012-07-03 19:59:02.122814+00:00,9.53,20.41,31.02,2983.9773656185957,18.676914755440343,-134.2483079133852,21,1
2012-07-03 20:00:02.122814+00:00,9.5,20.35,30.92,2918.9019185755747,18.651382499322285,-134.29937242562133,23,2
2012-07-03 20:02:02.122814+00:00,9.37,20.09,30.54,2660.130711096288,18.664148627381316,-134.27384016950327,24,2
2012-07-03 20:03:02.122814+00:00,9.18,19.7,29.95,2463.5238602556647,18.59686985606097,-134.40839771214394,26,3
2012-07-03 20:04:02.122814+00:00,9.07,19.48,29.62,2463.5238602556647,18.59686985606097,-134.40839771214394,26,2
2012-07-03 20:05:02.122814+00:00,9.15,19.64,29.86,2463.5238602556647,18.59686985606097,-134.40839771214394,26,3
2012-07-03 20:06:02.122814+00:00,9.18,19.7,29.95,2463.5238602556647,18.59686985606097,-134.40839771214394,26,2
2012-07-03 20:07:02.122814+00:00,9.21,19.77,30.05,2463.5238602556647,18.59686985606097,-134.40839771214394,26,1
2012-07-03 20:08:02.122814+00:00,9.23,19.8,30.1,2463.5238602556647,18.59686985606097,-134.40839771214394,26,1
2012-07-03 20:09:02.122814+00:00,9.23,19.8,30.1,2463.5238602556647,18.59686985606097,-134.40839771214394,26,3
2012-07-03 20:10:02.122814+00:00,9.17,19.67,29.91,2918.9019185755747,18.651382499322285,-134.29937242562133,23,1
2012-07-03 20:12:02.122814+00:00,9.09,19.51,29.67,2951.439642097085,18.59686985606097,-134.40839771214394,22,2
2012-07-03 20:13:02.122814+00:00,9.39,20.12,30.58,2951.439642097085,18.664148627381316,-134.27384016950327,20,1
2012-07-03 20:15:02.122814+00:00,10.78,22.94,34.82,2362.534619133137,18.447282370763936,-134.70757268273803,14,2
2012-07-09 10:40:02.129284+00:00,6.02,13.21,20.14,38139.47108131931,26.52106464826973,-119.06876553364992,4,3
2012-07-09 10:41:02.129284+00:00,6.02,13.21,20.14,38139.47108131931,26.52106464826973,-119.06876553364992,4,1
2012-07-11 10:48:02.124364+00:00,7.51,16.28,24.8,2364.478499274338,18.475436182812423,-136.0343446090559,4,1
2012-07-11 10:56:02.124364+00:00,2.71,6.08,9.31,2297.6692522472504,18.196819382265996,-136.59157821014873,21,1
2012-07-11 10:57:02.124364+00:00,3.23,7.24,11.08,2297.6692522472504,18.1834674926016,-136.6182819894775,23,1
2012-07-11 10:58:02.124364+00:00,3.23,7.24,11.08,2262.3584233685156,18.15607321062495,-136.67307055343082,25,1
2012-07-11 10:59:02.124364+00:00,3.71,8.29,12.67,2203.2403644452843,18.074980334315256,-136.8352563060502,26,1
2012-07-11 11:00:02.124364+00:00,2.71,6.08,9.31,2203.2403644452843,17.995601527070498,-136.99401392053971,28,1
2012-07-11 11:01:02.124364+00:00,2.94,6.59,10.09,2203.2403644452843,17.995601527070498,-136.99401392053971,28,2
2012-07-11 11:02:02.124364+00:00,2.94,6.59,10.09,2203.2403644452843,17.995601527070498,-136.99401392053971,28,3
2012-07-11 11:03:02.124364+00:00,2.71,6.08,9.31,2203.2403644452843,17.93105560039075,-137.12310577389923,30,3
2012-07-11 11:04:02.124364+00:00,7.91,17.12,26.06,2144.122305522053,17.896830389897392,-137.19155619488592,33,3
2012-07-11 11:05:02.124364+00:00,7.01,15.26,23.25,2203.2403644452843,17.884726518057924,-137.21576393856486,34,3
2012-07-11 11:06:02.124364+00:00,8.08,17.46,26.58,2203.2403644452843,17.84748018525438,-137.29025660417193,36,2
2012-07-11 11:07:02.124364+00:00,8.08,17.46,26.58,2270.1580627046924,17.84748018525438,-137.29025660417193,36,2
2012-07-11 11:08:02.124364+00:00,7.79,16.87,25.68,2203.2403644452843,17.776684543900757,-137.4318478868792,36,2
2012-07-11 11:09:02.124364+00:00,7.84,16.97,25.82,2262.3584233685156,17.731031363511214,-137.52315424765828,35,2
2012-07-11 11:10:02.124364+00:00,2.77,6.22,9.52,2262.3584233685156,17.731031363511214,-137.52315424765828,35,1
2012-07-11 11:12:02.124364+00:00,9.66,20.67,31.41,2270.1580627046924,17.555498882486784,-137.87421920970715,30,1
2012-07-11 11:13:02.124364+00:00,5.57,12.25,18.7,2277.9577020408697,17.4463974933772,-138.09242198792631,27,2
2012-07-11 11:14:02.124364+00:00,6.55,14.3,21.8,2277.9577020408697,17.108667403650298,-138.76788216738012,25,2
2012-07-11 11:15:02.124364+00:00,8.45,18.21,27.71,2123.4528545870694,17.0291883447661,-138.9268402851485,22,2
2012-07-11 11:16:02.124364+00:00,9.42,20.19,30.68,1830.4179941672055,16.98131435741706,-139.0225882598466,19,2
2012-07-11 11:17:02.124364+00:00,8.93,19.19,29.18,1748.5867145245743,16.98131435741706,-139.0225882598466,17,2
2012-07-14 01:32:02.126984+00:00,7.66,16.59,25.26,2463.652216655385,17.93486161444695,-127.18033858262665,19,2
2012-07-14 01:34:02.126984+00:00,40.0,40.0,40.0,2451.7015922609667,18.07242880443923,-126.90520420264208,24,2
2012-07-14 01:35:02.126984+00:00,40.0,40.0,40.0,2451.7015922609667,18.07242880443923,-126.90520420264208,24,2
2012-07-14 01:36:02.126984+00:00,6.85,14.92,22.74,2398.2330058841,18.07242880443923,-126.90520420264208,26,2
2012-07-14 01:37:02.126984+00:00,6.79,14.8,22.55,2398.2330058841,18.07242880443923,-126.90520420264208,28,2
2012-07-14 01:38:02.126984+00:00,6.71,14.64,22.32,2439.7509678665483,18.05176135203391,-126.94653910745272,29,2
2012-07-14 01:39:02.126984+00:00,6.83,14.89,22.69,2463.652216655385,18.093096256844557,-126.8638692978314,31,2
2012-07-14 01:40:02.126984+00:00,6.77,14.77,22.5,2451.7015922609667,18.07242880443923,-126.90520420264208,32,2
2012-07-14 01:41:02.126984+00:00,7.27,15.79,24.05,2398.2330058841,17.993311483240433,-127.06343884503968,34,3
2012-07-14 01:42:02.126984+00:00,7.39,16.04,24.42,2398.2330058841,17.993311483240433,-127.06343884503968,34,1
2012-07-14 01:43:02.126984+00:00,7.3,15.85,24.14,2439.7509678665483,18.05176135203391,-126.94653910745272,33,3
2012-07-14 01:44:02.126984+00:00,7.39,16.04,24.42,2398.2330058841,18.07242880443923,-126.90520420264208,32,1
2012-07-14 01:46:02.126984+00:00,7.21,15.66,23.86,2356.715043901652,18.093096256844557,-126.8638692978314,29,3
2012-07-14 01:47:02.126984+00:00,8.04,17.37,26.43,2356.715043901652,18.093096256844557,-126.8638692978314,27,1
2012-07-14 01:48:02.126984+00:00,8.25,17.81,27.09,2329.9342771317906,18.103197011132217,-126.84366778925607,24,2
2012-07-14 01:49:02.126984+00:00,8.28,17.87,27.19,2345.195543295005,18.11329776541988,-126.82346628068076,21,1
2012-07-14 01:50:02.126984+00:00,8.5,18.31,27.85,2329.9342771317906,17.893798518914124,-127.26246477369229,20,1
2012-07-14 01:51:02.126984+00:00,8.42,18.15,27.61,2345.195543295005,18.11329776541988,-126.82346628068076,17,2
2012-07-14 01:52:02.126984+00:00,40.0,40.0,40.0,2329.9342771317906,17.893798518914124,-127.26246477369229,16,1
2012-07-14 07:20:02.126984+00:00,29.79,40.0,40.0,1651.7884384534232,15.460607795661524,-132.1288462201975,3,1
2012-07-14 07:21:02.126984+00:00,9.63,20.61,31.32,1651.7884384534232,15.460607795661524,-132.1288462201975,3,1
2012-07-14 07:24:02.126984+00:00,31.96,40.0,40.0,1651.7884384534232,15.460607795661524,-132.1288462201975,3,1
2012-07-14 16:33:02.125753+00:00,17.96,37.26,40.0,3040.123399671616,19.70177905643309,-131.05342317782066,26,1
2012-07-14 16:34:02.125753+00:00,20.79,40.0,40.0,3248.6425005789915,19.890278031900127,-130.6764252268866,29,2
2012-07-14 16:35:02.125753+00:00,27.58,40.0,40.0,4041.3905348230583,19.99104478944864,-130.47489171178958,33,3
2012-07-14 16:36:02.125753+00:00,29.46,40.0,40.0,5087.210229541784,20.12161763766364,-130.21374601535956,36,3
2012-07-14 16:37:02.125753+00:00,28.93,40.0,40.0,5865.981291060074,20.210847578039157,-130.03528613460855,39,3
2012-07-14 16:38:02.125753+00:00,28.88,40.0,40.0,6044.931185451473,20.731821326341745,-128.99333863800337,42,3
2012-07-14 16:39:02.125753+00:00,28.78,40.0,40.0,6533.5928673383405,21.101181373362294,-128.25461854396227,45,3
2012-07-14 16:40:02.125753+00:00,28.78,40.0,40.0,7499.96922718372,21.153251687179825,-128.1504779163272,48,2
2012-07-14 16:41:02.125753+00:00,28.72,40.0,40.0,6533.5928673383405,21.126021804975466,-128.20493768073592,51,2
2012-07-14 16:42:02.125753+00:00,28.72,40.0,40.0,6223.881079842871,21.101181373362294,-128.25461854396227,53,3
2012-07-14 16:43:02.125753+00:00,28.57,40.0,40.0,6626.161584167209,21.15037934556458,-128.15622259955768,54,3
2012-07-14 16:44:02.125753+00:00,28.57,40.0,40.0,6533.5928673383405,21.16996027167998,-128.1170607473269,57,3
2012-07-14 16:45:02.125753+00:00,28.57,40.0,40.0,6533.5928673383405,21.16996027167998,-128.1170607473269,57,3
2012-07-14 16:46:02.125753+00:00,28.57,40.0,40.0,6626.161584167209,21.172348578916836,-128.11228413285318,56,3
2012-07-14 16:47:02.125753+00:00,28.57,40.0,40.0,7034.009980931414,21.181341403356413,-128.09429848397403,54,4
2012-07-14 16:48:02.125753+00:00,28.57,40.0,40.0,7349.289660866751,21.18794592055913,-128.0810894495686,53,2
2012-07-14 16:49:02.125753+00:00,28.62,40.0,40.0,7815.248907119057,21.196633960778243,-128.06371336913037,52,4
2012-07-14 16:50:02.125753+00:00,28.62,40.0,40.0,8468.578826452052,21.23433352217072,-127.9883142463454,50,2
2012-07-14 16:51:02.125753+00:00,28.62,40.0,40.0,8655.94949953274,21.47143203983017,-127.51411721102652,47,3
2012-07-14 16:52:02.125753+00:00,28.52,40.0,40.0,8281.208153371363,21.47143203983017,-127.51411721102652,45,2
2012-07-14 16:53:02.125753+00:00,29.19,40.0,40.0,7349.289660866751,21.205322000997352,-128.04633728869214,43,3
2012-07-14 16:54:02.125753+00:00,28.83,40.0,40.0,6626.161584167209,21.181341403356413,-128.09429848397403,40,3
2012-07-14 16:55:02.125753+00:00,29.35,40.0,40.0,5772.486200337168,21.147991038327724,-128.1609992140314,36,2
2012-07-14 16:56:02.125753+00:00,24.89,40.0,40.0,5365.2394345424755,21.101181373362294,-128.25461854396227,33,3
2012-07-14 16:57:02.125753+00:00,25.55,40.0,40.0,4735.030145960962,21.052396926774477,-128.3521874371379,30,2
2012-07-14 16:58:02.125753+00:00,12.13,25.65,38.91,3511.9246654170884,20.819058954962458,-128.81886338076194,27,1
2012-07-14 16:59:02.125753+00:00,12.43,26.24,39.79,2505.06271372016,20.56619402291436,-129.32459324485814,24,1
2012-07-20 12:46:02.120995+00:00,2.75,6.18,9.45,3239.4701299063477,15.826129396870698,-140.74469511606725,3,1
2012-07-20 12:53:02.120995+00:00,2.75,6.18,9.45,3706.9315316934694,15.826129396870698,-140.74469511606725,3,1
2012-07-20 13:29:02.120995+00:00,5.69,12.51,19.09,2986.0227890966057,15.182961518301642,-142.03103087320537,3,1
2012-07-20 13:37:02.120995+00:00,5.92,12.99,19.81,2986.0227890966057,15.182961518301642,-142.03103087320537,3,1
2012-07-21 10:52:02.129765+00:00,15.52,32.4,40.0,9852.86963659053,21.846754838435125,-128.2870632770645,16,1
2012-07-21 10:55:02.129765+00:00,16.13,33.63,40.0,8125.337375217328,21.547860579005235,-128.8848517959243,24,1
2012-07-21 10:56:02.129765+00:00,16.16,33.68,40.0,6801.643739715688,21.49622379785513,-128.9881253582245,26,2
2012-07-21 10:58:02.129765+00:00,2.96,6.64,10.15,4843.295246843604,21.291863754561305,-129.39684544481216,31,3
2012-07-21 10:59:02.129765+00:00,15.9,33.17,40.0,5266.930696054221,21.246192105939656,-129.48818874205546,33,3
2012-07-21 11:00:02.129765+00:00,15.92,33.22,40.0,4779.352453307525,21.069397424953635,-129.84177810402747,36,2
2012-07-21 11:01:02.129765+00:00,15.95,33.26,40.0,4713.666804372694,21.029507077529875,-129.92155879887505,38,3
2012-07-21 11:02:02.129765+00:00,2.66,5.98,9.16,4711.923948973941,21.028076505785357,-129.92441994236404,39,3
2012-07-21 11:03:02.129765+00:00,2.66,5.98,9.16,4713.666804372694,21.029507077529875,-129.92155879887505,38,2
2012-07-21 11:04:02.129765+00:00,2.64,5.94,9.09,4713.666804372694,21.029507077529875,-129.92155879887505,38,2
2012-07-21 11:05:02.129765+00:00,2.64,5.94,9.09,4713.666804372694,21.029507077529875,-129.92155879887505,38,3
2012-07-21 11:06:02.129765+00:00,15.92,33.22,40.0,4779.352453307525,21.069397424953635,-129.84177810402747,36,2
2012-07-21 11:07:02.129765+00:00,15.95,33.26,40.0,4843.295246843604,21.10785720063288,-129.76485855266898,35,2
2012-07-21 11:08:02.129765+00:00,2.57,5.79,8.86,4843.295246843604,21.030937649274392,-129.91869765538598,33,3
2012-07-21 11:09:02.129765+00:00,2.53,5.69,8.71,4711.923948973941,21.028076505785357,-129.92441994236404,31,3
2012-07-21 11:10:02.129765+00:00,3.04,6.81,10.42,4594.370537971621,20.979483890713105,-130.02160517250854,28,2
2012-07-21 11:11:02.129765+00:00,20.69,40.0,40.0,4455.286103935719,20.874472194869984,-130.23162856419478,25,2
2012-07-27 08:32:02.125005+00:00,4.24,9.43,14.42,8073.904939813122,17.321078535528905,-138.94731725812386,3,1
2012-07-27 08:39:02.125005+00:00,3.8,8.48,12.96,6355.686862138596,16.989445032212604,-139.61058426475643,3,1
2012-07-27 09:30:02.125005+00:00,38.05,40.0,40.0,10285.826524962771,18.0390606313832,-137.51135306641527,3,1
2012-07-27 09:36:02.125005+00:00,38.05,40.0,40.0,10285.826524962771,18.0390606313832,-137.51135306641527,3,1
2012-07-27 09:43:02.125005+00:00,5.0,11.05,16.87,10285.826524962771,18.0390606313832,-137.51135306641527,3,1
2012-07-27 09:49:02.125005+00:00,5.69,12.51,19.09,8364.729577903492,17.634063530424356,-138.32134726833294,3,1
2012-07-27 09:53:02.125005+00:00,5.71,12.54,19.13,6861.554654857239,17.096468869120397,-139.39653659094083,4,1
2012-07-27 10:00:02.125005+00:00,6.23,13.65,20.81,2683.3063939209787,14.952741731229109,-143.68399086672343,3,1
2012-07-28 08:49:02.122546+00:00,6.49,14.18,21.61,3088.8012190251197,14.974838104345991,-142.38922322975387,3,1
2012-07-28 08:53:02.122546+00:00,7.57,16.41,24.98,4114.109801276087,15.676039876654857,-140.98681968513614,3,1
2012-07-28 09:02:02.122546+00:00,6.05,13.27,20.24,7300.445609892178,17.02540484014622,-138.2880897581534,4,1
2012-07-28 09:07:02.122546+00:00,5.78,12.7,19.38,7561.213069523787,17.02540484014622,-138.2880897581534,4,1
2012-07-28 09:11:02.122546+00:00,5.78,12.7,19.38,7561.213069523787,17.02540484014622,-138.2880897581534,4,1
2012-07-28 09:16:02.122546+00:00,5.63,12.38,18.89,7723.349443142963,17.07504099588796,-138.18881744666993,4,1
2012-07-28 09:22:02.122546+00:00,5.49,12.09,18.45,7621.317653319949,16.941047689366677,-138.45680405971248,3,1
2012-07-28 09:27:02.122546+00:00,5.54,12.19,18.6,7734.968387597127,17.11095283633401,-138.11699376577783,3,1
2012-07-28 09:34:02.122546+00:00,5.6,12.32,18.8,8178.933824084594,17.214105525478196,-137.91068838748947,4,1
2012-07-28 09:39:02.122546+00:00,5.83,12.8,19.52,8501.1086782816,17.26070041871678,-137.8174986010123,4,1
2012-07-28 09:43:02.122546+00:00,5.83,12.8,19.52,8379.31809599114,17.20414262281118,-137.9306141928235,5,1
2012-07-28 09:48:02.122546+00:00,5.78,12.7,19.38,8379.31809599114,17.20414262281118,-137.9306141928235,5,1
2012-07-28 09:53:02.122546+00:00,5.87,12.89,19.66,7366.032182006918,16.861081157082715,-138.6167371242804,5,1
2012-07-28 09:57:02.122546+00:00,6.05,13.27,20.24,6797.472782722889,16.75848955730172,-138.82192032384242,5,1
2012-07-28 10:02:02.122546+00:00,6.52,14.24,21.7,5743.425818020948,16.38427013308294,-139.57035917227995,5,1
2012-07-28 10:06:02.122546+00:00,6.76,14.74,22.46,4870.886609714252,15.94395756661787,-140.4509843052101,4,1
2012-07-28 10:11:02.122546+00:00,7.37,16.0,24.37,3998.347401407556,15.5036450001528,-141.33160943814025,3,1
2012-07-28 14:55:02.121316+00:00,27.01,40.0,40.0,6806.2636792805515,20.271237073535698,-128.51481292213953,24,1
2012-07-28 14:56:02.121316+00:00,26.92,40.0,40.0,6864.930577362749,20.338387097992943,-128.38051287322503,26,1
2012-07-28 14:57:02.121316+00:00,27.92,40.0,40.0,7358.352827582793,20.363935296066032,-128.32941647707884,29,3
2012-07-28 14:58:02.121316+00:00,28.02,40.0,40.0,7598.346114879277,20.420102073204692,-128.21708292280152,32,2
2012-07-28 14:59:02.121316+00:00,27.68,40.0,40.0,8153.299730651554,20.46925864480363,-128.11876977960364,35,2
2012-07-28 15:00:02.121316+00:00,27.53,40.0,40.0,8807.784622167597,20.73993171046875,-127.57742364827342,38,3
2012-07-28 15:01:02.121316+00:00,27.48,40.0,40.0,9439.047517464787,20.73993171046875,-127.57742364827342,40,3
2012-07-28 15:02:02.121316+00:00,27.63,40.0,40.0,9603.057099102662,20.96377455455894,-127.12973796009304,42,3
2012-07-28 15:03:02.121316+00:00,27.72,40.0,40.0,9558.0828744877,20.81835363335113,-127.42057980250864,45,1
2012-07-28 15:04:02.121316+00:00,27.68,40.0,40.0,8807.784622167597,20.540855511881944,-127.97557604544704,48,4
2012-07-28 15:05:02.121316+00:00,27.92,40.0,40.0,9036.526128055668,20.562511155662385,-127.93226475788614,51,2
2012-07-28 15:06:02.121316+00:00,27.68,40.0,40.0,9320.012160441876,20.562511155662385,-127.93226475788614,53,3
2012-07-28 15:07:02.121316+00:00,27.58,40.0,40.0,9439.047517464787,20.540855511881944,-127.97557604544704,54,3
2012-07-28 15:08:02.121316+00:00,27.48,40.0,40.0,9558.0828744877,20.562511155662385,-127.93226475788614,53,2
2012-07-28 15:09:02.121316+00:00,27.34,40.0,40.0,9178.269144248772,20.540855511881944,-127.97557604544704,54,3
2012-07-28 15:10:02.121316+00:00,27.34,40.0,40.0,8483.344807691457,20.486396104720676,-128.08449485976956,55,3
2012-07-28 15:11:02.121316+00:00,27.29,40.0,40.0,8483.344807691457,20.486396104720676,-128.08449485976956,55,2
2012-07-28 15:12:02.121316+00:00,27.34,40.0,40.0,8759.935467873562,20.48669160133445,-128.08390386654202,54,3
2012-07-28 15:13:02.121316+00:00,27.34,40.0,40.0,8759.935467873562,20.48669160133445,-128.08390386654202,52,2
2012-07-28 15:14:02.121316+00:00,27.48,40.0,40.0,8759.935467873562,20.477827374762153,-128.1016323196866,50,3
2012-07-28 15:15:02.121316+00:00,27.58,40.0,40.0,9036.526128055668,20.486396104720676,-128.08449485976956,47,4
2012-07-28 15:16:02.121316+00:00,27.34,40.0,40.0,8483.344807691457,20.46843732259232,-128.12041242402626,45,3
2012-07-28 15:17:02.121316+00:00,7.93,17.15,26.11,8106.730697694064,20.278329125083324,-128.50062881904427,42,2
2012-07-28 15:18:02.121316+00:00,26.87,40.0,40.0,7438.538119082298,20.112454667888855,-128.8323777334332,39,3
2012-07-28 15:19:02.121316+00:00,7.95,17.18,26.15,6452.083555485227,19.967534517133828,-129.12221803494327,37,3
2012-07-28 15:20:02.121316+00:00,7.55,16.38,24.94,5777.816267401127,19.840455768143315,-129.37637553292427,34,3
2012-07-28 15:21:02.121316+00:00,15.58,32.54,40.0,4994.856825326937,19.747352136166477,-129.56258279687796,32,2
2012-07-28 15:22:02.121316+00:00,15.67,32.72,40.0,4576.174970118475,19.70330481039909,-129.65067744841275,30,2
2012-07-28 15:29:02.121316+00:00,14.62,30.63,40.0,2095.6996062586436,16.381461241001816,-136.29436458720727,11,1
2012-07-28 15:32:02.121316+00:00,14.79,30.97,40.0,1634.7895178259532,16.287346806581922,-136.48259345604708,3,1
2012-07-29 19:34:02.128856+00:00,12.8,26.99,40.0,4866.860294849768,23.772943178336515,-126.34770610775638,3,1
2012-07-29 19:35:02.128856+00:00,12.8,26.99,40.0,4866.860294849768,23.772943178336515,-126.34770610775638,3,2
2012-08-01 07:40:02.122706+00:00,4.31,9.57,14.63,4250.5400330347975,15.286237346479597,-137.57942950148748,3,1
2012-08-01 07:47:02.122706+00:00,2.71,6.08,9.31,4490.971940872723,15.54943141763143,-137.05304135918382,4,1
2012-08-01 07:52:02.122706+00:00,2.62,5.89,9.01,4722.036286605032,15.697217489541234,-136.7574692153642,3,1
2012-08-01 07:57:02.122706+00:00,2.68,6.03,9.23,4522.6586585618625,15.54943141763143,-137.05304135918382,4,1
2012-08-01 08:03:02.122706+00:00,2.64,5.94,9.09,3252.6356933099623,14.64417652811824,-138.8635511382102,4,1
2012-08-01 08:07:02.122706+00:00,3.04,6.81,10.42,2181.990356101231,14.008395204145527,-140.13511378615564,3,1
2012-08-01 08:13:02.122706+00:00,4.64,10.27,15.69,2502.956643027058,14.188903847282283,-139.77409649988212,4,1
2012-08-01 08:18:02.122706+00:00,5.11,11.28,17.22,2344.3391355271306,14.12798607056558,-139.8959320533155,4,1
2012-08-01 08:23:02.122706+00:00,5.58,12.29,18.75,2823.922929952885,14.369412490419036,-139.4130792136086,3,1
2012-08-01 08:28:02.122706+00:00,5.6,12.32,18.8,2823.922929952885,14.369412490419036,-139.4130792136086,3,1
2012-08-01 09:20:02.122706+00:00,6.79,14.8,22.55,1957.1389549632872,13.43832590646851,-141.27525238150966,5,1
2012-08-01 09:25:02.122706+00:00,6.59,14.39,21.94,2310.2157501109027,13.52334372939088,-141.1052167356649,4,1
2012-08-01 09:26:02.122706+00:00,6.59,14.39,21.94,2310.2157501109027,13.52334372939088,-141.1052167356649,4,1
2012-08-01 09:29:02.122706+00:00,6.59,14.39,21.94,2310.2157501109027,13.52334372939088,-141.1052167356649,4,1
2012-08-01 09:43:02.122706+00:00,6.04,13.24,20.19,2155.3124309400428,13.209440070036978,-141.73302405437272,3,1
2012-08-01 09:48:02.122706+00:00,5.93,13.02,19.86,2064.7444619803546,13.194831551940752,-141.76224109056517,4,1
2012-08-01 09:52:02.122706+00:00,5.98,13.11,20.0,1974.1764930206664,13.180223033844523,-141.79145812675762,5,1
2012-08-01 09:56:02.122706+00:00,6.01,13.17,20.09,1919.0558950883,13.117984343051187,-141.91593550834432,4,1
2012-08-01 10:01:02.122706+00:00,5.98,13.11,20.0,1863.9352971559344,13.055745652257857,-142.040412889931,3,1
2012-08-01 10:12:02.122706+00:00,6.11,13.39,20.43,3179.0809481270526,14.04743400356872,-140.05703618730925,4,1
2012-08-01 10:14:02.122706+00:00,6.17,13.52,20.62,3179.0809481270526,14.04743400356872,-140.05703618730925,4,1
2012-08-01 10:17:02.122706+00:00,6.16,13.49,20.57,2945.2643046137946,13.899926746056677,-140.35205070233334,5,1
2012-08-01 10:22:02.122706+00:00,6.25,13.68,20.85,3179.0809481270526,14.04743400356872,-140.05703618730925,6,1
2012-08-01 10:24:02.122706+00:00,6.25,13.68,20.85,3179.0809481270526,14.04743400356872,-140.05703618730925,6,1
2012-08-01 10:27:02.122706+00:00,6.37,13.93,21.23,2934.107489674722,13.979690665202424,-140.19252286404185,4,1
2012-08-01 10:30:02.122706+00:00,6.38,13.96,21.28,2934.107489674722,13.979690665202424,-140.19252286404185,4,1
2012-08-01 18:21:02.121476+00:00,3.29,7.37,11.27,3636.3996338776506,15.767961643109786,-138.55718234330135,3,1
2012-08-01 18:24:02.121476+00:00,3.66,8.17,12.49,3636.3996338776506,15.767961643109786,-138.55718234330135,5,1
2012-08-01 18:27:02.121476+00:00,3.62,8.09,12.37,3636.3996338776506,15.767961643109786,-138.55718234330135,5,1
2012-08-01 18:32:02.121476+00:00,2.85,6.41,9.81,3041.742898013322,15.70119140114656,-138.69072282722777,5,1
2012-08-01 18:34:02.121476+00:00,2.85,6.41,9.81,3041.742898013322,15.70119140114656,-138.69072282722777,5,1
2012-08-01 18:41:02.121476+00:00,2.34,5.27,8.07,3502.152108198932,16.220375391921543,-137.6523548456778,4,1
2012-08-01 18:50:02.121476+00:00,28.07,40.0,40.0,3622.719248864481,15.70119140114656,-138.69072282722777,5,1
2012-08-01 18:51:02.121476+00:00,28.07,40.0,40.0,3622.719248864481,15.70119140114656,-138.69072282722777,5,1
2012-08-01 18:55:02.121476+00:00,28.07,40.0,40.0,4605.830792360133,16.901320743918973,-136.29046414168295,5,1
2012-08-01 18:59:02.121476+00:00,28.07,40.0,40.0,7476.5173854923105,17.197490744158955,-135.69812414120298,6,1
2012-08-01 19:02:02.121476+00:00,28.07,40.0,40.0,14591.307941917805,18.82818667389096,-132.43673228173895,5,1
2012-08-01 19:05:02.121476+00:00,1.72,3.88,5.94,16890.92371807002,18.938974205362637,-132.2151572187956,4,1
2012-08-01 19:09:02.121476+00:00,1.55,3.51,5.38,16890.92371807002,18.938974205362637,-132.2151572187956,4,1
2012-08-01 19:31:02.121476+00:00,0.18,0.41,0.61,8319.433164954156,18.045553578503323,-134.00199847251426,3,1
2012-08-01 19:39:02.121476+00:00,2.27,5.11,7.82,11783.364062294922,18.045553578503323,-134.00199847251426,3,1
2012-08-01 19:48:02.121476+00:00,2.34,5.27,8.07,11783.364062294922,17.78779508582171,-134.5175154578775,3,1
2012-08-01 20:17:02.121476+00:00,4.01,8.92,13.64,5494.373384342119,15.90293392504752,-138.28723777942588,3,1
2012-08-02 00:41:02.120246+00:00,6.16,13.49,20.57,2081.224436921966,13.974904383464064,-142.45095553149366,3,1
2012-08-02 00:48:02.120246+00:00,6.1,13.36,20.38,2533.8319216037203,14.196686299358015,-142.00739169970575,3,1
2012-08-02 00:53:02.120246+00:00,5.6,12.32,18.8,3004.678916318672,14.500010854971476,-141.4007425884788,3,1
2012-08-02 00:58:02.120246+00:00,5.32,11.74,17.92,3615.4741386103337,15.141920536847774,-140.11692322472624,3,1
2012-08-02 01:06:02.120246+00:00,5.54,12.19,18.6,5111.168286441305,16.069474720785646,-138.2618148568505,3,1
2012-08-02 01:14:02.120246+00:00,5.43,11.96,18.26,6543.224064108543,16.301104726583795,-137.7985548452542,4,1
2012-08-02 01:19:02.120246+00:00,5.46,12.03,18.36,6675.309722592823,16.318761625878953,-137.76324104666386,3,1
2012-08-02 01:23:02.120246+00:00,5.37,11.83,18.06,6543.224064108543,16.301104726583795,-137.7985548452542,4,1
2012-08-02 01:31:02.120246+00:00,4.83,10.68,16.31,4332.784552457593,15.180076847393734,-140.04061060363432,3,1
2012-08-02 01:38:02.120246+00:00,4.19,9.33,14.25,4332.784552457593,15.180076847393734,-140.04061060363432,3,1
2012-08-02 01:42:02.120246+00:00,3.68,8.21,12.55,4332.784552457593,15.180076847393734,-140.04061060363432,3,1
2012-08-02 01:52:02.120246+00:00,3.7,8.25,12.61,3739.071628150379,15.612704675587928,-139.17535494724592,3,1
2012-08-02 02:07:02.120246+00:00,5.4,11.9,18.16,7152.088965173353,16.565946596941515,-137.26887110453876,3,1
2012-08-02 02:12:02.120246+00:00,5.45,12.0,18.31,7377.078711676884,16.584438869877715,-137.23188655866636,4,1
2012-08-02 02:17:02.120246+00:00,5.46,12.03,18.36,7152.088965173353,16.565946596941515,-137.26887110453876,5,1
2012-08-02 02:21:02.120246+00:00,5.65,12.41,18.94,6603.565095542436,16.347266751408526,-137.7062307956047,5,1
2012-08-02 02:25:02.120246+00:00,5.9,12.95,19.76,6456.513020515623,16.301262783280855,-137.79823873186007,5,1
2012-08-02 02:29:02.120246+00:00,6.16,13.49,20.57,5778.589048053144,16.237308959188987,-137.9261463800438,5,1
2012-08-02 02:34:02.120246+00:00,6.47,14.15,21.56,5338.252476146383,16.01551974311155,-138.36972481219868,4,1
2012-08-02 02:39:02.120246+00:00,6.58,14.36,21.89,4897.915904239621,15.793730527034114,-138.81330324435356,3,1
2012-08-02 15:29:02.129016+00:00,7.1,15.45,23.53,4117.399168933969,15.608806540239032,-139.32931228639265,3,1
2012-08-02 15:32:02.129016+00:00,6.83,14.89,22.69,4474.985085881666,15.961949076528784,-138.62302721381317,4,1
2012-08-02 15:37:02.129016+00:00,6.16,13.49,20.57,4832.571002829363,16.315091612818534,-137.91674214123367,5,1
2012-08-02 15:42:02.129016+00:00,5.42,11.93,18.21,4832.571002829363,16.315091612818534,-137.91674214123367,5,1
2012-08-02 15:46:02.129016+00:00,5.2,11.48,17.52,6472.32292684308,16.497703348574667,-137.5515186697214,5,1
2012-08-02 15:50:02.129016+00:00,5.19,11.44,17.47,6472.32292684308,16.497703348574667,-137.5515186697214,5,1
2012-08-02 15:54:02.129016+00:00,4.79,10.61,16.21,4792.648769740671,16.02938987676029,-138.48814561335013,5,1
2012-08-02 15:57:02.129016+00:00,4.03,8.96,13.7,3595.6134770393865,15.542721658708976,-139.46148204945277,5,1
2012-08-02 16:01:02.129016+00:00,3.8,8.48,12.96,3323.360041006805,15.50054766801101,-139.54583003084872,4,1
2012-08-02 16:07:02.129016+00:00,4.23,9.4,14.36,3051.106604974224,15.45837367731304,-139.63017801224464,5,1
2012-08-02 16:12:02.129016+00:00,4.29,9.54,14.58,3097.1151167966973,15.156267480672115,-140.23439040552648,4,1
2012-08-02 16:15:02.129016+00:00,4.33,9.61,14.69,3097.1151167966973,15.156267480672115,-140.23439040552648,4,1
2012-08-04 17:21:02.124096+00:00,26.69,40.0,40.0,1756.2874373657528,15.44457387726503,-135.71399743373712,3,1
2012-08-04 17:27:02.124096+00:00,25.05,40.0,40.0,1764.160250924216,15.426063413478966,-135.75101836130926,7,1
2012-08-04 17:29:02.124096+00:00,24.25,40.0,40.0,1764.160250924216,15.413796287056243,-135.77555261415472,9,1
2012-08-04 17:31:02.124096+00:00,25.76,40.0,40.0,1748.97919615006,15.435318645371998,-135.7325078975232,10,1
2012-08-04 17:33:02.124096+00:00,25.13,40.0,40.0,1733.798141375904,15.426063413478966,-135.75101836130926,11,1
2012-08-04 17:35:02.124096+00:00,23.86,40.0,40.0,1734.9321002276745,15.435318645371998,-135.7325078975232,12,1
2012-08-04 17:37:02.124096+00:00,22.16,40.0,40.0,1733.798141375904,15.44457387726503,-135.71399743373712,13,1
2012-08-04 17:38:02.124096+00:00,19.35,40.0,40.0,1728.3816479891304,15.435318645371998,-135.7325078975232,12,2
2012-08-04 17:39:02.124096+00:00,19.21,39.74,40.0,1722.965154602357,15.426063413478966,-135.75101836130926,13,2
2012-08-04 17:41:02.124096+00:00,19.32,39.97,40.0,1722.965154602357,15.426063413478966,-135.75101836130926,13,1
2012-08-04 17:44:02.124096+00:00,5.54,12.19,18.6,1750.1131550018304,16.195307125550244,-134.21253093716672,14,1
2012-08-04 17:46:02.124096+00:00,5.51,12.12,18.5,1736.0660590794444,16.16568381387678,-134.27177756051364,13,1
2012-08-04 17:49:02.124096+00:00,5.52,12.16,18.55,1852.8530911399353,16.751311305562254,-133.10052257714267,12,1
2012-08-04 17:50:02.124096+00:00,5.62,12.35,18.84,1969.6401232004264,16.780311347138287,-133.04252249399062,11,1
2012-08-04 17:52:02.124096+00:00,5.63,12.38,18.89,1969.6401232004264,16.780311347138287,-133.04252249399062,11,3
2012-08-04 17:57:02.124096+00:00,5.52,12.16,18.55,2757.353903808598,16.88028112615702,-132.84258293595315,9,1
2012-08-04 17:59:02.124096+00:00,5.6,12.32,18.8,2940.36596520848,17.36718564640108,-131.86877389546504,8,2
2012-08-04 18:02:02.124096+00:00,7.0,15.23,23.21,2940.36596520848,17.36718564640108,-131.86877389546504,6,1
2012-08-07 10:35:02.127946+00:00,6.67,14.55,22.17,2354.075369140543,17.652906968170004,-135.46004097970032,9,1
2012-08-07 10:39:02.127946+00:00,13.74,28.86,40.0,2354.075369140543,17.88837153050848,-134.98911185502337,15,1
2012-08-07 10:42:02.127946+00:00,5.55,12.22,18.65,2610.342764016966,18.23000890249387,-134.3058371110526,23,2
2012-08-07 10:43:02.127946+00:00,5.65,12.41,18.94,2552.410822626593,18.1387876471775,-134.4882796216853,24,2
2012-08-07 10:44:02.127946+00:00,5.81,12.76,19.47,2610.342764016966,18.23000890249387,-134.3058371110526,27,2
2012-08-07 10:45:02.127946+00:00,5.83,12.8,19.52,2865.9919016214662,18.24594859339041,-134.2739577292595,29,2
2012-08-07 10:46:02.127946+00:00,5.65,12.41,18.94,2738.1673328192164,18.237978747942137,-134.28989742015605,30,2
2012-08-07 10:47:02.127946+00:00,5.8,12.73,19.42,2662.954034110641,18.151253536660228,-134.46334784271988,32,1
2012-08-07 10:48:02.127946+00:00,5.66,12.45,18.99,2597.239286647955,18.06003228134386,-134.6457903533526,34,2
2012-08-07 10:49:02.127946+00:00,5.6,12.32,18.8,2584.1358092789433,18.047566391861135,-134.67072213231805,35,1
2012-08-07 10:50:02.127946+00:00,5.6,12.32,18.8,2584.1358092789433,18.072498170826588,-134.62085857438717,35,3
2012-08-07 10:51:02.127946+00:00,5.63,12.38,18.89,2584.1358092789433,18.072498170826588,-134.62085857438717,35,3
2012-08-07 10:52:02.127946+00:00,5.62,12.35,18.84,2597.239286647955,18.15002935772086,-134.46579620059862,34,2
2012-08-07 10:53:02.127946+00:00,5.58,12.29,18.75,2662.954034110641,18.2287847235545,-134.30828546893133,32,2
2012-08-07 10:54:02.127946+00:00,5.25,11.57,17.67,2790.778602912891,18.237978747942137,-134.28989742015605,30,2
2012-08-07 10:55:02.127946+00:00,5.08,11.21,17.12,2662.954034110641,18.2287847235545,-134.30828546893133,28,2
2012-08-07 10:56:02.127946+00:00,4.72,10.44,15.95,2715.5653042043155,18.23000890249387,-134.3058371110526,27,2
2012-08-07 10:57:02.127946+00:00,4.34,9.65,14.74,2610.342764016966,18.22756054461513,-134.31073382681006,25,2
2012-08-07 10:58:02.127946+00:00,5.52,12.16,18.55,2715.5653042043155,18.23000890249387,-134.3058371110526,23,2
2012-08-07 10:59:02.127946+00:00,4.54,10.06,15.38,2662.954034110641,18.2287847235545,-134.30828546893133,22,1
2012-08-10 21:22:02.129337+00:00,3.14,7.03,10.76,3829.497300757526,20.09478667543676,-130.5884741919141,18,2
2012-08-10 21:23:02.129337+00:00,2.14,4.83,7.39,4351.635335318429,20.14772979229749,-130.48258795819262,20,1
2012-08-10 21:24:02.129337+00:00,4.28,9.5,14.52,4706.037829783622,20.35550159039526,-130.0670443619971,24,1
2012-08-10 21:26:02.129337+00:00,4.87,10.78,16.46,4706.037829783622,20.22814517551313,-130.32175719176135,28,2
2012-08-10 21:27:02.129337+00:00,4.91,10.85,16.56,4604.6154406184,20.1952605882802,-130.3875263662272,30,2
2012-08-10 21:28:02.129337+00:00,4.92,10.88,16.62,4437.266905575565,20.17355779258994,-130.4309319576077,32,2
2012-08-10 21:29:02.129337+00:00,4.84,10.71,16.36,4240.276438322051,20.17355779258994,-130.4309319576077,34,2
2012-08-10 21:30:02.129337+00:00,4.76,10.54,16.1,4404.801785922682,20.152437945005172,-130.47317165277724,37,3
2012-08-10 21:31:02.129337+00:00,4.73,10.48,16.0,4418.461945538259,20.1952605882802,-130.3875263662272,40,2
2012-08-10 21:32:02.129337+00:00,5.06,11.18,17.07,4432.122105153836,20.19467764017471,-130.38869226243818,41,2
2012-08-10 21:33:02.129337+00:00,5.03,11.11,16.97,4459.5780501601785,20.1952605882802,-130.3875263662272,40,3
2012-08-10 21:34:02.129337+00:00,5.0,11.05,16.87,4487.03399516652,20.195843536385688,-130.38636047001623,39,3
2012-08-10 21:35:02.129337+00:00,5.0,11.05,16.87,4487.03399516652,20.195843536385688,-130.38636047001623,39,2
2012-08-10 21:36:02.129337+00:00,4.98,11.01,16.82,4541.972276299801,20.22814517551313,-130.32175719176135,38,2
2012-08-10 21:37:02.129337+00:00,4.89,10.81,16.51,4604.6154406184,20.35550159039526,-130.0670443619971,36,2
2012-08-10 21:38:02.129337+00:00,4.86,10.75,16.41,4604.6154406184,20.458544943229853,-129.8609576563279,34,3
2012-08-10 21:39:02.129337+00:00,4.84,10.71,16.36,4870.568209682345,20.491946085743315,-129.79415537130097,32,2
2012-08-10 21:40:02.129337+00:00,3.84,8.55,13.08,4604.6154406184,20.49577010361526,-129.78650733555708,30,3
2012-08-10 21:41:02.129337+00:00,3.22,7.2,11.02,4487.03399516652,20.260446814640577,-130.25715391350647,27,2
2012-08-10 21:42:02.129337+00:00,6.02,13.21,20.14,4432.122105153836,20.195843536385688,-130.38636047001623,25,1
2012-08-10 21:45:02.129337+00:00,6.82,14.86,22.64,4202.929622926053,19.89105220256873,-130.99594313765013,17,1
2012-08-11 16:56:02.126877+00:00,17.47,36.29,40.0,5357.469327461976,20.71575518605333,-126.98244550955908,14,1
2012-08-11 16:59:02.126877+00:00,17.59,36.54,40.0,5543.507034133807,21.009057124940476,-126.3958416317848,20,1
2012-08-11 17:00:02.126877+00:00,10.8,22.97,34.87,5787.708153617003,21.13263999503176,-126.14867589160224,23,1
2012-08-11 17:01:02.126877+00:00,9.45,20.25,30.78,7412.315997375791,21.14295528431077,-126.1280453130442,25,2
2012-08-11 17:02:02.126877+00:00,8.74,18.81,28.61,8574.5594152946,21.80950240461469,-124.79495107243638,28,2
2012-08-11 17:03:02.126877+00:00,8.76,18.84,28.66,8798.7135082085,21.90641829474092,-124.60111929218392,29,3
2012-08-11 17:04:02.126877+00:00,8.71,18.75,28.52,10206.548778445487,22.12983813408643,-124.15427961349288,32,1
2012-08-11 17:05:02.126877+00:00,8.71,18.75,28.52,8798.7135082085,22.146457439439622,-124.12104100278648,35,2
2012-08-11 17:06:02.126877+00:00,8.74,18.81,28.61,8574.5594152946,22.135570001170343,-124.14281587932504,36,1
2012-08-11 17:07:02.126877+00:00,8.74,18.81,28.61,8350.405322380697,22.124682562901068,-124.1645907558636,37,3
2012-08-11 17:08:02.126877+00:00,8.74,18.81,28.61,8798.7135082085,22.124682562901068,-124.1645907558636,39,3
2012-08-11 17:09:02.126877+00:00,8.76,18.84,28.66,8350.405322380697,22.09466361102209,-124.22462865962156,41,2
2012-08-11 17:10:02.126877+00:00,8.76,18.84,28.66,8574.5594152946,22.10967308696158,-124.1946097077426,40,2
2012-08-11 17:11:02.126877+00:00,8.76,18.84,28.66,8798.7135082085,22.124682562901068,-124.1645907558636,39,2
2012-08-11 17:12:02.126877+00:00,8.74,18.81,28.61,8350.405322380697,22.124682562901068,-124.1645907558636,39,3
2012-08-11 17:13:02.126877+00:00,8.7,18.72,28.47,7719.937613835583,22.135570001170343,-124.14281587932504,38,1
2012-08-11 17:14:02.126877+00:00,8.7,18.72,28.47,8188.982276338036,22.149531563784485,-124.11489275409676,36,3
2012-08-11 17:15:02.126877+00:00,8.65,18.62,28.33,8350.405322380697,22.15260568812935,-124.10874450540705,35,3
2012-08-11 17:16:02.126877+00:00,8.57,18.47,28.09,8188.982276338036,22.158809172640066,-124.09633753638562,34,1
2012-08-11 17:17:02.126877+00:00,8.56,18.43,28.04,8350.405322380697,22.165012657150776,-124.08393056736418,33,2
2012-08-11 17:18:02.126877+00:00,8.56,18.43,28.04,8871.04456733954,22.29403212692637,-123.825891627813,30,1
2012-08-11 17:19:02.126877+00:00,8.54,18.4,27.99,8871.04456733954,22.149531563784485,-124.11489275409676,28,3
2012-08-11 17:21:02.126877+00:00,8.37,18.06,27.47,6468.9246274911675,22.088209594105656,-124.23753669345444,23,1
2012-08-11 17:22:02.126877+00:00,18.62,38.58,40.0,5599.742534338355,21.83911552660685,-124.73572482845204,21,2
2012-08-11 17:23:02.126877+00:00,0.01,0.04,0.02,4698.000989344417,21.81567553923039,-124.78260480320496,20,1
2012-08-11 17:26:02.126877+00:00,0.01,0.04,0.02,2491.61724329422,18.687844085662174,-131.0382677103414,13,1
2012-08-11 17:31:02.126877+00:00,31.65,40.0,40.0,2031.807095371987,17.80831160558271,-132.7973326705003,7,1
2012-08-11 17:34:02.126877+00:00,0.01,0.01,0.02,2031.807095371987,16.6618555402474,-135.09024480117094,3,1
2012-08-15 19:25:02.127037+00:00,6.73,14.67,22.36,4738.930111187871,16.386309016850536,-140.91225345820192,3,1
2012-08-15 19:27:02.127037+00:00,7.37,16.0,24.37,4037.086695928197,15.982801405117996,-141.71926868166702,4,1
2012-08-15 19:33:02.127037+00:00,7.39,16.04,24.42,4738.930111187871,16.386309016850536,-140.91225345820192,5,1
2012-08-15 19:36:02.127037+00:00,7.69,16.66,25.36,3335.243280668523,15.579293793385451,-142.5262839051321,5,1
2012-08-15 19:39:02.127037+00:00,7.64,16.56,25.22,4216.711071349805,15.890828242360168,-141.90321500718267,4,1
2012-08-15 19:45:02.127037+00:00,7.06,15.36,23.39,4883.229193871832,16.109550088358503,-141.46577131518598,4,1
2012-08-15 19:53:02.127037+00:00,5.74,12.6,19.23,2465.3751976682743,15.06254562210592,-143.55978024769115,5,1
2012-08-15 19:57:02.127037+00:00,5.74,12.6,19.23,6302.778064253198,16.266903735370292,-141.1510640211624,4,1
2012-08-15 20:02:02.127037+00:00,5.54,12.19,18.6,10905.796154821715,18.10197729089299,-137.480916910117,5,2
2012-08-15 20:11:02.127037+00:00,5.48,12.06,18.41,12061.73048128548,18.35443419446315,-136.97600310297668,4,1
2012-08-15 20:18:02.127037+00:00,5.78,12.7,19.38,11492.826006843155,18.255857458971924,-137.17315657395915,4,1
2012-08-15 20:23:02.127037+00:00,6.28,13.74,20.95,10876.52732232458,18.078196828886277,-137.52847783413043,6,1
2012-08-15 20:24:02.127037+00:00,6.28,13.74,20.95,10876.52732232458,18.078196828886277,-137.52847783413043,6,1
2012-08-15 20:29:02.127037+00:00,5.51,12.12,18.5,11493.198130181305,18.08336311845112,-137.51814525500075,6,1
2012-08-15 20:32:02.127037+00:00,5.6,12.32,18.8,12109.496814699882,18.24915867434433,-137.18655414321435,7,1
2012-08-15 20:33:02.127037+00:00,5.65,12.41,18.94,12558.132680187402,18.261023748536765,-137.16282399482947,8,1
2012-08-15 20:38:02.127037+00:00,5.68,12.48,19.04,13006.768545674922,18.24915867434433,-137.18655414321435,7,1
2012-08-15 20:39:02.127037+00:00,5.63,12.38,18.89,13006.768545674922,18.24915867434433,-137.18655414321435,7,1
2012-08-15 20:43:02.127037+00:00,5.22,11.51,17.57,11247.595217018756,18.11956907794149,-137.44573333602003,6,1
2012-08-15 20:47:02.127037+00:00,5.22,11.51,17.57,11247.595217018756,18.11956907794149,-137.44573333602003,6,1
2012-08-15 20:48:02.127037+00:00,4.92,10.88,16.62,9488.421888362587,17.940433229994127,-137.80400503191476,5,1
2012-08-15 20:52:02.127037+00:00,4.34,9.65,14.74,9488.421888362587,17.940433229994127,-137.80400503191476,5,1
2012-08-15 20:59:02.127037+00:00,4.81,10.65,16.26,13571.524423952154,18.27883179799105,-137.1272078959209,5,1
2012-08-15 21:04:02.127037+00:00,4.91,10.85,16.56,13571.524423952154,18.27883179799105,-137.1272078959209,5,1
2012-08-15 21:07:02.127037+00:00,4.91,10.85,16.56,13571.524423952154,18.27883179799105,-137.1272078959209,5,1
2012-08-15 21:09:02.127037+00:00,4.91,10.85,16.56,12960.173439658938,18.229785031347458,-137.2253014292081,5,1
2012-08-15 21:13:02.127037+00:00,4.21,9.36,14.31,12960.173439658938,18.229785031347458,-137.2253014292081,7,1
2012-08-15 21:17:02.127037+00:00,2.03,4.59,7.03,12960.173439658938,18.229785031347458,-137.2253014292081,7,1
2012-08-15 21:20:02.127037+00:00,0.01,0.01,0.02,8906.600753298439,18.1250877507804,-137.4346959903422,7,1
2012-08-15 21:22:02.127037+00:00,1.48,3.35,5.14,9135.708665635297,18.136583541584308,-137.41170440873438,8,1
2012-08-15 21:26:02.127037+00:00,1.48,3.35,5.14,16300.100419977744,19.002663048167307,-135.67954539556837,8,1
2012-08-15 21:27:02.127037+00:00,1.68,3.81,5.83,16300.100419977744,19.002663048167307,-135.67954539556837,8,1
2012-08-15 21:29:02.127037+00:00,1.68,3.81,5.83,15774.145789366874,18.54151769279199,-136.601836106319,8,1
2012-08-15 21:32:02.127037+00:00,1.81,4.08,6.25,41451.18878728727,21.034982200342437,-131.6149070912181,7,1
2012-08-15 21:36:02.127037+00:00,2.01,4.53,6.94,22493.592435866703,19.538242162929578,-134.60838716604383,9,1
2012-08-15 21:37:02.127037+00:00,2.19,4.94,7.57,15174.1419639717,18.37051960147967,-136.94383228894364,8,1
2012-08-15 21:40:02.127037+00:00,2.11,4.77,7.3,23266.772161030476,19.83789155085619,-134.0090883901906,7,1
2012-08-15 21:43:02.127037+00:00,2.01,4.53,6.94,22880.18229844859,19.68806685689288,-134.30873777811723,6,1
2012-08-15 21:45:02.127037+00:00,1.87,4.21,6.46,23266.772161030476,19.83789155085619,-134.0090883901906,7,1
2012-08-15 21:50:02.127037+00:00,1.59,3.59,5.49,23266.772161030476,19.83789155085619,-134.0090883901906,5,1
2012-08-15 21:55:02.127037+00:00,1.48,3.35,5.14,23889.197862006313,19.843126826103937,-133.99861783969513,5,1
2012-08-15 22:00:02.127037+00:00,0.58,1.31,2.01,26532.22190983533,19.843126826103937,-133.99861783969513,5,1
2012-08-15 22:03:02.127037+00:00,0.58,1.31,2.01,26532.22190983533,19.843126826103937,-133.99861783969513,5,1
2012-08-15 22:05:02.127037+00:00,1.12,2.54,3.89,26532.22190983533,19.819813393078277,-134.04524470574643,5,1
2012-08-15 22:09:02.127037+00:00,1.07,2.43,3.73,23145.08578133661,19.4603166259092,-134.76423824008458,6,1
2012-08-15 22:13:02.127037+00:00,0.92,2.08,3.19,23145.08578133661,19.4603166259092,-134.76423824008458,4,1
2012-08-15 22:19:02.127037+00:00,1.41,3.19,4.89,14823.77365913544,18.54988357528704,-136.5851043413289,4,1
2012-08-15 22:23:02.127037+00:00,1.45,3.27,5.01,13565.308046568847,18.391475782597904,-136.90191992670717,5,1
2012-08-15 22:28:02.127037+00:00,2.37,5.33,8.15,13565.308046568847,18.391475782597904,-136.90191992670717,5,1
2012-08-15 22:30:02.127037+00:00,2.88,6.45,9.88,13565.308046568847,18.391475782597904,-136.90191992670717,5,1
2012-08-15 22:34:02.127037+00:00,3.27,7.33,11.21,14264.74811051792,18.52337643691004,-136.6381186180829,5,1
2012-08-15 22:39:02.127037+00:00,3.44,7.7,11.77,14075.652386972586,18.499921808738787,-136.68502787442543,6,1
2012-08-15 22:44:02.127037+00:00,3.87,8.63,13.19,13886.556663427253,18.476467180567532,-136.73193713076793,5,1
2012-08-15 22:47:02.127037+00:00,3.87,8.63,13.19,13886.556663427253,18.476467180567532,-136.73193713076793,5,1
2012-08-15 22:49:02.127037+00:00,3.87,8.63,13.19,9749.72869426649,17.556965875260257,-138.57093974138246,6,1
2012-08-15 22:53:02.127037+00:00,4.04,9.0,13.76,5534.892204423149,16.54426639466066,-140.59633870258168,7,1
2012-08-15 22:58:02.127037+00:00,4.16,9.25,14.14,5303.196518629465,16.427734884740097,-140.8294017224228,6,1
2012-08-15 23:00:02.127037+00:00,3.94,8.78,13.42,5303.196518629465,16.427734884740097,-140.8294017224228,6,1
2012-08-15 23:03:02.127037+00:00,3.94,8.78,13.42,5303.196518629465,16.427734884740097,-140.8294017224228,6,1
2012-08-15 23:08:02.127037+00:00,3.57,7.97,12.2,5573.896464764439,16.427734884740097,-140.8294017224228,6,1
2012-08-15 23:09:02.127037+00:00,3.53,7.9,12.07,5534.892204423149,16.311203374819538,-141.06246474226393,5,1
2012-08-15 23:15:02.127037+00:00,3.0,6.72,10.29,12795.086638054505,18.54631803343755,-136.59223542502787,4,1
2012-08-15 23:21:02.127037+00:00,1.55,3.51,5.38,13580.453816291612,18.655080364147143,-136.37471076360868,4,1
2012-08-15 23:27:02.127037+00:00,1.98,4.47,6.84,11646.68275025768,18.097893168645555,-137.48908515461187,5,1
2012-08-15 23:28:02.127037+00:00,1.98,4.47,6.84,11646.68275025768,18.097893168645555,-137.48908515461187,5,1
2012-08-15 23:33:02.127037+00:00,2.19,4.94,7.57,11646.68275025768,18.097893168645555,-137.48908515461187,5,1
2012-08-15 23:36:02.127037+00:00,2.22,5.0,7.65,8197.497436596866,17.23774823721243,-139.20937501747812,6,1
2012-08-15 23:39:02.127037+00:00,2.37,5.33,8.15,17569.741319796154,18.834597957420847,-136.0156755770613,5,1
2012-08-15 23:45:02.127037+00:00,2.03,4.59,7.03,26810.34299686684,20.02111660446882,-133.64263828296535,5,1
2012-08-15 23:46:02.127037+00:00,1.92,4.34,6.65,23011.52223210912,20.125822126569616,-133.43322723876378,6,1
2012-08-15 23:50:02.127037+00:00,1.92,4.34,6.65,23011.52223210912,20.363433142938018,-132.95800520602697,4,1
2012-08-15 23:56:02.127037+00:00,1.72,3.88,5.94,23011.52223210912,20.363433142938018,-132.95800520602697,4,1
2012-08-16 00:01:02.125807+00:00,0.01,0.01,0.02,11995.5038420748,18.51737286554539,-136.0315005207593,3,1
2012-08-16 00:07:02.125807+00:00,0.03,0.07,0.12,18850.4392273,19.399013818425164,-134.26821861499974,3,1
2012-08-16 00:12:02.125807+00:00,0.03,0.07,0.12,23025.738419885456,19.792244615094468,-133.48175702166114,4,1
2012-08-16 00:17:02.125807+00:00,0.01,0.04,0.02,23025.738419885456,19.792244615094468,-133.48175702166114,4,1
2012-08-16 00:22:02.125807+00:00,0.73,1.66,2.55,32554.54325645778,20.530741782171773,-132.0047626875065,3,1
2012-08-16 00:29:02.125807+00:00,1.81,4.08,6.25,30414.416832654115,20.56143922892302,-131.94336779400402,4,1
2012-08-16 00:36:02.125807+00:00,3.59,8.01,12.26,23472.9097662326,20.530741782171773,-132.0047626875065,7,1
2012-08-16 00:39:02.125807+00:00,3.59,8.01,12.26,9177.534469580709,20.105136234481677,-132.8559737828867,7,3
2012-08-16 00:40:02.125807+00:00,3.57,7.97,12.2,9177.534469580709,20.105136234481677,-132.8559737828867,7,1
2012-08-16 00:42:02.125807+00:00,3.57,7.97,12.2,9177.534469580709,20.105136234481677,-132.8559737828867,7,1
2012-08-16 00:49:02.125807+00:00,19.27,39.86,40.0,6122.354485725718,18.252156503583507,-136.56193324468305,7,1
2012-08-16 00:53:02.125807+00:00,2.09,4.71,7.21,6775.8585202351205,16.851248836758998,-139.36374857833206,4,1
2012-08-16 00:57:02.125807+00:00,2.09,4.71,7.21,6775.8585202351205,16.851248836758998,-139.36374857833206,4,1
2012-08-16 01:02:02.125807+00:00,2.48,5.59,8.55,6122.354485725718,16.590987124332425,-139.8842720031852,3,1
2012-08-16 01:20:02.125807+00:00,2.88,6.45,9.88,7939.259273627274,17.194764511639608,-138.67671722857085,3,1
2012-08-16 01:28:02.125807+00:00,3.39,7.57,11.58,7939.259273627274,17.194764511639608,-138.67671722857085,3,1
2012-08-16 02:05:02.125807+00:00,3.37,7.53,11.52,11447.136561174308,18.183170267953276,-136.69990571594352,3,1
2012-08-16 02:13:02.125807+00:00,3.4,7.61,11.65,11476.782727423317,18.395276972824867,-136.2756923062003,4,1
2012-08-16 02:14:02.125807+00:00,2.37,5.33,8.15,11476.782727423317,18.395276972824867,-136.2756923062003,4,1
2012-08-16 02:23:02.125807+00:00,2.27,5.11,7.82,4536.6951772799,16.379323747119972,-140.30759875761012,3,1
2012-08-16 02:27:02.125807+00:00,2.22,5.0,7.65,5380.907223570254,16.42451432298069,-140.2172176058887,3,1
2012-08-16 02:34:02.125807+00:00,6.22,13.61,20.76,4664.468251318626,16.379323747119972,-140.30759875761012,5,1
2012-08-16 02:37:02.125807+00:00,6.23,13.65,20.81,4664.468251318626,16.157671539889847,-140.75090317207037,5,1
2012-08-16 02:41:02.125807+00:00,5.46,12.03,18.36,4664.468251318626,16.157671539889847,-140.75090317207037,7,1
2012-08-16 02:43:02.125807+00:00,5.45,12.0,18.31,4664.468251318626,16.157671539889847,-140.75090317207037,7,1
2012-08-16 02:47:02.125807+00:00,6.47,14.15,21.56,4606.021253501596,16.13402680032924,-140.79819265119158,7,1
2012-08-16 02:48:02.125807+00:00,6.17,13.52,20.62,4606.021253501596,16.13402680032924,-140.79819265119158,7,1
2012-08-16 02:49:02.125807+00:00,6.17,13.52,20.62,4188.8849572404815,16.12645930406225,-140.8133276437256,8,1
2012-08-16 02:54:02.125807+00:00,5.37,11.83,18.06,4606.021253501596,16.13402680032924,-140.79819265119158,7,1
2012-08-16 02:58:02.125807+00:00,5.45,12.0,18.31,5689.137456559456,16.93012417948839,-139.20599789287328,7,2
2012-08-16 03:04:02.125807+00:00,5.09,11.25,17.17,6694.527478724112,16.93012417948839,-139.20599789287328,5,1
2012-08-16 03:06:02.125807+00:00,5.45,12.0,18.31,8264.316425028763,17.297552477996696,-138.47114129585668,6,1
2012-08-16 03:10:02.125807+00:00,5.69,12.51,19.09,6564.33876973008,16.931530718063165,-139.20318481572372,6,1
2012-08-16 03:14:02.125807+00:00,6.35,13.9,21.19,6061.643758647751,16.86647025888381,-139.33330573408244,6,1
2012-08-16 03:17:02.125807+00:00,6.22,13.61,20.76,6564.33876973008,16.867876797458585,-139.3304926569329,6,1
2012-08-16 03:19:02.125807+00:00,6.2,13.58,20.71,6434.150060736047,16.80281633827923,-139.4606135752916,7,1
2012-08-16 03:23:02.125807+00:00,6.08,13.33,20.33,6434.150060736047,16.932937256637942,-139.20037173857418,7,1
2012-08-16 03:26:02.125807+00:00,5.99,13.14,20.05,5776.404155300185,16.788299005427255,-139.48964824099556,7,1
2012-08-16 03:28:02.125807+00:00,5.99,13.14,20.05,6105.2771080181155,16.8606181310326,-139.34500998978487,6,1
2012-08-16 03:31:02.125807+00:00,5.92,12.99,19.81,5398.147279785779,16.602698571416845,-139.8608491090164,6,1
2012-08-16 03:35:02.125807+00:00,5.93,13.02,19.86,5776.404155300185,16.788299005427255,-139.48964824099556,5,1
2012-08-16 03:39:02.125807+00:00,5.9,12.95,19.76,4044.9140747041024,15.821979039953762,-141.42228817194254,4,1
2012-08-16 04:31:02.125807+00:00,6.19,13.55,20.67,6357.390972673741,16.84130983937163,-139.3836265731068,3,1
2012-08-16 04:40:02.125807+00:00,6.58,14.36,21.89,4080.364078746382,15.896343176075831,-141.2735598996984,3,1
2012-08-16 04:50:02.125807+00:00,7.7,16.69,25.4,3592.163846935713,15.595804711034493,-141.87463682978108,3,1
2012-08-16 04:58:02.125807+00:00,7.85,17.0,25.87,3384.578272970858,15.50550039304142,-142.05524546576723,3,1
2012-08-16 05:14:02.125807+00:00,6.82,14.86,22.64,3139.661783109946,15.23516958092251,-142.59590709000506,3,1
2012-08-16 05:20:02.125807+00:00,6.25,13.68,20.85,4036.3840469732913,15.892575487996073,-141.28109527585792,4,1
2012-08-16 05:25:02.125807+00:00,6.28,13.74,20.95,4299.677647015707,16.12702439764174,-140.8121974565666,4,1
2012-08-16 05:29:02.125807+00:00,6.2,13.58,20.71,4933.106310836637,16.549981395069636,-139.9662834617108,5,1
2012-08-16 05:31:02.125807+00:00,6.7,14.61,22.27,4547.643622078598,16.074942074026144,-140.91636210379778,5,1
2012-08-16 05:37:02.125807+00:00,6.74,14.7,22.41,5572.512753914304,16.86892762021086,-139.32839101142832,6,1
2012-08-16 05:40:02.125807+00:00,6.7,14.61,22.27,5572.512753914304,16.86892762021086,-139.32839101142832,6,1
2012-08-16 05:43:02.125807+00:00,6.67,14.55,22.17,5865.228165995178,16.89655302865442,-139.2731401945412,6,1
2012-08-16 05:46:02.125807+00:00,6.47,14.15,21.56,6235.534572861661,16.959211957331114,-139.14782233718785,8,1
2012-08-16 05:49:02.125807+00:00,6.43,14.05,21.42,6026.898511231819,16.89655302865442,-139.2731401945412,8,1
2012-08-16 05:51:02.125807+00:00,6.11,13.39,20.43,6062.903093877507,16.950178574003004,-139.16588910384405,7,1
2012-08-16 05:54:02.125807+00:00,5.9,12.95,19.76,6408.166051845815,16.968245340659223,-139.1297555705316,7,1
2012-08-16 05:56:02.125807+00:00,5.84,12.83,19.57,6235.534572861661,16.90558641198253,-139.255073427885,8,1
2012-08-16 05:59:02.125807+00:00,5.54,12.19,18.6,6235.534572861661,16.90558641198253,-139.255073427885,6,1
2012-08-16 06:02:02.125807+00:00,5.4,11.9,18.16,6603.434594106509,17.140516198717954,-138.78521385441417,6,1
2012-08-16 06:05:02.125807+00:00,5.39,11.87,18.11,6394.798532476667,17.06231761470979,-138.9416110224305,6,1
2012-08-16 06:10:02.125807+00:00,5.45,12.0,18.31,9249.331975909348,17.830554803537375,-137.40513664477533,5,1
2012-08-16 06:14:02.125807+00:00,5.93,13.02,19.86,7577.2633346099965,17.206642088264147,-138.6529620753218,6,1
2012-08-16 06:16:02.125807+00:00,5.8,12.73,19.42,7822.305620934008,17.232983384802903,-138.60027948224425,5,1
2012-08-16 06:22:02.125807+00:00,6.25,13.68,20.85,7332.221048285985,17.232983384802903,-138.60027948224425,5,1
2012-08-16 06:24:02.125807+00:00,6.49,14.18,21.61,7332.221048285985,17.232983384802903,-138.60027948224425,5,1
2012-08-16 06:30:02.125807+00:00,6.62,14.46,22.03,6848.966430381731,17.180300791725386,-138.70564466839932,5,1
2012-08-16 06:34:02.125807+00:00,7.16,15.57,23.72,5649.821666130512,16.583817842572238,-139.8986105667056,4,1
2012-08-16 06:38:02.125807+00:00,7.06,15.36,23.39,5783.645327014715,16.657409452057355,-139.75142734773536,5,1
2012-08-16 06:41:02.125807+00:00,6.98,15.2,23.16,5649.821666130512,16.583817842572238,-139.8986105667056,4,1
2012-08-16 06:48:02.125807+00:00,7.48,16.22,24.7,6390.274326594269,16.927581328178356,-139.2110835954933,3,1
2012-08-16 06:54:02.125807+00:00,6.92,15.08,22.97,8389.757472693384,17.458173284222063,-138.14989968340595,3,1
2012-08-16 07:00:02.125807+00:00,6.52,14.24,21.7,9751.278409241724,17.853180233133525,-137.359885785583,3,1
2012-08-16 07:05:02.125807+00:00,5.93,13.02,19.86,10086.623326694596,17.897174813474656,-137.27189662490076,3,1
2012-08-16 07:11:02.125807+00:00,6.13,13.43,20.48,10086.623326694596,18.157007351652982,-136.7522315485441,3,1
2012-08-16 07:18:02.125807+00:00,6.07,13.3,20.28,9855.852202351332,17.897174813474656,-137.27189662490076,3,1
2012-08-16 07:24:02.125807+00:00,6.29,13.77,21.0,9855.852202351332,17.863235204063223,-137.33977584372363,3,1
2012-08-16 07:30:02.125807+00:00,6.37,13.93,21.23,9583.938310263164,17.766800202426708,-137.53264584699664,3,1
2012-08-16 07:36:02.125807+00:00,6.91,15.05,22.92,8373.326436296968,17.467096654789103,-138.13205294227186,4,1
2012-08-16 07:41:02.125807+00:00,6.82,14.86,22.64,7186.131488238518,17.278807154661695,-138.50863194252668,4,1
2012-08-16 07:46:02.125807+00:00,6.94,15.11,23.02,7186.131488238518,17.26864991519727,-138.52894642145554,4,1
2012-08-16 07:50:02.125807+00:00,6.94,15.11,23.02,7186.131488238518,17.26864991519727,-138.52894642145554,4,1
2012-08-16 07:54:02.125807+00:00,6.83,14.89,22.69,7222.647318210449,17.291185802013594,-138.4838746478229,3,1
2012-08-16 08:13:02.125807+00:00,6.68,14.58,22.22,8893.959035314187,17.52751019678081,-138.01122585828844,3,1
2012-08-16 08:20:02.125807+00:00,5.08,11.21,17.12,8893.959035314187,17.52751019678081,-138.01122585828844,3,1
2012-08-16 08:25:02.125807+00:00,4.64,10.27,15.69,10744.23521943156,18.2150632653689,-136.6361197211123,3,1
2012-08-16 08:32:02.125807+00:00,5.4,11.9,18.16,10744.23521943156,18.2150632653689,-136.6361197211123,3,1
2012-08-16 08:40:02.125807+00:00,5.98,13.11,20.0,8174.091298532196,17.36471395585793,-138.33681834013422,3,1
2012-08-16 20:29:02.124577+00:00,2.73,6.13,9.38,2716.072607929741,14.448904853990488,-138.4663002512808,3,1
2012-08-16 20:35:02.124577+00:00,12.45,26.28,39.85,3623.818399148291,15.053619169508734,-137.2568716202443,3,1
2012-08-16 20:40:02.124577+00:00,12.45,26.28,39.85,3620.481590962104,15.034928314111204,-137.2942533310394,4,1
2012-08-16 20:46:02.124577+00:00,12.43,26.24,39.79,4493.185612019642,15.584139188652523,-136.19583158195672,5,1
2012-08-16 20:49:02.124577+00:00,12.45,26.28,39.85,4622.1123850235945,15.586589027658118,-136.19093190394557,6,1
2012-08-16 20:52:02.124577+00:00,1.92,4.34,6.65,4751.039158027546,15.58903886666371,-136.18603222593438,5,1
2012-08-16 20:55:02.124577+00:00,1.92,4.34,6.65,5128.054793346638,15.88358036667499,-135.59694922591183,6,1
2012-08-16 20:59:02.124577+00:00,2.34,5.27,8.07,5505.070428665729,16.2059380768139,-134.952233805634,5,1
2012-08-16 21:03:02.124577+00:00,1.62,3.66,5.61,6146.510140341149,16.285144963682104,-134.79382003189755,6,1
2012-08-16 21:05:02.124577+00:00,1.62,3.66,5.61,6146.510140341149,16.285144963682104,-134.79382003189755,6,1
2012-08-16 21:11:02.124577+00:00,1.84,4.15,6.36,7664.150181630247,16.550633310540942,-134.26284333817992,5,1
2012-08-16 21:13:02.124577+00:00,1.81,4.08,6.25,6247.838699012457,16.32491567418296,-134.71427861089586,5,1
2012-08-16 21:17:02.124577+00:00,1.84,4.15,6.36,7907.622312717052,16.561176452520016,-134.24175705422175,6,1
2012-08-16 21:21:02.124577+00:00,1.95,4.41,6.75,6247.838699012457,16.245374253181247,-134.87336145289927,5,1
2012-08-16 21:23:02.124577+00:00,1.84,4.15,6.36,6056.678037577497,16.843583585936553,-133.6769427873887,5,1
2012-08-16 21:27:02.124577+00:00,1.59,3.59,5.49,5883.525861375132,16.271423820712133,-134.82126231783752,4,1
2012-08-16 21:32:02.124577+00:00,1.37,3.1,4.76,5883.525861375132,17.2517967661626,-132.8605164269366,4,1
2012-08-16 21:39:02.124577+00:00,0.01,0.04,0.02,6056.678037577497,17.660009946388648,-132.0440900664845,3,1
2012-08-16 21:44:02.124577+00:00,0.01,0.04,0.04,7454.789749951891,17.86049625468557,-131.64311744989064,3,1
2012-08-16 21:53:02.124577+00:00,1.41,3.19,4.89,7454.789749951891,17.86049625468557,-131.64311744989064,3,1
2012-08-16 22:02:02.124577+00:00,1.92,4.34,6.65,5556.888978441812,16.072028991351296,-135.2200519765592,3,1
2012-08-16 22:11:02.124577+00:00,2.85,6.41,9.81,3934.615912550276,14.688288941961735,-137.98753207533832,3,1
2012-08-16 22:19:02.124577+00:00,3.23,7.24,11.08,3934.615912550276,14.688288941961735,-137.98753207533832,3,1
2012-08-16 22:27:02.124577+00:00,3.84,8.55,13.08,3584.3998674822437,14.688288941961735,-137.98753207533832,3,1
2012-08-16 22:32:02.124577+00:00,4.21,9.36,14.31,2274.8582445857337,13.7721958674064,-139.819718224449,3,1
2012-08-16 22:40:02.124577+00:00,5.11,11.28,17.22,3584.3998674822437,14.773026540647937,-137.81805687796592,3,1
2012-08-16 22:45:02.124577+00:00,5.39,11.87,18.11,3676.488133308,14.71930256314296,-137.92550483297586,3,1
2012-08-17 06:30:02.123347+00:00,3.12,6.99,10.69,5073.0948145120365,16.619482564961054,-139.97368058678734,3,1
2012-08-17 06:34:02.123347+00:00,3.12,6.99,10.69,5073.0948145120365,16.619482564961054,-139.97368058678734,3,1
2012-08-17 06:39:02.123347+00:00,3.12,6.99,10.69,4782.844660529432,16.633349833957656,-139.94594604879413,4,1
2012-08-17 10:01:02.123347+00:00,12.01,25.4,38.52,4426.757309142501,16.20577040977427,-140.8011048971609,3,1
2012-08-17 10:04:02.123347+00:00,3.84,8.55,13.08,4426.757309142501,16.20577040977427,-140.8011048971609,3,1
2012-08-17 10:11:02.123347+00:00,3.96,8.81,13.47,8144.157192196375,17.600906101335624,-138.01083351403818,4,1
2012-08-17 10:15:02.123347+00:00,13.48,28.35,40.0,6474.251776414798,16.918282104656985,-139.37608150739547,5,1
2012-08-17 10:17:02.123347+00:00,13.48,28.35,40.0,6474.251776414798,16.918282104656985,-139.37608150739547,5,1
2012-08-17 10:21:02.123347+00:00,13.88,29.14,40.0,7822.983784081282,17.40669549757715,-138.39925472155514,6,1
2012-08-17 10:25:02.123347+00:00,13.88,29.14,40.0,7590.880475918288,17.399400849110947,-138.41384401848754,5,1
2012-08-17 10:28:02.123347+00:00,13.88,29.14,40.0,8055.087092244276,17.399400849110947,-138.41384401848754,5,1
2012-08-17 10:31:02.123347+00:00,13.88,29.14,40.0,8362.97008732984,17.478204814009786,-138.25623608868986,6,1
2012-08-17 10:35:02.123347+00:00,19.73,40.0,40.0,8670.853082415406,17.557008778908624,-138.09862815889218,5,1
2012-08-17 10:38:02.123347+00:00,19.73,40.0,40.0,8362.97008732984,17.478204814009786,-138.25623608868986,6,1
2012-08-17 10:42:02.123347+00:00,20.69,40.0,40.0,7439.932873519474,17.28542200826621,-138.641801700177,4,1
2012-08-17 10:48:02.123347+00:00,20.69,40.0,40.0,6013.417122737031,16.882329673549687,-139.44798636961008,5,1
2012-08-17 10:54:02.123347+00:00,4.29,9.54,14.58,6051.876587334049,17.109922458034895,-138.99280080063966,6,1
2012-08-17 10:56:02.123347+00:00,4.29,9.54,14.58,6051.876587334049,17.109922458034895,-138.99280080063966,6,1
2012-08-17 11:00:02.123347+00:00,4.42,9.82,15.01,5894.740510044556,17.206009678445994,-138.80062635981747,7,1
2012-08-17 11:02:02.123347+00:00,4.34,9.65,14.74,5791.940438435069,17.068332597426686,-139.07598052185608,8,1
2012-08-17 11:04:02.123347+00:00,4.23,9.4,14.36,5689.140366825582,16.930655516407377,-139.3513346838947,9,1
2012-08-17 11:06:02.123347+00:00,4.31,9.57,14.63,5894.740510044556,17.206009678445994,-138.80062635981747,7,1
2012-08-17 11:08:02.123347+00:00,4.18,9.29,14.2,5491.426418042847,17.068332597426686,-139.07598052185608,8,1
2012-08-17 11:11:02.123347+00:00,3.52,7.86,12.01,5491.426418042847,17.068332597426686,-139.07598052185608,8,1
2012-08-17 11:13:02.123347+00:00,3.61,8.05,12.32,5183.760375594363,16.778684426704896,-139.65527686329966,8,1
2012-08-17 11:17:02.123347+00:00,3.99,8.89,13.59,5279.408425147587,16.930655516407377,-139.3513346838947,7,1
2012-08-17 11:18:02.123347+00:00,3.94,8.78,13.42,5279.408425147587,16.930655516407377,-139.3513346838947,7,1
2012-08-17 11:23:02.123347+00:00,4.04,9.0,13.76,9259.012467906805,17.716038999738043,-137.78056771723334,6,1
2012-08-17 11:24:02.123347+00:00,3.97,8.85,13.53,9336.752547250591,17.720717252713683,-137.77121121128206,7,1
2012-08-17 11:27:02.123347+00:00,4.09,9.11,13.92,9336.752547250591,17.720717252713683,-137.77121121128206,7,1
2012-08-17 11:29:02.123347+00:00,4.06,9.04,13.81,9464.144965732652,17.81103759651625,-137.59057052367694,6,1
2012-08-17 11:34:02.123347+00:00,4.04,9.0,13.76,9464.144965732652,17.81103759651625,-137.59057052367694,8,1
2012-08-17 11:35:02.123347+00:00,3.96,8.81,13.47,9181.272388563017,17.711360746762402,-137.78992422318464,7,1
2012-08-17 11:39:02.123347+00:00,4.36,9.68,14.79,5860.301938050454,16.839722585520498,-139.53320054566845,6,1
2012-08-17 11:41:02.123347+00:00,4.36,9.68,14.79,5860.301938050454,16.839722585520498,-139.53320054566845,6,1
2012-08-17 11:43:02.123347+00:00,5.08,11.21,17.12,5417.675988125239,16.8111218931051,-139.59040193049924,7,1
2012-08-17 11:48:02.123347+00:00,5.45,12.0,18.31,5204.476490126924,16.8111218931051,-139.59040193049924,7,1
2012-08-17 11:52:02.123347+00:00,5.63,12.38,18.89,5124.505917432905,16.23045579120674,-140.751734134296,6,1
2012-08-17 11:55:02.123347+00:00,5.6,12.32,18.8,5187.37202198374,16.19772611397906,-140.81719348875134,5,1
2012-08-17 11:56:02.123347+00:00,5.58,12.29,18.75,5187.37202198374,16.19772611397906,-140.81719348875134,5,1
2012-08-17 12:02:02.122117+00:00,5.01,11.08,16.92,3944.293471414211,15.557108684248718,-138.95630033368926,5,1
2012-08-17 12:03:02.122117+00:00,5.01,11.08,16.92,3944.293471414211,15.557108684248718,-138.95630033368926,5,1
2012-08-17 12:07:02.122117+00:00,5.26,11.61,17.72,4026.491272143228,15.592889607069427,-138.88473848804784,6,1
2012-08-17 12:09:02.122117+00:00,5.54,12.19,18.6,3944.293471414211,15.557108684248718,-138.95630033368926,7,1
2012-08-17 12:11:02.122117+00:00,5.54,12.19,18.6,3944.293471414211,15.557108684248718,-138.95630033368926,7,1
2012-08-17 12:16:02.122117+00:00,5.52,12.16,18.55,4450.581640645411,15.703271432223293,-138.6639748377401,8,1
2012-08-17 12:18:02.122117+00:00,5.54,12.19,18.6,4792.474208418578,15.777872334556442,-138.51477303307382,7,1
2012-08-17 12:21:02.122117+00:00,5.54,12.19,18.6,4815.879306926344,15.703747591265888,-138.6630225196549,7,1
2012-08-17 12:24:02.122117+00:00,5.54,12.19,18.6,4108.689072872245,15.62867052989014,-138.81317664240643,7,1
2012-08-17 12:26:02.122117+00:00,5.51,12.12,18.5,4549.786837282468,15.573954019964212,-138.92260966225825,6,1
2012-08-17 12:30:02.122117+00:00,5.4,11.9,18.16,4549.786837282468,15.573954019964212,-138.92260966225825,6,1
2012-08-17 12:31:02.122117+00:00,5.34,11.77,17.96,4247.763205406291,15.573954019964212,-138.92260966225825,8,1
2012-08-17 12:36:02.122117+00:00,5.01,11.08,16.92,3466.0063586720257,15.223037282464976,-139.62444313725675,6,1
2012-08-17 12:40:02.122117+00:00,5.06,11.18,17.07,3466.0063586720257,15.223037282464976,-139.62444313725675,6,1
2012-08-17 12:41:02.122117+00:00,5.22,11.51,17.57,2851.5074983529507,15.001914116267413,-140.06668946965186,5,1
2012-08-17 12:44:02.122117+00:00,5.17,11.41,17.42,2800.577950545625,14.942873126512325,-140.18477144916204,4,1
2012-08-17 13:59:02.122117+00:00,3.08,6.9,10.56,3027.811997679162,14.786301320003698,-140.4979150621793,4,1
2012-08-17 14:04:02.122117+00:00,3.48,7.78,11.89,3576.8147934849876,15.211835069437177,-139.64684756331235,5,1
2012-08-17 14:08:02.122117+00:00,3.66,8.17,12.49,3576.8147934849876,15.211835069437177,-139.64684756331235,5,1
2012-08-17 14:10:02.122117+00:00,3.12,6.99,10.69,3576.8147934849876,15.211835069437177,-139.64684756331235,5,1
2012-08-17 14:15:02.122117+00:00,2.03,4.59,7.03,5066.260281557798,16.13519718204921,-137.80012333808827,5,1
2012-08-17 14:19:02.122117+00:00,2.24,5.05,7.74,5066.260281557798,16.13519718204921,-137.80012333808827,5,1
2012-08-17 14:24:02.122117+00:00,1.68,3.81,5.83,9336.736698268998,16.528108978588172,-137.01429974501036,4,1
2012-08-17 14:27:02.122117+00:00,1.45,3.27,5.01,15789.197732388457,18.36009610436,-133.3503254934667,3,1
2012-08-17 14:40:02.122117+00:00,2.44,5.48,8.39,3747.699110979989,15.333937891073536,-139.40264192003963,4,1
2012-08-17 14:42:02.122117+00:00,2.37,5.33,8.15,3747.699110979989,15.333937891073536,-139.40264192003963,4,1
2012-08-17 14:45:02.122117+00:00,2.39,5.38,8.23,3399.002163436705,15.137758457148852,-139.795000787889,5,1
2012-08-17 14:48:02.122117+00:00,2.39,5.38,8.23,3399.002163436705,15.137758457148852,-139.795000787889,5,1
2012-08-17 14:54:02.122117+00:00,4.6,10.2,15.59,3905.974864472187,15.381540186198668,-139.30743732978937,6,1
2012-08-17 14:58:02.122117+00:00,4.18,9.29,14.2,5163.226325819742,16.18549352386624,-137.69953065445424,6,1
2012-08-17 15:00:02.122117+00:00,4.19,9.33,14.25,6230.056593116211,16.840869722734258,-136.38877825671818,5,1
2012-08-17 15:03:02.122117+00:00,3.92,8.74,13.36,8272.657405308682,17.2370697191516,-135.5963782638835,6,1
2012-08-17 15:08:02.122117+00:00,3.55,7.93,12.14,10315.258217501154,17.63326971556894,-134.80397827104883,7,1
2012-08-17 15:12:02.122117+00:00,3.37,7.53,11.52,14122.810008139832,18.076350390961057,-133.91781692026458,7,1
2012-08-17 15:15:02.122117+00:00,1.87,4.21,6.46,14992.67119866798,18.336109493616647,-133.3982987149534,6,1
2012-08-17 15:17:02.122117+00:00,1.87,4.21,6.46,14122.810008139832,18.076350390961057,-133.91781692026458,7,1
2012-08-17 15:19:02.122117+00:00,1.9,4.28,6.55,7329.100339462431,16.80644567390592,-136.45762635437487,8,1
2012-08-17 15:22:02.122117+00:00,2.03,4.59,7.03,7064.502345656915,16.659749064208686,-136.75101957376933,7,1
2012-08-17 15:26:02.122117+00:00,2.24,5.05,7.74,7329.100339462431,16.80644567390592,-136.45762635437487,8,1
2012-08-17 15:27:02.122117+00:00,2.22,5.0,7.65,7064.502345656915,16.659749064208686,-136.75101957376933,7,1
2012-08-17 15:29:02.122117+00:00,2.22,5.0,7.65,7064.502345656915,16.659749064208686,-136.75101957376933,7,1
2012-08-17 15:33:02.122117+00:00,20.63,40.0,40.0,6428.6622896317385,16.501350895144974,-137.06781591189676,6,1
2012-08-17 15:35:02.122117+00:00,20.63,40.0,40.0,6428.6622896317385,16.501350895144974,-137.06781591189676,6,1
2012-08-17 15:40:02.122117+00:00,20.63,40.0,40.0,7685.138258132801,17.15925681646299,-135.75200406926072,5,1
2012-08-17 15:45:02.122117+00:00,20.66,40.0,40.0,4524.301540935342,17.15925681646299,-135.75200406926072,5,1
2012-08-17 15:47:02.122117+00:00,20.66,40.0,40.0,4358.033355798299,16.397697555179498,-137.2751225918277,6,1
2012-08-17 15:50:02.122117+00:00,20.66,40.0,40.0,4358.033355798299,16.397697555179498,-137.2751225918277,6,1
2012-08-17 15:54:02.122117+00:00,3.96,8.81,13.47,3677.851174704701,15.425758434451811,-139.21900083328308,7,1
2012-08-17 15:56:02.122117+00:00,4.55,10.1,15.43,3469.7223476855957,15.22624756929238,-139.61802256360193,7,1
2012-08-17 16:01:02.122117+00:00,4.65,10.31,15.74,2964.986351221924,14.91609137023711,-140.23833496171247,5,1
2012-08-17 16:03:02.122117+00:00,4.98,11.01,16.82,3217.35434945376,15.071169469764746,-139.92817876265718,6,1
2012-08-17 16:06:02.122117+00:00,5.0,11.05,16.87,2964.986351221924,14.91609137023711,-140.23833496171247,5,1
2012-08-17 16:12:02.122117+00:00,5.0,11.05,16.87,3677.851174704701,15.31833764825665,-139.4338424056734,5,1
2012-08-17 16:16:02.122117+00:00,5.01,11.08,16.92,3177.174104595223,14.96475571143085,-140.14100627932498,4,1
2012-08-17 16:21:02.122117+00:00,4.98,11.01,16.82,3858.51586481742,15.31833764825665,-139.4338424056734,5,1
2012-08-17 16:23:02.122117+00:00,4.75,10.51,16.05,3390.6544039046394,15.183898861490212,-139.70271997920628,4,1
2012-08-17 16:28:02.122117+00:00,4.65,10.31,15.74,3097.5000677057956,15.022969388618431,-140.02457892494982,4,1
2012-08-17 16:35:02.122117+00:00,4.39,9.75,14.9,4285.476463436253,15.756623948375372,-138.55726980543596,3,1
2012-08-17 16:42:02.122117+00:00,4.19,9.33,14.25,3233.305283492389,15.18381078924178,-139.7028961237031,4,1
2012-08-17 16:47:02.122117+00:00,4.16,9.25,14.14,4244.872264839517,15.885218817016591,-138.3000800681535,3,1
2012-08-17 16:51:02.122117+00:00,4.16,9.25,14.14,4244.872264839517,15.885218817016591,-138.3000800681535,3,1
2012-08-17 17:04:02.122117+00:00,4.46,9.89,15.11,1986.08141244288,13.57304067437081,-142.9244363534451,3,1
2012-08-17 17:09:02.122117+00:00,0.01,0.04,0.02,2009.6269928457828,13.878455006483655,-142.3136076892194,4,1
2012-08-17 17:14:02.122117+00:00,0.73,1.66,2.55,1939.3874793806665,14.089325577287587,-141.89186654761153,4,1
2012-08-17 17:17:02.122117+00:00,0.73,1.66,2.55,1939.3874793806665,14.089325577287587,-141.89186654761153,4,1
2012-08-17 17:20:02.122117+00:00,0.01,0.04,0.02,2033.1725732486857,14.1838693385965,-141.7027790249937,3,1
2012-08-17 17:55:02.122117+00:00,4.57,10.13,15.48,2472.0000489092345,14.315185678152968,-141.44014634588078,3,1
2012-08-17 17:59:02.122117+00:00,4.6,10.2,15.59,3451.6409899931987,14.949489542059766,-140.1715386180672,4,1
2012-08-17 18:01:02.122117+00:00,4.55,10.1,15.43,3451.6409899931987,14.949489542059766,-140.1715386180672,4,1
2012-08-17 18:06:02.122117+00:00,4.49,9.96,15.22,5395.801181455098,16.020227688780615,-138.03006232462548,4,1
2012-08-17 18:13:02.122117+00:00,4.19,9.33,14.25,5217.080516554099,15.949936701852955,-138.1706442984808,4,1
2012-08-17 18:17:02.122117+00:00,4.18,9.29,14.2,4073.840601275163,15.44321143211124,-139.1840948379642,3,1
2012-08-17 18:22:02.122117+00:00,4.21,9.36,14.31,3284.4900544488182,14.978501357059884,-140.11351498806692,4,1
2012-08-17 18:30:02.122117+00:00,3.97,8.85,13.53,2456.155622231563,14.277304727540034,-141.51590824710664,3,1
2012-08-17 19:15:02.122117+00:00,1.07,2.43,3.73,3396.1378854107193,15.62376966190448,-138.82297837837774,3,1
2012-08-17 19:17:02.122117+00:00,2.29,5.16,7.91,2654.1376117148848,15.015964719186544,-140.0385882638136,4,1
2012-08-17 19:20:02.122117+00:00,28.27,40.0,40.0,3712.963153354063,17.220918656605033,-135.62868038897665,6,1
2012-08-17 19:25:02.122117+00:00,28.27,40.0,40.0,3396.1378854107193,17.975544888403014,-134.11942792538068,7,1
2012-08-17 19:27:02.122117+00:00,28.27,40.0,40.0,3808.625263146568,16.859960963561356,-136.350595775064,8,1
2012-08-17 19:29:02.122117+00:00,28.22,40.0,40.0,6164.336361697241,17.026948949339108,-136.0166198035085,10,1
2012-08-17 19:30:02.122117+00:00,28.27,40.0,40.0,6164.336361697241,17.026948949339108,-136.0166198035085,10,1
2012-08-17 19:34:02.122117+00:00,28.22,40.0,40.0,7572.73012121833,16.8524307147687,-136.3656562726493,11,1
2012-08-17 19:36:02.122117+00:00,28.07,40.0,40.0,7840.145101865198,17.413987801585858,-135.242542099015,12,1
2012-08-17 19:37:02.122117+00:00,28.07,40.0,40.0,7840.145101865198,17.413987801585858,-135.242542099015,12,1
2012-08-17 19:38:02.122117+00:00,28.07,40.0,40.0,5896.921381050373,16.814816438633386,-136.44088482491992,12,1
2012-08-17 19:39:02.122117+00:00,40.0,40.0,40.0,7572.73012121833,16.8524307147687,-136.3656562726493,13,1
2012-08-17 19:41:02.122117+00:00,1.75,3.95,6.05,4208.483850674014,16.496109353371835,-137.07829899544305,12,1
2012-08-17 19:44:02.122117+00:00,1.65,3.73,5.72,5896.921381050373,16.814816438633386,-136.44088482491992,14,3
2012-08-17 19:47:02.122117+00:00,1.72,3.88,5.94,5884.292590841971,16.814816438633386,-136.44088482491992,14,1
2012-08-17 19:48:02.122117+00:00,1.52,3.43,5.26,4040.476617044337,16.496109353371835,-137.07829899544305,12,1
2012-08-17 19:50:02.122117+00:00,2.24,5.05,7.74,4195.855060465612,16.491187020905617,-137.0881436603755,13,1
2012-08-17 19:52:02.122117+00:00,2.14,4.83,7.39,4195.855060465612,16.491187020905617,-137.0881436603755,13,1
2012-08-17 19:53:02.122117+00:00,2.14,4.83,7.39,4195.855060465612,16.491187020905617,-137.0881436603755,13,1
2012-08-17 19:54:02.122117+00:00,2.22,5.0,7.65,4195.855060465612,16.491187020905617,-137.0881436603755,13,1
2012-08-17 19:56:02.122117+00:00,40.0,40.0,40.0,3885.098173623062,16.215016544245593,-137.64048461369552,11,1
2012-08-17 19:58:02.122117+00:00,40.0,40.0,40.0,5771.800152093427,16.491187020905617,-137.0881436603755,11,1
2012-08-17 19:59:02.122117+00:00,3.04,6.81,10.42,3767.277265777396,16.053067537251337,-137.96438262768402,11,1
2012-08-17 20:02:02.122117+00:00,2.64,5.94,9.09,6785.755037012605,16.846385288669808,-136.37774712484708,10,1
2012-08-17 20:03:02.122117+00:00,2.62,5.89,9.01,5771.800152093427,16.491187020905617,-137.0881436603755,11,1
2012-08-17 20:07:02.122117+00:00,2.92,6.55,10.02,4680.721624595027,16.272127279078475,-137.52626314402974,8,1
2012-08-17 20:08:02.122117+00:00,3.04,6.81,10.42,3589.643097096627,16.053067537251337,-137.96438262768402,9,1
2012-08-17 20:11:02.122117+00:00,1.12,2.54,3.89,5841.41629367874,16.943507582397768,-136.18350253739118,8,1
2012-08-17 20:13:02.122117+00:00,1.45,3.27,5.01,3298.6566910155943,15.802909151048825,-138.46469940008905,8,1
2012-08-17 20:17:02.122117+00:00,2.19,4.94,7.57,3007.6702849345616,15.215774478852373,-139.63896874448196,7,1
2012-08-17 20:19:02.122117+00:00,1.41,3.19,4.89,2889.313161265325,15.155000100235178,-139.76051750171632,6,1
2012-08-17 20:23:02.122117+00:00,1.68,3.81,5.83,4074.329147084486,15.862663460169902,-138.3451907818469,6,1
2012-08-17 20:27:02.122117+00:00,1.81,4.08,6.25,6617.088749747631,16.78239678410874,-136.5057241339692,8,1
2012-08-17 20:29:02.122117+00:00,1.72,3.88,5.94,8203.129918119977,17.750582599625297,-134.56935250293608,9,1
2012-08-17 20:31:02.122117+00:00,2.19,4.94,7.57,8804.044986143665,17.402911863177675,-135.26469397583134,8,1
2012-08-17 20:34:02.122117+00:00,2.06,4.65,7.12,10667.00301188153,18.384046082228036,-133.3024255377306,8,1
2012-08-17 20:35:02.122117+00:00,2.19,4.94,7.57,9404.960054167354,17.750582599625297,-134.56935250293608,9,1
2012-08-17 20:38:02.122117+00:00,2.14,4.83,7.39,10667.00301188153,18.384046082228036,-133.3024255377306,8,1
2012-08-17 20:39:02.122117+00:00,2.14,4.83,7.39,10667.00301188153,18.384046082228036,-133.3024255377306,8,1
2012-08-17 20:42:02.122117+00:00,2.11,4.77,7.3,9404.960054167354,17.750582599625297,-134.56935250293608,7,1
2012-08-17 20:44:02.122117+00:00,1.37,3.1,4.76,9397.531235368057,17.844439994593507,-134.38163771299966,8,1
2012-08-17 20:50:02.122117+00:00,0.58,1.31,2.01,7823.449853727601,17.129950016074815,-135.81061767003706,6,1
2012-08-17 20:52:02.122117+00:00,0.86,1.95,2.99,6256.797290886442,16.420956812120412,-137.22860407794587,5,1
2012-08-17 20:56:02.122117+00:00,0.01,0.04,0.02,4038.1423870173103,17.246341548868067,-135.57783460445057,5,1
2012-08-17 20:59:02.122117+00:00,0.01,0.04,0.02,5021.273034247128,17.240670785502076,-135.58917613118254,6,1
2012-08-17 21:02:02.122117+00:00,0.01,0.01,0.02,7697.253049022853,17.54264238444864,-134.9852329332894,6,1
2012-08-17 21:07:02.122117+00:00,0.01,0.01,0.02,7335.712569271633,17.410877217616182,-135.24876326695434,5,1
2012-08-17 21:10:02.122117+00:00,0.92,2.08,3.19,7335.712569271633,17.410877217616182,-135.24876326695434,5,1
2012-08-17 21:13:02.122117+00:00,0.86,1.95,2.99,12443.78539602476,18.004431698072015,-134.06165430604267,4,1
2012-08-17 21:17:02.122117+00:00,0.58,1.31,2.01,12443.78539602476,18.004431698072015,-134.06165430604267,4,1
2012-08-17 21:23:02.122117+00:00,2.17,4.88,7.48,8018.037925499914,17.34784831261732,-135.37482107695206,4,1
2012-08-17 21:29:02.122117+00:00,1.48,3.35,5.14,6345.675721137859,17.063464226077624,-135.9435892500315,3,1
2012-08-17 21:35:02.122117+00:00,1.84,4.15,6.36,4997.081625808269,15.974028508264436,-138.1224606856578,4,1
2012-08-17 21:39:02.122117+00:00,2.32,5.22,7.99,3648.4875304786774,15.136588726470375,-139.7973402492459,5,1
2012-08-17 21:43:02.122117+00:00,2.29,5.16,7.91,3085.7651905807807,14.858381946493273,-140.35375380920016,4,1
2012-08-17 21:48:02.122117+00:00,3.12,6.99,10.69,3047.230589436417,15.136588726470375,-139.7973402492459,5,1
2012-08-17 21:53:02.122117+00:00,3.87,8.63,13.19,2672.9789011604735,14.95676604107221,-140.15698562004226,5,1
2012-08-17 21:58:02.122117+00:00,3.96,8.81,13.47,2860.1047452984453,15.093351009013515,-139.88381568415966,4,1
2012-08-17 22:03:02.122117+00:00,3.99,8.89,13.59,2860.1047452984453,15.093351009013515,-139.88381568415966,4,1
2012-08-17 22:08:02.122117+00:00,3.73,8.32,12.73,2514.751868855322,14.518051131111458,-141.0344154399638,3,1
2012-08-17 22:14:02.122117+00:00,3.59,8.01,12.26,2514.751868855322,14.518051131111458,-141.0344154399638,3,1
2012-08-17 22:23:02.122117+00:00,3.18,7.12,10.89,2620.7267060647528,14.476038935412056,-141.1184398313626,3,1
2012-08-17 22:53:02.122117+00:00,3.59,8.01,12.26,3593.0137924762103,16.470564072164414,-137.12938955785785,3,1
2012-08-17 22:59:02.122117+00:00,3.75,8.36,12.79,3381.6822111477713,15.539325150099565,-138.99186740198758,4,1
2012-08-17 23:03:02.122117+00:00,3.14,7.03,10.76,3170.3506298193324,16.470564072164414,-137.12938955785785,7,1
2012-08-17 23:08:02.122117+00:00,3.1,6.94,10.62,4130.033641610712,17.188896095086093,-135.6927255120145,8,1
2012-08-17 23:09:02.122117+00:00,2.79,6.27,9.6,4796.989497097855,17.04482645080836,-135.98086480056998,8,1
2012-08-17 23:10:02.122117+00:00,2.79,6.27,9.6,4796.989497097855,17.04482645080836,-135.98086480056998,8,1
2012-08-17 23:13:02.122117+00:00,2.46,5.53,8.47,3157.499748861208,17.190883625345815,-135.68875045149505,10,2
2012-08-17 23:16:02.122117+00:00,0.48,1.1,1.68,3157.499748861208,17.647133616446524,-134.77625046929364,14,1
2012-08-17 23:18:02.122117+00:00,0.01,0.04,0.04,4044.09595671866,18.19058418283629,-133.6893493365141,16,1
2012-08-17 23:21:02.122117+00:00,0.01,0.04,0.02,4044.09595671866,18.19058418283629,-133.6893493365141,14,2
2012-08-17 23:22:02.122117+00:00,0.01,0.04,0.02,3157.499748861208,17.974128938499284,-134.1222598251881,16,1
2012-08-17 23:23:02.122117+00:00,0.01,0.04,0.04,3421.138422692107,17.959313963269494,-134.1518897756477,17,1
2012-08-17 23:24:02.122117+00:00,0.01,0.04,0.02,3092.9622601832953,17.704743412262108,-134.66103087766248,18,2
2012-08-17 23:25:02.122117+00:00,0.01,0.04,0.02,3092.9622601832953,17.704743412262108,-134.66103087766248,18,1
2012-08-17 23:26:02.122117+00:00,0.01,0.04,0.02,2893.8610750303096,17.959313963269494,-134.1518897756477,17,1
2012-08-17 23:27:02.122117+00:00,0.01,0.04,0.02,2893.8610750303096,17.959313963269494,-134.1518897756477,17,1
2012-08-17 23:28:02.122117+00:00,0.01,0.04,0.02,2893.8610750303096,17.959313963269494,-134.1518897756477,17,1
2012-08-17 23:31:02.122117+00:00,0.8,1.81,2.78,3421.138422692107,17.988943913729077,-134.09262987472854,19,1
2012-08-17 23:32:02.122117+00:00,0.73,1.66,2.55,4342.8881960585395,18.16038394358506,-133.74974981501657,18,2
2012-08-17 23:33:02.122117+00:00,0.8,1.81,2.78,5264.637969424972,17.988943913729077,-134.09262987472854,17,3
2012-08-17 23:38:02.122117+00:00,3.42,7.65,11.71,5656.970684017586,17.29376383376063,-135.48299003466542,12,1
2012-08-17 23:40:02.122117+00:00,11.99,25.36,38.47,6491.303152249972,17.36509846598188,-135.34032077022297,13,1
2012-08-17 23:41:02.122117+00:00,11.99,25.36,38.47,6491.303152249972,17.36509846598188,-135.34032077022297,13,2
2012-08-17 23:43:02.122117+00:00,12.03,25.44,38.58,6950.502626338739,18.331823973441047,-133.4068697553046,9,1
2012-08-17 23:46:02.122117+00:00,12.04,25.47,38.63,7093.76219215189,17.9110569643474,-134.2484037734919,8,1
2012-08-17 23:49:02.122117+00:00,12.04,25.47,38.63,6950.502626338739,18.8696813139957,-132.3311550741953,7,1
2012-08-17 23:54:02.122117+00:00,11.97,25.33,38.41,5182.541566741511,15.828908747971507,-138.4127002062437,4,1
2012-08-18 00:07:02.120887+00:00,4.46,9.89,15.11,6200.646105077021,16.453877643235074,-140.35148673702923,5,1
2012-08-18 00:12:02.120887+00:00,4.42,9.82,15.01,7518.590602765183,16.96283312121432,-139.33357578107075,5,1
2012-08-18 00:14:02.120887+00:00,4.49,9.96,15.22,6444.172390185264,16.708355382224696,-139.84253125905,6,1
2012-08-18 00:16:02.120887+00:00,4.26,9.47,14.47,5369.754177605346,16.453877643235074,-140.35148673702923,7,1
2012-08-18 00:20:02.120887+00:00,4.13,9.18,14.03,4899.985385374746,16.072406592301498,-141.1144288388964,7,1
2012-08-18 00:22:02.120887+00:00,4.13,9.18,14.03,4899.985385374746,16.072406592301498,-141.1144288388964,7,1
2012-08-18 00:26:02.120887+00:00,4.06,9.04,13.81,4393.362602930701,16.072406592301498,-141.1144288388964,5,1
2012-08-18 00:29:02.120887+00:00,4.08,9.07,13.87,4085.26331149602,15.932435033572872,-141.39437195635364,6,1
2012-08-18 00:34:02.120887+00:00,3.46,7.74,11.83,4646.673994152723,16.204752936799554,-140.84973614990028,6,1
2012-08-18 00:37:02.120887+00:00,3.55,7.93,12.14,5738.79595484164,16.51669567239204,-140.2258506787153,6,1
2012-08-18 00:40:02.120887+00:00,3.14,7.03,10.76,7107.463388217218,16.871813080478724,-139.51561586254195,6,1
2012-08-18 00:44:02.120887+00:00,3.44,7.7,11.77,7503.928890062853,17.23849995184612,-138.78224211980717,6,1
2012-08-18 00:46:02.120887+00:00,2.9,6.5,9.95,7503.928890062853,17.23849995184612,-138.78224211980717,8,1
2012-08-18 00:50:02.120887+00:00,2.85,6.41,9.81,11289.32262786136,17.94179247431756,-137.37565707486425,6,1
2012-08-18 00:51:02.120887+00:00,2.85,6.41,9.81,14701.484945278871,18.453919142413863,-136.35140373867165,7,1
2012-08-18 00:55:02.120887+00:00,2.85,6.41,9.81,7877.160310443849,17.42966580622125,-138.39991041105688,7,1
2012-08-18 00:56:02.120887+00:00,2.85,6.41,9.81,9045.455515301484,17.42966580622125,-138.39991041105688,7,1
2012-08-18 01:00:02.120887+00:00,2.92,6.55,10.02,7877.160310443849,16.993693152314098,-139.2718557188712,7,1
2012-08-18 01:01:02.120887+00:00,2.85,6.41,9.81,6985.273540884962,16.943344428320046,-139.3725531668593,7,1
2012-08-18 01:05:02.120887+00:00,2.85,6.41,9.81,8038.241224090765,16.993693152314098,-139.2718557188712,7,1
2012-08-18 01:07:02.120887+00:00,3.33,7.45,11.4,8038.241224090765,16.993693152314098,-139.2718557188712,7,1
2012-08-18 01:10:02.120887+00:00,3.33,7.45,11.4,8038.241224090765,16.993693152314098,-139.2718557188712,7,1
2012-08-18 01:12:02.120887+00:00,4.16,9.25,14.14,8277.537887069306,17.119824728066533,-139.01959256736632,6,1
2012-08-18 01:16:02.120887+00:00,3.92,8.74,13.36,7511.757382487864,17.281145366819892,-138.6969512898596,6,1
2012-08-18 01:22:02.120887+00:00,4.39,9.75,14.9,7897.678741228321,17.281145366819892,-138.6969512898596,6,1
2012-08-18 01:25:02.120887+00:00,3.8,8.48,12.96,8516.834550047844,17.367420726909156,-138.5244005696811,7,1
2012-08-18 01:28:02.120887+00:00,3.96,8.81,13.47,7757.116258365877,17.31633442982081,-138.62657316385776,7,1
2012-08-18 01:31:02.120887+00:00,3.91,8.7,13.3,8625.408395624161,17.43428977244082,-138.39066247861774,8,1
2012-08-18 01:32:02.120887+00:00,3.87,8.63,13.19,7304.410468989161,17.387040658147903,-138.4851607072036,8,1
2012-08-18 01:35:02.120887+00:00,3.5,7.82,11.95,7757.116258365877,17.552245115060835,-138.15475179337773,9,1
2012-08-18 01:36:02.120887+00:00,3.62,8.09,12.37,8748.000731799344,17.387040658147903,-138.4851607072036,8,1
2012-08-18 01:39:02.120887+00:00,3.52,7.86,12.01,5972.878242705987,16.777697698440402,-139.7038466266186,9,1
2012-08-18 01:42:02.120887+00:00,3.12,6.99,10.69,9738.88520523281,17.552245115060835,-138.15475179337773,9,1
2012-08-18 01:44:02.120887+00:00,3.53,7.9,12.07,5972.878242705987,16.777697698440402,-139.7038466266186,9,1
2012-08-18 01:47:02.120887+00:00,2.79,6.27,9.6,7137.563776789678,16.912284013061267,-139.43467399737688,8,1
2012-08-18 01:48:02.120887+00:00,2.79,6.27,9.6,7137.563776789678,16.912284013061267,-139.43467399737688,8,1
2012-08-18 01:52:02.120887+00:00,8.05,17.4,26.48,9392.47330090476,17.48217736387071,-138.29488729575797,8,1
2012-08-18 01:53:02.120887+00:00,8.05,17.4,26.48,9392.47330090476,17.48217736387071,-138.29488729575797,8,1
2012-08-18 01:55:02.120887+00:00,8.08,17.46,26.58,9100.254108476303,17.443163223596308,-138.37291557630675,9,1
2012-08-18 01:58:02.120887+00:00,8.07,17.43,26.53,9100.254108476303,17.443163223596308,-138.37291557630675,9,1
2012-08-18 02:00:02.120887+00:00,8.08,17.46,26.58,9684.692493333216,17.541322468003038,-138.1765970874933,9,1
2012-08-18 02:03:02.120887+00:00,7.93,17.15,26.11,9684.692493333216,17.541322468003038,-138.1765970874933,9,1
2012-08-18 02:05:02.120887+00:00,7.9,17.09,26.01,9684.692493333216,17.541322468003038,-138.1765970874933,9,1
2012-08-18 02:07:02.120887+00:00,7.99,17.28,26.29,10887.365050894785,17.75165592925638,-137.75593016498664,9,1
2012-08-18 02:09:02.120887+00:00,15.58,32.54,40.0,10286.028772114,17.64648919862971,-137.96626362623996,8,1
2012-08-18 02:11:02.120887+00:00,15.58,32.54,40.0,9356.473029563733,17.597409576426344,-138.0644228706467,8,1
2012-08-18 02:14:02.120887+00:00,15.58,32.54,40.0,8502.76322083408,17.52716222818667,-138.20491756712605,8,1
2012-08-18 02:17:02.120887+00:00,15.47,32.32,40.0,9519.057206694752,17.617590624874243,-138.0240607737509,8,1
2012-08-18 02:20:02.120887+00:00,15.47,32.32,40.0,9519.057206694752,17.617590624874243,-138.0240607737509,6,1
2012-08-18 02:22:02.120887+00:00,15.47,32.32,40.0,9519.057206694752,17.617590624874243,-138.0240607737509,6,1
2012-08-18 02:26:02.120887+00:00,15.47,32.32,40.0,9519.057206694752,17.617590624874243,-138.0240607737509,6,1
2012-08-18 02:32:02.120887+00:00,4.67,10.34,15.79,8935.280042768769,17.265349275809726,-138.72854347187993,5,1
2012-08-18 02:35:02.120887+00:00,4.73,10.48,16.0,8604.527141918756,17.170530894756766,-138.91818023398585,6,1
2012-08-18 02:36:02.120887+00:00,4.73,10.48,16.0,8604.527141918756,17.170530894756766,-138.91818023398585,6,1
2012-08-18 02:41:02.120887+00:00,4.72,10.44,15.95,7494.125568409695,16.994289733535417,-139.27066255642853,6,1
2012-08-18 02:43:02.120887+00:00,5.32,11.74,17.92,7494.125568409695,16.994289733535417,-139.27066255642853,6,1
2012-08-18 02:48:02.120887+00:00,5.43,11.96,18.26,5468.10909640575,16.622735305195103,-140.01377141310917,5,1
2012-08-18 02:52:02.120887+00:00,5.31,11.7,17.87,5468.10909640575,16.622735305195103,-140.01377141310917,5,1
2012-08-18 02:55:02.120887+00:00,5.48,12.06,18.41,6009.329883230351,16.49007083240405,-140.2791003586913,5,1
2012-08-18 02:59:02.120887+00:00,5.39,11.87,18.11,7275.411714299396,16.776749328751098,-139.7057433659972,6,1
2012-08-18 03:02:02.120887+00:00,5.45,12.0,18.31,6009.329883230351,16.4444203820112,-140.370401259477,5,1
2012-08-18 03:07:02.120887+00:00,5.49,12.09,18.45,7188.9062862133505,16.83436329322369,-139.59051543705203,6,1
2012-08-18 03:09:02.120887+00:00,5.4,11.9,18.16,6009.329883230351,16.4444203820112,-140.370401259477,5,1
2012-08-18 03:12:02.120887+00:00,5.45,12.0,18.31,6009.329883230351,16.4444203820112,-140.370401259477,7,1
2012-08-18 03:15:02.120887+00:00,5.17,11.41,17.42,8368.48268919635,17.26123409200358,-138.73677383949223,7,1
2012-08-18 03:20:02.120887+00:00,5.06,11.18,17.07,7548.517984589534,17.103336420941076,-139.05256918161723,7,1
2012-08-18 03:22:02.120887+00:00,5.06,11.18,17.07,7548.517984589534,17.103336420941076,-139.05256918161723,7,1
2012-08-18 03:23:02.120887+00:00,5.05,11.15,17.02,7958.500336892941,17.182285256472326,-138.89467151055473,6,1
2012-08-18 03:28:02.120887+00:00,5.08,11.21,17.12,8018.18712820267,17.215975736150348,-138.8272905511987,6,1
2012-08-18 03:29:02.120887+00:00,5.08,11.21,17.12,8018.18712820267,17.215975736150348,-138.8272905511987,6,1
2012-08-18 03:35:02.120887+00:00,5.23,11.54,17.62,7889.286754989398,17.15242396837021,-138.95439408675895,4,1
2012-08-18 04:01:02.120887+00:00,5.19,11.44,17.47,8565.381836845772,17.08387507857697,-139.09149186634545,3,1
2012-08-18 04:38:02.120887+00:00,4.39,9.75,14.9,4995.803063250139,15.978645934610796,-141.3019501542778,3,1
2012-08-18 04:41:02.120887+00:00,4.42,9.82,15.01,4016.0643717475377,15.496434839558384,-142.2663723443826,4,1
2012-08-18 04:44:02.120887+00:00,4.24,9.43,14.42,4016.0643717475377,15.496434839558384,-142.2663723443826,4,1
2012-08-18 04:51:02.120887+00:00,4.79,10.61,16.21,4016.0643717475377,15.758822584487683,-141.741596854524,6,1
2012-08-18 04:54:02.120887+00:00,4.76,10.54,16.1,4995.803063250139,15.978645934610796,-141.3019501542778,5,1
2012-08-18 04:57:02.120887+00:00,5.14,11.34,17.32,6119.564361843743,16.580454822705565,-140.09833237808826,6,1
2012-08-18 05:00:02.120887+00:00,5.14,11.34,17.32,6119.564361843743,16.580454822705565,-140.09833237808826,6,1
2012-08-18 05:04:02.120887+00:00,5.2,11.48,17.52,8621.96906156193,17.31215473408547,-138.63493255532845,6,1
2012-08-18 05:06:02.120887+00:00,5.23,11.54,17.62,7608.986082562251,17.386157867111915,-138.48692628927557,6,1
2012-08-18 05:10:02.120887+00:00,5.32,11.74,17.92,7608.986082562251,17.386157867111915,-138.48692628927557,4,1
2012-08-18 05:16:02.120887+00:00,5.22,11.51,17.57,8562.376871871054,17.244970798854972,-138.76930042578945,3,1
2012-08-18 05:23:02.120887+00:00,5.01,11.08,16.92,9369.208660114024,17.46975883925273,-138.31972434499394,3,1
2012-08-18 05:33:02.120887+00:00,4.98,11.01,16.82,9187.786094764033,17.320677373100516,-138.61788727729834,4,1
2012-08-18 05:38:02.120887+00:00,5.58,12.29,18.75,9006.363529414039,17.433545731514933,-138.3921505604695,3,1
2012-08-18 05:42:02.120887+00:00,5.57,12.25,18.7,9006.363529414039,17.46975883925273,-138.31972434499394,5,1
2012-08-18 05:49:02.120887+00:00,5.51,12.12,18.5,9006.363529414039,17.433545731514933,-138.3921505604695,5,1
2012-08-18 05:51:02.120887+00:00,5.54,12.19,18.6,9006.363529414039,17.433545731514933,-138.3921505604695,5,1
2012-08-18 05:54:02.120887+00:00,5.54,12.19,18.6,8795.51604060764,17.412532116267872,-138.43417779096364,4,1
2012-08-18 05:59:02.120887+00:00,5.52,12.16,18.55,8456.123705172877,17.341087882023466,-138.5770662594525,5,1
2012-08-18 06:05:02.120887+00:00,5.84,12.83,19.57,7978.631963818509,17.194220712708997,-138.87080059808142,4,1
2012-08-18 06:10:02.120887+00:00,5.66,12.45,18.99,8120.639191708267,17.1613229387525,-138.9365961459944,3,1
2012-08-18 06:14:02.120887+00:00,5.49,12.09,18.45,8177.2360354133825,17.12061296473133,-139.01801609403674,4,1
2012-08-18 06:21:02.120887+00:00,5.19,11.44,17.47,8341.175558595754,17.079902990710153,-139.09943604207908,3,1
2012-08-18 06:27:02.120887+00:00,4.76,10.54,16.1,9692.025840344017,17.489271963448587,-138.2806980966022,3,1
2012-08-18 06:35:02.120887+00:00,4.19,9.33,14.25,9692.025840344017,17.489271963448587,-138.2806980966022,3,1
2012-08-18 07:31:02.120887+00:00,5.05,11.15,17.02,8775.249252604317,17.603929558083646,-138.05138290733208,5,1
2012-08-18 07:35:02.120887+00:00,4.68,10.37,15.85,7589.118056150006,17.12128966999766,-139.01666268350408,5,1
2012-08-18 07:37:02.120887+00:00,4.68,10.37,15.85,7589.118056150006,17.12128966999766,-139.01666268350408,5,1
2012-08-18 07:38:02.120887+00:00,4.68,10.37,15.85,7589.118056150006,17.12128966999766,-139.01666268350408,5,1
2012-08-18 07:41:02.120887+00:00,4.42,9.82,15.01,7379.568609095227,17.099948386957898,-139.0593452495836,5,1
2012-08-18 07:48:02.120887+00:00,3.94,8.78,13.42,7589.118056150006,17.099948386957898,-139.0593452495836,3,1
2012-08-18 07:55:02.120887+00:00,3.64,8.13,12.43,8029.952107388811,17.084874306151345,-139.08949341119668,3,1
2012-08-18 08:00:02.120887+00:00,3.82,8.51,13.02,8029.952107388811,17.084874306151345,-139.08949341119668,3,1
2012-08-18 08:07:02.120887+00:00,4.18,9.29,14.2,9153.888591729225,17.35744150665328,-138.5443590101928,4,1
2012-08-18 08:11:02.120887+00:00,4.52,10.03,15.32,11141.255254337306,17.903398386826105,-137.4524452498472,4,1
2012-08-18 08:13:02.120887+00:00,4.52,10.03,15.32,11141.255254337306,17.903398386826105,-137.4524452498472,4,1
2012-08-18 08:19:02.120887+00:00,4.28,9.5,14.52,12004.685432604974,17.895516678720252,-137.4682086660589,5,1
2012-08-18 08:24:02.120887+00:00,4.29,9.54,14.58,12137.174061939242,17.83078078808859,-137.5976804473222,4,1
2012-08-18 08:29:02.120887+00:00,4.44,9.86,15.06,12137.174061939242,17.83078078808859,-137.5976804473222,4,1
2012-08-18 08:33:02.120887+00:00,4.57,10.13,15.48,11735.49766993999,17.78124932598229,-137.6967433715348,5,1
2012-08-18 08:37:02.120887+00:00,5.19,11.44,17.47,10822.211025683398,17.758777503744795,-137.7416870160098,6,1
2012-08-18 08:40:02.120887+00:00,4.97,10.98,16.77,11222.8588456226,17.766044897456922,-137.72715222858554,5,1
2012-08-18 08:44:02.120887+00:00,3.89,8.67,13.25,11222.8588456226,17.78124932598229,-137.6967433715348,5,1
2012-08-18 08:47:02.120887+00:00,3.89,8.67,13.25,11222.8588456226,17.78124932598229,-137.6967433715348,5,1
2012-08-18 08:54:02.120887+00:00,1.75,3.95,6.05,13987.34624267834,18.3721769930302,-136.514888037439,4,1
2012-08-18 09:00:02.120887+00:00,1.48,3.35,5.14,28731.460026708217,20.14995185622471,-132.95933831104998,3,1
2012-08-18 09:36:02.120887+00:00,2.79,6.27,9.6,9941.369597803669,17.87696078533478,-137.50532045282984,3,1
2012-08-18 09:45:02.120887+00:00,3.61,8.05,12.32,10366.387984370456,17.720418308302275,-137.81840540689484,4,1
2012-08-18 09:48:02.120887+00:00,3.2,7.16,10.95,6979.639052055949,16.585014487979933,-140.08921304753952,4,1
2012-08-18 09:50:02.120887+00:00,3.2,7.16,10.95,6979.639052055949,16.585014487979933,-140.08921304753952,4,1
2012-08-18 09:56:02.120887+00:00,14.69,30.75,40.0,3180.901861099698,15.379287288605578,-142.50066744628822,4,1
2012-08-18 10:02:02.120887+00:00,5.57,12.25,18.7,3258.50446165695,15.379287288605578,-142.50066744628822,4,1
2012-08-18 10:06:02.120887+00:00,5.36,11.8,18.01,3823.7942998000417,15.6061531446901,-142.0469357341192,5,1
2012-08-18 10:12:02.120887+00:00,5.08,11.21,17.12,5913.507435530852,16.525904587184854,-140.20743284912967,4,1
2012-08-18 10:14:02.120887+00:00,5.08,11.21,17.12,5913.507435530852,16.525904587184854,-140.20743284912967,4,1
2012-08-18 10:20:02.120887+00:00,5.15,11.38,17.37,8260.24636095188,17.25228056101637,-138.75468090146666,5,1
2012-08-18 10:24:02.120887+00:00,5.54,12.19,18.6,8260.24636095188,17.25228056101637,-138.75468090146666,5,1
2012-08-18 10:29:02.120887+00:00,5.45,12.0,18.31,8131.733466106771,17.218885932146595,-138.8214701592062,6,1
2012-08-18 10:33:02.120887+00:00,5.52,12.16,18.55,8260.24636095188,17.18549130327682,-138.88825941694574,5,1
2012-08-18 10:36:02.120887+00:00,5.66,12.45,18.99,7260.606276871067,17.18549130327682,-138.88825941694574,5,1
2012-08-18 10:38:02.120887+00:00,5.9,12.95,19.76,7104.093123572941,16.909816703291888,-139.43960861691562,6,1
2012-08-18 10:46:02.120887+00:00,5.46,12.03,18.36,7260.606276871067,17.42739809755619,-138.40444582838705,5,1
2012-08-18 10:48:02.120887+00:00,5.89,12.92,19.71,6947.579970274815,16.63414210330696,-139.99095781688547,5,1
2012-08-18 10:53:02.120887+00:00,5.63,12.38,18.89,7260.606276871067,17.42739809755619,-138.40444582838705,5,1
2012-08-18 10:57:02.120887+00:00,5.62,12.35,18.84,10239.502174109555,17.60432805419665,-138.05058591510607,6,1
2012-08-18 10:58:02.120887+00:00,5.26,11.61,17.72,10964.669440263431,17.688468395603522,-137.88230523229234,5,1
2012-08-18 11:03:02.120887+00:00,5.86,12.86,19.62,9371.24265944036,17.369396702513303,-138.52044861847278,6,1
2012-08-18 11:05:02.120887+00:00,5.89,12.92,19.71,9371.24265944036,17.369396702513303,-138.52044861847278,6,1
2012-08-18 11:09:02.120887+00:00,6.11,13.39,20.43,9514.334907955676,17.520187712789777,-138.21886659791983,5,1
2012-08-18 11:13:02.120887+00:00,5.95,13.05,19.9,9995.820773427173,17.554468985882696,-138.150304051734,6,1
2012-08-18 11:17:02.120887+00:00,6.43,14.05,21.42,9228.150410925042,17.333604227464434,-138.5920335685705,5,1
2012-08-18 11:22:02.120887+00:00,6.37,13.93,21.23,10477.306638898664,17.588750258975615,-138.08174150554817,5,1
2012-08-18 11:26:02.120887+00:00,6.26,13.71,20.9,14432.906685227468,18.37909683658673,-136.50104835032593,5,1
2012-08-18 11:31:02.120887+00:00,6.29,13.77,21.0,14432.906685227468,18.37909683658673,-136.50104835032593,5,1
2012-08-18 11:35:02.120887+00:00,6.85,14.92,22.74,8635.15197427337,17.333604227464434,-138.5920335685705,5,1
2012-08-18 11:40:02.120887+00:00,5.69,12.51,19.09,14974.164983818491,18.222059526855865,-136.81512296978767,5,1
2012-08-18 11:44:02.120887+00:00,5.92,12.99,19.81,11963.38597790804,17.867674225018767,-137.52389357346186,5,1
2012-08-18 11:47:02.120887+00:00,6.13,13.43,20.48,7389.9863979062675,17.26893075946249,-138.7213805045744,5,1
2012-08-18 11:51:02.120887+00:00,6.13,13.43,20.48,9676.686187907157,17.568302492240626,-138.12263703901812,4,1
2012-08-18 11:55:02.120887+00:00,5.99,13.14,20.05,9676.686187907157,17.568302492240626,-138.12263703901812,4,1
2012-08-18 12:10:02.129657+00:00,7.07,15.39,23.44,3033.363541261157,14.46626005913632,-141.00583565102792,3,1
2012-08-18 12:15:02.129657+00:00,7.03,15.29,23.3,3033.363541261157,14.46626005913632,-141.00583565102792,3,1
2012-08-18 12:35:02.129657+00:00,3.96,8.81,13.47,4274.254864072143,15.403917923677309,-139.13051992194596,3,1
2012-08-18 12:39:02.129657+00:00,4.38,9.72,14.85,3417.648918691126,14.881916521784673,-140.17452272573124,4,1
2012-08-18 12:44:02.129657+00:00,3.82,8.51,13.02,2535.3542663078256,14.667483021654627,-140.60338972599132,6,1
2012-08-18 12:47:02.129657+00:00,3.8,8.48,12.96,2509.665559305543,14.359915119892037,-141.2185255295165,5,1
2012-08-18 12:50:02.129657+00:00,3.78,8.44,12.9,2456.837581004011,14.142097957513096,-141.65415985427438,5,1
2012-08-18 12:53:02.129657+00:00,3.27,7.33,11.21,2483.2515701547773,14.251006538702566,-141.43634269189545,6,1
2012-08-18 12:58:02.129657+00:00,3.27,7.33,11.21,2509.665559305543,14.97505092341722,-139.98825392246613,5,1
2012-08-18 13:00:02.129657+00:00,40.0,40.0,40.0,2922.834619872245,15.192262575325984,-139.55383061864862,5,1
2012-08-18 13:04:02.129657+00:00,40.0,40.0,40.0,3500.181418889347,15.68325284825971,-138.57185007278116,4,1
2012-08-18 13:09:02.129657+00:00,40.0,40.0,40.0,5596.968855837717,16.675477872715444,-136.5874000238697,4,1
2012-08-18 13:16:02.129657+00:00,40.0,40.0,40.0,7116.409493768985,17.17671262423745,-135.58493052082568,3,1
2012-08-18 13:24:02.129657+00:00,5.62,12.35,18.84,4105.663993923004,15.329430341656714,-139.27949508598715,4,1
2012-08-18 13:26:02.129657+00:00,5.62,12.35,18.84,4105.663993923004,15.329430341656714,-139.27949508598715,4,1
2012-08-18 13:33:02.129657+00:00,5.89,12.92,19.71,3134.463793188057,15.141925507907878,-139.65450475348482,4,1
2012-08-18 13:40:02.129657+00:00,6.44,14.08,21.47,3103.051232123076,15.162274895536251,-139.61380597822807,4,1
2012-08-18 13:43:02.129657+00:00,6.46,14.11,21.52,3103.051232123076,15.162274895536251,-139.61380597822807,4,1
2012-08-18 13:50:02.129657+00:00,5.6,12.32,18.8,5069.602425017922,15.841239348627536,-138.2558770720455,4,1
2012-08-18 13:53:02.129657+00:00,5.6,12.32,18.8,5069.602425017922,15.841239348627536,-138.2558770720455,4,1
2012-08-18 13:58:02.129657+00:00,5.34,11.77,17.96,5919.1138123716355,16.0256944107828,-137.88696694773498,4,1
2012-08-18 14:07:02.129657+00:00,5.42,11.93,18.21,5922.383584964626,15.974857200167882,-137.9886413689648,4,1
2012-08-18 14:11:02.129657+00:00,5.29,11.67,17.82,5907.261160371895,15.94348500558612,-138.05138575812836,3,1
2012-08-18 14:15:02.129657+00:00,12.28,25.95,39.35,5537.593835518359,16.035304717265944,-137.8677463347687,4,1
2012-08-18 14:22:02.129657+00:00,12.3,25.98,39.4,5167.926510664824,16.127124428945766,-137.68410691140903,3,1
2012-08-18 14:32:02.129657+00:00,12.28,25.95,39.35,5167.926510664824,16.127124428945766,-137.68410691140903,3,1
2012-08-18 14:36:02.129657+00:00,5.29,11.67,17.82,5754.025839901365,15.966952893458256,-138.00444998238407,3,1
2012-08-18 14:45:02.129657+00:00,5.65,12.41,18.94,5494.606848395989,15.838947978082876,-138.26045981313482,3,1
2012-08-18 14:51:02.129657+00:00,5.63,12.38,18.89,5754.025839901365,15.966952893458256,-138.00444998238407,3,1
2012-08-18 14:56:02.129657+00:00,5.58,12.29,18.75,5835.431634638422,16.120873823339725,-137.69660812262114,3,1
2012-08-18 15:05:02.129657+00:00,5.26,11.61,17.72,5434.4368681221495,15.902356766567912,-138.13364223616475,4,1
2012-08-18 15:10:02.129657+00:00,2.64,5.94,9.09,5434.4368681221495,15.902356766567912,-138.13364223616475,4,1
2012-08-18 15:11:02.129657+00:00,4.52,10.03,15.32,5835.431634638422,16.120873823339725,-137.69660812262114,5,1
2012-08-18 15:18:02.129657+00:00,4.57,10.13,15.48,7238.542937418069,16.511029095512967,-136.91629757827465,5,1
2012-08-18 15:20:02.129657+00:00,5.09,11.25,17.17,6296.983261218699,16.303419035968865,-137.33151769736284,6,1
2012-08-18 15:25:02.129657+00:00,4.33,9.61,14.69,8169.623340162992,16.774478122306213,-136.38939952468814,6,1
2012-08-18 15:29:02.129657+00:00,5.15,11.38,17.37,6296.983261218699,16.303419035968865,-137.33151769736284,6,1
2012-08-18 15:33:02.129657+00:00,5.39,11.87,18.11,5962.810886357336,16.27325632942945,-137.39184311044167,6,1
2012-08-18 15:34:02.129657+00:00,5.39,11.87,18.11,5962.810886357336,16.27325632942945,-137.39184311044167,6,1
2012-08-18 15:37:02.129657+00:00,5.4,11.9,18.16,5197.046023849347,15.939665381709537,-138.0590250058815,6,1
2012-08-18 15:41:02.129657+00:00,5.22,11.51,17.57,5804.433325187354,16.11711273471422,-137.70413029987213,6,1
2012-08-18 15:45:02.129657+00:00,5.48,12.06,18.41,6570.198187695344,16.450703682434135,-137.0369484044323,5,1
2012-08-18 15:48:02.129657+00:00,5.36,11.8,18.01,8106.748215649489,16.83196991707806,-136.27441593514445,5,1
2012-08-18 15:51:02.129657+00:00,5.36,11.8,18.01,7338.473201672416,16.641336799756097,-136.65568216978838,6,1
2012-08-18 15:56:02.129657+00:00,2.79,6.27,9.6,9473.37013383626,17.32953774727458,-135.27928027475144,5,1
2012-08-18 16:00:02.129657+00:00,2.81,6.32,9.67,8106.748215649489,16.83196991707806,-136.27441593514445,5,1
2012-08-18 16:03:02.129657+00:00,3.91,8.7,13.3,6169.530393481747,16.042313923330877,-137.85372792263885,5,1
2012-08-18 16:07:02.129657+00:00,3.66,8.17,12.49,6169.530393481747,16.042313923330877,-137.85372792263885,5,1
2012-08-18 16:11:02.129657+00:00,3.53,7.9,12.07,6856.51695086927,16.512349722852445,-136.9136563235957,5,1
2012-08-18 16:15:02.129657+00:00,5.63,12.38,18.89,6513.023672175508,16.27733182309166,-137.38369212311727,4,1
2012-08-18 16:21:02.129657+00:00,5.42,11.93,18.21,6666.821046790147,16.47404565224273,-136.99026446481514,4,1
2012-08-18 16:27:02.129657+00:00,5.28,11.64,17.77,6609.48645758704,16.435741581633014,-137.06687260603456,3,1
2012-08-18 16:32:02.129657+00:00,5.2,11.48,17.52,7368.388437129439,16.596001143729968,-136.74635348184066,4,1
2012-08-18 16:38:02.129657+00:00,5.14,11.34,17.32,7368.388437129439,16.484348061640922,-136.96965964601873,4,1
2012-08-18 16:42:02.129657+00:00,5.19,11.44,17.47,6609.48645758704,16.212435417454927,-137.51348493439073,5,1
2012-08-18 16:47:02.129657+00:00,5.12,11.31,17.27,7114.404501882882,16.417788638665773,-137.10277849196905,4,1
2012-08-18 16:52:02.129657+00:00,5.43,11.96,18.26,4548.247271147449,15.67885952531763,-138.58063671866532,3,1
2012-08-18 16:57:02.129657+00:00,5.51,12.12,18.5,4125.930095071831,15.43889511697761,-139.06056553534535,4,1
2012-08-21 01:27:02.123508+00:00,25.59,40.0,40.0,4065.062682825171,19.732558445589547,-133.51825934818277,6,1
2012-08-21 01:29:02.123508+00:00,9.07,19.48,29.62,4444.51924527832,19.276666396962632,-134.43004344543658,7,1
2012-08-21 01:33:02.123508+00:00,7.67,16.62,25.31,5111.208849986722,19.455611580285332,-134.0721530787912,10,1
2012-08-21 01:35:02.123508+00:00,4.54,10.06,15.38,5603.596097118497,19.41490553743849,-134.1535651644849,11,1
2012-08-21 01:36:02.123508+00:00,4.54,10.06,15.38,5603.596097118497,19.41490553743849,-134.1535651644849,11,1
2012-08-21 01:37:02.123508+00:00,5.75,12.64,19.28,5810.813842155067,19.27380396384588,-134.43576831167007,12,1
2012-08-21 01:38:02.123508+00:00,5.75,12.64,19.28,6018.031587191637,19.276666396962632,-134.43004344543658,13,1
2012-08-21 01:40:02.123508+00:00,5.74,12.6,19.23,6055.524160243102,19.34578596720056,-134.29180430496075,12,1
2012-08-21 01:41:02.123508+00:00,5.74,12.6,19.23,6055.524160243102,19.34578596720056,-134.29180430496075,12,2
2012-08-21 01:43:02.123508+00:00,5.74,12.6,19.23,6093.0167332945675,19.41490553743849,-134.1535651644849,13,1
2012-08-21 01:46:02.123508+00:00,5.74,12.6,19.23,7193.45918063365,19.41490553743849,-134.1535651644849,11,1
2012-08-21 01:47:02.123508+00:00,5.74,12.6,19.23,7265.355655025751,19.41490553743849,-134.1535651644849,9,2
2012-08-21 01:52:02.123508+00:00,5.2,11.48,17.52,7265.355655025751,19.41490553743849,-134.1535651644849,5,1
2012-08-22 12:33:02.129818+00:00,10.75,22.87,34.72,2890.516640693025,17.806711222710078,-136.10188826358004,5,2
2012-08-22 12:34:02.129818+00:00,10.76,22.9,34.77,2890.516640693025,17.806711222710078,-136.10188826358004,5,1
2012-08-22 12:35:02.129818+00:00,10.76,22.9,34.77,2890.516640693025,17.806711222710078,-136.10188826358004,5,1
2012-08-22 12:36:02.129818+00:00,10.75,22.87,34.72,2890.516640693025,17.806711222710078,-136.10188826358004,5,1
2012-08-24 03:39:02.126128+00:00,5.36,11.8,18.01,2361.6177296552933,18.965364544891145,-129.57709720760482,19,2
2012-08-24 03:40:02.126128+00:00,4.31,9.57,14.63,2395.7598868203863,19.010432837783355,-129.4869606218204,22,1
2012-08-24 03:41:02.126128+00:00,4.87,10.78,16.46,2491.0643125689994,19.091553746567534,-129.32471880425203,24,1
2012-08-24 03:42:02.126128+00:00,4.98,11.01,16.82,2582.9314205235305,19.13220924114354,-129.24340781510006,26,2
2012-08-24 03:43:02.126128+00:00,5.03,11.11,16.97,2582.9314205235305,19.147946663190403,-129.21193297100632,28,3
2012-08-24 03:44:02.126128+00:00,4.92,10.88,16.62,2582.9314205235305,19.147946663190403,-129.21193297100632,30,2
2012-08-24 03:45:02.126128+00:00,4.92,10.88,16.62,2552.22658115252,19.136812119827567,-129.23420205773198,31,2
2012-08-24 03:46:02.126128+00:00,4.86,10.75,16.41,2530.393255301564,19.12760636245951,-129.2526135724681,33,1
2012-08-24 03:47:02.126128+00:00,4.86,10.75,16.41,2530.393255301564,19.12760636245951,-129.2526135724681,33,2
2012-08-24 03:48:02.126128+00:00,4.86,10.75,16.41,2530.393255301564,19.12760636245951,-129.2526135724681,33,2
2012-08-24 03:49:02.126128+00:00,4.84,10.71,16.36,2541.3099182270416,19.13220924114354,-129.24340781510006,32,2
2012-08-24 03:50:02.126128+00:00,4.83,10.68,16.31,2552.22658115252,19.136812119827567,-129.23420205773198,31,3
2012-08-24 03:51:02.126128+00:00,4.84,10.71,16.36,2613.636259894541,19.15908120655324,-129.18966388428063,29,2
2012-08-24 03:52:02.126128+00:00,4.84,10.71,16.36,2582.9314205235305,19.176637493501545,-129.15455131038402,28,2
2012-08-24 03:53:02.126128+00:00,4.64,10.27,15.69,2698.581102964986,19.266656773069514,-128.97451275124808,26,2
2012-08-24 03:54:02.126128+00:00,4.64,10.27,15.69,2812.8788151410517,19.339119765689173,-128.82958676600876,23,2
2012-08-24 03:55:02.126128+00:00,4.64,10.27,15.69,2812.8788151410517,19.339119765689173,-128.82958676600876,21,1
2012-08-24 03:56:02.126128+00:00,4.64,10.27,15.69,2958.232972914404,19.364539784460742,-128.7787467284656,20,1
2012-08-25 14:14:02.122438+00:00,4.29,9.54,14.58,8120.096944917914,20.187974154588883,-128.30357065804438,23,1
2012-08-25 14:15:02.122438+00:00,11.76,24.89,37.77,10129.783578401326,20.393077915152674,-127.8933631369168,25,2
2012-08-25 14:16:02.122438+00:00,8.1,17.49,26.62,10823.689504237707,20.59672948105027,-127.4860600051216,28,1
2012-08-25 14:17:02.122438+00:00,9.12,19.58,29.76,11204.979673014535,20.761370096486395,-127.15677877424936,31,1
2012-08-25 14:18:02.122438+00:00,8.28,17.87,27.19,11431.097816419824,21.130366011446828,-126.41878694432847,34,3
2012-08-25 14:19:02.122438+00:00,8.11,17.53,26.67,12166.029205360586,21.389971530032156,-125.89957590715782,37,3
2012-08-25 14:20:02.122438+00:00,28.83,40.0,40.0,12596.675817558227,21.519120476685913,-125.64127801385033,40,3
2012-08-25 14:21:02.122438+00:00,28.17,40.0,40.0,13506.500746505655,21.719208795045898,-125.24110137713036,42,2
2012-08-25 14:22:02.122438+00:00,28.02,40.0,40.0,14166.309697813487,21.907040542021846,-124.86543788317844,44,3
2012-08-25 14:23:02.122438+00:00,28.37,40.0,40.0,14167.156511123438,21.96174625542866,-124.75602645636482,47,3
2012-08-25 14:24:02.122438+00:00,28.27,40.0,40.0,14341.40506987774,21.996407586270635,-124.68670379468088,49,2
2012-08-25 14:25:02.122438+00:00,28.27,40.0,40.0,14254.280790500588,21.97907692084965,-124.72136512552284,50,2
2012-08-25 14:26:02.122438+00:00,28.12,40.0,40.0,14254.280790500588,21.96670961675389,-124.74609973371436,52,3
2012-08-25 14:27:02.122438+00:00,28.07,40.0,40.0,14341.40506987774,21.971672978079116,-124.7361730110639,53,3
2012-08-25 14:28:02.122438+00:00,28.02,40.0,40.0,14341.40506987774,21.971672978079116,-124.7361730110639,53,4
2012-08-25 14:29:02.122438+00:00,28.02,40.0,40.0,14254.280790500588,21.96670961675389,-124.74609973371436,54,3
2012-08-25 14:30:02.122438+00:00,28.02,40.0,40.0,14341.40506987774,21.971672978079116,-124.7361730110639,53,2
2012-08-25 14:31:02.122438+00:00,28.07,40.0,40.0,14341.40506987774,21.971672978079116,-124.7361730110639,53,2
2012-08-25 14:32:02.122438+00:00,28.07,40.0,40.0,14341.40506987774,21.971672978079116,-124.7361730110639,53,2
2012-08-25 14:33:02.122438+00:00,27.92,40.0,40.0,13047.945309905568,21.971672978079116,-124.7361730110639,53,4
2012-08-25 14:34:02.122438+00:00,27.87,40.0,40.0,13892.865940126989,22.026337624700005,-124.62684371782213,50,2
2012-08-25 14:35:02.122438+00:00,27.92,40.0,40.0,13444.326810376237,21.971672978079116,-124.7361730110639,49,3
2012-08-25 14:36:02.122438+00:00,26.92,40.0,40.0,12644.651045839872,21.95246608225671,-124.77458680270873,46,2
2012-08-25 14:37:02.122438+00:00,16.32,34.0,40.0,11158.512187139782,21.804836543069232,-125.06984588108368,44,3
2012-08-25 14:38:02.122438+00:00,15.49,32.36,40.0,10949.634383352108,21.716026745705797,-125.24746547581051,41,3
2012-08-25 14:39:02.122438+00:00,17.65,36.64,40.0,7693.133785121539,21.017307014628663,-126.6449049379648,39,3
2012-08-25 14:40:02.122438+00:00,16.06,33.49,40.0,6281.272263836749,20.922582042722755,-126.83435488177662,36,2
2012-08-25 14:41:02.122438+00:00,15.27,31.92,40.0,5687.839800492253,20.464014267605133,-127.75149043201186,34,2
2012-08-25 14:42:02.122438+00:00,15.47,32.32,40.0,5132.074596321997,19.80639546626448,-129.06672803469317,32,3
2012-08-25 14:43:02.122438+00:00,18.84,39.02,40.0,3629.7328040248385,19.276599883024204,-130.12631920117371,30,1
2012-08-25 14:44:02.122438+00:00,17.8,36.95,40.0,3306.1148759260277,17.98201498888469,-132.71548898945275,27,1
2012-08-25 14:47:02.122438+00:00,16.53,34.43,40.0,2602.4968804219893,17.24086841892513,-134.19778212937186,21,1
2012-08-25 14:48:02.122438+00:00,15.54,32.45,40.0,2356.9611008153834,17.15848767814998,-134.36254361092216,18,1
2012-08-25 14:52:02.122438+00:00,11.88,25.15,38.14,2514.2077972463285,16.773430400599352,-135.13265816602342,8,1
2012-08-25 14:54:02.122438+00:00,12.52,26.43,40.0,2356.787180683252,17.019597991819516,-134.6403229835831,5,1
2012-08-26 05:18:02.121208+00:00,13.7,28.78,40.0,1699.9515659454885,17.10684301057384,-130.8670657419591,3,2
2012-08-26 05:21:02.121208+00:00,12.06,25.51,38.69,1699.9515659454885,17.10684301057384,-130.8670657419591,3,1
2012-08-26 05:34:02.121208+00:00,5.36,11.8,18.01,4681.292795706861,20.56562140942888,-123.949508944249,26,2
2012-08-26 05:35:02.121208+00:00,5.31,11.7,17.87,4237.40571539054,20.733336028773316,-123.61407970556014,29,2
2012-08-26 05:36:02.121208+00:00,35.52,40.0,40.0,5125.179876023183,20.770132327605424,-123.54048710789591,31,2
2012-08-26 05:37:02.121208+00:00,33.47,40.0,40.0,6010.744683309113,21.067209847575487,-122.9463320679558,34,2
2012-08-26 05:38:02.121208+00:00,32.6,40.0,40.0,6750.751232900569,21.13368372757325,-122.81338430796028,36,3
2012-08-26 05:39:02.121208+00:00,32.34,40.0,40.0,6927.509789952693,21.166328886376803,-122.74809399035315,39,3
2012-08-26 05:40:02.121208+00:00,32.6,40.0,40.0,7027.358513249766,21.253643777575306,-122.57346420795616,41,2
2012-08-26 05:41:02.121208+00:00,32.54,40.0,40.0,8750.376624059552,21.37121836279013,-122.33831503752651,45,2
2012-08-26 05:42:02.121208+00:00,12.17,25.73,39.02,9232.996829739715,21.514078924340403,-122.05259391442596,48,4
2012-08-26 05:43:02.121208+00:00,12.01,25.4,38.52,9577.17629565834,21.5655726928141,-121.94960637747856,50,3
2012-08-26 05:44:02.121208+00:00,32.47,40.0,40.0,9999.160826824358,21.59192983961592,-121.89689208387496,52,3
2012-08-26 05:45:02.121208+00:00,31.17,40.0,40.0,10807.337500934407,21.674162629197884,-121.732426504711,51,2
2012-08-26 05:46:02.121208+00:00,30.29,40.0,40.0,11160.77357767784,21.674162629197884,-121.732426504711,53,3
2012-08-26 05:47:02.121208+00:00,30.41,40.0,40.0,11727.35733276346,21.74685056537777,-121.58705063235124,54,2
2012-08-26 05:48:02.121208+00:00,30.07,40.0,40.0,13860.277782754843,21.86489369832485,-121.35096436645708,55,2
2012-08-26 05:49:02.121208+00:00,30.01,40.0,40.0,15008.300132938077,21.941356958880107,-121.19803784534656,54,3
2012-08-26 05:50:02.121208+00:00,28.83,40.0,40.0,15958.145066657984,22.07387938111161,-120.93299300088354,54,3
2012-08-26 05:51:02.121208+00:00,28.37,40.0,40.0,16848.16451025461,22.09670676198553,-120.88733823913572,54,3
2012-08-26 05:52:02.121208+00:00,28.47,40.0,40.0,15887.375129117858,22.087032640649387,-120.906686481808,55,3
2012-08-26 05:53:02.121208+00:00,28.32,40.0,40.0,17456.609354468736,22.06407413029307,-120.95260350252065,55,2
2012-08-26 05:54:02.121208+00:00,28.32,40.0,40.0,17562.011685389924,22.075553385471228,-120.92964499216431,54,3
2012-08-26 05:55:02.121208+00:00,28.32,40.0,40.0,17562.011685389924,22.010137966061173,-121.06047583098442,54,2
2012-08-26 05:56:02.121208+00:00,28.17,40.0,40.0,16671.992241793298,22.010137966061173,-121.06047583098442,54,4
2012-08-26 05:57:02.121208+00:00,27.72,40.0,40.0,15884.272634412247,21.956201801829277,-121.1683481594482,53,2
2012-08-26 05:58:02.121208+00:00,27.39,40.0,40.0,13860.277782754843,21.88115180642141,-121.31844815026396,53,3
2012-08-26 05:59:02.121208+00:00,27.58,40.0,40.0,13899.024260298507,21.918676804125344,-121.24339815485608,50,3
2012-08-26 06:00:02.121208+00:00,27.58,40.0,40.0,13899.024260298507,21.918676804125344,-121.24339815485608,48,3
2012-08-26 06:01:02.121208+00:00,27.58,40.0,40.0,13860.277782754843,21.8265485703153,-121.42765462247615,45,2
2012-08-26 06:02:02.121208+00:00,27.53,40.0,40.0,13898.408296582147,21.705339089002756,-121.67007358510124,42,3
2012-08-26 06:03:02.121208+00:00,27.39,40.0,40.0,13785.444453523103,21.55755342982864,-121.96564490344949,40,3
2012-08-26 06:04:02.121208+00:00,25.72,40.0,40.0,13435.827758268624,21.530977251967062,-122.01879725917264,37,2
2012-08-26 06:05:02.121208+00:00,26.11,40.0,40.0,13426.305263914132,21.530977251967062,-122.01879725917264,35,3
2012-08-26 06:06:02.121208+00:00,26.6,40.0,40.0,10764.676581826176,21.414930417012933,-122.25089092908092,32,2
2012-08-26 06:07:02.121208+00:00,26.51,40.0,40.0,11428.6310059129,21.00940944669182,-123.06193286972314,29,3
2012-08-26 06:10:02.121208+00:00,11.26,23.9,36.28,5907.5669640036795,19.329578461270373,-126.42159484056604,21,1
2012-08-26 06:21:02.121208+00:00,13.28,27.95,40.0,3063.8791706795528,17.72536040453145,-129.63003095404386,6,1
2012-08-26 06:22:02.121208+00:00,13.23,27.84,40.0,3063.8791706795528,17.72536040453145,-129.63003095404386,6,2
2012-08-26 06:28:02.121208+00:00,13.03,27.45,40.0,3063.8791706795528,17.72536040453145,-129.63003095404386,6,2
2012-08-26 06:29:02.121208+00:00,13.03,27.45,40.0,3063.8791706795528,17.72536040453145,-129.63003095404386,6,1
2012-08-28 09:14:02.126288+00:00,35.45,40.0,40.0,4035.075411589544,18.96604109147846,-132.23111746233,4,1
2012-08-28 09:19:02.126288+00:00,31.71,40.0,40.0,5220.083114890801,19.160348688275967,-131.842502268735,5,1
2012-08-28 09:20:02.126288+00:00,31.71,40.0,40.0,5220.083114890801,19.160348688275967,-131.842502268735,5,1
2012-08-28 09:22:02.126288+00:00,31.71,40.0,40.0,5220.083114890801,19.160348688275967,-131.842502268735,5,1
2012-08-28 09:29:02.126288+00:00,14.16,29.71,40.0,5265.528388378016,18.771733494680955,-132.619732655925,7,1
2012-08-28 09:36:02.126288+00:00,19.21,39.74,40.0,4949.563705580983,19.088572997746404,-131.98605364979412,7,2
2012-08-28 09:37:02.126288+00:00,19.1,39.52,40.0,4949.563705580983,19.088572997746404,-131.98605364979412,7,1
2012-08-28 09:38:02.126288+00:00,19.1,39.52,40.0,4949.563705580983,19.088572997746404,-131.98605364979412,7,1
2012-08-28 09:44:02.126288+00:00,7.81,16.9,25.73,4603.2033513273345,18.919607526566644,-132.32398459215364,8,1
2012-08-28 09:45:02.126288+00:00,7.81,16.9,25.73,4603.2033513273345,18.919607526566644,-132.32398459215364,8,1
2012-08-28 09:52:02.126288+00:00,7.81,16.9,25.73,4256.842997073687,19.088572997746404,-131.98605364979412,5,2
2012-08-28 09:59:02.126288+00:00,25.34,40.0,40.0,4256.842997073687,19.455242085022302,-131.25271547524233,7,1
2012-08-28 10:04:02.126288+00:00,25.34,40.0,40.0,4119.927707386239,19.455242085022302,-131.25271547524233,5,1
2012-08-28 10:05:02.126288+00:00,25.34,40.0,40.0,4936.217733044048,19.59136119949965,-130.98047724628765,6,1
2012-08-28 10:06:02.126288+00:00,25.34,40.0,40.0,4936.217733044048,19.59136119949965,-130.98047724628765,6,1
2012-08-28 10:07:02.126288+00:00,25.34,40.0,40.0,4936.217733044048,19.59136119949965,-130.98047724628765,6,1
2012-08-28 10:15:02.126288+00:00,27.2,40.0,40.0,6131.795411728539,19.59136119949965,-130.98047724628765,4,1
2012-08-28 14:46:02.125058+00:00,8.37,18.06,27.47,5393.509588629869,19.277214406457656,-135.51497335034918,4,1
2012-08-28 14:49:02.125058+00:00,8.37,18.06,27.47,5393.509588629869,19.277214406457656,-135.51497335034918,4,1
2012-08-28 14:50:02.125058+00:00,8.37,18.06,27.47,5393.509588629869,19.277214406457656,-135.51497335034918,4,1
2012-08-28 14:56:02.125058+00:00,8.27,17.84,27.14,5393.509588629869,19.277214406457656,-135.51497335034918,4,1
2012-08-28 20:02:02.125058+00:00,11.97,25.33,38.41,5390.008697009911,18.583901199144258,-136.90159976497597,4,1
2012-08-28 20:04:02.125058+00:00,11.97,25.33,38.41,5390.008697009911,18.583901199144258,-136.90159976497597,4,1
2012-08-28 20:08:02.125058+00:00,11.95,25.29,38.36,5418.989835340012,18.63628452226033,-136.79683311874382,5,1
2012-08-28 20:11:02.125058+00:00,11.95,25.29,38.36,5418.989835340012,18.63628452226033,-136.79683311874382,5,1
2012-08-28 20:14:02.125058+00:00,18.79,38.91,40.0,6429.9247627395325,18.611221469285976,-136.8469592246925,5,1
2012-08-28 20:22:02.125058+00:00,18.79,38.91,40.0,9884.232160424825,21.7049687261671,-130.65946471093028,3,2
2012-08-28 20:35:02.125058+00:00,0.0,0.0,0.0,3300.8736812991697,18.945347956141923,-136.17870625098064,8,1
2012-08-28 20:36:02.125058+00:00,0.0,0.0,0.0,3300.8736812991697,18.945347956141923,-136.17870625098064,8,1
2012-08-28 20:39:02.125058+00:00,0.0,0.0,0.0,3044.045996460434,18.9459493755433,-136.17750341217788,11,2
2012-08-28 20:40:02.125058+00:00,0.0,0.0,0.0,3044.045996460434,18.9459493755433,-136.17750341217788,11,1
2012-08-28 20:41:02.125058+00:00,0.0,0.0,0.0,3044.045996460434,18.9459493755433,-136.17750341217788,11,1
2012-08-28 20:42:02.125058+00:00,0.0,0.0,0.0,3044.045996460434,18.9459493755433,-136.17750341217788,11,1
2012-08-28 20:43:02.125058+00:00,0.0,0.0,0.0,3044.045996460434,18.9459493755433,-136.17750341217788,11,1
2012-08-28 20:47:02.125058+00:00,9.64,20.64,31.36,3044.045996460434,19.04243034507125,-135.984541473122,9,1
2012-08-28 20:48:02.125058+00:00,9.64,20.64,31.36,3044.045996460434,19.04243034507125,-135.984541473122,9,2
2012-08-29 21:18:02.122598+00:00,17.7,36.74,40.0,3941.380474355206,20.906916147609984,-132.67995860758407,4,1
2012-08-29 21:19:02.122598+00:00,17.7,36.74,40.0,3941.380474355206,20.906916147609984,-132.67995860758407,4,1
2012-08-29 21:21:02.122598+00:00,17.7,36.74,40.0,3941.380474355206,20.906916147609984,-132.67995860758407,4,1
2012-08-29 21:26:02.122598+00:00,25.72,40.0,40.0,3119.339464973124,20.11708112093022,-134.25962866094358,6,1
2012-08-29 21:33:02.122598+00:00,19.32,39.97,40.0,2563.848044694484,19.710025312912094,-135.07374027697983,7,1
2012-08-29 21:35:02.122598+00:00,19.24,39.8,40.0,2563.848044694484,19.710025312912094,-135.07374027697983,9,1
2012-08-29 21:37:02.122598+00:00,19.27,39.86,40.0,2522.630360838341,19.69521150990264,-135.10336788299873,8,1
2012-08-29 21:39:02.122598+00:00,19.24,39.8,40.0,2563.848044694484,19.68039770689319,-135.13299548901765,9,2
2012-08-29 21:42:02.122598+00:00,19.24,39.8,40.0,2563.848044694484,19.68039770689319,-135.13299548901765,9,1
2012-08-29 21:43:02.122598+00:00,19.24,39.8,40.0,2563.848044694484,19.68039770689319,-135.13299548901765,9,2
2012-08-29 21:48:02.122598+00:00,19.24,39.8,40.0,2987.023249782831,19.443699074959135,-135.60639275288577,6,1
2012-09-01 04:46:02.126448+00:00,5.6,12.32,18.8,4861.113001263128,19.656731421656794,-128.97727764015875,24,2
2012-09-01 04:47:02.126448+00:00,5.58,12.29,18.75,6136.193089141648,20.05342660833592,-128.18388726680053,26,3
2012-09-01 04:48:02.126448+00:00,5.42,11.93,18.21,6049.041444940318,20.269998966075416,-127.75074255132152,29,1
2012-09-01 04:49:02.126448+00:00,5.39,11.87,18.11,5974.690941957748,19.97131537480397,-128.34810973386442,31,1
2012-09-01 04:50:02.126448+00:00,5.36,11.8,18.01,5519.509192088751,19.97131537480397,-128.34810973386442,33,3
2012-09-01 04:51:02.126448+00:00,5.32,11.74,17.92,4177.643806428709,19.91030263500103,-128.4701352134703,35,2
2012-09-01 04:52:02.126448+00:00,5.28,11.64,17.77,3788.891865373205,19.836854250596424,-128.6170319822795,37,2
2012-09-01 04:53:02.126448+00:00,5.26,11.61,17.72,3788.891865373205,19.735031933640208,-128.82067661619192,39,3
2012-09-01 04:54:02.126448+00:00,5.25,11.57,17.67,3715.242716382173,19.619696387576788,-129.05134770831876,42,2
2012-09-01 04:55:02.126448+00:00,5.23,11.54,17.62,3715.242716382173,19.619696387576788,-129.05134770831876,42,4
2012-09-01 04:56:02.126448+00:00,5.23,11.54,17.62,3757.3008751784073,19.735031933640208,-128.82067661619192,41,2
2012-09-01 04:57:02.126448+00:00,5.25,11.57,17.67,3788.891865373205,19.775731231234264,-128.73927802100383,39,2
2012-09-01 04:58:02.126448+00:00,5.25,11.57,17.67,4308.133365871341,19.873578442798728,-128.54358359787489,36,3
2012-09-01 04:59:02.126448+00:00,5.25,11.57,17.67,4308.133365871341,19.873578442798728,-128.54358359787489,36,2
2012-09-01 05:00:02.126448+00:00,5.2,11.48,17.52,4979.066058701363,19.9408090049025,-128.40912247366737,34,2
2012-09-01 05:01:02.126448+00:00,5.23,11.54,17.62,5747.10006702325,20.034568760960816,-128.22160296155073,32,1
2012-09-01 05:02:02.126448+00:00,5.25,11.57,17.67,5974.690941957748,20.097822147117657,-128.09509618923704,29,3
2012-09-01 05:03:02.126448+00:00,5.09,11.25,17.17,4979.066058701363,19.9408090049025,-128.40912247366737,26,3
2012-09-01 05:04:02.126448+00:00,4.94,10.91,16.67,4308.133365871341,19.873578442798728,-128.54358359787489,24,1
2012-09-01 23:19:02.125219+00:00,15.65,32.67,40.0,4192.64318612595,18.919836508821636,-133.97398329737916,3,1
2012-09-01 23:23:02.125219+00:00,15.65,32.67,40.0,4192.64318612595,18.919836508821636,-133.97398329737916,3,1
2012-09-01 23:25:02.125219+00:00,15.65,32.67,40.0,4192.64318612595,18.919836508821636,-133.97398329737916,3,1
2012-09-03 00:38:02.121529+00:00,0.0,0.0,0.0,3470.7918319827386,17.565848128176647,-136.20716783018176,4,1
2012-09-03 00:39:02.121529+00:00,0.0,0.0,0.0,3254.950182814867,17.487306285672442,-136.36425151519018,5,1
2012-09-03 00:40:02.121529+00:00,0.0,0.0,0.0,3254.950182814867,17.487306285672442,-136.36425151519018,5,2
2012-09-03 00:48:02.121529+00:00,1.92,4.34,6.65,3686.63348115061,17.644389970680855,-136.05008414517334,7,1
2012-09-03 00:51:02.121529+00:00,1.95,4.41,6.75,3756.775243557984,18.4456889019382,-134.44748628265864,3,1
2012-09-03 00:54:02.121529+00:00,1.95,4.41,6.75,3284.395077630378,18.12020297655647,-135.0984581334221,4,1
2012-09-03 01:02:02.121529+00:00,9.34,20.03,30.44,3749.5574869108887,18.95082401671253,-133.43721605311,6,1
2012-09-03 01:06:02.121529+00:00,22.34,40.0,40.0,3742.3397302637936,19.222062396288425,-132.89473929395822,7,1
2012-09-03 01:07:02.121529+00:00,23.45,40.0,40.0,3592.453540074851,18.95082401671253,-133.43721605311,8,1
2012-09-03 01:09:02.121529+00:00,23.45,40.0,40.0,3592.453540074851,18.95082401671253,-133.43721605311,8,1
2012-09-03 01:12:02.121529+00:00,23.45,40.0,40.0,3592.453540074851,18.95082401671253,-133.43721605311,8,2
2012-09-03 01:13:02.121529+00:00,24.13,40.0,40.0,3742.3397302637936,18.679585637136636,-133.9796928122618,9,1
2012-09-03 01:17:02.121529+00:00,22.2,40.0,40.0,4071.7327160434106,18.576331599885656,-134.18620088676374,10,1
2012-09-03 01:22:02.121529+00:00,22.2,40.0,40.0,4401.125701823028,17.947902303475363,-135.44305947958432,9,1
2012-09-03 01:23:02.121529+00:00,7.21,15.66,23.86,4401.125701823028,17.692113727621855,-135.95463663129135,7,2
2012-09-03 01:24:02.121529+00:00,7.22,15.7,23.91,4401.125701823028,17.692113727621855,-135.95463663129135,7,1
2012-09-03 01:26:02.121529+00:00,7.22,15.7,23.91,4401.125701823028,17.692113727621855,-135.95463663129135,7,1
2012-09-03 01:27:02.121529+00:00,6.92,15.08,22.97,4450.543938522707,17.517515189575768,-136.30383370738352,6,1
2012-09-07 02:00:02.121689+00:00,7.85,17.0,25.87,2042.8775772978456,14.916403888814688,-142.37687240441176,3,1
2012-09-07 02:09:02.121689+00:00,8.3,17.9,27.24,3569.0050427100427,15.600921963763684,-141.00783625451376,3,1
2012-09-07 02:37:02.121689+00:00,7.57,16.41,24.98,3466.4474802740283,15.690765915674216,-140.82814835069271,3,1
2012-09-07 02:44:02.121689+00:00,7.39,16.04,24.42,3542.5733560846043,15.504674420489406,-141.20033134106234,3,1
2012-09-07 02:50:02.121689+00:00,7.48,16.22,24.7,3542.5733560846043,15.504674420489406,-141.20033134106234,3,1
2012-09-07 03:53:02.121689+00:00,7.85,17.0,25.87,2486.8433030697834,14.951626361387255,-142.30642745926662,3,1
2012-09-07 04:00:02.121689+00:00,7.12,15.48,23.58,2965.352034553218,15.110758543581031,-141.98816309487907,3,1
2012-09-07 04:08:02.121689+00:00,7.04,15.32,23.35,2965.352034553218,15.413616614459992,-141.38244695312116,3,1
2012-09-07 04:28:02.121689+00:00,6.02,13.21,20.14,6722.328310288354,16.57107096879576,-139.06753824444962,3,1
2012-09-07 04:34:02.121689+00:00,5.9,12.95,19.76,6722.328310288354,16.57107096879576,-139.06753824444962,3,1
2012-09-07 04:37:02.121689+00:00,5.63,12.38,18.89,7116.420732942295,16.692741780315334,-138.8241966214105,4,1
2012-09-07 04:45:02.121689+00:00,5.87,12.89,19.66,7779.070999684392,17.16971594227506,-137.87024829749103,3,1
2012-09-07 04:49:02.121689+00:00,5.8,12.73,19.42,8586.172982436778,17.537254634232067,-137.135170913577,3,1
2012-09-07 04:57:02.121689+00:00,5.34,11.77,17.96,12072.071287718474,18.112517010633347,-135.98464616077445,3,1
2012-09-07 05:18:02.121689+00:00,3.84,8.55,13.08,7481.219258181878,16.899973399156686,-138.40973338372777,3,1
2012-09-07 05:23:02.121689+00:00,3.57,7.97,12.2,7809.837628124334,17.40541046767565,-137.39885924668985,3,1
2012-09-07 05:31:02.121689+00:00,3.37,7.53,11.52,14825.636776750936,18.40657866241271,-135.3965228572157,3,1
2012-09-07 05:36:02.121689+00:00,2.83,6.36,9.74,14825.636776750936,18.40657866241271,-135.3965228572157,3,1
2012-09-07 05:46:02.121689+00:00,1.17,2.64,4.05,14825.636776750936,18.40657866241271,-135.3965228572157,3,1
2012-09-07 06:03:02.121689+00:00,1.41,3.19,4.89,20004.306784888136,19.201083276163892,-133.80751362971336,3,1
2012-09-07 06:08:02.121689+00:00,1.68,3.81,5.83,13244.002671703603,18.656926434170508,-134.89582731370012,3,1
2012-09-07 06:15:02.121689+00:00,0.01,0.04,0.02,13244.002671703603,18.656926434170508,-134.89582731370012,3,1
2012-09-07 06:22:02.121689+00:00,0.01,0.04,0.02,20519.94254938968,19.24356628400559,-133.72254761402996,4,1
2012-09-07 06:27:02.121689+00:00,0.01,0.04,0.06,20798.804058331592,19.303061761765587,-133.60355665850994,3,1
2012-09-07 06:32:02.121689+00:00,0.97,2.21,3.38,20798.804058331592,19.303061761765587,-133.60355665850994,3,1
2012-09-07 06:42:02.121689+00:00,2.81,6.32,9.67,9908.871555130252,17.865783674233032,-136.47811283357507,3,1
2012-09-07 06:46:02.121689+00:00,2.96,6.64,10.15,8771.467619009007,17.665637824934308,-136.8784045321725,4,1
2012-09-07 06:51:02.121689+00:00,2.98,6.68,10.22,7634.063682887763,17.465491975635587,-137.27869623076995,5,1
2012-09-07 06:56:02.121689+00:00,3.08,6.9,10.56,7661.776739793118,16.993650380634474,-138.2223794207722,5,1
2012-09-07 07:00:02.121689+00:00,3.0,6.72,10.29,7632.477915112761,16.947059973449583,-138.31556023514196,4,1
2012-09-07 07:01:02.121689+00:00,3.23,7.24,11.08,7603.179090432404,16.900469566264697,-138.40874104951175,3,1
2012-09-07 07:25:02.121689+00:00,4.38,9.72,14.85,12303.364914028833,18.2998063652377,-135.61006745156573,3,1
2012-09-07 07:28:02.121689+00:00,4.38,9.72,14.85,12303.364914028833,18.2998063652377,-135.61006745156573,3,1
2012-09-07 07:34:02.121689+00:00,4.72,10.44,15.95,12303.364914028833,18.20469408382263,-135.80029201439586,5,1
2012-09-07 07:39:02.121689+00:00,5.52,12.16,18.55,10648.060879364444,17.72762827895923,-136.7544236241227,4,1
2012-09-07 07:44:02.121689+00:00,5.55,12.22,18.65,8684.745000092935,17.33246572144799,-137.54474873914518,4,1
2012-09-07 07:49:02.121689+00:00,5.62,12.35,18.84,7680.654660407724,17.030319967317368,-138.14904024740642,4,1
2012-09-07 07:53:02.121689+00:00,5.65,12.41,18.94,6873.5786933234685,16.882034897492673,-138.4456103870558,5,1
2012-09-07 07:57:02.121689+00:00,5.78,12.7,19.38,6817.747371941339,16.858935824636532,-138.4918085327681,4,1
2012-09-07 08:01:02.121689+00:00,6.07,13.3,20.28,6627.451384050431,16.795454397536346,-138.61877138696843,4,1
2012-09-07 08:08:02.121689+00:00,6.25,13.68,20.85,4359.846226563784,15.957329989836614,-140.2950202023679,4,1
2012-09-07 08:12:02.121689+00:00,6.25,13.68,20.85,3852.311046891173,15.802911304642958,-140.60385757275523,3,1
2012-09-07 08:18:02.121689+00:00,6.2,13.58,20.71,4066.7329816138817,15.873923776233772,-140.4618326295736,4,1
2012-09-07 08:23:02.121689+00:00,5.98,13.11,20.0,4281.15491633659,15.944936247824586,-140.31980768639195,3,1
2012-09-07 08:28:02.121689+00:00,5.54,12.19,18.6,6230.520016280909,16.891166884787275,-138.4273464124666,3,1
2012-09-07 08:33:02.121689+00:00,5.54,12.19,18.6,6230.520016280909,16.891166884787275,-138.4273464124666,3,1
2012-09-07 09:21:02.121689+00:00,6.62,14.46,22.03,2591.082894340114,14.941713098545623,-142.3262539849499,4,1
2012-09-07 09:26:02.121689+00:00,6.65,14.52,22.13,2591.082894340114,14.941713098545623,-142.3262539849499,4,1
2012-09-07 09:31:02.121689+00:00,6.73,14.67,22.36,2591.082894340114,14.941713098545623,-142.3262539849499,4,1
2012-09-07 09:34:02.121689+00:00,6.89,15.01,22.88,2865.5044259372235,15.118452926606698,-141.97277432882774,3,1
2012-09-07 11:31:02.121689+00:00,7.48,16.22,24.7,2608.947470294503,14.96563762732836,-142.2784049273844,3,1
2012-09-07 11:35:02.121689+00:00,7.16,15.57,23.72,2975.188535211262,15.304990614811096,-141.59969895241892,4,1
2012-09-07 11:38:02.121689+00:00,6.29,13.77,21.0,3341.4296001280213,15.644343602293834,-140.9209929774535,5,1
2012-09-07 11:42:02.121689+00:00,6.1,13.36,20.38,3882.0442883853775,15.823604699913805,-140.56247078221355,4,1
2012-09-07 11:47:02.121689+00:00,5.9,12.95,19.76,5304.925254497308,16.436707088377396,-139.33626600528635,4,1
2012-09-07 11:54:02.121689+00:00,5.69,12.51,19.09,10030.674104653848,17.847438290985146,-136.51480360007085,3,1
2012-09-07 11:59:02.121689+00:00,5.28,11.64,17.77,10030.674104653848,17.847438290985146,-136.51480360007085,3,1
2012-09-07 12:05:02.120459+00:00,4.46,9.89,15.11,8249.088598449705,17.543451530225475,-138.35185970646836,5,1
2012-09-07 12:07:02.120459+00:00,3.78,8.44,12.9,9373.144366319772,17.908402937032292,-137.6219568928547,6,1
2012-09-07 12:10:02.120459+00:00,3.78,8.44,12.9,6329.876322817191,16.491919304026045,-140.45492415886724,6,1
2012-09-07 12:13:02.120459+00:00,3.78,8.44,12.9,2617.418076084017,15.076351274077012,-143.2860602187653,7,1
2012-09-07 12:16:02.120459+00:00,3.66,8.17,12.49,2389.985293764279,14.893417769144996,-143.65192722862935,6,1
2012-09-07 12:18:02.120459+00:00,3.61,8.05,12.32,6557.309105136929,16.674852808958065,-140.0890571490032,6,1
2012-09-07 12:23:02.120459+00:00,3.59,8.01,12.26,2497.475044001824,14.882620400478965,-143.67352196596138,7,1
2012-09-07 12:27:02.120459+00:00,3.59,8.01,12.26,2557.4465600429203,14.979485837277988,-143.47979109236334,6,1
2012-09-07 12:29:02.120459+00:00,3.87,8.63,13.19,3307.857671844239,15.51801089422388,-142.40274097847157,6,1
2012-09-07 12:33:02.120459+00:00,3.89,8.67,13.25,3998.297267604462,15.959670514370751,-141.5194217381778,7,1
2012-09-07 12:34:02.120459+00:00,3.89,8.67,13.25,3998.297267604462,15.959670514370751,-141.5194217381778,7,1
2012-09-07 12:38:02.120459+00:00,3.82,8.51,13.02,3247.886155803143,15.421145457424858,-142.5964718520696,8,1
2012-09-07 12:40:02.120459+00:00,3.8,8.48,12.96,3998.297267604462,15.959670514370751,-141.5194217381778,7,1
2012-09-07 12:42:02.120459+00:00,3.8,8.48,12.96,3998.297267604462,15.959670514370751,-141.5194217381778,7,1
2012-09-07 12:47:02.120459+00:00,3.64,8.13,12.43,6812.274687028472,16.961255254042275,-139.51625225883475,6,1
2012-09-07 12:48:02.120459+00:00,3.5,7.82,11.95,9626.25210645248,17.962839993713796,-137.51308277949173,5,1
2012-09-07 12:55:02.120459+00:00,3.39,7.57,11.58,10745.960526143166,18.20393418936254,-137.03089438819424,4,1
2012-09-07 13:01:02.120459+00:00,3.5,7.82,11.95,12106.485116912254,18.520346208032706,-136.3980703508539,3,1
2012-09-07 13:08:02.120459+00:00,3.55,7.93,12.14,14519.46962046951,18.79868236819367,-135.841398030532,3,1
2012-09-07 13:14:02.120459+00:00,3.57,7.97,12.2,14519.46962046951,18.79868236819367,-135.841398030532,3,1
2012-09-07 13:20:02.120459+00:00,3.85,8.59,13.13,22462.88642598834,19.61338450957814,-134.21199374776305,3,1
2012-09-07 13:26:02.120459+00:00,4.21,9.36,14.31,20773.96411840553,19.387698485269617,-134.66336579638008,3,1
2012-09-07 13:55:02.120459+00:00,3.55,7.93,12.14,8069.257311356471,17.369220747913122,-138.7003212710931,3,1
2012-09-07 14:01:02.120459+00:00,3.68,8.21,12.55,12578.017839153705,18.477426907855644,-136.48390895120804,3,1
2012-09-07 14:08:02.120459+00:00,3.61,8.05,12.32,12578.017839153705,18.477426907855644,-136.48390895120804,3,1
2012-09-07 14:14:02.120459+00:00,4.09,9.11,13.92,16224.364627569024,18.951241608366253,-135.5362795501868,4,1
2012-09-07 14:18:02.120459+00:00,4.09,9.11,13.92,16224.364627569024,18.951241608366253,-135.5362795501868,4,1
2012-09-07 14:23:02.120459+00:00,4.47,9.93,15.17,23861.034863274177,19.82819504247867,-133.782372681962,4,1
2012-09-07 14:28:02.120459+00:00,4.64,10.27,15.69,26445.3899658268,20.134256136519824,-133.17025049387968,4,1
2012-09-07 14:34:02.120459+00:00,4.75,10.51,16.05,25039.42162108958,20.037178496959175,-133.36440577300098,3,1
2012-09-07 15:05:02.120459+00:00,2.55,5.74,8.78,23102.167951903728,19.737490314530255,-133.96378213785883,3,1
2012-09-07 15:37:02.120459+00:00,2.14,4.83,7.39,43374.20072352225,21.565317772349516,-130.3081272222203,4,1
2012-09-07 15:41:02.120459+00:00,0.01,0.04,0.02,41932.04492267278,21.268682461410855,-130.9013978440976,4,1
2012-09-07 15:46:02.120459+00:00,0.01,0.01,0.02,44745.40941326196,21.28605475943229,-130.86665324805472,5,1
2012-09-07 15:50:02.120459+00:00,0.01,0.04,0.02,46077.46260890612,21.356071195442045,-130.7266203760352,4,1
2012-09-07 15:55:02.120459+00:00,0.01,0.01,0.02,47409.51580455028,21.4260876314518,-130.58658750401574,3,1
2012-09-08 12:09:02.127999+00:00,9.93,21.23,32.25,5470.629260497624,20.830204099629665,-129.23492025362197,28,2
2012-09-08 12:10:02.127999+00:00,16.85,35.05,40.0,5757.018387166691,21.02605227433458,-128.84322390421215,31,3
2012-09-08 12:11:02.127999+00:00,20.88,40.0,40.0,7395.041172215039,21.120073454296776,-128.65518154428776,34,2
2012-09-08 12:12:02.127999+00:00,23.41,40.0,40.0,7842.549792411499,21.16762380462786,-128.5600808436256,37,3
2012-09-08 12:13:02.127999+00:00,26.11,40.0,40.0,8361.007072675877,21.29229949354639,-128.31072946578854,40,3
2012-09-08 12:14:02.127999+00:00,0.8,1.81,2.78,8651.465225581425,21.334750122896185,-128.22582820708897,42,3
2012-09-08 12:15:02.127999+00:00,0.86,1.95,2.99,8651.465225581425,21.413302689504505,-128.06872307387232,46,3
2012-09-08 12:16:02.127999+00:00,1.03,2.32,3.56,9148.38420911866,21.445022501796466,-128.00528344928838,48,2
2012-09-08 12:17:02.127999+00:00,1.33,3.02,4.62,9148.38420911866,21.445022501796466,-128.00528344928838,50,2
2012-09-08 12:18:02.127999+00:00,1.45,3.27,5.01,9157.821165416077,21.38566462014079,-128.12399921259976,53,3
2012-09-08 12:19:02.127999+00:00,1.37,3.1,4.76,9389.486635414836,21.36411023766059,-128.16710797756014,54,3
2012-09-08 12:20:02.127999+00:00,1.12,2.54,3.89,9756.930440247808,21.445022501796466,-128.00528344928838,54,4
2012-09-08 12:21:02.127999+00:00,1.25,2.84,4.34,10722.25210988326,21.47844294611229,-127.93844256065674,54,2
2012-09-08 12:22:02.127999+00:00,1.29,2.93,4.49,11037.839037413303,21.521417467545422,-127.85249351779046,54,3
2012-09-08 12:23:02.127999+00:00,1.37,3.1,4.76,11318.71581710752,21.53505328759099,-127.82522187769936,53,3
2012-09-08 12:24:02.127999+00:00,26.47,40.0,40.0,11037.839037413303,21.521417467545422,-127.85249351779046,54,3
2012-09-08 12:25:02.127999+00:00,26.51,40.0,40.0,11555.221129684049,21.566526818534125,-127.76227481581309,52,3
2012-09-08 12:26:02.127999+00:00,1.45,3.27,5.01,11318.71581710752,21.53505328759099,-127.82522187769936,53,2
2012-09-08 12:27:02.127999+00:00,1.41,3.19,4.89,11555.221129684049,21.566526818534125,-127.76227481581309,52,2
2012-09-08 12:28:02.127999+00:00,1.45,3.27,5.01,11891.64335711432,21.59800034947726,-127.69932775392678,49,3
2012-09-08 12:29:02.127999+00:00,1.41,3.19,4.89,12057.54557532642,21.566526818534125,-127.76227481581309,46,2
2012-09-08 12:30:02.127999+00:00,1.45,3.27,5.01,11318.71581710752,21.399476481714533,-128.09637548945227,45,2
2012-09-08 12:31:02.127999+00:00,1.12,2.54,3.89,9157.821165416077,21.29500314262634,-128.30532216762865,43,3
2012-09-08 12:32:02.127999+00:00,12.08,25.54,38.74,7106.374384390858,21.168801768156676,-128.55772491656796,41,3
2012-09-08 12:33:02.127999+00:00,4.44,9.86,15.06,5515.602637650913,20.914383464666894,-129.0665615235475,39,2
2012-09-08 12:34:02.127999+00:00,4.7,10.41,15.9,4589.71731286379,20.69225397061429,-129.51082051165275,39,3
2012-09-08 12:35:02.127999+00:00,3.12,6.99,10.69,4471.696495349542,19.895328011592618,-131.10467242969608,35,2
2012-09-08 12:36:02.127999+00:00,25.98,40.0,40.0,4316.023938658347,19.445617716670142,-132.00409301954105,34,3
2012-09-08 12:39:02.127999+00:00,19.87,40.0,40.0,2594.696429358941,17.901765956729506,-135.0917965394223,33,1
2012-09-08 12:40:02.127999+00:00,20.2,40.0,40.0,2542.1179953176847,17.793410281754188,-135.30850788937295,31,1
2012-09-08 12:41:02.127999+00:00,7.98,17.25,26.25,2443.0570791108876,17.76788302780166,-135.359562397278,28,2
2012-09-08 12:42:02.127999+00:00,5.72,12.57,19.18,2431.057334217258,17.623484388993745,-135.64835967489384,25,1
2012-09-08 12:43:02.127999+00:00,5.54,12.19,18.6,2261.064003520222,17.383009839660115,-136.1293087735611,23,2
2012-09-08 12:45:02.127999+00:00,4.94,10.91,16.67,2004.7622143969215,16.62713524049554,-137.64105797189023,18,1
2012-09-08 12:46:02.127999+00:00,3.06,6.86,10.49,1835.059996923737,16.458620713326383,-137.97808702622856,15,1
2012-09-08 12:47:02.127999+00:00,3.02,6.77,10.36,1790.3026881210212,16.3548678661573,-138.18559272056672,14,3
2012-09-08 12:48:02.127999+00:00,2.9,6.5,9.95,1790.3026881210212,16.3548678661573,-138.18559272056672,14,1
2012-09-08 12:49:02.127999+00:00,3.06,6.86,10.49,1790.3026881210212,16.3548678661573,-138.18559272056672,14,1
2012-09-15 09:44:02.122010+00:00,7.21,15.66,23.86,3079.66442181297,15.46529948423886,-142.6961396536936,3,1
2012-09-15 09:49:02.122010+00:00,6.56,14.33,21.85,5553.3670982917165,16.47765270457098,-140.67143321302933,4,1
2012-09-15 09:54:02.122010+00:00,5.39,11.87,18.11,10502.766180341696,18.04254738738284,-137.54164384740562,4,1
2012-09-15 09:59:02.122010+00:00,4.34,9.65,14.74,10502.766180341696,18.04254738738284,-137.54164384740562,4,1
2012-09-15 10:03:02.122010+00:00,4.34,9.65,14.74,10502.766180341696,18.04254738738284,-137.54164384740562,4,1
2012-09-15 10:08:02.122010+00:00,3.99,8.89,13.59,10952.415693567487,18.284481647365013,-137.05777532744128,4,1
2012-09-15 10:13:02.122010+00:00,3.61,8.05,12.32,8137.096841721753,17.486610064362676,-138.65351849344597,3,1
2012-09-15 10:20:02.122010+00:00,2.79,6.27,9.6,8137.096841721753,17.973874444867448,-137.67898973243643,3,1
2012-09-15 10:26:02.122010+00:00,3.1,6.94,10.62,7843.695050995533,17.486610064362676,-138.65351849344597,3,1
2012-09-15 15:23:02.120780+00:00,27.63,40.0,40.0,1949.5075722745864,16.476701760384554,-134.78532307206268,3,1
2012-09-15 15:32:02.120780+00:00,24.33,40.0,40.0,2512.0907249308143,17.262256223048144,-133.2142141467355,5,1
2012-09-15 15:40:02.120780+00:00,7.31,15.88,24.19,2986.3100290028992,17.80195671688623,-132.13481315905932,4,2
2012-09-15 15:41:02.120780+00:00,7.34,15.94,24.28,2986.3100290028992,17.80195671688623,-132.13481315905932,4,1
2012-09-19 11:53:02.122170+00:00,6.67,14.55,22.17,2279.053553067761,14.704836666490168,-144.3416472820593,3,1
2012-09-19 12:07:02.120940+00:00,5.34,11.77,17.96,5050.839364952489,16.26142822216437,-140.68670226080872,4,1
2012-09-19 12:12:02.120940+00:00,5.34,11.77,17.96,5801.4995726279285,16.510396082528988,-140.18876654007948,3,1
2012-09-19 12:17:02.120940+00:00,5.29,11.67,17.82,6999.433056331393,17.02714159375339,-139.15527551763068,3,1
2012-09-19 12:22:02.120940+00:00,5.43,11.96,18.26,8435.866814501534,17.19003981353616,-138.82947907806513,3,1
2012-09-19 12:28:02.120940+00:00,5.48,12.06,18.41,10178.3305563885,17.54993317881709,-138.10969234750328,3,1
2012-09-19 12:34:02.120940+00:00,5.45,12.0,18.31,10178.3305563885,17.54993317881709,-138.10969234750328,3,1
2012-09-19 19:09:02.120940+00:00,7.69,16.66,25.36,2502.481707296217,14.957990867478216,-143.29357697018105,3,1
2012-09-19 19:14:02.120940+00:00,6.55,14.3,21.8,2685.0527146694976,15.1875497953719,-142.83445911439367,3,1
2012-09-19 19:21:02.120940+00:00,7.16,15.57,23.72,3055.375628527044,15.221917600609975,-142.7657235039175,3,1
2012-09-19 19:27:02.120940+00:00,7.31,15.88,24.19,2843.882460759839,15.412593994322403,-142.38437071649264,4,1
2012-09-19 19:32:02.120940+00:00,7.51,16.28,24.8,2913.191005304668,15.503728740707654,-142.20210122372214,3,1
2012-09-19 19:37:02.120940+00:00,8.05,17.4,26.48,2774.57391621501,15.321459247937154,-142.56664020926314,3,1
2012-09-19 19:44:02.120940+00:00,8.16,17.62,26.81,2177.115682500704,15.118278713532584,-142.9730012780723,3,1
2012-09-19 19:49:02.120940+00:00,8.13,17.56,26.72,2177.115682500704,15.118278713532584,-142.9730012780723,3,1
2012-09-19 19:56:02.120940+00:00,8.27,17.84,27.14,2494.394781959933,15.080958284530514,-143.04764213607643,3,1
2012-09-19 20:02:02.120940+00:00,8.01,17.31,26.34,2494.394781959933,15.080958284530514,-143.04764213607643,3,1
2012-09-19 20:08:02.120940+00:00,7.95,17.18,26.15,2031.072670277391,14.896211625755951,-143.41713545362555,3,1
2012-09-19 20:14:02.120940+00:00,7.99,17.28,26.29,1731.3388469631186,14.057579612236154,-145.09439948066515,3,1
2012-09-19 20:22:02.120940+00:00,8.14,17.59,26.76,1526.794456856043,13.998305496794313,-145.21294771154882,3,1
2012-09-22 17:03:02.123560+00:00,18.41,38.15,40.0,2076.8148288346397,15.465764843995949,-135.2799794352365,5,2
2012-09-22 17:12:02.123560+00:00,3.89,8.67,13.25,5578.656133201247,18.52217184777403,-129.16716542768037,27,2
2012-09-22 17:13:02.123560+00:00,4.19,9.33,14.25,6065.424769751366,19.789139711953496,-126.63322969932142,28,2
2012-09-22 17:14:02.123560+00:00,4.72,10.44,15.95,6065.424769751366,20.26282191376777,-125.68586529569288,30,1
2012-09-22 17:15:02.123560+00:00,3.33,7.45,11.4,6712.1709632043985,20.33141342299595,-125.54868227723648,33,2
2012-09-22 17:16:02.123560+00:00,11.16,23.7,35.96,7384.33481837943,20.56075090395277,-125.09000731532284,35,4
2012-09-22 17:17:02.123560+00:00,4.73,10.48,16.0,16509.232593965768,20.71554814968186,-124.78041282386468,38,2
2012-09-22 17:18:02.123560+00:00,3.82,8.51,13.02,20188.704167617096,21.13706625709628,-123.93737660903584,42,2
2012-09-22 17:19:02.123560+00:00,4.44,9.86,15.06,21065.582532480512,21.27344998053687,-123.66460916215463,44,3
2012-09-22 17:20:02.123560+00:00,4.34,9.65,14.74,23200.399189161104,21.41187272157968,-123.38776368006904,47,3
2012-09-22 17:21:02.123560+00:00,4.36,9.68,14.79,22175.245313663887,21.558540851856513,-123.09442741951536,48,2
2012-09-22 17:22:02.123560+00:00,4.36,9.68,14.79,23200.399189161104,21.749115441482843,-122.71327824026272,49,3
2012-09-22 17:23:02.123560+00:00,4.41,9.79,14.95,28381.689875424076,21.958764308807773,-122.29398050561284,49,2
2012-09-22 17:24:02.123560+00:00,4.42,9.82,15.01,26479.050512379097,21.853939875145308,-122.50362937293778,50,3
2012-09-22 17:25:02.123560+00:00,4.47,9.93,15.17,30512.388707578542,22.1122680561243,-121.9869730109798,50,3
2012-09-22 17:26:02.123560+00:00,4.55,10.1,15.43,32007.0136528812,22.15446963610472,-121.90256985101897,51,3
2012-09-22 17:27:02.123560+00:00,4.57,10.13,15.48,32007.0136528812,22.15446963610472,-121.90256985101897,51,3
2012-09-22 17:28:02.123560+00:00,4.55,10.1,15.43,32007.0136528812,22.15446963610472,-121.90256985101897,51,3
2012-09-22 17:29:02.123560+00:00,4.55,10.1,15.43,31172.84152485981,22.15446963610472,-121.90256985101897,51,2
2012-09-22 17:30:02.123560+00:00,4.67,10.34,15.79,29224.08573433316,22.17471817064432,-121.86207278193976,50,2
2012-09-22 17:31:02.123560+00:00,4.68,10.37,15.85,29224.08573433316,22.17471817064432,-121.86207278193976,50,2
2012-09-22 17:32:02.123560+00:00,4.62,10.24,15.64,29851.935890297285,22.19496670518392,-121.82157571286056,49,2
2012-09-22 17:33:02.123560+00:00,4.62,10.24,15.64,29224.08573433316,22.151567353797553,-121.90837441563328,50,2
2012-09-22 17:34:02.123560+00:00,4.6,10.2,15.59,28596.235578369036,22.108168002411187,-121.99517311840604,49,3
2012-09-22 17:35:02.123560+00:00,4.92,10.88,16.62,15674.980859044665,21.771253317480443,-122.66900248826752,48,3
2012-09-22 17:36:02.123560+00:00,21.07,40.0,40.0,12824.865721270064,21.360680420242673,-123.49014828274304,49,2
2012-09-22 17:37:02.123560+00:00,23.3,40.0,40.0,11408.975358532653,21.047997339893584,-124.11551444344124,46,3
2012-09-22 17:38:02.123560+00:00,6.73,14.67,22.36,7687.48352357184,19.861603962847663,-126.48830119753308,44,2
2012-09-22 17:39:02.123560+00:00,6.01,13.17,20.09,6828.869836228205,19.128437318933308,-127.95463448536178,44,3
2012-09-22 17:40:02.123560+00:00,7.19,15.63,23.81,6065.444942955496,18.582594331859465,-129.04632045950945,43,2
2012-09-22 17:41:02.123560+00:00,7.19,15.63,23.81,5860.060052658928,18.19798391253642,-129.81554129815555,44,2
2012-09-22 17:42:02.123560+00:00,8.05,17.4,26.48,5278.865067589105,17.719197642524797,-130.7731138381788,45,3
2012-09-22 17:43:02.123560+00:00,7.52,16.31,24.84,4855.432076412031,17.70127266829055,-130.8089637866473,43,1
2012-09-22 17:44:02.123560+00:00,7.81,16.9,25.73,4551.113567926463,17.35712505893147,-131.49725900536546,42,3
2012-09-22 17:45:02.123560+00:00,7.16,15.57,23.72,4170.360662652733,17.341687731634547,-131.5281336599593,39,2
2012-09-22 17:46:02.123560+00:00,6.65,14.52,22.13,4070.450611306131,17.229486988219293,-131.7525351467898,36,2
2012-09-22 17:47:02.123560+00:00,6.22,13.61,20.76,4018.0971737172176,17.051047334549448,-132.10941445412948,33,1
2012-09-22 17:48:02.123560+00:00,7.99,17.28,26.29,3591.861473481843,17.0369583192875,-132.1375924846534,32,3
2012-09-22 17:49:02.123560+00:00,9.89,21.13,32.1,2975.5136937866796,16.969521800842035,-132.27246552154435,29,1
2012-09-22 17:50:02.123560+00:00,9.92,21.2,32.2,2948.300112192271,16.826660884671515,-132.55818735388536,27,2
2012-09-22 17:51:02.123560+00:00,10.2,21.76,33.05,2948.300112192271,16.630036665186726,-132.95143579285497,25,3
2012-09-22 17:52:02.123560+00:00,9.89,21.13,32.1,2948.300112192271,16.826660884671515,-132.55818735388536,23,1
2012-09-22 17:54:02.123560+00:00,12.35,26.1,39.57,2870.2597634156427,16.40690827075592,-133.39769258171657,18,1
2012-09-22 17:57:02.123560+00:00,13.25,27.88,40.0,2825.8750874702787,17.131236157355257,-131.94903680851786,13,1
2012-09-23 22:55:02.121100+00:00,5.81,12.76,19.47,3953.5182218295727,15.70931472455248,-140.70849902314973,3,1
2012-09-23 23:01:02.121100+00:00,5.65,12.41,18.94,4103.34743113796,15.76845228403124,-140.5902239041922,3,1
2012-09-23 23:34:02.121100+00:00,5.11,11.28,17.22,5088.079237222733,16.090536368114726,-139.94605573602524,3,1
2012-09-23 23:42:02.121100+00:00,5.42,11.93,18.21,4070.586184652901,15.675756202582509,-140.7756160670897,4,1
2012-09-23 23:47:02.121100+00:00,5.72,12.57,19.18,3443.096215857038,15.449999626818313,-141.22712921861807,4,1
2012-09-23 23:51:02.121100+00:00,5.72,12.57,19.18,3443.096215857038,15.449999626818313,-141.22712921861807,4,1
2012-09-23 23:56:02.121100+00:00,5.66,12.45,18.99,3340.194724951332,15.4114920079356,-141.30414445638348,3,1
2012-09-25 00:38:02.127410+00:00,5.36,11.8,18.01,9583.080862195697,17.861319581739494,-138.4565871113809,4,1
2012-09-25 00:44:02.127410+00:00,4.72,10.44,15.95,11515.810587836006,18.246741728643833,-137.68574281757225,4,1
2012-09-25 00:47:02.127410+00:00,4.72,10.44,15.95,11515.810587836006,18.246741728643833,-137.68574281757225,4,1
2012-09-25 00:51:02.127410+00:00,4.23,9.4,14.36,11354.299909543884,18.24656179067138,-137.68610269351714,5,1
2012-09-25 00:57:02.127410+00:00,3.1,6.94,10.62,11354.299909543884,18.24656179067138,-137.68610269351714,5,1
2012-09-25 01:01:02.127410+00:00,2.9,6.5,9.95,10105.165346461928,17.855897195380834,-138.46743188409823,4,1
2012-09-25 01:06:02.127410+00:00,2.11,4.77,7.3,8005.874227595442,17.936602293947516,-138.30602168696487,4,1
2012-09-25 01:14:02.127410+00:00,0.58,1.31,2.01,15126.640800258709,18.795811269018788,-136.5876037368223,3,1
2012-09-25 01:22:02.127410+00:00,0.48,1.1,1.68,18094.634111191535,19.34369437902343,-135.49183751681304,3,1
2012-09-25 01:30:02.127410+00:00,0.92,2.08,3.19,21727.729830546683,19.593978958805856,-134.99126835724817,3,1
2012-09-25 01:36:02.127410+00:00,1.59,3.59,5.49,21727.729830546683,19.593978958805856,-134.99126835724817,3,1
2012-09-25 01:40:02.127410+00:00,1.59,3.59,5.49,12787.194930110203,19.48366102438974,-135.2119042260804,3,1
2012-09-25 01:46:02.127410+00:00,2.57,5.79,8.86,12787.194930110203,19.37034901619613,-135.4385282424676,3,1
2012-09-25 02:10:02.127410+00:00,4.98,11.01,16.82,7541.5104111052115,17.04268041504735,-140.0938654447652,3,1
2012-09-25 02:17:02.127410+00:00,5.65,12.41,18.94,4952.191683026645,16.34219205795534,-141.4948421589492,3,1
2012-09-25 02:22:02.127410+00:00,6.02,13.21,20.14,3555.225816948878,15.419502936229488,-143.34022040240092,3,1
2012-09-25 02:27:02.127410+00:00,6.02,13.21,20.14,3555.225816948878,15.419502936229488,-143.34022040240092,3,1
2012-09-28 19:25:02.128801+00:00,5.0,11.05,16.87,6280.46116218728,16.76203671399979,-139.31727809159938,3,1
2012-09-29 16:46:02.126341+00:00,7.03,15.29,23.3,2821.2885157899364,14.571781532257544,-138.2219638859679,3,1
2012-09-29 16:50:02.126341+00:00,7.0,15.23,23.21,3153.434495927379,14.906251611891443,-137.5530237267001,4,1
2012-09-29 16:54:02.126341+00:00,6.95,15.14,23.07,3153.434495927379,14.906251611891443,-137.5530237267001,4,1
2012-09-29 16:59:02.126341+00:00,6.26,13.71,20.9,3856.807021716181,15.211582507021678,-136.94236193643962,4,1
2012-09-29 17:08:02.126341+00:00,4.87,10.78,16.46,4228.03356736754,15.182443322518012,-137.00064030544698,3,1
2012-09-29 17:29:02.126341+00:00,4.68,10.37,15.85,3950.233289292211,15.178732597759044,-137.0080617549649,3,1
2012-09-29 17:32:02.126341+00:00,5.08,11.21,17.12,3950.233289292211,15.178732597759044,-137.0080617549649,3,1
2012-09-29 17:36:02.126341+00:00,5.09,11.25,17.17,3950.233289292211,15.178732597759044,-137.0080617549649,3,1
2012-09-30 11:34:02.125111+00:00,3.18,7.12,10.89,3071.229113529791,15.763503783063598,-134.7976370073464,3,1
2012-10-04 19:19:02.124041+00:00,5.0,11.05,16.87,4226.1648610138545,15.53493177949961,-139.34282482226092,3,1
2012-10-04 19:23:02.124041+00:00,4.55,10.1,15.43,4969.127394319214,15.689600818491476,-139.03348674427718,4,1
2012-10-04 19:27:02.124041+00:00,4.44,9.86,15.06,5153.0131303431435,15.844269857483342,-138.72414866629347,5,1
2012-10-04 19:32:02.124041+00:00,4.28,9.5,14.52,5153.0131303431435,15.844269857483342,-138.72414866629347,5,1
2012-10-04 19:35:02.124041+00:00,4.04,9.0,13.76,5712.089927624572,15.96174211921257,-138.489204142835,5,1
2012-10-04 19:40:02.124041+00:00,3.48,7.78,11.89,6023.890687584639,16.24097112004845,-137.93074614116324,5,1
2012-10-04 19:44:02.124041+00:00,3.31,7.41,11.33,5877.782121003122,16.229454421996557,-137.95377953726702,5,1
2012-10-04 19:47:02.124041+00:00,1.33,3.02,4.62,5410.570370812623,16.04415939104638,-138.32436959916737,6,1
2012-10-04 19:51:02.124041+00:00,0.58,1.31,2.01,5877.782121003122,16.229454421996557,-137.95377953726702,7,1
2012-10-04 19:55:02.124041+00:00,0.97,2.21,3.38,5410.570370812623,16.04415939104638,-138.32436959916737,8,1
2012-10-04 19:57:02.124041+00:00,0.92,2.08,3.19,5410.570370812623,16.04415939104638,-138.32436959916737,8,1
2012-10-04 20:00:02.124041+00:00,1.55,3.51,5.38,4943.358620622124,15.858864360096206,-138.69495966106774,9,1
2012-10-04 20:01:02.124041+00:00,1.95,4.41,6.75,4943.358620622124,15.858864360096206,-138.69495966106774,9,1
2012-10-04 20:04:02.124041+00:00,1.95,4.41,6.75,4872.627865788005,15.768813581609097,-138.87506121804194,10,1
2012-10-04 20:05:02.124041+00:00,1.92,4.34,6.65,4872.627865788005,15.768813581609097,-138.87506121804194,10,1
2012-10-04 20:08:02.124041+00:00,3.33,7.45,11.4,7811.800631966606,16.552475688548427,-137.3077370041633,9,1
2012-10-04 20:10:02.124041+00:00,2.46,5.53,8.47,10385.25877856621,17.480738207970468,-135.4512119653192,10,1
2012-10-04 20:12:02.124041+00:00,3.84,8.55,13.08,9648.443068600567,17.29339806254035,-135.82589225617943,9,1
2012-10-04 20:14:02.124041+00:00,3.71,8.29,12.67,17196.690754686246,18.489523344613755,-133.43364169203264,9,1
2012-10-04 20:16:02.124041+00:00,3.8,8.48,12.96,14722.326590962124,18.03583423983212,-134.3410199015959,8,1
2012-10-04 20:18:02.124041+00:00,4.11,9.14,13.98,12649.202838148289,17.91630457546663,-134.58007923032687,9,1
2012-10-04 20:20:02.124041+00:00,4.01,8.92,13.64,13293.572150160411,17.943773144379186,-134.52514209250177,8,1
2012-10-04 20:23:02.124041+00:00,3.85,8.59,13.13,12796.995410579297,17.91630457546663,-134.58007923032687,9,1
2012-10-04 20:27:02.124041+00:00,3.73,8.32,12.73,12723.09912436379,17.81583780142159,-134.78101277841697,8,1
2012-10-04 20:28:02.124041+00:00,3.73,8.32,12.73,12649.202838148289,17.715371027376552,-134.98194632650706,9,1
2012-10-04 20:32:02.124041+00:00,3.53,7.9,12.07,10469.45397631577,17.304358231379428,-135.8039719185013,8,1
2012-10-04 20:33:02.124041+00:00,3.53,7.9,12.07,7802.008476394501,16.797379447481283,-136.81792948629757,8,1
2012-10-04 20:37:02.124041+00:00,3.14,7.03,10.76,7802.008476394501,16.797379447481283,-136.81792948629757,8,1
2012-10-04 20:38:02.124041+00:00,3.14,7.03,10.76,7314.311838305751,16.701413459580262,-137.00986146209962,9,1
2012-10-04 20:41:02.124041+00:00,3.25,7.28,11.14,7314.311838305751,16.701413459580262,-137.00986146209962,9,1
2012-10-04 20:43:02.124041+00:00,3.12,6.99,10.69,7314.311838305751,16.527338159779774,-137.3580120617006,9,1
2012-10-04 20:44:02.124041+00:00,3.12,6.99,10.69,7314.311838305751,16.527338159779774,-137.3580120617006,9,1
2012-10-04 20:47:02.124041+00:00,2.68,6.03,9.23,8303.407778753204,16.92327330200652,-136.56614177724708,10,1
2012-10-04 20:49:02.124041+00:00,2.75,6.18,9.45,8317.110443023157,16.953201168630734,-136.50628604399867,9,1
2012-10-04 20:51:02.124041+00:00,2.75,6.18,9.45,8317.110443023157,16.953201168630734,-136.50628604399867,9,1
2012-10-04 20:53:02.124041+00:00,2.79,6.27,9.6,8317.110443023157,16.953201168630734,-136.50628604399867,9,1
2012-10-04 20:56:02.124041+00:00,2.81,6.32,9.67,8245.0519778124,16.952842042222265,-136.5070042968156,9,1
2012-10-04 20:57:02.124041+00:00,2.79,6.27,9.6,6963.986779376406,16.793243336267068,-136.826201708726,10,1
2012-10-04 21:00:02.124041+00:00,2.55,5.74,8.78,5682.921580940412,16.633644630311867,-137.1453991206364,9,1
2012-10-04 21:02:02.124041+00:00,2.46,5.53,8.47,5682.921580940412,16.952842042222265,-136.5070042968156,9,1
2012-10-04 21:04:02.124041+00:00,2.46,5.53,8.47,5197.032747277151,16.793243336267068,-136.826201708726,8,1
2012-10-04 21:06:02.124041+00:00,2.24,5.05,7.74,4413.644251215786,16.633644630311867,-137.1453991206364,9,1
2012-10-04 21:08:02.124041+00:00,2.77,6.22,9.52,4142.619338751165,16.517713231850674,-137.3772619175588,8,1
2012-10-04 21:11:02.124041+00:00,2.57,5.79,8.86,4250.811068261103,16.40178183338948,-137.6091247144812,9,1
2012-10-04 21:14:02.124041+00:00,2.57,5.79,8.86,4250.811068261103,16.40178183338948,-137.6091247144812,9,1
2012-10-04 21:16:02.124041+00:00,1.12,2.54,3.89,3871.5944262865423,16.457426109339885,-137.49783616258037,9,1
2012-10-04 21:19:02.124041+00:00,1.33,3.02,4.62,3564.875219721396,16.969217330533926,-136.47425372019228,8,1
2012-10-04 21:20:02.124041+00:00,2.39,5.38,8.23,3871.5944262865423,16.808733169760874,-136.7952220417384,9,1
2012-10-04 21:23:02.124041+00:00,2.44,5.48,8.39,4250.811068261103,16.808733169760874,-136.7952220417384,9,1
2012-10-04 21:25:02.124041+00:00,2.11,4.77,7.3,4553.800174200578,16.808733169760874,-136.7952220417384,9,1
2012-10-04 21:28:02.124041+00:00,2.37,5.33,8.15,4744.344656924,17.269404767474438,-135.87387884631127,9,1
2012-10-04 21:29:02.124041+00:00,2.53,5.69,8.71,4649.072415562289,16.86341543840716,-136.68585750444583,10,1
2012-10-04 21:32:02.124041+00:00,2.71,6.08,9.31,5221.340730356863,17.58349364405612,-135.24570109314791,9,1
2012-10-04 21:35:02.124041+00:00,3.46,7.74,11.83,5221.340730356863,17.58349364405612,-135.24570109314791,9,1
2012-10-04 21:36:02.124041+00:00,3.46,7.74,11.83,5221.340730356863,17.58349364405612,-135.24570109314791,9,1
2012-10-04 21:39:02.124041+00:00,3.68,8.21,12.55,6182.596654274782,17.58349364405612,-135.24570109314791,9,1
2012-10-04 21:41:02.124041+00:00,3.61,8.05,12.32,5221.340730356863,17.58349364405612,-135.24570109314791,9,1
2012-10-04 21:43:02.124041+00:00,3.68,8.21,12.55,5221.340730356863,16.193509853796588,-138.02566867366696,9,1
2012-10-04 21:44:02.124041+00:00,3.68,8.21,12.55,5221.340730356863,16.193509853796588,-138.02566867366696,9,1
2012-10-04 21:47:02.124041+00:00,3.68,8.21,12.55,5135.991088407992,16.193509853796588,-138.02566867366696,9,1
2012-10-04 21:51:02.124041+00:00,3.82,8.51,13.02,5135.991088407992,16.193509853796588,-138.02566867366696,9,1
2012-10-04 21:53:02.124041+00:00,3.99,8.89,13.59,5135.991088407992,16.193509853796588,-138.02566867366696,9,1
2012-10-04 21:55:02.124041+00:00,4.21,9.36,14.31,5135.991088407992,16.193509853796588,-138.02566867366696,7,1
2012-10-04 21:57:02.124041+00:00,4.47,9.93,15.17,7732.871424833949,16.972774476531615,-136.4671394281969,8,1
2012-10-04 21:59:02.124041+00:00,4.52,10.03,15.32,5135.991088407992,16.193509853796588,-138.02566867366696,7,1
2012-10-04 22:01:02.124041+00:00,4.86,10.75,16.41,11919.251119192311,17.752039099266643,-134.90861018272685,7,1
2012-10-04 22:05:02.124041+00:00,5.15,11.38,17.37,11962.075069794744,17.770219088758303,-134.87225020374353,6,1
2012-10-04 22:10:02.124041+00:00,5.39,11.87,18.11,11919.251119192311,17.788399078249967,-134.83589022476022,5,1
2012-10-04 22:14:02.124041+00:00,5.49,12.09,18.45,8714.29812428439,16.832089949245272,-136.7485084827696,5,1
2012-10-04 22:19:02.124041+00:00,5.62,12.35,18.84,5830.204495362924,16.022278550766874,-138.3681312797264,5,1
2012-10-04 22:22:02.124041+00:00,5.78,12.7,19.38,4942.0278987144675,15.723619435370482,-138.9654495105192,4,1
2012-10-04 22:28:02.124041+00:00,6.19,13.55,20.67,2281.494775532287,14.109484419377754,-142.19371954250465,5,1
2012-10-04 22:33:02.124041+00:00,4.55,10.1,15.43,2043.0256881107523,14.100332004762508,-142.21202437173514,5,1
2012-10-04 22:34:02.124041+00:00,4.6,10.2,15.59,2043.0256881107523,14.100332004762508,-142.21202437173514,5,1
2012-10-04 22:39:02.124041+00:00,4.04,9.0,13.76,1878.0812648252136,13.838893003561344,-142.73490237413745,5,1
2012-10-04 22:43:02.124041+00:00,3.89,8.67,13.25,2043.0256881107523,14.109484419377754,-142.19371954250465,5,1
2012-10-04 22:47:02.124041+00:00,3.31,7.41,11.33,2043.0256881107523,14.321917160259224,-141.76885406074172,5,1
2012-10-04 22:51:02.124041+00:00,3.14,7.03,10.76,2184.4512581526615,14.633795980453453,-141.14509642035324,5,1
2012-10-04 22:55:02.124041+00:00,2.27,5.11,7.82,2184.4512581526615,14.633795980453453,-141.14509642035324,5,1
2012-10-04 22:58:02.124041+00:00,2.22,5.0,7.65,2959.1196797904936,15.08027263979062,-140.2521431016789,5,1
2012-10-04 23:02:02.124041+00:00,2.55,5.74,8.78,3239.726144316271,15.260543000111673,-139.89160238103682,5,1
2012-10-04 23:06:02.124041+00:00,2.53,5.69,8.71,2712.0887012344665,15.218152071764976,-139.9763842377302,4,1
2012-10-04 23:09:02.124041+00:00,2.48,5.59,8.55,5283.654339043753,16.163661750368906,-138.08536488052232,4,1
2012-10-04 23:30:02.124041+00:00,0.01,0.04,0.02,3785.508751081799,16.509587080359964,-137.39351422054025,3,1
2012-10-04 23:35:02.124041+00:00,0.01,0.04,0.02,3785.508751081799,16.509587080359964,-137.39351422054025,3,1
2012-10-04 23:39:02.124041+00:00,0.58,1.31,2.01,4453.214545793321,16.676369303968073,-137.059949773324,4,1
2012-10-05 00:27:02.122811+00:00,3.62,8.09,12.37,1740.035710276015,13.886668763399268,-143.8458222259822,4,1
2012-10-05 00:29:02.122811+00:00,3.61,8.05,12.32,1740.035710276015,13.886668763399268,-143.8458222259822,4,1
2012-10-05 00:31:02.122811+00:00,4.46,9.89,15.11,1846.1268964955664,14.06961391390957,-143.47993192496162,5,1
2012-10-05 00:35:02.122811+00:00,4.57,10.13,15.48,1846.1268964955664,14.06961391390957,-143.47993192496162,5,1
2012-10-05 00:39:02.122811+00:00,4.94,10.91,16.67,1996.744798595136,14.141168300444525,-143.3368231518917,4,1
2012-10-06 05:56:02.120351+00:00,6.47,14.15,21.56,2776.5928942289797,14.979525635467756,-141.81062186880578,3,1
2012-10-06 06:02:02.120351+00:00,4.62,10.24,15.64,5742.061225421699,16.435064538492085,-138.89954406275714,4,1
2012-10-06 06:06:02.120351+00:00,4.54,10.06,15.38,6699.905261002538,16.719859625415904,-138.3299538889095,3,1
2012-10-06 06:12:02.120351+00:00,4.51,10.0,15.27,6699.905261002538,16.719859625415904,-138.3299538889095,3,1
2012-10-06 06:18:02.120351+00:00,4.26,9.47,14.47,6154.012167352091,16.801113283667227,-138.16744657240687,3,1
2012-10-06 06:24:02.120351+00:00,2.55,5.74,8.78,5723.792720229796,16.6118777072015,-138.5459177253383,4,1
2012-10-06 06:28:02.120351+00:00,2.55,5.74,8.78,5723.792720229796,16.6118777072015,-138.5459177253383,4,1
2012-10-06 06:32:02.120351+00:00,1.25,2.84,4.34,8988.866025084915,17.59040640575915,-136.588860328223,4,1
2012-10-06 06:39:02.120351+00:00,0.66,1.5,2.3,11823.71988281774,18.379699527851074,-135.01027408403917,3,1
2012-10-06 06:45:02.120351+00:00,0.01,0.04,0.02,11823.71988281774,18.379699527851074,-135.01027408403917,3,1
2012-10-06 06:53:02.120351+00:00,1.37,3.1,4.76,7804.19675542407,18.123170003298984,-135.52333313314335,3,1
2012-10-06 06:58:02.120351+00:00,2.32,5.22,7.99,7568.557580654898,17.11418431224073,-137.54130451525987,4,1
2012-10-06 07:04:02.120351+00:00,2.44,5.48,8.39,4509.301221678552,16.109009815154216,-139.5516535094329,4,1
2012-10-06 07:08:02.120351+00:00,2.96,6.64,10.15,5357.558923958159,16.38026974173257,-139.0091336562762,5,1
2012-10-06 07:11:02.120351+00:00,2.98,6.68,10.22,6669.886157873626,16.98519031756107,-137.79929250461916,5,1
2012-10-06 07:16:02.120351+00:00,4.39,9.75,14.9,5357.558923958159,16.38026974173257,-139.0091336562762,5,1
2012-10-06 07:20:02.120351+00:00,4.68,10.37,15.85,5284.58523158011,16.411470103068467,-138.94673293360438,4,1
2012-10-06 07:24:02.120351+00:00,5.25,11.57,17.67,6669.886157873626,16.98519031756107,-137.79929250461916,3,1
2012-10-06 17:52:02.129121+00:00,4.78,10.58,16.16,4436.982186316496,19.64409108179088,-129.64741497031463,26,2
2012-10-06 17:53:02.129121+00:00,5.14,11.34,17.32,4866.6098875635935,19.736098905008333,-129.46339932387974,29,3
2012-10-06 17:54:02.129121+00:00,5.05,11.15,17.02,6089.711746411709,20.21509504725007,-128.50540703939623,32,2
2012-10-06 17:55:02.129121+00:00,5.0,11.05,16.87,6409.547344875637,20.82992976647385,-127.2757376009487,35,2
2012-10-06 17:56:02.129121+00:00,5.01,11.08,16.92,6509.3248768608155,20.54706042471042,-127.84147628447556,38,3
2012-10-06 17:57:02.129121+00:00,4.98,11.01,16.82,6509.3248768608155,20.54706042471042,-127.84147628447556,40,2
2012-10-06 17:58:02.129121+00:00,5.01,11.08,16.92,6609.1024088459935,20.55210652400963,-127.83138408587712,43,3
2012-10-06 17:59:02.129121+00:00,5.01,11.08,16.92,6716.5873670790925,20.408148803478312,-128.11929952693976,44,3
2012-10-06 18:00:02.129121+00:00,5.03,11.11,16.97,6716.5873670790925,20.642078568895226,-127.65143999610596,46,3
2012-10-06 18:01:02.129121+00:00,5.05,11.15,17.02,7143.214821694652,20.74269054245768,-127.45021604898103,48,2
2012-10-06 18:02:02.129121+00:00,5.03,11.11,16.97,6716.5873670790925,20.642078568895226,-127.65143999610596,50,2
2012-10-06 18:03:02.129121+00:00,5.03,11.11,16.97,6716.5873670790925,20.642078568895226,-127.65143999610596,50,4
2012-10-06 18:04:02.129121+00:00,5.01,11.08,16.92,7143.214821694652,20.74269054245768,-127.45021604898103,48,3
2012-10-06 18:05:02.129121+00:00,5.05,11.15,17.02,7663.895177191012,20.791630118804196,-127.352336896288,46,2
2012-10-06 18:06:02.129121+00:00,5.05,11.15,17.02,8307.49944445172,21.011302805634426,-126.91299152262756,43,3
2012-10-06 18:07:02.129121+00:00,5.06,11.18,17.07,8496.052629648573,21.08215813202556,-126.77128086984528,41,2
2012-10-06 18:08:02.129121+00:00,5.06,11.18,17.07,8653.88060254573,21.099406780887264,-126.73678357212188,40,2
2012-10-06 18:09:02.129121+00:00,5.11,11.28,17.22,8811.70857544289,21.116655429748967,-126.70228627439846,37,2
2012-10-06 18:10:02.129121+00:00,5.36,11.8,18.01,8653.88060254573,21.099406780887264,-126.73678357212188,34,2
2012-10-06 18:11:02.129121+00:00,5.78,12.7,19.38,8307.49944445172,20.82992976647385,-127.2757376009487,31,3
2012-10-06 18:12:02.129121+00:00,5.63,12.38,18.89,7865.433036304911,20.753330471134547,-127.4289361916273,29,2
2012-10-06 18:13:02.129121+00:00,1.62,3.66,5.61,7143.214821694652,20.642078568895226,-127.65143999610596,26,1
2012-10-06 18:14:02.129121+00:00,7.4,16.07,24.47,5918.525471979765,20.131091561258128,-128.67341401138015,23,1
2012-10-06 18:18:02.129121+00:00,16.16,33.68,40.0,5360.46574449184,20.00188314876578,-128.93183083636484,12,1
2012-10-09 01:25:02.122972+00:00,7.96,17.21,26.2,2997.2548741388405,14.72864963488433,-141.885666384287,3,1
2012-10-09 01:31:02.122972+00:00,7.63,16.53,25.17,4236.820863421558,15.367209745218435,-140.60854616361877,3,1
2012-10-09 01:37:02.122972+00:00,7.69,16.66,25.36,4373.707152869622,15.697727997465735,-139.94750965912417,3,1
2012-10-09 02:04:02.122972+00:00,6.28,13.74,20.95,9721.865059327713,17.646017026508883,-136.05093160103786,3,1
2012-10-09 02:30:02.122972+00:00,4.59,10.17,15.53,10240.507208421372,17.36934464213574,-136.60427636978417,3,1
2012-10-09 02:37:02.122972+00:00,4.21,9.36,14.31,7263.120706016528,16.588167121902902,-138.16663141024983,3,1
2012-10-09 02:44:02.122972+00:00,4.09,9.11,13.92,7263.120706016528,16.588167121902902,-138.16663141024983,3,1
2012-10-09 02:51:02.122972+00:00,3.29,7.37,11.27,7278.707459592444,16.775428625909914,-137.7921084022358,3,1
2012-10-09 02:56:02.122972+00:00,3.37,7.53,11.52,11444.13060018954,17.633863786479825,-136.07523808109596,3,1
2012-10-09 03:02:02.122972+00:00,3.48,7.78,11.89,16757.97034375066,18.719373848241563,-133.9042179575725,3,1
2012-10-09 03:08:02.122972+00:00,2.53,5.69,8.71,17207.159665676467,18.719373848241563,-133.9042179575725,3,1
2012-10-09 03:14:02.122972+00:00,3.22,7.2,11.02,16757.97034375066,18.637213959661494,-134.06853773473264,3,1
2012-10-09 03:20:02.122972+00:00,3.23,7.24,11.08,17126.72601567238,18.594661206210898,-134.15364324163386,3,1
2012-10-09 03:27:02.122972+00:00,3.55,7.93,12.14,16465.44366212153,18.594661206210898,-134.15364324163386,3,1
2012-10-09 03:33:02.122972+00:00,3.25,7.28,11.14,10521.94832420754,17.503390538938735,-136.33618457617817,3,1
2012-10-09 03:40:02.122972+00:00,3.25,7.28,11.14,6723.154889984798,16.479060711097134,-138.3848442318614,4,1
2012-10-09 03:45:02.122972+00:00,2.75,6.18,9.45,6515.5359958443505,16.418157625849638,-138.50665040235637,3,1
2012-10-09 03:50:02.122972+00:00,4.19,9.33,14.25,6515.5359958443505,16.539963796344633,-138.2630380613664,3,1
2012-10-09 03:56:02.122972+00:00,4.09,9.11,13.92,7798.595227352964,17.424661615070622,-136.4936424239144,4,1
2012-10-09 04:01:02.122972+00:00,4.19,9.33,14.25,9652.447777758323,17.467115355336084,-136.40873494338348,4,1
2012-10-09 04:06:02.122972+00:00,4.13,9.18,14.03,10458.803391156862,17.43066209901174,-136.48164145603215,3,1
2012-10-09 04:10:02.122972+00:00,4.18,9.29,14.2,11758.218216957026,17.702569946993087,-135.93782576006947,4,1
2012-10-09 04:17:02.122972+00:00,4.52,10.03,15.32,15266.157185185468,18.443263419776493,-134.45643881450266,4,1
2012-10-09 04:22:02.122972+00:00,4.6,10.2,15.59,17347.205176101474,18.66862692167463,-134.00571181070637,3,1
2012-10-09 04:26:02.122972+00:00,4.7,10.41,15.9,15202.419109429333,18.3594833913532,-134.62399887134924,4,1
2012-10-09 04:32:02.122972+00:00,4.84,10.71,16.36,12569.064139802604,18.17586070025052,-134.99124425355458,3,1
2012-10-09 04:40:02.122972+00:00,4.97,10.98,16.77,12310.548621059424,18.05033986103177,-135.24228593199211,3,1
2012-10-09 04:47:02.122972+00:00,4.94,10.91,16.67,9674.399419863916,17.475777516945424,-136.3914106201648,3,1
2012-10-09 04:53:02.122972+00:00,5.34,11.77,17.96,7818.0832402743,16.94491804771602,-137.4531295586236,3,1
2012-10-09 04:58:02.122972+00:00,5.63,12.38,18.89,6631.777106213614,16.424007416202578,-138.4949508216505,3,1
2012-10-09 05:05:02.122972+00:00,5.77,12.67,19.33,4870.78587790544,15.475159653768804,-140.39264634651803,3,1
2012-10-09 05:11:02.122972+00:00,6.92,15.08,22.97,2965.43658396155,14.545140428153406,-142.25268479774883,3,1
2012-10-09 05:17:02.122972+00:00,7.21,15.66,23.86,1902.773185043265,13.852168047083715,-143.6386295598882,3,1
2012-10-10 12:17:02.129282+00:00,6.32,13.83,21.09,2194.514785185948,13.535593341105496,-141.44683959834356,4,1
2012-10-10 12:19:02.129282+00:00,6.32,13.83,21.09,2194.514785185948,13.535593341105496,-141.44683959834356,4,1
2012-10-10 12:23:02.129282+00:00,6.11,13.39,20.43,2384.897917354625,13.882157732689006,-140.75371081517656,6,1
2012-10-10 12:27:02.129282+00:00,5.99,13.14,20.05,2545.6798053131165,13.882157732689006,-140.75371081517656,6,1
2012-10-10 12:29:02.129282+00:00,5.84,12.83,19.57,2663.1335821895304,13.926744469144989,-140.6645373422646,7,1
2012-10-10 12:32:02.129282+00:00,5.6,12.32,18.8,2750.3183017754795,14.217837031815396,-140.0823522169238,7,1
2012-10-10 12:35:02.129282+00:00,4.94,10.91,16.67,3066.904220740407,14.560717486624773,-139.39659130730502,7,1
2012-10-10 12:38:02.129282+00:00,4.92,10.88,16.62,2960.784899531558,14.389277259220083,-139.73947176211442,6,1
2012-10-10 12:42:02.129282+00:00,4.59,10.17,15.53,3513.545201661968,14.560717486624773,-139.39659130730502,7,1
2012-10-10 12:44:02.129282+00:00,4.39,9.75,14.9,3647.779743110849,14.796529628738458,-138.92496702307767,6,1
2012-10-10 12:48:02.129282+00:00,4.04,9.0,13.76,3782.0142845597297,15.032341770852144,-138.4533427388503,5,1
2012-10-10 12:52:02.129282+00:00,3.61,8.05,12.32,4078.9139588318712,15.060841897388704,-138.39634248577715,6,1
2012-10-10 12:54:02.129282+00:00,3.61,8.05,12.32,4078.9139588318712,15.060841897388704,-138.39634248577715,6,1
2012-10-10 12:58:02.129282+00:00,2.03,4.59,7.03,4078.9139588318712,15.060841897388704,-138.39634248577715,6,1
2012-10-10 13:01:02.129282+00:00,1.65,3.73,5.72,4467.61450957789,15.251843334653504,-138.01433961124758,6,1
2012-10-10 13:05:02.129282+00:00,1.29,2.93,4.49,12891.42784695094,17.760616598050376,-132.99679308445383,5,1
2012-10-10 13:09:02.129282+00:00,1.62,3.66,5.61,12891.42784695094,17.760616598050376,-132.99679308445383,5,1
2012-10-10 13:12:02.129282+00:00,1.68,3.81,5.83,12891.42784695094,17.760616598050376,-132.99679308445383,5,1
2012-10-10 13:16:02.129282+00:00,1.81,4.08,6.25,12891.42784695094,17.760616598050376,-132.99679308445383,5,1
2012-10-10 13:19:02.129282+00:00,1.68,3.81,5.83,14030.580925279326,17.8666077358419,-132.78481080887076,6,1
2012-10-10 13:23:02.129282+00:00,1.52,3.43,5.26,12386.860140963652,17.253745555601423,-134.01053516935173,5,1
2012-10-10 13:28:02.129282+00:00,0.97,2.21,3.38,12386.860140963652,17.253745555601423,-134.01053516935173,5,1
2012-10-10 13:31:02.129282+00:00,0.18,0.41,0.61,8660.67622860386,17.173237616247523,-134.17155104805954,5,1
2012-10-10 13:36:02.129282+00:00,0.73,1.66,2.55,6375.766312119794,16.499555485183016,-135.51891531018856,5,1
2012-10-10 13:40:02.129282+00:00,0.02,0.04,0.09,5100.758631114585,16.373927145066254,-135.77017199042209,4,1
2012-10-10 13:45:02.129282+00:00,2.01,4.53,6.94,5100.758631114585,16.373927145066254,-135.77017199042209,4,1
2012-10-10 13:51:02.129282+00:00,2.27,5.11,7.82,7395.0301218406275,16.549420292367948,-135.41918569581867,4,1
2012-10-10 13:55:02.129282+00:00,2.29,5.16,7.91,7462.630109149434,16.833916807105073,-134.85019266634444,5,1
2012-10-10 13:59:02.129282+00:00,2.29,5.16,7.91,8891.00071977585,16.84802857370595,-134.8219691331427,5,1
2012-10-10 14:04:02.129282+00:00,2.17,4.88,7.48,9224.015842036384,16.854594413717855,-134.80883745311888,4,1
2012-10-10 14:08:02.129282+00:00,2.14,4.83,7.39,8109.215427153835,16.54236440906751,-135.43329746241955,4,1
2012-10-10 14:15:02.129282+00:00,3.57,7.97,12.2,4726.549650648365,15.370511459083284,-137.77700336238803,4,1
2012-10-10 14:19:02.129282+00:00,3.87,8.63,13.19,3851.54475681202,14.963890544618362,-138.59024519131785,4,1
2012-10-10 14:24:02.129282+00:00,3.87,8.63,13.19,3851.54475681202,14.963890544618362,-138.59024519131785,4,1
2012-10-10 14:29:02.129282+00:00,3.96,8.81,13.47,2601.181308650692,14.336427969947328,-139.84517034065993,4,1
2012-10-10 14:34:02.129282+00:00,4.03,8.96,13.7,2376.3785042998356,14.28949602908828,-139.93903422237804,4,1
2012-10-10 14:40:02.129282+00:00,3.92,8.74,13.36,4698.034449835799,15.36496137291876,-137.78810353471707,4,1
2012-10-10 14:45:02.129282+00:00,4.23,9.4,14.36,5965.615576873211,16.043798907267494,-136.43042846601958,4,1
2012-10-10 14:49:02.129282+00:00,4.28,9.5,14.52,5392.195696034957,15.949127790721764,-136.61977069911106,5,1
2012-10-10 14:53:02.129282+00:00,4.97,10.98,16.77,6123.275043655186,16.05100833008651,-136.41600962038157,5,1
2012-10-10 14:57:02.129282+00:00,5.34,11.77,17.96,5757.735369845072,16.000068060404136,-136.51789015974632,4,1
2012-10-10 15:02:02.129282+00:00,5.63,12.38,18.89,5392.195696034957,16.05100833008651,-136.41600962038157,5,1
2012-10-10 15:07:02.129282+00:00,5.81,12.76,19.47,5328.00991021249,15.550360263326905,-137.41730575390076,5,1
2012-10-10 15:11:02.129282+00:00,5.9,12.95,19.76,5232.376431689946,15.883952914459408,-136.75012045163578,5,1
2012-10-10 15:15:02.129282+00:00,6.26,13.71,20.9,4617.201961413586,15.395100515264923,-137.72782525002472,5,1
2012-10-10 15:19:02.129282+00:00,6.64,14.49,22.08,4487.347964287299,15.357013097801053,-137.80400008495246,5,1
2012-10-10 15:23:02.129282+00:00,6.91,15.05,22.92,4361.509992531558,15.288487429593305,-137.94105142136797,5,1
2012-10-10 15:27:02.129282+00:00,7.76,16.81,25.59,3560.6538467877485,15.148696395976495,-138.22063348860158,5,1
2012-10-10 15:31:02.129282+00:00,7.36,15.97,24.33,3527.462223088301,14.946979164207557,-138.62406795213946,5,1
2012-10-10 15:35:02.129282+00:00,7.19,15.63,23.81,3189.745076462611,14.886478910625357,-138.74506845930387,4,1
2012-10-10 15:40:02.129282+00:00,7.31,15.88,24.19,2893.958155999976,14.761850407556851,-138.99432546544085,4,1
2012-10-10 15:47:02.129282+00:00,7.64,16.56,25.22,2794.4920567433674,14.16106926566172,-140.19588774923113,3,1
2012-10-11 02:38:02.128052+00:00,7.18,15.6,23.77,3023.7290097615873,14.720275033900464,-143.55424694532505,3,1
2012-10-11 02:42:02.128052+00:00,7.19,15.63,23.81,3023.7290097615873,14.720275033900464,-143.55424694532505,3,1
2012-10-11 02:48:02.128052+00:00,6.56,14.33,21.85,3884.4209329813066,15.51366958307822,-141.96745784696952,5,1
2012-10-11 02:52:02.128052+00:00,6.49,14.18,21.61,5179.981625688769,15.986705602269494,-141.02138580858698,5,1
2012-10-11 02:55:02.128052+00:00,6.47,14.15,21.56,5197.8890336073855,16.073068548390733,-140.8486599163445,4,1
2012-10-11 03:00:02.128052+00:00,6.19,13.55,20.67,5603.493766700508,16.18600748754844,-140.62278203802907,5,1
2012-10-11 03:05:02.128052+00:00,5.99,13.14,20.05,5703.615896843073,16.190091686304584,-140.6146136405168,5,1
2012-10-11 03:09:02.128052+00:00,5.86,12.86,19.62,6836.438884308902,16.59559576306695,-139.80360548699207,5,1
2012-10-11 03:14:02.128052+00:00,5.77,12.67,19.33,6836.438884308902,16.59559576306695,-139.80360548699207,5,1
2012-10-11 03:18:02.128052+00:00,5.71,12.54,19.13,6836.438884308902,16.59559576306695,-139.80360548699207,5,1
2012-10-11 03:21:02.128052+00:00,5.72,12.57,19.18,6836.438884308902,16.744908719693832,-139.5049795737383,5,1
2012-10-11 03:24:02.128052+00:00,5.66,12.45,18.99,7047.519455056727,16.872468398418658,-139.24986021628865,5,1
2012-10-11 03:29:02.128052+00:00,5.62,12.35,18.84,6878.5342401579255,16.808688559056243,-139.37741989501347,4,1
2012-10-11 03:34:02.128052+00:00,5.69,12.51,19.09,7427.377283943777,16.893274141552318,-139.20824873002132,4,1
2012-10-11 03:40:02.128052+00:00,5.74,12.6,19.23,7807.235112830826,16.91407988468598,-139.166637243754,3,1
2012-10-11 03:48:02.128052+00:00,5.71,12.54,19.13,6972.895396341804,16.848735551028152,-139.29732591106966,4,1
2012-10-11 03:53:02.128052+00:00,5.74,12.6,19.23,6972.895396341804,16.848735551028152,-139.29732591106966,4,1
2012-10-11 03:58:02.128052+00:00,6.07,13.3,20.28,6833.886022886574,16.848735551028152,-139.29732591106966,4,1
2012-10-11 04:02:02.128052+00:00,5.86,12.86,19.62,6833.886022886574,16.848735551028152,-139.29732591106966,4,1
2012-10-11 04:06:02.128052+00:00,6.04,13.24,20.19,6806.632534729957,16.605569424115345,-139.7836581648953,4,1
2012-10-11 04:12:02.128052+00:00,6.17,13.52,20.62,4024.641716774501,15.651494720047994,-141.69180757302996,4,1
2012-10-11 04:17:02.128052+00:00,6.5,14.21,21.66,3265.9912389061033,15.342287548768043,-142.3102219155899,3,1
2012-10-11 04:20:02.128052+00:00,6.46,14.11,21.52,2801.198247695801,15.046145650657875,-142.90250571181022,4,1
2012-10-12 15:36:02.124362+00:00,6.53,14.27,21.75,4176.741223023915,15.448817024979393,-138.59137026992255,3,1
2012-10-12 15:41:02.124362+00:00,6.23,13.65,20.81,5508.039130836755,16.127612060818198,-137.23378019824492,3,1
2012-10-12 15:47:02.124362+00:00,5.36,11.8,18.01,6280.950179986597,16.214737846632417,-137.0595286266165,3,1
2012-10-12 15:54:02.124362+00:00,5.23,11.54,17.62,7182.438105633311,16.417066599038247,-136.65487112180483,3,1
2012-10-12 16:00:02.124362+00:00,5.15,11.38,17.37,7182.438105633311,16.417066599038247,-136.65487112180483,3,1
2012-10-12 16:05:02.124362+00:00,4.65,10.31,15.74,5913.9852112873405,16.00713866044392,-137.47472699899348,3,1
2012-10-12 16:11:02.124362+00:00,3.59,8.01,12.26,5913.9852112873405,16.00713866044392,-137.47472699899348,3,1
2012-10-12 16:15:02.124362+00:00,3.44,7.7,11.77,6189.103603196663,16.226321210319597,-137.03636189924214,4,1
2012-10-12 16:23:02.124362+00:00,2.85,6.41,9.81,7297.819078225046,16.561486793464233,-136.36603073295285,3,1
2012-10-12 16:29:02.124362+00:00,2.11,4.77,7.3,8384.468353138029,16.817199531036447,-135.85460525780843,3,1
2012-10-12 16:37:02.124362+00:00,1.72,3.88,5.94,10174.72795059572,17.17329601778627,-135.1424122843088,4,1
2012-10-12 16:42:02.124362+00:00,1.52,3.43,5.26,12399.942221993602,17.682373944657698,-134.12425643056594,4,1
2012-10-12 16:46:02.124362+00:00,1.68,3.81,5.83,13464.84869299024,17.99342547610938,-133.50215336766257,5,1
2012-10-12 16:50:02.124362+00:00,1.75,3.95,6.05,13464.84869299024,17.99342547610938,-133.50215336766257,5,1
2012-10-12 16:53:02.124362+00:00,1.9,4.28,6.55,13464.84869299024,17.99342547610938,-133.50215336766257,5,1
2012-10-12 16:57:02.124362+00:00,2.68,6.03,9.23,8638.51279078575,16.927155691545906,-135.63469293678952,5,1
2012-10-12 17:01:02.124362+00:00,2.79,6.27,9.6,6638.536822928458,16.453451776522463,-136.5821007668364,5,1
2012-10-12 17:06:02.124362+00:00,3.02,6.77,10.36,4711.343365548012,16.08632757625899,-137.31634916736334,5,1
2012-10-12 17:11:02.124362+00:00,3.18,7.12,10.89,6154.177607211794,16.111596513240528,-137.26581129340025,5,1
2012-10-12 17:16:02.124362+00:00,3.71,8.29,12.67,5432.760486379902,15.80606852570832,-137.87686726846468,4,1
2012-10-12 17:21:02.124362+00:00,3.91,8.7,13.3,6154.177607211794,16.111596513240528,-137.26581129340025,3,1
2012-10-12 17:26:02.124362+00:00,4.28,9.5,14.52,6154.177607211794,16.111596513240528,-137.26581129340025,3,1
2012-10-12 17:31:02.124362+00:00,5.14,11.34,17.32,5589.008811490011,15.96256846127248,-137.56386739733637,3,1
2012-10-12 17:37:02.124362+00:00,5.48,12.06,18.41,3708.4407523791674,14.984564354176635,-139.51987561152805,3,1
2012-10-12 17:42:02.124362+00:00,5.58,12.29,18.75,2599.44449009196,14.155409898592314,-141.17818452269668,3,1
2012-10-13 06:28:02.123132+00:00,1.62,3.66,5.61,5225.2659660254485,19.383879932198106,-128.2283507999354,21,2
2012-10-13 06:29:02.123132+00:00,1.68,3.81,5.83,5242.598365949903,19.449746754536477,-128.09661715525868,24,2
2012-10-13 06:30:02.123132+00:00,1.59,3.59,5.49,5242.598365949903,19.527479677795437,-127.94115130874074,26,1
2012-10-13 06:31:02.123132+00:00,1.55,3.51,5.38,5225.2659660254485,19.462054217012813,-128.072002230306,29,1
2012-10-13 06:32:02.123132+00:00,1.75,3.95,6.05,5225.2659660254485,19.462054217012813,-128.072002230306,31,2
2012-10-13 06:33:02.123132+00:00,1.75,3.95,6.05,4876.195779036947,19.391200099946325,-128.21371046443898,33,2
2012-10-13 06:34:02.123132+00:00,1.95,4.41,6.75,4452.212010571501,19.391200099946325,-128.21371046443898,35,3
2012-10-13 06:35:02.123132+00:00,1.41,3.19,4.89,4552.781526259432,19.444273126305003,-128.10756441172165,38,2
2012-10-13 06:36:02.123132+00:00,1.48,3.35,5.14,4029.790144944904,19.40884606777176,-128.1784185287881,40,2
2012-10-13 06:37:02.123132+00:00,1.48,3.35,5.14,4029.790144944904,19.40884606777176,-128.1784185287881,40,3
2012-10-13 06:38:02.123132+00:00,1.48,3.35,5.14,4452.212010571501,19.426492035597192,-128.14312659313725,39,3
2012-10-13 06:39:02.123132+00:00,1.59,3.59,5.49,4653.351041947363,19.462054217012813,-128.072002230306,37,2
2012-10-13 06:40:02.123132+00:00,1.68,3.81,5.83,4751.9245804617185,19.473685343360728,-128.04873997761015,35,2
2012-10-13 06:41:02.123132+00:00,1.75,3.95,6.05,4751.9245804617185,19.473685343360728,-128.04873997761015,35,3
2012-10-13 06:42:02.123132+00:00,1.81,4.08,6.25,4751.9245804617185,19.51561357687485,-127.96488351058191,33,2
2012-10-13 06:43:02.123132+00:00,1.81,4.08,6.25,4876.195779036947,19.51771454036559,-127.96068158360043,31,2
2012-10-13 06:44:02.123132+00:00,1.72,3.88,5.94,5050.730872531198,19.51666405862022,-127.96278254709118,28,3
2012-10-13 06:45:02.123132+00:00,2.01,4.53,6.94,4814.060179749333,19.494649460117788,-128.00681174409604,26,2
2012-10-13 06:46:02.123132+00:00,2.66,5.98,9.16,4702.63781120454,19.46786978018677,-128.06037110395806,24,1
2012-10-14 06:13:02.120672+00:00,12.6,26.58,40.0,2015.962164513011,16.4349414460766,-138.8717526343174,3,1
2012-10-14 17:46:02.129442+00:00,5.0,11.05,16.87,6195.451448143142,16.101649244532847,-137.84192373064212,3,1
2012-10-14 17:53:02.129442+00:00,4.86,10.75,16.41,5764.313315964127,16.215901943621628,-137.61341833246456,4,1
2012-10-14 17:57:02.129442+00:00,4.87,10.78,16.46,5347.689917895025,16.330154642710408,-137.384912934287,3,1
2012-10-14 18:02:02.129442+00:00,4.87,10.78,16.46,5347.689917895025,16.330154642710408,-137.384912934287,3,1
2012-10-14 18:12:02.129442+00:00,5.32,11.74,17.92,6893.040773251545,16.54770594109007,-136.94981033752768,3,1
2012-10-14 18:17:02.129442+00:00,5.55,12.22,18.65,6462.616812943803,16.052913555201876,-137.93939510930406,4,1
2012-10-14 18:22:02.129442+00:00,5.57,12.25,18.7,6462.616812943803,16.052913555201876,-137.93939510930406,4,1
2012-10-14 18:26:02.129442+00:00,5.63,12.38,18.89,5345.27013093069,15.5214323169337,-139.0023575858404,4,1
2012-10-14 18:35:02.129442+00:00,5.68,12.48,19.04,3334.317679324954,14.644158901323298,-140.7569044170612,3,1
2012-10-14 19:46:02.129442+00:00,5.95,13.05,19.9,3253.7785400436437,14.70320274923978,-140.63881672122824,3,1
2012-10-14 19:49:02.129442+00:00,5.95,13.05,19.9,3253.7785400436437,14.70320274923978,-140.63881672122824,3,1
2012-10-14 19:55:02.129442+00:00,5.49,12.09,18.45,4865.93204654672,15.331759644387049,-139.38170293093373,5,1
2012-10-14 20:00:02.129442+00:00,5.11,11.28,17.22,6576.019068909256,15.982897593558876,-138.07942703259005,4,1
2012-10-14 20:05:02.129442+00:00,5.11,11.28,17.22,6576.019068909256,15.982897593558876,-138.07942703259005,4,1
2012-10-14 20:09:02.129442+00:00,4.83,10.68,16.31,8537.682237623612,16.46924305890223,-137.10673610190338,4,1
2012-10-14 20:15:02.129442+00:00,3.92,8.74,13.36,9515.599875128672,16.701153450846142,-136.64291531801555,3,1
2012-10-14 20:21:02.129442+00:00,3.8,8.48,12.96,6905.257066385249,16.300332321045353,-137.4445575776171,4,1
2012-10-14 20:26:02.129442+00:00,3.73,8.32,12.73,6905.257066385249,16.300332321045353,-137.4445575776171,4,1
2012-10-14 20:30:02.129442+00:00,3.75,8.36,12.79,6905.257066385249,16.300332321045353,-137.4445575776171,4,1
2012-10-14 20:34:02.129442+00:00,3.2,7.16,10.95,5691.727067799464,15.819901365510349,-138.40541948868713,4,1
2012-10-14 20:41:02.129442+00:00,3.25,7.28,11.14,9875.809357076758,17.065229308106694,-135.91476360349444,3,1
2012-10-14 20:47:02.129442+00:00,2.6,5.84,8.94,7113.883095625668,16.208573983506366,-137.62807425269511,4,1
2012-10-14 20:54:02.129442+00:00,2.32,5.22,7.99,9875.809357076758,17.065229308106694,-135.91476360349444,5,1
2012-10-14 20:57:02.129442+00:00,1.98,4.47,6.84,9682.294903818698,18.044782869792325,-133.95565648012317,5,1
2012-10-14 21:00:02.129442+00:00,2.01,4.53,6.94,5786.761590146709,15.756210140363205,-138.5328019389814,6,1
2012-10-14 21:03:02.129442+00:00,1.95,4.41,6.75,5786.761590146709,15.756210140363205,-138.5328019389814,6,1
2012-10-14 21:07:02.129442+00:00,0.02,0.04,0.09,5786.761590146709,15.756210140363205,-138.5328019389814,4,1
2012-10-14 21:10:02.129442+00:00,27.87,40.0,40.0,5786.761590146709,15.756210140363205,-138.5328019389814,4,1
2012-10-14 21:17:02.129442+00:00,27.92,40.0,40.0,6072.989849379754,16.205501137005974,-137.63421994569586,4,1
2012-10-14 21:22:02.129442+00:00,0.01,0.04,0.02,10921.972384118137,18.82751130998414,-132.39019959973956,4,1
2012-10-14 21:24:02.129442+00:00,0.01,0.04,0.06,10921.972384118137,18.82751130998414,-132.39019959973956,4,1
2012-10-14 21:30:02.129442+00:00,1.12,2.54,3.89,12325.42610129824,18.85053548704459,-132.34415124561866,4,1
2012-10-14 21:35:02.129442+00:00,1.78,4.02,6.15,14778.228332887127,18.868980899578712,-132.3072604205504,3,1
2012-10-14 21:41:02.129442+00:00,2.01,4.53,6.94,14778.228332887127,18.287074829663077,-133.47107256038166,3,1
2012-10-14 22:06:02.129442+00:00,0.73,1.66,2.55,12346.427253181906,17.42965517647178,-135.18591186676426,3,1
2012-10-14 22:12:02.129442+00:00,11.56,24.5,37.18,15242.993867000316,17.977997056364437,-134.08922810697896,3,1
2012-10-14 22:20:02.129442+00:00,0.73,1.66,2.55,21073.16152781528,18.801752557809515,-132.4417171040888,3,1
2012-10-14 23:41:02.129442+00:00,24.13,40.0,40.0,7156.976919726072,15.996359372046063,-138.0525034756157,4,1
2012-10-14 23:44:02.129442+00:00,24.56,40.0,40.0,6637.788928703121,15.96072853671778,-138.12376514627226,5,1
2012-10-14 23:46:02.129442+00:00,24.77,40.0,40.0,6637.788928703121,15.96072853671778,-138.12376514627226,5,1
2012-10-14 23:50:02.129442+00:00,24.85,40.0,40.0,4185.489815658616,14.843863444184082,-140.35749533133966,7,1
2012-10-14 23:54:02.129442+00:00,24.29,40.0,40.0,4185.489815658616,14.843863444184082,-140.35749533133966,5,1
2012-10-14 23:57:02.129442+00:00,24.33,40.0,40.0,4243.036178180057,14.777407549431626,-140.49040712084457,4,1
2012-10-14 23:59:02.129442+00:00,24.33,40.0,40.0,4243.036178180057,14.777407549431626,-140.49040712084457,4,1
2012-10-15 00:02:02.128212+00:00,3.55,7.93,12.14,4044.180827257084,15.447781630453392,-141.72337896963387,6,1
2012-10-15 00:05:02.128212+00:00,7.51,16.28,24.8,4706.132082106164,15.820074280373948,-140.97879366979276,7,1
2012-10-15 00:08:02.128212+00:00,7.01,15.26,23.25,4706.132082106164,15.820074280373948,-140.97879366979276,9,1
2012-10-15 00:10:02.128212+00:00,7.01,15.26,23.25,5153.934652768165,15.926593122960524,-140.76575598461963,9,1
2012-10-15 00:11:02.128212+00:00,7.01,15.26,23.25,5153.934652768165,15.926593122960524,-140.76575598461963,9,1
2012-10-15 00:14:02.128212+00:00,6.04,13.24,20.19,5739.048086743582,16.12119638120722,-140.37654946812623,10,1
2012-10-15 00:17:02.128212+00:00,5.81,12.76,19.47,6117.642649248949,16.213419396633142,-140.1921034372744,11,2
2012-10-15 00:19:02.128212+00:00,5.77,12.67,19.33,7022.715471236776,16.43355167161016,-139.75183888732036,11,1
2012-10-15 00:22:02.128212+00:00,5.71,12.54,19.13,9285.439375563452,17.025843123813107,-138.56725598291445,10,1
2012-10-15 00:23:02.128212+00:00,5.52,12.16,18.55,10479.646740022792,17.31789538761781,-137.98315145530506,11,1
2012-10-15 00:25:02.128212+00:00,5.03,11.11,16.97,10479.646740022792,17.31789538761781,-137.98315145530506,11,1
2012-10-15 00:26:02.128212+00:00,4.98,11.01,16.82,10898.985542620732,17.696192868070916,-137.22655649439884,12,1
2012-10-15 00:28:02.128212+00:00,4.86,10.75,16.41,11335.494156979965,18.074490348524023,-136.4699615334926,11,1
2012-10-15 00:30:02.128212+00:00,4.86,10.75,16.41,11335.494156979965,18.074490348524023,-136.4699615334926,11,1
2012-10-15 00:32:02.128212+00:00,4.03,8.96,13.7,11335.494156979965,18.074490348524023,-136.4699615334926,11,1
2012-10-15 00:34:02.128212+00:00,4.06,9.04,13.81,12566.873007144944,17.978392623259033,-136.6621569840226,10,1
2012-10-15 00:35:02.128212+00:00,4.06,9.04,13.81,12566.873007144944,17.978392623259033,-136.6621569840226,10,1
2012-10-15 00:36:02.128212+00:00,3.06,6.86,10.49,12566.873007144944,17.978392623259033,-136.6621569840226,8,1
2012-10-15 00:39:02.128212+00:00,3.27,7.33,11.21,11807.49207600706,17.696995772440033,-137.2249506856606,8,1
2012-10-15 00:42:02.128212+00:00,3.37,7.53,11.52,9988.487257376655,17.32630088320864,-137.9663404641234,8,1
2012-10-15 00:48:02.128212+00:00,4.23,9.4,14.36,8077.5305896414175,17.02174769953116,-138.57544683147833,4,1
2012-10-15 00:51:02.128212+00:00,4.23,9.4,14.36,10460.485176403754,17.32630088320864,-137.9663404641234,4,1
2012-10-15 00:59:02.128212+00:00,4.19,9.33,14.25,12475.232554236289,17.82220479852475,-136.97453263349115,5,1
2012-10-15 01:01:02.128212+00:00,4.19,9.33,14.25,12475.232554236289,17.82220479852475,-136.97453263349115,5,1
2012-10-15 01:05:02.128212+00:00,2.88,6.45,9.88,12475.232554236289,17.82220479852475,-136.97453263349115,5,1
2012-10-15 01:09:02.128212+00:00,1.72,3.88,5.94,10452.822399438708,17.70510500953837,-137.2087322114639,5,1
2012-10-15 01:14:02.128212+00:00,0.58,1.31,2.01,6210.689062004999,17.68106274341126,-137.25681674371813,5,1
2012-10-15 01:18:02.128212+00:00,0.02,0.04,0.09,6210.689062004999,17.68106274341126,-137.25681674371813,5,1
2012-10-15 01:20:02.128212+00:00,0.01,0.01,0.02,5415.303641323428,17.592367734594884,-137.43420676135088,4,1
2012-10-15 01:24:02.128212+00:00,27.44,40.0,40.0,3658.567304459414,16.50846782627167,-139.60200657799732,4,1
2012-10-15 01:32:02.128212+00:00,2.68,6.03,9.23,6525.035958545488,16.453291124000998,-139.71235998253866,4,1
2012-10-15 01:35:02.128212+00:00,1.25,2.84,4.34,14071.898304002056,18.282630696607256,-136.05368083732617,4,1
2012-10-15 01:36:02.128212+00:00,1.25,2.84,4.34,14071.898304002056,18.282630696607256,-136.05368083732617,4,1
2012-10-15 01:42:02.128212+00:00,1.78,4.02,6.15,17790.941079190106,19.17194207197735,-134.27505808658597,5,1
2012-10-15 01:51:02.128212+00:00,0.01,0.04,0.02,31779.02091564073,20.39008638767423,-131.8387694551922,3,1
2012-10-15 01:59:02.128212+00:00,0.03,0.07,0.12,27449.041764939204,20.165602031412146,-132.28773816771638,4,1
2012-10-15 02:01:02.128212+00:00,0.01,0.04,0.02,24964.239519368704,20.239737067398508,-132.13946809574364,5,1
2012-10-15 02:05:02.128212+00:00,0.01,0.04,0.02,24964.239519368704,20.281556033054887,-132.0558301644309,5,1
2012-10-15 02:10:02.128212+00:00,0.01,0.01,0.02,24496.458187914643,20.260646550226696,-132.09764913008726,6,1
2012-10-15 02:15:02.128212+00:00,0.01,0.01,0.02,24964.239519368704,20.239737067398508,-132.13946809574364,7,1
2012-10-15 02:17:02.128212+00:00,0.01,0.04,0.02,28031.31367308837,20.02870198246118,-132.5615382656183,6,1
2012-10-15 02:19:02.128212+00:00,0.01,0.04,0.02,28031.31367308837,20.02870198246118,-132.5615382656183,6,1
2012-10-15 02:21:02.128212+00:00,0.01,0.04,0.02,18855.51917218269,18.74986207247803,-135.1192180855846,6,1
2012-10-15 02:23:02.128212+00:00,0.01,0.04,0.02,18855.51917218269,18.74986207247803,-135.1192180855846,6,1
2012-10-15 02:30:02.128212+00:00,3.16,7.07,10.82,9988.164563479868,17.863528392052007,-136.89188544643665,6,1
2012-10-15 02:36:02.128212+00:00,4.42,9.82,15.01,7825.293352092908,17.723876213088587,-137.17118980436348,5,1
2012-10-15 02:39:02.128212+00:00,4.29,9.54,14.58,9666.17484179109,17.757719808602733,-137.1035026133352,6,2
2012-10-15 02:46:02.128212+00:00,4.54,10.06,15.38,11507.05633148927,17.79156340411688,-137.0358154223069,5,1
2012-10-15 02:48:02.128212+00:00,4.7,10.41,15.9,10693.912256830172,17.449648223498002,-137.71964578354465,6,1
2012-10-15 02:53:02.128212+00:00,5.14,11.34,17.32,10693.912256830172,17.449648223498002,-137.71964578354465,6,1
2012-10-15 02:57:02.128212+00:00,5.14,11.34,17.32,10693.912256830172,17.449648223498002,-137.71964578354465,6,1
2012-10-15 03:00:02.128212+00:00,4.84,10.71,16.36,8962.44141603942,17.052973732694507,-138.51299476515166,6,1
2012-10-15 03:02:02.128212+00:00,4.84,10.71,16.36,8962.44141603942,17.052973732694507,-138.51299476515166,6,1
2012-10-15 03:06:02.128212+00:00,5.05,11.15,17.02,7449.213842817209,16.932260329486184,-138.7544215715683,6,1
2012-10-15 03:08:02.128212+00:00,4.92,10.88,16.62,6130.851430568557,16.483450474474537,-139.65204128159158,6,1
2012-10-15 03:13:02.128212+00:00,4.29,9.54,14.58,4764.811291858235,15.751975023771951,-141.11499218299676,4,1
2012-10-15 03:17:02.128212+00:00,3.71,8.29,12.67,6130.851430568557,16.549404567498243,-139.52013309554417,4,1
2012-10-15 03:25:02.128212+00:00,3.8,8.48,12.96,19654.221922179266,18.734286275044415,-135.15036968045183,3,1
2012-10-15 23:09:02.126982+00:00,6.56,14.33,21.85,2117.3648397009524,13.871605060374456,-143.1033638765156,3,1
2012-10-15 23:16:02.126982+00:00,6.35,13.9,21.19,2479.29999017399,14.323544324875236,-142.19948534751404,4,1
2012-10-15 23:22:02.126982+00:00,5.69,12.51,19.09,3560.446579263061,15.06964232831534,-140.70728934063385,4,1
2012-10-15 23:24:02.126982+00:00,5.69,12.51,19.09,3560.446579263061,15.06964232831534,-140.70728934063385,4,1
2012-10-15 23:28:02.126982+00:00,5.31,11.7,17.87,5507.972119192399,15.983787633422056,-138.8789987304204,4,1
2012-10-16 01:14:02.125752+00:00,10.76,22.9,34.77,7388.115847842595,16.258183214314172,-137.0750449388889,4,1
2012-10-16 01:15:02.125752+00:00,10.76,22.9,34.77,7388.115847842595,16.258183214314172,-137.0750449388889,4,1
2012-10-16 01:18:02.125752+00:00,10.76,22.9,34.77,7388.115847842595,16.258183214314172,-137.0750449388889,4,1
2012-10-16 01:23:02.125752+00:00,10.75,22.87,34.72,8089.850996542582,16.91290533510444,-135.76560069730834,5,1
2012-10-16 01:31:02.125752+00:00,10.68,22.73,34.52,8716.554663444731,16.889438907963502,-135.81253355159023,4,1
2012-10-16 01:35:02.125752+00:00,5.22,11.51,17.57,8716.554663444731,16.874684837044136,-135.84204169342897,4,1
2012-10-16 01:38:02.125752+00:00,5.29,11.67,17.82,8880.010217129362,16.865972480822567,-135.85946640587213,5,1
2012-10-16 01:43:02.125752+00:00,5.06,11.18,17.07,8880.010217129362,16.56518049323742,-136.4610503810424,5,1
2012-10-16 01:47:02.125752+00:00,4.98,11.01,16.82,9050.501941840725,16.478391978857786,-136.63462740980168,4,1
2012-10-16 01:49:02.125752+00:00,4.79,10.61,16.21,9547.904773921347,16.39160346447815,-136.80820443856095,3,1
2012-10-16 02:02:02.125752+00:00,3.42,7.65,11.71,14377.136346046094,17.77648053779853,-134.0384502919202,3,1
2012-10-16 02:06:02.125752+00:00,3.42,7.65,11.71,12299.984189355724,17.663180064163427,-134.2650512391904,4,1
2012-10-16 02:09:02.125752+00:00,3.4,7.61,11.65,12299.984189355724,17.663180064163427,-134.2650512391904,4,1
2012-10-16 02:16:02.125752+00:00,2.71,6.08,9.31,11595.179127946742,17.806958576651333,-133.97749421421457,4,1
2012-10-16 02:20:02.125752+00:00,2.19,4.94,7.57,7919.862487034839,17.54987959052832,-134.4916521864606,3,1
2012-10-16 02:25:02.125752+00:00,2.19,4.94,7.57,7919.862487034839,17.54987959052832,-134.4916521864606,3,1
2012-10-16 02:39:02.125752+00:00,2.01,4.53,6.94,12603.738915501755,17.737112305577302,-134.11718675636263,3,1
2012-10-16 02:43:02.125752+00:00,2.01,4.53,6.94,12603.738915501755,17.737112305577302,-134.11718675636263,3,1
2012-10-16 02:45:02.125752+00:00,2.01,4.53,6.94,12603.738915501755,17.737112305577302,-134.11718675636263,3,1
2012-10-16 03:12:02.125752+00:00,3.7,8.25,12.61,7606.556871917684,16.459845878898623,-136.67171960972,3,1
2012-10-16 03:19:02.125752+00:00,4.64,10.27,15.69,7676.471482590066,16.349836886899883,-136.8917375937175,4,1
2012-10-16 03:23:02.125752+00:00,4.68,10.37,15.85,5460.476777201925,15.357036555905282,-138.87733825570666,4,1
2012-10-16 03:28:02.125752+00:00,4.68,10.37,15.85,5460.476777201925,15.357036555905282,-138.87733825570666,4,1
2012-10-16 03:31:02.125752+00:00,4.97,10.98,16.77,4980.128130893321,15.22731413542314,-139.13678309667097,4,1
2012-10-16 03:39:02.125752+00:00,4.26,9.47,14.47,6645.859579300476,15.980383053936862,-137.63064525964353,3,1
2012-10-16 04:19:02.125752+00:00,4.23,9.4,14.36,9465.567575311858,16.691969493376263,-136.20747238076473,3,1
2012-10-16 04:38:02.125752+00:00,5.52,12.16,18.55,4449.903224795588,15.239789243273645,-139.11183288096996,4,1
2012-10-16 04:42:02.125752+00:00,5.49,12.09,18.45,4449.903224795588,15.239789243273645,-139.11183288096996,4,1
2012-10-16 04:44:02.125752+00:00,5.89,12.92,19.71,3206.184088987892,14.446659032228316,-140.6980933030606,6,1
2012-10-16 04:47:02.125752+00:00,5.77,12.67,19.33,2074.9916332991106,13.664364791589655,-142.26268178433793,7,1
2012-10-16 04:52:02.125752+00:00,5.0,11.05,16.87,1854.7130080133436,13.566579857557548,-142.45825165240214,9,1
2012-10-16 04:53:02.125752+00:00,4.94,10.91,16.67,1854.6626851430144,13.480792088756598,-142.62982719000405,8,1
2012-10-16 04:56:02.125752+00:00,4.33,9.61,14.69,1854.6626851430144,13.480792088756598,-142.62982719000405,8,1
2012-10-16 04:57:02.125752+00:00,4.49,9.96,15.22,1854.7130080133436,13.417574746735122,-142.756261874047,9,1
2012-10-16 04:58:02.125752+00:00,4.47,9.93,15.17,1855.7656825630904,13.406289533345388,-142.77883230082648,8,1
2012-10-16 04:59:02.125752+00:00,4.47,9.93,15.17,1855.7656825630904,13.406289533345388,-142.77883230082648,8,1
2012-10-16 05:04:02.125752+00:00,3.35,7.49,11.46,1856.8183571128377,13.566579857557548,-142.45825165240214,7,1
2012-10-16 05:06:02.125752+00:00,3.35,7.49,11.46,1856.8183571128377,13.566579857557548,-142.45825165240214,7,1
2012-10-16 05:11:02.125752+00:00,2.32,5.22,7.99,5615.638523701233,15.887560199328613,-137.81629096886002,4,1
2012-10-16 05:19:02.125752+00:00,29.95,40.0,40.0,5501.847468977775,15.825917310476312,-137.93957674656463,3,1
2012-10-16 05:25:02.125752+00:00,29.9,40.0,40.0,4712.666831847164,15.94920308818091,-137.69300519115544,3,1
2012-10-16 12:43:02.124522+00:00,7.54,16.35,24.89,2967.887858650578,14.283373333497806,-138.79255453058778,3,1
2012-10-16 12:47:02.124522+00:00,7.54,16.35,24.89,2967.887858650578,14.283373333497806,-138.79255453058778,3,1
2012-10-16 12:52:02.124522+00:00,7.1,15.45,23.53,3207.429605144448,14.847758501743629,-137.66378419409614,4,1
2012-10-16 12:57:02.124522+00:00,5.98,13.11,20.0,3848.376623701473,15.507617587654623,-136.34406602227415,4,1
2012-10-16 13:04:02.124522+00:00,4.55,10.1,15.43,4249.781895764626,15.457802423723674,-136.4436963501361,3,1
2012-10-16 13:10:02.124522+00:00,4.87,10.78,16.46,2055.357911207148,15.457802423723674,-136.4436963501361,5,1
2012-10-16 13:14:02.124522+00:00,17.83,37.0,40.0,1792.2748000212348,15.275625587792844,-136.8080500219977,7,1
2012-10-16 13:16:02.124522+00:00,18.62,38.58,40.0,1923.8163556141913,15.36671400575826,-136.62587318606688,8,1
2012-10-16 13:19:02.124522+00:00,18.6,38.53,40.0,2055.357911207148,15.457802423723674,-136.4436963501361,9,1
2012-10-16 13:22:02.124522+00:00,18.11,37.57,40.0,1792.2748000212348,15.275625587792844,-136.8080500219977,9,2
2012-10-16 13:24:02.124522+00:00,17.34,36.04,40.0,2055.357911207148,15.278171477376416,-136.80295824283058,11,2
2012-10-16 13:27:02.124522+00:00,16.94,35.25,40.0,2093.8685834841604,15.827008078735394,-135.7052850401126,9,1
2012-10-16 13:30:02.124522+00:00,16.7,34.76,40.0,2589.2437131197344,15.827008078735394,-135.7052850401126,9,1
2012-10-16 13:32:02.124522+00:00,15.92,33.22,40.0,2343.2129925941445,15.552589778055903,-136.2541216414716,8,1
2012-10-16 13:33:02.124522+00:00,17.8,36.95,40.0,2602.3777835673427,15.994415374479903,-135.3704704486236,8,1
2012-10-16 13:39:02.124522+00:00,7.6,16.47,25.08,3857.9734301511926,18.09299986874253,-131.17330146009834,16,1
2012-10-16 13:43:02.124522+00:00,7.63,16.53,25.17,4409.626649998477,18.880733221749452,-129.59783475408452,24,1
2012-10-16 13:44:02.124522+00:00,8.77,18.88,28.71,4856.81998485529,18.90908043553502,-129.54114032651336,25,1
2012-10-16 13:45:02.124522+00:00,8.87,19.07,28.99,4856.81998485529,18.90908043553502,-129.54114032651336,27,1
2012-10-16 13:46:02.124522+00:00,8.96,19.26,29.28,4856.81998485529,18.90908043553502,-129.54114032651336,29,3
2012-10-16 13:47:02.124522+00:00,8.81,18.94,28.8,4390.740162393417,18.90908043553502,-129.54114032651336,31,2
2012-10-16 13:48:02.124522+00:00,8.81,18.94,28.8,4176.586738767541,18.880733221749452,-129.59783475408452,34,3
2012-10-16 13:49:02.124522+00:00,8.76,18.84,28.66,3942.395054258964,18.880733221749452,-129.59783475408452,34,2
2012-10-16 13:50:02.124522+00:00,8.76,18.84,28.66,3942.395054258964,18.880733221749452,-129.59783475408452,34,2
2012-10-16 13:51:02.124522+00:00,8.73,18.78,28.56,3922.3567933762647,18.868399033471007,-129.6225031306414,35,3
2012-10-16 13:52:02.124522+00:00,8.73,18.78,28.56,3942.395054258964,18.865455447959324,-129.62839030166475,36,2
2012-10-16 13:53:02.124522+00:00,8.73,18.78,28.56,3962.433315141663,18.868399033471007,-129.6225031306414,35,3
2012-10-16 13:54:02.124522+00:00,8.74,18.81,28.61,4176.586738767541,18.880733221749452,-129.59783475408452,34,2
2012-10-16 13:55:02.124522+00:00,8.74,18.81,28.61,4176.586738767541,18.880733221749452,-129.59783475408452,34,2
2012-10-16 13:56:02.124522+00:00,8.81,18.94,28.8,3962.433315141663,18.868399033471007,-129.6225031306414,31,3
2012-10-16 13:57:02.124522+00:00,8.87,19.07,28.99,4390.740162393417,18.90908043553502,-129.54114032651336,29,1
2012-10-16 13:58:02.124522+00:00,8.88,19.1,29.04,4620.113065111138,18.90908043553502,-129.54114032651336,29,3
2012-10-16 14:01:02.124522+00:00,9.09,19.51,29.67,4505.426613752277,18.426605148124096,-130.5060909013352,22,1
2012-10-16 14:02:02.124522+00:00,8.96,19.26,29.28,4390.740162393417,18.324032453161102,-130.71123629126117,19,1
2012-10-16 14:07:02.124522+00:00,7.9,17.09,26.01,3720.8533626563712,17.15081118942954,-133.0576788187243,10,1
2012-10-16 14:08:02.124522+00:00,6.35,13.9,21.19,3661.178578387839,16.83669719724244,-133.68590680309853,7,1
2012-10-16 14:13:02.124522+00:00,0.01,0.04,0.02,2650.2545379264884,15.74029000409035,-135.8787211894027,5,1
2012-10-16 14:16:02.124522+00:00,0.01,0.04,0.02,2650.2545379264884,15.74029000409035,-135.8787211894027,7,1
2012-10-16 14:19:02.124522+00:00,1.37,3.1,4.76,2650.2545379264884,15.74029000409035,-135.8787211894027,5,1
2012-10-16 14:26:02.124522+00:00,1.21,2.74,4.2,2604.603379594279,15.426691085310694,-136.505919026962,5,2
2012-10-16 14:32:02.124522+00:00,2.79,6.27,9.6,2604.603379594279,14.759232450557342,-137.84083629646872,5,1
2012-10-16 14:37:02.124522+00:00,3.85,8.59,13.13,2663.8230579065657,14.4198317179673,-138.51963776164882,4,1
2012-10-16 14:41:02.124522+00:00,4.08,9.07,13.87,2663.8230579065657,14.4198317179673,-138.51963776164882,4,1
2012-10-16 14:47:02.124522+00:00,4.54,10.06,15.38,3094.633293466616,14.746917553070922,-137.86546609144153,4,1
2012-10-16 14:52:02.124522+00:00,5.2,11.48,17.52,3466.2238507143807,14.909721479260469,-137.53985823906245,3,1
2012-10-16 14:57:02.124522+00:00,5.49,12.09,18.45,2490.1752259926466,14.58411362688138,-138.19107394382064,3,1
2012-10-16 18:24:02.124522+00:00,5.29,11.67,17.82,2987.857394145,14.1711449102422,-139.01701137709898,3,1
2012-10-16 18:29:02.124522+00:00,4.49,9.96,15.22,3642.8737174690577,14.58561926774271,-138.188062662098,3,1
2012-10-16 18:34:02.124522+00:00,3.46,7.74,11.83,3315.3655558070286,14.378382088992456,-138.6025370195985,4,1
2012-10-16 18:40:02.124522+00:00,3.33,7.45,11.4,3537.492543421296,14.445953573601312,-138.46739405038076,3,1
2012-10-16 18:46:02.124522+00:00,2.37,5.33,8.15,3537.492543421296,14.445953573601312,-138.46739405038076,3,1
2012-10-16 18:51:02.124522+00:00,1.03,2.32,3.56,3537.492543421296,14.445953573601312,-138.46739405038076,3,1
2012-10-16 18:56:02.124522+00:00,0.03,0.07,0.12,3671.285450061979,14.635793657907673,-138.08771388176805,3,1
2012-10-16 19:03:02.124522+00:00,2.71,6.08,9.31,3083.1730282491853,14.203666700744186,-138.95196779609503,4,1
2012-10-16 19:07:02.124522+00:00,2.83,6.36,9.74,3671.285450061979,14.635793657907673,-138.08771388176805,3,1
2012-10-16 19:13:02.124522+00:00,3.06,6.86,10.49,7584.650529299697,16.208319322767135,-134.94266255204911,4,1
2012-10-16 19:19:02.124522+00:00,3.1,6.94,10.62,9448.47398468369,16.657279597938917,-134.04474200170557,3,1
2012-10-16 19:22:02.124522+00:00,3.1,6.94,10.62,9448.47398468369,16.657279597938917,-134.04474200170557,3,1
2012-10-17 21:15:02.122062+00:00,6.73,14.67,22.36,2814.4691739150885,13.429104674482495,-141.21018284478563,3,1
2012-10-17 21:20:02.122062+00:00,5.89,12.92,19.71,4491.300433966729,14.305514898729548,-139.45736239629153,3,1
2012-10-17 21:35:02.122062+00:00,4.94,10.91,16.67,11674.385429852302,16.497050536024307,-135.07429112170203,3,1
2012-10-17 21:41:02.122062+00:00,4.51,10.0,15.27,11674.385429852302,16.497050536024307,-135.07429112170203,3,1
2012-10-17 21:47:02.122062+00:00,2.77,6.22,9.52,10233.427047766176,16.14085419343067,-135.7866838068893,3,1
2012-10-17 21:54:02.122062+00:00,2.6,5.84,8.94,10233.427047766176,16.14085419343067,-135.7866838068893,3,1
2012-10-17 22:01:02.122062+00:00,2.48,5.59,8.55,10233.427047766176,16.331886792919185,-135.40461860791228,3,1
2012-10-17 22:07:02.122062+00:00,1.75,3.95,6.05,11044.551347562185,16.63070453295733,-134.806983127836,3,1
2012-10-17 22:14:02.122062+00:00,1.78,4.02,6.15,22213.00158435923,18.044749931967157,-131.97889232981632,3,1
2012-10-17 22:19:02.122062+00:00,1.65,3.73,5.72,22213.00158435923,18.56402196973334,-130.94034825428398,3,1
2012-10-17 22:27:02.122062+00:00,1.62,3.66,5.61,17242.361782427448,18.56402196973334,-130.94034825428398,3,1
2012-10-17 22:33:02.122062+00:00,0.01,0.04,0.06,14901.605529958882,18.41993276086314,-131.22852667202434,3,1
2012-10-17 22:39:02.122062+00:00,0.01,0.04,0.02,14901.605529958882,18.41993276086314,-131.22852667202434,3,1
2012-10-19 15:57:02.127143+00:00,7.43,16.13,24.56,1688.9752991136197,13.420192546084229,-142.23716206310723,3,1
2012-10-19 16:01:02.127143+00:00,7.13,15.51,23.63,1790.218369785663,13.42344297472224,-142.2306612058312,4,1
2012-10-19 16:06:02.127143+00:00,7.01,15.26,23.25,1891.4614404577064,13.426693403360249,-142.2241603485552,5,1
2012-10-19 16:10:02.127143+00:00,7.07,15.39,23.44,2238.315085995408,13.937165400067746,-141.2032163551402,5,1
2012-10-19 16:14:02.127143+00:00,6.26,13.71,20.9,3045.1340338527957,14.522308962329454,-140.0329292306168,5,1
2012-10-19 16:18:02.127143+00:00,6.17,13.52,20.62,3772.563887944999,15.28637140895649,-138.5048043373627,5,1
2012-10-19 16:21:02.127143+00:00,6.05,13.27,20.24,5195.274724793,15.740880939568507,-137.59578527613868,4,1
2012-10-19 16:26:02.127143+00:00,6.41,14.02,21.37,6991.435264384406,16.26533174340976,-136.5468836684562,4,1
2012-10-19 16:32:02.127143+00:00,6.47,14.15,21.56,8763.749190931809,16.770106366841457,-135.5373344215928,4,1
2012-10-19 16:37:02.127143+00:00,5.95,13.05,19.9,8931.376154856536,16.785593615976353,-135.50635992332298,4,1
2012-10-19 16:42:02.127143+00:00,5.58,12.29,18.75,9389.644561409285,16.841913587824436,-135.39371997962684,4,1
2012-10-19 16:46:02.127143+00:00,5.6,12.32,18.8,8892.666988154537,16.709842849809146,-135.6578614556574,5,1
2012-10-19 16:50:02.127143+00:00,4.89,10.81,16.51,8892.666988154537,16.709842849809146,-135.6578614556574,5,1
2012-10-19 16:53:02.127143+00:00,4.92,10.88,16.62,8772.473808384102,16.66536599038565,-135.7468151745044,5,1
2012-10-19 16:59:02.127143+00:00,4.64,10.27,15.69,7218.089679437125,16.322886012267475,-136.43177513074073,6,1
2012-10-19 17:03:02.127143+00:00,4.21,9.36,14.31,6690.0268056813975,16.172145656512427,-136.73325584225086,7,1
2012-10-19 17:05:02.127143+00:00,4.16,9.25,14.14,3763.8406541322574,14.88175815708854,-139.31403084109863,7,1
2012-10-19 17:07:02.127143+00:00,4.14,9.22,14.09,4581.531510657807,15.250877451001791,-138.57579225327214,8,1
2012-10-19 17:09:02.127143+00:00,4.16,9.25,14.14,3763.8406541322574,14.88175815708854,-139.31403084109863,9,1
2012-10-19 17:12:02.127143+00:00,3.8,8.48,12.96,3763.8406541322574,14.88175815708854,-139.31403084109863,9,1
2012-10-19 17:15:02.127143+00:00,3.77,8.4,12.84,3042.2167143749243,14.521644869527922,-140.03425741621987,8,1
2012-10-19 17:16:02.127143+00:00,3.77,8.4,12.84,3763.8406541322574,14.88175815708854,-139.31403084109863,7,1
2012-10-19 17:18:02.127143+00:00,3.73,8.32,12.73,3859.907570900474,14.890764163441172,-139.29601882839336,6,1
2012-10-19 17:22:02.127143+00:00,3.42,7.65,11.71,3606.680340955938,14.621583271059006,-139.8343806131577,4,1
2012-10-19 17:42:02.127143+00:00,1.52,3.43,5.26,7473.115542243476,17.13902285675321,-134.79950144176928,3,1
2012-10-19 17:50:02.127143+00:00,0.66,1.5,2.3,7473.115542243476,17.336481654297415,-134.40458384668085,3,1
2012-10-19 17:55:02.127143+00:00,0.73,1.66,2.55,21147.77670877787,19.092349248274175,-130.89284865872736,4,1
2012-10-19 18:00:02.127143+00:00,0.73,1.66,2.55,21147.77670877787,19.092349248274175,-130.89284865872736,4,1
2012-10-19 18:05:02.127143+00:00,0.01,0.04,0.06,31934.57431048269,19.69336361596274,-129.69081992335023,3,1
2012-10-19 18:11:02.127143+00:00,0.01,0.04,0.02,28537.888694722707,19.438202206359197,-130.2011427425573,4,1
2012-10-19 18:17:02.127143+00:00,0.01,0.04,0.02,21908.03674409443,19.10401773951716,-130.86951167624136,4,1
2012-10-19 18:20:02.127143+00:00,0.01,0.04,0.02,18674.870409226132,19.024994682278667,-131.02755779071836,5,1
2012-10-19 18:22:02.127143+00:00,0.97,2.21,3.38,18674.870409226132,18.570192469815943,-131.9371622156438,5,1
2012-10-19 18:28:02.127143+00:00,1.07,2.43,3.73,15643.17053405824,18.272937267675893,-132.5316726199239,5,1
2012-10-19 18:30:02.127143+00:00,1.07,2.43,3.73,15643.17053405824,18.272937267675893,-132.5316726199239,5,1
2012-10-19 18:37:02.127143+00:00,1.48,3.35,5.14,15489.558835277374,18.24144206015584,-132.594663034964,4,1
2012-10-19 18:44:02.127143+00:00,1.48,3.35,5.14,12756.081716474951,17.752822878376968,-133.57190139852176,4,1
2012-10-19 18:48:02.127143+00:00,1.72,3.88,5.94,9723.292704183834,17.211175274813108,-134.65519660564948,4,1
2012-10-19 18:52:02.127143+00:00,1.72,3.88,5.94,9723.292704183834,17.211175274813108,-134.65519660564948,4,1
2012-10-19 18:58:02.127143+00:00,2.06,4.65,7.12,6569.580197423464,16.732723301340283,-135.61210055259514,3,1
2012-10-19 19:03:02.127143+00:00,2.79,6.27,9.6,9270.36911191427,16.88967446765529,-135.29819821996512,3,1
2012-10-19 19:11:02.127143+00:00,4.26,9.47,14.47,6569.580197423464,16.732723301340283,-135.61210055259514,3,1
2012-10-19 19:15:02.127143+00:00,4.42,9.82,15.01,7377.483526999373,16.350071642074077,-136.37740387112754,3,1
2012-10-19 19:21:02.127143+00:00,5.09,11.25,17.17,5870.002263571178,15.778827564789244,-137.5198920256972,4,1
2012-10-19 19:27:02.127143+00:00,5.26,11.61,17.72,7377.483526999373,16.350071642074077,-136.37740387112754,5,1
2012-10-19 19:29:02.127143+00:00,5.26,11.61,17.72,7377.483526999373,16.350071642074077,-136.37740387112754,5,1
2012-10-19 19:31:02.127143+00:00,5.29,11.67,17.82,7377.483526999373,16.350071642074077,-136.37740387112754,5,1
2012-10-19 19:35:02.127143+00:00,5.42,11.93,18.21,5714.15918040951,16.190358457671586,-136.69683023993252,5,1
2012-10-19 19:43:02.127143+00:00,5.66,12.45,18.99,3421.077659711214,14.727966786648851,-139.62161358197798,3,1
2012-10-19 19:51:02.127143+00:00,5.86,12.86,19.62,1620.0663800889915,13.362835931191636,-142.35187529289243,3,1
2012-10-19 20:01:02.127143+00:00,6.37,13.93,21.23,1607.5672372538606,13.346479792151571,-142.38458757097254,3,1
2012-10-20 15:50:02.124683+00:00,1.17,2.64,4.05,4038.7019501190152,19.310937942339937,-127.26148731903046,26,1
2012-10-20 15:51:02.124683+00:00,1.45,3.27,5.01,4089.637958153377,19.27048336104723,-127.34239648161588,29,3
2012-10-20 15:52:02.124683+00:00,0.01,0.04,0.02,4253.627623090547,19.317622939845457,-127.24811732401945,31,3
2012-10-20 15:53:02.124683+00:00,0.01,0.04,0.02,4385.368183366492,19.434416298273806,-127.01453060716273,34,2
2012-10-20 15:54:02.124683+00:00,0.01,0.01,0.02,4539.992163898075,19.450964455858255,-126.98143429199382,36,3
2012-10-20 15:55:02.124683+00:00,0.01,0.01,0.02,4982.509082462655,19.464359906625795,-126.95464339045876,38,2
2012-10-20 15:56:02.124683+00:00,0.01,0.04,0.02,5705.747551254416,19.61473911320325,-126.65388497730385,41,3
2012-10-20 15:57:02.124683+00:00,1.03,2.32,3.56,6095.657446601929,19.786605856825844,-126.31015149005864,44,2
2012-10-20 15:58:02.124683+00:00,1.29,2.93,4.49,6177.994902965397,19.8338404501482,-126.21568230341394,47,3
2012-10-20 15:59:02.124683+00:00,1.17,2.64,4.05,6177.994902965397,19.8338404501482,-126.21568230341394,49,3
2012-10-20 16:00:02.124683+00:00,1.21,2.74,4.2,5962.980562641828,19.8338404501482,-126.21568230341394,51,2
2012-10-20 16:01:02.124683+00:00,1.29,2.93,4.49,6545.065937207063,19.897314991985297,-126.08873321973974,51,3
2012-10-20 16:02:02.124683+00:00,1.17,2.64,4.05,6511.034533327105,19.89074903980332,-126.1018651241037,52,2
2012-10-20 16:03:02.124683+00:00,0.97,2.21,3.38,6545.065937207063,19.897314991985297,-126.08873321973974,51,3
2012-10-20 16:04:02.124683+00:00,0.97,2.21,3.38,6477.003129447148,19.897314991985297,-126.08873321973974,51,2
2012-10-20 16:05:02.124683+00:00,0.92,2.08,3.19,6228.33433056203,19.75569564165957,-126.3719719203912,51,3
2012-10-20 16:06:02.124683+00:00,0.86,1.95,2.99,6477.003129447148,19.897314991985297,-126.08873321973974,49,2
2012-10-20 16:07:02.124683+00:00,0.86,1.95,2.99,6545.065937207063,19.924498614961873,-126.0343659737866,47,3
2012-10-20 16:08:02.124683+00:00,0.86,1.95,2.99,6477.003129447148,19.897314991985297,-126.08873321973974,45,3
2012-10-20 16:09:02.124683+00:00,1.07,2.43,3.73,6511.034533327105,19.910906803473587,-126.06154959676316,42,2
2012-10-20 16:10:02.124683+00:00,1.03,2.32,3.56,6615.127529544516,19.910906803473587,-126.06154959676316,40,2
2012-10-20 16:11:02.124683+00:00,0.97,2.21,3.38,7020.54302582792,19.986383353361074,-125.9105964969882,37,3
2012-10-20 16:12:02.124683+00:00,1.33,3.02,4.62,6685.189121881969,19.924498614961873,-126.0343659737866,35,3
2012-10-20 16:13:02.124683+00:00,2.17,4.88,7.48,6511.034533327105,19.82650531682243,-126.23035257006546,32,2
2012-10-20 16:14:02.124683+00:00,4.31,9.57,14.63,6327.499016206273,19.72246839600801,-126.43842641169432,30,3
2012-10-20 16:15:02.124683+00:00,4.31,9.57,14.63,6028.649573202919,19.654324458787208,-126.57471428613592,28,2
2012-10-20 16:17:02.124683+00:00,0.58,1.31,2.01,4947.69137274804,19.535421303206828,-126.81252059729668,23,1
2012-10-20 16:25:02.124683+00:00,10.99,23.35,35.44,1832.878544103819,15.246246539615282,-135.39087012447976,4,1
2012-10-20 23:28:02.124683+00:00,8.28,17.87,27.19,1906.04424661873,13.164497998942448,-139.55436720582543,3,1
2012-10-21 02:37:02.123453+00:00,5.03,11.11,16.97,14955.901962561313,17.857169561312254,-133.36099763732804,3,1
2012-10-21 02:45:02.123453+00:00,4.54,10.06,15.38,14240.989548103544,17.77920684671036,-133.51692306653183,3,1
2012-10-21 02:52:02.123453+00:00,4.29,9.54,14.58,12367.83264734966,18.15518669745544,-132.76496336504167,3,1
2012-10-21 03:01:02.123453+00:00,3.37,7.53,11.52,12367.83264734966,18.15518669745544,-132.76496336504167,3,1
2012-10-21 03:07:02.123453+00:00,3.12,6.99,10.69,12367.83264734966,18.457567108411585,-132.1602025431294,3,1
2012-10-21 03:12:02.123453+00:00,2.92,6.55,10.02,12215.10454127294,18.457567108411585,-132.1602025431294,3,1
2012-10-21 03:19:02.123453+00:00,0.01,0.04,0.04,12215.10454127294,18.457567108411585,-132.1602025431294,3,1
2012-10-21 03:26:02.123453+00:00,1.72,3.88,5.94,39560.08377458432,20.503610828891283,-128.06811510217,4,1
2012-10-21 03:31:02.123453+00:00,1.9,4.28,6.55,41708.167286725795,20.560650212118176,-127.9540363357162,4,1
2012-10-21 03:36:02.123453+00:00,2.14,4.83,7.39,40854.00753777511,20.44887633933795,-128.17758408127665,3,1
2012-10-21 03:41:02.123453+00:00,2.03,4.59,7.03,38705.924025633634,20.391836956111057,-128.29166284773044,4,1
2012-10-21 03:47:02.123453+00:00,1.37,3.1,4.76,9441.990158225504,18.3263355821418,-132.42266559566897,3,1
2012-10-21 03:55:02.123453+00:00,0.01,0.04,0.02,9441.990158225504,17.925712333854314,-133.22391209224392,3,1
2012-10-21 04:04:02.123453+00:00,2.29,5.16,7.91,10006.383108366696,17.925712333854314,-133.22391209224392,3,1
2012-10-21 04:11:02.123453+00:00,2.85,6.41,9.81,23722.766951132464,19.66405871350022,-129.7472193329521,3,1
2012-10-21 04:19:02.123453+00:00,2.88,6.45,9.88,37056.216910613555,20.50052861170063,-128.07427953655127,3,1
2012-10-21 04:47:02.123453+00:00,0.97,2.21,3.38,35840.49952229325,20.149183469895767,-128.776969820161,3,1
2012-10-21 04:52:02.123453+00:00,2.09,4.71,7.21,27679.058754264657,19.470815372199382,-130.1337060155538,3,1
2012-10-21 05:00:02.123453+00:00,2.34,5.27,8.07,14581.840769425067,18.669951886737557,-131.73543298647743,3,1
2012-10-21 05:27:02.123453+00:00,2.55,5.74,8.78,15622.882880293077,18.42028979013946,-132.23475717967364,3,1
2012-10-21 05:34:02.123453+00:00,2.27,5.11,7.82,13376.63814041321,18.231271985170206,-132.61279278961214,3,1
2012-10-21 05:40:02.123453+00:00,1.65,3.73,5.72,9045.308264438265,17.60851891757276,-133.85829892480703,3,1
2012-10-21 05:45:02.123453+00:00,0.01,0.04,0.06,9045.308264438265,17.60851891757276,-133.85829892480703,3,1
2012-10-21 05:52:02.123453+00:00,0.01,0.04,0.02,11252.532081509677,17.64102236458005,-133.79329203079246,3,1
2012-10-21 05:58:02.123453+00:00,1.07,2.43,3.73,15777.776432708451,18.283339372193723,-132.50865801556512,3,1
2012-10-21 06:05:02.123453+00:00,1.17,2.64,4.05,23468.5251930845,18.95073677716436,-131.17386320562383,4,1
2012-10-21 06:10:02.123453+00:00,1.48,3.35,5.14,25087.824743044403,19.266900245120283,-130.541536269712,4,1
2012-10-21 06:15:02.123453+00:00,0.01,0.04,0.04,27951.198539527926,19.60392702722715,-129.86748270549825,4,1
2012-10-21 06:19:02.123453+00:00,0.01,0.04,0.04,27951.198539527926,19.60392702722715,-129.86748270549825,4,1
2012-10-21 06:25:02.123453+00:00,0.92,2.08,3.19,48213.062165348485,20.655901281814177,-127.7635341963242,3,1
2012-10-21 06:30:02.123453+00:00,1.07,2.43,3.73,48213.062165348485,20.655901281814177,-127.7635341963242,3,1
2012-10-21 06:37:02.123453+00:00,2.17,4.88,7.48,23854.632716916356,20.217507825310392,-128.64032110933178,3,1
2012-10-21 06:42:02.123453+00:00,2.11,4.77,7.3,19019.100316339976,18.83907901594756,-131.39717872805744,4,1
2012-10-21 06:47:02.123453+00:00,2.06,4.65,7.12,14183.567915763597,18.47496252205468,-132.1254117158432,3,1
2012-10-21 06:52:02.123453+00:00,2.83,6.36,9.74,21562.248971310757,18.86948194693893,-131.3363728660747,3,1
2012-10-21 06:57:02.123453+00:00,3.46,7.74,11.83,21293.684383211596,19.036338728389683,-131.00265930317315,4,1
2012-10-21 07:04:02.123453+00:00,3.8,8.48,12.96,21025.11979511243,18.86948194693893,-131.3363728660747,3,1
2012-10-21 07:10:02.123453+00:00,3.89,8.67,13.25,21025.11979511243,19.17297520406479,-130.72938635182297,3,1
2012-10-21 07:15:02.123453+00:00,4.09,9.11,13.92,20643.731267095296,18.84912575834988,-131.3770852432528,3,1
2012-10-21 07:20:02.123453+00:00,3.94,8.78,13.42,19273.40243310574,18.77109808290767,-131.5331405941372,4,1
2012-10-21 07:28:02.123453+00:00,3.39,7.57,11.58,19115.10633592482,18.753664859494464,-131.5680070409636,4,1
2012-10-21 07:33:02.123453+00:00,2.66,5.98,9.16,20705.0101275556,18.888829534126643,-131.29767769169928,4,1
2012-10-21 07:38:02.123453+00:00,2.6,5.84,8.94,23823.53885035686,19.11945510761424,-130.83642654472408,3,1
2012-10-21 07:42:02.123453+00:00,2.6,5.84,8.94,23823.53885035686,19.11945510761424,-130.83642654472408,3,1
2012-10-21 08:32:02.123453+00:00,0.01,0.04,0.02,15938.14270719334,19.26663739132882,-130.5420619772949,3,1
2012-10-21 08:37:02.123453+00:00,0.86,1.95,2.99,19087.10828185225,19.45941755674847,-130.1565016464556,4,1
2012-10-21 08:41:02.123453+00:00,1.07,2.43,3.73,22236.073856511157,19.65219772216812,-129.7709413156163,5,1
2012-10-21 08:45:02.123453+00:00,1.29,2.93,4.49,22236.073856511157,19.738835878092424,-129.5976650037677,5,1
2012-10-21 08:50:02.123453+00:00,1.33,3.02,4.62,22236.073856511157,19.738835878092424,-129.5976650037677,5,1
2012-10-21 08:55:02.123453+00:00,1.33,3.02,4.62,19920.63587394992,19.738835878092424,-129.5976650037677,5,1
2012-10-21 08:59:02.123453+00:00,0.73,1.66,2.55,16678.07479353042,19.51263795761484,-130.05006084472285,4,1
2012-10-21 09:04:02.123453+00:00,0.01,0.04,0.02,13975.48559634739,19.16289474858953,-130.74954726277352,5,1
2012-10-21 09:09:02.123453+00:00,0.01,0.04,0.02,13975.48559634739,19.074744938152037,-130.9258468836485,5,1
2012-10-21 09:14:02.123453+00:00,0.01,0.04,0.02,13975.48559634739,19.018014108662005,-131.03930854262853,5,1
2012-10-21 09:18:02.123453+00:00,1.03,2.32,3.56,17745.517488245372,18.666477513725187,-131.7423817325022,5,1
2012-10-21 09:20:02.123453+00:00,1.55,3.51,5.38,17765.451022310182,18.621394290330475,-131.83254817929162,4,1
2012-10-21 09:27:02.123453+00:00,2.73,6.13,9.38,14835.542844484424,18.03407035350454,-133.00719605294347,5,1
2012-10-21 09:32:02.123453+00:00,3.33,7.45,11.4,13374.369887200624,17.85575444528994,-133.36382786937267,4,1
2012-10-21 09:36:02.123453+00:00,3.8,8.48,12.96,14835.542844484424,18.03407035350454,-133.00719605294347,5,1
2012-10-21 09:41:02.123453+00:00,4.23,9.4,14.36,12794.726647731186,17.745574535077548,-133.58418768979746,5,1
2012-10-21 09:46:02.123453+00:00,4.57,10.13,15.48,12353.961788824006,17.711506536076442,-133.65232368779965,4,1
2012-10-21 09:51:02.123453+00:00,4.68,10.37,15.85,12353.961788824006,17.711506536076442,-133.65232368779965,4,1
2012-10-21 09:59:02.123453+00:00,5.66,12.45,18.99,5385.005557516305,15.934236147499528,-137.2068644649535,3,1
2012-10-21 10:05:02.123453+00:00,6.74,14.7,22.41,3035.5643847775914,14.656560852279211,-139.76221505539414,4,1
2012-10-21 10:10:02.123453+00:00,6.88,14.98,22.83,2851.4693824088163,14.5977631868395,-139.87981038627356,4,1
2012-10-21 10:11:02.123453+00:00,6.85,14.92,22.74,2851.4693824088163,14.5977631868395,-139.87981038627356,4,1
2012-10-21 10:16:02.123453+00:00,6.98,15.2,23.16,2368.511737018007,14.279931259053264,-140.51547424184602,3,1
2012-10-21 12:09:02.122223+00:00,6.86,14.95,22.78,5071.710128912932,15.77296221207158,-137.45658595108088,3,1
2012-10-21 12:14:02.122223+00:00,6.82,14.86,22.64,5071.710128912932,15.77296221207158,-137.45658595108088,5,1
2012-10-21 12:18:02.122223+00:00,6.82,14.86,22.64,5071.710128912932,15.77296221207158,-137.45658595108088,5,1
2012-10-21 12:21:02.122223+00:00,6.79,14.8,22.55,5397.30255551287,15.788765059175404,-137.42498025687323,5,1
2012-10-21 12:23:02.122223+00:00,6.79,14.8,22.55,5397.30255551287,15.788765059175404,-137.42498025687323,5,1
2012-10-21 12:31:02.122223+00:00,6.22,13.61,20.76,8124.184014953005,16.568490639246626,-135.8655290967308,6,1
2012-10-21 12:34:02.122223+00:00,6.01,13.17,20.09,9439.575277420005,16.845525806839753,-135.31145876154454,4,1
2012-10-21 12:36:02.122223+00:00,5.92,12.99,19.81,8747.723300165306,16.641589496998893,-135.71933138122623,5,1
2012-10-21 12:39:02.122223+00:00,5.9,12.95,19.76,8354.883644801404,16.60436944072861,-135.79377149376683,6,1
2012-10-21 12:45:02.122223+00:00,5.62,12.35,18.84,7962.043989437501,16.567149384458332,-135.86821160630737,5,1
2012-10-21 12:49:02.122223+00:00,5.68,12.48,19.04,7673.68725620057,16.38558001034005,-136.23135035454396,4,1
2012-10-21 12:55:02.122223+00:00,5.58,12.29,18.75,6891.0924216423045,16.120931972637784,-136.76064642994848,4,1
2012-10-21 13:00:02.122223+00:00,5.75,12.64,19.28,5887.023243866537,15.986371752385706,-137.02976687045262,4,1
2012-10-21 13:04:02.122223+00:00,5.93,13.02,19.86,5377.192167412103,15.93489019571761,-137.1327299837888,5,1
2012-10-21 13:08:02.122223+00:00,6.08,13.33,20.33,4440.977654008068,15.362233155628116,-138.2780440639678,6,1
2012-10-21 13:13:02.122223+00:00,6.91,15.05,22.92,2833.279372478959,14.503264789577486,-139.99598079606906,7,1
2012-10-21 13:14:02.122223+00:00,6.97,15.17,23.11,2762.3009436019047,14.28479070134446,-140.4329289725351,6,1
2012-10-21 13:18:02.122223+00:00,6.71,14.64,22.32,2762.3009436019047,14.28479070134446,-140.4329289725351,8,1
2012-10-21 13:21:02.122223+00:00,6.82,14.86,22.64,2691.32251472485,14.066316613111436,-140.86987714900116,7,1
2012-10-21 13:22:02.122223+00:00,6.83,14.89,22.69,2691.32251472485,14.066316613111436,-140.86987714900116,7,1
2012-10-21 13:27:02.122223+00:00,6.82,14.86,22.64,2762.3009436019047,14.28479070134446,-140.4329289725351,6,1
2012-10-21 13:28:02.122223+00:00,6.83,14.89,22.69,2833.279372478959,14.503264789577486,-139.99598079606906,5,1
2012-10-21 13:33:02.122223+00:00,5.31,11.7,17.87,4116.653023108269,15.081785998310387,-138.83893837860325,4,1
2012-10-21 14:04:02.122223+00:00,5.15,11.38,17.37,6665.653123131772,16.130026162028976,-136.7424580511661,3,1
2012-10-21 14:08:02.122223+00:00,5.15,11.38,17.37,6665.653123131772,16.130026162028976,-136.7424580511661,3,1
2012-10-21 14:13:02.122223+00:00,4.21,9.36,14.31,6665.653123131772,16.130026162028976,-136.7424580511661,5,1
2012-10-21 14:18:02.122223+00:00,3.78,8.44,12.9,2471.675353897234,14.145865313265896,-140.71077974869223,5,1
2012-10-21 14:23:02.122223+00:00,3.75,8.36,12.79,5684.100073825052,15.729209338207662,-137.5440916988087,5,1
2012-10-21 14:26:02.122223+00:00,3.68,8.21,12.55,4077.8877138611433,14.93753732573678,-139.12743572375047,4,1
2012-10-21 14:29:02.122223+00:00,3.68,8.21,12.55,5684.100073825052,15.729209338207662,-137.5440916988087,3,1
2012-10-21 15:05:02.122223+00:00,0.48,1.1,1.68,3666.961040731427,14.955500208162617,-139.09150995889885,4,2
2012-10-21 15:11:02.122223+00:00,2.68,6.03,9.23,4393.3949591256915,15.624071398518453,-137.75436757818713,5,1
2012-10-21 15:16:02.122223+00:00,0.03,0.07,0.12,7610.456030036169,16.34386890179335,-136.31477257163735,5,1
2012-10-21 15:17:02.122223+00:00,0.03,0.07,0.12,7610.456030036169,16.34386890179335,-136.31477257163735,5,1
2012-10-21 15:21:02.122223+00:00,0.02,0.04,0.09,7610.456030036169,16.37714575220788,-136.24821887080827,7,1
2012-10-21 15:23:02.122223+00:00,0.02,0.04,0.09,12552.22750398119,17.43886123224263,-134.12478791073875,6,1
2012-10-21 15:28:02.122223+00:00,0.86,1.95,2.99,30177.17056854506,19.586902564298015,-129.828705246628,5,1
2012-10-21 15:29:02.122223+00:00,0.86,1.95,2.99,30177.17056854506,19.586902564298015,-129.828705246628,5,1
2012-10-21 15:35:02.122223+00:00,2.03,4.59,7.03,30177.17056854506,19.586902564298015,-129.828705246628,5,1
2012-10-21 15:40:02.122223+00:00,2.75,6.18,9.45,31290.815686028152,19.62726486136583,-129.74798065249237,4,1
2012-10-21 15:42:02.122223+00:00,2.75,6.18,9.45,31290.815686028152,19.62726486136583,-129.74798065249237,4,1
2012-10-21 15:47:02.122223+00:00,2.71,6.08,9.31,22033.13745966286,19.114487619032225,-130.7735351371596,3,1
2012-10-21 16:00:02.122223+00:00,3.59,8.01,12.26,3795.1095940805303,15.08891988004926,-138.8246706151255,3,1
2012-10-21 16:04:02.122223+00:00,3.27,7.33,11.21,5761.6350296348655,15.771970688139614,-137.4585689989448,4,1
2012-10-21 16:10:02.122223+00:00,3.29,7.37,11.27,4532.65430834987,15.409136082703442,-138.18423820981715,5,2
2012-10-21 16:17:02.122223+00:00,3.37,7.53,11.52,6862.374903590749,16.179752511456353,-136.64300535231132,4,1
2012-10-21 16:23:02.122223+00:00,3.44,7.7,11.77,4532.65430834987,15.409136082703442,-138.18423820981715,3,1
2012-10-21 16:41:02.122223+00:00,3.96,8.81,13.47,18974.41657606791,18.479192822386448,-132.04412473045113,3,1
2012-10-21 16:43:02.122223+00:00,3.92,8.74,13.36,15958.666065047826,18.078010903687588,-132.84648856784884,4,1
2012-10-21 16:48:02.122223+00:00,3.92,8.74,13.36,15958.666065047826,18.078010903687588,-132.84648856784884,4,1
2012-10-21 16:53:02.122223+00:00,2.46,5.53,8.47,10718.464172794,17.466370392742824,-134.06976958973837,4,1
2012-10-21 16:59:02.122223+00:00,2.09,4.71,7.21,8480.075937268535,17.073096053688253,-134.85631826784754,4,1
2012-10-21 17:03:02.122223+00:00,2.24,5.05,7.74,8494.012791560257,16.89028030687958,-135.22194976146488,3,1
2012-10-21 17:08:02.122223+00:00,2.27,5.11,7.82,8480.075937268535,16.78855233808641,-135.42540569905125,4,1
2012-10-21 17:29:02.122223+00:00,2.37,5.33,8.15,7037.600795264557,16.845807566354257,-135.31089524251553,3,1
2012-10-21 17:35:02.122223+00:00,2.44,5.48,8.39,11312.455461419955,17.38128457724088,-134.23994122074228,4,1
2012-10-21 17:36:02.122223+00:00,2.44,5.48,8.39,11312.455461419955,17.38128457724088,-134.23994122074228,4,1
2012-10-21 17:40:02.122223+00:00,2.46,5.53,8.47,11089.777896168654,17.385066027125152,-134.23237832097374,5,1
2012-10-21 17:48:02.122223+00:00,2.83,6.36,9.74,8330.504683499501,16.815361616987428,-135.37178714124917,4,1
2012-10-21 17:50:02.122223+00:00,2.83,6.36,9.74,8330.504683499501,16.815361616987428,-135.37178714124917,4,1
2012-10-21 17:57:02.122223+00:00,1.59,3.59,5.49,5847.956831245177,16.016191892095335,-136.97012659103336,4,1
2012-10-21 18:11:02.122223+00:00,3.4,7.61,11.65,7277.419429993331,16.43464425685343,-136.13322186151717,3,1
2012-10-21 18:16:02.122223+00:00,3.37,7.53,11.52,9879.15039763151,17.035262155254742,-134.93198606471455,4,1
2012-10-21 18:18:02.122223+00:00,3.37,7.53,11.52,9879.15039763151,17.035262155254742,-134.93198606471455,4,1
2012-10-21 18:21:02.122223+00:00,3.7,8.25,12.61,12719.174337101842,17.693110095294102,-133.61629018463583,4,1
2012-10-21 18:28:02.122223+00:00,3.35,7.49,11.46,12480.88136526969,17.63588005365605,-133.73075026791193,3,1
2012-10-21 18:31:02.122223+00:00,3.4,7.61,11.65,7775.398347365586,15.958005402639692,-137.08649956994464,4,1
2012-10-21 18:39:02.122223+00:00,3.0,6.72,10.29,3069.9153294614835,14.280130751623334,-140.44224887197737,3,1
2012-10-21 19:09:02.122223+00:00,9.71,20.77,31.56,12928.291036527193,17.468620974732506,-134.06526842575903,3,1
2012-10-21 19:38:02.122223+00:00,2.41,5.43,8.31,24520.468185811937,19.44137771133817,-130.1197549525477,5,1
2012-10-21 19:42:02.122223+00:00,2.39,5.38,8.23,16775.890271467444,18.179843764354317,-132.6428228465154,6,1
2012-10-21 19:43:02.122223+00:00,3.06,6.86,10.49,20029.627470093983,18.78121296128989,-131.44008445264427,7,1
2012-10-21 19:44:02.122223+00:00,3.06,6.86,10.49,20029.627470093983,18.78121296128989,-131.44008445264427,7,1
2012-10-21 19:47:02.122223+00:00,3.46,7.74,11.83,17155.24292620397,18.42475285506182,-132.1530046651004,8,1
2012-10-21 19:51:02.122223+00:00,3.53,7.9,12.07,14280.858382313956,18.06829274883375,-132.86592487755652,7,1
2012-10-21 19:52:02.122223+00:00,3.89,8.67,13.25,20029.627470093983,18.78121296128989,-131.44008445264427,7,1
2012-10-21 19:57:02.122223+00:00,3.91,8.7,13.3,21186.56087792442,18.853614002345314,-131.2952823705334,6,1
2012-10-21 20:01:02.122223+00:00,4.47,9.93,15.17,21186.56087792442,18.853614002345314,-131.2952823705334,6,1
2012-10-21 20:05:02.122223+00:00,4.59,10.17,15.53,29779.41633023926,19.53588911456639,-129.93073214609126,5,1
2012-10-21 20:10:02.122223+00:00,5.32,11.74,17.92,34078.12322408823,19.741936335006915,-129.5186377052102,5,1
2012-10-21 20:15:02.122223+00:00,5.83,12.8,19.52,37499.451642832595,19.905942874078303,-129.19062462706742,5,1
2012-10-21 20:20:02.122223+00:00,6.2,13.58,20.71,37961.79280278185,19.95672084850031,-129.0890686782234,4,1
2012-10-21 20:24:02.122223+00:00,6.26,13.71,20.9,31507.57183638499,19.541427638636726,-129.91965509795057,6,1
2012-10-21 20:28:02.122223+00:00,6.41,14.02,21.37,24360.567651511672,18.989559967543865,-131.02339044013632,6,1
2012-10-21 20:30:02.122223+00:00,6.77,14.77,22.5,23205.443273085966,18.802207531892584,-131.39809531143888,5,1
2012-10-21 20:32:02.122223+00:00,6.71,14.64,22.32,21054.01589648377,18.624401794590295,-131.75370678604344,6,1
2012-10-21 20:37:02.122223+00:00,7.48,16.22,24.7,13240.198557122774,17.820808378476897,-133.36089361827024,7,1
2012-10-21 20:41:02.122223+00:00,7.79,16.87,25.68,10457.245533967534,17.217960711000153,-134.56658895322374,6,1
2012-10-21 20:42:02.122223+00:00,7.79,16.87,25.68,10457.245533967534,17.217960711000153,-134.56658895322374,6,1
2012-10-21 20:47:02.122223+00:00,8.04,17.37,26.43,7284.24797324556,16.54020601356161,-135.9220983481008,6,1
2012-10-21 20:50:02.122223+00:00,7.9,17.09,26.01,6067.818070936981,15.933940934961818,-137.1346285053004,7,1
2012-10-21 20:52:02.122223+00:00,8.2,17.71,26.95,5538.849983621616,15.920693205378903,-137.1611239644662,7,1
2012-10-21 20:57:02.122223+00:00,6.19,13.55,20.67,5265.152383559117,15.909033244204732,-137.1844438868146,5,1
2012-10-21 20:59:02.122223+00:00,6.16,13.49,20.57,5265.152383559117,15.909033244204732,-137.1844438868146,5,1
2012-10-21 21:02:02.122223+00:00,6.26,13.71,20.9,3274.7617468894346,14.68035764241507,-139.64179509039388,5,1
2012-10-21 21:09:02.122223+00:00,9.04,19.42,29.52,3224.7770516758355,14.558983655086005,-139.884543065052,3,1
2012-10-21 21:18:02.122223+00:00,7.58,16.44,25.03,3917.645913390619,19.04384982759928,-130.91481072002546,4,1
2012-10-21 21:27:02.122223+00:00,20.05,40.0,40.0,4610.514775105404,23.528716000112556,-121.94507837499891,3,2
2012-10-21 23:16:02.122223+00:00,19.15,39.63,40.0,2933.3174546558757,14.917489581416138,-139.16753121239176,3,1
2012-10-21 23:23:02.122223+00:00,19.52,40.0,40.0,3479.5551094299967,14.530597410374158,-139.94131555447572,3,1
2012-10-22 10:37:02.120993+00:00,6.91,15.05,22.92,2498.356131338362,14.781458049502705,-141.8856419994877,3,1
2012-10-22 10:44:02.120993+00:00,5.98,13.11,20.0,3683.2492360578894,15.723657253249629,-140.00124359199384,4,1
2012-10-22 10:48:02.120993+00:00,5.78,12.7,19.38,3736.708028738787,15.764866003131036,-139.91882609223103,3,1
2012-10-22 10:53:02.120993+00:00,5.74,12.6,19.23,3683.2492360578894,15.723657253249629,-140.00124359199384,4,1
2012-10-22 11:14:02.120993+00:00,1.12,2.54,3.89,3200.363461161995,15.35679884327892,-140.73496041193525,3,1
2012-10-22 11:19:02.120993+00:00,1.12,2.54,3.89,3200.363461161995,15.35679884327892,-140.73496041193525,3,1
2012-10-22 11:24:02.120993+00:00,1.55,3.51,5.38,5774.942592366728,16.570173808786297,-138.30821048092048,4,1
2012-10-22 11:38:02.120993+00:00,0.01,0.04,0.02,14766.438150591592,18.926266718251767,-133.59602466198956,3,1
2012-10-22 11:45:02.120993+00:00,0.01,0.01,0.02,14766.438150591592,18.926266718251767,-133.59602466198956,3,1
2012-10-22 11:51:02.120993+00:00,1.17,2.64,4.05,13242.236680664304,18.725841763155564,-133.99687457218195,3,1
2012-10-22 14:21:02.129763+00:00,1.25,2.84,4.34,5705.318563165502,16.61191433126977,-138.48931529428182,3,1
2012-10-22 14:27:02.129763+00:00,1.03,2.32,3.56,11010.07813918603,18.501221464399677,-134.71070102802202,4,1
2012-10-22 14:31:02.129763+00:00,1.03,2.32,3.56,12275.926524790148,18.699964403930707,-134.31321514895996,3,1
2012-10-22 14:36:02.129763+00:00,1.03,2.32,3.56,12275.926524790148,18.699964403930707,-134.31321514895996,3,1
2012-10-22 15:28:02.129763+00:00,1.81,4.08,6.25,12069.533122093671,18.208022357789368,-135.29709924124265,3,1
2012-10-22 15:46:02.129763+00:00,0.01,0.04,0.02,5289.325140735524,16.80350292098588,-138.1061381148496,3,1
2012-10-22 16:45:02.129763+00:00,1.68,3.81,5.83,25027.34966331209,19.65946624480107,-132.3942114672192,3,1
2012-10-22 17:02:02.129763+00:00,1.92,4.34,6.65,4858.183764603798,17.467707331784244,-136.7777292932529,3,1
2012-10-22 19:45:02.129763+00:00,4.24,9.43,14.42,6461.396100005211,16.76403577264641,-138.18507241152855,3,1
2012-10-22 19:51:02.129763+00:00,4.78,10.58,16.16,8896.812784991995,17.341900058948,-137.02934383892537,3,1
2012-10-22 19:57:02.129763+00:00,4.97,10.98,16.77,9313.87123063908,17.445050515494692,-136.823042925832,3,1
2012-10-22 20:04:02.129763+00:00,5.32,11.74,17.92,9313.87123063908,17.445050515494692,-136.823042925832,3,1
2012-10-22 20:11:02.129763+00:00,5.69,12.51,19.09,9023.699753234876,17.252477779541152,-137.20818839773906,3,1
2012-10-22 20:20:02.129763+00:00,5.99,13.14,20.05,6854.026636851629,16.995831633298625,-137.72148069022413,3,1
2012-10-22 20:37:02.129763+00:00,7.64,16.56,25.22,2715.2245915310896,14.700520843348388,-142.3121022701246,3,1
2012-10-24 12:14:02.124843+00:00,17.49,36.34,40.0,3764.9271299805623,17.784065155991478,-136.6654332991786,3,1
2012-10-24 12:20:02.124843+00:00,17.49,36.34,40.0,3764.9271299805623,17.784065155991478,-136.6654332991786,3,1
2012-10-24 12:21:02.124843+00:00,17.49,36.34,40.0,3764.9271299805623,17.784065155991478,-136.6654332991786,3,1
2012-10-24 12:35:02.124843+00:00,27.82,40.0,40.0,4231.6886915497635,19.507000633552735,-133.21956234405607,9,1
2012-10-24 12:39:02.124843+00:00,10.36,22.09,33.55,4304.702896320514,19.540968127052523,-133.1516273570565,10,2
2012-10-24 12:40:02.124843+00:00,10.36,22.09,33.55,4304.702896320514,19.540968127052523,-133.1516273570565,10,2
2012-10-24 12:41:02.124843+00:00,10.36,22.09,33.55,4304.702896320514,19.540968127052523,-133.1516273570565,10,2
2012-10-24 12:43:02.124843+00:00,10.36,22.09,33.55,4304.702896320514,19.540968127052523,-133.1516273570565,10,1
2012-10-24 12:45:02.124843+00:00,10.36,22.09,33.55,4231.6886915497635,19.507000633552735,-133.21956234405607,9,1
2012-10-24 12:46:02.124843+00:00,10.36,22.09,33.55,4231.6886915497635,19.507000633552735,-133.21956234405607,9,1
2012-10-25 03:59:02.123613+00:00,8.08,17.46,26.58,2072.677953401417,14.603125428570795,-143.27544739307316,3,1
2012-10-25 04:06:02.123613+00:00,7.06,15.36,23.39,4080.101034461892,15.801367607750102,-140.87896303471456,3,1
2012-10-25 04:42:02.123613+00:00,5.84,12.83,19.57,10099.12846319154,17.749189471168478,-136.98331930787782,3,1
2012-10-25 04:47:02.123613+00:00,5.49,12.09,18.45,11711.17369369267,18.031763164278775,-136.4181719216572,3,1
2012-10-25 04:56:02.123613+00:00,4.67,10.34,15.79,11711.17369369267,18.031763164278775,-136.4181719216572,3,1
2012-10-25 05:04:02.123613+00:00,4.62,10.24,15.64,7884.431961108879,17.429795223856917,-137.62210780250092,3,1
2012-10-25 05:28:02.123613+00:00,3.62,8.09,12.37,15547.307677877025,18.766311323427644,-134.9490756033595,3,1
2012-10-25 05:35:02.123613+00:00,3.1,6.94,10.62,16334.515307788692,18.904911440763907,-134.67187536868695,3,1
2012-10-25 05:42:02.123613+00:00,2.79,6.27,9.6,10882.714298844116,18.5529154245883,-135.3758674010382,4,1
2012-10-25 05:48:02.123613+00:00,1.59,3.59,5.49,5430.913289899543,18.200919408412688,-136.0798594333894,3,1
2012-10-25 05:52:02.123613+00:00,1.41,3.19,4.89,5934.356669248948,17.92388674946627,-136.63392475128222,4,1
2012-10-25 05:58:02.123613+00:00,1.41,3.19,4.89,6437.800048598351,17.646854090519856,-137.18799006917504,3,1
2012-10-25 06:04:02.123613+00:00,2.32,5.22,7.99,17441.663532884675,19.573136205322,-133.33542583957075,3,1
2012-10-25 06:10:02.123613+00:00,1.78,4.02,6.15,30102.82350559389,20.30343515599389,-131.874827938227,4,1
2012-10-25 06:15:02.123613+00:00,1.75,3.95,6.05,33899.027028476135,20.532287407402432,-131.4171234354099,3,1
2012-10-25 06:20:02.123613+00:00,1.45,3.27,5.01,34183.45178737317,20.5880800820101,-131.30553808619456,3,1
2012-10-25 06:58:02.123613+00:00,0.66,1.5,2.3,37870.984634146545,21.032704861062157,-130.41628852809043,3,1
2012-10-25 07:03:02.123613+00:00,1.55,3.51,5.38,38770.996155078414,21.033280190606423,-130.4151378690019,4,1
2012-10-25 07:07:02.123613+00:00,1.55,3.51,5.38,38770.996155078414,21.033280190606423,-130.4151378690019,4,1
2012-10-25 07:11:02.123613+00:00,1.98,4.47,6.84,38770.996155078414,20.890227974759412,-130.70124230069592,4,1
2012-10-25 07:19:02.123613+00:00,2.03,4.59,7.03,8586.180855503884,17.573303125838763,-137.33509199853722,4,1
2012-10-25 07:23:02.123613+00:00,2.92,6.55,10.02,8586.180855503884,17.573303125838763,-137.33509199853722,4,1
2012-10-25 07:27:02.123613+00:00,2.92,6.55,10.02,10076.209166659102,17.77662780144592,-136.92844264732292,5,1
2012-10-25 07:33:02.123613+00:00,3.48,7.78,11.89,12137.93600958595,18.23641539451197,-136.00886746119082,4,1
2012-10-25 07:37:02.123613+00:00,3.55,7.93,12.14,12314.877281598545,18.321270678614127,-135.83915689298652,4,1
2012-10-25 07:41:02.123613+00:00,3.78,8.44,12.9,10910.550938405782,18.211571889330035,-136.05855447155471,5,1
2012-10-25 07:45:02.123613+00:00,3.75,8.36,12.79,10556.668394380593,18.041861321125715,-136.39797560796333,5,1
2012-10-25 07:49:02.123613+00:00,3.84,8.55,13.08,9215.881851787246,17.654185258844237,-137.17332773252627,4,1
2012-10-25 07:53:02.123613+00:00,3.78,8.44,12.9,7875.095309193898,17.266509196562755,-137.94867985708925,3,1
2012-10-25 08:22:02.123613+00:00,1.29,2.93,4.49,19262.99120090925,19.38472769145384,-133.71224286730708,4,1
2012-10-25 08:27:02.123613+00:00,1.62,3.66,5.61,14571.175790688185,18.80262719903665,-134.87644385214145,4,1
2012-10-25 08:32:02.123613+00:00,2.17,4.88,7.48,11160.470733560573,18.28313097951002,-135.91543629119474,5,1
2012-10-25 08:36:02.123613+00:00,2.94,6.59,10.09,7989.939208590231,17.44550692358617,-137.59068440304242,5,1
2012-10-25 08:41:02.123613+00:00,3.66,8.17,12.49,7989.939208590231,17.44550692358617,-137.59068440304242,5,1
2012-10-25 08:45:02.123613+00:00,4.09,9.11,13.92,11160.470733560573,18.28313097951002,-135.91543629119474,5,1
2012-10-25 08:50:02.123613+00:00,4.33,9.61,14.69,9178.98922019943,17.62317484388225,-137.23534856245027,6,1
2012-10-25 08:54:02.123613+00:00,4.62,10.24,15.64,11979.54822805942,18.056495099199157,-136.36870805181644,6,1
2012-10-25 08:57:02.123613+00:00,4.76,10.54,16.1,13016.571924245372,18.135356015747625,-136.2109862187195,5,1
2012-10-25 08:59:02.123613+00:00,4.76,10.54,16.1,12119.013015316432,18.056495099199157,-136.36870805181644,6,1
2012-10-25 09:03:02.123613+00:00,4.78,10.58,16.16,11120.644117681328,17.93086674307307,-136.61996476406864,6,1
2012-10-25 09:07:02.123613+00:00,5.01,11.08,16.92,11019.83412897516,17.884099303495454,-136.71349964322386,5,1
2012-10-25 09:11:02.123613+00:00,4.78,10.58,16.16,11019.83412897516,17.734534961431624,-137.0126283273515,5,1
2012-10-25 09:16:02.123613+00:00,5.09,11.25,17.17,9356.09503178448,17.411771530732167,-137.6581551887504,4,1
2012-10-25 09:19:02.123613+00:00,6.2,13.58,20.71,5867.816173580927,16.53301699837293,-139.4156642534689,4,1
2012-10-25 09:26:02.123613+00:00,6.92,15.08,22.97,1975.6875449303209,16.07040104758175,-140.34089615505127,4,1
2012-10-25 09:35:02.123613+00:00,6.07,13.3,20.28,2293.104931754471,18.597991889026176,-135.2857144721624,5,1
2012-10-25 09:36:02.123613+00:00,6.1,13.36,20.38,2672.6678966996924,18.64639255023461,-135.18891314974556,7,1
2012-10-25 09:40:02.123613+00:00,6.1,13.36,20.38,2672.6678966996924,18.64639255023461,-135.18891314974556,7,1
2012-10-25 09:45:02.123613+00:00,6.1,13.36,20.38,2672.6678966996924,18.64639255023461,-135.18891314974556,7,2
2012-10-25 09:46:02.123613+00:00,6.1,13.36,20.38,3800.2390811330542,18.95121321971812,-134.57927181077852,5,1
2012-10-25 09:48:02.123613+00:00,6.1,13.36,20.38,3800.2390811330542,18.95121321971812,-134.57927181077852,5,1
2012-10-25 10:39:02.123613+00:00,6.07,13.3,20.28,3668.632665998384,18.376430632947567,-135.72883698431963,3,1
2012-10-25 10:46:02.123613+00:00,6.02,13.21,20.14,3022.0489623424437,18.216047712655836,-136.0496028249031,6,1
2012-10-25 10:47:02.123613+00:00,6.02,13.21,20.14,3022.0489623424437,18.216047712655836,-136.0496028249031,6,1
2012-10-25 10:53:02.123613+00:00,6.02,13.21,20.14,3283.5689356994444,17.95760125671533,-136.56649573678413,6,1
2012-10-25 10:54:02.123613+00:00,6.02,13.21,20.14,3283.5689356994444,17.95760125671533,-136.56649573678413,6,2
2012-10-25 11:01:02.123613+00:00,25.85,40.0,40.0,2375.4652586865027,17.536855976415954,-137.40798629738285,5,1
2012-10-25 13:10:02.122383+00:00,28.12,40.0,40.0,2700.127937477005,18.74188334094412,-135.0799044506245,3,1
2012-10-25 13:12:02.122383+00:00,28.12,40.0,40.0,2700.127937477005,18.74188334094412,-135.0799044506245,3,1
2012-10-25 13:16:02.122383+00:00,28.22,40.0,40.0,2561.4999494150743,18.59372008867448,-135.37623095516378,4,1
2012-10-25 13:26:02.122383+00:00,14.56,30.5,40.0,2373.9095146465224,18.291943655147264,-135.97978382221822,6,1
2012-10-25 13:27:02.122383+00:00,14.54,30.46,40.0,2324.9470679399014,18.138330473889688,-136.28701018473336,5,2
2012-10-25 13:28:02.122383+00:00,14.54,30.46,40.0,2324.9470679399014,18.138330473889688,-136.28701018473336,5,1
2012-10-25 13:29:02.122383+00:00,14.54,30.46,40.0,2324.9470679399014,18.138330473889688,-136.28701018473336,5,1
2012-10-25 14:05:02.122383+00:00,6.5,14.21,21.66,2676.6602392641767,15.34664835047739,-141.87037443155796,3,1
2012-10-25 14:10:02.122383+00:00,6.35,13.9,21.19,3393.4159799918034,15.712431087894531,-141.13880895672366,4,1
2012-10-25 14:14:02.122383+00:00,5.78,12.7,19.38,4110.17172071943,16.07821382531168,-140.4072434818894,5,1
2012-10-25 14:19:02.122383+00:00,5.75,12.64,19.28,4546.589103469334,16.12399297557596,-140.31568518136083,4,1
2012-10-25 14:23:02.122383+00:00,5.72,12.57,19.18,5730.435706296126,16.51470918048892,-139.5342527715349,4,1
2012-10-25 14:32:02.122383+00:00,5.43,11.96,18.26,6477.864926373013,16.859646235137596,-138.84437866223757,3,1
2012-10-25 14:38:02.122383+00:00,5.78,12.7,19.38,4762.575022283278,16.13585613443178,-140.29195886364917,3,1
2012-10-26 06:33:02.121153+00:00,14.62,30.63,40.0,1915.9487163420583,13.645655094286598,-144.1938241752248,3,1
2012-10-26 06:38:02.121153+00:00,14.69,30.75,40.0,1915.9487163420583,13.645655094286598,-144.1938241752248,3,1
2012-10-26 06:42:02.121153+00:00,14.71,30.8,40.0,1915.9487163420583,13.645655094286598,-144.1938241752248,3,1
2012-10-26 08:40:02.121153+00:00,6.01,13.17,20.09,3961.846315511739,15.601806017970944,-140.28152232785612,4,1
2012-10-26 08:45:02.121153+00:00,6.31,13.8,21.04,5177.11637823099,16.276743078686128,-138.9316482064257,4,1
2012-10-26 08:50:02.121153+00:00,5.86,12.86,19.62,5943.4651749146815,16.645207309358597,-138.1947197450808,5,1
2012-10-26 08:51:02.121153+00:00,5.84,12.83,19.57,6898.600719188988,16.73255490284385,-138.02002455811026,4,1
2012-10-26 08:55:02.121153+00:00,5.6,12.32,18.8,7853.736263463293,16.819902496329107,-137.84532937113977,5,1
2012-10-26 09:02:02.121153+00:00,4.76,10.54,16.1,12381.099427845746,17.629543411032614,-136.22604754173275,3,1
2012-10-26 09:08:02.121153+00:00,4.36,9.68,14.79,12381.099427845746,17.629543411032614,-136.22604754173275,3,1
2012-10-26 09:31:02.121153+00:00,4.04,9.0,13.76,3590.9137026723724,15.81790833783925,-139.8493176881195,3,1
2012-10-26 09:39:02.121153+00:00,3.89,8.67,13.25,5359.308262264463,16.229659844723987,-139.02581467435002,4,1
2012-10-26 09:45:02.121153+00:00,3.84,8.55,13.08,11211.566988303251,17.46721919998543,-136.55069596382714,4,1
2012-10-26 09:48:02.121153+00:00,3.84,8.55,13.08,11211.566988303251,17.46721919998543,-136.55069596382714,4,1
2012-10-26 09:55:02.121153+00:00,3.64,8.13,12.43,14153.411140677996,18.14920942000883,-135.18671552378032,4,1
2012-10-26 10:01:02.121153+00:00,2.94,6.59,10.09,12765.032591298155,18.06645324689097,-135.3522278700161,4,1
2012-10-26 10:06:02.121153+00:00,2.57,5.79,8.86,12518.674055990276,18.005391791655526,-135.47435078048693,3,1
2012-10-26 10:10:02.121153+00:00,2.37,5.33,8.15,9361.043326616104,17.391448262256198,-136.7022378392856,4,1
2012-10-26 10:17:02.121153+00:00,1.33,3.02,4.62,6203.412597241931,16.777504732856865,-137.93012489808427,3,1
2012-10-26 10:24:02.121153+00:00,0.86,1.95,2.99,8206.827663823244,17.240715124519973,-137.00370411475805,3,1
2012-10-26 10:32:02.121153+00:00,1.33,3.02,4.62,8442.860762119155,17.395185501570325,-136.69476336065736,3,1
2012-10-26 10:37:02.121153+00:00,1.55,3.51,5.38,14225.648877442003,18.188400881782627,-135.10833260023273,3,1
2012-10-26 10:44:02.121153+00:00,2.62,5.89,9.01,20351.77365721329,18.88808413024933,-133.70896610329933,3,1
2012-10-26 10:50:02.121153+00:00,2.66,5.98,9.16,20351.77365721329,18.972122752198683,-133.5408888594006,3,1
2012-10-26 10:58:02.121153+00:00,2.34,5.27,8.07,22965.673597792513,19.10063748221396,-133.28385939937007,3,1
2012-10-26 11:06:02.121153+00:00,2.17,4.88,7.48,21808.983586265593,18.972122752198683,-133.5408888594006,3,1
2012-10-26 11:11:02.121153+00:00,2.11,4.77,7.3,24350.068310646675,19.230643209270916,-133.02384794525616,4,1
2012-10-26 11:16:02.121153+00:00,2.14,4.83,7.39,23352.38699311811,19.21009172942115,-133.06495090495568,4,1
2012-10-26 11:20:02.121153+00:00,2.14,4.83,7.39,23352.38699311811,19.21009172942115,-133.06495090495568,4,1
2012-10-26 11:24:02.121153+00:00,2.14,4.83,7.39,23352.38699311811,19.21009172942115,-133.06495090495568,4,1
2012-10-26 11:31:02.121153+00:00,1.84,4.15,6.36,18615.776586672546,18.633432853573233,-134.21826865665153,3,1
2012-10-26 11:36:02.121153+00:00,1.68,3.81,5.83,14868.18560618766,18.318303564450005,-134.84852723489797,3,1
2012-10-26 11:42:02.121153+00:00,1.84,4.15,6.36,10763.569928651868,17.338138650597276,-136.80885706260344,3,1
2012-10-26 11:47:02.121153+00:00,2.44,5.48,8.39,10431.950332225886,17.338138650597276,-136.80885706260344,3,1
2012-10-26 11:53:02.121153+00:00,2.32,5.22,7.99,10431.950332225886,17.338138650597276,-136.80885706260344,3,1
2012-10-26 12:05:02.129923+00:00,3.1,6.94,10.62,18938.53826974136,18.979522937677885,-134.76737073094085,3,1
2012-10-26 12:10:02.129923+00:00,3.29,7.37,11.27,19630.900042850968,19.05611153734064,-134.61419353161534,4,1
2012-10-26 12:16:02.129923+00:00,3.29,7.37,11.27,20323.26181596057,18.979522937677885,-134.76737073094085,3,1
2012-10-26 12:21:02.129923+00:00,3.35,7.49,11.46,15599.20050774434,18.582472605336903,-135.56147139562282,3,1
2012-10-26 12:27:02.129923+00:00,3.06,6.86,10.49,11100.588998602409,17.754870885245605,-137.2166748358054,3,1
2012-10-26 12:32:02.129923+00:00,3.55,7.93,12.14,7836.876300941556,17.067578678254243,-138.59125924978812,3,1
2012-10-26 12:37:02.129923+00:00,3.31,7.41,11.33,6723.242235617298,16.620334473444814,-139.48574765940697,3,1
2012-10-26 12:45:02.129923+00:00,3.84,8.55,13.08,6542.608542876587,16.620334473444814,-139.48574765940697,3,1
2012-10-26 12:54:02.129923+00:00,3.99,8.89,13.59,6542.608542876587,16.703641174487487,-139.31913425732165,3,1
2012-10-26 13:30:02.129923+00:00,4.95,10.95,16.72,10148.42657545835,17.541872364714497,-137.64267187686764,4,1
2012-10-26 13:35:02.129923+00:00,5.22,11.51,17.57,8058.496582802047,17.086239957557755,-138.55393669118112,3,1
2012-10-26 13:39:02.129923+00:00,5.22,11.51,17.57,8058.496582802047,17.086239957557755,-138.55393669118112,3,1
2012-10-26 13:56:02.129923+00:00,5.9,12.95,19.76,12847.173454985534,18.01930970220676,-136.6877972018831,3,1
2012-10-26 14:04:02.129923+00:00,6.1,13.36,20.38,11251.480047907771,17.706040376712842,-137.31433585287095,4,1
2012-10-26 14:09:02.129923+00:00,5.9,12.95,19.76,10797.47099320885,17.476466616592536,-137.77348337311156,3,1
2012-10-26 14:13:02.129923+00:00,5.95,13.05,19.9,9889.322117161228,17.46181213489387,-137.8027923365089,4,1
2012-10-26 14:19:02.129923+00:00,6.95,15.14,23.07,8886.121436492349,17.407691538385706,-137.9110335295252,3,1
2012-10-26 14:24:02.129923+00:00,7.4,16.07,24.47,8588.408229099721,17.303397826936,-138.1196209524246,3,1
2012-10-26 20:37:02.129923+00:00,14.29,29.96,40.0,2141.4299830821974,14.208178936664568,-144.3100587329675,3,1
2012-10-27 08:25:02.128693+00:00,3.52,7.86,12.01,4055.0864075370314,14.642574747773391,-140.0328637004626,4,1
2012-10-27 08:30:02.128693+00:00,3.25,7.28,11.14,3457.587642499568,14.521511402077309,-140.27499039185477,4,1
2012-10-27 08:35:02.128693+00:00,3.37,7.53,11.52,4589.560507329747,15.533246117208366,-138.25152096159263,4,1
2012-10-27 08:39:02.128693+00:00,3.37,7.53,11.52,4589.560507329747,15.533246117208366,-138.25152096159263,4,1
2012-10-27 08:44:02.128693+00:00,3.75,8.36,12.79,4589.560507329747,15.533246117208366,-138.25152096159263,4,1
2012-10-27 08:49:02.128693+00:00,3.96,8.81,13.47,9672.105831264696,16.508081969933176,-136.30184925614304,5,1
2012-10-27 08:54:02.128693+00:00,4.31,9.57,14.63,10803.820556794812,17.03934687609082,-135.23931944382775,5,1
2012-10-27 08:59:02.128693+00:00,4.34,9.65,14.74,11076.033909353562,17.259014737812024,-134.79998372038534,4,1
2012-10-27 09:03:02.128693+00:00,4.34,9.65,14.74,11679.681896213871,17.104917056876737,-135.1081790822559,4,1
2012-10-27 09:09:02.128693+00:00,4.46,9.89,15.11,10803.820556794812,17.03934687609082,-135.23931944382775,3,1
2012-10-27 09:15:02.128693+00:00,4.6,10.2,15.59,11331.43609668181,17.044112050963133,-135.22978909408312,4,1
2012-10-27 09:20:02.128693+00:00,4.62,10.24,15.64,10907.697270017672,17.010798304663147,-135.29641658668308,3,1
2012-10-27 09:24:02.128693+00:00,4.6,10.2,15.59,11331.43609668181,17.044112050963133,-135.22978909408312,4,1
2012-10-27 09:30:02.128693+00:00,4.7,10.41,15.9,11755.174923345949,17.095601302288735,-135.12681059143193,5,1
2012-10-27 09:35:02.128693+00:00,4.65,10.31,15.74,11439.804297033652,17.177472351482876,-134.96306849304364,4,1
2012-10-27 09:40:02.128693+00:00,4.73,10.48,16.0,11120.739646460606,17.14880387310337,-135.02040544980267,5,1
2012-10-27 09:44:02.128693+00:00,4.76,10.54,16.1,10957.856593084223,17.12220258769605,-135.0736080206173,4,1
2012-10-27 09:49:02.128693+00:00,4.81,10.65,16.26,10957.856593084223,17.075334049667966,-135.16734509667347,4,1
2012-10-27 09:55:02.128693+00:00,4.94,10.91,16.67,10687.2945162293,16.9336732294205,-135.4506667371684,4,1
2012-10-27 10:00:02.128693+00:00,4.91,10.85,16.56,11408.336512135113,16.91217114605526,-135.49367090389887,3,1
2012-10-27 10:05:02.128693+00:00,5.05,11.15,17.02,9966.252520323487,16.716191177402536,-135.88563084120432,5,1
2012-10-27 10:10:02.128693+00:00,5.31,11.7,17.87,9098.229780072556,16.699686034186954,-135.91864112763548,4,1
2012-10-27 10:15:02.128693+00:00,5.4,11.9,18.16,8856.999193871852,16.68318089097137,-135.95165141406665,3,1
2012-10-27 10:19:02.128693+00:00,5.54,12.19,18.6,8750.240915116488,16.589138949955608,-136.13973529609817,4,1
2012-10-27 10:25:02.128693+00:00,5.89,12.92,19.71,6267.581259229745,15.672978168709426,-137.97205685859052,3,1
2012-10-27 10:31:02.128693+00:00,5.99,13.14,20.05,4537.4180025039805,15.087411662780948,-139.1431898704475,3,1
2012-10-27 10:38:02.128693+00:00,6.22,13.61,20.76,3530.4294087856697,14.655974256337574,-140.00606468333424,3,1
2012-10-27 18:27:02.127463+00:00,31.59,40.0,40.0,1624.3698064695495,16.541172892441224,-134.534633841597,6,1
2012-10-27 18:28:02.127463+00:00,31.05,40.0,40.0,1624.3698064695495,16.541172892441224,-134.534633841597,6,1
2012-10-27 18:29:02.127463+00:00,30.52,40.0,40.0,1624.3698064695495,16.541172892441224,-134.534633841597,6,1
2012-10-27 18:30:02.127463+00:00,29.73,40.0,40.0,1628.3668688836076,16.501319916988745,-134.61433979250194,7,2
2012-10-27 18:36:02.127463+00:00,17.02,35.39,40.0,1797.0410983305806,16.541172892441224,-134.534633841597,8,1
2012-10-27 18:40:02.127463+00:00,17.42,36.19,40.0,2079.3399410598686,16.733699630839784,-134.14958036479987,4,1
2012-10-27 18:42:02.127463+00:00,17.54,36.44,40.0,1965.7153277775535,16.886373393785867,-133.84423283890771,3,1
2012-10-27 20:56:02.127463+00:00,11.7,24.79,37.6,3228.299425045794,21.359578341121544,-124.89782294423634,3,1
2012-10-27 20:57:02.127463+00:00,11.7,24.79,37.6,3228.299425045794,21.359578341121544,-124.89782294423634,3,2
2012-10-27 21:42:02.127463+00:00,5.92,12.99,19.81,2612.635814201977,13.579963537511722,-140.457052551456,3,1
2012-10-27 21:50:02.127463+00:00,5.65,12.41,18.94,3154.048115527311,13.687985830907529,-140.24100796466436,3,1
2012-10-27 21:56:02.127463+00:00,5.11,11.28,17.22,5134.80771650992,14.997970957068878,-137.62103771234166,3,1
2012-10-27 22:25:02.127463+00:00,3.8,8.48,12.96,2879.979634227494,14.394423288885232,-138.82813304870896,3,1
2012-10-27 22:54:02.127463+00:00,3.29,7.37,11.27,2966.4621616456693,13.884505031637108,-139.8479695632052,3,1
2012-10-28 20:33:02.125003+00:00,5.03,11.11,16.97,5253.390252360996,16.215002802863385,-139.97878385677393,4,1
2012-10-28 20:36:02.125003+00:00,4.91,10.85,16.56,4174.433961301588,15.943200578576077,-140.52238830534856,5,1
2012-10-28 20:39:02.125003+00:00,4.87,10.78,16.46,4328.691636432643,15.99379692236774,-140.42119561776522,6,1
2012-10-28 20:43:02.125003+00:00,4.54,10.06,15.38,5407.64792749205,16.318162797369812,-139.77246386776108,8,1
2012-10-28 20:45:02.125003+00:00,4.52,10.03,15.32,5463.066836643786,16.318162797369812,-139.77246386776108,8,1
2012-10-28 20:47:02.125003+00:00,4.47,9.93,15.17,4593.787129867168,16.044393266159403,-140.3200029301819,7,1
2012-10-28 20:49:02.125003+00:00,4.47,9.93,15.17,4688.820879878007,15.99379692236774,-140.42119561776522,8,1
2012-10-28 20:51:02.125003+00:00,4.44,9.86,15.06,4593.787129867168,15.943200578576077,-140.52238830534856,7,1
2012-10-28 20:54:02.125003+00:00,4.44,9.86,15.06,4688.820879878007,15.990908322833016,-140.42697281683468,6,1
2012-10-28 20:57:02.125003+00:00,4.41,9.79,14.95,4688.820879878007,15.990908322833016,-140.42697281683468,6,1
2012-10-28 21:05:02.125003+00:00,3.87,8.63,13.19,4119.420607255895,15.937423379506626,-140.53394270348744,5,1
2012-10-28 21:08:02.125003+00:00,3.87,8.63,13.19,4119.420607255895,16.23058577753489,-139.94761790743092,5,1
2012-10-28 21:10:02.125003+00:00,3.91,8.7,13.3,3747.812602592002,15.885081469625383,-140.63862652324994,6,1
2012-10-28 21:13:02.125003+00:00,4.19,9.33,14.25,3747.812602592002,15.885081469625383,-140.63862652324994,8,1
2012-10-28 21:16:02.125003+00:00,4.41,9.79,14.95,4564.902681118163,16.241420913963843,-139.925947634573,8,1
2012-10-28 21:19:02.125003+00:00,4.54,10.06,15.38,4119.420607255895,16.23058577753489,-139.94761790743092,7,1
2012-10-28 21:22:02.125003+00:00,4.76,10.54,16.1,4539.899344897242,16.224058471459823,-139.96067251958107,8,1
2012-10-28 21:23:02.125003+00:00,4.89,10.81,16.51,5300.401280070566,16.241420913963843,-139.925947634573,8,1
2012-10-28 21:26:02.125003+00:00,4.87,10.78,16.46,4229.057999424687,16.23058577753489,-139.94761790743092,11,1
2012-10-28 21:29:02.125003+00:00,4.91,10.85,16.56,4078.099651398434,16.217531165384756,-139.97372713173118,13,1
2012-10-28 21:31:02.125003+00:00,4.91,10.85,16.56,4153.5788254115605,16.23489360788878,-139.9390022467231,14,1
2012-10-28 21:33:02.125003+00:00,4.84,10.71,16.36,4229.057999424687,16.27434062744749,-139.86010820760572,13,1
2012-10-28 21:34:02.125003+00:00,4.84,10.71,16.36,4229.057999424687,16.27434062744749,-139.86010820760572,13,2
2012-10-28 21:36:02.125003+00:00,4.83,10.68,16.31,4229.057999424687,16.27434062744749,-139.86010820760572,13,2
2012-10-28 21:38:02.125003+00:00,4.81,10.65,16.26,4519.733465038689,16.24593589641612,-139.91691766966846,14,1
2012-10-28 21:39:02.125003+00:00,4.81,10.65,16.26,4519.733465038689,16.24593589641612,-139.91691766966846,14,1
2012-10-28 21:40:02.125003+00:00,4.79,10.61,16.21,4519.733465038689,16.31084962952427,-139.78709020345218,14,1
2012-10-28 21:41:02.125003+00:00,4.78,10.58,16.16,4519.733465038689,16.169605982061775,-140.06957749837716,14,1
2012-10-28 21:43:02.125003+00:00,4.78,10.58,16.16,4030.0395014365185,16.041492863416394,-140.32580373566793,14,1
2012-10-28 21:45:02.125003+00:00,4.81,10.65,16.26,4513.8490382062,16.146227508802113,-140.1163344448965,14,1
2012-10-28 21:47:02.125003+00:00,4.86,10.75,16.41,4798.640076987713,16.131190714214924,-140.14640803407084,13,1
2012-10-28 21:50:02.125003+00:00,4.92,10.88,16.62,4356.056757120152,16.060464332688962,-140.2878607971228,14,1
2012-10-28 21:51:02.125003+00:00,4.94,10.91,16.67,4100.630431905597,16.018114390156732,-140.37256068218724,13,2
2012-10-28 21:53:02.125003+00:00,5.22,11.51,17.57,3714.8761204474777,15.611077977669392,-141.1866335071619,14,1
2012-10-28 21:54:02.125003+00:00,5.22,11.51,17.57,3461.774271131306,15.435253022795049,-141.5382834169106,16,1
2012-10-28 21:56:02.125003+00:00,5.28,11.64,17.77,3324.8173048160056,15.199120202170084,-142.01054905816054,17,1
2012-10-28 21:57:02.125003+00:00,5.34,11.77,17.96,2570.020151430635,15.121400742127742,-142.16598797824523,17,1
2012-10-28 21:59:02.125003+00:00,5.36,11.8,18.01,2524.0883878710547,15.07768217555734,-142.25342511138604,18,1
2012-10-28 22:00:02.125003+00:00,5.42,11.93,18.21,2524.0883878710547,15.07768217555734,-142.25342511138604,18,1
2012-10-28 22:01:02.125003+00:00,5.46,12.03,18.36,2478.156624311475,15.033963608986936,-142.34086224452682,17,2
2012-10-28 22:02:02.125003+00:00,5.52,12.16,18.55,2478.156624311475,15.033963608986936,-142.34086224452682,17,1
2012-10-28 22:03:02.125003+00:00,5.54,12.19,18.6,2478.156624311475,15.033963608986936,-142.34086224452682,17,1
2012-10-28 22:04:02.125003+00:00,5.74,12.6,19.23,2453.576113061807,14.97780552932602,-142.45317840384865,16,2
2012-10-28 22:06:02.125003+00:00,5.8,12.73,19.42,2428.9956018121393,14.921647449665103,-142.5654945631705,15,1
2012-10-28 22:07:02.125003+00:00,5.93,13.02,19.86,2108.19295630673,14.85173370329478,-142.70532205591113,15,1
2012-10-28 22:09:02.125003+00:00,5.98,13.11,20.0,2102.446832728868,14.827635719748162,-142.75351802300435,14,2
2012-10-28 22:12:02.125003+00:00,5.99,13.14,20.05,2287.42866673124,14.827635719748162,-142.75351802300435,10,1
2012-10-28 22:17:02.125003+00:00,6.17,13.52,20.62,2478.156624311475,14.803537736201545,-142.80171399009762,5,1
2012-10-29 02:27:02.123773+00:00,5.77,12.67,19.33,2570.1731455563067,17.680490955867995,-133.42688789666735,17,1
2012-10-29 02:28:02.123773+00:00,16.56,34.48,40.0,2676.45824797729,17.83492017220108,-133.11802946400118,19,1
2012-10-29 02:29:02.123773+00:00,16.56,34.48,40.0,3055.2806165159714,17.883694926709076,-133.0204799549852,22,3
2012-10-29 02:30:02.123773+00:00,6.23,13.65,20.81,2676.45824797729,17.8881433582034,-133.01158309199656,23,2
2012-10-29 02:31:02.123773+00:00,6.23,13.65,20.81,2673.515740643887,17.899002264125034,-132.98986528015328,24,1
2012-10-29 02:32:02.123773+00:00,16.44,34.24,40.0,2673.515740643887,18.09866626788074,-132.59053727264188,26,1
2012-10-29 02:33:02.123773+00:00,16.44,34.24,40.0,2676.45824797729,18.287471365714815,-132.21292707697373,27,1
2012-10-29 02:34:02.123773+00:00,16.37,34.1,40.0,2673.515740643887,18.29001018543916,-132.20784943752506,28,3
2012-10-29 02:35:02.123773+00:00,15.99,33.35,40.0,2673.515740643887,18.29001018543916,-132.20784943752506,30,1
2012-10-29 02:36:02.123773+00:00,15.88,33.13,40.0,2946.9739268726817,18.304084273471553,-132.17970126146025,32,1
2012-10-29 02:37:02.123773+00:00,15.05,31.48,40.0,3567.31780852075,18.58204243182548,-131.6237849447524,34,3
2012-10-29 02:38:02.123773+00:00,15.12,31.61,40.0,3567.31780852075,18.67994877860225,-131.42797225119887,36,2
2012-10-29 02:39:02.123773+00:00,6.76,14.74,22.46,3700.532631986847,18.710428206110137,-131.3670133961831,37,3
2012-10-29 02:41:02.123773+00:00,6.19,13.55,20.67,3999.5175895311186,18.821657820634464,-131.14455416713443,38,2
2012-10-29 02:42:02.123773+00:00,6.01,13.17,20.09,3852.759909169521,18.870462915480147,-131.04694397744305,38,2
2012-10-29 02:43:02.123773+00:00,6.08,13.33,20.33,3700.532631986847,18.769037052340877,-131.2497957037216,41,1
2012-10-29 02:44:02.123773+00:00,4.75,10.51,16.05,4002.411135134424,18.866647242032247,-131.05457532433886,41,1
2012-10-29 02:45:02.123773+00:00,5.03,11.11,16.97,4501.770795615752,18.870462915480147,-131.04694397744305,42,2
2012-10-29 02:46:02.123773+00:00,5.05,11.15,17.02,4501.770795615752,18.83599170704044,-131.11588639432247,44,2
2012-10-29 02:47:02.123773+00:00,5.01,11.08,16.92,4411.4602103923235,18.769037052340877,-131.2497957037216,43,4
2012-10-29 02:48:02.123773+00:00,5.0,11.05,16.87,4361.887349133549,18.766745934157015,-131.25437794008934,43,2
2012-10-29 02:49:02.123773+00:00,5.12,11.31,17.27,4179.255696530681,18.70810764262569,-131.371654523152,40,2
2012-10-29 02:50:02.123773+00:00,5.09,11.25,17.17,4361.887349133549,18.649469351094364,-131.48893110621464,39,3
2012-10-29 02:51:02.123773+00:00,5.11,11.28,17.22,4386.673779762936,18.621268121939345,-131.54533356452467,38,2
2012-10-29 02:52:02.123773+00:00,5.11,11.28,17.22,4453.967617167778,18.567964054905005,-131.65194169859336,36,2
2012-10-29 02:53:02.123773+00:00,5.11,11.28,17.22,4496.475023943232,18.54286121702568,-131.702147374352,35,3
2012-10-29 02:54:02.123773+00:00,5.09,11.25,17.17,4727.006934708583,18.498694375554777,-131.7904810572938,34,4
2012-10-29 02:55:02.123773+00:00,5.11,11.28,17.22,4727.006934708583,18.498694375554777,-131.7904810572938,32,2
2012-10-29 02:56:02.123773+00:00,4.87,10.78,16.46,4684.499527933129,18.498694375554777,-131.7904810572938,30,2
2012-10-29 02:57:02.123773+00:00,5.01,11.08,16.92,4361.887349133549,18.432800124081645,-131.92226956024007,27,2
2012-10-29 02:58:02.123773+00:00,4.98,11.01,16.82,4386.673779762936,18.235310962062893,-132.31724788427755,24,1
2012-10-29 09:41:02.123773+00:00,1.25,2.84,4.34,1724.3296363110608,13.515379846950704,-141.75711011450193,6,1
2012-10-29 09:42:02.123773+00:00,1.55,3.51,5.38,1724.3296363110608,13.679367977995192,-141.42913385241297,8,1
2012-10-29 09:46:02.123773+00:00,1.52,3.43,5.26,1745.8668315997013,13.793764918087737,-141.20033997222788,9,2
2012-10-29 09:47:02.123773+00:00,1.45,3.27,5.01,1830.25956491005,13.804255143686952,-141.17935952102945,10,1
2012-10-29 09:49:02.123773+00:00,1.45,3.27,5.01,1830.25956491005,13.804255143686952,-141.17935952102945,10,1
2012-10-29 09:51:02.123773+00:00,1.37,3.1,4.76,1830.25956491005,14.02272811434934,-140.74241357970467,10,1
2012-10-29 09:52:02.123773+00:00,1.37,3.1,4.76,1914.6522982203987,14.230710859412518,-140.32644808957832,9,1
2012-10-29 09:53:02.123773+00:00,1.37,3.1,4.76,1914.6522982203987,14.230710859412518,-140.32644808957832,9,1
2012-10-29 09:56:02.123773+00:00,1.29,2.93,4.49,1805.1344618975736,14.02272811434934,-140.74241357970467,8,1
2012-10-29 10:00:02.123773+00:00,1.37,3.1,4.76,1914.6522982203987,14.8271890538133,-139.13349170077677,5,1
2012-10-29 16:21:02.122543+00:00,4.29,9.54,14.58,2812.307121192858,15.359674586267966,-141.33207876500867,11,1
2012-10-29 16:23:02.122543+00:00,4.38,9.72,14.85,3767.408875518583,15.182891407404258,-141.68564512273608,13,2
2012-10-29 16:25:02.122543+00:00,4.41,9.79,14.95,3938.683145403681,15.271282996836112,-141.50886194387238,16,1
2012-10-29 16:26:02.122543+00:00,4.42,9.82,15.01,3767.408875518583,15.182891407404258,-141.68564512273608,17,2
2012-10-29 16:27:02.122543+00:00,4.51,10.0,15.27,3505.9739509109413,15.168496792921252,-141.7144343517021,20,2
2012-10-29 16:29:02.122543+00:00,5.01,11.08,16.92,3767.408875518583,15.182891407404258,-141.68564512273608,21,2
2012-10-29 16:31:02.122543+00:00,5.31,11.7,17.87,3015.7509540342153,15.038999299236512,-141.97342933907157,23,3
2012-10-29 16:33:02.122543+00:00,5.48,12.06,18.41,2979.2193642365864,14.780183398978828,-142.49106113958695,24,1
2012-10-29 16:34:02.122543+00:00,5.46,12.03,18.36,3015.7509540342153,14.74079686805971,-142.56983420142518,23,1
2012-10-29 16:35:02.122543+00:00,5.48,12.06,18.41,3244.5390263032996,14.819569929897945,-142.4122880777487,23,2
2012-10-29 16:36:02.122543+00:00,5.52,12.16,18.55,3130.1449901687574,14.780183398978828,-142.49106113958695,24,2
2012-10-29 16:37:02.122543+00:00,5.52,12.16,18.55,3537.0543489609727,14.834489359087147,-142.3824492193703,21,1
2012-10-29 16:39:02.122543+00:00,5.62,12.35,18.84,3537.0543489609727,14.834489359087147,-142.3824492193703,19,2
2012-10-29 16:40:02.122543+00:00,5.62,12.35,18.84,3390.796687632136,14.827029644492548,-142.3973686485595,18,2
2012-10-29 16:42:02.122543+00:00,5.66,12.45,18.99,3015.7509540342153,14.73611573905445,-142.5791964594357,15,1
2012-10-29 16:43:02.122543+00:00,5.66,12.45,18.99,3015.7509540342153,14.73611573905445,-142.5791964594357,15,1
2012-10-29 16:45:02.122543+00:00,5.74,12.6,19.23,2979.2193642365864,14.725362133736205,-142.6007036700722,12,2
2012-10-29 18:15:02.122543+00:00,2.6,5.84,8.94,5031.21966320836,16.119506876634425,-139.81241418427575,3,1
2012-10-29 18:21:02.122543+00:00,2.57,5.79,8.86,5353.417763657772,16.129840393443274,-139.79174715065807,4,1
2012-10-29 18:26:02.122543+00:00,2.39,5.38,8.23,5822.3269940367245,16.08179439251233,-139.88783915251992,4,1
2012-10-29 18:30:02.122543+00:00,2.29,5.16,7.91,6049.199461913881,16.14017391025212,-139.77108011704036,5,1
2012-10-29 18:35:02.122543+00:00,2.73,6.13,9.38,6049.199461913881,16.14017391025212,-139.77108011704036,5,1
2012-10-29 18:39:02.122543+00:00,2.9,6.5,9.95,6937.1779597692075,16.42446273192826,-139.20250247368807,6,1
2012-10-29 18:43:02.122543+00:00,2.96,6.64,10.15,7825.156457624533,16.825510589083976,-138.40040675937666,5,1
2012-10-29 18:46:02.122543+00:00,3.33,7.45,11.4,7825.156457624533,16.825510589083976,-138.40040675937666,5,1
2012-10-29 18:48:02.122543+00:00,3.33,7.45,11.4,7825.156457624533,16.825510589083976,-138.40040675937666,5,1
2012-10-29 18:53:02.122543+00:00,3.27,7.33,11.21,3118.3813610279244,14.810994422215938,-142.4294390931127,3,1
2012-10-29 19:03:02.122543+00:00,6.11,13.39,20.43,3665.3893567043697,15.38246687680614,-141.28649418393232,5,1
2012-10-29 19:06:02.122543+00:00,7.79,16.87,25.68,4192.165358362642,15.477002787436152,-141.0974223626723,4,1
2012-10-29 19:10:02.122543+00:00,9.32,19.99,30.39,4192.165358362642,15.815793772211634,-140.41984039312132,6,2
2012-10-29 19:18:02.122543+00:00,16.92,35.2,40.0,3913.3815099735366,15.571538698066163,-140.90835054141226,7,2
2012-10-29 19:21:02.122543+00:00,16.77,34.91,40.0,3913.3815099735366,15.729218530478445,-140.59299087658772,5,1
2012-10-29 19:23:02.122543+00:00,16.77,34.91,40.0,3913.3815099735366,15.729218530478445,-140.59299087658772,5,1
2012-10-29 19:27:02.122543+00:00,16.77,34.91,40.0,2984.2150771748993,15.604174410924584,-140.84307911569545,6,1
2012-10-29 19:33:02.122543+00:00,16.48,34.33,40.0,1878.2243104238353,13.692870692182906,-144.66568655317877,3,1
2012-10-29 19:43:02.122543+00:00,4.18,9.29,14.2,5712.768584497159,16.217890846063817,-139.61564624541697,11,1
2012-10-29 19:45:02.122543+00:00,4.18,9.29,14.2,6783.65387919537,16.55972247201824,-138.93198299350811,11,1
2012-10-29 19:46:02.122543+00:00,4.21,9.36,14.31,6877.174848608611,16.585777245431174,-138.87987344668227,12,2
2012-10-29 19:48:02.122543+00:00,4.26,9.47,14.47,6254.425361047552,16.452105883615395,-139.1472161703138,14,2
2012-10-29 19:49:02.122543+00:00,4.31,9.57,14.63,6254.425361047552,16.452105883615395,-139.1472161703138,16,1
2012-10-29 19:51:02.122543+00:00,4.31,9.57,14.63,6254.425361047552,16.452105883615395,-139.1472161703138,16,1
2012-10-29 19:52:02.122543+00:00,4.31,9.57,14.63,6254.425361047552,16.452105883615395,-139.1472161703138,16,1
2012-10-29 19:53:02.122543+00:00,4.31,9.57,14.63,6783.65387919537,16.55972247201824,-138.93198299350811,15,1
2012-10-29 19:55:02.122543+00:00,4.31,9.57,14.63,6254.425361047552,16.452105883615395,-139.1472161703138,14,1
2012-10-29 19:56:02.122543+00:00,4.31,9.57,14.63,6783.65387919537,16.55972247201824,-138.93198299350811,13,2
2012-10-29 19:57:02.122543+00:00,4.33,9.61,14.69,6877.174848608611,16.585777245431174,-138.87987344668227,12,1
2012-10-29 19:58:02.122543+00:00,4.47,9.93,15.17,6254.425361047552,16.452105883615395,-139.1472161703138,12,1
2012-10-29 19:59:02.122543+00:00,4.52,10.03,15.32,6347.9463304607925,16.478160657028333,-139.09510662348794,10,1
2012-10-29 20:07:02.122543+00:00,4.84,10.71,16.36,4728.651703353689,15.957730777787736,-140.13596638196913,4,1
2012-10-29 21:01:02.122543+00:00,5.86,12.86,19.62,3896.636651138,15.23578897605372,-141.57984998543716,9,1
2012-10-29 21:02:02.122543+00:00,5.72,12.57,19.18,3667.673938608786,15.078911212787222,-141.89360551197018,10,1
2012-10-29 21:05:02.122543+00:00,5.66,12.45,18.99,3284.9482435686855,14.893162193736966,-142.26510355007068,14,1
2012-10-29 21:06:02.122543+00:00,5.66,12.45,18.99,3284.9482435686855,14.893162193736966,-142.26510355007068,14,2
2012-10-29 21:07:02.122543+00:00,5.69,12.51,19.09,3284.9482435686855,14.893162193736966,-142.26510355007068,16,1
2012-10-29 21:08:02.122543+00:00,5.69,12.51,19.09,3284.9482435686855,14.893162193736966,-142.26510355007068,16,1
2012-10-29 21:09:02.122543+00:00,5.51,12.12,18.5,3438.711226079572,14.922033449520724,-142.20736103850317,17,1
2012-10-29 21:11:02.122543+00:00,5.54,12.19,18.6,3284.9482435686855,14.893162193736966,-142.26510355007068,18,1
2012-10-29 21:12:02.122543+00:00,5.52,12.16,18.55,3284.9482435686855,14.893162193736966,-142.26510355007068,20,1
2012-10-29 21:13:02.122543+00:00,5.54,12.19,18.6,3667.673938608786,15.078911212787222,-141.89360551197018,20,1
2012-10-29 21:14:02.122543+00:00,5.52,12.16,18.55,3493.7147857932628,14.979914354818051,-142.0915992279085,22,2
2012-10-29 21:15:02.122543+00:00,5.46,12.03,18.36,3493.7147857932628,14.979914354818051,-142.0915992279085,22,1
2012-10-29 21:16:02.122543+00:00,5.45,12.0,18.31,3438.711226079572,14.922033449520724,-142.20736103850317,23,1
2012-10-29 21:17:02.122543+00:00,5.45,12.0,18.31,3438.711226079572,14.922033449520724,-142.20736103850317,23,1
2012-10-29 21:18:02.122543+00:00,5.57,12.25,18.7,3438.711226079572,14.922033449520724,-142.20736103850317,23,1
2012-10-29 21:19:02.122543+00:00,5.58,12.29,18.75,3276.3363222232924,14.951043099034296,-142.149341739476,22,1
2012-10-29 21:21:02.122543+00:00,5.58,12.29,18.75,3070.27114210166,14.786731854099244,-142.4779642293461,23,3
2012-10-29 21:23:02.122543+00:00,5.72,12.57,19.18,3013.0990688629463,14.780076518689818,-142.49127490016497,22,2
2012-10-29 21:24:02.122543+00:00,5.81,12.76,19.47,3013.0990688629463,14.780076518689818,-142.49127490016497,22,1
2012-10-29 21:25:02.122543+00:00,5.84,12.83,19.57,3070.27114210166,14.77342118328039,-142.5045855709838,21,2
2012-10-29 21:26:02.122543+00:00,5.86,12.86,19.62,2811.1255981713857,14.696041856633167,-142.65934422427824,22,2
2012-10-29 21:28:02.122543+00:00,6.13,13.43,20.48,2551.9800542411112,14.618662529985947,-142.8141028775727,21,2
2012-10-29 21:29:02.122543+00:00,6.2,13.58,20.71,2418.323749959491,14.53876803050849,-142.9738918765276,20,1
2012-10-29 21:31:02.122543+00:00,6.14,13.46,20.52,2418.323749959491,14.53876803050849,-142.9738918765276,18,1
2012-10-29 21:32:02.122543+00:00,6.49,14.18,21.61,2283.05084852877,14.393734634703897,-143.2639586681368,16,1
2012-10-29 21:33:02.122543+00:00,6.52,14.24,21.7,2281.4342513796687,14.328595738376762,-143.3942364607911,15,1
2012-10-29 21:35:02.122543+00:00,6.58,14.36,21.89,2151.2076870106384,14.175238291167442,-143.70095135520972,13,2
2012-10-29 21:37:02.122543+00:00,6.62,14.46,22.03,2185.0189386824486,14.249939630254223,-143.55154867703615,10,1
2012-10-29 21:44:02.122543+00:00,7.18,15.6,23.77,1662.4117375998046,14.008166879542989,-144.03509417845862,4,1
2012-10-30 00:07:02.121313+00:00,5.84,12.83,19.57,7849.53180304735,16.54745324076455,-138.11161268339663,3,1
2012-10-30 00:14:02.121313+00:00,5.83,12.8,19.52,11549.89326140148,17.185889765546236,-136.83473963383324,3,1
2012-10-30 00:20:02.121313+00:00,5.87,12.89,19.66,11549.89326140148,17.185889765546236,-136.83473963383324,3,1
2012-10-30 00:27:02.121313+00:00,5.95,13.05,19.9,10253.502317694036,17.067423804959287,-137.07167155500716,3,1
2012-10-30 00:32:02.121313+00:00,5.98,13.11,20.0,8640.4174618745,16.487521618271778,-138.23147592838217,3,1
2012-10-30 00:39:02.121313+00:00,6.37,13.93,21.23,5089.076707084582,15.646111689858255,-139.91429578520922,4,1
2012-10-30 00:45:02.121313+00:00,6.64,14.49,22.08,4638.453890841969,15.512089837460271,-140.18233949000518,3,1
2012-10-30 00:49:02.121313+00:00,6.37,13.93,21.23,4397.624994205795,15.437975486043031,-140.33056819283965,4,1
2012-10-30 00:55:02.121313+00:00,6.43,14.05,21.42,4156.796097569621,15.363861134625791,-140.47879689567412,3,1
2012-10-30 01:03:02.121313+00:00,5.37,11.83,18.06,4905.445380701657,16.10198872709197,-139.00254171074178,3,1
2012-10-30 01:09:02.121313+00:00,5.17,11.41,17.42,12381.56621713469,17.437320923861613,-136.3318773172025,3,1
2012-10-30 01:15:02.121313+00:00,5.11,11.28,17.22,14977.217837662669,18.082679030655623,-135.04116110361446,3,1
2012-10-30 01:42:02.121313+00:00,6.11,13.39,20.43,3353.615227020059,14.640432216148309,-141.92565473262908,4,1
2012-10-30 01:48:02.121313+00:00,7.06,15.36,23.39,2110.1830220179113,13.703025215195805,-143.80046873453412,4,1
2012-10-30 01:50:02.121313+00:00,7.16,15.57,23.72,2110.1830220179113,13.703025215195805,-143.80046873453412,4,1
2012-10-30 01:54:02.121313+00:00,8.22,17.74,27.0,1811.170707268424,13.502849053332197,-144.20082105826134,3,1
2012-10-30 05:42:02.121313+00:00,8.27,17.84,27.14,1967.951402104843,13.761259028744227,-143.68400110743727,4,1
2012-10-30 05:46:02.121313+00:00,8.33,17.96,27.33,2280.374837111677,13.587874504052966,-144.03077015681978,5,1
2012-10-30 05:48:02.121313+00:00,8.31,17.93,27.28,1986.318560142076,13.54437195648628,-144.11777525195316,6,1
2012-10-30 05:49:02.121313+00:00,8.31,17.93,27.28,1986.318560142076,13.54437195648628,-144.11777525195316,6,1
2012-10-30 05:52:02.121313+00:00,8.2,17.71,26.95,1986.318560142076,13.54437195648628,-144.11777525195316,6,1
2012-10-30 05:56:02.121313+00:00,7.49,16.25,24.75,2307.0418518472343,13.8940021979655,-143.41851476899473,6,1
2012-10-30 06:00:02.121313+00:00,7.33,15.91,24.23,2012.985574877633,13.54437195648628,-144.11777525195316,4,1
2012-10-30 06:05:02.121313+00:00,6.98,15.2,23.16,1692.2622831724746,13.500869408919597,-144.2047803470865,3,1
2012-10-30 18:56:02.120083+00:00,5.25,11.57,17.67,2274.0390294836943,13.95469075236057,-144.68771881878962,3,1
2012-10-30 21:35:02.120083+00:00,6.62,14.46,22.03,2341.0531777044625,14.417048659496082,-143.7630030045186,3,1
2012-10-30 21:40:02.120083+00:00,7.16,15.57,23.72,2867.576984107498,14.949075289787444,-142.69894974393588,3,1
2012-10-30 21:47:02.120083+00:00,7.55,16.38,24.94,2867.576984107498,14.949075289787444,-142.69894974393588,3,1
2012-10-30 21:53:02.120083+00:00,7.25,15.76,24.0,2505.258231954479,14.400502492342666,-143.7960953388254,3,1
2012-10-30 21:59:02.120083+00:00,6.97,15.17,23.11,2140.9017924143127,14.400502492342666,-143.7960953388254,3,1
2012-10-30 22:03:02.120083+00:00,6.34,13.86,21.14,2058.404307887302,14.400502492342666,-143.7960953388254,3,1
2012-10-30 22:10:02.120083+00:00,7.58,16.44,25.03,1881.6775308545689,13.94483862022409,-144.7074230830626,3,1
2012-10-31 04:19:02.128853+00:00,6.5,14.21,21.66,2593.8409807446496,14.452244961627844,-142.96303244211038,3,1
2012-10-31 04:26:02.128853+00:00,6.53,14.27,21.75,2845.213262409603,14.452244961627844,-142.96303244211038,3,1
2012-10-31 04:33:02.128853+00:00,6.19,13.55,20.67,2921.6510226893884,14.940636248453124,-141.98624986845982,3,1
2012-10-31 04:38:02.128853+00:00,6.44,14.08,21.47,3538.559969509826,15.256508648578812,-141.35450506820848,4,1
2012-10-31 04:43:02.128853+00:00,6.43,14.05,21.42,4503.721815976929,15.58565088910186,-140.69622058716237,4,1
2012-10-31 04:47:02.128853+00:00,6.4,13.99,21.33,4851.974715623596,15.65423703561848,-140.55904829412913,5,1
2012-10-31 04:51:02.128853+00:00,6.59,14.39,21.94,4872.472566252014,15.672328745128713,-140.52286487510867,4,1
2012-10-31 04:56:02.128853+00:00,6.37,13.93,21.23,4872.472566252014,15.672328745128713,-140.52286487510867,4,1
2012-10-31 05:02:02.128853+00:00,6.49,14.18,21.61,2749.08365528748,14.440560976158242,-142.9864004130496,3,1
2012-10-31 05:07:02.128853+00:00,7.18,15.6,23.77,2506.0284709925254,14.319972945793335,-143.22757647377944,4,1
2012-10-31 05:15:02.128853+00:00,7.51,16.28,24.8,2506.0284709925254,14.319972945793335,-143.22757647377944,4,1
2012-10-31 05:17:02.128853+00:00,7.98,17.25,26.25,2262.973286697571,14.19938491542843,-143.46875253450924,3,1
2012-10-31 05:21:02.128853+00:00,7.95,17.18,26.15,2262.973286697571,14.19938491542843,-143.46875253450924,3,1
2012-10-31 05:39:02.128853+00:00,6.11,13.39,20.43,8009.577299150297,16.897122911744887,-138.0732765418763,3,1
2012-10-31 05:47:02.128853+00:00,6.34,13.86,21.14,5362.6824286710025,15.992259511536329,-139.88300334229342,4,1
2012-10-31 05:50:02.128853+00:00,6.34,13.86,21.14,5887.06952370033,16.216162266786583,-139.43519783179292,4,1
2012-10-31 05:53:02.128853+00:00,6.47,14.15,21.56,5719.9119842112,16.123633391013815,-139.62025558333846,5,1
2012-10-31 05:57:02.128853+00:00,6.53,14.27,21.75,5719.9119842112,16.123633391013815,-139.62025558333846,5,1
2012-10-31 06:02:02.128853+00:00,6.58,14.36,21.89,5887.06952370033,16.216162266786583,-139.43519783179292,4,1
2012-10-31 06:07:02.128853+00:00,5.83,12.8,19.52,6151.254296537507,16.252595152943428,-139.36233205947923,4,1
2012-10-31 06:13:02.128853+00:00,5.54,12.19,18.6,6396.330487481754,16.363607005408856,-139.14030835454838,3,1
2012-10-31 06:18:02.128853+00:00,5.66,12.45,18.99,6248.281529885554,16.196499163327502,-139.47452403871108,3,1
2012-10-31 06:25:02.128853+00:00,5.95,13.05,19.9,4986.7023263976935,16.030282043151267,-139.80695827906356,3,1
2012-10-31 06:31:02.128853+00:00,15.54,32.45,40.0,3062.719597394202,14.784714736957376,-142.29809289145135,3,1
2012-10-31 06:40:02.128853+00:00,4.95,10.95,16.72,7411.913051391322,16.642368503923237,-138.5827853575196,4,1
2012-10-31 06:44:02.128853+00:00,4.92,10.88,16.62,6449.921686889576,16.01958485082629,-139.8283526637135,4,1
2012-10-31 06:50:02.128853+00:00,5.75,12.64,19.28,10142.920565318516,17.348146243783543,-137.171229877799,4,1
2012-10-31 06:52:02.128853+00:00,5.31,11.7,17.87,10448.71735425208,17.44183752287188,-136.98384731962233,5,1
2012-10-31 06:55:02.128853+00:00,5.36,11.8,18.01,10461.012677133494,17.44995643454694,-136.96760949627222,4,1
2012-10-31 07:01:02.128853+00:00,5.34,11.77,17.96,11387.10940493428,17.54521895983978,-136.77708444568654,4,1
2012-10-31 07:07:02.128853+00:00,4.62,10.24,15.64,12325.50145561648,17.632362573457556,-136.60279721845097,3,1
2012-10-31 07:13:02.128853+00:00,4.46,9.89,15.11,10306.50217445912,17.632362573457556,-136.60279721845097,3,1
2012-10-31 07:42:02.128853+00:00,3.84,8.55,13.08,8164.630288292003,17.185871921103704,-137.4957785231587,3,1
2012-10-31 08:51:02.128853+00:00,2.85,6.41,9.81,9252.78257653433,17.30305863583094,-137.2614050937042,4,1
2012-10-31 08:56:02.128853+00:00,3.0,6.72,10.29,8501.994215445064,17.081785133500777,-137.70395209836454,5,1
2012-10-31 08:59:02.128853+00:00,3.18,7.12,10.89,8501.994215445064,17.081785133500777,-137.70395209836454,7,1
2012-10-31 09:00:02.128853+00:00,3.18,7.12,10.89,8501.994215445064,17.081785133500777,-137.70395209836454,7,1
2012-10-31 09:04:02.128853+00:00,3.75,8.36,12.79,6835.48254351561,16.565295100641066,-138.73693216408395,8,1
2012-10-31 09:07:02.128853+00:00,4.19,9.33,14.25,6623.11916518133,16.492046413865758,-138.88342953763458,7,1
2012-10-31 09:09:02.128853+00:00,3.68,8.21,12.55,7047.84592184989,16.566080965372564,-138.73536043462096,7,1
2012-10-31 09:12:02.128853+00:00,3.82,8.51,13.02,7047.84592184989,16.566080965372564,-138.73536043462096,7,1
2012-10-31 09:13:02.128853+00:00,3.82,8.51,13.02,7047.84592184989,16.566080965372564,-138.73536043462096,7,1
2012-10-31 09:18:02.128853+00:00,3.84,8.55,13.08,7047.84592184989,16.566080965372564,-138.73536043462096,7,1
2012-10-31 09:22:02.128853+00:00,3.85,8.59,13.13,7047.84592184989,16.566080965372564,-138.73536043462096,7,1
2012-10-31 09:23:02.128853+00:00,3.92,8.74,13.36,6894.653026033866,16.52906368961916,-138.80939498612776,6,1
2012-10-31 09:27:02.128853+00:00,3.85,8.59,13.13,6433.079355196635,16.480613434698512,-138.90629549596906,6,1
2012-10-31 09:32:02.128853+00:00,3.94,8.78,13.42,5647.086638423182,16.211545390902728,-139.44443158356063,6,1
2012-10-31 09:36:02.128853+00:00,3.91,8.7,13.3,6204.999349345511,16.263290325088988,-139.3409417151881,6,1
2012-10-31 09:39:02.128853+00:00,3.82,8.51,13.02,4189.0466509252965,15.41155118529642,-141.04441999477325,6,1
2012-10-31 09:42:02.128853+00:00,2.34,5.27,8.07,4871.68078486075,15.6773871389843,-140.51274808739748,8,1
2012-10-31 09:45:02.128853+00:00,2.06,4.65,7.12,4871.68078486075,15.6773871389843,-140.51274808739748,10,1
2012-10-31 09:47:02.128853+00:00,2.11,4.77,7.3,7622.359973330887,16.80687091965745,-138.2537805260512,10,1
2012-10-31 09:49:02.128853+00:00,2.03,4.59,7.03,5279.257632188232,15.691936283176322,-140.48364979901345,10,1
2012-10-31 09:51:02.128853+00:00,1.87,4.21,6.46,5364.785232017257,16.170884382093398,-139.5257536011793,12,1
2012-10-31 09:52:02.128853+00:00,1.95,4.41,6.75,7244.58763045205,16.661646945709933,-138.54422847394622,12,1
2012-10-31 09:53:02.128853+00:00,1.95,4.41,6.75,7244.58763045205,16.661646945709933,-138.54422847394622,12,1
2012-10-31 09:54:02.128853+00:00,1.92,4.34,6.65,6815.7972453515285,16.63300365206797,-138.60151506123017,13,1
2012-10-31 09:56:02.128853+00:00,1.9,4.28,6.55,7673.378015552571,16.824658119022896,-138.2182061273203,13,1
2012-10-31 09:57:02.128853+00:00,1.9,4.28,6.55,8051.150358431409,16.96988209297041,-137.92775817942527,12,1
2012-10-31 09:59:02.128853+00:00,1.98,4.47,6.84,8428.922701310246,17.11510606691792,-137.63731023153025,13,1
2012-10-31 10:00:02.128853+00:00,2.71,6.08,9.31,8428.922701310246,17.11510606691792,-137.63731023153025,13,1
2012-10-31 10:01:02.128853+00:00,2.62,5.89,9.01,8051.150358431409,16.96988209297041,-137.92775817942527,12,1
2012-10-31 10:03:02.128853+00:00,3.66,8.17,12.49,10654.095479287487,17.893503254826392,-136.0805158557133,11,1
2012-10-31 10:05:02.128853+00:00,3.99,8.89,13.59,10625.473918705986,17.808162026292525,-136.25119831278104,11,1
2012-10-31 10:08:02.128853+00:00,3.91,8.7,13.3,10639.784698996737,17.85083264055946,-136.16585708424716,12,1
2012-10-31 10:09:02.128853+00:00,3.91,8.7,13.3,10639.784698996737,17.85083264055946,-136.16585708424716,12,1
2012-10-31 10:12:02.128853+00:00,4.04,9.0,13.76,7502.463136219376,17.387310381526902,-137.09290160231228,12,1
2012-10-31 10:14:02.128853+00:00,4.08,9.07,13.87,10625.473918705986,17.808162026292525,-136.25119831278104,11,1
2012-10-31 10:16:02.128853+00:00,4.14,9.22,14.09,7366.367296997454,17.201862449738318,-137.46379746588946,12,2
2012-10-31 10:18:02.128853+00:00,4.14,9.22,14.09,7366.367296997454,17.201862449738318,-137.46379746588946,12,1
2012-10-31 10:20:02.128853+00:00,4.19,9.33,14.25,4067.223060915818,15.998464083484151,-139.87059419839778,12,1
2012-10-31 10:21:02.128853+00:00,4.16,9.25,14.14,4107.260675288923,16.136425444575593,-139.5946714762149,13,1
2012-10-31 10:22:02.128853+00:00,3.44,7.7,11.77,4067.223060915818,15.998464083484151,-139.87059419839778,12,1
2012-10-31 10:24:02.128853+00:00,3.57,7.97,12.2,4067.223060915818,15.998464083484151,-139.87059419839778,12,1
2012-10-31 10:26:02.128853+00:00,3.44,7.7,11.77,4923.449261170834,16.551442090668438,-138.7646381840292,12,1
2012-10-31 10:28:02.128853+00:00,3.55,7.93,12.14,5739.637847052744,16.965105869106793,-137.9373106271525,11,1
2012-10-31 10:29:02.128853+00:00,3.64,8.13,12.43,7058.804563820444,16.965782302934038,-137.93595775949802,12,1
2012-10-31 10:30:02.128853+00:00,3.64,8.13,12.43,7058.804563820444,16.965782302934038,-137.93595775949802,12,1
2012-10-31 10:33:02.128853+00:00,3.64,8.13,12.43,10768.012464822674,17.437266162715353,-136.99299003993536,11,1
2012-10-31 10:35:02.128853+00:00,4.18,9.29,14.2,10972.347017903405,17.503858461297447,-136.85980544277118,10,1
2012-10-31 10:37:02.128853+00:00,4.42,9.82,15.01,9713.251434510485,17.368039888966855,-137.1314425874324,11,1
2012-10-31 10:39:02.128853+00:00,4.47,9.93,15.17,10444.96650274731,17.4692453244232,-136.92903171651972,10,1
2012-10-31 10:41:02.128853+00:00,4.52,10.03,15.32,8687.504945740733,17.158712829522674,-137.55009670632074,11,1
2012-10-31 10:43:02.128853+00:00,4.51,10.0,15.27,8532.738113164438,17.061909349314732,-137.74370366673662,12,1
2012-10-31 10:45:02.128853+00:00,4.55,10.1,15.43,7687.49007275461,16.81677285243478,-138.23397666049652,12,1
2012-10-31 10:47:02.128853+00:00,4.57,10.13,15.48,5968.552170904757,16.442341573278938,-138.9828392188082,12,1
2012-10-31 10:48:02.128853+00:00,4.65,10.31,15.74,4940.095476888436,16.216243310795107,-139.43503574377587,11,1
2012-10-31 10:49:02.128853+00:00,4.64,10.27,15.69,4714.081782137284,15.734379715465288,-140.39876293443552,12,1
2012-10-31 10:51:02.128853+00:00,4.64,10.27,15.69,4767.064436223043,15.754716803929648,-140.35808875750678,13,1
2012-10-31 10:52:02.128853+00:00,4.73,10.48,16.0,4714.081782137284,15.734379715465288,-140.39876293443552,12,1
2012-10-31 10:54:02.128853+00:00,4.67,10.34,15.79,4405.367491430939,15.652113910297007,-140.56329454477208,12,1
2012-10-31 10:55:02.128853+00:00,4.67,10.34,15.79,4405.367491430939,15.652113910297007,-140.56329454477208,12,1
2012-10-31 10:58:02.128853+00:00,4.55,10.1,15.43,3890.2962872716544,15.447329353686952,-140.97286365799218,12,1
2012-10-31 10:59:02.128853+00:00,4.55,10.1,15.43,4405.367491430939,15.652113910297007,-140.56329454477208,12,1
2012-10-31 11:00:02.128853+00:00,4.65,10.31,15.74,4661.099128051525,15.714042627000929,-140.43943711136424,11,1
2012-10-31 11:03:02.128853+00:00,4.75,10.51,16.05,4736.842071419329,15.965142968898018,-139.93723642757004,10,1
2012-10-31 11:06:02.128853+00:00,4.76,10.54,16.1,5659.968966879986,16.458262194033953,-138.9509979772982,10,1
2012-10-31 11:08:02.128853+00:00,4.68,10.37,15.85,6507.35291897284,16.46809050728466,-138.93134135079677,11,1
2012-10-31 11:09:02.128853+00:00,4.7,10.41,15.9,6906.970874344961,17.047090259013032,-137.77334184734002,9,1
2012-10-31 11:11:02.128853+00:00,4.75,10.51,16.05,6507.35291897284,16.46809050728466,-138.93134135079677,9,1
2012-10-31 11:13:02.128853+00:00,4.01,8.92,13.64,6707.1618966589,16.757590383148845,-138.35234159906838,10,1
2012-10-31 11:15:02.128853+00:00,4.01,8.92,13.64,6707.1618966589,16.757590383148845,-138.35234159906838,10,1
2012-10-31 11:17:02.128853+00:00,3.37,7.53,11.52,6507.35291897284,16.46809050728466,-138.93134135079677,11,1
2012-10-31 11:19:02.128853+00:00,3.35,7.49,11.46,6906.970874344961,17.047090259013032,-137.77334184734002,9,1
2012-10-31 11:22:02.128853+00:00,2.44,5.48,8.39,6707.1618966589,16.757590383148845,-138.35234159906838,10,1
2012-10-31 11:23:02.128853+00:00,2.44,5.48,8.39,6707.1618966589,16.757590383148845,-138.35234159906838,10,1
2012-10-31 11:25:02.128853+00:00,2.37,5.33,8.15,7427.488734525161,16.771466842748577,-138.32458867986895,8,1
2012-10-31 11:26:02.128853+00:00,2.39,5.38,8.23,7427.488734525161,16.771466842748577,-138.32458867986895,8,1
2012-10-31 11:31:02.128853+00:00,2.32,5.22,7.99,6365.313919265236,17.246303174732557,-137.37491601590096,8,2
2012-10-31 11:36:02.128853+00:00,2.19,4.94,7.57,6180.772051993552,17.53869802695732,-136.79012631145144,6,1
2012-10-31 11:40:02.128853+00:00,1.72,3.88,5.94,4061.439437029103,17.53869802695732,-136.79012631145144,6,1
2012-10-31 11:45:02.128853+00:00,0.01,0.04,0.02,4269.495407763592,18.064279991695265,-135.73896238197557,5,1
2012-10-31 11:50:02.128853+00:00,0.01,0.01,0.02,4269.495407763592,18.064279991695265,-135.73896238197557,5,1
2012-10-31 11:55:02.128853+00:00,9.8,20.97,31.86,4269.495407763592,18.064279991695265,-135.73896238197557,3,1
2012-10-31 12:07:02.127624+00:00,2.22,5.0,7.65,2907.050135592236,14.823448534830154,-140.01662262854103,5,1
2012-10-31 12:11:02.127624+00:00,2.39,5.38,8.23,3593.5664247010054,14.711589080800024,-140.2403415366013,4,1
2012-10-31 12:13:02.127624+00:00,2.6,5.84,8.94,3433.5012870895316,14.685923201412816,-140.29167329537574,5,1
2012-10-31 12:16:02.127624+00:00,2.6,5.84,8.94,3433.5012870895316,14.685923201412816,-140.29167329537574,5,1
2012-10-31 12:21:02.127624+00:00,3.02,6.77,10.36,3433.5012870895316,14.685923201412816,-140.29167329537574,3,1
2012-10-31 12:38:02.127624+00:00,2.79,6.27,9.6,1709.5168930441737,13.455303020134684,-142.752913657932,3,1
2012-10-31 12:48:02.127624+00:00,3.52,7.86,12.01,1929.249971033936,13.478205080046394,-142.70710953810857,3,1
2012-10-31 12:56:02.127624+00:00,3.39,7.57,11.58,2490.2819297989163,14.12737553101114,-141.40876863617908,3,1
2012-10-31 13:32:02.127624+00:00,4.28,9.5,14.52,2341.542088925126,14.09207823883201,-141.47936322053735,3,1
2012-10-31 13:36:02.127624+00:00,4.16,9.25,14.14,2756.278589898967,14.224843382369494,-141.21383293346236,4,1
2012-10-31 13:41:02.127624+00:00,4.16,9.25,14.14,2341.542088925126,14.09207823883201,-141.47936322053735,5,1
2012-10-31 13:45:02.127624+00:00,4.14,9.22,14.09,2754.9163417634445,14.224843382369494,-141.21383293346236,4,1
2012-10-31 13:49:02.127624+00:00,4.09,9.11,13.92,3171.015090872808,14.35760852590698,-140.9483026463874,3,1
2012-10-31 14:04:02.127624+00:00,4.04,9.0,13.76,3005.6391583849804,14.498656179744502,-140.66620733871235,3,1
2012-10-31 14:07:02.127624+00:00,3.97,8.85,13.53,2560.379980806416,14.397042977388203,-140.86943374342496,4,1
2012-10-31 14:12:02.127624+00:00,4.01,8.92,13.64,2560.379980806416,14.397042977388203,-140.86943374342496,4,1
2012-10-31 14:16:02.127624+00:00,4.03,8.96,13.7,2560.379980806416,14.59157273200705,-140.48037423418725,4,1
2012-10-31 14:23:02.127624+00:00,2.24,5.05,7.74,1831.80882845829,14.48856750594597,-140.68638468630942,4,1
2012-10-31 14:28:02.127624+00:00,3.04,6.81,10.42,1911.8860961695125,14.96896249989454,-139.7255946984123,4,1
2012-10-31 14:31:02.127624+00:00,2.24,5.05,7.74,2275.2753386502964,15.256219762929042,-139.15108017234328,5,1
2012-10-31 14:35:02.127624+00:00,2.32,5.22,7.99,4547.702656789041,15.70259098716434,-138.25833772387267,5,1
2012-10-31 14:39:02.127624+00:00,2.32,5.22,7.99,4916.821734783021,15.776058639043184,-138.11140242011498,4,1
2012-10-31 14:44:02.127624+00:00,2.03,4.59,7.03,4547.702656789041,15.849526290922032,-137.9644671163573,5,1
2012-10-31 14:50:02.127624+00:00,0.18,0.41,0.61,3523.399293936438,15.911442902775583,-137.8406338926502,4,1
2012-10-31 14:53:02.127624+00:00,0.01,0.04,0.06,3135.406233647089,15.78889217128664,-138.08573535562806,5,1
2012-10-31 14:57:02.127624+00:00,0.01,0.01,0.02,2947.7235419183453,15.954593494836736,-137.7543327085279,4,1
2012-10-31 15:00:02.127624+00:00,0.01,0.04,0.02,2617.5379297929176,15.954593494836736,-137.7543327085279,4,1
2012-10-31 15:08:02.127624+00:00,1.52,3.43,5.26,2733.2621660780296,15.564431362218842,-138.53465697376367,4,1
2012-10-31 15:12:02.127624+00:00,1.07,2.43,3.73,4509.277592028841,15.954698787783132,-137.7541221226351,4,1
2012-10-31 15:18:02.127624+00:00,1.12,2.54,3.89,5495.989925003503,16.447894370051205,-136.76773095809895,5,1
2012-10-31 15:22:02.127624+00:00,1.21,2.74,4.2,5761.52789315068,16.508660696233214,-136.64619830573494,4,1
2012-10-31 15:26:02.127624+00:00,1.29,2.93,4.49,5495.989925003503,16.447894370051205,-136.76773095809895,5,1
2012-10-31 15:31:02.127624+00:00,0.97,2.21,3.38,4246.513231082291,15.27955564879916,-139.10440840060306,5,1
2012-10-31 15:34:02.127624+00:00,1.72,3.88,5.94,3480.4575626277733,15.06780609947966,-139.52790749924202,5,1
2012-10-31 15:38:02.127624+00:00,1.68,3.81,5.83,3001.2675403809226,14.65427480236601,-140.35497009346932,5,1
2012-10-31 15:41:02.127624+00:00,1.68,3.81,5.83,3001.2675403809226,14.65427480236601,-140.35497009346932,5,1
2012-10-31 15:45:02.127624+00:00,1.68,3.81,5.83,2964.3101629609537,14.65427480236601,-140.35497009346932,3,1
2012-10-31 16:27:02.127624+00:00,4.38,9.72,14.85,3826.997767038924,15.008497415532576,-139.6465248671362,3,1
2012-10-31 16:31:02.127624+00:00,4.49,9.96,15.22,3826.997767038924,15.008497415532576,-139.6465248671362,3,1
2012-10-31 16:36:02.127624+00:00,4.33,9.61,14.69,3826.997767038924,15.008497415532576,-139.6465248671362,3,1
2012-10-31 18:45:02.127624+00:00,1.72,3.88,5.94,2827.9735793788454,14.950039403423077,-139.7634408913552,3,1
2012-10-31 18:48:02.127624+00:00,1.68,3.81,5.83,4267.527130388265,15.492313756021996,-138.67889218615738,4,1
2012-10-31 18:52:02.127624+00:00,1.52,3.43,5.26,5707.080681397683,16.034588108620913,-137.59434348095954,5,1
2012-10-31 18:55:02.127624+00:00,1.25,2.84,4.34,5154.821620091596,16.126733216394552,-137.41005326541227,6,1
2012-10-31 18:59:02.127624+00:00,0.48,1.1,1.68,4602.562558785508,16.479473595089587,-136.70457250802218,5,1
2012-10-31 19:03:02.127624+00:00,0.01,0.04,0.06,4602.562558785508,16.496497822125967,-136.67052405394944,5,1
2012-10-31 19:06:02.127624+00:00,0.01,0.04,0.02,4502.458200595064,16.533984691704497,-136.59555031479238,4,1
2012-10-31 19:09:02.127624+00:00,0.01,0.01,0.02,4402.35384240462,16.496497822125967,-136.67052405394944,3,1
2012-10-31 19:50:02.127624+00:00,3.55,7.93,12.14,3005.5772710001916,15.257693478043787,-139.1481327421138,3,1
2012-10-31 19:54:02.127624+00:00,3.64,8.13,12.43,3005.5772710001916,15.257693478043787,-139.1481327421138,3,1
2012-10-31 19:58:02.127624+00:00,3.55,7.93,12.14,3005.5772710001916,15.257693478043787,-139.1481327421138,3,1
2012-10-31 20:12:02.127624+00:00,3.27,7.33,11.21,2422.9227305408044,14.67065034504687,-140.32221900810762,3,1
2012-10-31 20:16:02.127624+00:00,3.0,6.72,10.29,2870.6978479592485,14.790541033817282,-140.0824376305668,4,1
2012-10-31 20:21:02.127624+00:00,3.66,8.17,12.49,3318.4729653776926,14.910431722587695,-139.84265625302595,5,1
2012-10-31 20:26:02.127624+00:00,3.85,8.59,13.13,3367.188134897666,15.070248279906917,-139.52302313838754,4,1
2012-10-31 20:30:02.127624+00:00,3.89,8.67,13.25,3137.2343891005876,14.67065034504687,-140.32221900810762,5,1
2012-10-31 20:33:02.127624+00:00,4.21,9.36,14.31,3137.2343891005876,14.44737645247377,-140.76876679325383,5,1
2012-10-31 20:39:02.127624+00:00,4.47,9.93,15.17,3050.776992825378,14.421838676293625,-140.81984234561412,5,1
2012-10-31 20:43:02.127624+00:00,4.65,10.31,15.74,2797.7547347110417,14.410356145233226,-140.8428074077349,5,1
2012-10-31 20:47:02.127624+00:00,4.64,10.27,15.69,2262.3345852294165,13.961308797510014,-141.74090210318133,5,1
2012-10-31 20:51:02.127624+00:00,4.7,10.41,15.9,2797.7547347110417,14.170300856291442,-141.3229179856185,5,1
2012-10-31 20:56:02.127624+00:00,4.72,10.44,15.95,2262.3345852294165,13.961308797510014,-141.74090210318133,5,1
2012-10-31 21:01:02.127624+00:00,4.76,10.54,16.1,2232.32159566264,14.02571581759472,-141.61208806301192,4,1
2012-10-31 21:05:02.127624+00:00,4.78,10.58,16.16,2270.0127058472485,13.961308797510014,-141.74090210318133,5,1
2012-10-31 21:09:02.127624+00:00,4.78,10.58,16.16,2419.6711762440623,14.010306570259232,-141.6429065576829,4,1
2012-10-31 21:15:02.127624+00:00,4.44,9.86,15.06,2419.6711762440623,14.010306570259232,-141.6429065576829,4,1
2012-10-31 21:19:02.127624+00:00,4.44,9.86,15.06,2494.70043058217,13.803148803503596,-142.05722209119415,4,1
2012-10-31 21:24:02.127624+00:00,4.38,9.72,14.85,2420.071214523464,13.675807304168156,-142.31190508986504,5,1
2012-10-31 21:28:02.127624+00:00,4.34,9.65,14.74,2295.814238339144,13.64316258827392,-142.3771945216535,4,1
2012-10-31 21:32:02.127624+00:00,4.51,10.0,15.27,2137.1872697725253,13.64316258827392,-142.3771945216535,4,1
2012-11-01 17:23:02.125164+00:00,4.21,9.36,14.31,1727.680688684256,20.89921746653381,-127.85781095318885,3,2
2012-11-01 17:24:02.125164+00:00,4.21,9.36,14.31,1727.680688684256,20.89921746653381,-127.85781095318885,3,1
2012-11-01 21:09:02.125164+00:00,11.65,24.68,37.44,2062.155257701608,13.91768288663779,-141.8208801129809,3,1
2012-11-01 22:05:02.125164+00:00,6.88,14.98,22.83,9949.935044557982,16.86203495193755,-135.93217598238138,3,1
2012-11-01 22:09:02.125164+00:00,6.46,14.11,21.52,9928.67002376686,16.881188802782567,-135.89386828069135,4,1
2012-11-01 22:13:02.125164+00:00,6.43,14.05,21.42,9949.935044557982,16.900342653627586,-135.85556057900132,5,1
2012-11-01 22:18:02.125164+00:00,6.1,13.36,20.38,9907.40500297574,16.900342653627586,-135.85556057900132,5,1
2012-11-01 22:23:02.125164+00:00,5.95,13.05,19.9,9907.40500297574,16.900342653627586,-135.85556057900132,5,1
2012-11-01 22:27:02.125164+00:00,5.72,12.57,19.18,9907.40500297574,16.890036864404916,-135.87617215744666,5,1
2012-11-01 22:31:02.125164+00:00,5.51,12.12,18.5,9688.573821308588,16.77367457109472,-136.10889674406704,5,1
2012-11-01 22:35:02.125164+00:00,5.51,12.12,18.5,9688.573821308588,16.77367457109472,-136.10889674406704,5,1
2012-11-01 22:39:02.125164+00:00,5.31,11.7,17.87,10074.593032422745,16.831855717749818,-135.99253445075686,4,1
2012-11-01 22:44:02.125164+00:00,5.42,11.93,18.21,10760.642057317686,16.950006762180557,-135.75623236189537,4,1
2012-11-01 22:50:02.125164+00:00,5.4,11.9,18.16,11054.436545417491,17.009976659956195,-135.63629256634408,3,1
2012-11-01 22:56:02.125164+00:00,4.01,8.92,13.64,9224.230317557134,16.681735021726997,-136.29277584280248,4,1
2012-11-01 23:00:02.125164+00:00,3.59,8.01,12.26,7417.704466836473,16.39333799731178,-136.86956989163292,5,1
2012-11-01 23:04:02.125164+00:00,3.44,7.7,11.77,6240.3542251198105,16.33426535025319,-136.9877151857501,5,1
2012-11-01 23:09:02.125164+00:00,3.92,8.74,13.36,6240.3542251198105,16.33426535025319,-136.9877151857501,5,1
2012-11-01 23:12:02.125164+00:00,3.57,7.97,12.2,6240.3542251198105,16.39333799731178,-136.86956989163292,5,1
2012-11-01 23:17:02.125164+00:00,3.53,7.9,12.07,13020.456102804124,17.406364537737804,-134.84351681078087,5,1
2012-11-01 23:21:02.125164+00:00,3.57,7.97,12.2,14287.576640946198,17.61333402047034,-134.4295778453158,4,1
2012-11-01 23:26:02.125164+00:00,3.46,7.74,11.83,14287.576640946198,17.61333402047034,-134.4295778453158,4,1
2012-11-01 23:31:02.125164+00:00,3.18,7.12,10.89,11008.83684389705,17.590148374052422,-134.47594913815163,4,1
2012-11-01 23:36:02.125164+00:00,1.95,4.41,6.75,10434.776501040466,17.590148374052422,-134.47594913815163,4,1
2012-11-01 23:42:02.125164+00:00,1.75,3.95,6.05,14406.576493375103,17.92768708327121,-133.80087171971405,3,1
2012-11-01 23:50:02.125164+00:00,1.72,3.88,5.94,35512.55304301552,19.70509566905357,-130.24605454814937,3,1
2012-11-01 23:55:02.125164+00:00,1.12,2.54,3.89,35512.55304301552,19.70509566905357,-130.24605454814937,3,1
2012-11-02 00:01:02.123934+00:00,0.01,0.04,0.04,18676.501061050127,19.258379024982293,-131.4887816517682,3,1
2012-11-02 00:08:02.123934+00:00,0.58,1.31,2.01,18676.501061050127,19.258379024982293,-131.4887816517682,3,1
2012-11-02 00:24:02.123934+00:00,0.92,2.08,3.19,13928.968494082736,18.982367090654904,-132.04080552042296,3,1
2012-11-02 00:29:02.123934+00:00,1.62,3.66,5.61,15913.410733285777,19.38584838929669,-131.2338429231394,3,1
2012-11-02 00:36:02.123934+00:00,2.19,4.94,7.57,26678.238940083087,19.82148824971135,-130.36256320231007,3,1
2012-11-02 00:42:02.123934+00:00,2.19,4.94,7.57,29744.27138931744,20.16590480112655,-129.67373009947966,3,1
2012-11-02 00:47:02.123934+00:00,2.29,5.16,7.91,38716.61053970501,19.82148824971135,-130.36256320231007,3,1
2012-11-02 00:52:02.123934+00:00,2.06,4.65,7.12,38716.61053970501,19.64154338641475,-130.72245292890327,3,1
2012-11-02 00:57:02.123934+00:00,1.72,3.88,5.94,12758.1510049295,17.49684315640746,-135.01185338891784,3,1
2012-11-02 01:03:02.123934+00:00,1.78,4.02,6.15,12758.1510049295,17.49684315640746,-135.01185338891784,3,1
2012-11-02 01:10:02.123934+00:00,3.25,7.28,11.14,9444.251467266358,16.84057487435337,-136.32438995302604,3,1
2012-11-02 01:17:02.123934+00:00,3.73,8.32,12.73,9884.115852408348,16.82485681831843,-136.35582606509593,4,1
2012-11-02 01:22:02.123934+00:00,3.66,8.17,12.49,9884.115852408348,16.82485681831843,-136.35582606509593,4,1
2012-11-02 01:27:02.123934+00:00,4.21,9.36,14.31,11767.471123259587,17.132838702308533,-135.7398622971157,4,1
2012-11-02 01:30:02.123934+00:00,4.21,9.36,14.31,10323.980237550337,16.913710791862908,-136.17811811800695,5,1
2012-11-02 01:36:02.123934+00:00,4.65,10.31,15.74,12506.881982564975,17.122127164734238,-135.7612853722643,6,1
2012-11-02 01:39:02.123934+00:00,4.75,10.51,16.05,12506.881982564975,17.122127164734238,-135.7612853722643,6,1
2012-11-02 01:41:02.123934+00:00,5.03,11.11,16.97,10294.537258997578,16.636303814694344,-136.73293207234408,6,1
2012-11-02 01:46:02.123934+00:00,5.06,11.18,17.07,8786.272561834045,16.25790648587693,-137.4897267299789,7,1
2012-11-02 01:47:02.123934+00:00,5.17,11.41,17.42,8314.42448984999,16.115709906184684,-137.77411988936342,6,1
2012-11-02 01:50:02.123934+00:00,5.17,11.41,17.42,8786.272561834045,16.25790648587693,-137.4897267299789,5,1
2012-11-02 01:56:02.123934+00:00,5.63,12.38,18.89,7294.378740020828,15.97351332649244,-138.0585130487479,5,1
2012-11-02 02:01:02.123934+00:00,5.89,12.92,19.71,6636.513705908039,15.813326214008375,-138.37888727371603,4,1
2012-11-02 02:05:02.123934+00:00,5.9,12.95,19.76,5978.64867179525,15.653139101524316,-138.69926149868414,5,1
2012-11-02 02:09:02.123934+00:00,6.04,13.24,20.19,4179.471883841235,14.577078804901136,-140.8513820919305,5,1
2012-11-02 02:13:02.123934+00:00,6.32,13.83,21.09,3383.0226538557595,14.017332192391551,-141.97087531694967,5,1
2012-11-02 02:17:02.123934+00:00,6.47,14.15,21.56,2839.275596603715,13.643236583215147,-142.7190665353025,4,1
2012-11-02 02:22:02.123934+00:00,6.97,15.17,23.11,2295.52853935167,13.269140974038743,-143.4672577536553,3,1
2012-11-02 03:01:02.123934+00:00,5.95,13.05,19.9,2347.4532354635103,14.22762864671164,-141.5502824083095,4,1
2012-11-02 03:06:02.123934+00:00,5.98,13.11,20.0,2670.442078253309,14.330033986385322,-141.34547172896214,3,1
2012-11-02 03:11:02.123934+00:00,6.2,13.58,20.71,3159.811050516122,14.381009569688793,-141.2435205623552,3,1
2012-11-02 03:17:02.123934+00:00,5.8,12.73,19.42,4373.699823412701,14.97234533274438,-140.060849036244,3,1
2012-11-02 03:24:02.123934+00:00,5.42,11.93,18.21,5835.239269043737,15.682845346538103,-138.63984900865657,3,1
2012-11-02 03:30:02.123934+00:00,5.93,13.02,19.86,8482.143357097932,16.33054811622833,-137.34444346927611,3,1
2012-11-02 03:37:02.123934+00:00,6.74,14.7,22.41,8686.59068455977,16.473857317423416,-137.05782506688595,3,1
2012-11-02 03:44:02.123934+00:00,5.83,12.8,19.52,9681.417851477026,16.757803187426273,-136.48993332688022,4,1
2012-11-02 03:48:02.123934+00:00,4.94,10.91,16.67,8992.855884729548,16.62909243418664,-136.74735483335948,3,1
2012-11-02 03:53:02.123934+00:00,5.03,11.11,16.97,8839.723284644659,16.593640841230858,-136.81825801927104,4,1
2012-11-02 03:58:02.123934+00:00,5.52,12.16,18.55,8775.090553972726,16.55818924827508,-136.8891612051826,3,1
2012-11-02 04:05:02.123934+00:00,5.66,12.45,18.99,8775.090553972726,16.55818924827508,-136.8891612051826,3,1
2012-11-02 04:11:02.123934+00:00,5.86,12.86,19.62,10038.121273905012,16.77115965118412,-136.46322039936453,3,1
2012-11-02 04:17:02.123934+00:00,6.13,13.43,20.48,10106.248423419082,16.807106475729707,-136.39132675027338,4,1
2012-11-02 04:23:02.123934+00:00,6.4,13.99,21.33,8764.966556671701,16.604733091362455,-136.79607351900788,4,1
2012-11-02 04:25:02.123934+00:00,6.79,14.8,22.55,7355.557540410251,16.366412882449616,-137.27271393683355,5,1
2012-11-02 04:29:02.123934+00:00,6.82,14.86,22.64,7217.830134981972,16.157603432018583,-137.69033283769562,5,1
2012-11-02 04:34:02.123934+00:00,6.82,14.86,22.64,6709.580046672951,16.02452726776577,-137.95648516620125,4,1
2012-11-02 04:39:02.123934+00:00,6.85,14.92,22.74,6201.329958363928,15.891451103512953,-138.22263749470687,5,1
2012-11-02 04:44:02.123934+00:00,7.01,15.26,23.25,3488.164269455042,14.496315229698109,-141.01290924233655,4,1
2012-11-02 04:49:02.123934+00:00,7.85,17.0,25.87,2279.7948871854887,13.679063544393864,-142.64741261294506,4,1
2012-11-02 04:53:02.123934+00:00,7.87,17.03,25.92,2279.7948871854887,13.679063544393864,-142.64741261294506,4,1
2012-11-02 04:56:02.123934+00:00,8.1,17.49,26.62,1960.9651073402008,13.365507261683252,-143.27452517836628,3,1
2012-11-02 14:05:02.122704+00:00,4.67,10.34,15.79,5109.609895920907,15.569995263455866,-139.00791368627108,3,1
2012-11-02 14:11:02.122704+00:00,4.16,9.25,14.14,11220.653811270578,16.986637339262252,-136.1746295346583,3,1
2012-11-02 14:16:02.122704+00:00,3.46,7.74,11.83,11220.653811270578,16.986637339262252,-136.1746295346583,3,1
2012-11-02 14:22:02.122704+00:00,3.1,6.94,10.62,11220.653811270578,16.986637339262252,-136.1746295346583,3,1
2012-11-02 14:29:02.122704+00:00,2.73,6.13,9.38,12203.700487066291,17.41389123417095,-135.3201217448409,4,1
2012-11-02 14:33:02.122704+00:00,2.53,5.69,8.71,12203.700487066291,17.486870000432933,-135.17416421231692,4,1
2012-11-02 14:38:02.122704+00:00,2.41,5.43,8.31,12607.96086059052,17.562351329617375,-135.02320155394804,5,1
2012-11-02 14:42:02.122704+00:00,2.37,5.33,8.15,12753.207850909115,17.585407052595983,-134.97709010799082,6,1
2012-11-02 14:46:02.122704+00:00,1.17,2.64,4.05,12753.207850909115,17.585407052595983,-134.97709010799082,6,1
2012-11-02 14:49:02.122704+00:00,0.92,2.08,3.19,12607.96086059052,17.60846277557459,-134.93097866203362,7,1
2012-11-02 14:51:02.122704+00:00,0.86,1.95,2.99,12607.96086059052,17.60846277557459,-134.93097866203362,7,1
2012-11-02 14:54:02.122704+00:00,0.01,0.04,0.02,18640.75722385472,18.274845048653617,-133.59821411587558,7,1
2012-11-02 14:57:02.122704+00:00,0.01,0.04,0.06,22565.92359733085,18.79653793362096,-132.55482834594088,7,1
2012-11-02 14:58:02.122704+00:00,0.01,0.04,0.06,22565.92359733085,18.79653793362096,-132.55482834594088,7,1
2012-11-02 15:02:02.122704+00:00,0.01,0.04,0.06,22565.92359733085,19.156947560394073,-131.83400909239464,7,1
2012-11-02 15:06:02.122704+00:00,0.58,1.31,2.01,20424.04904919333,18.942514210429096,-132.2628757923246,8,1
2012-11-02 15:09:02.122704+00:00,0.73,1.66,2.55,19711.30166322803,18.72808086046411,-132.69174249225455,7,1
2012-11-02 15:11:02.122704+00:00,0.36,0.82,1.27,19985.20399595315,18.917828887352247,-132.3122464384783,8,1
2012-11-02 15:13:02.122704+00:00,1.33,3.02,4.62,12420.086774854037,17.16774217208191,-135.81241986901898,8,1
2012-11-02 15:15:02.122704+00:00,0.97,2.21,3.38,19711.30166322803,18.72808086046411,-132.69174249225455,9,1
2012-11-02 15:18:02.122704+00:00,1.03,2.32,3.56,12420.086774854037,17.16774217208191,-135.81241986901898,8,1
2012-11-02 15:19:02.122704+00:00,0.92,2.08,3.19,19711.30166322803,18.72808086046411,-132.69174249225455,7,1
2012-11-02 15:22:02.122704+00:00,1.12,2.54,3.89,12693.98910757916,17.16774217208191,-135.81241986901898,8,1
2012-11-02 15:24:02.122704+00:00,0.8,1.81,2.78,20259.106328678277,18.72808086046411,-132.69174249225455,7,1
2012-11-02 15:29:02.122704+00:00,0.48,1.1,1.68,17214.402559856462,18.11728344654504,-133.91333732009272,7,1
2012-11-02 15:31:02.122704+00:00,0.97,2.21,3.38,5048.004920516824,15.575445256594708,-138.99701369999335,7,1
2012-11-02 15:35:02.122704+00:00,2.55,5.74,8.78,10366.719978119349,16.531506782683852,-137.0848906478151,6,1
2012-11-02 15:37:02.122704+00:00,2.77,6.22,9.52,3519.037396382235,14.945730118822665,-140.25644397553745,7,1
2012-11-02 15:39:02.122704+00:00,2.85,6.41,9.81,5926.562746716631,15.65914045520168,-138.82962330277945,8,1
2012-11-02 15:44:02.122704+00:00,3.23,7.24,11.08,3353.4510297775637,14.56398846009381,-141.0199272929952,7,1
2012-11-02 15:47:02.122704+00:00,3.77,8.4,12.84,5843.769563414296,15.468269625837252,-139.2113649615083,6,1
2012-11-02 15:49:02.122704+00:00,3.77,8.4,12.84,5843.769563414296,15.468269625837252,-139.2113649615083,6,1
2012-11-02 15:51:02.122704+00:00,4.7,10.41,15.9,8196.276582172657,16.29907239973027,-137.54975941372226,6,1
2012-11-02 15:56:02.122704+00:00,5.28,11.64,17.77,8058.465067294286,16.225594007879845,-137.6967161974231,5,1
2012-11-02 16:00:02.122704+00:00,5.51,12.12,18.5,8058.465067294286,16.225594007879845,-137.6967161974231,3,1
2012-11-02 18:07:02.122704+00:00,6.73,14.67,22.36,2016.1901097272255,13.789195128118823,-142.56951395694514,4,1
2012-11-02 18:10:02.122704+00:00,6.73,14.67,22.36,2016.1901097272255,13.789195128118823,-142.56951395694514,4,1
2012-11-02 18:15:02.122704+00:00,6.52,14.24,21.7,2016.1901097272255,13.789195128118823,-142.56951395694514,6,1
2012-11-02 18:16:02.122704+00:00,5.8,12.73,19.42,2051.0595719138114,13.800150261826792,-142.5476036895292,7,1
2012-11-02 18:21:02.122704+00:00,5.55,12.22,18.65,5142.578798846193,15.335952955508962,-139.47599830216487,6,1
2012-11-02 18:23:02.122704+00:00,5.55,12.22,18.65,5142.578798846193,15.335952955508962,-139.47599830216487,6,1
2012-11-02 18:26:02.122704+00:00,5.22,11.51,17.57,8675.208125706082,16.515437366410573,-137.11702948036165,6,1
2012-11-02 18:30:02.122704+00:00,5.14,11.34,17.32,11286.248362562175,17.170209645349537,-135.80748492248372,6,1
2012-11-02 18:35:02.122704+00:00,5.12,11.31,17.27,12682.736898770643,17.33505312414867,-135.47779796488547,5,1
2012-11-02 18:39:02.122704+00:00,5.05,11.15,17.02,13438.760115169276,17.364577518808563,-135.4187491755657,5,1
2012-11-02 18:43:02.122704+00:00,4.95,10.95,16.72,14175.548319265145,17.540985559592247,-135.0659330939983,5,1
2012-11-02 18:48:02.122704+00:00,4.57,10.13,15.48,14286.066753661957,17.777229146224055,-134.5934459207347,5,1
2012-11-02 18:52:02.122704+00:00,4.67,10.34,15.79,14286.066753661957,17.777229146224055,-134.5934459207347,5,1
2012-11-02 18:57:02.122704+00:00,4.59,10.17,15.53,14175.548319265145,17.777229146224055,-134.5934459207347,5,1
2012-11-02 19:01:02.122704+00:00,4.59,10.17,15.53,14017.305529295118,17.46266461878496,-135.22257497561287,5,1
2012-11-02 19:05:02.122704+00:00,4.64,10.27,15.69,13898.34165556294,17.462522776888584,-135.22285865940563,4,1
2012-11-02 19:11:02.122704+00:00,4.62,10.24,15.64,13174.826763726873,17.366887563052618,-135.41412908707755,4,1
2012-11-02 19:16:02.122704+00:00,4.87,10.78,16.46,11189.54225305112,17.087820101620228,-135.97226400994234,4,1
2012-11-02 19:19:02.122704+00:00,4.87,10.78,16.46,11189.54225305112,17.087820101620228,-135.97226400994234,4,1
2012-11-02 19:22:02.122704+00:00,5.01,11.08,16.92,9808.808760479256,16.904246012127427,-136.33941218892795,3,1
2012-11-02 19:46:02.122704+00:00,5.25,11.57,17.67,9332.046360039025,16.717288150588377,-136.71332791200604,3,1
2012-11-02 19:51:02.122704+00:00,5.86,12.86,19.62,6999.454285507512,15.896212334174937,-138.35547954483292,3,1
2012-11-02 19:57:02.122704+00:00,6.2,13.58,20.71,5628.613412389985,15.699492161547182,-138.74891989008842,4,1
2012-11-02 20:02:02.122704+00:00,6.79,14.8,22.55,4698.84725191135,15.25354938238923,-139.64080544840434,4,1
2012-11-02 20:06:02.122704+00:00,6.79,14.8,22.55,4698.84725191135,15.25354938238923,-139.64080544840434,4,1
2012-11-02 20:11:02.122704+00:00,7.45,16.16,24.61,3623.052954896497,14.740398419396143,-140.6671073743905,4,1
2012-11-02 20:17:02.122704+00:00,8.33,17.96,27.33,2148.998571949311,13.787703697577346,-142.5724968180281,3,1
2012-11-02 20:35:02.122704+00:00,7.27,15.79,24.05,1766.3834255829688,13.454361818291796,-143.2391805765992,4,1
2012-11-02 20:37:02.122704+00:00,7.43,16.13,24.56,1766.3834255829688,13.454361818291796,-143.2391805765992,4,1
2012-11-02 20:40:02.122704+00:00,7.19,15.63,23.81,1766.3834255829688,13.454361818291796,-143.2391805765992,4,1
2012-11-02 20:45:02.122704+00:00,7.19,15.63,23.81,1674.1393785206683,13.37412446898151,-143.39965527521977,5,1
2012-11-02 20:51:02.122704+00:00,7.33,15.91,24.23,1632.104169996849,13.382715908716904,-143.382472395749,5,1
2012-11-02 20:54:02.122704+00:00,7.12,15.48,23.58,1632.104169996849,13.382715908716904,-143.382472395749,5,1
2012-11-02 20:57:02.122704+00:00,7.16,15.57,23.72,1732.5698418135846,13.394692129339475,-143.35851995450386,4,1
2012-11-02 20:58:02.122704+00:00,7.21,15.66,23.86,1732.5698418135846,13.394692129339475,-143.35851995450386,4,1
2012-11-02 21:42:02.122704+00:00,7.93,17.15,26.11,1834.347766446268,13.543036325911228,-143.06183156136035,3,1
2012-11-02 21:46:02.122704+00:00,7.85,17.0,25.87,1769.555104813537,13.69792519138138,-142.75205383042004,4,1
2012-11-02 21:50:02.122704+00:00,7.75,16.78,25.54,1769.555104813537,13.69792519138138,-142.75205383042004,4,1
2012-11-02 21:55:02.122704+00:00,7.36,15.97,24.33,2030.5471512821605,13.958231804517936,-142.23144060414694,4,1
2012-11-02 22:01:02.122704+00:00,4.68,10.37,15.85,3942.896007685768,15.078778831304858,-139.9903465505731,5,1
2012-11-02 22:05:02.122704+00:00,4.59,10.17,15.53,4687.870530709638,15.28469852706331,-139.5785071590562,6,1
2012-11-02 22:08:02.122704+00:00,4.6,10.2,15.59,3942.896007685768,15.078778831304858,-139.9903465505731,7,1
2012-11-02 22:10:02.122704+00:00,5.0,11.05,16.87,4687.870530709638,15.28469852706331,-139.5785071590562,8,1
2012-11-02 22:13:02.122704+00:00,4.98,11.01,16.82,3611.5100251920585,14.406545830618477,-141.33481255194584,8,1
2012-11-02 22:15:02.122704+00:00,5.14,11.34,17.32,5432.8450537335075,15.49061822282176,-139.16666776753928,9,1
2012-11-02 22:18:02.122704+00:00,6.26,13.71,20.9,6035.287670151782,15.851646590615225,-138.44461103195235,7,1
2012-11-02 22:19:02.122704+00:00,6.29,13.77,21.0,6123.739636701122,15.861160422676228,-138.42558336783034,8,1
2012-11-02 22:22:02.122704+00:00,6.77,14.77,22.5,6035.287670151782,15.870674254737231,-138.40655570370834,7,1
2012-11-02 22:24:02.122704+00:00,6.82,14.86,22.64,5031.002603690796,15.59219195672277,-138.96352029973724,8,1
2012-11-02 22:29:02.122704+00:00,7.13,15.51,23.63,3242.6308010427747,14.595940097825796,-140.9560240175312,6,1
2012-11-02 22:33:02.122704+00:00,7.19,15.63,23.81,3699.9754902478953,14.95876947220981,-140.23036526876317,6,1
2012-11-02 22:34:02.122704+00:00,7.19,15.63,23.81,2915.8887540608607,14.240999911327297,-141.6659043905282,6,1
2012-11-02 22:37:02.122704+00:00,7.3,15.85,24.14,2548.1152375225565,13.91550062364246,-142.31690296589787,7,1
2012-11-02 22:42:02.122704+00:00,7.67,16.62,25.31,2235.1758862656584,13.732792590460146,-142.6823190322625,8,1
2012-11-02 22:44:02.122704+00:00,7.9,17.09,26.01,2235.1758862656584,13.732792590460146,-142.6823190322625,6,1
2012-11-02 22:47:02.122704+00:00,7.51,16.28,24.8,2209.844120202188,13.878170536943284,-142.39156313929624,7,1
2012-11-02 22:50:02.122704+00:00,7.46,16.19,24.65,2011.8077076755767,13.587414643977011,-142.9730749252288,7,1
2012-11-02 22:51:02.122704+00:00,7.75,16.78,25.54,1933.984575555337,13.747627273520392,-142.65264966614205,8,1
2012-11-02 22:55:02.122704+00:00,8.05,17.4,26.48,1933.984575555337,13.747627273520392,-142.65264966614205,6,1
2012-11-02 23:00:02.122704+00:00,7.04,15.32,23.35,1818.280988533508,13.70806860167514,-142.73176700983254,4,1
2012-11-02 23:01:02.122704+00:00,7.09,15.42,23.49,1818.280988533508,13.70806860167514,-142.73176700983254,4,1
2012-11-03 12:42:02.120244+00:00,14.5,30.38,40.0,1828.9897785167936,16.315040131769948,-131.1492916360701,7,1
2012-11-03 12:43:02.120244+00:00,14.6,30.59,40.0,1759.9222953842664,15.763863988784852,-132.25164392204027,8,1
2012-11-03 12:46:02.120244+00:00,15.45,32.27,40.0,1759.9222953842664,15.763863988784852,-132.25164392204027,8,1
2012-11-03 12:49:02.120244+00:00,15.81,32.99,40.0,1759.9222953842664,15.763863988784852,-132.25164392204027,8,2
2012-11-03 12:50:02.120244+00:00,15.95,33.26,40.0,1759.9222953842664,15.763863988784852,-132.25164392204027,8,2
2012-11-03 12:53:02.120244+00:00,14.64,30.67,40.0,1873.585937903159,16.36475880336456,-131.04985429288087,10,1
2012-11-03 13:02:02.120244+00:00,14.29,29.96,40.0,2245.663604265941,16.10432124557915,-131.5707294084517,15,2
2012-11-03 13:03:02.120244+00:00,14.94,31.27,40.0,2245.663604265941,16.10432124557915,-131.5707294084517,17,1
2012-11-03 13:06:02.120244+00:00,14.29,29.96,40.0,2244.5733059578847,15.997177916356556,-131.78501606689687,23,1
2012-11-03 13:07:02.120244+00:00,14.5,30.38,40.0,2245.118455111913,16.028850389699414,-131.72167112021117,24,2
2012-11-03 13:08:02.120244+00:00,14.06,29.51,40.0,2245.663604265941,16.060522863042273,-131.65832617352547,25,2
2012-11-03 13:09:02.120244+00:00,13.72,28.82,40.0,2245.663604265941,16.10432124557915,-131.5707294084517,27,2
2012-11-03 13:11:02.120244+00:00,13.72,28.82,40.0,2244.5733059578847,16.206466852471827,-131.36643819466633,29,3
2012-11-03 13:12:02.120244+00:00,13.82,29.02,40.0,2244.5733059578847,16.206466852471827,-131.36643819466633,29,2
2012-11-03 13:13:02.120244+00:00,13.82,29.02,40.0,2245.118455111913,16.44980462144749,-130.879762656715,30,3
2012-11-03 13:14:02.120244+00:00,13.72,28.82,40.0,2245.118455111913,16.391085897748088,-130.9972001041138,32,2
2012-11-03 13:15:02.120244+00:00,13.6,28.58,40.0,2235.5322338510487,16.26703574500486,-131.24530040960025,34,2
2012-11-03 13:16:02.120244+00:00,13.84,29.06,40.0,2235.5322338510487,16.26703574500486,-131.24530040960025,34,2
2012-11-03 13:17:02.120244+00:00,7.79,16.87,25.68,2244.5733059578847,16.3276046375379,-131.1241626245342,33,1
2012-11-03 13:18:02.120244+00:00,13.98,29.35,40.0,2235.5322338510487,16.51328588165768,-130.75280013629464,30,1
2012-11-03 13:19:02.120244+00:00,7.21,15.66,23.86,2185.928671548135,16.51328588165768,-130.75280013629464,28,1
2012-11-03 13:20:02.120244+00:00,7.36,15.97,24.33,2185.928671548135,16.51328588165768,-130.75280013629464,28,1
2012-11-03 13:21:02.120244+00:00,7.52,16.31,24.84,2185.928671548135,16.391085897748088,-130.9972001041138,28,1
2012-11-03 13:22:02.120244+00:00,7.43,16.13,24.56,2123.743537414248,16.247592534289698,-131.28418683103058,26,3
2012-11-03 13:23:02.120244+00:00,7.98,17.25,26.25,2123.743537414248,16.247592534289698,-131.28418683103058,24,2
2012-11-03 13:24:02.120244+00:00,8.05,17.4,26.48,2106.8964094896664,16.308161426822736,-131.16304904596453,22,2
2012-11-03 13:25:02.120244+00:00,8.07,17.43,26.53,2197.1478277994456,16.391085897748088,-130.9972001041138,20,1
2012-11-03 13:29:02.120244+00:00,31.29,40.0,40.0,2008.571580034964,16.371642687032924,-131.03608652554414,16,1
2012-11-03 13:31:02.120244+00:00,30.81,40.0,40.0,1909.318264965549,16.125686335129156,-131.52799922935168,14,2
2012-11-03 13:32:02.120244+00:00,31.47,40.0,40.0,1750.2098923038216,15.962654454150742,-131.85406299130852,13,1
2012-11-03 13:36:02.120244+00:00,12.97,27.34,40.0,1595.288011451284,15.866206859400265,-132.0469581808095,6,1
2012-11-03 13:39:02.120244+00:00,13.78,28.94,40.0,1583.9917409727093,15.962654454150742,-131.85406299130852,5,1
2012-11-03 14:40:02.120244+00:00,14.75,30.88,40.0,2548.2804653811313,13.950304230861915,-135.87876343788616,3,1
2012-11-03 14:46:02.120244+00:00,9.45,20.25,30.78,2553.8650443333063,13.96458063337107,-135.85021063286786,6,1
2012-11-03 14:47:02.120244+00:00,9.44,20.22,30.73,2553.8650443333063,13.96458063337107,-135.85021063286786,6,1
2012-11-03 14:51:02.120244+00:00,9.29,19.93,30.29,2559.449623285481,13.97885703588022,-135.82165782784955,5,1
2012-11-03 14:55:02.120244+00:00,18.17,37.68,40.0,2654.6384171653963,16.220989811606934,-131.33739227639612,13,1
2012-11-03 14:56:02.120244+00:00,24.13,40.0,40.0,3141.9902190864223,17.216294212798847,-129.3467834740123,15,1
2012-11-03 15:01:02.120244+00:00,26.42,40.0,40.0,4189.356112845364,18.86705523229599,-126.04526143501803,24,1
2012-11-03 15:02:02.120244+00:00,26.29,40.0,40.0,4725.259436991049,19.054475134506323,-125.67042163059736,27,1
2012-11-03 15:03:02.120244+00:00,26.02,40.0,40.0,5533.0567704638925,19.141890445071866,-125.49559100946628,30,2
2012-11-03 15:04:02.120244+00:00,25.98,40.0,40.0,5732.606180030272,19.317834128999575,-125.14370364161084,33,3
2012-11-03 15:05:02.120244+00:00,24.72,40.0,40.0,6191.741859633953,19.47023985925743,-124.83889218109512,35,2
2012-11-03 15:06:02.120244+00:00,24.72,40.0,40.0,5962.174019832113,19.482728162630735,-124.81391557434851,36,2
2012-11-03 15:07:02.120244+00:00,24.89,40.0,40.0,6191.741859633953,19.48831538357044,-124.80274113246912,37,2
2012-11-03 15:08:02.120244+00:00,24.89,40.0,40.0,6915.713141375086,19.55848369424485,-124.6624045111203,39,3
2012-11-03 15:09:02.120244+00:00,24.72,40.0,40.0,6934.014423320863,19.700091580395117,-124.37918873881976,42,3
2012-11-03 15:10:02.120244+00:00,24.68,40.0,40.0,6553.727500504519,19.700091580395117,-124.37918873881976,44,1
2012-11-03 15:11:02.120244+00:00,24.68,40.0,40.0,5732.606180030272,19.796745475473134,-124.18588094866372,47,3
2012-11-03 15:12:02.120244+00:00,24.37,40.0,40.0,5784.599866648517,20.05565972752415,-123.66805244456168,49,3
2012-11-03 15:13:02.120244+00:00,24.45,40.0,40.0,6553.727500504519,20.058983738152673,-123.66140442330465,50,3
2012-11-03 15:14:02.120244+00:00,24.68,40.0,40.0,6915.713141375086,20.05565972752415,-123.66805244456168,51,4
2012-11-03 15:15:02.120244+00:00,24.81,40.0,40.0,6927.336023247826,20.058983738152673,-123.66140442330465,50,1
2012-11-03 15:16:02.120244+00:00,24.72,40.0,40.0,6191.741859633953,20.06230774878119,-123.6547564020476,49,2
2012-11-03 15:17:02.120244+00:00,23.98,40.0,40.0,5676.044143659621,20.114533683259125,-123.55030453309176,48,2
2012-11-03 15:18:02.120244+00:00,23.79,40.0,40.0,5988.170863141235,20.252519447131043,-123.27433300534793,46,2
2012-11-03 15:19:02.120244+00:00,16.23,33.82,40.0,5514.587354054331,20.35015315118939,-123.07906559723122,44,3
2012-11-03 15:20:02.120244+00:00,15.97,33.31,40.0,5514.587354054331,20.36819491354887,-123.04298207251226,42,3
2012-11-03 15:21:02.120244+00:00,16.7,34.76,40.0,5784.599866648517,20.430312120640973,-122.91874765832804,39,3
2012-11-03 15:22:02.120244+00:00,7.04,15.32,23.35,5514.587354054331,20.36819491354887,-123.04298207251226,36,3
2012-11-03 15:23:02.120244+00:00,7.04,15.32,23.35,4966.233679395128,20.338279276525032,-123.10281334655994,33,2
2012-11-03 15:24:02.120244+00:00,7.01,15.26,23.25,4901.75283886866,20.114533683259125,-123.55030453309176,30,3
2012-11-03 15:25:02.120244+00:00,5.08,11.21,17.12,4837.271998342191,20.04486118409048,-123.68964953142904,27,1
2012-11-03 15:26:02.120244+00:00,4.81,10.65,16.26,4901.75283886866,19.92637592173246,-123.92662005614508,26,2
2012-11-03 15:29:02.120244+00:00,22.1,40.0,40.0,3662.532109057655,19.627510006180692,-124.5243518872486,20,1
2012-11-03 15:36:02.120244+00:00,12.69,26.77,40.0,3228.156347081356,16.246283697857955,-131.28680450389407,4,1
2012-11-03 15:42:02.120244+00:00,12.37,26.13,39.63,3295.3855009874706,14.921379569487703,-133.9366127606346,4,1
2012-11-03 15:47:02.120244+00:00,7.24,15.73,23.95,2612.0377326152884,14.348727010392118,-135.08191787882578,4,1
2012-11-03 15:50:02.120244+00:00,6.4,13.99,21.33,2612.0377326152884,14.348727010392118,-135.08191787882578,4,1
2012-11-03 15:55:02.120244+00:00,7.22,15.7,23.91,2344.36970421411,14.2590542606566,-135.2612633782968,3,1
2012-11-03 22:46:02.120244+00:00,5.26,11.61,17.72,2402.0561363128545,12.58986838023767,-138.59963513913465,3,1
2012-11-03 22:55:02.120244+00:00,4.95,10.95,16.72,1669.358847546848,12.159047701389731,-139.46127649683052,3,1
2012-11-04 00:11:02.129014+00:00,4.08,9.07,13.87,2531.7031399132593,14.006556636436589,-141.63917508097103,3,1
2012-11-04 00:47:02.129014+00:00,3.94,8.78,13.42,3012.1623046353707,14.163955577322753,-141.3243771991987,3,1
2012-11-04 00:54:02.129014+00:00,4.24,9.43,14.42,5094.102552618123,15.343805124106147,-138.96467810563192,3,1
2012-11-04 00:59:02.129014+00:00,5.68,12.48,19.04,5286.302570256789,15.442064184307842,-138.76815998522852,3,1
2012-11-04 01:05:02.129014+00:00,5.9,12.95,19.76,5286.302570256789,15.442064184307842,-138.76815998522852,3,1
2012-11-04 01:10:02.129014+00:00,6.23,13.65,20.81,7048.676431490639,15.965683014524888,-137.72092232479443,3,1
2012-11-04 01:17:02.129014+00:00,6.4,13.99,21.33,7048.676431490639,15.965683014524888,-137.72092232479443,3,1
2012-11-04 07:38:02.129014+00:00,5.34,11.77,17.96,5088.162422672069,15.407636881981636,-138.83701458988094,3,1
2012-11-04 07:45:02.129014+00:00,6.02,13.21,20.14,5725.51812957065,15.647620397929458,-138.35704755798528,3,1
2012-11-04 09:06:02.129014+00:00,7.27,15.79,24.05,4281.187748001273,14.82023560226524,-140.01181714931374,4,1
2012-11-04 09:10:02.129014+00:00,7.31,15.88,24.19,5175.649152945497,15.281778166717686,-139.08873202040883,5,1
2012-11-04 09:15:02.129014+00:00,7.3,15.85,24.14,5616.506406786497,15.599449623929225,-138.45338910598576,5,1
2012-11-04 09:20:02.129014+00:00,6.7,14.61,22.27,6077.83097211745,15.807862269349355,-138.03656381514548,5,1
2012-11-04 09:24:02.129014+00:00,6.58,14.36,21.89,6833.8793655972,15.818755071464125,-138.01477821091595,5,1
2012-11-04 09:28:02.129014+00:00,6.2,13.58,20.71,6988.417052318432,15.826529142163814,-137.9992300695166,5,1
2012-11-04 09:33:02.129014+00:00,5.86,12.86,19.62,8226.856634737323,16.202905610223112,-137.246477133398,5,1
2012-11-04 09:37:02.129014+00:00,5.68,12.48,19.04,8226.856634737323,16.202905610223112,-137.246477133398,5,1
2012-11-04 09:41:02.129014+00:00,5.93,13.02,19.86,8226.856634737323,16.25098521822735,-137.1503179173895,5,1
2012-11-04 09:46:02.129014+00:00,5.89,12.92,19.71,8176.432373546102,16.22694541422523,-137.19839752539374,4,1
2012-11-04 09:50:02.129014+00:00,13.46,28.31,40.0,7813.856752689365,16.12060669855137,-137.41107495674146,4,1
2012-11-04 09:57:02.129014+00:00,13.07,27.53,40.0,7423.896755510716,16.006915233973597,-137.63845788589703,4,1
2012-11-04 10:01:02.129014+00:00,7.06,15.36,23.39,6132.97624758802,15.367356246003633,-138.91757586183695,4,1
2012-11-04 10:06:02.129014+00:00,7.03,15.29,23.3,6132.97624758802,15.367356246003633,-138.91757586183695,4,1
2012-11-04 10:11:02.129014+00:00,9.1,19.54,29.71,3274.0239694004026,14.194594116024826,-141.26310012179457,5,1
2012-11-04 10:16:02.129014+00:00,8.81,18.94,28.8,2407.103474011029,13.605157138908408,-142.44197407602738,5,1
2012-11-04 10:20:02.129014+00:00,8.84,19.0,28.9,2281.847006316835,13.586607545615164,-142.4790732626139,4,1
2012-11-04 10:23:02.129014+00:00,9.01,19.35,29.42,2156.590538622641,13.568057952321915,-142.51617244920038,3,1
2012-11-04 11:05:02.129014+00:00,7.34,15.94,24.28,1953.4852086236292,13.311697021861155,-143.0288943101219,3,1
2012-11-04 11:09:02.129014+00:00,7.43,16.13,24.56,1953.4852086236292,13.311697021861155,-143.0288943101219,3,1
2012-11-04 11:14:02.129014+00:00,6.79,14.8,22.55,2054.959098260144,13.493162381068556,-142.6659635917071,4,1
2012-11-04 11:20:02.129014+00:00,6.43,14.05,21.42,3134.7438200895685,14.155189894991183,-141.34190856386184,4,1
2012-11-04 11:24:02.129014+00:00,6.28,13.74,20.95,3406.181508996306,14.16920683757256,-141.31387467869908,5,1
2012-11-04 11:27:02.129014+00:00,6.2,13.58,20.71,3687.179550076708,14.468771054586211,-140.7147462446718,5,1
2012-11-04 11:32:02.129014+00:00,6.07,13.3,20.28,4092.027699148416,14.603529449638229,-140.44522945456777,4,1
2012-11-04 11:37:02.129014+00:00,5.78,12.7,19.38,5441.320605068736,15.129091255754275,-139.39410584233565,4,1
2012-11-04 11:46:02.129014+00:00,4.92,10.88,16.62,6542.179260222117,15.523311849867408,-138.60566465410938,3,1
2012-11-04 12:09:02.127784+00:00,4.83,10.68,16.31,9741.027257733096,16.33342267883622,-136.24667148877654,4,1
2012-11-04 12:13:02.127784+00:00,4.84,10.71,16.36,9911.4100483786,16.35210929806472,-136.2092982503195,3,1
2012-11-04 12:18:02.127784+00:00,4.87,10.78,16.46,9836.07767885341,16.33342267883622,-136.24667148877654,4,1
2012-11-04 12:24:02.127784+00:00,4.78,10.58,16.16,9570.644467087592,16.282155332985088,-136.3492061804788,3,1
2012-11-04 12:58:02.127784+00:00,4.18,9.29,14.2,2569.8493787183493,13.60487286448545,-141.70377111747806,3,1
2012-11-04 13:03:02.127784+00:00,7.3,15.85,24.14,2854.5749175709143,13.759472065390703,-141.39457271566755,4,1
2012-11-04 13:08:02.127784+00:00,6.56,14.33,21.85,3139.3004564234793,13.914071266295956,-141.08537431385707,5,1
2012-11-04 13:13:02.127784+00:00,6.43,14.05,21.42,3419.1700283296877,14.005866454366656,-140.90178393771566,6,1
2012-11-04 13:16:02.127784+00:00,6.85,14.92,22.74,3419.1700283296877,14.005866454366656,-140.90178393771566,6,1
2012-11-04 13:19:02.127784+00:00,5.99,13.14,20.05,4867.884028876585,14.809256325054678,-139.29500419633962,6,1
2012-11-04 13:23:02.127784+00:00,6.1,13.36,20.38,4839.321264967994,14.809256325054678,-139.29500419633962,6,1
2012-11-04 13:25:02.127784+00:00,5.81,12.76,19.47,6288.035265514891,15.597887192957389,-137.7177424605342,7,1
2012-11-04 13:27:02.127784+00:00,5.77,12.67,19.33,5786.202151818761,15.000576095273368,-138.91236465590222,6,1
2012-11-04 13:30:02.127784+00:00,5.81,12.76,19.47,5628.426313608431,14.910482987364489,-139.09255087172,6,1
2012-11-04 13:34:02.127784+00:00,5.9,12.95,19.76,3075.055588000434,13.840439241334211,-141.23263836378055,7,1
2012-11-04 13:38:02.127784+00:00,5.62,12.35,18.84,5778.613954630551,14.642360176029324,-139.62879649439031,6,1
2012-11-04 13:40:02.127784+00:00,5.51,12.12,18.5,9355.280048441864,16.122421664309595,-136.66867351782977,5,1
2012-11-04 13:43:02.127784+00:00,5.06,11.18,17.07,10227.893443370202,16.448492751870845,-136.01653134270725,6,1
2012-11-04 13:45:02.127784+00:00,5.0,11.05,16.87,9355.280048441864,16.122421664309595,-136.66867351782977,5,1
2012-11-04 13:50:02.127784+00:00,5.05,11.15,17.02,9355.280048441864,16.122421664309595,-136.66867351782977,5,1
2012-11-04 13:55:02.127784+00:00,5.05,11.15,17.02,8664.09557861912,16.13534941459532,-136.64281801725832,3,1
2012-11-04 14:01:02.127784+00:00,5.19,11.44,17.47,8664.09557861912,16.023947533903065,-136.86562177864283,5,1
2012-11-04 14:05:02.127784+00:00,5.23,11.54,17.62,8527.216753823659,15.98427487542166,-136.94496709560565,6,1
2012-11-04 14:08:02.127784+00:00,5.01,11.08,16.92,5066.113738634127,14.997051583465396,-138.9194136795182,7,1
2012-11-04 14:09:02.127784+00:00,5.01,11.08,16.92,4285.999198114189,14.547646669546316,-139.81822350735632,8,1
2012-11-04 14:12:02.127784+00:00,4.87,10.78,16.46,4405.346436640534,14.490978268904255,-139.93156030864046,9,1
2012-11-04 14:16:02.127784+00:00,4.59,10.17,15.53,4042.144048471699,14.313238579368166,-140.28703968771265,9,1
2012-11-04 14:17:02.127784+00:00,4.6,10.2,15.59,4223.745242556117,14.402108424136213,-140.10929999817654,10,1
2012-11-04 14:18:02.127784+00:00,4.76,10.54,16.1,4405.346436640534,14.490978268904255,-139.93156030864046,9,1
2012-11-04 14:20:02.127784+00:00,4.89,10.81,16.51,4405.346436640534,14.490978268904255,-139.93156030864046,9,1
2012-11-04 14:22:02.127784+00:00,5.19,11.44,17.47,4735.73008763733,14.744014926184828,-139.42548699407934,10,1
2012-11-04 14:24:02.127784+00:00,5.11,11.28,17.22,5568.003865465952,15.124904440854444,-138.66370796474007,10,1
2012-11-04 14:27:02.127784+00:00,5.45,12.0,18.31,6855.63436980058,15.343306857721052,-138.22690313100685,9,1
2012-11-04 14:29:02.127784+00:00,5.34,11.77,17.96,7034.166892807956,15.608205497628214,-137.69710585119253,9,1
2012-11-04 14:31:02.127784+00:00,5.54,12.19,18.6,7034.166892807956,15.713443461522337,-137.4866299234043,9,1
2012-11-04 14:33:02.127784+00:00,5.39,11.87,18.11,7468.414272425556,15.862826060879636,-137.1878647246897,9,1
2012-11-04 14:36:02.127784+00:00,5.2,11.48,17.52,8175.460565833758,16.053049272909803,-136.80741830062937,9,1
2012-11-04 14:39:02.127784+00:00,5.11,11.28,17.22,7468.414272425556,15.862826060879636,-137.1878647246897,9,1
2012-11-04 14:41:02.127784+00:00,4.91,10.85,16.56,8175.460565833758,16.053049272909803,-136.80741830062937,9,1
2012-11-04 14:43:02.127784+00:00,4.62,10.24,15.64,7821.937419129657,15.957937666894718,-136.99764151265953,8,1
2012-11-04 14:45:02.127784+00:00,4.31,9.57,14.63,7821.937419129657,15.957937666894718,-136.99764151265953,8,1
2012-11-04 14:48:02.127784+00:00,2.94,6.59,10.09,8175.460565833758,16.053049272909803,-136.80741830062937,9,1
2012-11-04 14:50:02.127784+00:00,2.88,6.45,9.88,7664.294123786993,15.957937666894718,-136.99764151265953,10,1
2012-11-04 14:53:02.127784+00:00,2.79,6.27,9.6,7153.127681740227,15.767196302096895,-137.3791242422552,9,1
2012-11-04 14:55:02.127784+00:00,2.79,6.27,9.6,6771.218192054161,15.626973201329994,-137.659570443789,8,1
2012-11-04 14:57:02.127784+00:00,2.79,6.27,9.6,7153.127681740227,15.767196302096895,-137.3791242422552,9,1
2012-11-04 14:59:02.127784+00:00,2.79,6.27,9.6,7153.127681740227,15.767196302096895,-137.3791242422552,9,1
2012-11-04 15:00:02.127784+00:00,2.79,6.27,9.6,7153.127681740227,15.767196302096895,-137.3791242422552,9,1
2012-11-04 15:02:02.127784+00:00,2.81,6.32,9.67,6986.15900045476,15.734406762693585,-137.4447033210618,8,1
2012-11-04 15:06:02.127784+00:00,2.9,6.5,9.95,7174.01968029489,15.769396683434806,-137.37472347957936,8,1
2012-11-04 15:09:02.127784+00:00,3.2,7.16,10.95,7871.168440570851,15.93897712957747,-137.035562587294,8,1
2012-11-04 15:12:02.127784+00:00,3.18,7.12,10.89,7194.911678849554,15.771597064772717,-137.37032271690353,7,1
2012-11-04 15:13:02.127784+00:00,3.16,7.07,10.82,7871.168440570851,15.93897712957747,-137.035562587294,6,1
2012-11-04 15:17:02.127784+00:00,3.2,7.16,10.95,7871.168440570851,15.93897712957747,-137.035562587294,6,1
2012-11-04 15:19:02.127784+00:00,3.5,7.82,11.95,9544.536655259146,16.35393714597143,-136.2056425545061,6,1
2012-11-04 15:26:02.127784+00:00,4.06,9.04,13.81,10668.921926522244,16.637885379877716,-135.63774608669354,8,1
2012-11-04 15:27:02.127784+00:00,4.79,10.61,16.21,10796.195744818346,16.6742536621948,-135.56500952205937,7,1
2012-11-04 15:30:02.127784+00:00,4.94,10.91,16.67,10822.048767666623,16.71227110109576,-135.48897464425744,6,1
2012-11-04 15:32:02.127784+00:00,4.92,10.88,16.62,10796.195744818346,16.6742536621948,-135.56500952205937,7,1
2012-11-04 15:34:02.127784+00:00,4.97,10.98,16.77,10517.92421118684,16.586778588988953,-135.73995966847104,8,1
2012-11-04 15:36:02.127784+00:00,5.22,11.51,17.57,10170.862400331494,16.367366935818872,-136.1787829748112,8,1
2012-11-04 15:40:02.127784+00:00,5.26,11.61,17.72,8103.661263729917,15.779598343150251,-137.35432016014846,9,1
2012-11-04 15:43:02.127784+00:00,5.58,12.29,18.75,6178.59243629681,15.444543993982942,-138.0244288584831,7,1
2012-11-04 15:45:02.127784+00:00,5.65,12.41,18.94,5207.328769460004,15.05347880764418,-138.80655923116063,6,1
2012-11-04 15:47:02.127784+00:00,5.69,12.51,19.09,4236.065102623198,14.662413621305417,-139.58868960383813,5,1
2012-11-04 15:49:02.127784+00:00,5.72,12.57,19.18,4236.065102623198,14.662413621305417,-139.58868960383813,5,1
2012-11-04 17:03:02.127784+00:00,12.77,26.92,40.0,2384.0854285852993,13.438653389752048,-142.03621006694488,3,1
2012-11-04 17:09:02.127784+00:00,4.97,10.98,16.77,5087.908508799453,14.85868207299363,-139.1961527004617,4,1
2012-11-04 17:14:02.127784+00:00,4.97,10.98,16.77,8151.985290113391,15.830446721560804,-137.25262340332736,4,1
2012-11-04 17:18:02.127784+00:00,4.97,10.98,16.77,8151.985290113391,15.830446721560804,-137.25262340332736,4,1
2012-11-04 17:24:02.127784+00:00,4.95,10.95,16.72,8906.847496318915,16.02462808280681,-136.86426068083534,4,1
2012-11-04 17:32:02.127784+00:00,4.28,9.5,14.52,6376.521014906638,15.279135505417369,-138.35524583561426,4,1
2012-11-04 17:36:02.127784+00:00,3.27,7.33,11.21,6376.521014906638,15.279135505417369,-138.35524583561426,4,1
2012-11-04 17:41:02.127784+00:00,3.23,7.24,11.08,8002.033078469082,15.84284440335124,-137.2278280397465,5,1
2012-11-04 17:45:02.127784+00:00,3.23,7.24,11.08,7460.070745477333,15.534026717410224,-137.84546341162854,4,1
2012-11-04 17:50:02.127784+00:00,3.18,7.12,10.89,10552.058349686966,16.41105155271068,-136.09141374102762,4,1
2012-11-04 17:56:02.127784+00:00,2.85,6.41,9.81,10934.98415976346,16.352626827336955,-136.20826319177507,3,1
2012-11-04 18:00:02.127784+00:00,2.62,5.89,9.01,9253.813512735636,16.348403496807435,-136.2167098528341,4,1
2012-11-04 18:07:02.127784+00:00,2.11,4.77,7.3,7572.64286570781,16.344180166277916,-136.22515651389313,3,1
2012-11-04 18:12:02.127784+00:00,1.9,4.28,6.55,7572.64286570781,16.9271272166775,-135.05926241309396,3,1
2012-11-04 18:18:02.127784+00:00,2.06,4.65,7.12,13439.216499513648,17.12014406022558,-134.67322872599783,3,1
2012-11-04 18:25:02.127784+00:00,0.92,2.08,3.19,16418.45005722187,17.47465145766537,-133.96421393111822,3,1
2012-11-04 18:33:02.127784+00:00,0.97,2.21,3.38,16418.45005722187,18.07529337464344,-132.7629300971621,3,1
2012-11-04 18:39:02.127784+00:00,0.73,1.66,2.55,17450.425038150228,18.14223415033772,-132.62904854577354,3,1
2012-11-04 18:58:02.127784+00:00,2.88,6.45,9.88,10822.467725474788,16.94478595908867,-135.02394492827162,4,1
2012-11-04 19:02:02.127784+00:00,3.52,7.86,12.01,10846.346164247134,17.10715155340542,-134.6992137396381,5,1
2012-11-04 19:06:02.127784+00:00,3.37,7.53,11.52,10846.346164247134,17.10715155340542,-134.6992137396381,5,1
2012-11-04 19:10:02.127784+00:00,4.41,9.79,14.95,10798.589286702443,16.782420364771916,-135.34867611690512,5,1
2012-11-04 19:11:02.127784+00:00,4.41,9.79,14.95,10798.589286702443,16.782420364771916,-135.34867611690512,5,1
2012-11-04 19:17:02.127784+00:00,4.38,9.72,14.85,11637.985849021496,16.841578296183684,-135.2303602540816,4,1
2012-11-04 19:21:02.127784+00:00,4.92,10.88,16.62,8259.922414038592,15.88911561954463,-137.13528560735972,4,1
2012-11-04 19:48:02.127784+00:00,1.98,4.47,6.84,14277.589045759183,18.374767964513705,-132.16398091742155,5,1
2012-11-04 19:49:02.127784+00:00,2.01,4.53,6.94,12977.349083779249,17.894509377923313,-133.12449809060234,6,1
2012-11-04 19:50:02.127784+00:00,2.01,4.53,6.94,12977.349083779249,17.894509377923313,-133.12449809060234,6,1
2012-11-04 19:53:02.127784+00:00,2.03,4.59,7.03,14277.589045759183,18.374767964513705,-132.16398091742155,7,1
2012-11-04 19:56:02.127784+00:00,1.92,4.34,6.65,12977.349083779249,17.894509377923313,-133.12449809060234,8,1
2012-11-04 19:59:02.127784+00:00,1.81,4.08,6.25,23223.53457882879,18.76953274143764,-131.37445136357368,7,1
2012-11-04 20:02:02.127784+00:00,2.01,4.53,6.94,18750.561812293985,18.572150352975672,-131.76921614049763,8,1
2012-11-04 20:05:02.127784+00:00,1.95,4.41,6.75,17390.61481498321,18.11480537535048,-132.683906095748,8,1
2012-11-04 20:09:02.127784+00:00,2.24,5.05,7.74,15261.884497280394,18.07886437424356,-132.75578809796184,8,2
2012-11-04 20:12:02.127784+00:00,2.22,5.0,7.65,7300.234415731999,17.46007800926332,-133.99336082792234,7,1
2012-11-04 20:15:02.127784+00:00,2.11,4.77,7.3,7300.234415731999,17.46007800926332,-133.99336082792234,9,1
2012-11-04 20:18:02.127784+00:00,2.27,5.11,7.82,16430.124854480182,18.07886437424356,-132.75578809796184,8,1
2012-11-04 20:19:02.127784+00:00,11.9,25.18,38.2,15173.821606993608,17.95281818608671,-133.00788047427557,8,1
2012-11-04 20:23:02.127784+00:00,11.9,25.18,38.2,14387.015439121187,17.46007800926332,-133.99336082792234,7,1
2012-11-04 20:24:02.127784+00:00,11.9,25.18,38.2,14387.015439121187,17.46007800926332,-133.99336082792234,7,1
2012-11-04 20:28:02.127784+00:00,11.9,25.18,38.2,14387.015439121187,17.32437488757495,-134.26476707129905,7,1
2012-11-04 20:33:02.127784+00:00,11.88,25.15,38.14,15596.35519779562,17.448107815018226,-134.0173012164125,6,1
2012-11-04 20:36:02.127784+00:00,11.9,25.18,38.2,15652.6346862135,17.430127482935617,-134.05326188057774,6,1
2012-11-04 20:38:02.127784+00:00,11.9,25.18,38.2,14499.574415956948,17.288414223409735,-134.3366883996295,7,1
2012-11-04 20:41:02.127784+00:00,3.46,7.74,11.83,14387.015439121187,17.288414223409735,-134.3366883996295,7,1
2012-11-04 20:43:02.127784+00:00,2.71,6.08,9.31,11140.912572117371,17.288414223409735,-134.3366883996295,7,1
2012-11-04 20:47:02.127784+00:00,0.01,0.01,0.02,11133.678790369191,16.6736071587506,-135.56630252894777,7,1
2012-11-04 20:49:02.127784+00:00,20.88,40.0,40.0,10846.07381952398,16.981010691080165,-134.95149546428866,6,1
2012-11-04 20:53:02.127784+00:00,24.17,40.0,40.0,10558.468848678767,16.6736071587506,-135.56630252894777,7,1
2012-11-04 20:56:02.127784+00:00,2.73,6.13,9.38,10558.468848678767,16.6736071587506,-135.56630252894777,7,1
2012-11-04 20:59:02.127784+00:00,3.22,7.2,11.02,8163.274492316466,16.156245530511914,-136.60102578542512,7,1
2012-11-04 21:02:02.127784+00:00,3.23,7.24,11.08,8645.932996855217,16.133216003552022,-136.64708483934493,8,1
2012-11-04 21:04:02.127784+00:00,4.09,9.11,13.92,9128.591501393968,16.110186476592133,-136.6931438932647,7,1
2012-11-04 21:07:02.127784+00:00,4.23,9.4,14.36,14510.410837769115,17.20244941730843,-134.5086180118321,8,1
2012-11-04 21:09:02.127784+00:00,4.21,9.36,14.31,14510.410837769115,17.20244941730843,-134.5086180118321,8,1
2012-11-04 21:12:02.127784+00:00,4.52,10.03,15.32,12814.143349357892,17.00346959692115,-134.90657765260667,9,1
2012-11-04 21:14:02.127784+00:00,4.6,10.2,15.59,12814.143349357892,17.00346959692115,-134.90657765260667,7,1
2012-11-04 21:17:02.127784+00:00,4.81,10.65,16.26,12619.361398505233,16.924191029180513,-135.06513478808796,8,1
2012-11-04 21:20:02.127784+00:00,4.97,10.98,16.77,10995.843301396812,16.522814319426832,-135.86788820759529,8,1
2012-11-04 21:22:02.127784+00:00,4.95,10.95,16.72,11949.854443167636,16.76799421029306,-135.37752842586283,8,1
2012-11-04 21:25:02.127784+00:00,5.06,11.18,17.07,11475.129438682696,16.69107595914625,-135.53136492815645,7,1
2012-11-04 21:27:02.127784+00:00,13.52,28.42,40.0,9567.107155141057,16.20071617741379,-136.51208449162138,7,1
2012-11-04 21:29:02.127784+00:00,13.52,28.42,40.0,9567.107155141057,16.20071617741379,-136.51208449162138,7,1
2012-11-04 21:31:02.127784+00:00,13.52,28.42,40.0,9083.681469713614,16.00291435546442,-136.90768813552015,7,1
2012-11-04 21:35:02.127784+00:00,13.52,28.42,40.0,6802.650558714424,15.401459560462715,-138.11059772552355,7,1
2012-11-04 21:40:02.127784+00:00,13.5,28.39,40.0,5348.705564142692,14.918874888406677,-139.07576706963562,6,1
2012-11-04 21:41:02.127784+00:00,13.48,28.35,40.0,4896.271397072341,14.67494973508005,-139.56361737628887,7,1
2012-11-04 21:44:02.127784+00:00,13.48,28.35,40.0,4134.5557485621275,14.548243140247491,-139.81703056595398,7,1
2012-11-04 21:47:02.127784+00:00,6.19,13.55,20.67,3759.7811092374072,14.293794559283546,-140.3259277278819,7,1
2012-11-04 21:50:02.127784+00:00,6.29,13.77,21.0,3418.257734609884,13.967720938043946,-140.9780749703611,7,1
2012-11-04 21:53:02.127784+00:00,6.56,14.33,21.85,2506.219084463268,13.61464853038797,-141.684219785673,7,1
2012-11-04 21:56:02.127784+00:00,6.8,14.83,22.6,2299.338382917538,13.562254950902634,-141.7890069446437,7,1
2012-11-04 21:58:02.127784+00:00,6.97,15.17,23.11,2287.178523619651,13.353968139213006,-142.20558056802295,7,1
2012-11-04 22:02:02.127784+00:00,6.82,14.86,22.64,1894.5060997289688,12.946157356162402,-143.02120213412417,8,1
2012-11-04 22:04:02.127784+00:00,6.83,14.89,22.69,1847.852427640201,12.736956306861623,-143.4396042327257,7,1
2012-11-04 22:07:02.127784+00:00,6.76,14.74,22.46,1701.7281252185635,12.725183507705086,-143.46314983103878,7,1
2012-11-04 22:08:02.127784+00:00,6.76,14.74,22.46,1701.7281252185635,12.725183507705086,-143.46314983103878,7,1
2012-11-04 22:11:02.127784+00:00,6.85,14.92,22.74,1688.7365883439702,12.654250321768004,-143.60501620291296,6,1
2012-11-04 22:17:02.127784+00:00,7.21,15.66,23.86,1625.0318467882096,12.559653324176631,-143.7942101980957,3,1
2012-11-05 01:20:02.126554+00:00,6.05,13.27,20.24,1806.4037882990249,12.943157109410963,-140.12719075156622,3,1
2012-11-05 01:48:02.126554+00:00,6.14,13.46,20.52,2321.3231988190437,13.66608840179208,-138.68132816680398,3,1
2012-11-05 01:53:02.126554+00:00,6.14,13.46,20.52,2464.552129441134,13.712648213451075,-138.58820854348602,4,1
2012-11-05 02:00:02.126554+00:00,5.95,13.05,19.9,3379.3620854353676,14.398481567517646,-137.21654183535287,3,1
2012-11-05 02:06:02.126554+00:00,5.46,12.03,18.36,4501.5842451873905,14.805710629274774,-136.4020837118386,4,1
2012-11-05 02:10:02.126554+00:00,5.19,11.44,17.47,4925.05250821915,14.988114925273642,-136.03727511984087,3,1
2012-11-05 02:16:02.126554+00:00,5.2,11.48,17.52,5476.5613653044575,15.022825041997482,-135.96785488639318,5,1
2012-11-05 02:20:02.126554+00:00,5.32,11.74,17.92,5487.600996353315,15.20225364243566,-135.60899768551684,4,1
2012-11-05 02:26:02.126554+00:00,17.62,36.59,40.0,5476.5613653044575,15.022825041997482,-135.96785488639318,3,1
2012-11-05 02:33:02.126554+00:00,8.34,17.99,27.38,4503.304061098887,14.93244092280964,-136.14862312476887,3,1
2012-11-05 02:40:02.126554+00:00,7.67,16.62,25.31,4399.006925200868,14.648776685287782,-136.7159515998126,3,1
2012-11-05 02:45:02.126554+00:00,7.52,16.31,24.84,3040.6709385397003,13.703338400411518,-138.60682816956512,3,1
2012-11-05 02:51:02.126554+00:00,7.33,15.91,24.23,2378.222996775216,13.572021721028598,-138.86946152833096,3,1
2012-11-06 00:26:02.124094+00:00,16.37,34.1,40.0,3113.603970129393,14.910606978378942,-140.4776994732172,3,1
2012-11-06 00:31:02.124094+00:00,16.16,33.68,40.0,3113.603970129393,14.441307053309462,-141.41629932335616,3,1
2012-11-06 00:38:02.124094+00:00,16.2,33.77,40.0,2569.648067955148,14.052587476975562,-142.19373847602395,3,1
2012-11-06 06:18:02.124094+00:00,4.65,10.31,15.74,3547.72910807885,14.528101262567276,-141.24271090484052,3,1
2012-11-06 06:24:02.124094+00:00,4.72,10.44,15.95,3582.6446188553573,14.528101262567276,-141.24271090484052,3,1
2012-11-06 06:33:02.124094+00:00,5.84,12.83,19.57,3513.580177478748,14.511717908048452,-141.27547761387817,4,1
2012-11-06 06:36:02.124094+00:00,5.75,12.64,19.28,3479.431246878645,14.495334553529633,-141.3082443229158,3,1
2012-11-06 06:41:02.124094+00:00,5.86,12.86,19.62,3218.7861883237165,14.455930675849206,-141.38705207827667,4,1
2012-11-06 06:46:02.124094+00:00,5.95,13.05,19.9,2958.141129768788,14.416526798168778,-141.46585983363752,3,1
2012-11-06 07:01:02.124094+00:00,7.96,17.21,26.2,2047.9714122791008,13.27708818149782,-143.74473706697944,3,1
2012-11-06 07:05:02.124094+00:00,8.54,18.4,27.99,2047.9714122791008,13.27708818149782,-143.74473706697944,3,1
2012-11-06 07:06:02.124094+00:00,8.5,18.31,27.85,2047.9714122791008,13.27708818149782,-143.74473706697944,3,1
2012-11-06 15:36:02.122864+00:00,5.31,11.7,17.87,3623.4367903715,14.51192163622239,-140.33003289858104,3,1
2012-11-06 15:42:02.122864+00:00,4.91,10.85,16.56,7225.185093205382,16.268350551132357,-136.8171750687611,4,1
2012-11-06 15:47:02.122864+00:00,4.64,10.27,15.69,7225.185093205382,16.341851631700365,-136.67017290762507,4,1
2012-11-06 15:51:02.122864+00:00,4.64,10.27,15.69,7225.185093205382,16.341851631700365,-136.67017290762507,4,1
2012-11-06 15:56:02.122864+00:00,4.18,9.29,14.2,6651.814669550018,16.37262876412943,-136.60861864276694,4,1
2012-11-06 16:03:02.122864+00:00,3.73,8.32,12.73,6571.1497527675765,16.326625793991877,-136.70062458304204,3,1
2012-11-06 16:10:02.122864+00:00,3.61,8.05,12.32,3775.314963120787,14.87850634161105,-139.5968634878037,3,1
2012-11-06 16:16:02.122864+00:00,3.52,7.86,12.01,4040.4155146632465,15.70680013891436,-137.94027589319708,4,1
2012-11-06 16:20:02.122864+00:00,3.52,7.86,12.01,4305.516066205705,16.53509393621767,-136.28368829859048,3,1
2012-11-06 16:25:02.122864+00:00,3.33,7.45,11.4,8588.922194583036,17.053762366486453,-135.2463514380529,4,1
2012-11-06 16:31:02.122864+00:00,1.75,3.95,6.05,4368.663177164092,16.53509393621767,-136.28368829859048,3,1
2012-11-06 16:37:02.122864+00:00,1.95,4.41,6.75,14001.981276376728,18.007500360388477,-133.33887545024885,3,1
2012-11-06 16:43:02.122864+00:00,2.6,5.84,8.94,4368.663177164092,15.906059334168914,-137.54175750268797,3,1
2012-11-06 16:49:02.122864+00:00,4.44,9.86,15.06,5660.934262506317,15.939360477754915,-137.47515521551597,3,1
2012-11-06 21:54:02.122864+00:00,6.4,13.99,21.33,2056.761032869513,13.558653660580834,-142.23656884986414,3,1
2012-11-06 21:59:02.122864+00:00,6.11,13.39,20.43,2834.3426191789777,13.973787135400784,-141.40630190022424,4,1
2012-11-06 22:03:02.122864+00:00,6.01,13.17,20.09,3611.9242054884417,14.388920610220737,-140.57603495058433,5,1
2012-11-06 22:08:02.122864+00:00,5.87,12.89,19.66,4081.831048668316,14.784586901961632,-139.78470236710254,6,1
2012-11-06 22:12:02.122864+00:00,5.69,12.51,19.09,5014.493834744624,15.3761536919746,-138.6015687870766,6,1
2012-11-06 22:15:02.122864+00:00,5.69,12.51,19.09,5477.249777641058,15.57205419024667,-138.20976779053245,7,1
2012-11-06 22:16:02.122864+00:00,5.69,12.51,19.09,5477.249777641058,15.57205419024667,-138.20976779053245,7,1
2012-11-06 22:19:02.122864+00:00,5.4,11.9,18.16,5705.180418490646,15.63900595012127,-138.07586427078326,8,1
2012-11-06 22:22:02.122864+00:00,5.39,11.87,18.11,6409.9149202229455,15.779738406492717,-137.79439935804038,8,1
2012-11-06 22:24:02.122864+00:00,5.22,11.51,17.57,6886.718781105657,15.98742262273876,-137.37903092554828,9,1
2012-11-06 22:27:02.122864+00:00,5.22,11.51,17.57,7532.21839075828,16.28386701471853,-136.78614214158875,8,1
2012-11-06 22:29:02.122864+00:00,5.22,11.51,17.57,7724.209023606772,16.097239321832085,-137.15939752736165,9,1
2012-11-06 22:32:02.122864+00:00,11.25,23.87,36.22,7956.206882091526,16.50913157844853,-136.33561301412874,9,1
2012-11-06 22:33:02.122864+00:00,11.26,23.9,36.28,8804.191061568714,16.626728506014594,-136.1004191589966,8,1
2012-11-06 22:37:02.122864+00:00,11.26,23.9,36.28,10046.680319153544,16.598220726610453,-136.1574347178049,7,1
2012-11-06 22:38:02.122864+00:00,11.26,23.9,36.28,9001.443600622535,16.55367615252949,-136.24652386596682,8,1
2012-11-06 22:42:02.122864+00:00,11.3,23.97,36.38,7883.860325398266,16.42166663647648,-136.51054289807286,8,1
2012-11-06 22:46:02.122864+00:00,11.31,24.01,36.43,7767.861396155888,16.215720508168253,-136.9224351546893,8,1
2012-11-06 22:47:02.122864+00:00,11.31,24.01,36.43,7767.861396155888,16.215720508168253,-136.9224351546893,8,1
2012-11-06 22:50:02.122864+00:00,11.31,24.01,36.43,7987.660706371684,16.4211622762283,-136.51155161856923,8,1
2012-11-06 22:52:02.122864+00:00,4.68,10.37,15.85,7811.513768705005,16.334201694504426,-136.68547278201697,7,1
2012-11-06 22:54:02.122864+00:00,4.62,10.24,15.64,7987.660706371684,16.4211622762283,-136.51155161856923,8,1
2012-11-06 22:57:02.122864+00:00,4.36,9.68,14.79,6932.814012522647,15.97407173541806,-137.4057327001897,8,1
2012-11-06 22:59:02.122864+00:00,4.55,10.1,15.43,7987.660706371684,16.4211622762283,-136.51155161856923,8,1
2012-11-06 23:03:02.122864+00:00,4.65,10.31,15.74,8163.807644038363,16.508122857952173,-136.33763045512146,7,1
2012-11-06 23:07:02.122864+00:00,3.91,8.7,13.3,6797.784877643885,16.207701589912546,-136.9384729912007,6,1
2012-11-06 23:09:02.122864+00:00,3.96,8.81,13.47,5431.762111249407,15.90728032187292,-137.53931552727997,7,1
2012-11-06 23:12:02.122864+00:00,3.42,7.65,11.71,5140.070691894993,15.525232416701854,-138.3034113376221,7,1
2012-11-06 23:16:02.122864+00:00,3.31,7.41,11.33,4346.135136021953,15.398655817059588,-138.55656453690665,7,1
2012-11-06 23:17:02.122864+00:00,2.81,6.32,9.67,4743.102913958473,15.46194411688072,-138.42998793726437,6,1
2012-11-06 23:22:02.122864+00:00,3.2,7.16,10.95,4019.69705119774,15.398655817059588,-138.55656453690665,7,1
2012-11-06 23:23:02.122864+00:00,2.46,5.53,8.47,4000.416049998036,15.158805135473166,-139.03626590007946,6,1
2012-11-06 23:28:02.122864+00:00,2.41,5.43,8.31,3517.2981345899584,14.826374775898016,-139.70112661922977,6,1
2012-11-06 23:31:02.122864+00:00,2.98,6.68,10.22,3014.899217982177,14.127517135094177,-141.09884190083744,7,1
2012-11-06 23:33:02.122864+00:00,19.01,39.35,40.0,3202.029520587216,15.134604483873773,-139.08466720327826,6,1
2012-11-06 23:36:02.122864+00:00,19.01,39.35,40.0,3202.029520587216,15.134604483873773,-139.08466720327826,6,1
2012-11-06 23:39:02.122864+00:00,19.01,39.35,40.0,4019.69705119774,16.54736019294511,-136.2591557851356,5,1
2012-11-06 23:43:02.122864+00:00,17.57,36.49,40.0,6554.896183441231,17.15938370720184,-135.03510875662212,5,1
2012-11-06 23:50:02.122864+00:00,17.57,36.49,40.0,9712.773560451978,17.15938370720184,-135.03510875662212,3,1
2012-11-06 23:59:02.122864+00:00,2.51,5.64,8.63,8602.564507139175,16.915242943638134,-135.52339028374954,3,1
2012-11-07 00:36:02.121634+00:00,5.46,12.03,18.36,7352.348009966785,15.93629419686653,-137.3989497884332,3,1
2012-11-07 00:44:02.121634+00:00,5.77,12.67,19.33,5069.110027938874,15.16355109684076,-138.9444359884847,3,1
2012-11-07 00:51:02.121634+00:00,5.96,13.08,19.95,2763.2019987035014,13.773127219477685,-141.72528374321087,3,1
2012-11-07 01:27:02.121634+00:00,6.43,14.05,21.42,2475.4953305317913,13.51673384052569,-142.23807050111486,3,1
2012-11-07 01:33:02.121634+00:00,5.92,12.99,19.81,3926.654935861088,14.706144014875983,-139.8592501524143,3,1
2012-11-07 01:39:02.121634+00:00,5.57,12.25,18.7,6461.70142540521,15.736727313663913,-137.7980835548384,4,1
2012-11-07 01:44:02.121634+00:00,5.51,12.12,18.5,7442.765411904122,16.025226594164305,-137.22108499383762,3,1
2012-11-07 01:49:02.121634+00:00,5.51,12.12,18.5,7290.957661975167,16.036452874075703,-137.19863243401485,4,1
2012-11-07 01:54:02.121634+00:00,5.32,11.74,17.92,7290.957661975167,16.036452874075703,-137.19863243401485,4,1
2012-11-07 02:00:02.121634+00:00,5.32,11.74,17.92,7139.149912046212,16.0476791539871,-137.17617987419206,3,1
2012-11-07 02:06:02.121634+00:00,4.94,10.91,16.67,7173.207192678209,15.889836286775864,-137.49186560861452,3,1
2012-11-07 02:11:02.121634+00:00,4.59,10.17,15.53,7518.291030785505,16.09266130543165,-137.08621557130294,3,1
2012-11-07 02:17:02.121634+00:00,4.18,9.29,14.2,11215.698278257172,16.95552460758634,-135.36048896699356,4,1
2012-11-07 02:21:02.121634+00:00,4.21,9.36,14.31,11683.144731694418,17.079289546556776,-135.1129590890527,4,1
2012-11-07 02:25:02.121634+00:00,3.97,8.85,13.53,10481.30906418875,16.83273512059438,-135.60606794097748,5,1
2012-11-07 02:29:02.121634+00:00,3.78,8.44,12.9,10481.30906418875,16.83273512059438,-135.60606794097748,5,1
2012-11-07 02:34:02.121634+00:00,3.52,7.86,12.01,4552.22749074406,15.176037354646244,-138.91946347287376,5,1
2012-11-07 02:38:02.121634+00:00,3.44,7.7,11.77,4315.659577885415,15.069293808362524,-139.1329505654412,4,1
2012-11-07 02:43:02.121634+00:00,2.92,6.55,10.02,4315.659577885415,15.069293808362524,-139.1329505654412,4,1
2012-11-07 02:48:02.121634+00:00,2.88,6.45,9.88,4555.2191967055105,15.177186540207398,-138.91716510175146,4,1
2012-11-07 02:54:02.121634+00:00,3.18,7.12,10.89,6462.453968283309,16.1574047945384,-136.95672859308945,4,1
2012-11-07 02:59:02.121634+00:00,3.29,7.37,11.27,9774.058403923163,16.961455580966785,-135.3486270202327,4,1
2012-11-07 03:04:02.121634+00:00,3.22,7.2,11.02,11181.419773946674,16.999924391192767,-135.2716893997807,5,1
2012-11-07 03:07:02.121634+00:00,3.16,7.07,10.82,11181.419773946674,17.598612188890087,-134.0743138043861,5,1
2012-11-07 03:12:02.121634+00:00,3.06,6.86,10.49,11181.419773946674,17.598612188890087,-134.0743138043861,5,1
2012-11-07 03:16:02.121634+00:00,2.85,6.41,9.81,7077.434544313266,17.598612188890087,-134.0743138043861,5,1
2012-11-07 03:20:02.121634+00:00,2.19,4.94,7.57,7077.434544313266,17.780740388444446,-133.71005740527735,5,1
2012-11-07 03:24:02.121634+00:00,2.22,5.0,7.65,7077.434544313266,17.780740388444446,-133.71005740527735,5,1
2012-11-07 03:27:02.121634+00:00,1.33,3.02,4.62,15303.623416532437,18.10774203000111,-133.05605412216403,6,1
2012-11-07 03:32:02.121634+00:00,1.68,3.81,5.83,22257.68391404914,18.87010655341043,-131.53132507534536,6,1
2012-11-07 03:36:02.121634+00:00,1.75,3.95,6.05,24492.963409391803,19.128622344350617,-131.014293493465,5,1
2012-11-07 03:37:02.121634+00:00,1.29,2.93,4.49,22257.68391404914,18.87010655341043,-131.53132507534536,6,1
2012-11-07 03:41:02.121634+00:00,1.21,2.74,4.2,14810.28483514124,17.79001910650545,-133.69149996915536,6,1
2012-11-07 03:47:02.121634+00:00,1.92,4.34,6.65,9113.214573570946,17.29169613786536,-134.68814590643552,4,1
2012-11-07 03:50:02.121634+00:00,1.95,4.41,6.75,9073.64239661795,16.96844745054065,-135.33464328108496,5,1
2012-11-07 03:54:02.121634+00:00,1.68,3.81,5.83,9073.64239661795,16.96844745054065,-135.33464328108496,5,1
2012-11-07 03:59:02.121634+00:00,2.22,5.0,7.65,9073.64239661795,17.054922581314884,-135.16169301953647,5,1
2012-11-07 04:03:02.121634+00:00,2.51,5.64,8.63,9210.996312822845,17.054922581314884,-135.16169301953647,5,1
2012-11-07 04:09:02.121634+00:00,2.88,6.45,9.88,10425.519113623086,16.894135328622053,-135.48326752492216,4,1
2012-11-07 04:13:02.121634+00:00,2.98,6.68,10.22,9210.996312822845,16.73334807592922,-135.8048420303078,5,1
2012-11-07 04:16:02.121634+00:00,3.12,6.99,10.69,9188.26492166836,16.635347627211157,-136.00084292774395,5,1
2012-11-07 04:20:02.121634+00:00,3.18,7.12,10.89,8458.43694107217,16.4647634194821,-136.34201134320205,4,1
2012-11-07 04:25:02.121634+00:00,3.35,7.49,11.46,9188.26492166836,16.73334807592922,-135.8048420303078,5,1
2012-11-07 04:31:02.121634+00:00,3.78,8.44,12.9,10011.933070152105,16.85771400011633,-135.5561101819336,4,1
2012-11-07 04:35:02.121634+00:00,4.39,9.75,14.9,10644.446877175267,16.923713324277887,-135.42411153361047,4,1
2012-11-07 04:39:02.121634+00:00,4.42,9.82,15.01,10854.133906083249,16.94541289844175,-135.38071238528275,5,1
2012-11-07 04:43:02.121634+00:00,4.54,10.06,15.38,11353.52922609932,17.074421827094753,-135.12269452797673,4,1
2012-11-07 04:48:02.121634+00:00,4.76,10.54,16.1,11852.924546115391,17.203430755747757,-134.86467667067072,5,1
2012-11-07 04:53:02.121634+00:00,4.81,10.65,16.26,11852.924546115391,17.203430755747757,-134.86467667067072,5,1
2012-11-07 04:57:02.121634+00:00,4.87,10.78,16.46,11741.36067040516,16.983407186275066,-135.30472380961612,5,1
2012-11-07 05:01:02.121634+00:00,5.28,11.64,17.77,11071.738439705294,16.979800230022096,-135.31193772212205,5,1
2012-11-07 05:06:02.121634+00:00,5.42,11.93,18.21,5766.784669723697,15.559429908565864,-138.15267836503452,5,1
2012-11-07 05:11:02.121634+00:00,5.8,12.73,19.42,5075.444330099195,15.252644220627465,-138.76624974091132,5,1
2012-11-07 05:14:02.121634+00:00,5.9,12.95,19.76,4422.21774711485,14.929880113097392,-139.41177795597144,4,1
2012-11-08 09:58:02.129174+00:00,14.29,29.96,40.0,2289.4265960683206,14.727385039317964,-139.66151281425516,4,1
2012-11-08 10:01:02.129174+00:00,14.52,30.42,40.0,2289.4265960683206,14.727385039317964,-139.66151281425516,4,1
2012-11-08 10:02:02.129174+00:00,14.52,30.42,40.0,2289.4265960683206,14.727385039317964,-139.66151281425516,4,1
2012-11-08 10:05:02.129174+00:00,14.71,30.8,40.0,2289.4265960683206,14.727385039317964,-139.66151281425516,4,1
2012-11-08 10:23:02.129174+00:00,0.01,0.01,0.02,1993.33517092387,13.88242842070662,-141.35142605147786,4,1
2012-11-08 10:31:02.129174+00:00,2.44,5.48,8.39,2214.688064171226,14.297548870563173,-140.52118515176477,5,1
2012-11-08 10:32:02.129174+00:00,2.39,5.38,8.23,2066.4543490441106,14.483541775690313,-140.1491993415105,6,1
2012-11-08 10:34:02.129174+00:00,2.09,4.71,7.21,1918.220633916995,14.669534680817453,-139.7772135312562,5,1
2012-11-08 10:35:02.129174+00:00,19.7,40.0,40.0,1916.8028402766315,14.710439527976764,-139.69540383693757,6,1
2012-11-08 10:42:02.129174+00:00,19.7,40.0,40.0,1916.8028402766315,15.004939291875075,-139.10640430914094,4,1
2012-11-08 10:45:02.129174+00:00,19.55,40.0,40.0,1915.3850466362687,15.340343902932702,-138.4355950870257,3,1
2012-11-08 10:54:02.129174+00:00,1.98,4.47,6.84,2185.541127249811,16.23340275207945,-136.6494773887322,5,1
2012-11-08 10:56:02.129174+00:00,2.11,4.77,7.3,2455.2841679889157,16.309306260910972,-136.49767037106915,4,1
2012-11-08 11:01:02.129174+00:00,2.22,5.0,7.65,2455.2841679889157,16.309306260910972,-136.49767037106915,4,1
2012-11-08 11:02:02.129174+00:00,2.24,5.05,7.74,2455.2841679889157,16.309306260910972,-136.49767037106915,4,1
2012-11-08 12:50:02.127944+00:00,1.65,3.73,5.72,3389.1321338539237,15.420380909050644,-140.155199638236,4,1
2012-11-08 12:54:02.127944+00:00,1.65,3.73,5.72,3389.1321338539237,15.420380909050644,-140.155199638236,4,1
2012-11-08 12:57:02.127944+00:00,1.65,3.73,5.72,3389.1321338539237,15.420380909050644,-140.155199638236,4,1
2012-11-08 12:58:02.127944+00:00,1.65,3.73,5.72,3389.1321338539237,15.420380909050644,-140.155199638236,4,1
2012-11-08 13:11:02.127944+00:00,0.97,2.21,3.38,1854.0712703963245,13.793936345598794,-143.40808876513972,5,1
2012-11-08 13:13:02.127944+00:00,1.12,2.54,3.89,1965.4077334393724,14.121323994348296,-142.75331346764074,8,1
2012-11-08 13:15:02.127944+00:00,1.17,2.64,4.05,1965.4077334393724,14.121323994348296,-142.75331346764074,8,1
2012-11-08 13:16:02.127944+00:00,1.17,2.64,4.05,1965.4077334393724,14.121323994348296,-142.75331346764074,8,1
2012-11-08 13:18:02.127944+00:00,1.12,2.54,3.89,2371.36547272743,14.6314928939692,-141.73297566839892,10,1
2012-11-08 13:21:02.127944+00:00,1.48,3.35,5.14,2766.068142418779,15.123418390611914,-140.74912467511348,12,1
2012-11-08 13:22:02.127944+00:00,1.59,3.59,5.49,2980.3231748379885,15.480990875356536,-140.03397970562423,12,2
2012-11-08 13:26:02.127944+00:00,1.78,4.02,6.15,3423.378595567078,15.52941911432985,-139.9371232276776,13,1
2012-11-08 13:28:02.127944+00:00,2.03,4.59,7.03,3503.9121998747837,15.962163748752612,-139.07163395883208,13,2
2012-11-08 13:31:02.127944+00:00,1.72,3.88,5.94,2866.149535865117,15.52941911432985,-139.9371232276776,15,2
2012-11-08 13:33:02.127944+00:00,1.78,4.02,6.15,3185.0308678699503,15.644002380007166,-139.70795669632298,14,1
2012-11-08 13:34:02.127944+00:00,1.78,4.02,6.15,3185.0308678699503,15.644002380007166,-139.70795669632298,14,1
2012-11-08 13:35:02.127944+00:00,1.75,3.95,6.05,2866.149535865117,15.52941911432985,-139.9371232276776,15,2
2012-11-08 13:38:02.127944+00:00,1.84,4.15,6.36,2866.149535865117,15.52941911432985,-139.9371232276776,13,2
2012-11-08 13:40:02.127944+00:00,1.81,4.08,6.25,3140.883989017404,15.520457679095156,-139.955046098147,12,1
2012-11-08 13:42:02.127944+00:00,1.37,3.1,4.76,2735.801836968585,15.274172210971848,-140.4476170343936,12,2
2012-11-08 13:45:02.127944+00:00,1.17,2.64,4.05,2735.801836968585,15.274172210971848,-140.4476170343936,10,1
2012-11-08 13:50:02.127944+00:00,0.73,1.66,2.55,2777.855778160024,15.670309182928843,-139.65534309047962,9,1
2012-11-08 13:51:02.127944+00:00,0.86,1.95,2.99,2672.650750512541,15.440231777093238,-140.11549790215082,10,1
2012-11-08 13:56:02.127944+00:00,0.36,0.82,1.27,2567.4457228650585,15.670309182928843,-139.65534309047962,9,1
2012-11-08 13:58:02.127944+00:00,0.03,0.07,0.12,2553.841812719043,15.472533881962027,-140.05089369241324,10,2
2012-11-08 14:00:02.127944+00:00,0.01,0.04,0.06,2540.2379025730284,15.670309182928843,-139.65534309047962,11,2
2012-11-08 14:04:02.127944+00:00,0.01,0.04,0.02,2553.841812719043,15.788376394891964,-139.41920866655337,10,1
2012-11-08 14:05:02.127944+00:00,0.01,0.04,0.02,2540.2379025730284,15.906443606855085,-139.18307424262713,11,1
2012-11-08 14:07:02.127944+00:00,0.01,0.01,0.02,2567.4457228650585,15.981335726661642,-139.03329000301403,11,1
2012-11-08 14:10:02.127944+00:00,13.23,27.84,40.0,2521.7267580203415,15.981335726661642,-139.03329000301403,9,1
2012-11-08 14:12:02.127944+00:00,13.98,29.35,40.0,2504.928926634798,16.20360374273082,-138.58875397087567,8,1
2012-11-08 14:14:02.127944+00:00,13.9,29.18,40.0,2504.928926634798,16.20360374273082,-138.58875397087567,8,1
2012-11-08 14:17:02.127944+00:00,13.98,29.35,40.0,2521.7267580203415,16.467406084352085,-138.06114928763316,5,1
2012-11-08 14:18:02.127944+00:00,18.71,38.75,40.0,2521.7267580203415,16.467406084352085,-138.06114928763316,5,1
2012-11-08 14:30:02.127944+00:00,1.55,3.51,5.38,2102.969039258105,14.586499564275051,-141.8229623277872,9,1
2012-11-08 14:32:02.127944+00:00,1.55,3.51,5.38,2102.969039258105,14.586499564275051,-141.8229623277872,9,2
2012-11-08 14:34:02.127944+00:00,1.55,3.51,5.38,2102.969039258105,14.586499564275051,-141.8229623277872,9,1
2012-11-08 14:36:02.127944+00:00,1.55,3.51,5.38,2102.969039258105,14.586499564275051,-141.8229623277872,9,2
2012-11-08 14:37:02.127944+00:00,1.52,3.43,5.26,2021.5916058062817,14.42364900826484,-142.14866343980762,10,1
2012-11-08 14:38:02.127944+00:00,1.48,3.35,5.14,2021.5916058062817,14.42364900826484,-142.14866343980762,10,1
2012-11-08 14:40:02.127944+00:00,1.59,3.59,5.49,1940.2141723544576,14.260798452254628,-142.47436455182805,9,1
2012-11-08 14:46:02.127944+00:00,1.25,2.84,4.34,1940.2141723544576,14.049233464255868,-142.89749452782556,5,1
2012-11-08 17:47:02.127944+00:00,5.15,11.38,17.37,11751.501206130984,17.269596384419298,-136.4567686874987,3,1
2012-11-08 17:54:02.127944+00:00,5.15,11.38,17.37,10617.914457379926,16.99736957621027,-137.00122230391676,3,1
2012-11-08 18:01:02.127944+00:00,5.15,11.38,17.37,10617.914457379926,16.99736957621027,-137.00122230391676,3,1
2012-11-08 18:21:02.127944+00:00,3.75,8.36,12.79,9071.26088651065,17.20342524038492,-136.58911097556745,3,1
2012-11-08 18:25:02.127944+00:00,3.75,8.36,12.79,9071.26088651065,17.20342524038492,-136.58911097556745,3,1
2012-11-08 18:30:02.127944+00:00,3.68,8.21,12.55,11347.083001491776,17.483107074663366,-136.02974730701055,4,1
2012-11-08 18:39:02.127944+00:00,3.04,6.81,10.42,13820.81422611747,18.15092979368489,-134.69410186896752,3,1
2012-11-08 19:49:02.127944+00:00,2.14,4.83,7.39,12486.3579106174,17.67824157974696,-135.6394782968434,3,1
2012-11-08 19:52:02.127944+00:00,2.68,6.03,9.23,14105.51679131044,17.908475122456075,-135.17901121142518,4,1
2012-11-08 19:56:02.127944+00:00,2.68,6.03,9.23,14105.51679131044,17.908475122456075,-135.17901121142518,4,1
2012-11-08 20:02:02.127944+00:00,2.88,6.45,9.88,14105.51679131044,17.908475122456075,-135.17901121142518,4,1
2012-11-08 20:08:02.127944+00:00,3.25,7.28,11.14,11106.51318265081,17.27472140639587,-136.44651864354557,3,1
2012-11-08 20:14:02.127944+00:00,3.53,7.9,12.07,10680.538317566488,17.283613849308857,-136.42873375771958,4,1
2012-11-08 20:19:02.127944+00:00,3.62,8.09,12.37,10254.563452482163,17.292506292221848,-136.4109488718936,3,1
2012-11-08 20:23:02.127944+00:00,3.62,8.09,12.37,12805.046929697284,17.57970599866169,-135.8365494590139,4,1
2012-11-08 20:30:02.127944+00:00,4.14,9.22,14.09,15631.848629285934,17.91032042246876,-135.17532061139977,3,1
2012-11-08 20:38:02.127944+00:00,5.01,11.08,16.92,15713.597872406292,17.974915637983404,-135.0461301803705,3,1
2012-11-08 20:44:02.127944+00:00,5.14,11.34,17.32,14807.090189368311,18.013313105691523,-134.96933524495427,4,1
2012-11-08 20:48:02.127944+00:00,5.15,11.38,17.37,13900.582506330333,18.0043448364231,-134.9872717834911,3,1
2012-11-08 20:53:02.127944+00:00,5.19,11.44,17.47,13859.984041883428,17.98963023720325,-135.0167009819308,4,1
2012-11-08 21:00:02.127944+00:00,4.98,11.01,16.82,11642.012964321852,17.497550364106893,-136.00086072812354,3,1
2012-11-08 21:06:02.127944+00:00,5.28,11.64,17.77,11547.779365002663,17.267824636949936,-136.46031218243743,3,1
2012-11-08 21:11:02.127944+00:00,5.32,11.74,17.92,9975.423852784064,17.096945396644852,-136.8020706630476,3,1
2012-11-08 21:18:02.127944+00:00,5.96,13.08,19.95,8416.771028887526,16.77434587940498,-137.44726969752736,3,1
2012-11-08 21:25:02.127944+00:00,7.73,16.75,25.5,7482.062082049619,16.4387847318769,-138.1183919925835,3,1
2012-11-08 21:30:02.127944+00:00,7.06,15.36,23.39,6031.596423605356,15.92378110485328,-139.14839924663073,3,1
2012-11-08 21:36:02.127944+00:00,6.47,14.15,21.56,4476.10944726596,15.363318891938125,-140.26932367246107,4,1
2012-11-08 21:42:02.127944+00:00,6.38,13.96,21.28,3854.61652832807,15.214601573361444,-140.56675830961444,4,1
2012-11-08 21:43:02.127944+00:00,6.53,14.27,21.75,3373.0598910462227,15.16597883252618,-140.66400379128496,5,1
2012-11-08 21:47:02.127944+00:00,6.59,14.39,21.94,2975.462940856105,14.719397386538995,-141.5571666832593,4,1
2012-11-08 21:53:02.127944+00:00,7.18,15.6,23.77,2577.865990665987,14.272815940551816,-142.45032957523367,3,1
2012-11-08 22:40:02.127944+00:00,3.66,8.17,12.49,9781.537370936849,20.4864384745537,-130.0230845072299,3,1
2012-11-08 22:41:02.127944+00:00,3.66,8.17,12.49,6212.238925861853,19.424388224593574,-132.14718500715014,4,2
2012-11-08 22:50:02.127944+00:00,3.66,8.17,12.49,6212.238925861853,19.424388224593574,-132.14718500715014,4,1
2012-11-09 03:41:02.126714+00:00,8.85,19.03,28.95,1802.1145791220345,13.570850736015055,-143.52535814663065,4,1
2012-11-09 03:46:02.126714+00:00,9.26,19.86,30.2,1846.4397624012056,13.894684984704764,-142.87768964925124,3,1
2012-11-09 03:51:02.126714+00:00,9.12,19.58,29.76,1846.4397624012056,13.894684984704764,-142.87768964925124,3,1
2012-11-09 06:28:02.126714+00:00,14.62,30.63,40.0,1623.80807757887,12.988865794367614,-144.68932802992552,4,1
2012-11-09 06:30:02.126714+00:00,14.56,30.5,40.0,1623.80807757887,12.988865794367614,-144.68932802992552,4,1
2012-11-09 06:31:02.126714+00:00,14.73,30.84,40.0,1623.80807757887,12.988865794367614,-144.68932802992552,4,1
2012-11-09 06:34:02.126714+00:00,14.73,30.84,40.0,1623.80807757887,12.988865794367614,-144.68932802992552,4,1
2012-11-09 07:31:02.126714+00:00,15.05,31.48,40.0,1933.7484961247792,13.77808717177362,-143.1108852751135,3,1
2012-11-09 10:27:02.126714+00:00,14.56,30.5,40.0,1675.429133912004,13.22238308713678,-144.2222934443872,3,1
2012-11-09 10:29:02.126714+00:00,14.69,30.75,40.0,1917.3203990293628,13.439333754246364,-143.78839211016802,4,1
2012-11-09 10:34:02.126714+00:00,14.77,30.92,40.0,1917.3203990293628,13.439333754246364,-143.78839211016802,4,1
2012-11-09 10:38:02.126714+00:00,14.86,31.09,40.0,2166.549395341237,13.89174720177348,-142.88356521511378,4,1
2012-11-09 10:47:02.126714+00:00,14.71,30.8,40.0,4166.147136164189,15.387934096202647,-139.89119142625543,4,1
2012-11-09 10:51:02.126714+00:00,14.64,30.67,40.0,4243.45686952001,15.841136514853272,-138.9847865889542,3,1
2012-11-09 10:55:02.126714+00:00,14.58,30.54,40.0,4243.45686952001,15.841136514853272,-138.9847865889542,3,1
2012-11-09 12:22:02.125484+00:00,16.27,33.91,40.0,2375.0891814187676,13.468883653809575,-142.17069600834367,3,1
2012-11-09 12:26:02.125484+00:00,16.34,34.05,40.0,2375.0891814187676,13.468883653809575,-142.17069600834367,3,1
2012-11-09 12:31:02.125484+00:00,16.16,33.68,40.0,2267.3580217937774,13.449099618541153,-142.21026407888053,4,1
2012-11-09 13:43:02.125484+00:00,15.25,31.87,40.0,4049.9401323047255,14.307196002577056,-140.49407131080872,3,1
2012-11-09 13:48:02.125484+00:00,14.88,31.14,40.0,2567.9770534962486,14.275453503924568,-140.5575563081137,3,1
2012-11-09 13:53:02.125484+00:00,15.07,31.53,40.0,2567.9770534962486,14.165135535486105,-140.77819224499063,3,1
2012-11-09 16:03:02.125484+00:00,8.54,18.4,27.99,1753.973578463193,12.699247730604736,-143.70996785475336,4,1
2012-11-09 16:08:02.125484+00:00,8.53,18.37,27.95,1920.562287140928,12.939101108665849,-143.2302610986311,4,1
2012-11-09 16:12:02.125484+00:00,8.53,18.37,27.95,1920.562287140928,12.939101108665849,-143.2302610986311,4,1
2012-11-09 16:16:02.125484+00:00,8.59,18.5,28.14,1882.2431493578144,12.955737120061956,-143.1969890758389,4,1
2012-11-09 16:23:02.125484+00:00,8.45,18.21,27.71,1675.3245771970069,12.7379688067171,-143.63252570252862,4,1
2012-11-09 16:29:02.125484+00:00,8.51,18.34,27.9,1644.1845616549356,12.7379688067171,-143.63252570252862,4,1
2012-11-09 16:32:02.125484+00:00,8.5,18.31,27.85,1638.1270301655995,12.706581899244028,-143.69529951747478,5,1
2012-11-09 16:37:02.125484+00:00,8.51,18.34,27.9,1638.1270301655995,12.706581899244028,-143.69529951747478,5,1
2012-11-09 16:40:02.125484+00:00,8.56,18.43,28.04,1650.2420931442716,12.663506515220494,-143.78145028552186,5,1
2012-11-09 16:45:02.125484+00:00,9.37,20.09,30.54,1899.6685636169516,12.62300060166542,-143.862462112632,5,1
2012-11-09 16:50:02.125484+00:00,11.31,24.01,36.43,1927.009399634071,12.605682168230889,-143.89709897950104,4,1
2012-11-09 16:54:02.125484+00:00,7.85,17.0,25.87,1998.839675154443,12.779558074406465,-143.5493471671499,4,1
2012-11-09 17:04:02.125484+00:00,7.01,15.26,23.25,3580.2413062936284,14.115232124213245,-140.87799906753634,5,1
2012-11-09 17:05:02.125484+00:00,6.95,15.14,23.07,4036.369599440913,14.309562725320736,-140.48933786532135,4,1
2012-11-09 17:11:02.125484+00:00,6.91,15.05,22.92,4492.497892588198,14.50389332642823,-140.10067666310636,5,1
2012-11-09 17:13:02.125484+00:00,6.89,15.01,22.88,4492.497892588198,14.50389332642823,-140.10067666310636,5,1
2012-11-09 17:18:02.125484+00:00,5.92,12.99,19.81,7084.487850477661,15.46693855785053,-138.17458620026176,5,1
2012-11-09 17:24:02.125484+00:00,5.37,11.83,18.06,10081.67032626929,16.452957880360017,-136.2025475552428,5,1
2012-11-09 17:25:02.125484+00:00,5.37,11.83,18.06,10081.67032626929,16.452957880360017,-136.2025475552428,5,1
2012-11-09 17:29:02.125484+00:00,5.34,11.77,17.96,10279.65182264962,16.797374446717306,-135.5137144225282,5,1
2012-11-09 17:34:02.125484+00:00,5.34,11.77,17.96,9404.439506312485,16.357677482830642,-136.39310835030153,6,1
2012-11-09 17:35:02.125484+00:00,5.34,11.77,17.96,10279.65182264962,16.797374446717306,-135.5137144225282,5,1
2012-11-09 17:39:02.125484+00:00,5.46,12.03,18.36,10279.65182264962,16.797374446717306,-135.5137144225282,5,1
2012-11-09 17:46:02.125484+00:00,5.01,11.08,16.92,8529.227189975347,15.91798051894398,-137.27250227807485,3,1
2012-11-09 17:54:02.125484+00:00,4.54,10.06,15.38,11027.231346503722,16.037645539045453,-137.03317223787192,4,1
2012-11-09 17:57:02.125484+00:00,0.01,0.04,0.02,5114.640621893126,14.821910670793391,-139.46464197437604,3,1
2012-11-09 18:00:02.125484+00:00,1.92,4.34,6.65,5114.640621893126,14.821910670793391,-139.46464197437604,5,1
2012-11-09 18:07:02.125484+00:00,3.1,6.94,10.62,12456.47074062214,16.669568951594588,-135.76932541277364,5,1
2012-11-09 18:08:02.125484+00:00,3.02,6.77,10.36,13833.17876123432,16.972982662959126,-135.1624979900446,4,1
2012-11-09 18:15:02.125484+00:00,3.99,8.89,13.59,10254.29588289048,16.263089207713527,-136.58228490053577,4,1
2012-11-09 18:21:02.125484+00:00,5.23,11.54,17.62,11915.39066016368,16.522512553610948,-136.06343820874093,3,1
2012-11-09 18:28:02.125484+00:00,5.42,11.93,18.21,8052.121025158819,15.856609463832465,-137.3952443882979,3,1
2012-11-09 19:51:02.125484+00:00,6.71,14.64,22.32,3825.3117984990727,14.137517550856424,-140.83342821424998,4,1
2012-11-09 19:54:02.125484+00:00,6.71,14.64,22.32,3825.3117984990727,14.137517550856424,-140.83342821424998,4,1
2012-11-09 19:56:02.125484+00:00,6.85,14.92,22.74,3796.798991543437,14.059192578866186,-140.99007815823046,5,1
2012-11-09 20:00:02.125484+00:00,6.91,15.05,22.92,3683.089335415969,14.048228315743565,-141.0120066844757,6,1
2012-11-09 20:05:02.125484+00:00,7.15,15.54,23.67,3796.798991543437,14.059192578866186,-140.99007815823046,5,1
2012-11-09 20:10:02.125484+00:00,7.12,15.48,23.58,3711.6021423716047,14.1265532877338,-140.8553567404952,6,1
2012-11-09 20:11:02.125484+00:00,7.21,15.66,23.86,3569.379679288501,14.03726405262094,-141.03393521072095,5,1
2012-11-09 20:16:02.125484+00:00,7.01,15.26,23.25,3561.5801090153145,14.062429216558442,-140.98360488284595,6,1
2012-11-09 20:18:02.125484+00:00,7.0,15.23,23.21,3561.5801090153145,14.062429216558442,-140.98360488284595,6,1
2012-11-09 20:25:02.125484+00:00,7.4,16.07,24.47,3460.47844340678,14.016664489586596,-141.07513433678963,5,1
2012-11-09 20:26:02.125484+00:00,7.45,16.16,24.61,3154.1716137498356,13.706318904941211,-141.69582550608038,4,1
2012-11-09 20:32:02.125484+00:00,7.43,16.13,24.56,2264.4009954548915,13.304952284735052,-142.49855874649273,4,1
2012-11-09 21:40:02.125484+00:00,6.14,13.46,20.52,4629.3248072026845,14.78618562364926,-139.5360920686643,3,1
2012-11-09 21:45:02.125484+00:00,5.93,13.02,19.86,4955.790542241073,14.885038158455604,-139.3383869990516,4,1
2012-11-09 21:50:02.125484+00:00,5.6,12.32,18.8,5282.256277279463,14.983890693261948,-139.14068192943893,5,1
2012-11-09 21:53:02.125484+00:00,5.14,11.34,17.32,9496.02176705511,16.127822887467435,-136.85281754102795,5,1
2012-11-09 21:57:02.125484+00:00,4.73,10.48,16.0,9496.02176705511,16.127822887467435,-136.85281754102795,5,1
2012-11-09 22:02:02.125484+00:00,4.59,10.17,15.53,9496.02176705511,16.127822887467435,-136.85281754102795,5,1
2012-11-09 22:05:02.125484+00:00,4.28,9.5,14.52,9496.02176705511,16.127822887467435,-136.85281754102795,5,1
2012-11-09 22:09:02.125484+00:00,3.96,8.81,13.47,8298.685913787718,16.15911092154318,-136.79024147287646,5,1
2012-11-09 22:13:02.125484+00:00,2.46,5.53,8.47,8194.212618296571,15.948627579329958,-137.2112081573029,5,1
2012-11-09 22:17:02.125484+00:00,2.19,4.94,7.57,8194.212618296571,16.218809190485487,-136.67084493499186,5,1
2012-11-09 22:21:02.125484+00:00,2.17,4.88,7.48,9574.817910807544,16.632352903313176,-135.84375750933648,5,1
2012-11-09 22:24:02.125484+00:00,11.28,23.94,36.33,9574.817910807544,17.731157827563,-133.64614766083685,5,1
2012-11-09 22:28:02.125484+00:00,1.17,2.64,4.05,25031.23338482286,18.80744099797446,-131.4935813200139,5,1
2012-11-09 22:32:02.125484+00:00,1.29,2.93,4.49,25031.23338482286,18.80744099797446,-131.4935813200139,5,1
2012-11-09 22:36:02.125484+00:00,0.03,0.07,0.12,25031.23338482286,18.80744099797446,-131.4935813200139,5,1
2012-11-09 22:41:02.125484+00:00,11.26,23.9,36.28,17822.055565343555,18.615612590995813,-131.87723813397122,5,1
2012-11-09 22:45:02.125484+00:00,0.01,0.04,0.02,17406.071774477892,18.37931715568251,-132.3498290045978,5,1
2012-11-09 22:49:02.125484+00:00,0.73,1.66,2.55,17406.071774477892,18.37931715568251,-132.3498290045978,5,1
2012-11-09 22:53:02.125484+00:00,0.97,2.21,3.38,17406.071774477892,18.37931715568251,-132.3498290045978,5,1
2012-11-09 22:58:02.125484+00:00,1.12,2.54,3.89,17406.071774477892,17.896575997539394,-133.31531132088404,5,1
2012-11-09 23:02:02.125484+00:00,1.17,2.64,4.05,17406.071774477892,17.896575997539394,-133.31531132088404,5,1
2012-11-09 23:05:02.125484+00:00,1.33,3.02,4.62,10247.783411449152,16.831711230641766,-135.4450408546793,6,1
2012-11-09 23:10:02.125484+00:00,1.81,4.08,6.25,10247.783411449152,16.8235975687435,-135.46126817847582,6,1
2012-11-09 23:14:02.125484+00:00,2.51,5.64,8.63,9564.370193345676,16.553815579581592,-136.00083215679965,6,1
2012-11-09 23:15:02.125484+00:00,2.51,5.64,8.63,9564.370193345676,16.553815579581592,-136.00083215679965,6,1
2012-11-09 23:19:02.125484+00:00,2.48,5.59,8.55,9564.370193345676,16.433776375608293,-136.24091056474623,6,1
2012-11-09 23:23:02.125484+00:00,2.94,6.59,10.09,10041.866207446548,16.380924809253372,-136.34661369745606,6,1
2012-11-09 23:29:02.125484+00:00,3.53,7.9,12.07,10041.866207446548,16.380924809253372,-136.34661369745606,6,1
2012-11-09 23:32:02.125484+00:00,4.6,10.2,15.59,9777.816500672629,16.37376900041928,-136.36092531512426,5,1
2012-11-09 23:37:02.125484+00:00,4.91,10.85,16.56,7933.815808855071,16.175357533052143,-136.75774824985854,5,1
2012-11-09 23:38:02.125484+00:00,4.91,10.85,16.56,7933.815808855071,16.175357533052143,-136.75774824985854,5,1
2012-11-09 23:44:02.125484+00:00,5.51,12.12,18.5,7386.927921340774,15.6681297953881,-137.7722037251866,5,1
2012-11-09 23:48:02.125484+00:00,5.54,12.19,18.6,7660.371865097923,15.92174366422012,-137.26497598752258,4,1
2012-11-10 05:35:02.124254+00:00,5.15,11.38,17.37,7646.2746265252335,15.624310438358602,-136.74318966484404,4,1
2012-11-10 05:40:02.124254+00:00,5.17,11.41,17.42,12602.367465596832,16.569202203479847,-134.85340613460156,4,1
2012-11-10 05:44:02.124254+00:00,4.78,10.58,16.16,11411.526691388552,16.427026946141538,-135.13775664927817,5,1
2012-11-10 05:50:02.124254+00:00,4.62,10.24,15.64,13872.894825245998,16.76499978555517,-134.46181097045093,4,1
2012-11-10 05:53:02.124254+00:00,4.41,9.79,14.95,12179.53986583111,16.70343244433548,-134.5849456528903,5,1
2012-11-10 05:57:02.124254+00:00,4.38,9.72,14.85,11795.533278609832,16.570074544582013,-134.85166145239722,4,1
2012-11-10 06:03:02.124254+00:00,3.89,8.67,13.25,11411.526691388552,16.43671664482855,-135.11837725190415,3,1
2012-11-10 06:30:02.124254+00:00,0.01,0.04,0.02,33393.93902692044,20.405952149453213,-127.17990624265482,3,1
2012-11-10 06:36:02.124254+00:00,1.55,3.51,5.38,39843.30791096552,20.309254338010675,-127.3733018655399,4,1
2012-11-10 06:40:02.124254+00:00,1.52,3.43,5.26,40113.53005098452,20.405952149453213,-127.17990624265482,5,1
2012-11-10 06:45:02.124254+00:00,1.65,3.73,5.72,40242.72546441766,20.405952149453213,-127.17990624265482,5,1
2012-11-10 06:50:02.124254+00:00,2.03,4.59,7.03,40242.72546441766,20.331797365119733,-127.32821581132178,5,1
2012-11-10 06:54:02.124254+00:00,2.06,4.65,7.12,42707.78377225809,20.370249990783076,-127.25131055999508,4,1
2012-11-10 06:59:02.124254+00:00,2.06,4.65,7.12,39952.53004617232,20.370249990783076,-127.25131055999508,4,1
2012-11-10 07:05:02.124254+00:00,1.95,4.41,6.75,37607.538480421164,20.05346277793905,-127.88488498568316,4,1
2012-11-10 07:09:02.124254+00:00,2.11,4.77,7.3,38867.72686944045,19.97295313820166,-128.04590426515793,5,1
2012-11-10 07:13:02.124254+00:00,1.92,4.34,6.65,37607.538480421164,19.95992364500008,-128.0719632515611,4,1
2012-11-10 07:18:02.124254+00:00,1.75,3.95,6.05,39950.06366051946,19.95992364500008,-128.0719632515611,4,1
2012-11-10 07:24:02.124254+00:00,1.62,3.66,5.61,41469.344010427856,19.92036488933882,-128.15108076288362,4,1
2012-11-10 07:29:02.124254+00:00,0.01,0.04,0.04,39385.91079121867,19.893835626879135,-128.20413928780297,3,1
2012-11-10 07:34:02.124254+00:00,0.01,0.04,0.02,34775.30506682862,19.780785612066737,-128.43023931742778,4,1
2012-11-10 07:40:02.124254+00:00,0.86,1.95,2.99,25968.83357557932,19.270461882354432,-129.4508867768524,3,1
2012-11-10 08:56:02.124254+00:00,4.86,10.75,16.41,15428.508255858884,17.410420816499567,-133.17096890856212,3,1
2012-11-10 09:01:02.124254+00:00,4.31,9.57,14.63,17477.689678638897,17.42911775437313,-133.133575032815,3,1
2012-11-10 09:09:02.124254+00:00,4.38,9.72,14.85,18704.584209529727,17.629668003554258,-132.73247453445276,4,1
2012-11-10 09:15:02.124254+00:00,4.33,9.61,14.69,19627.92355287521,17.782443456695606,-132.42692362817004,4,1
2012-11-10 09:18:02.124254+00:00,4.73,10.48,16.0,19292.104008733026,17.877850570298236,-132.23610940096478,5,1
2012-11-10 09:22:02.124254+00:00,4.86,10.75,16.41,19833.33693545773,17.887081439595853,-132.21764766236956,5,1
2012-11-10 09:26:02.124254+00:00,4.95,10.95,16.72,19292.104008733026,17.887081439595853,-132.21764766236956,5,1
2012-11-10 09:30:02.124254+00:00,5.0,11.05,16.87,19292.104008733026,17.887081439595853,-132.21764766236956,5,1
2012-11-10 09:34:02.124254+00:00,4.94,10.91,16.67,19091.114858274028,17.788517115197926,-132.4147763111654,4,1
2012-11-10 09:39:02.124254+00:00,5.06,11.18,17.07,18753.61402726884,17.658212076838996,-132.67538638788326,5,1
2012-11-10 09:44:02.124254+00:00,5.19,11.44,17.47,18515.039985735668,17.649485560305617,-132.69283942095,4,1
2012-11-10 09:49:02.124254+00:00,4.83,10.68,16.31,17861.91238310015,17.626786057281315,-132.73823842699863,4,1
2012-11-10 09:54:02.124254+00:00,4.84,10.71,16.36,18276.465944202497,17.64075904377224,-132.71029245401678,5,1
2012-11-10 09:58:02.124254+00:00,4.36,9.68,14.79,19162.27604250997,17.71436231427302,-132.5630859130152,5,1
2012-11-10 10:03:02.124254+00:00,4.19,9.33,14.25,19162.27604250997,17.71436231427302,-132.5630859130152,5,1
2012-11-10 10:08:02.124254+00:00,3.96,8.81,13.47,19162.27604250997,17.71436231427302,-132.5630859130152,5,1
2012-11-10 10:12:02.124254+00:00,3.62,8.09,12.37,13510.61069362014,17.358493298589924,-133.2748239443814,5,1
2012-11-10 10:17:02.124254+00:00,3.42,7.65,11.71,13020.3686714214,17.329259475695906,-133.33329159016944,5,1
2012-11-10 10:22:02.124254+00:00,3.5,7.82,11.95,12655.498550862454,16.999826975401575,-133.9921565907581,5,1
2012-11-10 10:26:02.124254+00:00,3.52,7.86,12.01,12265.794113853168,16.999826975401575,-133.9921565907581,5,1
2012-11-10 10:31:02.124254+00:00,3.62,8.09,12.37,12265.794113853168,16.999826975401575,-133.9921565907581,5,1
2012-11-10 10:36:02.124254+00:00,3.73,8.32,12.73,12265.794113853168,16.999826975401575,-133.9921565907581,3,1
2012-11-10 10:40:02.124254+00:00,3.75,8.36,12.79,12265.794113853168,16.999826975401575,-133.9921565907581,5,1
2012-11-10 10:47:02.124254+00:00,3.96,8.81,13.47,15198.995540377236,17.578582303955628,-132.83464593365,6,2
2012-11-10 10:52:02.124254+00:00,4.95,10.95,16.72,16242.903781272264,17.512367488584605,-132.96707556439205,7,2
2012-11-10 10:56:02.124254+00:00,4.95,10.95,16.72,16242.903781272264,17.512367488584605,-132.96707556439205,7,1
2012-11-10 10:57:02.124254+00:00,5.11,11.28,17.22,17017.189546415215,17.512367488584605,-132.96707556439205,7,1
2012-11-10 11:01:02.124254+00:00,5.14,11.34,17.32,16630.04666384374,17.40485677158744,-133.18209699838638,6,1
2012-11-10 11:06:02.124254+00:00,5.23,11.54,17.62,16242.903781272264,17.29734605459027,-133.3971184323807,5,1
2012-11-10 11:13:02.124254+00:00,5.37,11.83,18.06,10902.143960548372,16.336664379721384,-135.31848178211848,4,1
2012-11-10 11:18:02.124254+00:00,5.8,12.73,19.42,8191.358702326641,15.827668981712584,-136.33647257813607,4,1
2012-11-10 11:23:02.124254+00:00,5.81,12.76,19.47,7440.588380168422,15.685594721013713,-136.62062109953382,5,1
2012-11-10 11:27:02.124254+00:00,6.28,13.74,20.95,6390.025892503954,15.241497975894884,-137.50881458977148,4,1
2012-11-10 11:31:02.124254+00:00,6.32,13.83,21.09,4684.203324789101,14.454458015946631,-139.082894509668,4,1
2012-11-10 14:02:02.123024+00:00,7.63,16.53,25.17,3809.4389521967655,14.852482533568695,-140.7875170254565,3,1
2012-11-10 14:06:02.123024+00:00,7.88,17.06,25.97,4394.915562763701,14.958916064982668,-140.57464996262857,3,1
2012-11-10 14:14:02.123024+00:00,7.21,15.66,23.86,3973.255962454389,14.899292109641763,-140.6938978733104,4,1
2012-11-10 14:20:02.123024+00:00,7.34,15.94,24.28,3942.411477673724,14.899292109641763,-140.6938978733104,4,1
2012-11-10 14:23:02.123024+00:00,10.88,23.14,35.13,3747.749982635436,14.944641335731635,-140.60319942113065,5,1
2012-11-10 14:25:02.123024+00:00,11.07,23.52,35.7,3552.853819177152,14.899292109641763,-140.6938978733104,4,1
2012-11-10 14:31:02.123024+00:00,10.15,21.66,32.9,3174.4706931493915,14.493421300451915,-141.5056394916901,5,1
2012-11-10 14:35:02.123024+00:00,10.99,23.35,35.44,2809.837253503508,14.070598675197807,-142.3512847421983,4,1
2012-11-10 14:37:02.123024+00:00,10.95,23.28,35.34,2445.2038138576245,13.647776049943698,-143.19692999270652,3,1
2012-11-10 16:40:02.123024+00:00,15.14,31.66,40.0,3064.175705542461,14.106377873033502,-142.2797263465269,3,1
2012-11-10 16:43:02.123024+00:00,15.05,31.48,40.0,3064.175705542461,14.106377873033502,-142.2797263465269,3,1
2012-11-10 16:49:02.123024+00:00,16.11,33.58,40.0,3191.5000535586087,14.293640110025157,-141.9052018725436,4,1
2012-11-10 17:40:02.123024+00:00,7.31,15.88,24.19,5947.917130505766,15.225235348006596,-140.04201139658073,4,1
2012-11-10 17:46:02.123024+00:00,7.36,15.97,24.33,9049.679997762532,16.39712489461726,-137.6982323033594,3,1
2012-11-10 17:49:02.123024+00:00,7.36,15.97,24.33,9049.679997762532,16.39712489461726,-137.6982323033594,3,1
2012-11-10 18:24:02.123024+00:00,7.64,16.56,25.22,3452.4309024311997,14.212512386867807,-142.0674573188583,4,1
2012-11-10 18:29:02.123024+00:00,7.96,17.21,26.2,2099.604715217924,13.301799062402242,-143.8888839677894,3,1
2012-11-10 18:34:02.123024+00:00,7.88,17.06,25.97,2099.604715217924,13.301799062402242,-143.8888839677894,3,1
2012-11-10 19:00:02.123024+00:00,5.06,11.18,17.07,3154.1946017681207,14.274888669976455,-141.942704752641,3,1
2012-11-10 19:03:02.123024+00:00,4.89,10.81,16.51,3154.1946017681207,14.274888669976455,-141.942704752641,3,1
2012-11-10 19:09:02.123024+00:00,4.87,10.78,16.46,3154.1946017681207,14.274888669976455,-141.942704752641,3,1
2012-11-10 19:43:02.123024+00:00,4.86,10.75,16.41,7166.713357447184,15.950401174687096,-138.59167974321974,4,1
2012-11-10 19:47:02.123024+00:00,4.6,10.2,15.59,6018.251354529569,15.686388692840096,-139.11970470691372,7,1
2012-11-10 19:50:02.123024+00:00,4.55,10.1,15.43,6018.251354529569,15.686388692840096,-139.11970470691372,9,1
2012-11-10 19:52:02.123024+00:00,4.54,10.06,15.38,4590.179095807307,15.157480218612086,-140.17752165536973,10,1
2012-11-10 19:53:02.123024+00:00,4.54,10.06,15.38,4590.179095807307,15.157480218612086,-140.17752165536973,10,1
2012-11-10 19:54:02.123024+00:00,4.34,9.65,14.74,3162.106837085046,14.628571744384072,-141.23533860382577,9,1
2012-11-10 19:56:02.123024+00:00,4.26,9.47,14.47,4075.8760760828072,15.261983974311882,-139.96851414397014,11,1
2012-11-10 19:57:02.123024+00:00,4.26,9.47,14.47,4075.8760760828072,15.261983974311882,-139.96851414397014,11,1
2012-11-10 19:59:02.123024+00:00,4.09,9.11,13.92,3661.765870568377,14.628571744384072,-141.23533860382577,11,1
2012-11-10 20:01:02.123024+00:00,3.99,8.89,13.59,3661.765870568377,14.628571744384072,-141.23533860382577,11,1
2012-11-10 20:04:02.123024+00:00,3.97,8.85,13.53,4075.8760760828072,15.261983974311882,-139.96851414397014,9,1
2012-11-10 20:06:02.123024+00:00,3.96,8.81,13.47,4075.8760760828072,15.261983974311882,-139.96851414397014,9,1
2012-11-10 20:09:02.123024+00:00,3.99,8.89,13.59,4876.714421681222,15.492019523240046,-139.50844304611385,7,1
2012-11-10 20:10:02.123024+00:00,3.99,8.89,13.59,4876.714421681222,15.492019523240046,-139.50844304611385,7,1
2012-11-10 20:14:02.123024+00:00,4.04,9.0,13.76,5622.422739509426,15.608021765819537,-139.27643856095483,8,1
2012-11-10 20:19:02.123024+00:00,4.11,9.14,13.98,6117.823435510857,15.724024008399027,-139.04443407579583,7,1
2012-11-10 20:21:02.123024+00:00,4.09,9.11,13.92,5929.101131047641,15.626892239416671,-139.23869761376056,6,1
2012-11-10 20:24:02.123024+00:00,4.09,9.11,13.92,6689.1557751769205,15.761764955593296,-138.9689521814073,5,1
2012-11-10 20:26:02.123024+00:00,4.09,9.11,13.92,5929.101131047641,15.447689162035203,-139.59710376852348,6,1
2012-11-10 20:28:02.123024+00:00,4.09,9.11,13.92,5929.101131047641,15.447689162035203,-139.59710376852348,6,1
2012-11-10 20:35:02.123024+00:00,4.24,9.43,14.42,4012.865555096246,14.668228871692817,-141.15602434920828,6,1
2012-11-10 20:40:02.123024+00:00,3.14,7.03,10.76,4090.4628103528753,14.725549685899628,-141.04138272079464,5,2
2012-11-10 20:44:02.123024+00:00,3.1,6.94,10.62,4119.375705673088,14.728077748631849,-141.0363265953302,6,1
2012-11-10 20:49:02.123024+00:00,2.9,6.5,9.95,6427.545484050299,15.606156564431265,-139.2801689637314,6,1
2012-11-10 20:54:02.123024+00:00,2.83,6.36,9.74,8749.750764008319,16.661967921187937,-137.168546250218,3,1
2012-11-10 20:58:02.123024+00:00,1.78,4.02,6.15,8850.312329437676,16.81937909796231,-136.8537238966693,4,1
2012-11-10 21:05:02.123024+00:00,1.84,4.15,6.36,23376.405354883987,18.59201647500215,-133.3084491425896,4,1
2012-11-10 21:10:02.123024+00:00,1.87,4.21,6.46,23565.63722490982,18.804022755631777,-132.88443658133036,3,1
2012-11-10 21:15:02.123024+00:00,1.78,4.02,6.15,23376.405354883987,18.919188829618633,-132.65410443335662,4,1
2012-11-10 21:21:02.123024+00:00,1.59,3.59,5.49,22332.94261714577,19.034354903605497,-132.4237722853829,3,1
2012-11-10 21:26:02.123024+00:00,1.25,2.84,4.34,22332.94261714577,19.21487677461306,-132.0627285433678,3,1
2012-11-10 21:33:02.123024+00:00,1.84,4.15,6.36,19311.077024779588,18.84587025208518,-132.80074158842356,5,1
2012-11-10 21:38:02.123024+00:00,2.48,5.59,8.55,12592.075909018718,16.78804235910977,-136.91639737437436,6,1
2012-11-10 21:39:02.123024+00:00,2.48,5.59,8.55,12592.075909018718,16.78804235910977,-136.91639737437436,6,1
2012-11-10 21:40:02.123024+00:00,2.48,5.59,8.55,12592.075909018718,16.78804235910977,-136.91639737437436,6,1
2012-11-10 21:45:02.123024+00:00,2.83,6.36,9.74,3304.2289553269684,15.91758747525865,-138.6573071420766,6,1
2012-11-10 21:46:02.123024+00:00,2.83,6.36,9.74,3304.2289553269684,15.91758747525865,-138.6573071420766,6,1
2012-11-10 21:50:02.123024+00:00,2.81,6.32,9.67,4852.341112787892,17.496551821359997,-135.49937844987392,5,1
2012-11-10 21:57:02.123024+00:00,2.94,6.59,10.09,15169.360370663362,17.602438160668285,-135.28760577125735,3,1
2012-11-10 22:03:02.123024+00:00,3.68,8.21,12.55,12061.63116332646,17.272009566731064,-135.9484629591318,4,1
2012-11-10 22:07:02.123024+00:00,3.77,8.4,12.84,12061.63116332646,17.272009566731064,-135.9484629591318,4,1
2012-11-10 22:11:02.123024+00:00,4.33,9.61,14.69,10704.76064618122,17.041701239284407,-136.40907961402507,4,1
2012-11-10 22:18:02.123024+00:00,4.97,10.98,16.77,11857.543304657687,16.811930317760584,-136.86862145707272,3,1
2012-11-10 22:23:02.123024+00:00,5.12,11.31,17.27,11857.543304657687,16.811930317760584,-136.86862145707272,3,1
2012-11-10 22:29:02.123024+00:00,5.69,12.51,19.09,9202.733996186673,16.604276963739565,-137.2839281651148,3,1
2012-11-10 22:36:02.123024+00:00,5.78,12.7,19.38,9165.262635902096,16.365368682263618,-137.76174472806667,3,1
2012-11-10 22:42:02.123024+00:00,6.05,13.27,20.24,2411.054070622616,13.840036988256806,-142.8124081160803,4,1
2012-11-10 22:46:02.123024+00:00,6.92,15.08,22.97,2411.054070622616,13.840036988256806,-142.8124081160803,4,1
2012-11-10 22:51:02.123024+00:00,6.91,15.05,22.92,2411.054070622616,13.840036988256806,-142.8124081160803,4,1
2012-11-10 22:57:02.123024+00:00,5.9,12.95,19.76,5890.887098795589,15.566245148575,-139.3599917954439,3,1
2012-11-10 23:03:02.123024+00:00,5.23,11.54,17.62,6114.667146594311,15.622301685657122,-139.24787872127968,3,1
2012-11-10 23:07:02.123024+00:00,4.76,10.54,16.1,6242.308696184387,15.626746809895486,-139.23898847280293,4,1
2012-11-10 23:14:02.123024+00:00,4.91,10.85,16.56,6369.950245774463,15.751503889759505,-138.9894743130749,3,1
2012-11-10 23:19:02.123024+00:00,4.75,10.51,16.05,7859.398549601387,16.064648699523698,-138.36318469354651,3,1
2012-11-10 23:25:02.123024+00:00,4.64,10.27,15.69,6839.838106604428,15.905722538097356,-138.6810370163992,3,1
2012-11-10 23:31:02.123024+00:00,4.23,9.4,14.36,6839.838106604428,15.905722538097356,-138.6810370163992,3,1
2012-11-10 23:36:02.123024+00:00,20.36,40.0,40.0,3261.2321187496223,14.479891430018172,-141.53269923255755,3,1
2012-11-10 23:41:02.123024+00:00,20.23,40.0,40.0,4841.675026633641,15.192806984057764,-140.10686812447835,4,1
2012-11-10 23:47:02.123024+00:00,4.73,10.48,16.0,6422.117934517661,15.934904879154432,-138.62267233428503,3,1
2012-11-11 01:26:02.121794+00:00,3.92,8.74,13.36,2670.3654703701704,14.46983725694757,-140.01522647801596,3,1
2012-11-11 01:55:02.121794+00:00,4.94,10.91,16.67,3677.3026649940048,15.018100552487834,-138.91869988693543,3,1
2012-11-11 06:59:02.121794+00:00,6.95,15.14,23.07,1542.4501541003242,13.111053459522957,-142.73279407286518,3,1
2012-11-11 07:01:02.121794+00:00,6.95,15.14,23.07,1542.4501541003242,13.111053459522957,-142.73279407286518,3,1
2012-11-11 07:08:02.121794+00:00,7.04,15.32,23.35,1542.4501541003242,13.111053459522957,-142.73279407286518,3,1
2012-11-11 08:25:02.121794+00:00,7.25,15.76,24.0,1782.9473141248106,13.14696626241776,-142.66096846707558,3,1
2012-11-11 08:29:02.121794+00:00,6.92,15.08,22.97,1836.2861325231263,13.212452903629046,-142.529995184653,4,1
2012-11-11 08:33:02.121794+00:00,6.53,14.27,21.75,1889.624950921442,13.277939544840333,-142.39902190223043,5,1
2012-11-11 08:38:02.121794+00:00,6.65,14.52,22.13,2453.141602062234,13.678048267656056,-141.59880445659897,5,1
2012-11-11 08:41:02.121794+00:00,6.62,14.46,22.03,2513.95486423985,13.88525422568928,-141.18439254053254,5,1
2012-11-11 08:45:02.121794+00:00,6.49,14.18,21.61,2595.9768372522003,13.998024644032716,-140.95885170384565,5,1
2012-11-11 08:49:02.121794+00:00,6.4,13.99,21.33,2714.263585919084,14.114504819152351,-140.7258913536064,5,1
2012-11-11 08:53:02.121794+00:00,6.31,13.8,21.04,3493.52352629275,14.635265744852246,-139.6843695022066,5,1
2012-11-11 08:57:02.121794+00:00,6.23,13.65,20.81,3687.936665607742,14.635265744852246,-139.6843695022066,5,1
2012-11-11 09:01:02.121794+00:00,6.23,13.65,20.81,3733.153582244194,14.668618837476632,-139.61766331695782,4,1
2012-11-11 09:06:02.121794+00:00,6.22,13.61,20.76,4005.4095959784695,14.690775124728628,-139.57335074245384,5,1
2012-11-11 09:11:02.121794+00:00,6.2,13.58,20.71,4204.058824418429,14.877819373531638,-139.19926224484783,4,1
2012-11-11 09:16:02.121794+00:00,6.14,13.46,20.52,4160.066061723065,14.951119876628962,-139.05266123865317,5,1
2012-11-11 09:20:02.121794+00:00,5.96,13.08,19.95,4402.708052858388,15.064863622334649,-138.8251737472418,5,1
2012-11-11 09:24:02.121794+00:00,5.78,12.7,19.38,5017.487208185507,15.194401716252951,-138.5660975594052,5,1
2012-11-11 09:29:02.121794+00:00,5.62,12.35,18.84,5181.509061799173,15.862623265702352,-137.2296544605064,5,1
2012-11-11 09:33:02.121794+00:00,5.66,12.45,18.99,5856.284548958159,15.862623265702352,-137.2296544605064,5,1
2012-11-11 09:38:02.121794+00:00,5.62,12.35,18.84,6308.109927009106,15.91606075616441,-137.12277947958228,5,1
2012-11-11 09:42:02.121794+00:00,5.37,11.83,18.06,6374.412853948248,15.920234584613151,-137.1144318226848,6,1
2012-11-11 09:46:02.121794+00:00,5.28,11.64,17.77,6148.500164922774,15.819450054002385,-137.31600088390633,6,1
2012-11-11 09:50:02.121794+00:00,4.91,10.85,16.56,6148.500164922774,15.819450054002385,-137.31600088390633,6,1
2012-11-11 09:51:02.121794+00:00,4.92,10.88,16.62,6148.500164922774,15.819450054002385,-137.31600088390633,6,1
2012-11-11 09:54:02.121794+00:00,4.67,10.34,15.79,7072.636881924109,16.11611349911411,-136.72267399368286,6,1
2012-11-11 09:59:02.121794+00:00,4.95,10.95,16.72,7796.788780277493,16.26398316522046,-136.42693466147017,6,1
2012-11-11 10:02:02.121794+00:00,6.28,13.74,20.95,8129.548440999814,16.422424320466277,-136.11005235097855,5,1
2012-11-11 10:07:02.121794+00:00,6.1,13.36,20.38,8067.519151477185,16.408960398535015,-136.13698019484104,6,1
2012-11-11 10:12:02.121794+00:00,6.04,13.24,20.19,8067.519151477185,16.426177877120764,-136.10254523766957,6,1
2012-11-11 10:16:02.121794+00:00,6.07,13.3,20.28,8005.489861954556,16.42993143377525,-136.0950381243606,7,1
2012-11-11 10:17:02.121794+00:00,6.07,13.3,20.28,8236.590562225987,16.519315865801374,-135.91626926030835,6,1
2012-11-11 10:20:02.121794+00:00,6.97,15.17,23.11,8005.489861954556,16.395496476603753,-136.16390803870357,7,1
2012-11-11 10:23:02.121794+00:00,10.9,23.18,35.18,7179.010209825698,16.286443153693206,-136.38201468452468,6,1
2012-11-11 10:25:02.121794+00:00,10.7,22.77,34.57,7796.374466525162,16.286443153693206,-136.38201468452468,8,1
2012-11-11 10:28:02.121794+00:00,10.78,22.94,34.82,7587.259071095768,16.17738983078266,-136.60012133034576,7,1
2012-11-11 10:33:02.121794+00:00,10.71,22.8,34.62,7593.797253088251,16.33728337787083,-136.28033423616944,7,1
2012-11-11 10:34:02.121794+00:00,10.71,22.8,34.62,7593.797253088251,16.33728337787083,-136.28033423616944,7,1
2012-11-11 10:37:02.121794+00:00,6.25,13.68,20.85,7590.52816209201,16.257336604326746,-136.4402277832576,8,1
2012-11-11 10:40:02.121794+00:00,5.78,12.7,19.38,7670.003997674035,16.355937958590488,-136.2430250747301,8,1
2012-11-11 10:41:02.121794+00:00,5.78,12.7,19.38,7670.003997674035,16.355937958590488,-136.2430250747301,8,1
2012-11-11 10:44:02.121794+00:00,5.8,12.73,19.42,7593.797253088251,16.33728337787083,-136.28033423616944,9,1
2012-11-11 10:45:02.121794+00:00,5.75,12.64,19.28,7670.003997674035,16.355937958590488,-136.2430250747301,8,1
2012-11-11 10:49:02.121794+00:00,5.78,12.7,19.38,7670.003997674035,16.355937958590488,-136.2430250747301,8,1
2012-11-11 10:52:02.121794+00:00,5.66,12.45,18.99,7353.830783457086,16.160547400233042,-136.633806191445,8,1
2012-11-11 10:53:02.121794+00:00,5.66,12.45,18.99,7353.830783457086,16.160547400233042,-136.633806191445,8,1
2012-11-11 10:56:02.121794+00:00,5.43,11.96,18.26,4779.086394794423,15.21220634412076,-138.53048830366956,7,1
2012-11-11 10:59:02.121794+00:00,4.6,10.2,15.59,4779.086394794423,15.21220634412076,-138.53048830366956,7,1
2012-11-11 11:01:02.121794+00:00,4.76,10.54,16.1,4747.3490305458545,15.07299040829944,-138.8089201753122,8,1
2012-11-11 11:05:02.121794+00:00,4.59,10.17,15.53,4562.620839500714,14.974082093038586,-139.0067368058339,8,1
2012-11-11 11:07:02.121794+00:00,4.49,9.96,15.22,4237.830981957343,14.708121842289067,-139.53865730733295,8,1
2012-11-11 11:10:02.121794+00:00,4.65,10.31,15.74,4066.031951210545,14.680285842621718,-139.59432930666765,7,1
2012-11-11 11:13:02.121794+00:00,4.46,9.89,15.11,3921.7567610836113,14.683100419324074,-139.58870015326295,8,1
2012-11-11 11:14:02.121794+00:00,4.47,9.93,15.17,3921.7567610836113,14.683100419324074,-139.58870015326295,8,1
2012-11-11 11:17:02.121794+00:00,4.36,9.68,14.79,3568.1716269929093,14.364792992637431,-140.22531500663624,8,1
2012-11-11 11:20:02.121794+00:00,4.78,10.58,16.16,2933.630401367386,13.901536217153584,-141.15182855760392,6,1
2012-11-11 11:23:02.121794+00:00,8.81,18.94,28.8,3070.311302775274,13.993628143318448,-140.9676447052742,7,1
2012-11-11 11:27:02.121794+00:00,9.01,19.35,29.42,2796.9494999594995,13.809444290988722,-141.33601240993363,5,1
2012-11-11 11:31:02.121794+00:00,9.02,19.38,29.47,2796.9494999594995,13.809444290988722,-141.33601240993363,5,1
2012-11-11 11:36:02.121794+00:00,9.12,19.58,29.76,7234.598726987598,15.538029802949936,-137.87884138601123,4,1
2012-11-11 11:40:02.121794+00:00,9.12,19.58,29.76,11154.096239777518,17.632855195575672,-133.68919060075976,4,1
2012-11-11 11:47:02.121794+00:00,2.11,4.77,7.3,9916.311071302678,17.736192553063315,-133.4825158857845,3,1
2012-11-11 11:53:02.121794+00:00,1.68,3.81,5.83,9847.358840889348,17.6327932935485,-133.6893144048141,3,1
2012-11-11 12:35:02.120564+00:00,2.6,5.84,8.94,8986.145414147986,16.59646839614006,-134.83917298056252,3,1
2012-11-11 12:57:02.120564+00:00,3.71,8.29,12.67,2233.133826333457,13.66825882876714,-140.6955921153084,3,1
2012-11-11 13:01:02.120564+00:00,3.8,8.48,12.96,2263.715749203907,13.753175208800627,-140.5257593552414,4,1
2012-11-11 13:06:02.120564+00:00,26.16,40.0,40.0,2294.2976720743573,13.838091588834118,-140.35592659517442,5,1
2012-11-11 13:09:02.120564+00:00,26.16,40.0,40.0,2816.9232535957885,15.047835588765755,-137.93643859531113,5,1
2012-11-11 13:13:02.120564+00:00,26.16,40.0,40.0,2816.9232535957885,14.713400726734625,-138.60530831937342,5,1
2012-11-11 13:17:02.120564+00:00,26.16,40.0,40.0,3914.9871423431423,15.047835588765755,-137.93643859531113,5,1
2012-11-11 13:20:02.120564+00:00,26.16,40.0,40.0,4688.440665426398,15.047835588765755,-137.93643859531113,5,1
2012-11-11 13:25:02.120564+00:00,5.89,12.92,19.71,4765.341567564766,15.047835588765755,-137.93643859531113,5,1
2012-11-11 13:28:02.120564+00:00,5.93,13.02,19.86,5144.940052328677,15.134498169997478,-137.7631134328477,5,1
2012-11-11 13:33:02.120564+00:00,5.9,12.95,19.76,5144.940052328677,15.342686235065946,-137.34673730271078,5,1
2012-11-11 13:38:02.120564+00:00,5.87,12.89,19.66,5598.466373754131,15.5546232174227,-136.92286333799726,5,1
2012-11-11 13:42:02.120564+00:00,5.63,12.38,18.89,5598.466373754131,15.5546232174227,-136.92286333799726,5,1
2012-11-11 13:46:02.120564+00:00,5.32,11.74,17.92,5281.510891590692,15.479251345219556,-137.07360708240356,6,1
2012-11-11 13:50:02.120564+00:00,5.31,11.7,17.87,5220.320175117276,15.40387947301641,-137.22435082680985,5,1
2012-11-11 13:54:02.120564+00:00,5.43,11.96,18.26,5220.320175117276,15.40387947301641,-137.22435082680985,5,1
2012-11-11 13:55:02.120564+00:00,5.52,12.16,18.55,4611.374000930998,15.307231715262336,-137.41764634231797,7,1
2012-11-11 14:00:02.120564+00:00,5.62,12.35,18.84,4585.9293543474505,15.30254079157632,-137.42702818969002,6,1
2012-11-11 14:04:02.120564+00:00,5.63,12.38,18.89,4611.374000930998,15.307231715262336,-137.41764634231797,7,1
2012-11-11 14:05:02.120564+00:00,5.9,12.95,19.76,4611.374000930998,15.307231715262336,-137.41764634231797,7,1
2012-11-11 14:11:02.120564+00:00,5.68,12.48,19.04,4662.735147148234,15.45983967069811,-137.11243043144643,6,1
2012-11-11 14:14:02.120564+00:00,5.81,12.76,19.47,4611.374000930998,15.612447626133882,-136.8072145205749,7,1
2012-11-11 14:15:02.120564+00:00,6.02,13.21,20.14,4714.096293365471,15.659030318740912,-136.71404913536082,5,1
2012-11-11 14:19:02.120564+00:00,6.47,14.15,21.56,4758.903802210562,15.703228705122228,-136.6256523625982,6,1
2012-11-11 14:23:02.120564+00:00,6.67,14.55,22.17,4714.096293365471,15.659030318740912,-136.71404913536082,5,1
2012-11-11 14:29:02.120564+00:00,6.46,14.11,21.52,4493.276287836382,15.612447626133882,-136.8072145205749,5,1
2012-11-11 14:33:02.120564+00:00,6.59,14.39,21.94,4493.276287836382,15.406208628147573,-137.2196925165475,5,1
2012-11-11 14:39:02.120564+00:00,4.34,9.65,14.74,4005.687163619835,15.093951792687797,-137.84420618746705,4,1
2012-11-11 14:43:02.120564+00:00,5.2,11.48,17.52,4220.043272692234,15.252717161549093,-137.52667544974446,5,1
2012-11-11 14:47:02.120564+00:00,5.15,11.38,17.37,4658.234813577779,15.329462894848334,-137.37318398314596,4,1
2012-11-11 14:51:02.120564+00:00,5.28,11.64,17.77,5096.426354463324,15.406208628147573,-137.2196925165475,3,1
2012-11-11 15:01:02.120564+00:00,4.86,10.75,16.41,7824.050113704536,16.699493153748225,-134.6331234653462,4,1
2012-11-11 15:05:02.120564+00:00,4.79,10.61,16.21,7879.66139437348,16.831235292257347,-134.36963918832794,3,1
2012-11-11 15:11:02.120564+00:00,4.57,10.13,15.48,7879.66139437348,16.831235292257347,-134.36963918832794,5,1
2012-11-11 15:17:02.120564+00:00,4.21,9.36,14.31,7401.9781628179,16.567751015239104,-134.89660774236444,5,1
2012-11-11 15:18:02.120564+00:00,4.21,9.36,14.31,7401.9781628179,16.567751015239104,-134.89660774236444,5,1
2012-11-11 15:22:02.120564+00:00,3.73,8.32,12.73,7401.9781628179,16.946829871623112,-134.1384500295964,5,1
2012-11-11 15:24:02.120564+00:00,3.73,8.32,12.73,7401.9781628179,16.946829871623112,-134.1384500295964,5,1
2012-11-11 15:29:02.120564+00:00,3.53,7.9,12.07,7978.506045434269,17.08188282370304,-133.86834412543658,4,1
2012-11-11 15:36:02.120564+00:00,4.18,9.29,14.2,8568.058756666866,17.082944079811007,-133.86622161322063,4,1
2012-11-11 15:40:02.120564+00:00,4.28,9.5,14.52,8555.03392805064,16.948952383839046,-134.13420500516455,3,1
2012-11-11 15:44:02.120564+00:00,4.29,9.54,14.58,8309.549882762698,16.96978733034506,-134.09253511215252,4,1
2012-11-11 15:51:02.120564+00:00,4.47,9.93,15.17,6854.998030775256,16.76017007414066,-134.51176962456134,3,1
2012-11-11 16:00:02.120564+00:00,4.19,9.33,14.25,4929.522750631034,16.10312264867272,-135.8258644754972,3,1
2012-11-11 16:09:02.120564+00:00,3.99,8.89,13.59,4929.522750631034,16.10312264867272,-135.8258644754972,3,1
2012-11-11 16:17:02.120564+00:00,4.01,8.92,13.64,6619.9195763009075,16.39475962734111,-135.24259051816043,3,1
2012-11-11 16:23:02.120564+00:00,3.85,8.59,13.13,8994.340351694362,16.86993482145222,-134.2922401299382,3,1
2012-11-11 16:30:02.120564+00:00,3.68,8.21,12.55,9028.965174083613,16.86993482145222,-134.2922401299382,3,1
2012-11-11 16:36:02.120564+00:00,3.5,7.82,11.95,10457.064555661556,17.06985983347284,-133.89239010589694,4,1
2012-11-11 16:41:02.120564+00:00,3.59,8.01,12.26,9028.965174083613,16.83028889742471,-134.3715319779932,3,1
2012-11-11 16:45:02.120564+00:00,3.59,8.01,12.26,8618.612268228917,16.65702601469937,-134.7180577434439,4,1
2012-11-11 16:51:02.120564+00:00,3.53,7.9,12.07,7945.460189457051,16.552900035884015,-134.92630970107462,4,1
2012-11-11 16:56:02.120564+00:00,2.81,6.32,9.67,7682.66101653988,16.23720659633617,-135.5576965801703,3,1
2012-11-11 17:02:02.120564+00:00,2.88,6.45,9.88,7682.66101653988,16.23720659633617,-135.5576965801703,3,1
2012-11-11 17:06:02.120564+00:00,2.83,6.36,9.74,7398.377997031161,16.23720659633617,-135.5576965801703,3,1
2012-11-11 17:12:02.120564+00:00,3.42,7.65,11.71,6600.768722651055,16.23720659633617,-135.5576965801703,5,1
2012-11-11 17:16:02.120564+00:00,3.73,8.32,12.73,6600.768722651055,16.417519933124,-135.19706990659466,5,1
2012-11-11 17:21:02.120564+00:00,3.66,8.17,12.49,7067.737596717072,16.42569627888622,-135.18071721507022,5,1
2012-11-11 17:25:02.120564+00:00,3.71,8.29,12.67,6694.8692534236525,16.42569627888622,-135.18071721507022,5,1
2012-11-11 17:29:02.120564+00:00,2.83,6.36,9.74,6694.8692534236525,16.232276173320813,-135.56755742620103,5,1
2012-11-11 17:33:02.120564+00:00,2.14,4.83,7.39,6881.303425070362,16.214162025499622,-135.6037857218434,6,1
2012-11-11 17:36:02.120564+00:00,2.14,4.83,7.39,6470.4049708459115,15.975096033745489,-136.08191770535166,6,1
2012-11-11 17:40:02.120564+00:00,2.06,4.65,7.12,6470.4049708459115,15.975096033745489,-136.08191770535166,6,1
2012-11-11 17:41:02.120564+00:00,2.06,4.65,7.12,6470.4049708459115,15.975096033745489,-136.08191770535166,6,1
2012-11-11 17:45:02.120564+00:00,2.66,5.98,9.16,5647.242864024625,15.726528286919102,-136.57905319900442,6,1
2012-11-11 17:49:02.120564+00:00,2.94,6.59,10.09,5265.680071401793,15.577742372168029,-136.87662502850657,6,1
2012-11-11 17:52:02.120564+00:00,3.22,7.2,11.02,5048.54503978108,15.548350986153032,-136.93540780053658,5,1
2012-11-11 17:57:02.120564+00:00,3.25,7.28,11.14,4570.9582380443335,15.177004996097647,-137.67809978064736,5,1
2012-11-11 18:01:02.120564+00:00,3.42,7.65,11.71,4570.9582380443335,15.177004996097647,-137.67809978064736,5,1
2012-11-11 18:06:02.120564+00:00,3.68,8.21,12.55,5482.815103022505,15.548350986153032,-136.93540780053658,5,1
2012-11-11 18:10:02.120564+00:00,4.39,9.75,14.9,5821.369009310277,15.99839601695203,-136.03531773893857,5,1
2012-11-11 18:14:02.120564+00:00,3.82,8.51,13.02,9472.89461980666,16.532209621783128,-134.9676905292764,5,1
2012-11-11 18:19:02.120564+00:00,3.94,8.78,13.42,9472.89461980666,16.532209621783128,-134.9676905292764,5,1
2012-11-11 18:22:02.120564+00:00,3.94,8.78,13.42,9472.89461980666,16.766345202515943,-134.49941936781076,5,1
2012-11-11 18:28:02.120564+00:00,3.77,8.4,12.84,9660.145411767722,16.766345202515943,-134.49941936781076,5,1
2012-11-11 18:31:02.120564+00:00,2.73,6.13,9.38,9016.315170862905,16.74671563021777,-134.5386785124071,4,1
2012-11-11 18:36:02.120564+00:00,4.54,10.06,15.38,7841.674113220284,16.587989152597626,-134.8561314676474,4,1
2012-11-11 18:44:02.120564+00:00,5.12,11.31,17.27,9450.333108715167,16.662768837201458,-134.70657209843972,4,1
2012-11-11 18:49:02.120564+00:00,5.17,11.41,17.42,10411.190615389069,16.821148100489516,-134.3898135718636,4,1
2012-11-11 18:53:02.120564+00:00,5.23,11.54,17.62,9361.618728897876,16.632661266334395,-134.76678724017387,5,1
2012-11-11 18:57:02.120564+00:00,5.25,11.57,17.67,11581.860425115525,17.04384458449572,-133.9444206038512,5,1
2012-11-11 19:01:02.120564+00:00,5.23,11.54,17.62,9361.618728897876,16.632661266334395,-134.76678724017387,5,1
2012-11-11 19:05:02.120564+00:00,5.32,11.74,17.92,9361.618728897876,16.632661266334395,-134.76678724017387,5,1
2012-11-11 19:08:02.120564+00:00,5.39,11.87,18.11,7936.892265523732,16.456748443920347,-135.11861288500197,4,1
2012-11-11 19:14:02.120564+00:00,5.34,11.77,17.96,6186.841266369929,15.959569250295663,-136.11297127225134,4,1
2012-11-11 19:18:02.120564+00:00,30.07,40.0,40.0,5861.51673059027,15.638302879085034,-136.7555040146726,3,1
2012-11-12 01:54:02.129334+00:00,6.8,14.83,22.6,3181.208031849053,14.912031367152332,-138.76854114878506,3,1
2012-11-12 02:02:02.129334+00:00,6.49,14.18,21.61,5907.170951700421,16.0772702402788,-136.43806340253212,3,1
2012-11-12 02:09:02.129334+00:00,5.63,12.38,18.89,6866.362303054506,16.30542692081179,-135.98175004146614,3,1
2012-11-12 02:14:02.129334+00:00,5.48,12.06,18.41,6425.998410921332,16.60355033254364,-135.38550321800247,3,1
2012-11-12 02:19:02.129334+00:00,5.46,12.03,18.36,6425.998410921332,16.60355033254364,-135.38550321800247,3,1
2012-11-12 02:40:02.129334+00:00,2.75,6.18,9.45,7616.19403687444,16.767751533112598,-135.05710081686453,3,1
2012-11-12 02:45:02.129334+00:00,2.73,6.13,9.38,7616.19403687444,16.767751533112598,-135.05710081686453,3,1
2012-11-12 02:50:02.129334+00:00,2.17,4.88,7.48,5672.6012466604425,16.767751533112598,-135.05710081686453,3,1
2012-11-12 02:56:02.129334+00:00,1.9,4.28,6.55,5672.6012466604425,16.767751533112598,-135.05710081686453,3,1
2012-11-12 03:03:02.129334+00:00,1.17,2.64,4.05,8908.052844186259,17.470313598259825,-133.6519766865701,3,1
2012-11-12 03:08:02.129334+00:00,1.48,3.35,5.14,19850.75950463403,18.98469604960726,-130.62321178387523,3,1
2012-11-12 03:13:02.129334+00:00,1.81,4.08,6.25,19850.75950463403,18.98469604960726,-130.62321178387523,3,1
2012-11-12 03:19:02.129334+00:00,2.46,5.53,8.47,19682.697068926907,18.87932132898081,-130.83396122512812,3,1
2012-11-12 03:25:02.129334+00:00,2.94,6.59,10.09,19376.468678859128,18.82293620955801,-130.94673146397372,3,1
2012-11-12 03:50:02.129334+00:00,3.48,7.78,11.89,7265.1263011599585,16.684140873412613,-135.2243221362645,3,1
2012-11-12 03:55:02.129334+00:00,3.5,7.82,11.95,5082.2032101599525,15.679320249197302,-137.23396338469513,3,1
2012-11-12 04:02:02.129334+00:00,4.47,9.93,15.17,6751.706593517407,16.195343679387435,-136.20191652431487,4,1
2012-11-12 04:06:02.129334+00:00,5.45,12.0,18.31,7175.101891951811,16.487161805593704,-135.61828027190234,4,1
2012-11-12 04:10:02.129334+00:00,5.58,12.29,18.75,6191.34623769985,16.262956501609843,-136.06669087987004,5,1
2012-11-12 04:15:02.129334+00:00,5.74,12.6,19.23,7306.278107287355,16.487161805593704,-135.61828027190234,4,1
2012-11-12 04:19:02.129334+00:00,5.89,12.92,19.71,6060.170022364306,16.20195155297624,-136.18870077713726,4,1
2012-11-12 04:25:02.129334+00:00,6.01,13.17,20.09,2889.9100936552304,14.75575659808499,-139.08109068691977,3,1
2012-11-12 09:02:02.129334+00:00,14.73,30.84,40.0,2337.5559744658967,18.001275350348816,-132.5900531823921,11,1
2012-11-12 09:03:02.129334+00:00,12.8,26.99,40.0,2425.5594154278633,18.03784326330819,-132.51691735647336,14,2
2012-11-12 09:07:02.129334+00:00,9.37,20.09,30.54,2522.4087136285634,18.24736656672348,-132.09787074964277,22,1
2012-11-12 09:08:02.129334+00:00,9.34,20.03,30.44,2337.5559744658967,18.342044477539883,-131.90851492800996,25,1
2012-11-12 09:09:02.129334+00:00,9.29,19.93,30.29,2361.155959684954,18.37533127280103,-131.8419413374877,27,2
2012-11-12 09:10:02.129334+00:00,9.2,19.74,30.0,2323.135484778074,18.41425108730448,-131.76410170848078,30,3
2012-11-12 09:11:02.129334+00:00,9.21,19.77,30.05,2308.7149950902517,18.44187274685038,-131.70885838938898,31,1
2012-11-12 09:12:02.129334+00:00,9.32,19.99,30.39,2308.7149950902517,18.44187274685038,-131.70885838938898,33,2
2012-11-12 09:13:02.129334+00:00,9.48,20.32,30.88,2308.7149950902517,18.48376518185794,-131.62507351937387,33,2
2012-11-12 09:14:02.129334+00:00,9.56,20.48,31.12,2335.987528534189,18.59808343965523,-131.39643700377928,33,2
2012-11-12 09:15:02.129334+00:00,9.21,19.77,30.05,2335.987528534189,18.63234477112007,-131.3279143408496,35,1
2012-11-12 09:16:02.129334+00:00,9.44,20.22,30.73,2308.7149950902517,18.63234477112007,-131.3279143408496,37,3
2012-11-12 09:17:02.129334+00:00,9.42,20.19,30.68,2289.5239495270353,18.68480326840853,-131.22299734627268,38,2
2012-11-12 09:18:02.129334+00:00,9.61,20.58,31.27,2301.939176834185,18.755576294099686,-131.08145129489037,38,3
2012-11-12 09:19:02.129334+00:00,9.5,20.35,30.92,2282.7481312709688,18.8117907139774,-130.96902245513493,36,2
2012-11-12 09:20:02.129334+00:00,9.66,20.67,31.41,2282.7481312709688,18.868001842737236,-130.85660019761525,34,3
2012-11-12 09:21:02.129334+00:00,9.87,21.1,32.05,2256.470869067967,18.886896857383316,-130.8188101683231,31,2
2012-11-12 09:23:02.129334+00:00,9.26,19.86,30.2,2255.7098826152915,18.954964927852593,-130.68267402738456,28,2
2012-11-12 09:24:02.129334+00:00,9.5,20.35,30.92,2254.9488961626153,19.016953959551415,-130.5586959639869,27,2
2012-11-12 09:25:02.129334+00:00,9.45,20.25,30.78,2154.6573021164254,19.016953959551415,-130.5586959639869,25,2
2012-11-12 09:26:02.129334+00:00,31.53,40.0,40.0,2139.280715763256,19.046464673174626,-130.49967453674049,22,2
2012-11-12 09:27:02.129334+00:00,32.67,40.0,40.0,2112.756470376554,19.046464673174626,-130.49967453674049,20,1
2012-11-12 10:02:02.129334+00:00,16.13,33.63,40.0,2444.981803199765,16.942500020875155,-134.70760384133942,3,1
2012-11-12 10:07:02.129334+00:00,13.09,27.57,40.0,2485.850111638488,16.942500020875155,-134.70760384133942,3,1
2012-11-13 01:53:02.126875+00:00,6.59,14.39,21.94,6503.964388089728,16.001763111940484,-137.24923931708366,3,1
2012-11-13 01:57:02.126875+00:00,6.16,13.49,20.57,7781.894080795642,16.453931545189867,-136.34490245058493,4,1
2012-11-13 02:01:02.126875+00:00,6.16,13.49,20.57,7781.894080795642,16.453931545189867,-136.34490245058493,4,1
2012-11-13 02:07:02.126875+00:00,4.7,10.41,15.9,13430.139200407595,17.52045117244508,-134.2118631960745,5,1
2012-11-13 02:11:02.126875+00:00,4.51,10.0,15.27,13430.139200407595,17.52045117244508,-134.2118631960745,5,1
2012-11-13 02:16:02.126875+00:00,3.71,8.29,12.67,13430.139200407595,17.52045117244508,-134.2118631960745,5,1
2012-11-13 02:21:02.126875+00:00,3.0,6.72,10.29,13617.997926911798,17.915543519520103,-133.42167850192445,5,1
2012-11-13 02:25:02.126875+00:00,2.96,6.64,10.15,11295.105401454655,17.440141191953693,-134.37248315705727,4,1
2012-11-13 02:29:02.126875+00:00,2.85,6.41,9.81,8972.212875997517,16.964738864387286,-135.3232878121901,3,1
2012-11-13 02:57:02.126875+00:00,3.1,6.94,10.62,8989.535594429874,16.884392433180068,-135.4839806746045,3,1
2012-11-13 03:04:02.126875+00:00,2.85,6.41,9.81,8771.56048780326,16.620688425376443,-136.0113886902118,4,1
2012-11-13 03:09:02.126875+00:00,2.73,6.13,9.38,8553.585381176645,16.356984417572814,-136.53879670581904,3,1
2012-11-13 03:13:02.126875+00:00,3.06,6.86,10.49,9131.54162624123,16.895920661466363,-135.46092421803195,4,1
2012-11-13 03:20:02.126875+00:00,4.08,9.07,13.87,12770.035544908826,17.81672790984083,-133.619309721283,4,1
2012-11-13 03:25:02.126875+00:00,4.24,9.43,14.42,15830.573218511836,17.897409537561682,-133.4579464658413,3,1
2012-11-13 03:29:02.126875+00:00,4.7,10.41,15.9,16143.018071186583,17.892341806778653,-133.46808192740735,4,1
2012-11-13 03:36:02.126875+00:00,5.29,11.67,17.82,13263.54165162981,17.548390461475286,-134.1559846180141,4,1
2012-11-13 03:40:02.126875+00:00,5.36,11.8,18.01,10696.510084747782,17.209506846954948,-134.83375184705477,3,1
2012-11-13 03:46:02.126875+00:00,6.11,13.39,20.43,6265.278487497253,15.906578391186516,-137.43960875859162,4,1
2012-11-13 03:51:02.126875+00:00,6.11,13.39,20.43,3932.9620429149977,14.801394960309558,-139.64997562034554,4,1
2012-11-13 03:56:02.126875+00:00,6.5,14.21,21.66,2768.059380721995,14.05697005186079,-141.1388254372431,3,1
2012-11-13 04:00:02.126875+00:00,6.5,14.21,21.66,2768.059380721995,14.05697005186079,-141.1388254372431,3,1
2012-11-13 05:10:02.126875+00:00,7.96,17.21,26.2,1988.3343044018457,13.737144555201375,-141.7784764305619,3,1
2012-11-13 05:15:02.126875+00:00,7.95,17.18,26.15,2049.1112642389044,13.82058802723289,-141.61158948649887,4,1
2012-11-13 05:19:02.126875+00:00,7.91,17.12,26.06,2109.888224075963,13.904031499264404,-141.44470254243583,5,1
2012-11-13 05:23:02.126875+00:00,7.34,15.94,24.28,2688.1821275837237,14.279380963533248,-140.69400361389813,6,1
2012-11-13 05:28:02.126875+00:00,7.09,15.42,23.49,3638.17482042776,14.841976577979908,-139.56881238500483,6,1
2012-11-13 05:31:02.126875+00:00,6.68,14.58,22.22,4383.257001146949,15.220711288010596,-138.81134296494346,6,1
2012-11-13 05:32:02.126875+00:00,6.68,14.58,22.22,4383.257001146949,15.220711288010596,-138.81134296494346,6,1
2012-11-13 05:36:02.126875+00:00,6.67,14.55,22.17,4009.873609764036,15.029222728157723,-139.1943200846492,7,1
2012-11-13 05:40:02.126875+00:00,6.59,14.39,21.94,3956.4162043968367,14.930911165435102,-139.39094321009446,8,1
2012-11-13 05:42:02.126875+00:00,6.08,13.33,20.33,5037.238990263864,15.577921133379252,-138.09692327420615,7,1
2012-11-13 05:45:02.126875+00:00,6.04,13.24,20.19,5037.238990263864,15.577921133379252,-138.09692327420615,7,1
2012-11-13 05:46:02.126875+00:00,6.02,13.21,20.14,4789.578374114859,15.230555326901737,-138.7916548871612,6,1
2012-11-13 05:49:02.126875+00:00,5.77,12.67,19.33,6422.964731965904,16.01148817079673,-137.2297891993712,7,1
2012-11-13 05:52:02.126875+00:00,5.54,12.19,18.6,6728.788284188554,16.04643410738499,-137.15989732619468,7,1
2012-11-13 05:56:02.126875+00:00,5.14,11.34,17.32,6778.643178602226,16.08488353443867,-137.0829984720873,6,1
2012-11-13 06:00:02.126875+00:00,4.98,11.01,16.82,6808.802738504111,16.103658751654656,-137.04544803765535,5,1
2012-11-13 06:05:02.126875+00:00,4.87,10.78,16.46,6748.483618700341,16.04643410738499,-137.15989732619468,5,1
2012-11-13 06:08:02.126875+00:00,4.84,10.71,16.36,5955.058667123816,15.99065969172756,-137.27144615750953,5,1
2012-11-13 06:12:02.126875+00:00,4.81,10.65,16.26,4846.346854930636,15.671052906827782,-137.91065972730908,5,1
2012-11-13 06:17:02.126875+00:00,4.67,10.34,15.79,2992.3341145402333,14.499464807953151,-140.25383592505835,5,1
2012-11-13 06:20:02.126875+00:00,4.11,9.14,13.98,2992.3341145402333,14.499464807953151,-140.25383592505835,5,1
2012-11-13 06:25:02.126875+00:00,2.94,6.59,10.09,2992.3341145402333,14.499464807953151,-140.25383592505835,5,1
2012-11-13 06:29:02.126875+00:00,3.22,7.2,11.02,3356.7090488013173,14.772515438143488,-139.70773466467767,5,1
2012-11-13 06:33:02.126875+00:00,3.12,6.99,10.69,4479.84497865103,15.34205955565708,-138.5686464296505,5,1
2012-11-13 06:36:02.126875+00:00,3.1,6.94,10.62,5303.585902373714,15.46961826243166,-138.31352901610134,5,1
2012-11-13 06:42:02.126875+00:00,3.18,7.12,10.89,5303.585902373714,15.46961826243166,-138.31352901610134,5,1
2012-11-13 06:45:02.126875+00:00,3.52,7.86,12.01,5303.585902373714,15.46961826243166,-138.31352901610134,5,1
2012-11-13 06:51:02.126875+00:00,3.68,8.21,12.55,4207.582200162121,15.201061244228953,-138.85064305250674,5,1
2012-11-13 06:54:02.126875+00:00,4.11,9.14,13.98,4207.582200162121,15.201061244228953,-138.85064305250674,5,1
2012-11-13 06:58:02.126875+00:00,4.39,9.75,14.9,4207.582200162121,15.201061244228953,-138.85064305250674,5,1
2012-11-13 07:03:02.126875+00:00,4.64,10.27,15.69,4310.391333439334,15.36456095059408,-138.52364363977648,5,1
2012-11-13 07:07:02.126875+00:00,4.72,10.44,15.95,4919.220875296581,15.636751062326672,-137.9792634163113,5,1
2012-11-13 07:11:02.126875+00:00,4.75,10.51,16.05,4919.220875296581,15.636751062326672,-137.9792634163113,5,1
2012-11-13 07:15:02.126875+00:00,5.15,11.38,17.37,4919.220875296581,15.636751062326672,-137.9792634163113,5,1
2012-11-13 07:19:02.126875+00:00,5.36,11.8,18.01,4526.7824594397725,15.323033250062153,-138.60669904084037,5,1
2012-11-13 07:23:02.126875+00:00,5.46,12.03,18.36,4066.056363390717,15.21335100612115,-138.82606352872236,5,1
2012-11-13 07:27:02.126875+00:00,5.86,12.86,19.62,3248.0564449128933,14.6684724494564,-139.91582064205187,4,1
2012-11-13 07:31:02.126875+00:00,5.87,12.89,19.66,2430.0565264350703,14.123593892791648,-141.00557775538135,3,1
2012-11-14 06:59:02.124415+00:00,7.54,16.35,24.89,3764.226571324418,15.34685877304133,-142.28539762661322,3,1
2012-11-14 07:05:02.124415+00:00,7.52,16.31,24.84,3764.226571324418,15.34685877304133,-142.28539762661322,3,1
2012-11-14 07:31:02.124415+00:00,8.77,18.88,28.71,2349.998345913399,14.224387841261205,-144.53033949017347,3,1
2012-11-14 08:17:02.124415+00:00,7.93,17.15,26.11,5715.79260757837,16.213951134374867,-140.55121290394615,3,1
2012-11-14 08:25:02.124415+00:00,7.79,16.87,25.68,5750.305175965381,16.213951134374867,-140.55121290394615,3,1
2012-11-14 09:30:02.124415+00:00,4.91,10.85,16.56,8102.550510330821,17.007316777507867,-138.96448161768015,3,1
2012-11-14 11:04:02.124415+00:00,3.42,7.65,11.71,4296.742265963237,15.96491163104757,-141.04929191060074,3,1
2012-11-14 14:25:02.123185+00:00,6.08,13.33,20.33,6412.87719863472,16.428635536118136,-140.12047617093032,3,1
2012-11-14 14:31:02.123185+00:00,6.19,13.55,20.67,6592.727441574716,16.428635536118136,-140.12047617093032,3,1
2012-11-14 14:36:02.123185+00:00,6.25,13.68,20.85,6592.727441574716,16.54262497501309,-139.89249729314042,3,1
2012-11-14 15:06:02.123185+00:00,5.81,12.76,19.47,5766.747368246213,16.31342015015085,-140.3509069428649,3,1
2012-11-14 15:10:02.123185+00:00,6.22,13.61,20.76,4826.951129945905,16.013114583864382,-140.95151807543783,3,1
2012-11-14 15:18:02.123185+00:00,6.37,13.93,21.23,4004.5830190844017,15.28066542319382,-142.41641639677897,3,1
2012-11-14 15:49:02.123185+00:00,6.46,14.11,21.52,4862.766910092563,15.577009642494495,-141.8237279581776,3,1
2012-11-14 17:44:02.123185+00:00,9.56,20.48,31.12,2052.686148699427,14.160057195966148,-144.6576328512343,4,1
2012-11-14 17:49:02.123185+00:00,9.55,20.45,31.07,2052.686148699427,14.160057195966148,-144.6576328512343,4,2
2012-11-14 17:54:02.123185+00:00,9.44,20.22,30.73,2052.686148699427,14.160057195966148,-144.6576328512343,4,1
2012-11-14 20:24:02.123185+00:00,6.74,14.7,22.41,2683.136618819646,14.475898844540469,-144.02594955408566,3,1
2012-11-14 20:28:02.123185+00:00,6.14,13.46,20.52,3102.8393410825693,14.926684009876109,-143.1243792234144,4,1
2012-11-14 20:32:02.123185+00:00,5.92,12.99,19.81,3522.542063345492,15.377469175211749,-142.2228088927431,5,1
2012-11-14 20:36:02.123185+00:00,5.72,12.57,19.18,6017.450809324682,16.363117030069702,-140.2515131830272,5,1
2012-11-14 20:41:02.123185+00:00,5.2,11.48,17.52,10260.549167303832,17.442889724865648,-138.0919677934353,5,1
2012-11-14 20:45:02.123185+00:00,5.08,11.21,17.12,10384.63840488568,17.59916158834525,-137.77942406647608,5,1
2012-11-14 20:50:02.123185+00:00,4.76,10.54,16.1,10668.793768735271,17.59916158834525,-137.77942406647608,5,1
2012-11-14 20:55:02.123185+00:00,4.11,9.14,13.98,12852.321699256154,17.89931029111618,-137.17912666093423,4,1
2012-11-14 20:59:02.123185+00:00,2.73,6.13,9.38,13812.732413629725,18.04839175484061,-136.88096373348537,4,1
2012-11-14 21:05:02.123185+00:00,2.34,5.27,8.07,17648.904266267913,18.796597231353832,-135.38455278045893,3,1
2012-11-14 21:11:02.123185+00:00,2.19,4.94,7.57,17648.904266267913,18.796597231353832,-135.38455278045893,3,1
2012-11-14 21:16:02.123185+00:00,1.55,3.51,5.38,17648.904266267913,18.796597231353832,-135.38455278045893,3,1
2012-11-14 21:23:02.123185+00:00,0.01,0.04,0.02,24371.78748863409,19.63532015030911,-133.70710694254836,4,1
2012-11-14 21:28:02.123185+00:00,0.01,0.04,0.02,25633.476469922276,20.123476720555132,-132.73079380205633,4,1
2012-11-14 21:33:02.123185+00:00,0.58,1.31,2.01,23208.05376304567,20.26837687237016,-132.44099349842628,5,1
2012-11-14 21:38:02.123185+00:00,0.86,1.95,2.99,22478.517974884657,20.270392469972748,-132.4369623032211,4,1
2012-11-14 21:42:02.123185+00:00,0.86,1.95,2.99,22478.517974884657,20.270392469972748,-132.4369623032211,4,1
2012-11-14 21:47:02.123185+00:00,0.18,0.41,0.61,22478.517974884657,20.272882077002627,-132.43198308916135,4,1
2012-11-14 21:52:02.123185+00:00,0.86,1.95,2.99,24355.318557232713,20.27628538626341,-132.42517647063977,4,1
2012-11-14 21:58:02.123185+00:00,1.12,2.54,3.89,30438.47705279448,20.27335608642992,-132.4310350703067,3,1
2012-11-14 22:04:02.123185+00:00,1.78,4.02,6.15,30438.47705279448,19.787723146623826,-133.40230094991892,3,1
2012-11-14 22:09:02.123185+00:00,2.27,5.11,7.82,20259.33877165741,19.403405788260457,-134.17093566664568,3,1
2012-11-14 22:15:02.123185+00:00,3.7,8.25,12.61,17596.707846695303,18.72130383293714,-135.5351395772923,3,1
2012-11-14 22:20:02.123185+00:00,3.77,8.4,12.84,17596.707846695303,18.72130383293714,-135.5351395772923,3,1
2012-11-14 22:44:02.123185+00:00,5.19,11.44,17.47,7979.022393926538,17.006228675199637,-138.96528989276734,3,1
2012-11-14 22:50:02.123185+00:00,5.98,13.11,20.0,3204.7013934005868,14.965231218190358,-143.04728480678588,4,1
2012-11-14 22:55:02.123185+00:00,6.5,14.21,21.66,2630.1419536844232,14.509238865200036,-143.95926951276653,3,1
2012-11-14 23:00:02.123185+00:00,6.53,14.27,21.75,2630.1419536844232,14.509238865200036,-143.95926951276653,3,1
2012-11-15 05:00:02.121955+00:00,5.81,12.76,19.47,19163.07243640482,24.322742017693756,-122.32570544610446,3,2
2012-11-15 05:01:02.121955+00:00,5.81,12.76,19.47,19163.07243640482,24.322742017693756,-122.32570544610446,3,1
2012-11-15 11:04:02.121955+00:00,40.0,40.0,40.0,3586.3637157185844,20.661305737464517,-129.64857800656293,23,2
2012-11-15 11:05:02.121955+00:00,40.0,40.0,40.0,3672.9074592932334,20.75755602789785,-129.45607742569626,25,1
2012-11-15 11:06:02.121955+00:00,40.0,40.0,40.0,3716.335650815153,20.661305737464517,-129.64857800656293,27,3
2012-11-15 11:07:02.121955+00:00,40.0,40.0,40.0,3672.9074592932334,20.583600954221936,-129.8039875730481,29,2
2012-11-15 11:08:02.121955+00:00,8.63,18.59,28.28,3672.9074592932334,20.583600954221936,-129.8039875730481,31,2
2012-11-15 11:09:02.121955+00:00,8.43,18.18,27.66,3586.3637157185844,20.583600954221936,-129.8039875730481,33,1
2012-11-15 11:10:02.121955+00:00,8.42,18.15,27.61,3380.333257896623,20.450737351061065,-130.06971477936983,35,3
2012-11-15 11:11:02.121955+00:00,8.48,18.28,27.8,3357.478931138413,20.35039210136383,-130.27040527876431,36,3
2012-11-15 11:12:02.121955+00:00,8.48,18.28,27.8,3357.478931138413,20.35039210136383,-130.27040527876431,36,3
2012-11-15 11:13:02.121955+00:00,8.46,18.25,27.76,3357.478931138413,20.35039210136383,-130.27040527876431,36,2
2012-11-15 11:14:02.121955+00:00,8.5,18.31,27.85,3380.333257896623,20.450737351061065,-130.06971477936983,35,2
2012-11-15 11:15:02.121955+00:00,8.5,18.31,27.85,3483.348486807604,20.5171691526415,-129.93685117620896,34,2
2012-11-15 11:16:02.121955+00:00,8.5,18.31,27.85,3672.9074592932334,20.661305737464517,-129.64857800656293,31,2
2012-11-15 11:17:02.121955+00:00,8.54,18.4,27.99,3694.621555054193,20.709430882681183,-129.55232771612958,30,2
2012-11-15 11:18:02.121955+00:00,7.81,16.9,25.73,3672.9074592932334,20.661305737464517,-129.64857800656293,27,1
2012-11-15 11:19:02.121955+00:00,40.0,40.0,40.0,3672.9074592932334,20.583600954221936,-129.8039875730481,25,3
2012-11-15 11:20:02.121955+00:00,40.0,40.0,40.0,3629.635587505909,20.5171691526415,-129.93685117620896,24,1
2012-11-15 11:21:02.121955+00:00,40.0,40.0,40.0,3672.9074592932334,20.583600954221936,-129.8039875730481,21,1
2012-11-17 01:07:02.127035+00:00,7.03,15.29,23.3,5297.671197845504,15.640980736533724,-137.64890711294956,3,1
2012-11-17 01:13:02.127035+00:00,6.7,14.61,22.27,7968.656906909357,16.536275706705265,-135.8583171726065,3,1
2012-11-17 01:19:02.127035+00:00,6.19,13.55,20.67,10489.68979510767,17.314691358063886,-134.30148586988923,3,1
2012-11-17 10:31:02.127035+00:00,11.44,24.26,36.8,4734.324037356538,15.316199110972375,-138.29847036407224,4,1
2012-11-17 10:35:02.127035+00:00,11.25,23.87,36.22,4734.324037356538,15.316199110972375,-138.29847036407224,4,1
2012-11-17 10:38:02.127035+00:00,16.06,33.49,40.0,3361.456208613032,14.747795729602313,-139.43527712681237,5,1
2012-11-17 10:40:02.127035+00:00,16.09,33.54,40.0,3361.456208613032,14.747795729602313,-139.43527712681237,5,1
2012-11-17 10:46:02.127035+00:00,10.83,23.04,34.98,6846.291592563341,16.299001508217682,-136.33286556958163,3,1
2012-11-17 14:54:02.125805+00:00,5.09,11.25,17.17,5254.253053787853,19.129238629473832,-129.70755700868727,19,1
2012-11-17 14:57:02.125805+00:00,16.3,33.96,40.0,6282.6334372259535,19.497147974772112,-128.97173831809073,27,1
2012-11-17 14:58:02.125805+00:00,17.44,36.24,40.0,7281.939028836711,19.59433849982319,-128.77735726798858,29,2
2012-11-17 14:59:02.125805+00:00,17.7,36.74,40.0,7730.311527371704,19.94951401995411,-128.06700622772672,33,2
2012-11-17 15:00:02.125805+00:00,18.09,37.52,40.0,8337.115542589401,19.96269630110397,-128.04064166542702,35,3
2012-11-17 15:01:02.125805+00:00,17.44,36.24,40.0,8971.282179217847,20.451185533240764,-127.06366320115342,38,3
2012-11-17 15:02:02.125805+00:00,0.01,0.04,0.02,9082.030141301191,20.718498678223146,-126.52903691118868,41,2
2012-11-17 15:03:02.125805+00:00,17.42,36.19,40.0,9082.030141301191,20.718498678223146,-126.52903691118868,43,4
2012-11-17 15:04:02.125805+00:00,17.27,35.89,40.0,9082.030141301191,20.600132375802268,-126.76576951603042,45,2
2012-11-17 15:05:02.125805+00:00,17.27,35.89,40.0,8860.534217134504,20.55706352728922,-126.85190721305652,47,3
2012-11-17 15:06:02.125805+00:00,17.22,35.79,40.0,8337.115542589401,20.600132375802268,-126.76576951603042,49,2
2012-11-17 15:07:02.125805+00:00,17.19,35.74,40.0,8337.115542589401,20.55706352728922,-126.85190721305652,51,3
2012-11-17 15:08:02.125805+00:00,17.19,35.74,40.0,8312.146242623037,20.578597951545746,-126.80883836454348,52,3
2012-11-17 15:09:02.125805+00:00,17.19,35.74,40.0,8287.176942656673,20.55706352728922,-126.85190721305652,53,3
2012-11-17 15:10:02.125805+00:00,17.17,35.69,40.0,8312.146242623037,20.578597951545746,-126.80883836454348,52,2
2012-11-17 15:11:02.125805+00:00,17.12,35.59,40.0,8208.182710039804,20.659315527012705,-126.64740321360956,50,3
2012-11-17 15:12:02.125805+00:00,17.12,35.59,40.0,8312.146242623037,20.778030908269592,-126.40997245109575,48,3
2012-11-17 15:13:02.125805+00:00,17.09,35.54,40.0,8337.115542589401,20.83756313831604,-126.29090799100284,45,2
2012-11-17 15:14:02.125805+00:00,17.07,35.49,40.0,8380.045058586053,20.966925498888703,-126.03218326985754,42,3
2012-11-17 15:15:02.125805+00:00,16.94,35.25,40.0,8472.913174515432,20.9985089161624,-125.96901643531017,41,2
2012-11-17 15:16:02.125805+00:00,17.34,36.04,40.0,8208.182710039804,20.886452609965524,-126.1931290477039,38,2
2012-11-17 15:17:02.125805+00:00,17.85,37.05,40.0,8129.188477422933,20.600132375802268,-126.76576951603042,35,2
2012-11-17 15:18:02.125805+00:00,5.4,11.9,18.16,7513.091054060723,20.55706352728922,-126.85190721305652,33,3
2012-11-17 15:19:02.125805+00:00,6.17,13.52,20.62,7009.180425559851,20.04713339305519,-127.8717674815246,29,3
2012-11-17 15:20:02.125805+00:00,5.23,11.54,17.62,6033.041453925003,19.807293554938703,-128.35144715775755,28,2
2012-11-17 15:24:02.125805+00:00,12.96,27.3,40.0,3301.0953868090764,19.42451418260475,-129.11700590242546,17,1
2012-11-17 15:29:02.125805+00:00,4.09,9.11,13.92,1929.6986015922853,16.9327913040761,-134.10045165948276,5,1
2012-11-17 20:18:02.125805+00:00,7.58,16.44,25.03,2117.7467430119505,13.400388919371029,-141.1652564288929,3,1
2012-11-17 20:25:02.125805+00:00,7.58,16.44,25.03,3448.124399938306,14.534429311287596,-138.89717564505975,3,1
2012-11-17 20:30:02.125805+00:00,7.28,15.82,24.09,3657.760016271759,14.626129623967715,-138.71377501969954,3,1
2012-11-17 20:52:02.125805+00:00,7.28,15.82,24.09,4738.730218611694,15.139760423383212,-137.68651342086852,3,1
2012-11-17 20:59:02.125805+00:00,7.15,15.54,23.67,4877.255242518561,15.138631184565774,-137.6887718985034,4,1
2012-11-17 21:03:02.125805+00:00,6.97,15.17,23.11,4871.595574218345,15.137501945748337,-137.6910303761383,3,1
2012-11-17 21:08:02.125805+00:00,6.98,15.2,23.16,4705.107800886877,15.11735435256664,-137.7313255625017,4,1
2012-11-17 21:13:02.125805+00:00,6.22,13.61,20.76,4878.01146554228,15.154369268082265,-137.6572957314704,4,1
2012-11-17 21:19:02.125805+00:00,6.29,13.77,21.0,4863.738790882038,15.113001137407684,-137.74003199281958,3,1
2012-11-17 21:24:02.125805+00:00,6.62,14.46,22.03,4863.738790882038,15.113001137407684,-137.74003199281958,3,1
2012-11-17 21:33:02.125805+00:00,6.79,14.8,22.55,4863.738790882038,15.113001137407684,-137.74003199281958,3,1
2012-11-17 21:39:02.125805+00:00,6.79,14.8,22.55,3977.8231669258626,14.71308672236874,-138.53986082289748,3,1
2012-11-17 21:44:02.125805+00:00,6.38,13.96,21.28,3459.5949098879846,14.433817993389674,-139.0983982808556,3,1
2012-11-17 21:50:02.125805+00:00,7.13,15.51,23.63,3293.005805730291,14.400331084622591,-139.16537209838975,3,1
2012-11-17 21:57:02.125805+00:00,7.52,16.31,24.84,2296.5682465602818,13.64597246400849,-140.67408933961798,3,1
2012-11-18 04:01:02.124575+00:00,18.09,37.52,40.0,3490.308357366519,19.03575430426433,-127.48371499739828,25,1
2012-11-18 04:02:02.124575+00:00,18.65,38.64,40.0,3579.0712644929936,19.048176018860033,-127.45887156820686,28,2
2012-11-18 04:03:02.124575+00:00,4.6,10.2,15.59,4404.533482258379,19.068742620096312,-127.4177383657343,31,3
2012-11-18 04:04:02.124575+00:00,18.49,38.31,40.0,4672.509410661256,19.231964991946363,-127.0912936220342,33,2
2012-11-18 04:05:02.124575+00:00,19.04,39.41,40.0,4819.918303348992,19.27216302533633,-127.01089755525427,36,3
2012-11-18 04:06:02.124575+00:00,21.89,40.0,40.0,5302.030230906591,19.56376695405499,-126.42768969781692,39,3
2012-11-18 04:07:02.124575+00:00,22.41,40.0,40.0,5357.068616040937,19.815063926201915,-125.9250957535231,42,2
2012-11-18 04:08:02.124575+00:00,22.2,40.0,40.0,5516.867724149142,19.829353179937364,-125.8965172460522,44,3
2012-11-18 04:09:02.124575+00:00,22.03,40.0,40.0,6427.379475205563,20.225975597388683,-125.10327241114956,48,3
2012-11-18 04:10:02.124575+00:00,21.86,40.0,40.0,6425.9752457413415,20.25665535174184,-125.04191290244324,49,3
2012-11-18 04:11:02.124575+00:00,21.86,40.0,40.0,6023.801846432172,20.36646835737052,-124.8222868911859,50,2
2012-11-18 04:12:02.124575+00:00,21.89,40.0,40.0,6425.9752457413415,20.777403719243217,-124.00041616744048,51,2
2012-11-18 04:13:02.124575+00:00,22.44,40.0,40.0,7770.798594518155,20.886562564517327,-123.78209847689229,50,3
2012-11-18 04:14:02.124575+00:00,22.83,40.0,40.0,8477.864788440329,21.01262282560323,-123.52997795472048,50,3
2012-11-18 04:15:02.124575+00:00,22.83,40.0,40.0,8591.02430143297,21.01459670490201,-123.5260301961229,49,3
2012-11-18 04:16:02.124575+00:00,23.08,40.0,40.0,8808.224375655893,21.0320282197796,-123.49116716636772,50,2
2012-11-18 04:17:02.124575+00:00,23.08,40.0,40.0,9038.3285768926,21.089923071339506,-123.37537746324791,50,3
2012-11-18 04:18:02.124575+00:00,23.08,40.0,40.0,9348.11315324928,21.275358549340385,-123.00450650724616,50,3
2012-11-18 04:19:02.124575+00:00,23.08,40.0,40.0,10132.310803363676,21.324982043200833,-122.90525951952527,50,3
2012-11-18 04:20:02.124575+00:00,23.01,40.0,40.0,10667.640624392165,21.35092741641787,-122.8533687730912,48,1
2012-11-18 04:21:02.124575+00:00,23.01,40.0,40.0,10619.62800413518,21.32566978552008,-122.90388403488676,49,2
2012-11-18 04:22:02.124575+00:00,22.97,40.0,40.0,9835.430354020784,21.324982043200833,-122.90525951952527,48,2
2012-11-18 04:23:02.124575+00:00,25.98,40.0,40.0,9051.232703906386,21.226422797799177,-123.10237801032856,45,3
2012-11-18 04:24:02.124575+00:00,27.06,40.0,40.0,7844.56365656759,21.12600323390101,-123.30321713812492,43,1
2012-11-18 04:25:02.124575+00:00,26.87,40.0,40.0,7100.285775676596,21.11412704252377,-123.3269695208794,40,3
2012-11-18 04:26:02.124575+00:00,2.68,6.03,9.23,6469.113740181307,21.053842908778005,-123.44753778837092,37,3
2012-11-18 04:27:02.124575+00:00,11.51,24.4,37.02,6448.948722425545,21.051651321717593,-123.45192096249173,34,2
2012-11-18 04:28:02.124575+00:00,34.47,40.0,40.0,6040.389451593119,21.034219806840007,-123.4867839922469,32,3
2012-11-18 04:29:02.124575+00:00,31.05,40.0,40.0,5547.380084846185,21.01262282560323,-123.52997795472048,28,2
2012-11-18 04:30:02.124575+00:00,30.81,40.0,40.0,5266.971849254274,20.85097073212045,-123.85328214168602,28,3
2012-11-18 04:31:02.124575+00:00,30.81,40.0,40.0,5536.593231346896,20.68734475933889,-124.18053408724914,27,2
2012-11-18 04:39:02.124575+00:00,7.95,17.18,26.15,2731.8947481628866,19.64080800754557,-126.27360759083578,8,1
2012-11-18 04:48:02.124575+00:00,15.52,32.4,40.0,1885.9522018004657,16.5474490774524,-132.46032545102213,6,1
2012-11-18 04:52:02.124575+00:00,15.25,31.87,40.0,1876.5539012142976,16.652315437251016,-132.2505927314249,5,1
2012-11-18 04:55:02.124575+00:00,15.61,32.58,40.0,1876.5539012142976,16.652315437251016,-132.2505927314249,5,1
2012-11-18 04:56:02.124575+00:00,15.61,32.58,40.0,1876.5539012142976,16.652315437251016,-132.2505927314249,5,1
2012-11-18 04:57:02.124575+00:00,15.47,32.32,40.0,1876.5539012142976,16.652315437251016,-132.2505927314249,5,1
2012-11-18 18:27:02.123345+00:00,13.72,28.82,40.0,2638.606518064487,19.176383785067756,-131.02607857198643,4,1
2012-11-18 18:28:02.123345+00:00,13.72,28.82,40.0,2638.606518064487,19.176383785067756,-131.02607857198643,4,2
2012-11-18 18:33:02.123345+00:00,22.06,40.0,40.0,2468.444626059365,18.80418298411264,-131.77048017389666,5,1
2012-11-18 18:57:02.123345+00:00,0.0,0.0,0.0,1678.77966705686,17.51877601855245,-134.34129410501703,5,1
2012-11-18 18:58:02.123345+00:00,0.0,0.0,0.0,1678.77966705686,17.51877601855245,-134.34129410501703,5,2
2012-11-18 18:59:02.123345+00:00,0.0,0.0,0.0,1678.77966705686,17.51877601855245,-134.34129410501703,5,1
2012-11-18 19:00:02.123345+00:00,0.0,0.0,0.0,1678.77966705686,17.51877601855245,-134.34129410501703,5,1
2012-11-18 19:18:02.123345+00:00,13.8,28.98,40.0,2658.8003819045407,17.180247122760214,-135.0183518966015,4,1
2012-11-18 19:19:02.123345+00:00,13.8,28.98,40.0,2658.8003819045407,17.180247122760214,-135.0183518966015,4,1
2012-11-18 19:20:02.123345+00:00,13.8,28.98,40.0,2658.8003819045407,17.180247122760214,-135.0183518966015,4,1
2012-11-18 19:24:02.123345+00:00,13.8,28.98,40.0,2965.6259946319356,18.06796803985876,-133.2429100624044,5,1
2012-11-19 18:22:02.120885+00:00,6.02,13.21,20.14,2316.729892331288,14.838582847655983,-142.07300179736163,3,1
2012-11-19 18:28:02.120885+00:00,5.8,12.73,19.42,2592.857028412936,15.117897335206344,-141.5143728222609,3,1
2012-11-19 18:34:02.120885+00:00,5.19,11.44,17.47,3921.700415558294,16.062141428324995,-139.6258846360236,3,1
2012-11-19 18:39:02.120885+00:00,5.15,11.38,17.37,4971.635131933735,16.40653228598046,-138.93710292071268,3,1
2012-11-19 18:44:02.120885+00:00,5.19,11.44,17.47,5229.443257367522,16.663476519084913,-138.42321445450378,3,1
2012-11-19 18:50:02.120885+00:00,5.22,11.51,17.57,5277.370687583584,16.809478352035047,-138.1312107886035,3,1
2012-11-19 19:14:02.120885+00:00,5.01,11.08,16.92,7833.923555931509,17.393320798764623,-136.96352589514436,3,1
2012-11-19 19:20:02.120885+00:00,5.03,11.11,16.97,8313.65003610037,17.493441504648352,-136.7632844833769,3,1
2012-11-19 19:26:02.120885+00:00,4.79,10.61,16.21,8081.757187354663,17.59183518043373,-136.56649713180616,4,1
2012-11-19 19:31:02.120885+00:00,4.83,10.68,16.31,8329.590818777817,17.690228856219107,-136.36970978023538,3,1
2012-11-19 19:36:02.120885+00:00,4.79,10.61,16.21,8304.41379756853,17.535102459499207,-136.6799625736752,4,1
2012-11-19 19:42:02.120885+00:00,4.76,10.54,16.1,7390.093682573124,17.186160675924906,-137.3778461408238,3,1
2012-11-19 19:51:02.120885+00:00,4.84,10.71,16.36,6956.667746878045,17.102084847088662,-137.5459977984963,3,1
2012-11-19 20:00:02.120885+00:00,5.32,11.74,17.92,4191.207973836068,16.01648325245711,-139.71720098775938,3,1
2012-11-19 20:10:02.120885+00:00,6.16,13.49,20.57,2566.066424978349,15.221217136248352,-141.3077332201769,3,1
2012-11-20 05:10:02.129655+00:00,26.78,40.0,40.0,4831.44619663121,19.93757725828531,-131.57208540829004,6,1
2012-11-20 05:11:02.129655+00:00,26.78,40.0,40.0,4831.44619663121,19.93757725828531,-131.57208540829004,6,1
2012-11-20 05:12:02.129655+00:00,26.78,40.0,40.0,4970.697425355618,20.086116972839257,-131.27500597918217,7,1
2012-11-20 05:14:02.129655+00:00,26.78,40.0,40.0,4970.697425355618,20.086116972839257,-131.27500597918217,7,1
2012-11-20 05:16:02.129655+00:00,26.97,40.0,40.0,5837.5413972014385,20.522632545460596,-130.40197483393948,9,2
2012-11-20 05:21:02.129655+00:00,27.25,40.0,40.0,5837.5413972014385,20.086116972839257,-131.27500597918217,9,1
2012-11-20 05:25:02.129655+00:00,27.25,40.0,40.0,5264.868182554121,20.280768194138055,-130.88570353658457,10,1
2012-11-20 05:26:02.129655+00:00,32.02,40.0,40.0,5928.975788352598,20.8809688653318,-129.68530219419708,10,2
2012-11-20 05:27:02.129655+00:00,32.34,40.0,40.0,7217.090267080996,20.8809688653318,-129.68530219419708,10,1
2012-11-20 05:33:02.129655+00:00,32.28,40.0,40.0,7165.756608798393,20.52924725761502,-130.38874540963062,11,1
2012-11-20 05:34:02.129655+00:00,32.21,40.0,40.0,6707.894868216357,20.650873051079884,-130.1454938227009,12,1
2012-11-20 05:35:02.129655+00:00,32.15,40.0,40.0,6250.03312763432,20.52924725761502,-130.38874540963062,11,2
2012-11-20 05:37:02.129655+00:00,4.57,10.13,15.48,5089.500861972351,20.631821767174102,-130.18359639051243,12,1
2012-11-20 05:41:02.129655+00:00,4.59,10.17,15.53,3928.9685963103825,19.956172761074843,-131.534894402711,15,1
2012-11-20 05:42:02.129655+00:00,4.59,10.17,15.53,3928.9685963103825,19.956172761074843,-131.534894402711,15,1
2012-11-20 05:44:02.129655+00:00,4.59,10.17,15.53,3907.802145895592,19.918204268376492,-131.61083138810767,14,1
2012-11-20 05:45:02.129655+00:00,4.59,10.17,15.53,4690.951968983027,20.242710009344933,-130.9618199061708,14,1
2012-11-20 05:46:02.129655+00:00,4.72,10.44,15.95,4690.951968983027,19.918204268376492,-131.61083138810767,14,2
2012-11-20 05:47:02.129655+00:00,4.72,10.44,15.95,3886.6356954808016,19.88023577567814,-131.68676837350438,15,2
2012-11-20 05:48:02.129655+00:00,4.67,10.34,15.79,3907.802145895592,19.87019644303885,-131.70684703878297,16,1
2012-11-20 05:49:02.129655+00:00,4.68,10.37,15.85,3928.9685963103825,19.88023577567814,-131.68676837350438,17,1
2012-11-20 05:53:02.129655+00:00,4.97,10.98,16.77,3886.6356954808016,19.88295137680291,-131.68133717125482,19,1
2012-11-20 05:54:02.129655+00:00,4.95,10.95,16.72,3907.802145895592,19.88159357624053,-131.6840527723796,20,1
2012-11-20 05:56:02.129655+00:00,0.0,0.0,0.0,4136.372239460875,19.88159357624053,-131.6840527723796,20,2
2012-11-20 05:57:02.129655+00:00,0.0,0.0,0.0,4742.483401959088,19.88159357624053,-131.6840527723796,18,2
2012-11-20 05:58:02.129655+00:00,0.0,0.0,0.0,4742.483401959088,19.967070056838946,-131.51309981118277,16,1
2012-11-20 06:00:02.129655+00:00,0.0,0.0,0.0,5098.858020477228,19.88295137680291,-131.68133717125482,19,1
2012-11-20 06:01:02.129655+00:00,0.0,0.0,0.0,4742.483401959088,19.950675538426218,-131.54588884800825,20,2
2012-11-20 06:03:02.129655+00:00,8.11,17.53,26.67,5002.117586713688,19.950675538426218,-131.54588884800825,24,2
2012-11-20 06:04:02.129655+00:00,8.22,17.74,27.0,5002.117586713688,19.878782660115156,-131.68967460463034,24,1
2012-11-20 06:05:02.129655+00:00,8.01,17.31,26.34,4905.377152950148,19.8746139434274,-131.69801203800586,25,2
2012-11-20 06:08:02.129655+00:00,20.2,40.0,40.0,4905.377152950148,19.88295137680291,-131.68133717125482,23,1
2012-11-20 06:09:02.129655+00:00,23.45,40.0,40.0,4711.596112610008,19.8777551464044,-131.69172963205187,24,2
2012-11-20 06:10:02.129655+00:00,23.45,40.0,40.0,4711.596112610008,19.8777551464044,-131.69172963205187,24,1
2012-11-20 06:11:02.129655+00:00,23.49,40.0,40.0,4711.596112610008,19.66334185304583,-132.120556218769,22,2
2012-11-20 06:12:02.129655+00:00,23.49,40.0,40.0,4711.596112610008,19.446703143247063,-132.55383363836654,22,2
2012-11-20 06:13:02.129655+00:00,23.05,40.0,40.0,4905.377152950148,19.452069762664262,-132.54310039953214,21,2
2012-11-20 06:14:02.129655+00:00,23.05,40.0,40.0,4517.815072269869,19.441336523829868,-132.56456687720097,19,1
2012-11-20 06:15:02.129655+00:00,23.08,40.0,40.0,4238.020668530321,19.378908137802146,-132.68942364925638,17,1
2012-11-20 06:18:02.129655+00:00,23.12,40.0,40.0,4200.432737572662,19.441336523829868,-132.56456687720097,21,3
2012-11-20 06:19:02.129655+00:00,21.46,40.0,40.0,4181.636880188619,19.378908137802146,-132.68942364925638,21,1
2012-11-20 06:22:02.129655+00:00,21.36,40.0,40.0,4181.636880188619,19.378908137802146,-132.68942364925638,15,1
2012-11-20 06:26:02.129655+00:00,19.73,40.0,40.0,4181.636880188619,19.441336523829868,-132.56456687720097,13,1
2012-11-20 06:27:02.129655+00:00,19.73,40.0,40.0,4181.636880188619,19.681845200791095,-132.0835495232785,15,2
2012-11-20 06:28:02.129655+00:00,21.11,40.0,40.0,4100.62959761573,19.8808963493814,-131.6854472260979,13,2
2012-11-20 06:32:02.129655+00:00,9.4,20.15,30.63,4063.9066773035943,19.455042931816536,-132.53715406122762,16,1
2012-11-20 06:35:02.129655+00:00,9.4,20.15,30.63,4027.183756991459,19.228240662841973,-132.99075859917673,17,1
2012-11-20 06:36:02.129655+00:00,30.07,40.0,40.0,4063.9066773035943,19.047830825464885,-133.3515782739309,18,2
2012-11-20 06:37:02.129655+00:00,9.32,19.99,30.39,4027.183756991459,19.228240662841973,-132.99075859917673,17,1
2012-11-20 06:39:02.129655+00:00,29.84,40.0,40.0,3808.0586159225186,19.047830825464885,-133.3515782739309,14,1
2012-11-20 06:40:02.129655+00:00,29.84,40.0,40.0,3808.0586159225186,19.047830825464885,-133.3515782739309,14,2
2012-11-20 06:41:02.129655+00:00,29.84,40.0,40.0,3808.0586159225186,19.047830825464885,-133.3515782739309,14,3
2012-11-20 06:42:02.129655+00:00,29.84,40.0,40.0,3808.0586159225186,19.047830825464885,-133.3515782739309,14,1
2012-11-20 06:45:02.129655+00:00,8.99,19.32,29.38,3462.374121439448,18.663030608375223,-134.12117870811022,13,2
2012-11-20 06:53:02.129655+00:00,29.79,40.0,40.0,3097.488171411881,18.095322106512928,-135.25659571183482,4,1
2012-11-20 06:55:02.129655+00:00,32.41,40.0,40.0,4518.54058802855,18.663030608375223,-134.12117870811022,5,1
2012-11-22 22:55:02.123505+00:00,5.68,12.48,19.04,1720.6270755768053,14.416590276148089,-141.8964560788944,3,1
2012-11-22 22:58:02.123505+00:00,5.6,12.32,18.8,1720.6270755768053,14.416590276148089,-141.8964560788944,3,1
2012-11-22 23:03:02.123505+00:00,5.83,12.8,19.52,1691.4287546888145,14.3431170152051,-142.04340260078038,4,1
2012-11-22 23:11:02.123505+00:00,5.92,12.99,19.81,1662.2304338008234,14.416590276148089,-141.8964560788944,3,1
2012-11-24 13:59:02.128586+00:00,6.07,13.3,20.28,2511.2988257695492,14.355522589204275,-141.38180990917076,3,1
2012-11-24 14:05:02.128586+00:00,5.95,13.05,19.9,3106.404931882775,14.839281329543564,-140.41429242849216,4,1
2012-11-24 14:10:02.128586+00:00,5.83,12.8,19.52,3396.3840776068864,15.037960883955286,-140.01693331966874,4,1
2012-11-24 14:15:02.128586+00:00,5.43,11.96,18.26,3712.146781797662,15.20909417145159,-139.67466674467613,4,1
2012-11-24 14:20:02.128586+00:00,5.32,11.74,17.92,3537.6521872849316,15.230050267239807,-139.6327545530997,6,1
2012-11-24 14:23:02.128586+00:00,5.26,11.61,17.72,3554.3250476170747,15.26872168810774,-139.55541171136383,5,1
2012-11-24 14:27:02.128586+00:00,5.0,11.05,16.87,3554.3250476170747,15.26872168810774,-139.55541171136383,5,1
2012-11-24 14:30:02.128586+00:00,4.91,10.85,16.56,3424.379012421726,15.191378846371874,-139.71009739483554,5,1
2012-11-24 14:34:02.128586+00:00,4.26,9.47,14.47,3214.3043773542386,14.843496315244284,-140.40586245709073,5,1
2012-11-24 14:39:02.128586+00:00,3.92,8.74,13.36,2946.1361642091324,14.755769240147313,-140.5813166072847,4,1
2012-11-24 14:43:02.128586+00:00,3.91,8.7,13.3,2677.9679510640262,14.668042165050345,-140.75677075747862,3,1
2012-11-24 14:57:02.128586+00:00,4.01,8.92,13.64,2048.1299652291336,14.382158166773484,-141.32853875403234,3,1
2012-11-24 15:01:02.128586+00:00,4.01,8.92,13.64,2048.1299652291336,14.382158166773484,-141.32853875403234,3,1
2012-11-24 15:05:02.128586+00:00,4.04,9.0,13.76,2124.462265374802,14.46109057052739,-141.17067394652452,4,1
2012-11-24 15:35:02.128586+00:00,0.01,0.04,0.02,2723.158816979849,18.617816895087536,-132.85722129740424,14,1
2012-11-24 15:40:02.128586+00:00,4.68,10.37,15.85,4515.905429602371,19.830828786873692,-130.4311975138319,25,2
2012-11-24 15:41:02.128586+00:00,4.52,10.03,15.32,4692.193662171223,19.9380381558421,-130.21677877589508,28,4
2012-11-24 15:42:02.128586+00:00,4.54,10.06,15.38,5699.827704591448,20.368001572346724,-129.35685194288584,31,2
2012-11-24 15:43:02.128586+00:00,4.42,9.82,15.01,5699.827704591448,20.48212394641737,-129.12860719474455,33,1
2012-11-24 15:44:02.128586+00:00,4.44,9.86,15.06,4883.781883953508,20.4945263006405,-129.1038024862983,36,2
2012-11-24 15:45:02.128586+00:00,4.42,9.82,15.01,4632.553826691713,20.57669776122396,-128.93945956513136,38,1
2012-11-24 15:46:02.128586+00:00,4.42,9.82,15.01,4515.905429602371,20.64646686758429,-128.7999213524107,41,2
2012-11-24 15:47:02.128586+00:00,4.42,9.82,15.01,4533.751021572368,20.64646686758429,-128.7999213524107,43,3
2012-11-24 15:48:02.128586+00:00,4.39,9.75,14.9,4533.751021572368,20.64646686758429,-128.7999213524107,45,3
2012-11-24 15:49:02.128586+00:00,4.41,9.79,14.95,4515.905429602371,20.624928469541516,-128.84299814849626,47,3
2012-11-24 15:50:02.128586+00:00,4.42,9.82,15.01,4515.905429602371,20.624928469541516,-128.84299814849626,47,3
2012-11-24 15:51:02.128586+00:00,4.42,9.82,15.01,4625.633753825148,20.661115914769415,-128.77062325804047,44,2
2012-11-24 15:52:02.128586+00:00,4.49,9.96,15.22,4799.919263275566,20.714327316460427,-128.66420045465844,42,3
2012-11-24 15:53:02.128586+00:00,4.49,9.96,15.22,4883.781883953508,20.80835648557848,-128.47614211642235,40,3
2012-11-24 15:54:02.128586+00:00,4.51,10.0,15.27,4899.081873166944,20.86382330019065,-128.365208487198,39,2
2012-11-24 15:55:02.128586+00:00,4.55,10.1,15.43,4899.081873166944,20.91455190744562,-128.26375127268807,37,4
2012-11-24 15:56:02.128586+00:00,4.54,10.06,15.38,5018.074654547612,20.928443741909646,-128.23596760376,36,2
2012-11-24 15:57:02.128586+00:00,4.73,10.48,16.0,5137.067435928281,20.942335576373672,-128.20818393483196,33,1
2012-11-24 15:58:02.128586+00:00,4.72,10.44,15.95,4899.081873166944,20.91455190744562,-128.26375127268807,31,3
2012-11-24 15:59:02.128586+00:00,4.47,9.93,15.17,4724.436558944493,20.714327316460427,-128.66420045465844,28,2
2012-11-24 16:02:02.128586+00:00,12.39,26.17,39.68,3665.288142532829,20.635697668562905,-128.82145975045347,20,1
2012-11-24 16:10:02.128586+00:00,5.63,12.38,18.89,3678.3456176987343,16.514800363726756,-137.0632543601258,4,1
2012-11-24 16:12:02.128586+00:00,3.75,8.36,12.79,3603.711826485623,15.93453546156973,-138.22378416443985,3,1
2012-11-24 16:16:02.128586+00:00,3.77,8.4,12.84,3603.711826485623,15.93453546156973,-138.22378416443985,3,1
2012-11-24 17:53:02.128586+00:00,4.47,9.93,15.17,3229.460467808918,14.956287410594838,-140.18028026638962,3,1
2012-11-24 18:08:02.128586+00:00,4.64,10.27,15.69,2457.757286366737,14.33086959706218,-141.43111589345494,3,1
2012-11-24 18:15:02.128586+00:00,5.32,11.74,17.92,2234.902245595938,14.169529188794952,-141.7537967099894,3,1
2012-11-24 18:23:02.128586+00:00,5.96,13.08,19.95,2069.5493404673384,14.011142344953576,-142.07057039767216,3,1
2012-11-27 07:35:02.122436+00:00,10.51,22.4,34.01,18617.282883290412,26.75418019622581,-115.01997626963964,4,1
2012-11-27 07:36:02.122436+00:00,10.51,22.4,34.01,18617.282883290412,26.75418019622581,-115.01997626963964,4,2
2012-11-27 07:37:02.122436+00:00,10.51,22.4,34.01,18617.282883290412,26.75418019622581,-115.01997626963964,4,1
2012-11-30 06:07:02.125056+00:00,10.93,23.25,35.29,2586.887796571278,18.11643098650379,-134.01429013770652,21,1
2012-11-30 06:08:02.125056+00:00,28.02,40.0,40.0,2670.003030172601,18.14462173889217,-133.9579086329298,24,3
2012-11-30 06:09:02.125056+00:00,28.67,40.0,40.0,2753.629090085205,18.140823223699712,-133.96550566331467,26,3
2012-11-30 06:10:02.125056+00:00,28.72,40.0,40.0,2780.2456742876025,18.172812491280546,-133.90152712815302,29,2
2012-11-30 06:11:02.125056+00:00,28.57,40.0,40.0,2754.1399163964866,18.172812491280546,-133.90152712815302,31,2
2012-11-30 06:13:02.125056+00:00,28.62,40.0,40.0,2682.8078443604536,18.140823223699712,-133.96550566331467,34,1
2012-11-30 06:14:02.125056+00:00,28.62,40.0,40.0,2682.8078443604536,18.140823223699712,-133.96550566331467,34,2
2012-11-30 06:15:02.125056+00:00,28.52,40.0,40.0,2599.6926107591307,18.10299331163413,-134.04116548744585,36,3
2012-11-30 06:16:02.125056+00:00,28.42,40.0,40.0,2586.887796571278,18.08955563676447,-134.06804083718518,37,2
2012-11-30 06:17:02.125056+00:00,10.4,22.16,33.65,2558.755603684156,18.08955563676447,-134.06804083718518,39,4
2012-11-30 06:18:02.125056+00:00,28.27,40.0,40.0,2320.3186114432465,18.11643098650379,-134.01429013770652,39,2
2012-11-30 06:19:02.125056+00:00,28.42,40.0,40.0,2439.5371075637013,18.10299331163413,-134.04116548744585,38,2
2012-11-30 06:20:02.125056+00:00,10.82,23.01,34.93,2558.755603684156,18.08955563676447,-134.06804083718518,35,3
2012-11-30 06:21:02.125056+00:00,28.67,40.0,40.0,2320.3186114432465,18.06290208543663,-134.12134793984086,33,2
2012-11-30 06:22:02.125056+00:00,28.72,40.0,40.0,2439.5371075637013,18.114058773166132,-134.01903456438183,32,1
2012-11-30 06:23:02.125056+00:00,28.67,40.0,40.0,2558.755603684156,18.16521546089563,-133.91672118892285,31,1
2012-11-30 06:25:02.125056+00:00,29.19,40.0,40.0,2466.408018195115,18.03922099533422,-134.16871012004566,28,2
2012-11-30 06:26:02.125056+00:00,28.78,40.0,40.0,2305.184968165172,18.06290208543663,-134.12134793984086,25,2
2012-11-30 06:27:02.125056+00:00,11.16,23.7,35.96,2190.163783114186,18.03922099533422,-134.16871012004566,22,2
2012-11-30 06:28:02.125056+00:00,10.35,22.06,33.5,2161.7465155601053,18.015539905231808,-134.2160723002505,19,2
2012-11-30 06:29:02.125056+00:00,7.58,16.44,25.03,2047.036379980944,18.015539905231808,-134.2160723002505,17,1
2012-12-01 17:59:02.121366+00:00,10.78,22.94,34.82,6155.2265395653885,19.768035705512816,-129.6564851975895,25,2
2012-12-01 18:00:02.121366+00:00,2.39,5.38,8.23,6184.556738720452,19.89354166536502,-129.40547327788508,27,3
2012-12-01 18:01:02.121366+00:00,14.08,29.55,40.0,7192.998918614614,20.17410766638304,-128.84434127584905,30,2
2012-12-01 18:02:02.121366+00:00,5.11,11.28,17.22,7994.590462674689,20.276059568325135,-128.64043747196484,33,3
2012-12-01 18:03:02.121366+00:00,5.09,11.25,17.17,8268.671179814399,20.276059568325135,-128.64043747196484,35,3
2012-12-01 18:04:02.121366+00:00,5.11,11.28,17.22,8281.782593526776,20.326088025595187,-128.54038055742475,37,2
2012-12-01 18:05:02.121366+00:00,5.32,11.74,17.92,8427.479679807926,20.47977492334817,-128.23300676191877,40,3
2012-12-01 18:06:02.121366+00:00,5.32,11.74,17.92,8419.645682514869,20.476737856218342,-128.23908089617842,43,2
2012-12-01 18:07:02.121366+00:00,5.31,11.7,17.87,8281.782593526776,20.326088025595187,-128.54038055742475,45,2
2012-12-01 18:08:02.121366+00:00,5.28,11.64,17.77,8275.226886670587,20.24681805707402,-128.69892049446707,48,2
2012-12-01 18:09:02.121366+00:00,5.42,11.93,18.21,8427.479679807926,20.401412940906766,-128.3897307268016,50,2
2012-12-01 18:10:02.121366+00:00,5.46,12.03,18.36,8644.19420067405,20.489378543096382,-128.21379952242236,50,2
2012-12-01 18:11:02.121366+00:00,5.46,12.03,18.36,8522.715591412998,20.482811990478,-128.22693262765912,51,3
2012-12-01 18:12:02.121366+00:00,5.49,12.09,18.45,8479.014634256991,20.47977492334817,-128.23300676191877,52,3
2012-12-01 18:13:02.121366+00:00,5.42,11.93,18.21,8419.645682514869,20.476737856218342,-128.23908089617842,51,2
2012-12-01 18:14:02.121366+00:00,5.42,11.93,18.21,8419.645682514869,20.461001089308457,-128.2705544299982,51,2
2012-12-01 18:15:02.121366+00:00,5.42,11.93,18.21,8427.479679807926,20.4688694727634,-128.25481766308832,50,3
2012-12-01 18:16:02.121366+00:00,5.37,11.83,18.06,8427.479679807926,20.486341475966555,-128.219873656682,48,3
2012-12-01 18:17:02.121366+00:00,5.39,11.87,18.11,8419.645682514869,20.461001089308457,-128.2705544299982,45,3
2012-12-01 18:18:02.121366+00:00,5.39,11.87,18.11,8522.715591412998,20.461001089308457,-128.2705544299982,43,2
2012-12-01 18:19:02.121366+00:00,5.31,11.7,17.87,8522.715591412998,20.461001089308457,-128.2705544299982,41,3
2012-12-01 18:20:02.121366+00:00,15.43,32.23,40.0,8409.380550651369,20.426470476291872,-128.33961565603138,40,3
2012-12-01 18:21:02.121366+00:00,19.07,39.46,40.0,7705.827836827012,20.14503841893989,-128.90247977073534,37,3
2012-12-01 18:22:02.121366+00:00,8.1,17.49,26.62,7234.435422960371,19.922590474425416,-129.34737565976428,34,3
2012-12-01 18:23:02.121366+00:00,8.14,17.59,26.76,6856.13445169887,19.922590474425416,-129.34737565976428,32,3
2012-12-01 18:24:02.121366+00:00,7.84,16.97,25.82,6805.784378466524,19.867785894630785,-129.45698481935355,30,2
2012-12-01 18:30:02.121366+00:00,14.92,31.22,40.0,3464.546263708552,17.961905749164295,-133.26874511028657,14,1
2012-12-08 17:21:02.124147+00:00,23.3,40.0,40.0,1996.3445425440216,16.266954310869245,-137.6062628345674,8,1
2012-12-08 17:22:02.124147+00:00,23.67,40.0,40.0,1795.0073091051745,16.229708029559312,-137.68075539718723,10,1
2012-12-08 17:23:02.124147+00:00,24.09,40.0,40.0,1795.0073091051745,16.229708029559312,-137.68075539718723,10,2
2012-12-08 17:24:02.124147+00:00,23.52,40.0,40.0,1818.4358956442363,16.28801686857642,-137.56413771915302,11,1
2012-12-08 17:25:02.124147+00:00,23.45,40.0,40.0,1818.4358956442363,16.28801686857642,-137.56413771915302,11,1
2012-12-08 17:27:02.124147+00:00,23.45,40.0,40.0,1818.4358956442363,16.28801686857642,-137.56413771915302,11,1
2012-12-08 17:30:02.124147+00:00,23.3,40.0,40.0,1818.4358956442363,16.28801686857642,-137.56413771915302,11,1
2012-12-08 17:31:02.124147+00:00,25.55,40.0,40.0,1818.4358956442363,16.362509431196283,-137.41515259391332,11,1
2012-12-08 17:32:02.124147+00:00,25.47,40.0,40.0,1823.731373021229,16.449536458107374,-137.24109854009112,10,1
2012-12-08 17:33:02.124147+00:00,25.42,40.0,40.0,1823.731373021229,16.449536458107374,-137.24109854009112,10,1
2012-12-08 17:40:02.124147+00:00,15.38,32.14,40.0,2156.6259545215457,16.883125854929624,-136.37391974644663,8,1
2012-12-08 17:46:02.124147+00:00,15.81,32.99,40.0,2768.4067534156957,18.622873561672233,-132.89442433296142,6,1
2012-12-08 17:48:02.124147+00:00,15.97,33.31,40.0,2768.4067534156957,18.622873561672233,-132.89442433296142,6,2
2012-12-08 17:54:02.124147+00:00,16.46,34.29,40.0,3052.5884481865223,18.684859200375833,-132.7704530555542,5,1
2012-12-08 17:55:02.124147+00:00,16.44,34.24,40.0,3052.5884481865223,18.684859200375833,-132.7704530555542,5,1
2012-12-16 00:59:02.125697+00:00,15.81,32.99,40.0,8091.242956287883,20.755799717424644,-127.8448299673392,27,3
2012-12-16 01:00:02.125697+00:00,14.31,30.0,40.0,8571.130827486224,20.782615142008275,-127.79119911817192,30,2
2012-12-16 01:01:02.125697+00:00,13.64,28.66,40.0,8896.523652177611,20.817175349237175,-127.72207870371416,32,3
2012-12-16 01:02:02.125697+00:00,12.39,26.17,39.68,9230.229356980544,20.856635985244207,-127.64315743170008,36,2
2012-12-16 01:03:02.125697+00:00,13.78,28.94,40.0,9395.06475927865,20.9564800392416,-127.4434693237053,38,3
2012-12-16 01:04:02.125697+00:00,14.12,29.63,40.0,9864.426416428512,21.00813616169218,-127.34015707880414,40,2
2012-12-16 01:05:02.125697+00:00,14.88,31.14,40.0,10404.44757797585,21.089696784954523,-127.17703583227944,43,3
2012-12-16 01:06:02.125697+00:00,0.01,0.04,0.02,10736.494081823565,21.197053499645097,-126.96232240289832,46,3
2012-12-16 01:07:02.125697+00:00,15.38,32.14,40.0,10977.010295193852,21.306753402449868,-126.74292259728875,48,3
2012-12-16 01:08:02.125697+00:00,14.79,30.97,40.0,10808.066384594984,21.377650652163386,-126.60112809786172,51,2
2012-12-16 01:09:02.125697+00:00,16.46,34.29,40.0,11145.954205792725,21.417963994933483,-126.52050141232152,51,3
2012-12-16 01:10:02.125697+00:00,13.74,28.86,40.0,11236.06125170226,21.48183137161805,-126.39276665895238,52,2
2012-12-16 01:11:02.125697+00:00,13.68,28.74,40.0,12306.257110729131,21.71318912231856,-125.93005115755136,51,3
2012-12-16 01:12:02.125697+00:00,13.68,28.74,40.0,12916.902274153746,21.725197377038153,-125.90603464811218,51,3
2012-12-16 01:13:02.125697+00:00,13.98,29.35,40.0,12611.57969244144,21.729930018665723,-125.89656936485704,50,2
2012-12-16 01:14:02.125697+00:00,14.19,29.75,40.0,11778.186624850376,21.71318912231856,-125.93005115755136,51,3
2012-12-16 01:15:02.125697+00:00,14.35,30.08,40.0,12042.221867789754,21.719193249678355,-125.91804290283176,50,3
2012-12-16 01:16:02.125697+00:00,14.06,29.51,40.0,11778.186624850376,21.71318912231856,-125.93005115755136,51,2
2012-12-16 01:17:02.125697+00:00,14.21,29.79,40.0,11778.186624850376,21.725197377038153,-125.90603464811218,49,3
2012-12-16 01:18:02.125697+00:00,17.19,35.74,40.0,12042.221867789754,21.81200105776822,-125.73242728665204,46,2
2012-12-16 01:19:02.125697+00:00,12.58,26.54,40.0,11552.177461231087,21.729930018665723,-125.89656936485704,44,2
2012-12-16 01:20:02.125697+00:00,20.29,40.0,40.0,11067.117341103392,21.709930822847063,-125.93656775649436,42,2
2012-12-16 01:21:02.125697+00:00,20.14,40.0,40.0,11313.709648898228,21.729930018665723,-125.89656936485704,40,3
2012-12-16 01:22:02.125697+00:00,20.45,40.0,40.0,10630.49419953109,21.461674700233,-126.43308000172247,36,2
2012-12-16 01:23:02.125697+00:00,22.37,40.0,40.0,8743.684732557555,21.376193901775956,-126.60404159863658,34,2
2012-12-16 01:24:02.125697+00:00,7.21,15.66,23.86,8416.938484506869,21.376193901775956,-126.60404159863658,32,3
2012-12-16 01:25:02.125697+00:00,8.31,17.93,27.28,8250.431413769042,21.2223423462842,-126.9117447096201,29,3
2012-12-16 01:26:02.125697+00:00,16.06,33.49,40.0,7716.533801501837,21.04009533575652,-127.27623873067546,28,2
2012-12-16 01:29:02.125697+00:00,10.75,22.87,34.72,5294.641439766095,19.87566565803529,-129.60509808611792,23,1
2012-12-16 01:35:02.125697+00:00,5.63,12.38,18.89,2106.557971729209,17.619656097993104,-134.1171172062023,9,1
2012-12-16 01:36:02.125697+00:00,4.98,11.01,16.82,1747.7981687861188,17.31334897245728,-134.72973145727394,6,1
2012-12-16 01:38:02.125697+00:00,4.97,10.98,16.77,1816.319506979334,17.22611488400169,-134.90419963418512,5,1
2012-12-16 01:39:02.125697+00:00,19.49,40.0,40.0,1816.319506979334,17.22611488400169,-134.90419963418512,5,1
2012-12-27 02:57:02.128638+00:00,19.04,39.41,40.0,1983.902885854921,18.55333988889651,-127.8301691929746,10,1
2012-12-27 02:58:02.128638+00:00,18.98,39.3,40.0,1937.1506611647037,18.391555162033505,-128.15373864670062,11,1
2012-12-27 02:59:02.128638+00:00,32.47,40.0,40.0,1984.4567027700969,18.391555162033505,-128.15373864670062,13,1
2012-12-27 03:02:02.128638+00:00,4.87,10.78,16.46,2497.0360747593004,18.86412862011577,-127.20859173053609,20,1
2012-12-27 03:03:02.128638+00:00,4.95,10.95,16.72,2497.0360747593004,18.86412862011577,-127.20859173053609,22,1
2012-12-27 03:04:02.128638+00:00,5.86,12.86,19.62,2497.0360747593004,18.86412862011577,-127.20859173053609,24,1
2012-12-27 03:05:02.128638+00:00,14.46,30.29,40.0,3078.299657491716,19.067817363177948,-126.80121424441174,27,1
2012-12-27 03:06:02.128638+00:00,14.48,30.33,40.0,3078.299657491716,19.115241404601132,-126.70636616156536,29,2
2012-12-27 03:07:02.128638+00:00,14.56,30.5,40.0,3091.215219295502,19.21346858960461,-126.50991179155842,30,2
2012-12-27 03:08:02.128638+00:00,14.52,30.42,40.0,3091.215219295502,19.21346858960461,-126.50991179155842,30,1
2012-12-27 03:09:02.128638+00:00,14.9,31.18,40.0,3091.215219295502,19.28748426173689,-126.36188044729386,32,2
2012-12-27 03:10:02.128638+00:00,14.9,31.18,40.0,3078.299657491716,19.263272748865692,-126.41030347303624,33,2
2012-12-27 03:11:02.128638+00:00,14.9,31.18,40.0,3056.383859853302,19.189257076733412,-126.55833481730082,34,2
2012-12-27 03:12:02.128638+00:00,15.05,31.48,40.0,3078.299657491716,19.263272748865692,-126.41030347303624,35,3
2012-12-27 03:13:02.128638+00:00,15.29,31.96,40.0,3056.383859853302,19.28748426173689,-126.36188044729386,36,2
2012-12-27 03:14:02.128638+00:00,15.32,32.01,40.0,2967.867815627484,19.28748426173689,-126.36188044729386,36,2
2012-12-27 03:15:02.128638+00:00,15.29,31.96,40.0,2901.2675690400797,19.31169577460808,-126.31345742155148,35,3
2012-12-27 03:16:02.128638+00:00,15.29,31.96,40.0,2901.2675690400797,19.31169577460808,-126.31345742155148,33,2
2012-12-27 03:18:02.128638+00:00,15.32,32.01,40.0,3056.383859853302,19.497143374858847,-125.94256222104994,30,3
2012-12-27 03:19:02.128638+00:00,15.07,31.53,40.0,3056.383859853302,19.497143374858847,-125.94256222104994,28,3
2012-12-27 03:21:02.128638+00:00,16.39,34.14,40.0,2776.0591050820967,19.39183240947204,-126.15318415182357,24,1
2012-12-27 03:22:02.128638+00:00,16.39,34.14,40.0,2901.2675690400797,19.31169577460808,-126.31345742155148,21,2
2012-12-27 03:23:02.128638+00:00,16.11,33.58,40.0,2901.2675690400797,19.31169577460808,-126.31345742155148,19,1
2012-12-27 03:24:02.128638+00:00,15.88,33.13,40.0,2901.2675690400797,19.31169577460808,-126.31345742155148,17,1
2012-12-28 02:25:02.126178+00:00,11.99,25.36,38.47,1784.068717339389,16.28509836217094,-134.6690737508428,3,1
2012-12-29 23:32:02.122489+00:00,4.64,10.27,15.69,4053.479401078166,19.74335609168827,-129.3373006764439,25,1
2012-12-29 23:33:02.122489+00:00,0.01,0.01,0.02,4226.2325975010535,19.78771094639072,-129.24859096703898,28,3
2012-12-29 23:34:02.122489+00:00,0.01,0.04,0.02,4808.391178157282,20.28807311505675,-128.24786662970692,32,3
2012-12-29 23:35:02.122489+00:00,0.01,0.01,0.02,6020.187192596592,20.85342351322514,-127.11716583337017,34,2
2012-12-29 23:36:02.122489+00:00,0.01,0.04,0.02,6580.099584688514,21.094909729820852,-126.63419340017872,36,1
2012-12-29 23:37:02.122489+00:00,0.01,0.04,0.02,7016.76177266841,21.039185570189076,-126.74564171944228,39,3
2012-12-29 23:38:02.122489+00:00,0.01,0.01,0.02,7016.76177266841,21.150633889452628,-126.52274508091516,41,3
2012-12-29 23:39:02.122489+00:00,0.01,0.01,0.02,6143.437396708618,21.039185570189076,-126.74564171944228,43,2
2012-12-29 23:40:02.122489+00:00,0.01,0.01,0.02,5823.054031715941,20.81606950300832,-127.1918738538038,46,3
2012-12-29 23:41:02.122489+00:00,0.01,0.01,0.02,5969.589556214826,20.979510043464916,-126.8649927728906,48,3
2012-12-29 23:42:02.122489+00:00,0.01,0.01,0.02,5708.652474408869,20.919834516740757,-126.98434382633891,51,3
2012-12-29 23:43:02.122489+00:00,0.01,0.01,0.02,5823.054031715941,20.98646398567073,-126.85108488847897,50,3
2012-12-29 23:44:02.122489+00:00,0.01,0.01,0.02,5937.455589023014,21.039185570189076,-126.74564171944228,49,3
2012-12-29 23:45:02.122489+00:00,0.01,0.01,0.02,6001.723523406638,21.150633889452628,-126.52274508091516,47,2
2012-12-29 23:46:02.122489+00:00,0.01,0.01,0.02,6072.580460057628,21.16018705519849,-126.50363874942344,46,2
2012-12-29 23:47:02.122489+00:00,0.01,0.01,0.02,6299.217681691169,21.18105363567921,-126.46190558846202,44,3
2012-12-29 23:48:02.122489+00:00,0.01,0.01,0.02,6454.99796667372,21.264629687102815,-126.29475348561482,41,2
2012-12-29 23:49:02.122489+00:00,0.01,0.01,0.02,7165.465514193904,21.34328044116493,-126.13745197749056,38,3
2012-12-29 23:50:02.122489+00:00,13.6,28.58,40.0,7165.465514193904,21.34328044116493,-126.13745197749056,36,2
2012-12-29 23:51:02.122489+00:00,13.13,27.64,40.0,6299.217681691169,21.228498368758437,-126.36701612230355,32,2
2012-12-29 23:52:02.122489+00:00,11.81,25.0,37.93,6072.580460057628,21.228498368758437,-126.36701612230355,30,3
2012-12-29 23:53:02.122489+00:00,23.52,40.0,40.0,5937.455589023014,21.192367050414056,-126.43927875899232,27,2
2012-12-29 23:54:02.122489+00:00,26.87,40.0,40.0,5642.766075897178,20.919834516740757,-126.98434382633891,23,1
2012-12-30 03:51:02.121259+00:00,24.64,40.0,40.0,2265.449901425127,17.95517449769916,-131.74307751968828,6,1
2012-12-30 03:52:02.121259+00:00,24.6,40.0,40.0,2265.449901425127,17.95517449769916,-131.74307751968828,6,1
2012-12-30 03:54:02.121259+00:00,24.41,40.0,40.0,2265.449901425127,17.95517449769916,-131.74307751968828,8,1
2012-12-30 03:59:02.121259+00:00,24.68,40.0,40.0,2265.449901425127,18.103601923951526,-131.44622266718355,10,2
2012-12-30 04:01:02.121259+00:00,24.72,40.0,40.0,2265.449901425127,18.103601923951526,-131.44622266718355,10,1
2012-12-30 04:03:02.121259+00:00,24.72,40.0,40.0,2274.124323448784,18.182095030411485,-131.28923645426363,9,1
2012-12-30 04:04:02.121259+00:00,24.72,40.0,40.0,2274.124323448784,18.182095030411485,-131.28923645426363,9,1
2012-12-30 04:05:02.121259+00:00,24.72,40.0,40.0,2295.646019303124,18.196619517358418,-131.26018748036978,8,1
2012-12-30 04:06:02.121259+00:00,24.72,40.0,40.0,2295.646019303124,18.196619517358418,-131.26018748036978,8,1
2012-12-30 04:10:02.121259+00:00,8.81,18.94,28.8,1951.6506540362636,18.182095030411485,-131.28923645426363,7,1
2012-12-30 04:20:02.121259+00:00,8.81,18.94,28.8,2032.180738799818,16.478456910708584,-134.69651269366943,4,1
2012-12-30 04:28:02.121259+00:00,7.49,16.25,24.75,2305.221267446168,16.5563971093436,-134.5406322963994,5,1
2012-12-30 04:29:02.121259+00:00,7.49,16.25,24.75,2305.221267446168,16.5563971093436,-134.5406322963994,5,1
2012-12-30 04:30:02.121259+00:00,6.29,13.77,21.0,2499.722547357849,17.29676039868375,-133.0599057177191,4,1
2012-12-30 04:31:02.121259+00:00,6.29,13.77,21.0,2499.722547357849,17.29676039868375,-133.0599057177191,4,1
2012-12-30 05:18:02.121259+00:00,1.21,2.74,4.2,2298.147240938631,16.280221502379614,-135.09298351032737,3,1
2012-12-30 05:21:02.121259+00:00,1.21,2.74,4.2,2653.859018965006,16.67775796179599,-134.29791059149463,3,1
2012-12-31 05:57:02.128799+00:00,28.47,40.0,40.0,2875.537429487837,18.19879334145185,-134.39629158952857,3,1
2012-12-31 05:58:02.128799+00:00,28.47,40.0,40.0,2875.537429487837,18.19879334145185,-134.39629158952857,3,1
2012-12-31 05:59:02.128799+00:00,28.47,40.0,40.0,2875.537429487837,18.19879334145185,-134.39629158952857,3,1
2013-01-01 13:22:02.125109+00:00,14.92,31.22,40.0,2188.031885949821,18.005242478503213,-133.4591147931099,14,2
2013-01-01 13:23:02.125109+00:00,15.23,31.83,40.0,2164.2094527905256,18.101186706402792,-133.26722633731077,15,1
2013-01-01 13:24:02.125109+00:00,15.16,31.7,40.0,2101.8651577087235,18.02742655184676,-133.41474664642283,17,1
2013-01-01 13:25:02.125109+00:00,15.14,31.66,40.0,1987.4326010615764,18.06430662912478,-133.3409864918668,18,2
2013-01-01 13:26:02.125109+00:00,14.75,30.88,40.0,1873.000044414429,18.02742655184676,-133.41474664642283,19,2
2013-01-01 13:27:02.125109+00:00,14.62,30.63,40.0,1873.000044414429,18.02742655184676,-133.41474664642283,19,3
2013-01-01 13:28:02.125109+00:00,14.64,30.67,40.0,1873.000044414429,18.02742655184676,-133.41474664642283,19,2
2013-01-01 13:31:02.125109+00:00,14.16,29.71,40.0,1873.000044414429,18.02742655184676,-133.41474664642283,19,1
2013-01-01 13:33:02.125109+00:00,13.86,29.1,40.0,1987.4326010615764,18.06430662912478,-133.3409864918668,16,1
2013-01-01 13:34:02.125109+00:00,13.52,28.42,40.0,1873.000044414429,18.02742655184676,-133.41474664642283,15,3
2013-01-01 13:36:02.125109+00:00,15.99,33.35,40.0,1871.3250354094744,18.02742655184676,-133.41474664642283,13,1
2013-01-04 07:01:02.128959+00:00,30.64,40.0,40.0,3549.592955351814,19.061259610910433,-130.81458818476517,3,1
2013-01-04 07:29:02.128959+00:00,7.45,16.16,24.61,3047.1781345545173,18.30181367554889,-132.33348005548828,7,1
2013-01-04 07:30:02.128959+00:00,7.45,16.16,24.61,2841.956904529875,18.60062280176661,-131.73586180305284,8,1
2013-01-04 07:31:02.128959+00:00,7.45,16.16,24.61,2636.735674505232,18.30181367554889,-132.33348005548828,9,1
2013-01-04 07:32:02.128959+00:00,7.45,16.16,24.61,2747.3979219472676,18.400103505323564,-132.13690039593894,10,1
2013-01-04 07:33:02.128959+00:00,7.16,15.57,23.72,2858.0601693893036,18.498393335098235,-131.9403207363896,11,1
2013-01-04 07:34:02.128959+00:00,7.16,15.57,23.72,2952.6191519719105,18.515299837432114,-131.90650773172183,12,1
2013-01-04 07:35:02.128959+00:00,7.16,15.57,23.72,2952.6191519719105,18.515299837432114,-131.90650773172183,12,1
2013-01-04 07:40:02.128959+00:00,7.16,15.57,23.72,3047.1781345545173,18.53220633976599,-131.87269472705407,15,2
2013-01-04 07:42:02.128959+00:00,16.89,35.15,40.0,3098.791448009937,18.580026657281746,-131.77705409202258,16,2
2013-01-04 07:43:02.128959+00:00,16.87,35.1,40.0,3098.791448009937,18.580026657281746,-131.77705409202258,16,1
2013-01-04 07:46:02.128959+00:00,16.87,35.1,40.0,2858.0601693893036,18.53220633976599,-131.87269472705407,13,3
2013-01-04 07:47:02.128959+00:00,16.87,35.1,40.0,2858.0601693893036,18.53220633976599,-131.87269472705407,13,1
2013-01-04 07:49:02.128959+00:00,16.87,35.1,40.0,2858.0601693893036,18.53220633976599,-131.87269472705407,13,1
2013-01-04 07:50:02.128959+00:00,16.87,35.1,40.0,2858.0601693893036,18.53220633976599,-131.87269472705407,13,2
2013-01-04 07:51:02.128959+00:00,16.85,35.05,40.0,3004.2324654273298,18.580026657281746,-131.77705409202258,12,1
2013-01-04 07:59:02.128959+00:00,5.96,13.08,19.95,2557.8130681498687,18.627846974797492,-131.68141345699107,7,1
2013-01-04 08:04:02.128959+00:00,17.47,36.29,40.0,2579.287114773693,18.388361397139597,-132.16038461230687,5,2
2013-01-04 08:11:02.128959+00:00,8.6,18.53,28.18,2946.8832257325907,18.52264262090123,-131.8918221647836,7,1
2013-01-04 08:13:02.128959+00:00,8.6,18.53,28.18,2946.8832257325907,18.52264262090123,-131.8918221647836,7,1
2013-01-04 08:15:02.128959+00:00,8.62,18.56,28.23,2946.8832257325907,18.927339614421243,-131.08242817774357,5,2
2013-01-04 08:16:02.128959+00:00,8.62,18.56,28.23,2946.8832257325907,18.927339614421243,-131.08242817774357,5,1
2013-01-05 05:26:02.126499+00:00,15.67,32.72,40.0,2769.6344920867705,18.71991736643174,-135.1796312492069,7,1
2013-01-05 05:30:02.126499+00:00,14.19,29.75,40.0,2769.6344920867705,18.71991736643174,-135.1796312492069,7,1
2013-01-05 05:31:02.126499+00:00,14.19,29.75,40.0,2769.6344920867705,18.71991736643174,-135.1796312492069,7,2
2013-01-05 05:32:02.126499+00:00,14.19,29.75,40.0,2769.6344920867705,18.71991736643174,-135.1796312492069,7,1
2013-01-05 05:36:02.126499+00:00,13.56,28.5,40.0,3582.6395098027274,18.71991736643174,-135.1796312492069,9,1
2013-01-05 05:39:02.126499+00:00,13.64,28.66,40.0,3285.2720176175153,18.86777889388814,-134.8839081942941,11,1
2013-01-05 05:44:02.126499+00:00,0.01,0.01,0.02,3505.821530080522,19.46716323131949,-133.6851395194314,13,1
2013-01-05 05:45:02.126499+00:00,0.01,0.01,0.02,3505.821530080522,19.46716323131949,-133.6851395194314,13,1
2013-01-05 05:46:02.126499+00:00,0.01,0.01,0.02,4117.237336803176,19.46716323131949,-133.6851395194314,13,1
2013-01-05 05:48:02.126499+00:00,0.01,0.04,0.02,4117.237336803176,19.429466525519672,-133.76053293103104,15,2
2013-01-05 05:50:02.126499+00:00,0.01,0.04,0.02,3811.5294334418486,19.396591890058552,-133.8262822019533,14,1
2013-01-05 05:51:02.126499+00:00,0.01,0.04,0.02,3811.5294334418486,19.396591890058552,-133.8262822019533,14,2
2013-01-05 05:52:02.126499+00:00,0.01,0.04,0.02,3811.5294334418486,19.396591890058552,-133.8262822019533,14,1
2013-01-05 05:53:02.126499+00:00,0.01,0.04,0.02,3811.5294334418486,19.396591890058552,-133.8262822019533,14,2
2013-01-05 05:56:02.126499+00:00,0.01,0.04,0.02,3811.5294334418486,19.396591890058552,-133.8262822019533,12,1
2013-01-05 05:57:02.126499+00:00,0.01,0.04,0.02,3811.5294334418486,19.396591890058552,-133.8262822019533,12,1
2013-01-05 05:58:02.126499+00:00,0.01,0.04,0.02,4117.237336803176,19.429466525519672,-133.76053293103104,11,1
2013-01-05 06:04:02.126499+00:00,23.01,40.0,40.0,4163.718571141309,19.386303057150737,-133.8468598677689,4,1
2013-01-05 08:06:02.126499+00:00,0.01,0.04,0.04,4072.444135695008,20.32239608185534,-131.9746738183597,7,1
2013-01-05 08:09:02.126499+00:00,0.01,0.04,0.04,4072.444135695008,20.32239608185534,-131.9746738183597,9,1
2013-01-05 08:10:02.126499+00:00,0.01,0.04,0.04,4212.495672335816,19.904504517636973,-132.81045694679642,10,1
2013-01-05 08:13:02.126499+00:00,0.01,0.04,0.04,4212.495672335816,19.904504517636973,-132.81045694679642,10,1
2013-01-05 08:14:02.126499+00:00,0.01,0.04,0.04,4072.444135695008,19.679100893671983,-133.2612641947264,11,1
2013-01-05 08:15:02.126499+00:00,0.01,0.04,0.04,4072.444135695008,19.679100893671983,-133.2612641947264,11,2
2013-01-05 08:17:02.126499+00:00,0.01,0.04,0.04,4212.495672335816,20.000748487763666,-132.61796900654303,10,1
2013-01-05 08:18:02.126499+00:00,0.01,0.04,0.04,4212.495672335816,20.000748487763666,-132.61796900654303,10,1
2013-01-05 08:19:02.126499+00:00,0.01,0.04,0.04,4212.495672335816,20.000748487763666,-132.61796900654303,10,1
2013-01-05 08:23:02.126499+00:00,0.01,0.04,0.04,2838.4447873072377,19.4866129534186,-133.64624007523318,9,1
2013-01-05 08:29:02.126499+00:00,24.52,40.0,40.0,3877.554785406869,19.455918504757584,-133.7076289725552,10,1
2013-01-05 08:34:02.126499+00:00,5.23,11.54,17.62,3877.554785406869,19.282684208023785,-134.0540975660228,8,2
2013-01-05 08:35:02.126499+00:00,5.23,11.54,17.62,3877.554785406869,19.282684208023785,-134.0540975660228,8,1
2013-01-05 08:36:02.126499+00:00,5.37,11.83,18.06,3304.0132209481653,19.150402663704355,-134.31866065466164,10,1
2013-01-05 08:37:02.126499+00:00,5.37,11.83,18.06,3304.0132209481653,19.150402663704355,-134.31866065466164,10,1
2013-01-05 08:38:02.126499+00:00,5.37,11.83,18.06,3304.0132209481653,19.150402663704355,-134.31866065466164,10,2
2013-01-05 08:45:02.126499+00:00,16.85,35.05,40.0,3300.7287927925427,18.946649038095657,-134.72616790587907,6,1
2013-01-05 08:46:02.126499+00:00,0.01,0.04,0.02,2681.92046048386,18.732637108733595,-135.15419176460318,5,1
2013-01-05 18:30:02.125269+00:00,25.68,40.0,40.0,5022.608074844324,20.152697588345355,-129.118974143909,26,2
2013-01-05 18:31:02.125269+00:00,26.83,40.0,40.0,5892.006805970552,20.25584152350384,-128.91268627359204,29,4
2013-01-05 18:32:02.125269+00:00,25.85,40.0,40.0,5743.249049577964,20.451433012528632,-128.52150329554246,32,2
2013-01-05 18:33:02.125269+00:00,26.11,40.0,40.0,5402.845419925419,20.311419918237583,-128.80152948412453,35,2
2013-01-05 18:34:02.125269+00:00,26.33,40.0,40.0,5498.668356555398,20.344434003346265,-128.73550131390718,38,2
2013-01-05 18:35:02.125269+00:00,25.59,40.0,40.0,5498.668356555398,20.306988041990454,-128.81039323661878,40,3
2013-01-05 18:36:02.125269+00:00,25.55,40.0,40.0,5325.702436973023,20.30352298169379,-128.81732335721213,42,3
2013-01-05 18:37:02.125269+00:00,25.59,40.0,40.0,5203.492189472353,20.279198844623583,-128.86597163135255,44,2
2013-01-05 18:38:02.125269+00:00,25.68,40.0,40.0,4916.489996504672,20.279198844623583,-128.86597163135255,46,3
2013-01-05 18:39:02.125269+00:00,25.64,40.0,40.0,4579.041930826012,20.255804100056288,-128.91276112048712,48,2
2013-01-05 18:40:02.125269+00:00,25.68,40.0,40.0,4467.126825035014,20.24819406380508,-128.9279811929895,50,2
2013-01-05 18:41:02.125269+00:00,25.68,40.0,40.0,4579.041930826012,20.24819406380508,-128.9279811929895,48,3
2013-01-05 18:42:02.125269+00:00,25.51,40.0,40.0,4483.528793566758,20.255766676608737,-128.91283596738222,45,4
2013-01-05 18:43:02.125269+00:00,25.55,40.0,40.0,4483.528793566758,20.25584152350384,-128.91268627359204,43,2
2013-01-05 18:44:02.125269+00:00,25.55,40.0,40.0,4674.555068085264,20.30255616574333,-128.81925698911306,41,3
2013-01-05 18:45:02.125269+00:00,25.59,40.0,40.0,4674.555068085264,20.304489797644244,-128.8153897253112,39,2
2013-01-05 18:46:02.125269+00:00,25.64,40.0,40.0,5203.492189472353,20.407069947670585,-128.61022942525852,36,2
2013-01-05 18:47:02.125269+00:00,25.59,40.0,40.0,5203.492189472353,20.407069947670585,-128.61022942525852,34,2
2013-01-05 18:48:02.125269+00:00,2.17,4.88,7.48,4674.555068085264,20.304489797644244,-128.8153897253112,31,3
2013-01-05 18:49:02.125269+00:00,1.52,3.43,5.26,4414.492069313107,20.279161421176035,-128.86604647824765,28,1
2013-01-05 18:50:02.125269+00:00,0.01,0.01,0.02,3864.063172539912,20.24819406380508,-128.9279811929895,26,3
2013-01-06 08:43:02.124039+00:00,2.85,6.41,9.81,1991.017255022145,16.59383904607781,-136.55887331027122,3,1
2013-01-08 08:31:02.129119+00:00,17.22,35.79,40.0,3171.368741235905,18.98658347879026,-133.78421522079935,4,1
2013-01-08 08:33:02.129119+00:00,17.22,35.79,40.0,2554.132752011363,19.10696195664303,-133.54345826509382,5,1
2013-01-08 08:34:02.129119+00:00,17.22,35.79,40.0,2554.132752011363,19.10696195664303,-133.54345826509382,5,1
2013-01-08 08:39:02.129119+00:00,9.09,19.51,29.67,2554.132752011363,19.16853831950855,-133.4203055393628,7,1
2013-01-08 08:42:02.129119+00:00,9.09,19.51,29.67,2554.132752011363,19.19650842074845,-133.36436533688297,7,1
2013-01-08 08:45:02.129119+00:00,9.06,19.45,29.57,3434.5616106067027,19.722433716636573,-132.31251474510674,6,1
2013-01-08 08:48:02.129119+00:00,9.06,19.45,29.57,3434.5616106067027,19.722433716636573,-132.31251474510674,6,1
2013-01-08 08:51:02.129119+00:00,9.04,19.42,29.52,2765.073241564372,19.81694004102639,-132.12350209632712,5,1
2013-01-08 08:53:02.129119+00:00,9.04,19.42,29.52,3886.711162859766,19.843895491504668,-132.06959119537055,4,1
2013-01-08 09:04:02.129119+00:00,25.42,40.0,40.0,1896.7517980013504,18.46214810898589,-134.8330859604081,6,2
2013-01-08 09:06:02.129119+00:00,4.57,10.13,15.48,1896.7517980013504,18.46214810898589,-134.8330859604081,6,1
2013-01-08 09:07:02.129119+00:00,4.68,10.37,15.85,1896.7517980013504,18.46214810898589,-134.8330859604081,6,1
2013-01-08 09:08:02.129119+00:00,4.68,10.37,15.85,1896.7517980013504,18.46214810898589,-134.8330859604081,6,1
2013-01-08 09:10:02.129119+00:00,4.7,10.41,15.9,1896.7517980013504,18.46214810898589,-134.8330859604081,6,1
2013-01-12 16:02:02.128050+00:00,21.76,40.0,40.0,4308.917573266574,19.00160262105784,-127.69549281921871,23,1
2013-01-12 16:03:02.128050+00:00,20.54,40.0,40.0,4550.790020850097,19.162146882380988,-127.37440429657242,25,1
2013-01-12 16:04:02.128050+00:00,23.52,40.0,40.0,5512.600446758728,19.27556872864431,-127.14756060404578,28,3
2013-01-12 16:05:02.128050+00:00,25.34,40.0,40.0,6162.154359924509,19.433540847254537,-126.83161636682532,30,2
2013-01-12 16:06:02.128050+00:00,3.61,8.05,12.32,6347.093945900194,19.64753368934257,-126.40363068264924,33,2
2013-01-12 16:07:02.128050+00:00,3.55,7.93,12.14,7451.327048914973,19.796727577099727,-126.10524290713494,36,3
2013-01-12 16:08:02.128050+00:00,3.52,7.86,12.01,7246.237069223075,19.886495300488356,-125.92570746035769,39,2
2013-01-12 16:09:02.128050+00:00,3.42,7.65,11.71,7246.237069223075,20.215319727872693,-125.26805860558902,41,3
2013-01-12 16:10:02.128050+00:00,3.52,7.86,12.01,6381.515024660204,20.050907514180523,-125.59688303297337,44,2
2013-01-12 16:11:02.128050+00:00,3.57,7.97,12.2,6347.093945900194,19.822873503752646,-126.05295105382908,47,3
2013-01-12 16:12:02.128050+00:00,3.57,7.97,12.2,6110.904334239368,19.770581650446807,-126.15753476044078,49,3
2013-01-12 16:13:02.128050+00:00,3.55,7.93,12.14,6347.093945900194,19.818790460271476,-126.06111714079144,51,1
2013-01-12 16:14:02.128050+00:00,3.59,8.01,12.26,6357.925244272972,19.822873503752646,-126.05295105382908,53,3
2013-01-12 16:15:02.128050+00:00,3.53,7.9,12.07,6357.925244272972,19.822873503752646,-126.05295105382908,53,3
2013-01-12 16:16:02.128050+00:00,3.46,7.74,11.83,6381.515024660204,19.8546844021205,-125.9893292570934,52,3
2013-01-12 16:17:02.128050+00:00,3.4,7.61,11.65,6347.093945900194,19.886495300488356,-125.92570746035769,51,2
2013-01-12 16:18:02.128050+00:00,3.44,7.7,11.77,6347.093945900194,19.887106728047925,-125.92448460523856,49,3
2013-01-12 16:19:02.128050+00:00,3.48,7.78,11.89,6357.925244272972,20.215319727872693,-125.26805860558902,47,2
2013-01-12 16:20:02.128050+00:00,4.14,9.22,14.09,6347.093945900194,20.215319727872693,-125.26805860558902,45,3
2013-01-12 16:21:02.128050+00:00,4.21,9.36,14.31,6313.736433805644,20.215319727872693,-125.26805860558902,43,3
2013-01-12 16:22:02.128050+00:00,4.18,9.29,14.2,6243.961916404845,19.88680101426814,-125.92509603279812,40,3
2013-01-12 16:23:02.128050+00:00,4.11,9.14,13.98,6243.961916404845,19.88680101426814,-125.92509603279812,38,3
2013-01-12 16:24:02.128050+00:00,3.77,8.4,12.84,6110.904334239368,19.818790460271476,-126.06111714079144,35,3
2013-01-12 16:25:02.128050+00:00,3.96,8.81,13.47,6022.533837428079,19.76049869381763,-126.17770067369912,33,2
2013-01-12 16:26:02.128050+00:00,16.39,34.14,40.0,5397.127580675584,19.591880589485967,-126.51493688236246,30,2
2013-01-12 16:27:02.128050+00:00,15.63,32.63,40.0,4537.350865426905,19.42116127223973,-126.85637551685494,27,1
2013-01-12 16:28:02.128050+00:00,15.4,32.18,40.0,4560.588684592754,19.35086053384145,-126.99697699365149,24,1
2013-01-15 03:00:02.121900+00:00,7.24,15.73,23.95,5845.359561382366,21.044762836929237,-132.2545325587491,7,1
2013-01-15 03:02:02.121900+00:00,7.24,15.73,23.95,5845.359561382366,21.044762836929237,-132.2545325587491,7,1
2013-01-15 03:03:02.121900+00:00,7.24,15.73,23.95,5845.359561382366,21.044762836929237,-132.2545325587491,7,1
2013-01-15 03:04:02.121900+00:00,7.24,15.73,23.95,5845.359561382366,21.044762836929237,-132.2545325587491,7,1
2013-01-15 03:06:02.121900+00:00,7.24,15.73,23.95,5845.359561382366,21.044762836929237,-132.2545325587491,7,2
2013-01-15 03:07:02.121900+00:00,7.24,15.73,23.95,5845.359561382366,21.044762836929237,-132.2545325587491,7,1
2013-01-16 02:39:02.129440+00:00,5.28,11.64,17.77,17039.174156642002,24.87338697412341,-123.70928174509112,4,1
2013-01-16 02:40:02.129440+00:00,5.28,11.64,17.77,17039.174156642002,24.87338697412341,-123.70928174509112,4,2
2013-01-16 02:41:02.129440+00:00,5.28,11.64,17.77,17039.174156642002,24.87338697412341,-123.70928174509112,4,1
2013-01-18 12:29:02.123290+00:00,5.31,11.7,17.87,2456.1803798104384,17.692104484700927,-131.7950126575527,17,1
2013-01-18 12:30:02.123290+00:00,5.31,11.7,17.87,2393.530339958238,17.59321798073521,-131.99278566548412,18,3
2013-01-18 12:31:02.123290+00:00,5.31,11.7,17.87,2393.530339958238,17.59321798073521,-131.99278566548412,18,2
2013-01-18 12:32:02.123290+00:00,5.31,11.7,17.87,2393.530339958238,17.59321798073521,-131.99278566548412,18,2
2013-01-18 12:33:02.123290+00:00,5.32,11.74,17.92,2393.530339958238,17.59321798073521,-131.99278566548412,18,2
2013-01-18 12:34:02.123290+00:00,5.34,11.77,17.96,2393.530339958238,17.59321798073521,-131.99278566548412,18,2
2013-01-18 12:35:02.123290+00:00,5.36,11.8,18.01,2393.530339958238,17.59321798073521,-131.99278566548412,18,1
2013-01-18 12:36:02.123290+00:00,5.32,11.74,17.92,2393.530339958238,17.59321798073521,-131.99278566548412,18,1
2013-01-18 12:37:02.123290+00:00,5.34,11.77,17.96,2393.530339958238,17.59321798073521,-131.99278566548412,18,1
2013-01-18 12:38:02.123290+00:00,5.31,11.7,17.87,2393.530339958238,17.59321798073521,-131.99278566548412,18,2
2013-01-18 12:39:02.123290+00:00,5.36,11.8,18.01,2456.1803798104384,17.692104484700927,-131.7950126575527,17,1
2013-01-19 11:46:02.122060+00:00,33.27,40.0,40.0,1625.9651213989218,17.000568925962295,-134.8420781523498,3,1
2013-01-19 11:48:02.122060+00:00,34.69,40.0,40.0,1625.9651213989218,17.000568925962295,-134.8420781523498,3,1
2013-01-19 11:53:02.122060+00:00,32.73,40.0,40.0,1621.484231263555,16.28135068674144,-136.28051463079152,4,1
2013-01-23 10:33:02.122221+00:00,21.79,40.0,40.0,1954.1576051940035,19.1901104718962,-133.82378024853978,11,1
2013-01-23 10:34:02.122221+00:00,22.37,40.0,40.0,2052.350466519948,19.093035583094128,-134.01793002614392,13,1
2013-01-23 10:35:02.122221+00:00,22.58,40.0,40.0,2003.254035856976,19.08543131445649,-134.0331385634192,14,1
2013-01-23 10:39:02.122221+00:00,21.23,40.0,40.0,1971.43379963566,19.093035583094128,-134.01793002614392,19,1
2013-01-23 10:41:02.122221+00:00,20.95,40.0,40.0,1971.43379963566,19.093035583094128,-134.01793002614392,19,3
2013-01-23 10:42:02.122221+00:00,20.98,40.0,40.0,1971.43379963566,19.093035583094128,-134.01793002614392,19,2
2013-01-23 10:43:02.122221+00:00,21.49,40.0,40.0,1971.43379963566,19.093035583094128,-134.01793002614392,19,3
2013-01-23 10:44:02.122221+00:00,21.53,40.0,40.0,2052.350466519948,19.093035583094128,-134.01793002614392,17,2
2013-01-23 10:46:02.122221+00:00,19.44,40.0,40.0,1962.795702414832,19.051980303554092,-134.100040585224,18,2
2013-01-23 10:47:02.122221+00:00,19.29,39.91,40.0,1971.43379963566,19.07782704581884,-134.04834710069449,19,1
2013-01-23 10:48:02.122221+00:00,19.01,39.35,40.0,1962.795702414832,19.052147990708622,-134.09970521091492,20,2
2013-01-23 10:55:02.122221+00:00,16.02,33.4,40.0,1896.4437332157313,19.026468935598416,-134.15106332113535,9,2
2013-01-23 10:57:02.122221+00:00,9.01,19.35,29.42,1665.9931636417164,19.239356168481777,-133.72528885536863,6,2
2013-01-26 11:40:02.124841+00:00,38.14,40.0,40.0,9332.77795336855,23.849041771721147,-123.89933271245576,10,1
2013-01-26 11:41:02.124841+00:00,38.6,40.0,40.0,11133.079575586036,24.131427071996256,-123.33456211190553,13,1
2013-01-26 11:45:02.124841+00:00,10.08,21.53,32.7,14558.958699818402,24.75171611883343,-122.0939840182312,23,1
2013-01-26 11:46:02.124841+00:00,10.08,21.53,32.7,16168.61363658759,24.80661630863031,-121.98418363863745,24,2
2013-01-26 11:47:02.124841+00:00,10.08,21.53,32.7,16168.61363658759,24.871010540652605,-121.85539517459284,26,2
2013-01-26 11:48:02.124841+00:00,10.08,21.53,32.7,13807.96618624699,24.871010540652605,-121.85539517459284,28,1
2013-01-26 11:49:02.124841+00:00,10.08,21.53,32.7,13056.973672675576,24.88050458287802,-121.836407090142,29,1
2013-01-26 11:50:02.124841+00:00,10.08,21.53,32.7,13807.96618624699,24.871010540652605,-121.85539517459284,30,3
2013-01-26 11:51:02.124841+00:00,10.11,21.59,32.8,13056.973672675576,24.861516498427193,-121.87438325904368,31,2
2013-01-26 11:52:02.124841+00:00,10.11,21.59,32.8,12865.426083359029,24.80661630863031,-121.98418363863745,32,2
2013-01-26 11:53:02.124841+00:00,10.11,21.59,32.8,12673.878494042476,24.75171611883343,-122.0939840182312,33,4
2013-01-26 11:54:02.124841+00:00,10.11,21.59,32.8,12275.720245157963,24.68375653235876,-122.22990319118053,35,3
2013-01-26 11:55:02.124841+00:00,10.11,21.59,32.8,12275.720245157963,24.68375653235876,-122.22990319118053,35,1
2013-01-26 11:56:02.124841+00:00,10.11,21.59,32.8,12474.79936960022,24.717736325596093,-122.16194360470588,34,1
2013-01-26 11:57:02.124841+00:00,10.11,21.59,32.8,12275.720245157963,24.75171611883343,-122.0939840182312,33,1
2013-01-26 11:58:02.124841+00:00,10.11,21.59,32.8,11074.766625731092,24.717736325596093,-122.16194360470588,30,2
2013-01-26 11:59:02.124841+00:00,10.11,21.59,32.8,12275.720245157963,24.75171611883343,-122.0939840182312,29,2
2013-01-26 12:00:02.123611+00:00,40.0,40.0,40.0,5259.946168967913,23.367742685290512,-123.906843476675,27,1
2013-01-26 12:01:02.123611+00:00,40.0,40.0,40.0,5259.946168967913,23.367742685290512,-123.906843476675,27,3
2013-01-26 12:03:02.123611+00:00,40.0,40.0,40.0,4947.793067980975,23.225800726780307,-124.1907273936954,29,2
2013-01-26 12:04:02.123611+00:00,40.0,40.0,40.0,4947.793067980975,23.367742685290512,-123.906843476675,27,3
2013-01-26 12:05:02.123611+00:00,40.0,40.0,40.0,4947.793067980975,23.44053038084676,-123.7612680855625,25,1
2013-01-26 12:06:02.123611+00:00,40.0,40.0,40.0,3882.839034962922,23.44053038084676,-123.7612680855625,25,1
2013-01-26 12:08:02.123611+00:00,3.4,7.61,11.65,3836.808753349732,23.40413653306864,-123.83405578111876,22,2
2013-01-26 12:09:02.123611+00:00,40.0,40.0,40.0,3882.839034962922,23.225800726780307,-124.1907273936954,23,2
2013-01-26 12:12:02.123611+00:00,40.0,40.0,40.0,3351.6026334856106,20.12533558066451,-130.391657685927,23,2
2013-01-26 12:13:02.123611+00:00,40.0,40.0,40.0,3284.142434182523,19.994993366583273,-130.65234211408946,23,1
2013-01-26 12:16:02.123611+00:00,29.14,40.0,40.0,3086.108447059857,19.79592453096539,-131.05047978532525,18,1
2013-01-26 12:18:02.123611+00:00,29.25,40.0,40.0,2814.9858428470825,19.68502970713665,-131.2722694329827,16,3
2013-01-26 12:19:02.123611+00:00,29.09,40.0,40.0,2578.888623805569,19.600584877293375,-131.44115909266927,14,1
2013-01-26 12:20:02.123611+00:00,29.14,40.0,40.0,2415.880021854164,19.577526269962856,-131.48727630733032,13,1
2013-01-26 12:21:02.123611+00:00,29.09,40.0,40.0,2415.880021854164,19.577526269962856,-131.48727630733032,13,2
2013-01-26 12:22:02.123611+00:00,29.14,40.0,40.0,2578.888623805569,19.49796800088443,-131.64639284548716,12,2
2013-01-29 01:24:02.127461+00:00,15.67,32.72,40.0,10043.246348646437,21.083717819015565,-128.68208016628924,28,4
2013-01-29 01:25:02.127461+00:00,15.97,33.31,40.0,10043.246348646437,21.275069980174013,-128.29937584397237,30,3
2013-01-29 01:26:02.127461+00:00,15.97,33.31,40.0,10075.277919451017,21.67158128686056,-127.50635323059925,33,3
2013-01-29 01:27:02.127461+00:00,15.92,33.22,40.0,10078.954602470796,21.721242573118076,-127.4070306580842,35,2
2013-01-29 01:28:02.127461+00:00,16.97,35.29,40.0,10202.27603424525,21.973482042246616,-126.90255171982716,38,2
2013-01-29 01:29:02.127461+00:00,16.56,34.48,40.0,10815.933801154202,22.09359272852972,-126.66233034726092,40,3
2013-01-29 01:30:02.127461+00:00,16.85,35.05,40.0,12131.638168422416,22.09755938793135,-126.65439702845768,43,2
2013-01-29 01:31:02.127461+00:00,16.89,35.15,40.0,11306.2701362887,22.089626069128087,-126.67026366606422,45,2
2013-01-29 01:32:02.127461+00:00,16.92,35.2,40.0,10946.612097439896,22.089626069128087,-126.67026366606422,47,3
2013-01-29 01:33:02.127461+00:00,16.8,34.95,40.0,10606.97182572551,21.929018433313743,-126.99147893769288,50,3
2013-01-29 01:34:02.127461+00:00,16.41,34.19,40.0,10946.612097439896,21.99556654584928,-126.85838271262185,51,3
2013-01-29 01:35:02.127461+00:00,16.37,34.1,40.0,11306.2701362887,22.089626069128087,-126.67026366606422,49,2
2013-01-29 01:36:02.127461+00:00,16.37,34.1,40.0,11126.441116864298,22.042596307488683,-126.76432318934305,50,2
2013-01-29 01:37:02.127461+00:00,16.48,34.33,40.0,11126.441116864298,22.042596307488683,-126.76432318934305,50,2
2013-01-29 01:38:02.127461+00:00,16.2,33.77,40.0,10606.97182572551,21.95658749371121,-126.93634081689795,50,3
2013-01-29 01:39:02.127461+00:00,16.2,33.77,40.0,10325.597466019704,21.99556654584928,-126.85838271262185,49,2
2013-01-29 01:40:02.127461+00:00,16.09,33.54,40.0,10888.346185431315,21.99556654584928,-126.85838271262185,47,2
2013-01-29 01:41:02.127461+00:00,16.16,33.68,40.0,10917.479141435608,22.046562966890313,-126.75638987053976,46,3
2013-01-29 01:42:02.127461+00:00,16.99,35.34,40.0,10176.583368793456,21.99556654584928,-126.85838271262185,43,3
2013-01-29 01:43:02.127461+00:00,17.67,36.69,40.0,10083.276917260622,21.917608441573147,-127.01429892117407,41,3
2013-01-29 01:44:02.127461+00:00,11.02,23.42,35.55,9613.653665647766,21.798978775613485,-127.2515582530934,38,2
2013-01-29 01:45:02.127461+00:00,10.66,22.7,34.46,9613.653665647766,21.65180364992715,-127.54590850446608,36,3
2013-01-29 01:46:02.127461+00:00,10.9,23.18,35.18,9411.43261968214,21.31379095496458,-128.2219338943912,33,2
2013-01-29 01:47:02.127461+00:00,11.38,24.15,36.65,8646.078988342846,21.21480779137358,-128.41990022157322,31,3
2013-01-29 01:48:02.127461+00:00,11.61,24.61,37.34,8323.849009854244,21.06584519539532,-128.71782541352974,28,2
2013-01-29 01:50:02.127461+00:00,12.15,25.69,38.96,7296.093058312028,20.937151023005136,-128.9752137583101,23,2
