time,range_D_MP1,range_MP1_MP2,range_MP2_MP3,auto_max,auto_snr,auto_amp,auto_count,n_calls
2012-03-01 02:47:02.123915+00:00,10.23,21.85,33.19,1951.2722301487584,21.178417455742753,-126.52810650692793,3,2
2012-03-01 02:48:02.123915+00:00,10.23,21.85,33.19,1951.2722301487584,21.178417455742753,-126.52810650692793,3,1
2012-03-04 05:03:02.123167+00:00,15.95,33.29,40.0,13075.8346077342,23.53414904808686,-124.84941692082069,4,2
2012-03-04 05:04:02.123167+00:00,15.95,33.29,40.0,13075.8346077342,23.53414904808686,-124.84941692082069,4,2
2012-03-04 17:17:02.124709+00:00,5.23,11.54,17.61,2438.1005454358046,16.929261556408356,-127.9762601476674,14,1
2012-03-04 17:20:02.124709+00:00,3.76,8.39,12.83,3061.6754232114545,17.557457320687234,-126.71986861910965,22,2
2012-03-04 17:21:02.124709+00:00,3.94,8.77,13.41,3508.205242562284,17.765830810832377,-126.30312163881936,25,1
2012-03-04 17:22:02.124709+00:00,3.67,8.19,12.53,4393.075872279123,18.55755749792387,-124.71966826463635,28,2
2012-03-04 17:23:02.124709+00:00,27.07,40.0,40.0,4838.725820665099,18.750254931750213,-124.33427339698368,31,1
2012-03-04 17:24:02.124709+00:00,30.27,40.0,40.0,4985.1401914387625,18.776443084101977,-124.28189709228016,33,1
2012-03-04 17:25:02.124709+00:00,4.83,10.7,16.34,5720.023929518493,19.07176723791788,-123.69124878464834,35,1
2012-03-04 17:26:02.124709+00:00,0.69,1.57,2.41,6074.2398141751755,19.197519098884264,-123.4397450627156,38,3
2012-03-04 17:27:02.124709+00:00,29.9,40.0,40.0,6583.936947118322,19.300254992162408,-123.23427327615929,40,3
2012-03-04 17:28:02.124709+00:00,0.0,0.02,0.04,7774.593488405784,19.47915873682527,-122.87646578683358,43,3
2012-03-04 17:29:02.124709+00:00,13.24,27.89,40.0,8934.54629967309,19.593034819250487,-122.64871362198312,45,2
2012-03-04 17:30:02.124709+00:00,12.16,25.74,39.04,8961.450087439487,19.73340914927015,-122.3679649619438,47,3
2012-03-04 17:31:02.124709+00:00,12.58,26.57,40.0,9010.38726805393,19.837028569582586,-122.16072612131894,49,4
2012-03-04 17:32:02.124709+00:00,0.0,0.02,0.04,11129.11284780901,19.930371882554414,-121.97403949537528,50,2
2012-03-04 17:33:02.124709+00:00,0.01,0.02,0.02,12322.08418678304,20.136245784915808,-121.56229169065249,50,3
2012-03-04 17:34:02.124709+00:00,0.01,0.02,0.07,12523.262980771691,20.28032310359391,-121.27413705329629,53,2
2012-03-04 17:35:02.124709+00:00,0.0,0.01,0.04,12873.23550396875,20.4464393749683,-120.9419045105475,53,3
2012-03-04 17:36:02.124709+00:00,2.15,4.84,7.42,14153.013043277657,20.52179116752508,-120.79120092543396,54,2
2012-03-04 17:37:02.124709+00:00,0.0,0.01,0.04,15132.598880420086,20.64102754196921,-120.55272817654568,54,3
2012-03-04 17:38:02.124709+00:00,3.2,7.17,10.97,15427.592777291204,20.64561521943483,-120.54355282161444,55,3
2012-03-04 17:39:02.124709+00:00,3.26,7.3,11.16,16329.62676540613,20.702133605480437,-120.43051604952323,55,3
2012-03-04 17:40:02.124709+00:00,3.16,7.08,10.83,16329.62676540613,20.724906237496377,-120.38497078549136,55,3
2012-03-04 17:41:02.124709+00:00,2.79,6.26,9.59,17036.23414931169,20.724906237496377,-120.38497078549136,55,3
2012-03-04 17:42:02.124709+00:00,2.77,6.22,9.51,17306.95369194048,20.740368865725877,-120.35404552903236,54,2
2012-03-04 17:43:02.124709+00:00,3.22,7.21,11.03,17036.23414931169,20.71436105037977,-120.40606115972456,53,3
2012-03-04 17:44:02.124709+00:00,3.02,6.77,10.36,15803.402346011197,20.64561521943483,-120.54355282161444,53,2
2012-03-04 17:45:02.124709+00:00,2.77,6.22,9.51,15407.465921092306,20.643698300131177,-120.54738666022176,54,3
2012-03-04 17:46:02.124709+00:00,2.79,6.26,9.59,16066.514555708662,20.673874412457636,-120.48703443556884,52,2
2012-03-04 17:47:02.124709+00:00,3.28,7.34,11.23,15011.529496173414,20.641781380827524,-120.55122049882904,51,3
2012-03-04 17:48:02.124709+00:00,3.22,7.21,11.03,13995.328045757886,20.52394332699661,-120.7868966064909,51,4
2012-03-04 17:49:02.124709+00:00,3.74,8.35,12.77,13349.788937507188,20.507044204413685,-120.82069485165674,51,3
2012-03-04 17:50:02.124709+00:00,4.14,9.22,14.09,12871.738678988124,20.446298476920337,-120.94218630664344,50,2
2012-03-04 17:51:02.124709+00:00,4.31,9.58,14.64,12156.274933564904,20.36423079932442,-121.10632166183528,49,3
2012-03-04 17:52:02.124709+00:00,4.49,9.97,15.24,10816.18862396774,20.332538713363984,-121.16970583375613,47,2
2012-03-04 17:53:02.124709+00:00,4.44,9.87,15.08,8461.64479951391,20.145412896788976,-121.54395746690616,47,3
2012-03-04 17:54:02.124709+00:00,4.74,10.49,16.03,6465.899977656522,18.930002694246177,-123.97477787199176,45,1
2012-03-04 17:55:02.124709+00:00,4.93,10.9,16.65,4811.499153705868,18.452127049634655,-124.9305291612148,45,2
2012-03-04 17:56:02.124709+00:00,15.9,33.2,40.0,3749.6113225644167,17.86923348953302,-126.09631628141808,43,2
2012-03-04 17:57:02.124709+00:00,4.75,10.53,16.08,3447.677764288529,17.673537490628355,-126.4877082792274,40,3
2012-03-04 17:58:02.124709+00:00,23.15,40.0,40.0,3232.9942576273315,16.79751959302999,-128.23974407442412,37,3
2012-03-04 17:59:02.124709+00:00,21.57,40.0,40.0,2858.6662689461114,16.733078818861145,-128.3686256227618,35,1
2012-03-04 18:00:02.124709+00:00,21.8,40.0,40.0,2789.5188672917566,16.53036694426506,-128.774049371954,32,3
2012-03-04 18:02:02.124709+00:00,7.93,17.17,26.13,2275.9599505107726,16.397380924528125,-129.04002141142786,28,2
2012-03-04 18:03:02.124709+00:00,8.34,18.01,27.4,2170.050416862013,16.394937056883517,-129.0449091467171,26,2
2012-03-04 18:05:02.124709+00:00,7.88,17.07,25.99,2246.658929712186,16.396296655550774,-129.04218994938256,21,3
2012-03-04 18:09:02.124709+00:00,9.46,20.29,30.83,2093.4419040118405,16.14429668124607,-129.54618989799195,13,1
2012-03-04 18:11:02.124709+00:00,9.76,20.9,31.76,2246.658929712186,16.14429668124607,-129.54618989799195,9,1
2012-03-06 07:13:02.129334+00:00,9.3,19.96,30.35,2210.9122821298683,16.80546257442828,-133.42611833246778,3,1
2012-03-06 07:14:02.129334+00:00,9.25,19.87,30.21,2210.9122821298683,16.80546257442828,-133.42611833246778,3,1
2012-03-06 07:15:02.129334+00:00,9.24,19.84,30.16,2210.9122821298683,16.80546257442828,-133.42611833246778,3,1
2012-03-06 07:25:02.129334+00:00,9.35,20.06,30.5,2118.77159334103,18.470433987563194,-130.09617550619797,3,1
2012-03-06 07:26:02.129334+00:00,9.33,20.03,30.45,2118.77159334103,18.470433987563194,-130.09617550619797,3,1
2012-03-06 07:28:02.129334+00:00,9.28,19.93,30.3,2118.77159334103,18.470433987563194,-130.09617550619797,3,1
2012-03-08 21:18:02.127044+00:00,40.0,40.0,40.0,1810.5396872719505,20.632363981468075,-128.7660034764045,4,1
2012-03-08 21:19:02.127044+00:00,40.0,40.0,40.0,1810.5396872719505,20.632363981468075,-128.7660034764045,4,1
2012-03-08 21:20:02.127044+00:00,40.0,40.0,40.0,1810.5396872719505,20.632363981468075,-128.7660034764045,4,1
2012-03-08 21:21:02.127044+00:00,40.0,40.0,40.0,1810.5396872719505,20.632363981468075,-128.7660034764045,4,1
2012-03-09 15:35:02.120128+00:00,18.06,37.48,40.0,1930.2349788602096,17.565546945585304,-129.71622383903463,17,1
2012-03-09 15:36:02.120128+00:00,17.78,36.93,40.0,1926.024403795839,17.563752894302752,-129.71981194159974,18,1
2012-03-09 15:38:02.120128+00:00,17.65,36.68,40.0,1926.024403795839,17.56199981464408,-129.72331810091708,22,3
2012-03-09 15:39:02.120128+00:00,17.33,36.04,40.0,1926.024403795839,17.56199981464408,-129.72331810091708,22,2
2012-03-09 15:40:02.120128+00:00,17.23,35.85,40.0,1926.024403795839,17.56199981464408,-129.72331810091708,22,2
2012-03-09 15:41:02.120128+00:00,16.8,34.99,40.0,1926.024403795839,17.56199981464408,-129.72331810091708,22,1
2012-03-09 15:42:02.120128+00:00,17.06,35.51,40.0,1926.024403795839,17.56199981464408,-129.72331810091708,22,2
2012-03-09 15:43:02.120128+00:00,17.33,36.04,40.0,1926.024403795839,17.56199981464408,-129.72331810091708,22,2
2012-03-09 15:44:02.120128+00:00,17.28,35.94,40.0,1926.024403795839,17.56199981464408,-129.72331810091708,22,3
2012-03-09 15:46:02.120128+00:00,17.58,36.53,40.0,1930.2349788602096,17.56204078626796,-129.7232361576693,21,2
2012-03-09 15:47:02.120128+00:00,8.4,18.13,27.59,1945.3429521084497,17.56199981464408,-129.72331810091708,20,2
2012-03-09 15:48:02.120128+00:00,8.82,18.98,28.87,1945.3429521084497,17.56199981464408,-129.72331810091708,18,1
2012-03-10 02:00:02.121670+00:00,9.22,19.81,30.11,1904.134077804199,15.65808855435688,-131.48773269971855,5,1
2012-03-10 02:01:02.121670+00:00,25.74,40.0,40.0,1813.8893540145575,15.466523195182893,-131.8708634180665,6,2
2012-03-10 02:02:02.121670+00:00,25.58,40.0,40.0,1723.644630224917,15.65808855435688,-131.48773269971855,7,1
2012-03-10 02:03:02.121670+00:00,25.74,40.0,40.0,1723.644630224917,15.65808855435688,-131.48773269971855,7,1
2012-03-10 02:10:02.121670+00:00,23.87,40.0,40.0,1723.644630224917,15.65808855435688,-131.48773269971855,7,1
2012-03-10 02:11:02.121670+00:00,24.86,40.0,40.0,1669.1314346733648,15.274957836008904,-132.2539941364145,5,1
2012-03-11 09:26:02.124754+00:00,7.69,16.67,25.38,1637.6387961855091,14.464428160055007,-142.61547598873497,3,1
2012-03-11 14:54:02.126296+00:00,6.8,14.84,22.62,3399.992725778843,15.51754829385762,-140.59284718038987,3,1
2012-03-11 15:00:02.126296+00:00,6.37,13.94,21.25,5319.842013107053,16.775880168324576,-138.07618343145597,4,1
2012-03-11 15:05:02.126296+00:00,6.43,14.06,21.44,6170.221020806793,17.104422484185193,-137.41909879973474,4,1
2012-03-11 15:10:02.126296+00:00,6.43,14.06,21.44,6170.221020806793,17.104422484185193,-137.41909879973474,4,1
2012-03-11 15:15:02.126296+00:00,5.76,12.67,19.34,5827.77547188628,17.056162903638302,-137.5156179608285,3,1
2012-03-11 15:21:02.126296+00:00,5.12,11.3,17.26,5997.0561237741495,16.83692822980027,-137.95408730850457,3,1
2012-03-11 15:27:02.126296+00:00,5.12,11.3,17.26,5450.357926542926,16.83692822980027,-137.95408730850457,3,1
2012-03-11 15:32:02.126296+00:00,4.82,10.66,16.29,5997.0561237741495,17.041120481578886,-137.54570280494733,3,1
2012-03-11 15:41:02.126296+00:00,4.86,10.77,16.44,7011.26832313229,17.28126194518378,-137.06541987773755,4,1
2012-03-11 15:46:02.126296+00:00,4.86,10.77,16.44,7682.575300264373,17.521403408788668,-136.58513695052778,3,1
2012-03-11 15:50:02.126296+00:00,4.69,10.39,15.87,8141.12631120538,17.554174279079465,-136.5195952099462,4,1
2012-03-11 15:57:02.126296+00:00,4.41,9.8,14.97,9870.427600865103,17.942425462933414,-135.74309284223827,3,1
2012-03-11 16:02:02.126296+00:00,4.01,8.92,13.64,11731.640945082556,18.233410026841725,-135.16112371442165,3,1
2012-03-11 16:08:02.126296+00:00,3.9,8.7,13.3,13489.200837290007,18.646453984385204,-134.3350357993347,4,1
2012-03-11 16:12:02.126296+00:00,3.9,8.7,13.3,13489.200837290007,18.646453984385204,-134.3350357993347,4,1
2012-03-11 16:18:02.126296+00:00,4.13,9.18,14.04,13877.88969084858,18.68581564590589,-134.25631247629332,3,1
2012-03-11 16:25:02.126296+00:00,4.28,9.51,14.53,13944.23157384673,19.07727953730699,-133.47338469349114,3,1
2012-03-11 16:31:02.126296+00:00,4.02,8.96,13.7,15275.026834561231,19.10676346487843,-133.41441683834825,3,1
2012-03-11 16:38:02.126296+00:00,3.94,8.77,13.41,15906.010616618723,19.07727953730699,-133.47338469349114,3,1
2012-03-11 16:44:02.126296+00:00,3.28,7.34,11.23,15906.010616618723,19.10676346487843,-133.41441683834825,3,1
2012-03-11 17:18:02.126296+00:00,4.19,9.33,14.26,9581.69048887687,18.13618873725844,-135.35556629358825,5,1
2012-03-11 17:23:02.126296+00:00,3.88,8.66,13.24,11258.95398562962,18.388186992144796,-134.8515697838155,5,1
2012-03-11 17:25:02.126296+00:00,3.88,8.66,13.24,11258.95398562962,18.388186992144796,-134.8515697838155,5,1
2012-03-11 17:27:02.126296+00:00,3.9,8.7,13.3,9057.138686006843,18.113732270984833,-135.40047922613545,7,1
2012-03-11 17:31:02.126296+00:00,3.78,8.43,12.89,6047.191249690552,17.012210322584853,-137.60352312293543,6,1
2012-03-11 17:35:02.126296+00:00,3.78,8.43,12.89,6047.191249690552,17.012210322584853,-137.60352312293543,6,1
2012-03-11 17:36:02.126296+00:00,3.58,8.0,12.23,3037.2438133742585,15.910688374184872,-139.80656701973538,5,1
2012-03-11 17:42:02.126296+00:00,6.76,14.75,22.48,3037.2438133742585,15.259396806045498,-141.1091501560141,5,1
2012-03-11 17:47:02.126296+00:00,4.14,9.22,14.09,2787.768729375777,15.237443756090464,-141.15305625592418,4,1
2012-03-11 17:52:02.126296+00:00,4.36,9.69,14.81,3316.126109557236,15.21549070613543,-141.19696235583424,3,1
2012-03-11 17:54:02.126296+00:00,4.33,9.62,14.7,3316.126109557236,15.21549070613543,-141.19696235583424,3,1
2012-03-11 18:09:02.126296+00:00,6.77,14.78,22.53,2721.310626533053,14.905502805295155,-141.8169381575148,3,1
2012-03-11 18:15:02.126296+00:00,6.8,14.84,22.62,2721.310626533053,14.905502805295155,-141.8169381575148,3,1
2012-03-11 18:17:02.126296+00:00,6.8,14.84,22.62,2721.310626533053,14.905502805295155,-141.8169381575148,3,1
2012-03-11 18:36:02.126296+00:00,5.37,11.83,18.06,1554.5823745146618,13.74338648981922,-144.14117078846664,4,1
2012-03-11 18:37:02.126296+00:00,5.38,11.86,18.11,1554.5823745146618,13.74338648981922,-144.14117078846664,4,1
2012-03-11 18:41:02.126296+00:00,5.09,11.24,17.16,1554.5823745146618,13.74338648981922,-144.14117078846664,4,1
2012-03-11 18:42:02.126296+00:00,5.09,11.24,17.16,1554.5823745146618,13.74338648981922,-144.14117078846664,4,1
2012-03-12 06:11:02.127838+00:00,5.92,12.99,19.82,3816.436285761068,15.145240445462546,-136.3183462487798,3,1
2012-03-12 06:28:02.127838+00:00,5.93,13.02,19.87,4235.9458347578775,15.363660586288814,-135.88150596712728,3,1
2012-03-12 06:33:02.127838+00:00,5.07,11.2,17.11,4448.720683086469,15.61087688884568,-135.38707336201352,5,1
2012-03-12 06:35:02.127838+00:00,4.94,10.94,16.7,4478.542329103872,15.730972999386667,-135.14688114093155,6,1
2012-03-12 06:38:02.127838+00:00,5.1,11.27,17.21,4508.363975121276,15.85106910992766,-134.9066889198496,7,1
2012-03-12 06:40:02.127838+00:00,5.1,11.27,17.21,4508.363975121276,15.85106910992766,-134.9066889198496,7,1
2012-03-12 06:43:02.127838+00:00,5.13,11.34,17.31,4629.269623615608,15.615264713010788,-135.3782977136833,8,1
2012-03-12 06:45:02.127838+00:00,4.85,10.73,16.39,4822.098023339484,15.710108922381982,-135.18860929494093,8,1
2012-03-12 06:48:02.127838+00:00,4.77,10.56,16.13,4822.098023339484,15.710108922381982,-135.18860929494093,8,1
2012-03-12 06:50:02.127838+00:00,4.57,10.15,15.5,4822.098023339484,15.752435704288905,-135.1039557311271,8,1
2012-03-12 06:53:02.127838+00:00,4.59,10.18,15.56,4750.175272109941,15.70430610098974,-135.20021493772543,9,1
2012-03-12 06:55:02.127838+00:00,4.61,10.22,15.61,4417.267603554744,15.70430610098974,-135.20021493772543,9,1
2012-03-12 06:58:02.127838+00:00,4.39,9.76,14.91,4392.638650403005,15.6196525371759,-135.36952206535312,9,1
2012-03-12 07:00:02.127838+00:00,4.24,9.44,14.42,4417.267603554744,15.70430610098974,-135.20021493772543,9,1
2012-03-12 07:02:02.127838+00:00,4.28,9.51,14.53,4417.267603554744,15.70430610098974,-135.20021493772543,9,1
2012-03-12 07:04:02.127838+00:00,3.88,8.66,13.24,4417.267603554744,15.800565307588066,-135.00769652452877,9,1
2012-03-12 07:07:02.127838+00:00,3.71,8.27,12.65,4203.501615593978,15.82601446565272,-134.95679820839945,8,1
2012-03-12 07:08:02.127838+00:00,3.71,8.27,12.65,4203.501615593978,15.82601446565272,-134.95679820839945,8,1
2012-03-12 07:11:02.127838+00:00,3.26,7.3,11.16,3989.7356276332134,15.9477228303157,-134.7133814790735,7,1
2012-03-12 07:13:02.127838+00:00,3.1,6.95,10.63,4607.195015828585,16.094966170895123,-134.41889479791467,6,1
2012-03-12 07:19:02.127838+00:00,2.94,6.59,10.08,5546.6395952214625,16.502978800840864,-133.6028695380232,6,1
2012-03-12 07:24:02.127838+00:00,3.2,7.17,10.97,5687.355284408619,16.462709086102286,-133.68340896750033,5,1
2012-03-12 07:26:02.127838+00:00,2.85,6.4,9.8,5695.805166582501,16.5184290265965,-133.5719690865119,6,1
2012-03-12 07:29:02.127838+00:00,2.81,6.31,9.66,5687.355284408619,16.462709086102286,-133.68340896750033,7,1
2012-03-12 07:33:02.127838+00:00,3.0,6.73,10.29,5704.255048756384,16.574148967090718,-133.46052920552347,7,1
2012-03-12 07:35:02.127838+00:00,2.83,6.36,9.73,5954.0857479464285,16.736829151362024,-133.13516883698085,7,1
2012-03-12 07:38:02.127838+00:00,3.02,6.77,10.36,5954.0857479464285,16.736829151362024,-133.13516883698085,7,1
2012-03-12 07:41:02.127838+00:00,3.04,6.82,10.43,5897.103651117186,16.599769118732155,-133.40928890224058,6,1
2012-03-12 07:45:02.127838+00:00,3.54,7.92,12.11,4748.817479510927,15.877753184268585,-134.85332077116772,5,1
2012-03-12 07:47:02.127838+00:00,4.62,10.25,15.66,4639.33870965244,15.78417407454856,-135.04047899060777,6,1
2012-03-12 07:52:02.127838+00:00,4.85,10.73,16.39,4748.817479510927,15.820570361849908,-134.96768641600508,5,1
2012-03-12 07:56:02.127838+00:00,5.1,11.27,17.21,3802.048406953346,15.364096812281511,-135.88063351514188,6,1
2012-03-12 07:59:02.127838+00:00,5.23,11.54,17.61,3074.236874112739,15.037598659734495,-136.53362982023592,5,1
2012-03-12 08:02:02.127838+00:00,5.33,11.77,17.96,2928.571766127769,14.86029501466538,-136.88823711037415,4,1
2012-03-12 08:06:02.127838+00:00,5.37,11.83,18.06,2928.571766127769,14.86029501466538,-136.88823711037415,4,1
2012-03-12 11:09:02.127838+00:00,10.58,22.54,34.24,4315.241283216308,20.208328584430983,-126.19216997084294,4,3
2012-03-12 11:10:02.127838+00:00,10.58,22.54,34.24,4315.241283216308,20.208328584430983,-126.19216997084294,4,1
2012-03-12 19:27:02.129380+00:00,5.92,12.99,19.82,2077.943896883096,13.856824145389808,-137.63710399774888,3,1
2012-03-12 19:31:02.129380+00:00,5.46,12.03,18.36,2265.1869906195734,14.010666091708632,-137.32942010511124,4,1
2012-03-12 19:36:02.129380+00:00,5.26,11.6,17.71,2452.4300843560504,14.152434771874615,-137.04588274477928,5,1
2012-03-12 19:41:02.129380+00:00,4.96,10.97,16.75,2480.2106257585333,14.164508038027456,-137.0217362124736,5,1
2012-03-12 19:45:02.129380+00:00,4.96,10.97,16.75,2491.1089619899694,14.478314303295983,-136.39412368193655,5,1
2012-03-12 19:49:02.129380+00:00,4.9,10.83,16.55,2491.1089619899694,14.478314303295983,-136.39412368193655,5,1
2012-03-12 19:54:02.129380+00:00,4.74,10.49,16.03,2491.1089619899694,14.478314303295983,-136.39412368193655,5,1
2012-03-12 19:59:02.129380+00:00,4.59,10.18,15.56,2613.3079461826037,14.734712069729826,-135.88132814906885,5,1
2012-03-12 20:04:02.129380+00:00,4.62,10.25,15.66,2870.9306876703745,14.807787747545063,-135.73517679343837,5,1
2012-03-12 20:08:02.129380+00:00,4.26,9.47,14.48,2933.758558604299,14.807787747545063,-135.73517679343837,5,1
2012-03-12 20:12:02.129380+00:00,4.23,9.4,14.37,2933.758558604299,14.807787747545063,-135.73517679343837,5,1
2012-03-12 20:17:02.129380+00:00,4.19,9.33,14.26,2933.758558604299,14.809125777816352,-135.7325007328958,5,1
2012-03-12 20:21:02.129380+00:00,3.85,8.58,13.12,2831.2927772391195,14.89902403944618,-135.55270420963615,5,1
2012-03-12 20:25:02.129380+00:00,3.35,7.51,11.48,2831.2927772391195,15.042619676923,-135.2655129346825,5,1
2012-03-12 20:30:02.129380+00:00,3.83,8.54,13.06,2831.2927772391195,15.239981310062758,-134.87078966840298,5,1
2012-03-12 20:34:02.129380+00:00,4.06,9.03,13.81,3144.175726380219,15.239981310062758,-134.87078966840298,5,1
2012-03-12 20:38:02.129380+00:00,4.29,9.55,14.59,3144.175726380219,14.975680290858266,-135.39939170681197,5,1
2012-03-12 20:41:02.129380+00:00,4.51,10.01,15.29,3197.4720434159753,15.107830800460512,-135.1350906876075,4,1
2012-03-12 20:47:02.129380+00:00,4.51,10.01,15.29,3144.175726380219,14.975680290858266,-135.39939170681197,3,1
2012-03-15 09:41:02.127089+00:00,5.96,13.09,19.96,2784.7094002997396,15.278848646813644,-134.40493464130844,3,1
2012-03-15 09:46:02.127089+00:00,5.96,13.09,19.96,2784.7094002997396,15.278848646813644,-134.40493464130844,3,1
2012-03-15 09:51:02.127089+00:00,5.86,12.86,19.63,2896.107750258578,15.399333245780864,-134.163965443374,3,1
2012-03-15 09:57:02.127089+00:00,5.12,11.3,17.26,3200.878021108884,15.513102466642067,-133.93642700165162,4,1
2012-03-15 10:02:02.127089+00:00,4.86,10.77,16.44,3157.965956366086,15.53669355674432,-133.8892448214471,4,1
2012-03-15 10:06:02.127089+00:00,4.86,10.77,16.44,3157.965956366086,15.53669355674432,-133.8892448214471,4,1
2012-03-15 10:12:02.127089+00:00,5.1,11.27,17.21,3466.4027477995287,15.625313817095922,-133.7120043007439,5,1
2012-03-15 10:16:02.127089+00:00,5.23,11.54,17.61,3373.4422177520223,15.584415481460177,-133.7938009720154,4,1
2012-03-15 10:21:02.127089+00:00,5.15,11.37,17.36,3576.6966872794364,15.631428656137915,-133.6997746226599,4,1
2012-03-15 10:28:02.127089+00:00,5.3,11.7,17.86,3750.158359837208,15.682077185446706,-133.59847756404235,4,1
2012-03-15 10:33:02.127089+00:00,5.29,11.67,17.81,3686.990626759344,15.63754349517991,-133.68754494457593,3,1
2012-03-15 10:37:02.127089+00:00,5.4,11.9,18.16,3406.0971696673787,15.560336009015728,-133.84195991690427,4,1
2012-03-15 10:44:02.127089+00:00,5.37,11.83,18.06,2833.5695012273422,15.159706601025812,-134.64321873288412,4,1
2012-03-15 10:48:02.127089+00:00,5.35,11.8,18.01,2833.5695012273422,15.173732213303838,-134.61516750832806,4,1
2012-03-15 10:53:02.127089+00:00,5.41,11.93,18.21,2710.4703266596175,15.100469570338166,-134.7616927942594,5,1
2012-03-15 10:57:02.127089+00:00,5.21,11.5,17.56,2560.5227106029706,15.08644395806014,-134.78974401881544,4,1
2012-03-15 11:01:02.127089+00:00,5.61,12.35,18.85,2410.575094546324,15.100469570338166,-134.7616927942594,3,1
2012-03-15 18:23:02.128631+00:00,5.67,12.48,19.04,1783.363633263729,14.173165074643943,-135.35551702878993,3,1
2012-03-15 18:27:02.128631+00:00,5.72,12.58,19.19,1783.363633263729,14.173165074643943,-135.35551702878993,3,1
2012-03-15 18:32:02.128631+00:00,5.54,12.19,18.6,1783.363633263729,14.173165074643943,-135.35551702878993,3,1
2012-03-16 14:52:02.121715+00:00,3.3,7.38,11.29,1752.003606370729,14.664801837115077,-135.71560535040587,3,1
2012-03-16 15:31:02.121715+00:00,1.93,4.35,6.66,1806.72154237664,14.947577499687588,-135.15005402526083,3,1
2012-03-16 15:38:02.121715+00:00,2.79,6.26,9.59,2233.0897945969837,15.250515265293014,-134.54417849405,3,1
2012-03-19 14:31:02.120967+00:00,3.41,7.63,11.67,2873.283748196617,18.943825510542737,-131.69447463400223,26,2
2012-03-19 14:32:02.120967+00:00,4.44,9.87,15.08,2897.029153897675,18.98973452306037,-131.60265660896695,28,3
2012-03-19 14:33:02.120967+00:00,2.12,4.78,7.33,3053.55194580363,19.06466850200131,-131.45278865108506,30,2
2012-03-19 14:34:02.120967+00:00,3.18,7.12,10.9,3200.1624104228777,19.20532779415619,-131.1714700667753,33,2
2012-03-19 14:35:02.120967+00:00,1.93,4.35,6.66,3215.691870857894,19.419158858042827,-130.743807939002,36,3
2012-03-19 14:36:02.120967+00:00,1.32,2.99,4.58,3215.691870857894,19.54485749509871,-130.49241066489026,38,3
2012-03-19 14:37:02.120967+00:00,0.02,0.06,0.14,3206.002298051896,19.54485749509871,-130.49241066489026,40,3
2012-03-19 14:38:02.120967+00:00,0.01,0.05,0.07,3164.6180785211727,19.40468504516397,-130.77275556475973,42,3
2012-03-19 14:39:02.120967+00:00,0.01,0.05,0.07,3164.6180785211727,19.40468504516397,-130.77275556475973,42,1
2012-03-19 14:40:02.120967+00:00,0.01,0.02,0.07,3164.6180785211727,19.40468504516397,-130.77275556475973,42,3
2012-03-19 14:41:02.120967+00:00,0.01,0.02,0.02,3200.1624104228777,19.530383682219853,-130.52135829064798,41,2
2012-03-19 14:42:02.120967+00:00,0.0,0.01,0.04,3206.002298051896,19.5757267684239,-130.4306721182399,38,2
2012-03-19 14:43:02.120967+00:00,0.0,0.01,0.04,3211.842185680915,19.59212222887022,-130.39788119734726,37,2
2012-03-19 14:44:02.120967+00:00,0.0,0.01,0.04,3219.541556034873,19.689049463358984,-130.20402672836974,35,3
2012-03-19 14:45:02.120967+00:00,0.0,0.02,0.04,3266.9136190529916,19.691456906557335,-130.199211841973,32,3
2012-03-19 14:46:02.120967+00:00,0.0,0.01,0.04,3314.2856820711104,19.689049463358984,-130.20402672836974,29,3
2012-03-19 14:47:02.120967+00:00,0.0,0.01,0.04,3684.163191679772,19.693864349755692,-130.19439695557628,27,2
2012-03-19 14:53:02.120967+00:00,12.29,25.99,39.42,3129.0737466194673,19.689049463358984,-130.20402672836974,13,1
2012-03-20 01:50:02.122509+00:00,31.34,40.0,40.0,68348.75352457678,26.693096186895215,-115.4546075798579,3,2
2012-03-20 01:51:02.122509+00:00,31.34,40.0,40.0,68348.75352457678,26.693096186895215,-115.4546075798579,3,1
2012-03-21 08:19:02.125593+00:00,2.15,4.84,7.42,5031.703866118429,16.009699341798086,-137.5396911861841,3,1
2012-03-21 08:25:02.125593+00:00,2.59,5.82,8.91,5455.270346993443,16.21085536748318,-137.1373791348139,3,1
2012-03-21 08:33:02.125593+00:00,2.68,6.02,9.22,5455.270346993443,16.34870915962081,-136.86167155053863,3,1
2012-03-21 08:39:02.125593+00:00,2.7,6.07,9.29,6546.103643184166,16.65312082295244,-136.25284822387536,3,1
2012-03-21 08:45:02.125593+00:00,1.96,4.42,6.76,6896.346137980729,17.08211439568928,-135.39486107840168,4,1
2012-03-21 08:49:02.125593+00:00,32.23,40.0,40.0,6896.346137980729,17.387104068357875,-134.78488173306448,6,1
2012-03-21 08:53:02.125593+00:00,31.8,40.0,40.0,6896.346137980729,17.45753847317223,-134.64401292343575,8,1
2012-03-21 08:55:02.125593+00:00,31.8,40.0,40.0,6843.83336885996,17.44656980525069,-134.66595025927884,9,1
2012-03-21 08:56:02.125593+00:00,31.8,40.0,40.0,6640.533250167691,17.45753847317223,-134.64401292343575,8,1
2012-03-21 08:59:02.125593+00:00,31.8,40.0,40.0,6711.904647693906,17.44656980525069,-134.66595025927884,9,1
2012-03-21 09:00:02.125593+00:00,31.8,40.0,40.0,6574.568889584663,17.45753847317223,-134.64401292343575,8,1
2012-03-21 09:02:02.125593+00:00,31.8,40.0,40.0,6711.904647693906,17.44656980525069,-134.66595025927884,9,1
2012-03-21 09:04:02.125593+00:00,31.8,40.0,40.0,6437.233131475422,17.171705295991526,-135.2156792777972,9,1
2012-03-21 09:07:02.125593+00:00,4.23,9.4,14.37,6574.568889584663,17.073201476625172,-135.41268691652988,8,1
2012-03-21 09:10:02.125593+00:00,4.43,9.83,15.02,6413.978765763493,17.00918094951133,-135.5407279707576,6,1
2012-03-21 09:13:02.125593+00:00,3.81,8.51,13.01,6413.978765763493,16.903864121323153,-135.75136162713392,6,1
2012-03-21 09:15:02.125593+00:00,3.87,8.62,13.18,6274.722630965862,16.82466299045488,-135.9097638888705,6,1
2012-03-21 09:20:02.125593+00:00,4.02,8.96,13.7,5856.9702745291615,16.691707553381896,-136.17567476301645,6,1
2012-03-21 09:24:02.125593+00:00,4.14,9.22,14.09,5542.658239383826,16.82331679522013,-135.91245627933998,5,1
2012-03-21 09:28:02.125593+00:00,4.99,11.04,16.85,5187.413977519392,16.487040706030367,-136.5850084577195,5,1
2012-03-21 09:33:02.125593+00:00,7.78,16.86,25.66,4640.049525582106,16.788078144751218,-135.9829335802778,6,1
2012-03-21 09:37:02.125593+00:00,7.78,16.86,25.66,4092.685073644819,16.295995230226815,-136.9670994093266,7,1
2012-03-21 09:40:02.125593+00:00,7.78,16.86,25.66,4333.997330389828,16.63879077513848,-136.2815083195033,6,1
2012-03-21 09:41:02.125593+00:00,7.78,16.86,25.66,4303.296134218721,16.188465966804895,-137.18215793617046,7,1
2012-03-21 09:45:02.125593+00:00,7.78,16.86,25.66,4197.99060393177,16.18307334904189,-137.19294317169647,6,1
2012-03-21 09:46:02.125593+00:00,7.78,16.86,25.66,4197.99060393177,16.18307334904189,-137.19294317169647,6,1
2012-03-21 09:51:02.125593+00:00,4.75,10.53,16.08,4233.627039341279,16.069109489125022,-137.4208708915302,4,1
2012-03-21 12:59:02.127135+00:00,3.04,6.82,10.43,1991.4784758136911,14.226725747774926,-134.9198815335824,3,1
2012-03-21 13:24:02.127135+00:00,2.77,6.22,9.51,2370.54453308216,14.892430583925671,-133.5884718612809,3,1
2012-03-21 13:33:02.127135+00:00,2.74,6.17,9.44,2370.54453308216,14.91593149781201,-133.54147003350823,3,1
2012-03-21 14:02:02.127135+00:00,3.26,7.3,11.16,1887.509914800813,14.17348053242794,-135.0263719642764,3,1
2012-03-21 14:08:02.127135+00:00,2.92,6.54,10.01,1944.762662368238,14.22747383253003,-134.9183853640722,3,1
2012-03-21 22:40:02.127135+00:00,5.37,11.83,18.06,1710.1393166905473,17.66561606477714,-128.04210089957795,9,1
2012-03-21 22:42:02.127135+00:00,4.67,10.36,15.82,1983.206972254463,17.711982342020864,-127.94936834509052,13,1
2012-03-21 22:45:02.127135+00:00,29.74,40.0,40.0,2025.624550956633,17.930272524936353,-127.51278797925956,18,1
2012-03-21 22:46:02.127135+00:00,29.74,40.0,40.0,1983.206972254463,17.874763678462863,-127.62380567220652,19,1
2012-03-21 22:47:02.127135+00:00,29.58,40.0,40.0,1983.206972254463,17.874763678462863,-127.62380567220652,19,2
2012-03-21 22:48:02.127135+00:00,29.69,40.0,40.0,1983.206972254463,17.874763678462863,-127.62380567220652,19,1
2012-03-21 22:49:02.127135+00:00,29.58,40.0,40.0,1983.206972254463,17.874763678462863,-127.62380567220652,19,1
2012-03-21 22:50:02.127135+00:00,29.53,40.0,40.0,1983.206972254463,17.874763678462863,-127.62380567220652,19,2
2012-03-21 22:51:02.127135+00:00,29.74,40.0,40.0,2025.624550956633,17.793373010241865,-127.78658700864852,18,2
2012-03-21 22:52:02.127135+00:00,29.69,40.0,40.0,2025.624550956633,17.793373010241865,-127.78658700864852,18,2
2012-03-21 22:53:02.127135+00:00,29.69,40.0,40.0,2068.0421296588024,17.874763678462863,-127.62380567220652,17,1
2012-03-21 22:54:02.127135+00:00,29.85,40.0,40.0,2068.0421296588024,17.874763678462863,-127.62380567220652,17,3
2012-03-21 22:56:02.127135+00:00,29.9,40.0,40.0,2096.717753573578,17.930272524936353,-127.51278797925956,16,1
2012-03-22 18:23:02.120219+00:00,32.66,40.0,40.0,31822.574961529008,24.456937424507245,-117.41906132438508,4,1
2012-03-22 18:24:02.120219+00:00,32.66,40.0,40.0,31822.574961529008,24.456937424507245,-117.41906132438508,4,2
2012-03-22 18:25:02.120219+00:00,32.66,40.0,40.0,31822.574961529008,24.456937424507245,-117.41906132438508,4,1
2012-03-24 11:23:02.124845+00:00,7.45,16.18,24.64,2203.22420344077,14.800238621640815,-143.01990361638173,4,1
2012-03-24 11:28:02.124845+00:00,6.68,14.59,22.24,2500.4434473579495,15.018318300120178,-142.583744259423,3,1
2012-03-24 11:33:02.124845+00:00,6.52,14.25,21.73,2588.2067251892777,15.122550775081836,-142.37527930949972,4,1
2012-03-24 11:39:02.124845+00:00,6.28,13.75,20.97,2803.3823325289827,15.229106688997923,-142.16216748166752,3,1
2012-03-24 11:45:02.124845+00:00,5.7,12.54,19.14,4041.297796980457,16.02612539896984,-140.5681300617237,4,1
2012-03-24 11:49:02.124845+00:00,5.57,12.25,18.7,4463.192053860854,16.231472816078004,-140.15743522750736,3,1
2012-03-24 11:55:02.124845+00:00,5.21,11.5,17.56,4158.269008772227,16.14065715792409,-140.3390665438152,4,1
2012-03-24 12:00:02.126386+00:00,5.15,11.37,17.36,6465.106061898802,17.305189057407983,-138.33284800828667,3,1
2012-03-24 12:02:02.126386+00:00,5.24,11.57,17.66,7405.245355299459,17.514370120795977,-137.9144858815107,4,1
2012-03-24 12:05:02.126386+00:00,5.24,11.57,17.66,7405.245355299459,17.514370120795977,-137.9144858815107,4,1
2012-03-24 12:12:02.126386+00:00,5.27,11.63,17.76,7405.245355299459,17.514370120795977,-137.9144858815107,4,1
2012-03-24 13:28:02.126386+00:00,3.37,7.55,11.55,2405.146961168146,16.273641238543743,-140.39594364601516,3,1
2012-03-24 13:29:02.126386+00:00,3.34,7.46,11.42,2405.146961168146,16.273641238543743,-140.39594364601516,3,1
2012-03-24 13:37:02.126386+00:00,3.92,8.73,13.35,2405.146961168146,16.273641238543743,-140.39594364601516,5,1
2012-03-24 13:43:02.126386+00:00,3.94,8.77,13.41,3466.942478682246,15.679717018622632,-141.58379208585737,4,1
2012-03-24 13:45:02.126386+00:00,3.9,8.7,13.3,4541.515149144414,16.317746187397308,-140.307733748308,5,1
2012-03-24 13:47:02.126386+00:00,3.9,8.7,13.3,6283.856330462533,16.584240428749144,-139.77474526560434,4,1
2012-03-24 13:54:02.126386+00:00,3.94,8.77,13.41,8715.10587247935,18.02531375798435,-136.89259860713395,4,1
2012-03-24 14:01:02.126386+00:00,4.33,9.62,14.7,7254.868892253711,17.923834508318365,-137.0955571064659,3,1
2012-03-24 14:08:02.126386+00:00,5.2,11.47,17.51,4954.096007894798,16.679459845076874,-139.58430643294886,3,1
2012-03-24 14:13:02.126386+00:00,5.69,12.51,19.09,4231.602488586135,16.232898622093877,-140.47742887891485,3,1
2012-03-25 18:18:02.129470+00:00,5.79,12.74,19.43,7598.277814770186,17.698126805803614,-137.80618301453043,3,1
2012-03-25 18:24:02.129470+00:00,5.63,12.38,18.9,7598.277814770186,17.698126805803614,-137.80618301453043,3,1
2012-03-25 18:31:02.129470+00:00,2.74,6.17,9.44,7307.052753847583,17.577214964916884,-138.0480066963039,3,1
2012-03-25 18:38:02.129470+00:00,2.5,5.62,8.6,7307.052753847583,17.577214964916884,-138.0480066963039,3,1
2012-03-25 18:43:02.129470+00:00,2.66,5.97,9.14,11039.316149916052,18.364518848894264,-136.47339892834913,3,1
2012-03-25 18:49:02.129470+00:00,2.59,5.82,8.91,11039.316149916052,18.364518848894264,-136.47339892834913,3,1
2012-03-25 18:56:02.129470+00:00,2.45,5.51,8.44,12755.3654653451,18.999685927494525,-135.2030647711486,3,1
2012-03-25 19:02:02.129470+00:00,1.62,3.65,5.6,10077.402344323256,18.725172907610155,-135.75209081091737,3,1
2012-03-25 19:08:02.129470+00:00,1.84,4.15,6.36,10077.402344323256,18.774944385855353,-135.65254785442698,3,1
2012-03-25 19:24:02.129470+00:00,2.18,4.9,7.51,6411.804911432293,18.774944385855353,-135.65254785442698,3,1
2012-03-25 19:33:02.129470+00:00,2.35,5.3,8.11,4823.003295551553,18.19595297528944,-136.8105306755588,3,1
2012-03-25 19:38:02.129470+00:00,1.87,4.22,6.46,4338.727986977611,18.12282341370958,-136.9567897987185,3,1
2012-03-25 19:44:02.129470+00:00,2.94,6.59,10.08,4338.727986977611,18.12282341370958,-136.9567897987185,3,1
2012-03-25 20:22:02.129470+00:00,3.83,8.54,13.06,10894.470176986944,18.96869653309613,-135.2650435599454,3,1
2012-03-25 20:27:02.129470+00:00,4.06,9.03,13.81,8695.731887722064,18.07524535518619,-137.0519459157653,3,1
2012-03-25 20:32:02.129470+00:00,4.53,10.04,15.34,8636.8415095189,18.03390262840231,-137.13463136933305,3,1
2012-03-25 20:38:02.129470+00:00,4.93,10.9,16.65,5246.7465824255005,16.871173100000057,-139.46009042613755,3,1
2012-03-25 20:44:02.129470+00:00,5.1,11.27,17.21,4683.5580887319375,16.504414320834623,-140.19360798446843,3,1
2012-03-25 20:50:02.129470+00:00,5.35,11.8,18.01,4441.182418892145,16.486879128623947,-140.22867836888975,3,1
2012-03-26 02:14:02.121012+00:00,7.4,16.08,24.5,1769.1409112162548,14.249801513147489,-141.202006541912,3,1
2012-03-26 02:20:02.121012+00:00,7.13,15.53,23.65,1916.8192329775309,14.299905762067189,-141.1017980440726,3,1
2012-03-26 02:26:02.121012+00:00,6.83,14.91,22.72,1916.8192329775309,14.249801513147489,-141.202006541912,3,1
2012-03-26 02:31:02.121012+00:00,6.41,14.03,21.39,1782.523841289884,14.033015483504167,-141.63557860119863,3,1
2012-03-26 02:37:02.121012+00:00,5.76,12.67,19.34,1782.523841289884,14.033015483504167,-141.63557860119863,3,1
2012-03-26 02:53:02.121012+00:00,5.61,12.35,18.85,3195.648580390229,15.298086605440435,-139.1054363573261,3,1
2012-03-26 02:59:02.121012+00:00,5.5,12.12,18.5,3195.648580390229,15.298086605440435,-139.1054363573261,3,1
2012-03-26 03:07:02.121012+00:00,5.75,12.64,19.29,2304.368229264775,14.383098746754795,-140.93541207469738,3,1
2012-03-26 08:32:02.121012+00:00,4.51,10.01,15.29,3499.6407272575643,15.57314164618097,-138.55532627584503,4,1
2012-03-26 08:38:02.121012+00:00,4.01,8.92,13.64,3705.5283533331713,15.66194177691606,-138.37772601437484,3,1
2012-03-26 08:41:02.121012+00:00,4.01,8.92,13.64,3705.5283533331713,15.66194177691606,-138.37772601437484,3,1
2012-03-26 09:08:02.121012+00:00,3.62,8.08,12.35,6518.942932319969,17.19548612356268,-135.31063732108163,4,1
2012-03-26 09:14:02.121012+00:00,3.56,7.96,12.17,6118.246962780496,17.19548612356268,-135.31063732108163,4,1
2012-03-26 09:17:02.121012+00:00,3.49,7.79,11.92,5991.218774350305,17.19401447399776,-135.31358062021147,5,1
2012-03-26 09:21:02.121012+00:00,2.96,6.64,10.15,5082.414780305797,16.780318986099257,-136.14097159600846,6,1
2012-03-26 09:25:02.121012+00:00,3.02,6.77,10.36,6118.246962780496,17.083986050965947,-135.53363746627508,6,1
2012-03-26 09:27:02.121012+00:00,3.02,6.77,10.36,5991.218774350305,16.973957627934137,-135.7536943123387,7,1
2012-03-26 09:30:02.121012+00:00,3.04,6.82,10.43,6245.275151210687,16.973957627934137,-135.7536943123387,7,1
2012-03-26 09:33:02.121012+00:00,3.12,6.99,10.7,5270.297545234926,16.735073798918386,-136.23146197037022,7,1
2012-03-26 09:36:02.121012+00:00,3.08,6.91,10.57,6558.073200501245,16.973957627934137,-135.7536943123387,7,1
2012-03-26 09:39:02.121012+00:00,3.04,6.82,10.43,6115.367176618461,16.943566139268547,-135.8144772896699,6,1
2012-03-26 09:43:02.121012+00:00,3.3,7.38,11.29,6115.367176618461,16.943566139268547,-135.8144772896699,6,1
2012-03-26 09:45:02.121012+00:00,3.32,7.42,11.36,6115.367176618461,16.943566139268547,-135.8144772896699,6,1
2012-03-26 09:49:02.121012+00:00,3.39,7.59,11.61,6329.415790524985,16.871003295928105,-135.95960297635077,6,1
2012-03-26 09:52:02.121012+00:00,3.47,7.75,11.86,5698.394773047974,16.5899481122375,-136.52171334373196,7,1
2012-03-26 09:55:02.121012+00:00,3.41,7.63,11.67,6329.415790524985,16.871003295928105,-135.95960297635077,6,1
2012-03-26 09:58:02.121012+00:00,3.51,7.84,11.98,5698.394773047974,16.5899481122375,-136.52171334373196,5,1
2012-03-26 10:02:02.121012+00:00,3.52,7.88,12.05,6761.819758155856,16.77013494817823,-136.16133967185053,6,1
2012-03-26 10:08:02.121012+00:00,3.85,8.58,13.12,5558.121139435678,16.29475745104058,-137.1120946661258,6,1
2012-03-26 10:09:02.121012+00:00,4.24,9.44,14.42,3582.40831150777,15.602597304661412,-138.49641495888417,5,1
2012-03-26 10:14:02.121012+00:00,4.41,9.8,14.97,3041.798482452506,15.32855154792162,-139.04450647236374,5,1
2012-03-26 10:17:02.121012+00:00,4.61,10.22,15.61,4361.707360985054,15.823859105849422,-138.05389135650813,6,1
2012-03-26 10:21:02.121012+00:00,4.88,10.8,16.5,2839.514605400729,15.268068855780704,-139.16547185664558,5,1
2012-03-26 10:24:02.121012+00:00,4.9,10.83,16.55,4148.848724383171,15.54111267190343,-138.6193842244001,4,1
2012-03-26 10:28:02.121012+00:00,5.79,12.74,19.43,3384.464755842286,15.54111267190343,-138.6193842244001,4,1
2012-03-26 10:34:02.121012+00:00,5.99,13.15,20.06,3781.2767723740008,15.725279858075927,-138.25104985205513,4,1
2012-03-26 10:40:02.121012+00:00,5.93,13.02,19.87,3409.7052423121686,15.131393052374635,-139.4388234634577,3,1
2012-03-26 10:48:02.121012+00:00,5.63,12.38,18.9,2273.7452940531234,14.546480196985607,-140.60864917423575,3,1
2012-03-26 10:53:02.121012+00:00,5.52,12.16,18.55,1962.7723834662409,14.15947527817199,-141.38265901186298,3,1
2012-03-26 11:02:02.121012+00:00,6.31,13.81,21.06,2006.597999250324,13.984131665812589,-141.7333462365818,3,1
2012-03-27 14:16:02.125638+00:00,27.03,40.0,40.0,19065.046292712184,24.216092175829516,-122.76919459659442,4,1
2012-03-27 14:17:02.125638+00:00,27.03,40.0,40.0,19065.046292712184,24.216092175829516,-122.76919459659442,4,3
2012-03-27 22:08:02.125638+00:00,40.0,40.0,40.0,11377.66232782538,25.028762969160997,-121.14385300993146,3,1
2012-03-27 22:09:02.125638+00:00,40.0,40.0,40.0,11377.66232782538,25.028762969160997,-121.14385300993146,3,2
2012-03-29 17:32:02.121806+00:00,12.79,26.98,40.0,37954.73997552876,27.34123595630888,-112.57921788947648,3,2
2012-03-29 17:33:02.121806+00:00,12.79,26.98,40.0,37954.73997552876,27.34123595630888,-112.57921788947648,3,1
2012-04-01 12:25:02.121058+00:00,3.6,8.04,12.29,9608.597421810236,22.574720561981927,-128.32595119429786,3,1
2012-04-01 12:26:02.121058+00:00,3.6,8.04,12.29,9608.597421810236,22.574720561981927,-128.32595119429786,3,2
2012-04-01 23:20:02.121058+00:00,10.44,22.28,33.83,71992.38454882507,29.089434948282943,-115.2965224216958,6,1
2012-04-01 23:21:02.121058+00:00,10.44,22.28,33.83,71992.38454882507,29.089434948282943,-115.2965224216958,6,2
2012-04-01 23:22:02.121058+00:00,10.44,22.28,33.83,71992.38454882507,29.089434948282943,-115.2965224216958,6,3
2012-04-02 02:00:02.122600+00:00,11.13,23.66,35.92,7371.890623904528,24.037524705963,-124.0934841015199,5,1
2012-04-02 02:01:02.122600+00:00,11.13,23.66,35.92,7371.890623904528,24.037524705963,-124.0934841015199,5,3
2012-04-02 02:02:02.122600+00:00,11.13,23.66,35.92,7371.890623904528,24.037524705963,-124.0934841015199,5,1
2012-04-06 06:37:02.124935+00:00,29.27,40.0,40.0,14229.878590400902,23.4613294199077,-123.38773324744822,4,1
2012-04-06 06:46:02.124935+00:00,29.27,40.0,40.0,14287.62523366156,24.43141642348451,-121.4475592402946,3,1
2012-04-07 16:05:02.129561+00:00,2.28,5.13,7.86,2827.4013105681943,19.801056200898287,-131.14491501713533,3,2
2012-04-07 16:06:02.129561+00:00,2.28,5.13,7.86,2827.4013105681943,19.801056200898287,-131.14491501713533,3,1
2012-04-08 17:43:02.122645+00:00,8.13,17.57,26.74,2056.2419967161063,16.870961173126435,-133.40860487218822,3,1
2012-04-08 17:44:02.122645+00:00,7.91,17.14,26.09,2056.2419967161063,16.870961173126435,-133.40860487218822,3,2
2012-04-09 16:45:02.125729+00:00,7.78,16.86,25.66,2065.2049973406342,17.00137161028855,-131.22164434110033,8,2
2012-04-09 16:46:02.125729+00:00,7.7,16.7,25.43,2065.2049973406342,17.00137161028855,-131.22164434110033,8,1
2012-04-09 16:47:02.125729+00:00,7.61,16.52,25.15,1929.8434859401293,17.00137161028855,-131.22164434110033,10,2
2012-04-09 16:50:02.125729+00:00,7.61,16.52,25.15,1929.8434859401293,17.00137161028855,-131.22164434110033,10,1
2012-04-09 16:52:02.125729+00:00,7.58,16.45,25.06,1929.8434859401293,17.00137161028855,-131.22164434110033,10,1
2012-04-09 16:54:02.125729+00:00,7.57,16.42,25.01,1929.8434859401293,17.00137161028855,-131.22164434110033,10,1
2012-04-09 16:56:02.125729+00:00,7.82,16.95,25.81,1929.8434859401293,16.967695638780793,-131.28899628411585,8,1
2012-04-09 16:57:02.125729+00:00,7.78,16.86,25.66,1838.9427150986696,17.00137161028855,-131.22164434110033,6,1
2012-04-09 17:06:02.125729+00:00,8.32,17.98,27.35,1781.9559167318594,17.13428696054021,-130.955813640597,4,1
2012-04-10 03:11:02.127271+00:00,5.57,12.25,18.7,25201.601923827,24.309729207512337,-121.97754883269582,3,1
2012-04-10 03:12:02.127271+00:00,5.57,12.25,18.7,25201.601923827,24.309729207512337,-121.97754883269582,3,2
2012-04-11 08:51:02.120355+00:00,3.49,7.79,11.92,2138.912417596115,14.551086548842065,-137.77212317551607,4,1
2012-04-11 08:55:02.120355+00:00,3.56,7.96,12.17,2119.4709379962305,14.457376188015958,-137.9595438971683,5,1
2012-04-11 09:00:02.120355+00:00,3.56,7.96,12.17,2119.4709379962305,14.457376188015958,-137.9595438971683,5,1
2012-04-11 09:04:02.120355+00:00,3.87,8.62,13.18,2112.6044702565023,14.554462409420346,-137.76537145435952,4,1
2012-04-11 09:08:02.120355+00:00,3.81,8.51,13.01,2105.738002516774,14.457376188015958,-137.9595438971683,3,1
2012-04-13 11:30:02.126522+00:00,12.88,27.17,40.0,13308.329173801096,23.9661013153613,-124.10230307230164,3,1
2012-04-13 11:31:02.126522+00:00,12.88,27.17,40.0,13308.329173801096,23.9661013153613,-124.10230307230164,3,2
2012-04-13 21:24:02.128064+00:00,6.25,13.69,20.87,1969.199776082855,17.54693546103423,-133.7967756185359,14,1
2012-04-13 21:25:02.128064+00:00,5.86,12.86,19.63,2156.536014071415,17.83419042633694,-133.22226568793047,16,1
2012-04-13 21:27:02.128064+00:00,4.57,10.15,15.5,2378.9470137165317,18.03557315330989,-132.81950023398457,20,2
2012-04-13 21:29:02.128064+00:00,4.57,10.15,15.5,3079.738805240176,18.290667376663585,-132.30931178727718,25,2
2012-04-13 21:30:02.128064+00:00,4.41,9.8,14.97,3186.9966267193404,18.9335739719412,-131.02349859672194,28,1
2012-04-13 21:31:02.128064+00:00,3.9,8.7,13.3,3749.817461263565,19.170226726024215,-130.55019308855591,31,2
2012-04-13 21:32:02.128064+00:00,4.13,9.18,14.04,4233.322726757442,19.497100158375687,-129.89644622385296,33,2
2012-04-13 21:33:02.128064+00:00,4.14,9.22,14.09,4913.276156135401,19.938769276074694,-129.01310798845498,36,2
2012-04-13 21:34:02.128064+00:00,3.52,7.88,12.05,6075.657291853956,20.22913125648143,-128.43238402764146,39,2
2012-04-13 21:35:02.128064+00:00,40.0,40.0,40.0,7500.067172502377,20.817397069213783,-127.25585240217676,40,2
2012-04-13 21:36:02.128064+00:00,2.15,4.84,7.42,8284.648139051307,21.297418523107403,-126.29580949438952,43,2
2012-04-13 21:37:02.128064+00:00,2.54,5.72,8.76,9501.649123203026,21.492702438337957,-125.90524166392842,44,2
2012-04-13 21:38:02.128064+00:00,2.59,5.82,8.91,10406.926873099852,21.79573372973332,-125.29917908113772,46,3
2012-04-13 21:39:02.128064+00:00,2.52,5.67,8.68,10823.451897206232,21.928256778826537,-125.03413298295128,47,2
2012-04-13 21:40:02.128064+00:00,2.43,5.46,8.36,14185.834343291628,22.65163203227415,-123.58738247605604,48,3
2012-04-13 21:41:02.128064+00:00,2.23,5.02,7.68,15485.920820714986,22.6834142994605,-123.52381794168336,50,3
2012-04-13 21:42:02.128064+00:00,2.04,4.6,7.05,16955.77473189184,22.759544131156673,-123.371558278291,51,2
2012-04-13 21:43:02.128064+00:00,38.3,40.0,40.0,17358.71201952821,23.004308222045296,-122.88203009651374,50,3
2012-04-13 21:44:02.128064+00:00,37.53,40.0,40.0,18109.515969952252,23.06923065354555,-122.75218523351325,51,3
2012-04-13 21:45:02.128064+00:00,2.35,5.3,8.11,18597.422785394057,23.246954556125523,-122.3967374283533,52,3
2012-04-13 21:46:02.128064+00:00,2.45,5.51,8.44,18619.744847633912,23.423215486956835,-122.04421556669068,53,3
2012-04-13 21:47:02.128064+00:00,2.38,5.35,8.19,18597.422785394057,23.41542389224,-122.05979875612434,54,2
2012-04-13 21:48:02.128064+00:00,2.35,5.3,8.11,18885.173556684786,23.423215486956835,-122.04421556669068,53,3
2012-04-13 21:49:02.128064+00:00,2.25,5.07,7.77,18752.45920215935,23.41542389224,-122.05979875612434,54,3
2012-04-13 21:50:02.128064+00:00,2.18,4.9,7.51,18619.744847633912,23.40763229752316,-122.07538194555802,55,2
2012-04-13 21:51:02.128064+00:00,2.18,4.9,7.51,18752.45920215935,23.41542389224,-122.05979875612434,54,3
2012-04-13 21:52:02.128064+00:00,2.01,4.54,6.96,18597.422785394057,23.41542389224,-122.05979875612434,54,3
2012-04-13 21:53:02.128064+00:00,2.01,4.54,6.96,18619.744847633912,23.08627681472788,-122.71809291114856,53,2
2012-04-13 21:54:02.128064+00:00,2.3,5.19,7.94,17705.207057221567,23.037389130484627,-122.81586827963508,51,2
2012-04-13 21:55:02.128064+00:00,2.28,5.13,7.86,17358.71201952821,22.863555346787063,-123.16353584703025,48,4
2012-04-13 21:56:02.128064+00:00,2.38,5.35,8.19,15364.078787337983,22.582954878506207,-123.72473678359194,48,3
2012-04-13 21:57:02.128064+00:00,2.2,4.96,7.6,13290.777211554729,22.495952120136497,-123.89874230033136,48,2
2012-04-13 21:58:02.128064+00:00,2.35,5.3,8.11,11800.168794352165,22.120088036078553,-124.65047046844724,47,3
2012-04-13 21:59:02.128064+00:00,2.28,5.13,7.86,11251.962247689144,21.708435546340496,-125.47377544792334,47,3
2012-04-13 22:00:02.128064+00:00,2.35,5.3,8.11,11155.81428025595,21.702401462813043,-125.48584361497824,45,3
2012-04-13 22:01:02.128064+00:00,3.0,6.73,10.29,10933.285389705212,21.66789261528318,-125.55486131003798,42,2
2012-04-13 22:02:02.128064+00:00,3.65,8.16,12.47,8392.336117227605,21.0933860286222,-126.70387448335994,40,3
2012-04-13 22:04:02.128064+00:00,0.01,0.02,0.04,6386.477563244891,20.9453209677647,-127.00000460507492,36,1
2012-04-13 22:05:02.128064+00:00,18.52,38.41,40.0,5772.467726373213,20.819552314830204,-127.25154191094391,33,2
2012-04-13 22:06:02.128064+00:00,0.0,0.01,0.04,5657.404982031028,20.598340933008473,-127.6939646745874,30,2
2012-04-13 22:07:02.128064+00:00,1.87,4.22,6.46,5138.898065354078,20.342870854981705,-128.20490483064094,27,2
2012-04-13 22:08:02.128064+00:00,1.58,3.58,5.48,3353.213615402868,19.96395164483624,-128.96274325093185,25,2
2012-04-13 22:09:02.128064+00:00,2.15,4.84,7.42,3262.2134317437444,18.978294222331847,-130.93405809594066,22,2
2012-04-13 22:11:02.128064+00:00,16.01,33.42,40.0,2320.188077886816,18.37139150546365,-132.14786352967704,16,1
2012-04-17 10:27:02.128858+00:00,28.67,40.0,40.0,2541.4973892336525,21.68123150941222,-129.3655935668874,3,3
2012-04-17 17:42:02.120400+00:00,17.53,36.43,40.0,11629.641521895852,24.461754559189984,-124.1574033954775,3,3
2012-04-18 03:58:02.121942+00:00,25.37,40.0,40.0,4044.480858500545,22.59157464249619,-128.4907457535961,3,1
2012-04-18 03:59:02.121942+00:00,25.37,40.0,40.0,4044.480858500545,22.59157464249619,-128.4907457535961,3,2
2012-04-20 01:20:02.128110+00:00,29.53,40.0,40.0,1925.6686049277073,21.487618269672247,-128.42755688043158,3,1
2012-04-20 01:21:02.128110+00:00,29.53,40.0,40.0,1925.6686049277073,21.487618269672247,-128.42755688043158,3,2
2012-04-20 17:52:02.129652+00:00,6.04,13.25,20.2,1801.3348782083958,18.4983594788261,-131.6925356175933,8,1
2012-04-20 17:53:02.129652+00:00,6.16,13.5,20.59,1902.8382007315845,18.65634779292247,-131.37655898940056,10,1
2012-04-20 17:54:02.129652+00:00,5.37,11.83,18.06,2285.216359586659,19.042660479058465,-130.60393361712858,12,1
2012-04-20 17:57:02.129652+00:00,2.98,6.68,10.22,3413.9755562251394,19.609092654501325,-129.47106926624286,20,1
2012-04-20 18:00:02.129652+00:00,30.49,40.0,40.0,5008.574745230052,20.16728541971407,-128.35468373581736,29,1
2012-04-20 18:01:02.129652+00:00,30.11,40.0,40.0,5025.043638729601,20.55279314752008,-127.58366828020534,32,2
2012-04-20 18:02:02.129652+00:00,30.06,40.0,40.0,5609.311092503856,20.675837051589568,-127.33758047206636,35,2
2012-04-20 18:03:02.129652+00:00,30.44,40.0,40.0,6267.87405668734,20.93531684433211,-126.81862088658129,36,2
2012-04-20 18:04:02.129652+00:00,31.11,40.0,40.0,6707.310615307072,21.010447609646526,-126.66835935595245,38,2
2012-04-20 18:05:02.129652+00:00,31.51,40.0,40.0,6901.374071441327,21.19610342726112,-126.29704772072328,40,2
2012-04-20 18:06:02.129652+00:00,31.69,40.0,40.0,7142.863224898232,21.21991623505315,-126.24942210513922,42,3
2012-04-20 18:07:02.129652+00:00,31.69,40.0,40.0,6901.374071441327,21.19610342726112,-126.29704772072328,44,3
2012-04-20 18:08:02.129652+00:00,31.69,40.0,40.0,6842.574231621319,21.21991623505315,-126.24942210513922,46,3
2012-04-20 18:09:02.129652+00:00,31.69,40.0,40.0,6901.374071441327,21.21991623505315,-126.24942210513922,48,4
2012-04-20 18:10:02.129652+00:00,31.75,40.0,40.0,6801.882229418482,21.22554959286997,-126.23815538950556,51,2
2012-04-20 18:11:02.129652+00:00,31.75,40.0,40.0,6801.882229418482,21.22554959286997,-126.23815538950556,51,3
2012-04-20 18:12:02.129652+00:00,31.69,40.0,40.0,6883.266233824156,21.231485709276523,-126.22628315669246,49,4
2012-04-20 18:13:02.129652+00:00,31.69,40.0,40.0,6901.374071441327,21.281245567400617,-126.12676344044428,48,2
2012-04-20 18:14:02.129652+00:00,31.69,40.0,40.0,6901.374071441327,21.367965292598477,-125.95332399004856,46,3
2012-04-20 18:15:02.129652+00:00,31.75,40.0,40.0,6901.374071441327,21.420910930435113,-125.84743271437527,44,2
2012-04-20 18:16:02.129652+00:00,31.75,40.0,40.0,6842.574231621319,21.367965292598477,-125.95332399004856,44,2
2012-04-20 18:17:02.129652+00:00,31.69,40.0,40.0,7269.780390880021,21.436896701197988,-125.81546117284952,41,2
2012-04-20 18:18:02.129652+00:00,31.86,40.0,40.0,7035.831310149251,21.549731511061037,-125.58979155312343,40,3
2012-04-20 18:19:02.129652+00:00,31.92,40.0,40.0,5991.953477442346,21.53374574029817,-125.6217630946492,38,3
2012-04-20 18:20:02.129652+00:00,31.98,40.0,40.0,5704.166716046898,21.33100542552471,-126.02724372419608,35,1
2012-04-20 18:21:02.129652+00:00,6.28,13.75,20.97,5656.738904275377,21.27827750919734,-126.1326995568508,32,2
2012-04-20 18:22:02.129652+00:00,6.28,13.75,20.97,5207.182931879827,21.20834676082978,-126.27256105358596,29,1
2012-04-20 18:25:02.129652+00:00,34.5,40.0,40.0,3140.830643114558,20.127076297804926,-128.43510197963565,21,1
2012-04-20 18:26:02.129652+00:00,0.76,1.73,2.65,2997.110619442181,19.6631045479135,-129.36304547941853,19,2
2012-04-20 18:27:02.129652+00:00,5.12,11.3,17.26,2743.258892882192,19.537635100119928,-129.61398437500566,17,1
2012-04-20 18:28:02.129652+00:00,40.0,40.0,40.0,2711.1949492626313,19.06656696274562,-130.55612064975426,14,2
2012-04-22 01:40:02.124277+00:00,6.43,14.06,21.44,1755.328167734906,15.419559331996808,-133.074494407567,3,1
2012-04-22 01:47:02.124277+00:00,7.39,16.05,24.45,2059.261376353688,15.510511787863972,-132.89258949583268,4,1
2012-04-22 01:48:02.124277+00:00,7.43,16.14,24.59,2059.261376353688,15.510511787863972,-132.89258949583268,4,1
2012-04-22 01:54:02.124277+00:00,7.69,16.67,25.38,2363.19458497247,15.601464243731137,-132.71068458409837,3,1
2012-04-24 13:23:02.121987+00:00,17.58,36.53,40.0,2356.687946103319,17.714082942200616,-131.38015862112712,17,2
2012-04-24 13:24:02.121987+00:00,18.66,38.68,40.0,2260.3863561388425,17.679725578140648,-131.44887334924707,18,1
2012-04-24 13:25:02.121987+00:00,18.58,38.52,40.0,2260.3863561388425,17.765950005474636,-131.2764244945791,20,1
2012-04-24 13:26:02.121987+00:00,18.58,38.52,40.0,2356.687946103319,17.81781706874866,-131.17269036803106,23,3
2012-04-24 13:27:02.121987+00:00,9.14,19.65,29.87,2381.331438990126,17.873671210169412,-131.06098208518955,25,2
2012-04-24 13:28:02.121987+00:00,18.71,38.78,40.0,2436.4215105349035,18.06320138312281,-130.68192173928276,27,2
2012-04-24 13:29:02.121987+00:00,20.64,40.0,40.0,2484.971004761645,18.102345204786,-130.60363409595638,29,1
2012-04-24 13:30:02.121987+00:00,18.84,39.05,40.0,2498.266249777736,18.289186553766065,-130.22995139799622,32,1
2012-04-24 13:31:02.121987+00:00,18.84,39.05,40.0,2498.266249777736,18.289186553766065,-130.22995139799622,34,2
2012-04-24 13:32:02.121987+00:00,17.65,36.68,40.0,2502.267600211863,18.341164720814792,-130.12599506389878,36,1
2012-04-24 13:33:02.121987+00:00,18.52,38.41,40.0,2504.658910837034,18.34161731585822,-130.12508987381193,37,1
2012-04-24 13:34:02.121987+00:00,19.14,39.64,40.0,2532.926266829775,18.34424121219201,-130.11984208114433,39,2
2012-04-24 13:35:02.121987+00:00,19.7,40.0,40.0,2504.658910837034,18.34161731585822,-130.12508987381193,41,3
2012-04-24 13:36:02.121987+00:00,19.9,40.0,40.0,2532.926266829775,18.34161731585822,-130.12508987381193,41,2
2012-04-24 13:37:02.121987+00:00,20.52,40.0,40.0,2548.93459493497,18.342929264025116,-130.12246597747813,40,2
2012-04-24 13:38:02.121987+00:00,21.01,40.0,40.0,2563.742973836028,18.342929264025116,-130.12246597747813,40,2
2012-04-24 13:39:02.121987+00:00,20.76,40.0,40.0,2570.870040758853,18.34161731585822,-130.12508987381193,39,2
2012-04-24 13:40:02.121987+00:00,20.76,40.0,40.0,2570.870040758853,18.34161731585822,-130.12508987381193,39,3
2012-04-24 13:41:02.121987+00:00,21.07,40.0,40.0,2570.870040758853,18.340712125771365,-130.12690025398564,37,2
2012-04-24 13:42:02.121987+00:00,24.24,40.0,40.0,2570.870040758853,18.34161731585822,-130.12508987381193,35,2
2012-04-24 13:43:02.121987+00:00,22.87,40.0,40.0,2573.027342882483,18.289639148809492,-130.2290462079094,34,3
2012-04-24 13:44:02.121987+00:00,22.46,40.0,40.0,2575.1846450061134,18.34161731585822,-130.12508987381193,33,2
2012-04-24 13:45:02.121987+00:00,23.76,40.0,40.0,3018.1993273055205,18.34161731585822,-130.12508987381193,31,3
2012-04-24 13:46:02.121987+00:00,20.88,40.0,40.0,3111.9619411855965,18.342929264025116,-130.12246597747813,28,2
2012-04-24 13:47:02.121987+00:00,20.79,40.0,40.0,3111.9619411855965,18.27520968147173,-130.25790514258492,26,3
2012-04-24 13:48:02.121987+00:00,21.25,40.0,40.0,2890.4546000358932,18.118982239241696,-130.57036002704496,24,1
2012-04-25 11:02:02.123529+00:00,21.41,40.0,40.0,7035.293157542709,23.658032705124196,-122.2462978701351,3,2
2012-04-25 11:03:02.123529+00:00,21.41,40.0,40.0,7035.293157542709,23.658032705124196,-122.2462978701351,3,1
2012-04-27 11:34:02.129697+00:00,40.0,40.0,40.0,4255.923797491477,25.230274555659143,-120.93778219967191,3,3
2012-04-30 10:55:02.128949+00:00,7.64,16.58,25.24,5071.523044027956,16.852655524829608,-137.89851203210776,3,1
2012-04-30 11:03:02.128949+00:00,5.12,11.3,17.26,5491.4170603253115,16.852655524829608,-137.89851203210776,3,1
2012-04-30 11:12:02.128949+00:00,4.57,10.15,15.5,6416.074757290438,17.587601340521157,-136.42862040072464,4,1
2012-04-30 11:17:02.128949+00:00,4.24,9.44,14.42,6841.457996259834,17.980780918438334,-135.6422612448903,3,1
2012-04-30 11:22:02.128949+00:00,4.09,9.11,13.92,6841.457996259834,17.980780918438334,-135.6422612448903,3,1
2012-04-30 14:10:02.120491+00:00,2.38,5.35,8.19,2318.598769908436,16.99149028281762,-135.2197726673706,5,1
2012-04-30 14:12:02.120491+00:00,2.81,6.31,9.66,2318.598769908436,16.99149028281762,-135.2197726673706,5,1
2012-04-30 14:13:02.120491+00:00,2.87,6.45,9.87,2318.598769908436,16.99149028281762,-135.2197726673706,5,2
2012-04-30 14:15:02.120491+00:00,2.87,6.45,9.87,2339.469691635645,16.934750391412848,-135.33325245018014,6,1
2012-04-30 14:24:02.120491+00:00,12.53,26.46,40.0,2360.340613362855,15.322691478393129,-138.5573702762196,3,1
2012-04-30 14:52:02.120491+00:00,1.84,4.15,6.36,3613.823188206837,15.927177503767712,-137.3483982254704,3,1
2012-04-30 15:02:02.120491+00:00,0.01,0.02,0.02,3605.988157967586,16.142755626672702,-136.91724197966042,4,1
2012-04-30 15:07:02.120491+00:00,11.28,23.97,36.38,3350.593799873557,16.46827967510282,-136.26619388280017,4,1
2012-04-30 15:11:02.120491+00:00,10.91,23.22,35.25,3103.0344720187786,16.35833374957769,-136.48608573385044,5,1
2012-04-30 15:16:02.120491+00:00,16.26,33.92,40.0,3103.0344720187786,16.35833374957769,-136.48608573385044,5,1
2012-04-30 15:21:02.120491+00:00,16.68,34.75,40.0,2599.7460195486074,15.53347370123127,-138.1358058305433,3,1
2012-04-30 15:25:02.120491+00:00,16.73,34.85,40.0,2599.7460195486074,15.53347370123127,-138.1358058305433,3,1
2012-04-30 16:00:02.120491+00:00,5.79,12.74,19.43,2726.7460319737456,15.435819315754756,-138.33111460149632,4,1
2012-04-30 16:04:02.120491+00:00,5.79,12.74,19.43,2726.7460319737456,15.435819315754756,-138.33111460149632,4,1
2012-04-30 16:09:02.120491+00:00,5.86,12.86,19.63,3225.091574720038,15.75729223734871,-137.6881687583084,4,1
2012-04-30 16:16:02.120491+00:00,5.49,12.09,18.46,3468.2759527051926,16.05340247512113,-137.09594828276357,3,1
2012-04-30 16:38:02.120491+00:00,5.96,13.09,19.96,2415.486597264859,15.669752219607911,-137.86324879379,3,1
2012-04-30 16:40:02.120491+00:00,5.96,13.09,19.96,2415.486597264859,15.669752219607911,-137.86324879379,3,1
2012-04-30 16:46:02.120491+00:00,2.87,6.45,9.87,3345.722988251152,15.911725996603192,-137.37930123979945,4,1
2012-04-30 18:24:02.120491+00:00,3.32,7.42,11.36,3386.4683067274736,15.538284676774332,-138.12618387945716,4,1
2012-04-30 18:29:02.120491+00:00,2.7,6.07,9.29,3392.612353577048,15.522184496902913,-138.15838423920002,3,1
2012-04-30 18:34:02.120491+00:00,2.25,5.07,7.77,3265.0132716308444,15.364223455759994,-138.47430632148584,4,1
2012-04-30 18:39:02.120491+00:00,2.87,6.45,9.87,2756.500300589625,14.912774052048816,-139.3772051289082,4,1
2012-04-30 18:45:02.120491+00:00,3.39,7.59,11.61,2188.3446908420065,14.50721230472804,-140.18832862354975,3,1
2012-05-01 08:42:02.122033+00:00,3.04,6.82,10.43,16699.707115287085,24.49060715127245,-124.78759226957531,3,3
2012-05-01 19:55:02.123574+00:00,3.08,6.91,10.57,1566.9786438558294,14.800383934731716,-139.41101123762073,3,1
2012-05-01 19:59:02.123574+00:00,3.51,7.84,11.98,1583.153602420663,14.738686590269657,-139.53440592654485,4,1
2012-05-01 20:02:02.123574+00:00,3.43,7.67,11.74,1583.153602420663,14.738686590269657,-139.53440592654485,4,1
2012-05-01 20:08:02.123574+00:00,3.78,8.43,12.89,1599.3285609854963,14.800383934731716,-139.41101123762073,3,1
2012-05-03 21:35:02.129742+00:00,38.56,40.0,40.0,56550.65859198124,25.270671374132565,-123.02756897602342,3,3
2012-05-06 13:15:02.128994+00:00,9.47,20.32,30.88,4558.274961347046,21.72828493186839,-128.45434466586352,3,1
2012-05-06 13:16:02.128994+00:00,9.47,20.32,30.88,4558.274961347046,21.72828493186839,-128.45434466586352,3,2
2012-05-06 15:33:02.128994+00:00,0.0,0.01,0.04,19792.1013462119,24.695291627901188,-122.52033127379792,3,2
2012-05-06 15:34:02.128994+00:00,0.0,0.01,0.04,19792.1013462119,24.695291627901188,-122.52033127379792,3,1
2012-05-07 20:02:02.122078+00:00,27.48,40.0,40.0,14062.31000078166,27.32218797643312,-115.79247894772584,6,1
2012-05-07 20:03:02.122078+00:00,27.48,40.0,40.0,14062.31000078166,27.32218797643312,-115.79247894772584,6,3
2012-05-07 20:04:02.122078+00:00,27.48,40.0,40.0,14062.31000078166,27.32218797643312,-115.79247894772584,6,2
2012-05-08 18:09:02.125162+00:00,6.22,13.62,20.78,2538.6985649327335,16.16446922678917,-131.60696925003046,18,2
2012-05-08 18:11:02.125162+00:00,6.77,14.78,22.53,2538.6985649327335,16.02392389821903,-131.8880599071707,22,1
2012-05-08 18:12:02.125162+00:00,7.66,16.61,25.29,2538.6985649327335,16.02392389821903,-131.8880599071707,24,1
2012-05-08 18:13:02.125162+00:00,8.68,18.7,28.44,2554.351626700459,16.049794282939295,-131.8363191377302,25,4
2012-05-08 18:14:02.125162+00:00,8.85,19.04,28.96,2554.351626700459,16.049794282939295,-131.8363191377302,27,1
2012-05-08 18:15:02.125162+00:00,9.81,21.0,31.9,2560.4140886203113,16.05009473177018,-131.83571824006845,30,3
2012-05-08 18:16:02.125162+00:00,10.25,21.88,33.24,2566.4765505401633,16.049794282939295,-131.8363191377302,31,2
2012-05-08 18:17:02.125162+00:00,9.02,19.39,29.49,2679.550783653589,16.092789678320514,-131.75032834696776,34,1
2012-05-08 18:18:02.125162+00:00,7.61,16.52,25.15,2774.606829042753,16.16446922678917,-131.60696925003046,36,2
2012-05-08 18:19:02.125162+00:00,8.16,17.63,26.84,2779.568790579386,16.19375427753837,-131.54839914853204,37,3
2012-05-08 18:20:02.125162+00:00,9.02,19.39,29.49,2849.1391524467153,16.3172273002831,-131.3014531030426,39,1
2012-05-08 18:21:02.125162+00:00,8.82,18.98,28.87,2878.2401642150153,16.331439070601228,-131.27302956240635,41,2
2012-05-08 18:22:02.125162+00:00,8.37,18.07,27.5,2878.2401642150153,16.42667736935994,-131.08255296488892,43,2
2012-05-08 18:23:02.125162+00:00,7.9,17.11,26.04,2912.622303686183,16.61344904231685,-130.7090096189751,44,1
2012-05-08 18:24:02.125162+00:00,7.78,16.86,25.66,2947.00444315735,16.707864765539313,-130.5201781725302,45,2
2012-05-08 18:25:02.125162+00:00,7.76,16.83,25.62,3160.636910032422,16.84820550665765,-130.23949669029352,45,2
2012-05-08 18:26:02.125162+00:00,7.48,16.24,24.73,3202.5944073763303,16.91304008731028,-130.10982752898826,44,2
2012-05-08 18:27:02.125162+00:00,7.61,16.52,25.15,3247.264585209833,17.023979014534433,-129.88794967453993,44,3
2012-05-08 18:28:02.125162+00:00,7.57,16.42,25.01,3290.490184097779,17.05414663370615,-129.8276144361965,46,2
2012-05-08 18:29:02.125162+00:00,7.19,15.65,23.84,3387.5518238604436,17.094529384817662,-129.74684893397347,46,3
2012-05-08 18:30:02.125162+00:00,7.45,16.18,24.64,3460.4468549909893,17.22746112321979,-129.4809854571692,46,2
2012-05-08 18:31:02.125162+00:00,7.54,16.36,24.92,3395.767480962415,17.255869968515537,-129.42416776657774,46,3
2012-05-08 18:32:02.125162+00:00,7.52,16.33,24.87,3367.8268232341907,17.2653170329845,-129.4052736376398,45,3
2012-05-08 18:33:02.125162+00:00,7.48,16.24,24.73,3330.0305608696576,17.2653170329845,-129.4052736376398,47,3
2012-05-08 18:34:02.125162+00:00,7.54,16.36,24.92,3330.0305608696576,17.2653170329845,-129.4052736376398,47,3
2012-05-08 18:35:02.125162+00:00,7.49,16.27,24.78,3330.0305608696576,17.265397714754783,-129.40511227409922,45,2
2012-05-08 18:36:02.125162+00:00,7.42,16.11,24.54,3285.922012343387,17.265397714754783,-129.40511227409922,45,2
2012-05-08 18:37:02.125162+00:00,7.51,16.3,24.82,3285.922012343387,17.277946292609663,-129.38001511838948,43,2
2012-05-08 18:38:02.125162+00:00,7.6,16.49,25.1,3268.435909834644,17.271672003682223,-129.39256369624434,42,3
2012-05-08 18:39:02.125162+00:00,7.52,16.33,24.87,3264.750687718576,17.271672003682223,-129.39256369624434,42,2
2012-05-08 18:40:02.125162+00:00,7.49,16.27,24.78,3285.922012343387,17.33163153797005,-129.27264462766868,39,2
2012-05-08 18:41:02.125162+00:00,7.48,16.24,24.73,3285.922012343387,17.344765904816665,-129.24637589397548,37,2
2012-05-08 18:42:02.125162+00:00,7.51,16.3,24.82,3509.920541296732,17.442743261588653,-129.0504211804315,36,1
2012-05-08 18:43:02.125162+00:00,7.82,16.95,25.81,3733.919070250077,17.360110851169544,-129.21568600126972,35,3
2012-05-08 18:44:02.125162+00:00,7.87,17.04,25.95,3285.922012343387,17.195206641444024,-129.54549442072076,33,2
2012-05-08 18:45:02.125162+00:00,7.91,17.14,26.09,2719.5841473909672,17.0889241871893,-129.7580593292302,34,1
2012-05-08 18:46:02.125162+00:00,8.04,17.39,26.46,2607.507941942281,17.018580455882052,-129.8987467918447,32,1
2012-05-08 18:47:02.125162+00:00,7.93,17.17,26.13,2489.4200817233504,16.83071293797604,-130.27448182765673,31,1
2012-05-08 18:48:02.125162+00:00,8.75,18.85,28.68,2395.683929906691,16.812584504737774,-130.31073869413325,29,2
2012-05-08 18:50:02.125162+00:00,10.21,21.81,33.14,2001.739605618647,16.40780833172553,-131.12029104015772,27,1
2012-05-08 18:51:02.125162+00:00,10.88,23.15,35.15,1964.461752013653,16.31920867819418,-131.29749034722045,26,2
2012-05-08 18:52:02.125162+00:00,11.2,23.8,36.12,1927.1838984086592,16.255056858034724,-131.42579398753935,27,1
2012-05-08 18:53:02.125162+00:00,10.71,22.81,34.64,1894.9428994033933,16.203068292067734,-131.5297711194733,24,2
2012-05-08 18:54:02.125162+00:00,14.28,29.97,40.0,1824.1766691795128,16.048513707586302,-131.8388802884362,22,1
2012-05-08 18:55:02.125162+00:00,14.75,30.92,40.0,1862.701900398127,15.928017189734518,-132.07987332413975,21,2
2012-05-08 18:57:02.125162+00:00,14.88,31.17,40.0,1862.701900398127,15.901779970986832,-132.13234776163517,19,1
2012-05-08 18:59:02.125162+00:00,15.35,32.1,40.0,1932.220753008387,15.914898580360674,-132.10611054288745,16,2
2012-05-08 19:00:02.125162+00:00,15.68,32.76,40.0,1932.220753008387,15.914898580360674,-132.10611054288745,16,1
2012-05-08 19:01:02.125162+00:00,15.77,32.93,40.0,2001.739605618647,15.901779970986832,-132.13234776163517,15,3
2012-05-10 03:32:02.129788+00:00,26.68,40.0,40.0,2002.248133183852,20.032897012657056,-131.61139119627987,3,1
2012-05-10 03:33:02.129788+00:00,26.68,40.0,40.0,2002.248133183852,20.032897012657056,-131.61139119627987,3,2
2012-05-10 15:58:02.121329+00:00,29.64,40.0,40.0,9067.718482913337,24.270773358240284,-120.95457416343471,3,2
2012-05-10 15:59:02.121329+00:00,29.64,40.0,40.0,9067.718482913337,24.270773358240284,-120.95457416343471,3,1
2012-05-15 02:15:02.125207+00:00,5.87,12.9,19.67,10571.328421687122,22.91001115009096,-124.54192302774146,4,1
2012-05-15 02:16:02.125207+00:00,5.87,12.9,19.67,10571.328421687122,22.91001115009096,-124.54192302774146,4,3
2012-05-17 06:53:02.121375+00:00,5.58,12.29,18.75,2224.313575903424,17.208764754832906,-128.27285730848536,11,1
2012-05-17 06:55:02.121375+00:00,5.46,12.03,18.36,2224.313575903424,17.208764754832906,-128.27285730848536,11,2
2012-05-17 06:56:02.121375+00:00,5.49,12.09,18.46,2224.313575903424,17.208764754832906,-128.27285730848536,11,2
2012-05-17 06:57:02.121375+00:00,5.44,11.99,18.31,2224.313575903424,17.208764754832906,-128.27285730848536,11,3
2012-05-17 06:58:02.121375+00:00,5.54,12.19,18.6,2224.313575903424,17.208764754832906,-128.27285730848536,11,1
2012-05-17 07:01:02.121375+00:00,6.59,14.41,21.96,2240.5505901455067,17.3679258454589,-127.95453512723336,12,1
2012-05-17 07:02:02.121375+00:00,6.61,14.44,22.01,2240.5505901455067,17.3679258454589,-127.95453512723336,12,1
2012-05-17 07:08:02.121375+00:00,5.66,12.45,18.99,2363.1650362032005,17.458564750371924,-127.77325731740731,4,1
2012-05-18 23:35:02.126001+00:00,6.59,14.41,21.96,2752.5923064432172,15.662499301821608,-140.05960440667266,3,1
2012-05-18 23:45:02.126001+00:00,6.41,14.03,21.39,5585.695029499245,17.335695029635005,-136.71321295104588,3,1
2012-05-18 23:50:02.126001+00:00,5.41,11.93,18.21,6245.951360425158,17.625841006299453,-136.13292099771698,3,1
2012-05-18 23:56:02.126001+00:00,4.66,10.32,15.77,6245.951360425158,17.625841006299453,-136.13292099771698,3,1
2012-05-19 22:04:02.129085+00:00,31.86,40.0,40.0,4689.826192268473,21.269560034111205,-121.12987742042972,3,2
2012-05-19 22:05:02.129085+00:00,31.86,40.0,40.0,4689.826192268473,21.269560034111205,-121.12987742042972,3,1
2012-05-20 01:56:02.120627+00:00,40.0,40.0,40.0,6175.28782923992,23.25007103426995,-121.04711111628234,3,1
2012-05-20 01:57:02.120627+00:00,40.0,40.0,40.0,6175.28782923992,23.25007103426995,-121.04711111628234,3,2
2012-05-22 14:42:02.128336+00:00,6.29,13.78,21.01,3423.3425735678143,21.68759359036094,-126.7408686252947,4,1
2012-05-22 14:43:02.128336+00:00,6.29,13.78,21.01,3423.3425735678143,21.68759359036094,-126.7408686252947,4,3
2012-05-22 23:34:02.128336+00:00,40.0,40.0,40.0,5231.611355541476,21.96602050735484,-126.18401479130692,3,3
2012-05-23 11:05:02.129878+00:00,9.79,20.96,31.86,5274.029274176826,22.6952904097424,-123.3108098886818,3,1
2012-05-23 11:06:02.129878+00:00,9.79,20.96,31.86,5274.029274176826,22.6952904097424,-123.3108098886818,3,2
2012-05-23 20:38:02.121420+00:00,37.53,40.0,40.0,31040.827456704745,26.12113860975598,-116.73900002318678,3,2
2012-05-23 20:39:02.121420+00:00,37.53,40.0,40.0,31040.827456704745,26.12113860975598,-116.73900002318678,3,1
2012-05-24 14:37:02.124504+00:00,7.7,16.7,25.43,2128.201606690555,15.042475186194633,-141.4680127718988,3,1
2012-05-24 14:43:02.124504+00:00,6.89,15.03,22.9,2448.1343480854675,15.368364409547327,-140.81623432519342,3,1
2012-05-24 14:48:02.124504+00:00,6.08,13.34,20.35,2679.14820941801,15.517403070011053,-140.51815700426596,3,1
2012-05-24 14:54:02.124504+00:00,5.83,12.8,19.53,4644.5947774557035,16.669927070223647,-138.21310900384077,3,1
2012-05-24 15:01:02.124504+00:00,5.57,12.25,18.7,6220.0792648799825,17.220350157088582,-137.1122628301109,4,1
2012-05-24 15:04:02.124504+00:00,5.1,11.27,17.21,7373.112003191522,17.545333518442064,-136.46229610740392,4,1
2012-05-24 15:07:02.124504+00:00,5.1,11.27,17.21,7373.112003191522,17.545333518442064,-136.46229610740392,4,1
2012-05-24 15:13:02.124504+00:00,4.91,10.87,16.6,6874.015932482768,17.272004832996398,-137.00895347829527,4,1
2012-05-24 15:20:02.124504+00:00,4.14,9.22,14.09,6950.660254078782,17.319893792930607,-136.91317555842684,3,1
2012-05-24 15:29:02.124504+00:00,3.58,8.0,12.23,11153.688111961706,18.37014642980722,-134.81267028467363,3,1
2012-05-24 15:35:02.124504+00:00,3.3,7.38,11.29,11967.901215486982,18.74389663088418,-134.0651698825197,3,1
2012-05-24 15:41:02.124504+00:00,2.85,6.4,9.8,11967.901215486982,18.91803283617707,-133.71689747193392,3,1
2012-05-24 15:47:02.124504+00:00,3.2,7.17,10.97,11121.18154377395,18.91803283617707,-133.71689747193392,3,1
2012-05-24 15:53:02.124504+00:00,3.51,7.84,11.98,9560.210258325786,18.275996145955936,-135.0009708523762,3,1
2012-05-24 16:00:02.124504+00:00,7.72,16.73,25.48,9272.095493167202,18.275996145955936,-135.0009708523762,3,1
2012-05-24 16:08:02.124504+00:00,3.74,8.35,12.77,6634.223880997501,17.90723343866749,-135.7384962669531,4,1
2012-05-24 16:13:02.124504+00:00,2.83,6.36,9.73,5633.763387370332,17.58635517786391,-136.38025278856026,5,1
2012-05-24 16:16:02.124504+00:00,2.77,6.22,9.51,6184.885622330845,17.655289026804198,-136.24238509067968,6,1
2012-05-24 16:19:02.124504+00:00,3.3,7.38,11.29,4291.411854377472,16.610363520362604,-138.33223610356288,6,1
2012-05-24 16:22:02.124504+00:00,3.71,8.27,12.65,5633.763387370332,17.58635517786391,-136.38025278856026,7,1
2012-05-24 16:25:02.124504+00:00,5.23,11.54,17.61,5536.318413299309,16.78807828030391,-137.97680658368026,7,1
2012-05-24 16:27:02.124504+00:00,5.23,11.54,17.61,5693.2623390534845,17.18721672908391,-137.17852968612027,6,1
2012-05-24 16:31:02.124504+00:00,5.67,12.48,19.04,5850.20626480766,17.847813481085705,-135.85733618211663,7,1
2012-05-24 16:33:02.124504+00:00,5.43,11.96,18.26,6194.96134152927,17.936263097289,-135.68043694971004,6,1
2012-05-24 16:37:02.124504+00:00,5.2,11.47,17.51,6194.96134152927,17.936263097289,-135.68043694971004,6,1
2012-05-24 16:40:02.124504+00:00,5.15,11.37,17.36,7375.970424626348,17.936263097289,-135.68043694971004,6,1
2012-05-24 16:44:02.124504+00:00,3.87,8.62,13.18,8212.224431001818,18.434694922705575,-134.68357329887692,5,1
2012-05-24 16:49:02.124504+00:00,4.51,10.01,15.29,9480.731104858623,18.642160359328997,-134.26864242563005,5,1
2012-05-24 16:51:02.124504+00:00,3.97,8.85,13.53,9480.731104858623,18.819741540462523,-133.913480063363,5,1
2012-05-24 16:58:02.124504+00:00,3.95,8.81,13.47,10094.225378494277,18.873515362449695,-133.80593241938868,5,1
2012-05-24 16:59:02.124504+00:00,3.95,8.81,13.47,10094.225378494277,18.873515362449695,-133.80593241938868,5,1
2012-05-24 17:04:02.124504+00:00,3.62,8.08,12.35,13187.806726614008,18.91658670995471,-133.71978972437864,5,1
2012-05-24 17:11:02.124504+00:00,3.14,7.04,10.77,13966.297385256925,19.091142177424945,-133.3706787894382,5,1
2012-05-24 17:14:02.124504+00:00,3.37,7.55,11.55,14612.463728391262,19.077863814872632,-133.3972355145428,6,1
2012-05-24 17:17:02.124504+00:00,3.47,7.75,11.86,12912.71955173746,18.899904382036823,-133.75315438021445,6,1
2012-05-24 17:19:02.124504+00:00,3.47,7.75,11.86,12912.71955173746,18.899904382036823,-133.75315438021445,6,1
2012-05-24 17:23:02.124504+00:00,3.78,8.43,12.89,12810.727436206293,18.899904382036823,-133.75315438021445,6,1
2012-05-24 17:26:02.124504+00:00,3.83,8.54,13.06,15054.645840463269,19.064585452320323,-133.4237922396474,5,1
2012-05-24 17:30:02.124504+00:00,4.02,8.96,13.7,9303.76642055555,18.452977047847895,-134.64700904859228,5,1
2012-05-24 17:37:02.124504+00:00,11.98,25.38,38.5,8122.57469501198,17.909078671305302,-135.73480580167745,4,1
2012-05-24 17:39:02.124504+00:00,36.96,40.0,40.0,8122.57469501198,17.909078671305302,-135.73480580167745,4,1
2012-05-24 17:46:02.124504+00:00,15.79,32.98,40.0,7149.589089538458,17.909078671305302,-135.73480580167745,4,1
2012-05-24 17:53:02.124504+00:00,16.61,34.61,40.0,6941.38296946841,17.889852438644272,-135.7732582669995,3,1
2012-05-24 18:01:02.124504+00:00,2.77,6.22,9.51,7357.795209608507,18.61706382751563,-134.3188354892568,3,1
2012-05-24 18:06:02.124504+00:00,3.14,7.04,10.77,9420.38845375784,17.433356253690945,-136.68625063690618,4,1
2012-05-24 18:12:02.124504+00:00,2.57,5.77,8.83,14977.4061535032,18.96583504573745,-133.62129305281317,3,1
2012-05-24 18:15:02.124504+00:00,3.74,8.35,12.77,11177.211895425888,18.082521117091694,-135.38792091010467,4,1
2012-05-24 18:23:02.124504+00:00,5.23,11.54,17.61,7377.017637348574,17.199207188445946,-137.15454876739616,3,1
2012-05-24 18:29:02.124504+00:00,5.5,12.12,18.5,4900.994189560086,16.785318102360133,-137.9823269395678,3,1
2012-05-24 18:34:02.124504+00:00,6.55,14.31,21.82,2945.5937720490265,16.785318102360133,-137.9823269395678,3,1
2012-05-24 18:42:02.124504+00:00,7.49,16.27,24.78,2405.508682724032,15.322833926157804,-140.90729529197245,3,1
2012-05-24 18:51:02.124504+00:00,25.95,40.0,40.0,2640.4912912935924,15.610177657101948,-140.33260783008416,4,1
2012-05-24 18:55:02.124504+00:00,6.65,14.53,22.15,3012.984843295442,15.610177657101948,-140.33260783008416,4,1
2012-05-24 18:59:02.124504+00:00,6.22,13.62,20.78,3150.4957867277294,15.740180039569312,-140.07260306514945,5,1
2012-05-24 19:03:02.124504+00:00,5.07,11.2,17.11,3267.178674385292,15.983365236374231,-139.58623267153962,5,1
2012-05-24 19:08:02.124504+00:00,8.4,18.13,27.59,3289.449361817518,15.99981944265354,-139.55332425898098,5,1
2012-05-24 19:12:02.124504+00:00,4.74,10.49,16.03,3755.415402955138,16.109400868804073,-139.33416140667993,5,1
2012-05-24 19:16:02.124504+00:00,4.16,9.26,14.15,3959.294802325008,16.311103351876483,-138.9307564405351,5,1
2012-05-24 19:20:02.124504+00:00,4.16,9.26,14.15,3959.294802325008,16.311103351876483,-138.9307564405351,5,1
2012-05-24 19:23:02.124504+00:00,4.11,9.15,13.98,3959.294802325008,16.311103351876483,-138.9307564405351,5,1
2012-05-24 19:27:02.124504+00:00,3.95,8.81,13.47,3110.242807338746,16.168008899074998,-139.21694534613806,5,1
2012-05-24 19:31:02.124504+00:00,3.99,8.89,13.58,2901.4031149355415,15.95637063397898,-139.6402218763301,4,1
2012-05-24 19:35:02.124504+00:00,5.4,11.9,18.16,2692.563422532337,15.74473236888296,-140.06349840652214,3,1
2012-05-26 11:16:02.129129+00:00,40.0,40.0,40.0,9265.123275738555,24.3491454291429,-123.4276269713021,5,1
2012-05-26 11:17:02.129129+00:00,20.25,40.0,40.0,9265.123275738555,24.3491454291429,-123.4276269713021,5,3
2012-05-26 11:18:02.129129+00:00,40.0,40.0,40.0,9265.123275738555,24.3491454291429,-123.4276269713021,5,1
2012-05-27 00:02:02.122213+00:00,11.32,24.04,36.49,8080.21106213024,21.8903785859994,-129.56252438241603,3,1
2012-05-27 00:03:02.122213+00:00,11.32,24.04,36.49,8080.21106213024,21.8903785859994,-129.56252438241603,3,2
2012-05-27 04:29:02.122213+00:00,5.81,12.77,19.48,2990.3107287671437,15.421660094108686,-142.49996136619745,3,1
2012-05-27 04:35:02.122213+00:00,5.52,12.16,18.55,5175.377705759043,16.670042616578044,-140.00319632125874,3,1
2012-05-27 04:41:02.122213+00:00,5.01,11.07,16.9,7869.488129374204,17.326090796164376,-138.69109996208607,4,1
2012-05-27 04:46:02.122213+00:00,4.78,10.6,16.19,8749.951703851586,17.53952978924095,-138.26422197593294,3,1
2012-05-27 04:51:02.122213+00:00,4.74,10.49,16.03,7910.026233416933,17.381078225622332,-138.58112510317017,3,1
2012-05-27 04:57:02.122213+00:00,4.23,9.4,14.37,9092.20800718712,17.540584553479093,-138.26211244745664,4,1
2012-05-27 05:01:02.122213+00:00,4.02,8.96,13.7,10466.349484021606,17.752927289960816,-137.8374269744932,4,1
2012-05-27 05:06:02.122213+00:00,4.02,8.96,13.7,10466.349484021606,17.752927289960816,-137.8374269744932,4,1
2012-05-27 05:10:02.122213+00:00,3.52,7.88,12.05,10837.63500441725,18.05386768939082,-137.2355461756332,4,1
2012-05-27 05:16:02.122213+00:00,3.51,7.84,11.98,12266.641725400226,18.51790817792019,-136.30746519857445,4,1
2012-05-27 05:21:02.122213+00:00,3.45,7.71,11.8,13154.64860086962,18.616290767856817,-136.1107000187012,3,1
2012-05-27 05:25:02.122213+00:00,3.58,8.0,12.23,12713.621757169763,18.53279114159198,-136.2776992712309,4,1
2012-05-27 05:32:02.122213+00:00,4.11,9.15,13.98,10843.117799099906,18.17762781625386,-136.9880259219071,4,1
2012-05-27 05:37:02.122213+00:00,4.33,9.62,14.7,10307.60074826898,17.93573004452415,-137.47182146536653,3,1
2012-05-27 05:42:02.122213+00:00,5.12,11.3,17.26,9834.598663971949,17.79528175703993,-137.75271804033497,4,1
2012-05-27 05:48:02.122213+00:00,5.49,12.09,18.46,5477.013542053347,16.457295762200346,-140.42869003001414,4,1
2012-05-27 05:54:02.122213+00:00,4.29,9.55,14.59,4794.7749260505425,16.312923212774805,-140.71743512886522,5,1
2012-05-27 05:56:02.122213+00:00,4.49,9.97,15.24,4717.418059727442,16.22584574275856,-140.8915900688977,6,1
2012-05-27 05:59:02.122213+00:00,4.11,9.15,13.98,4446.098955005997,15.994949961744831,-141.35338163092518,6,1
2012-05-27 06:02:02.122213+00:00,4.11,9.15,13.98,4252.1367166076525,15.851131650747352,-141.64101825292013,7,1
2012-05-27 06:05:02.122213+00:00,3.69,8.23,12.59,3917.072520429023,15.737262193415528,-141.86875716758377,7,1
2012-05-27 06:08:02.122213+00:00,2.68,6.02,9.22,3917.072520429023,15.737262193415528,-141.86875716758377,7,1
2012-05-27 06:09:02.122213+00:00,2.47,5.56,8.52,3771.39428074164,15.727035746041787,-141.88921006233124,6,1
2012-05-27 06:13:02.122213+00:00,0.0,0.01,0.04,2825.6350257093013,15.159286033567804,-143.0247094872792,7,1
2012-05-27 06:15:02.122213+00:00,5.16,11.4,17.41,2825.6350257093013,15.159286033567804,-143.0247094872792,7,1
2012-05-27 06:19:02.122213+00:00,4.64,10.29,15.71,3225.675533381779,15.438047666117928,-142.46718622217898,6,1
2012-05-27 06:22:02.122213+00:00,4.61,10.22,15.61,2825.6350257093013,15.159286033567804,-143.0247094872792,5,1
2012-05-27 06:27:02.122213+00:00,5.44,11.99,18.31,3510.683946041302,15.701299867154203,-141.94068182010642,4,1
2012-05-27 06:34:02.122213+00:00,5.12,11.3,17.26,5611.889255480707,16.880139877682637,-139.58300179904955,3,1
2012-05-27 06:39:02.122213+00:00,4.8,10.63,16.24,10642.933218367582,18.186107448620223,-136.9710666571744,3,1
2012-05-27 06:45:02.122213+00:00,7.22,15.71,23.93,10861.183641185711,18.498207762533365,-136.34686602934812,4,1
2012-05-27 06:50:02.122213+00:00,7.22,15.71,23.93,10642.933218367582,18.909760626453902,-135.52376030150702,5,1
2012-05-27 06:55:02.122213+00:00,7.22,15.71,23.93,12046.645858462438,18.909760626453902,-135.52376030150702,5,2
2012-05-27 06:58:02.122213+00:00,7.22,15.71,23.93,12046.645858462438,18.909760626453902,-135.52376030150702,5,1
2012-05-27 07:04:02.122213+00:00,7.22,15.71,23.93,12046.645858462438,18.909760626453902,-135.52376030150702,5,1
2012-05-27 07:11:02.122213+00:00,4.64,10.29,15.71,7195.040300129944,17.514127910063458,-138.3150257342879,3,1
2012-05-27 07:17:02.122213+00:00,5.1,11.27,17.21,5926.569809445463,16.67636100083211,-139.9905595527506,3,1
2012-05-27 07:22:02.122213+00:00,5.75,12.64,19.29,2573.481379891619,15.197160777340136,-142.94895999973454,3,1
2012-05-28 08:31:02.125297+00:00,37.37,40.0,40.0,7291.244639712022,22.93235007406404,-127.70533437703294,4,3
2012-05-28 08:32:02.125297+00:00,37.37,40.0,40.0,7291.244639712022,22.93235007406404,-127.70533437703294,4,1
2012-05-29 05:08:02.128381+00:00,8.28,17.88,27.21,2151.0922541333443,23.382162540718365,-121.96333009040148,3,1
2012-05-29 05:09:02.128381+00:00,8.28,17.88,27.21,2151.0922541333443,23.382162540718365,-121.96333009040148,3,2
2012-05-29 09:19:02.128381+00:00,39.65,40.0,40.0,2989.128545933609,19.504847020628763,-129.7179611305807,4,1
2012-05-29 09:23:02.128381+00:00,39.65,40.0,40.0,2989.128545933609,19.504847020628763,-129.7179611305807,4,2
2012-05-29 09:24:02.128381+00:00,39.65,40.0,40.0,2989.128545933609,19.504847020628763,-129.7179611305807,4,1
2012-05-30 13:49:02.123007+00:00,6.17,13.53,20.63,5766.294371699387,24.056259723043578,-123.10524432907778,3,2
2012-05-30 13:50:02.123007+00:00,6.17,13.53,20.63,5766.294371699387,24.056259723043578,-123.10524432907778,3,1
2012-05-31 07:32:02.124549+00:00,9.89,21.16,32.15,1692.6397043620468,15.081661868988496,-140.18027854091014,3,1
2012-05-31 07:36:02.124549+00:00,9.16,19.68,29.92,1999.557406076817,15.583159341945084,-139.17728359499696,3,1
2012-05-31 07:43:02.124549+00:00,6.43,14.06,21.44,1999.557406076817,15.583159341945084,-139.17728359499696,3,1
2012-05-31 07:49:02.124549+00:00,4.99,11.04,16.85,1613.431522854763,15.084682693159271,-140.1742368925686,3,1
2012-05-31 13:33:02.126091+00:00,31.11,40.0,40.0,3164.201659194078,22.220255690902153,-127.0107531024345,3,1
2012-05-31 13:34:02.126091+00:00,31.11,40.0,40.0,3164.201659194078,22.220255690902153,-127.0107531024345,3,2
2012-06-01 21:41:02.129175+00:00,5.4,11.9,18.16,9750.135211924506,25.29681663606987,-122.61031364365545,5,2
2012-06-01 21:42:02.129175+00:00,5.4,11.9,18.16,9750.135211924506,25.29681663606987,-122.61031364365545,5,2
2012-06-01 21:43:02.129175+00:00,5.4,11.9,18.16,9750.135211924506,25.29681663606987,-122.61031364365545,5,1
2012-06-05 01:51:02.129968+00:00,0.0,0.01,0.04,23611.626986549614,26.255028752866604,-120.73521675999316,6,2
2012-06-05 01:52:02.129968+00:00,0.0,0.01,0.04,23611.626986549614,26.255028752866604,-120.73521675999316,6,2
2012-06-05 01:53:02.129968+00:00,0.0,0.01,0.04,23611.626986549614,26.255028752866604,-120.73521675999316,6,2
2012-06-05 19:16:02.121510+00:00,5.23,11.54,17.61,1790.7329543527374,18.0359215825198,-132.52286042141736,3,1
2012-06-06 07:57:02.123052+00:00,9.79,20.96,31.86,21450.446394112827,26.443477241366267,-118.86325541531846,6,3
2012-06-06 07:58:02.123052+00:00,9.79,20.96,31.86,21450.446394112827,26.443477241366267,-118.86325541531846,6,3
2012-06-06 19:30:02.124594+00:00,9.81,21.0,31.9,4675.887976796244,18.832405471205828,-128.41119018333285,23,1
2012-06-06 19:31:02.124594+00:00,9.97,21.32,32.39,4280.145252325988,18.820387853076085,-128.43522541959234,26,2
2012-06-06 19:32:02.124594+00:00,9.89,21.16,32.15,3943.7893302768903,18.832405471205828,-128.41119018333285,27,2
2012-06-06 19:33:02.124594+00:00,9.89,21.16,32.15,3943.7893302768903,18.832405471205828,-128.41119018333285,29,3
2012-06-06 19:34:02.124594+00:00,9.76,20.9,31.76,4280.145252325988,18.836001939004767,-128.403997247735,30,2
2012-06-06 19:35:02.124594+00:00,12.36,26.13,39.63,4280.145252325988,18.836001939004767,-128.403997247735,32,3
2012-06-06 19:36:02.124594+00:00,12.86,27.13,40.0,3716.383419952284,18.808370234946345,-128.45926065585184,35,2
2012-06-06 19:37:02.124594+00:00,12.71,26.83,40.0,3863.05553586196,18.808370234946345,-128.45926065585184,37,2
2012-06-06 19:38:02.124594+00:00,12.92,27.24,40.0,3716.383419952284,18.69669514578091,-128.6826108341827,39,3
2012-06-06 19:39:02.124594+00:00,13.37,28.16,40.0,3863.05553586196,18.69669514578091,-128.6826108341827,41,2
2012-06-06 19:40:02.124594+00:00,13.64,28.7,40.0,4040.250050113292,18.820387853076085,-128.43522541959234,44,3
2012-06-06 19:41:02.124594+00:00,13.55,28.5,40.0,4376.60597216239,18.85512459608903,-128.36575193356646,44,1
2012-06-06 19:42:02.124594+00:00,14.14,29.69,40.0,4693.102958762383,18.96255828440948,-128.15088455692558,44,2
2012-06-06 19:43:02.124594+00:00,14.42,30.26,40.0,5056.497664294311,19.146203553892164,-127.78359401796018,44,2
2012-06-06 19:44:02.124594+00:00,7.58,16.45,25.06,5072.853495981317,19.101506066826197,-127.87298899209212,45,1
2012-06-06 19:45:02.124594+00:00,7.42,16.11,24.54,5366.630865138026,19.08416572151922,-127.90766968270609,44,3
2012-06-06 19:46:02.124594+00:00,7.3,15.87,24.17,5239.04005224778,18.93675907579466,-128.2024829741552,45,2
2012-06-06 19:47:02.124594+00:00,14.12,29.65,40.0,5056.497664294311,18.89182141461302,-128.2923582965185,46,2
2012-06-06 19:48:02.124594+00:00,13.84,29.09,40.0,4816.397650959679,18.83114168615775,-128.413717753429,44,2
2012-06-06 19:49:02.124594+00:00,13.26,27.93,40.0,4264.634202238547,18.732994717926125,-128.61001168989227,44,3
2012-06-06 19:50:02.124594+00:00,14.04,29.49,40.0,4040.250050113292,18.689247595462533,-128.69750593481945,42,2
2012-06-06 19:51:02.124594+00:00,14.12,29.65,40.0,4392.5576345274,18.69669514578091,-128.6826108341827,39,3
2012-06-06 19:52:02.124594+00:00,14.04,29.49,40.0,4551.437787627961,18.59616691154458,-128.88366730265537,38,2
2012-06-06 19:53:02.124594+00:00,14.0,29.41,40.0,4551.437787627961,18.59616691154458,-128.88366730265537,36,2
2012-06-06 19:54:02.124594+00:00,13.86,29.13,40.0,4264.634202238547,18.465264980646676,-129.14547116445118,36,3
2012-06-06 19:55:02.124594+00:00,7.18,15.62,23.79,4264.634202238547,18.465264980646676,-129.14547116445118,34,3
2012-06-06 19:56:02.124594+00:00,7.22,15.71,23.93,4710.317940728523,18.495638677308243,-129.08472377112804,31,3
2012-06-06 19:57:02.124594+00:00,7.18,15.62,23.79,4710.317940728523,18.495638677308243,-129.08472377112804,29,1
2012-06-06 19:58:02.124594+00:00,7.21,15.68,23.89,4922.477361190834,18.769294290071336,-128.53741254560185,27,2
2012-06-06 19:59:02.124594+00:00,7.24,15.74,23.98,4922.477361190834,18.769294290071336,-128.53741254560185,25,1
2012-06-06 20:04:02.124594+00:00,12.36,26.13,39.63,3427.854323396825,17.644380083519607,-130.7872409587053,12,1
2012-06-08 17:11:02.120762+00:00,5.18,11.44,17.46,3404.1466167575213,15.285092705903876,-141.0329688550137,3,1
2012-06-08 17:17:02.120762+00:00,4.41,9.8,14.97,2905.496556766376,15.216851633876336,-141.1694509990688,3,1
2012-06-08 17:53:02.120762+00:00,3.34,7.46,11.42,6526.545543513372,17.167678448231346,-137.26779737035878,3,1
2012-06-08 17:59:02.120762+00:00,15.44,32.28,40.0,7316.044830129462,17.61113762143851,-136.38087902394443,4,1
2012-06-08 18:04:02.120762+00:00,40.0,40.0,40.0,6442.750338775461,17.167678448231346,-137.26779737035878,3,1
2012-06-08 18:09:02.120762+00:00,40.0,40.0,40.0,6803.030818177678,17.85629977108395,-135.89055472465358,3,1
2012-06-08 18:15:02.120762+00:00,40.0,40.0,40.0,6803.030818177678,17.85629977108395,-135.89055472465358,3,1
2012-06-08 18:24:02.120762+00:00,2.18,4.9,7.51,5832.0461196709475,17.326930464756842,-136.94929333730778,4,1
2012-06-08 18:28:02.120762+00:00,2.47,5.56,8.52,4861.061421164217,17.164489128084643,-137.27417601065218,3,1
2012-06-08 18:34:02.120762+00:00,3.26,7.3,11.16,7144.775899387264,17.489371801429044,-136.62441066396337,3,1
2012-06-08 18:40:02.120762+00:00,3.18,7.12,10.9,7624.330437350909,17.548314323131603,-136.50652562055828,3,1
2012-06-08 18:47:02.120762+00:00,3.54,7.92,12.11,7624.330437350909,17.548314323131603,-136.50652562055828,3,1
2012-06-08 18:53:02.120762+00:00,3.56,7.96,12.17,6573.225369763439,17.09682136353667,-137.4095115397481,4,1
2012-06-08 18:59:02.120762+00:00,3.65,8.16,12.47,6152.726226282773,16.961999274182617,-137.67915571845623,3,1
2012-06-08 19:03:02.120762+00:00,3.78,8.43,12.89,5710.6656930710205,16.63816270395262,-138.32682885891623,3,1
2012-06-08 19:11:02.120762+00:00,4.14,9.22,14.09,4462.4190805696635,16.163238547707365,-139.27667717140673,3,1
2012-06-10 09:19:02.125388+00:00,7.49,16.27,24.78,3031.8662367290563,18.28472384546981,-134.67132620960135,3,2
2012-06-10 09:20:02.125388+00:00,7.55,16.39,24.96,3031.8662367290563,18.28472384546981,-134.67132620960135,3,1
2012-06-10 13:34:02.126929+00:00,26.72,40.0,40.0,23161.3319243825,26.42823520028445,-119.3399496618788,10,3
2012-06-10 13:35:02.126929+00:00,26.72,40.0,40.0,23161.3319243825,26.42823520028445,-119.3399496618788,10,3
2012-06-10 13:42:02.126929+00:00,26.72,40.0,40.0,23161.3319243825,26.42823520028445,-119.3399496618788,10,1
2012-06-10 13:43:02.126929+00:00,26.72,40.0,40.0,23161.3319243825,26.42823520028445,-119.3399496618788,10,2
2012-06-10 13:44:02.126929+00:00,26.72,40.0,40.0,23161.3319243825,26.25487508614999,-119.68666989014773,8,1
2012-06-11 08:21:02.128471+00:00,5.87,12.9,19.67,90529.613372694,29.93122377805266,-113.20227294943798,3,2
2012-06-11 08:23:02.128471+00:00,5.87,12.9,19.67,90529.613372694,29.93122377805266,-113.20227294943798,3,1
2012-06-13 14:51:02.126181+00:00,16.61,34.61,40.0,1792.9694082721549,16.22375982894337,-139.18870119699335,4,1
2012-06-13 14:53:02.126181+00:00,15.01,31.42,40.0,1761.693362158983,16.157606005204343,-139.3210088444714,5,1
2012-06-13 14:54:02.126181+00:00,15.16,31.72,40.0,1761.693362158983,16.157606005204343,-139.3210088444714,5,1
2012-06-13 14:56:02.126181+00:00,14.73,30.87,40.0,1697.4751693149803,16.108680109135207,-139.41886063660968,6,1
2012-06-13 15:01:02.126181+00:00,14.42,30.26,40.0,1697.4751693149803,16.108680109135207,-139.41886063660968,6,1
2012-06-13 15:05:02.126181+00:00,14.44,30.3,40.0,1598.3108423075855,15.556151966963172,-140.52391692095375,3,1
2012-06-16 22:04:02.125433+00:00,40.0,40.0,40.0,4253.59692768567,22.957098440790663,-117.15460375447326,4,1
2012-06-16 22:05:02.125433+00:00,40.0,40.0,40.0,4253.59692768567,22.957098440790663,-117.15460375447326,4,3
2012-06-19 20:05:02.124685+00:00,26.29,40.0,40.0,2151.5044273886715,18.634356956938557,-129.59071794380253,17,2
2012-06-19 20:06:02.124685+00:00,27.76,40.0,40.0,2169.5109143892596,18.672674399835657,-129.51408305800834,18,1
2012-06-19 20:08:02.124685+00:00,27.85,40.0,40.0,2302.2015338883657,18.96990149605875,-128.91962886556215,23,2
2012-06-19 20:09:02.124685+00:00,28.09,40.0,40.0,2621.479938977491,19.114978073518184,-128.62947571064328,25,1
2012-06-19 20:10:02.124685+00:00,27.95,40.0,40.0,2760.5208578283964,19.12103282470058,-128.6173662082785,26,1
2012-06-19 20:11:02.124685+00:00,27.9,40.0,40.0,2621.479938977491,19.114978073518184,-128.62947571064328,27,3
2012-06-19 20:12:02.124685+00:00,27.9,40.0,40.0,2485.273864990086,18.916873207406773,-129.02568544286612,30,2
2012-06-19 20:13:02.124685+00:00,27.85,40.0,40.0,2485.273864990086,18.916873207406773,-129.02568544286612,32,2
2012-06-19 20:14:02.124685+00:00,27.81,40.0,40.0,2527.9216928870323,18.863844918754797,-129.1317420201701,33,2
2012-06-19 20:15:02.124685+00:00,27.95,40.0,40.0,2534.2198909134704,18.916873207406773,-129.02568544286612,32,1
2012-06-19 20:16:02.124685+00:00,27.9,40.0,40.0,2527.9216928870323,18.863844918754797,-129.1317420201701,33,3
2012-06-19 20:17:02.124685+00:00,27.9,40.0,40.0,2527.9216928870323,18.863844918754797,-129.1317420201701,33,2
2012-06-19 20:18:02.124685+00:00,27.9,40.0,40.0,2534.2198909134704,18.916873207406773,-129.02568544286612,32,2
2012-06-19 20:19:02.124685+00:00,27.85,40.0,40.0,2527.9216928870323,18.863844918754797,-129.1317420201701,31,1
2012-06-19 20:20:02.124685+00:00,27.81,40.0,40.0,2540.5180889399085,18.863844918754797,-129.1317420201701,29,2
2012-06-19 20:21:02.124685+00:00,27.67,40.0,40.0,2540.5180889399085,18.863844918754797,-129.1317420201701,27,1
2012-06-19 20:22:02.124685+00:00,27.81,40.0,40.0,2621.479938977491,18.863844918754797,-129.1317420201701,25,3
2012-06-19 20:23:02.124685+00:00,28.09,40.0,40.0,2899.5617766793016,19.114978073518184,-128.62947571064328,23,2
2012-06-19 20:25:02.124685+00:00,28.28,40.0,40.0,2899.5617766793016,18.863844918754797,-129.1317420201701,19,2
2012-06-19 20:26:02.124685+00:00,10.91,23.22,35.25,2720.039932809605,18.83071360411216,-129.19800464945533,18,1
2012-06-20 21:46:02.127769+00:00,40.0,40.0,40.0,22601.95268680094,28.056384428867847,-114.87312956045446,4,2
2012-06-20 21:47:02.127769+00:00,7.13,15.53,23.65,22601.95268680094,28.056384428867847,-114.87312956045446,4,2
2012-06-21 18:25:02.120853+00:00,8.07,17.45,26.56,14873.968300461376,23.72327584172024,-126.01889052847268,4,1
2012-06-21 18:26:02.120853+00:00,8.07,17.45,26.56,14873.968300461376,23.72327584172024,-126.01889052847268,4,3
2012-06-22 20:02:02.123936+00:00,6.49,14.19,21.63,1684.9388528112347,17.70842926277726,-133.84122439392397,9,2
2012-06-22 20:06:02.123936+00:00,6.56,14.34,21.87,2092.2129224901764,18.28629425354431,-132.68549441238986,20,1
2012-06-22 20:07:02.123936+00:00,6.95,15.15,23.09,2335.7948728106576,18.57297984217099,-132.1121232351365,23,1
2012-06-22 20:09:02.123936+00:00,27.85,40.0,40.0,2848.0327090865185,18.97899307820075,-131.30009676307697,29,1
2012-06-22 20:10:02.123936+00:00,27.48,40.0,40.0,2914.3506137802615,18.999047740085395,-131.25998743930768,31,2
2012-06-22 20:11:02.123936+00:00,30.88,40.0,40.0,3029.5347570306258,19.49622087339591,-130.26564117268668,34,1
2012-06-22 20:12:02.123936+00:00,29.58,40.0,40.0,3292.127168306748,20.09949699923633,-129.05908892100584,35,2
2012-06-22 20:13:02.123936+00:00,2.57,5.77,8.83,4012.1757078339015,20.240173163607004,-128.7777365922645,36,2
2012-06-22 20:14:02.123936+00:00,31.69,40.0,40.0,4930.952945338929,20.328039212296257,-128.602004494886,38,3
2012-06-22 20:15:02.123936+00:00,32.66,40.0,40.0,5356.653500564103,20.988214705411497,-127.2816535086555,41,3
2012-06-22 20:16:02.123936+00:00,2.98,6.68,10.22,7416.999725891979,21.088409235329785,-127.08126444881891,43,3
2012-06-22 20:17:02.123936+00:00,2.96,6.64,10.15,7637.90604547775,21.31344748829868,-126.63118794288113,45,3
2012-06-22 20:18:02.123936+00:00,2.4,5.41,8.28,8053.1069687393665,21.343812141782735,-126.570458635913,48,3
2012-06-22 20:19:02.123936+00:00,32.16,40.0,40.0,8129.852499026555,21.405979158822237,-126.446124601834,50,2
2012-06-22 20:20:02.123936+00:00,31.98,40.0,40.0,8620.014728738057,21.544011273904605,-126.17006037166928,51,3
2012-06-22 20:21:02.123936+00:00,31.92,40.0,40.0,8497.356373840332,21.665610504137945,-125.9268619112026,54,3
2012-06-22 20:22:02.123936+00:00,32.04,40.0,40.0,8620.014728738057,21.691490585994742,-125.87510174748898,55,2
2012-06-22 20:23:02.123936+00:00,32.1,40.0,40.0,8497.356373840332,21.730740112868748,-125.796602693741,56,2
2012-06-22 20:24:02.123936+00:00,31.98,40.0,40.0,9172.95362347861,21.740142978489377,-125.77779696249974,55,3
2012-06-22 20:25:02.123936+00:00,31.8,40.0,40.0,9172.95362347861,21.740142978489377,-125.77779696249974,55,2
2012-06-22 20:26:02.123936+00:00,31.75,40.0,40.0,9666.733132096382,21.810545528664612,-125.63699186214926,54,3
2012-06-22 20:27:02.123936+00:00,31.8,40.0,40.0,9666.733132096382,21.810545528664612,-125.63699186214926,54,3
2012-06-22 20:28:02.123936+00:00,31.86,40.0,40.0,9666.733132096382,21.810545528664612,-125.63699186214926,54,3
2012-06-22 20:29:02.123936+00:00,31.98,40.0,40.0,10091.248915716007,21.880948078839847,-125.49618676179878,53,3
2012-06-22 20:30:02.123936+00:00,31.92,40.0,40.0,10176.231023245376,21.883480491842008,-125.49112193579448,52,3
2012-06-22 20:31:02.123936+00:00,31.92,40.0,40.0,8773.825821210608,21.730740112868748,-125.796602693741,52,3
2012-06-22 20:32:02.123936+00:00,31.98,40.0,40.0,7962.640998733005,21.668751351084197,-125.92058021731007,53,4
2012-06-22 20:33:02.123936+00:00,32.41,40.0,40.0,6930.079753926473,21.45885791854253,-126.3403670823934,54,2
2012-06-22 20:34:02.123936+00:00,31.63,40.0,40.0,6901.356015636628,20.989044951598828,-127.27999301628084,54,3
2012-06-22 20:35:02.123936+00:00,31.16,40.0,40.0,6503.019699884741,20.76265887558516,-127.73276516830816,53,2
2012-06-22 20:36:02.123936+00:00,31.86,40.0,40.0,5914.9779384579915,20.685367274125134,-127.8873483712282,52,2
2012-06-22 20:37:02.123936+00:00,30.06,40.0,40.0,5630.167441947446,20.652998477841223,-127.95208596379604,50,3
2012-06-22 20:38:02.123936+00:00,28.28,40.0,40.0,4535.716403137111,20.3672943249338,-128.52349426961086,47,2
2012-06-22 20:39:02.123936+00:00,26.63,40.0,40.0,4343.91591382934,20.23938345975601,-128.77931599996646,45,2
2012-06-22 20:40:02.123936+00:00,21.96,40.0,40.0,3959.600526548344,20.10040184058802,-129.05727923830244,46,2
2012-06-22 20:41:02.123936+00:00,21.44,40.0,40.0,3763.766635030899,20.023085241910408,-129.21191243565767,44,3
2012-06-22 20:42:02.123936+00:00,21.6,40.0,40.0,3870.878618067748,19.848596857155524,-129.56088920516743,43,3
2012-06-22 20:43:02.123936+00:00,21.73,40.0,40.0,3656.65465199405,19.355435637637314,-130.54721164420386,41,2
2012-06-22 20:44:02.123936+00:00,21.63,40.0,40.0,3168.3413344232704,19.219728388271612,-130.81862614293524,39,3
2012-06-22 20:45:02.123936+00:00,21.54,40.0,40.0,3129.9391288815623,19.079308678006345,-131.0994655634658,36,2
2012-06-22 20:46:02.123936+00:00,21.63,40.0,40.0,3071.1836388971624,18.975320990964217,-131.30744093755004,34,1
2012-06-22 20:47:02.123936+00:00,21.63,40.0,40.0,3050.8303544544697,18.94897058008616,-131.36014175930617,31,1
2012-06-22 20:48:02.123936+00:00,21.63,40.0,40.0,3091.536923339854,18.94360621496407,-131.37087048955033,29,1
2012-06-22 20:49:02.123936+00:00,21.63,40.0,40.0,3071.1836388971624,18.933408867607906,-131.39126518426266,26,1
2012-06-22 20:50:02.123936+00:00,21.63,40.0,40.0,3091.536923339854,18.94360621496407,-131.37087048955033,25,2
2012-06-22 20:51:02.123936+00:00,21.63,40.0,40.0,3071.1836388971624,18.91025364721024,-131.437575625058,22,3
2012-06-22 20:52:02.123936+00:00,40.0,40.0,40.0,2667.26059792713,18.89729577416874,-131.463491371141,19,2
2012-06-23 18:09:02.127020+00:00,14.94,31.29,40.0,6079.380922351392,21.314890814685032,-131.18066535582304,3,3
2012-06-24 10:49:02.128562+00:00,24.05,40.0,40.0,7377.251849736328,23.517673539382585,-126.78361339199613,5,2
2012-06-24 10:50:02.128562+00:00,24.05,40.0,40.0,7377.251849736328,23.517673539382585,-126.78361339199613,5,3
2012-06-24 20:56:02.120104+00:00,13.43,28.27,40.0,2046.4854268904355,15.524901688893491,-135.4744050395067,3,1
2012-06-24 21:02:02.120104+00:00,0.0,0.02,0.04,2091.4512347777973,16.386281070402386,-133.75164627648894,13,1
2012-06-24 21:05:02.120104+00:00,7.72,16.73,25.48,2430.5044111119305,16.792644724231067,-132.9389189688316,20,1
2012-06-24 21:07:02.120104+00:00,7.88,17.07,25.99,3037.720572391164,17.365311527700378,-131.79358536189295,24,1
2012-06-24 21:08:02.120104+00:00,7.67,16.64,25.34,3158.596442426754,17.43622300290204,-131.65176241148964,27,2
2012-06-24 21:09:02.120104+00:00,6.59,14.41,21.96,3314.740739503837,17.564205052913007,-131.3957983114677,30,2
2012-06-24 21:10:02.120104+00:00,6.56,14.34,21.87,3572.2614853780183,17.80164026326845,-130.9209278907568,32,1
2012-06-24 21:11:02.120104+00:00,6.5,14.22,21.68,3572.2614853780183,17.80164026326845,-130.9209278907568,34,3
2012-06-24 21:12:02.120104+00:00,6.38,13.97,21.3,3317.1779092961165,17.64886672380208,-131.22647496968955,37,1
2012-06-24 21:13:02.120104+00:00,6.38,13.97,21.3,3317.1779092961165,17.95441380273482,-130.61538081182408,37,2
2012-06-24 21:14:02.120104+00:00,6.47,14.16,21.58,3314.740739503837,17.77283127748897,-130.97854586231577,40,3
2012-06-24 21:15:02.120104+00:00,6.7,14.63,22.29,3314.740739503837,17.844861131613147,-130.8344861540674,42,3
2012-06-24 21:16:02.120104+00:00,6.61,14.44,22.01,3314.740739503837,17.844861131613147,-130.8344861540674,44,3
2012-06-24 21:17:02.120104+00:00,6.65,14.53,22.15,3312.303569711558,17.792926432050436,-130.93835555319285,47,3
2012-06-24 21:18:02.120104+00:00,6.92,15.09,23.0,3785.361476739477,17.92820419727057,-130.66780002275257,48,2
2012-06-24 21:19:02.120104+00:00,6.94,15.12,23.04,3827.34506145992,18.02689003535071,-130.4704283465923,47,3
2012-06-24 21:20:02.120104+00:00,7.01,15.28,23.28,3785.361476739477,18.04089636663072,-130.4424156840323,48,2
2012-06-24 21:21:02.120104+00:00,7.12,15.49,23.61,3743.377892019033,18.110628650777507,-130.30295111573872,49,2
2012-06-24 21:22:02.120104+00:00,7.09,15.43,23.51,3292.5987861047074,18.06438144460641,-130.3954455280809,50,2
2012-06-24 21:23:02.120104+00:00,7.09,15.43,23.51,3272.894002497857,18.02689003535071,-130.4704283465923,51,3
2012-06-24 21:24:02.120104+00:00,7.13,15.53,23.65,3188.115463209516,18.05294648374302,-130.41831544980766,51,3
2012-06-24 21:25:02.120104+00:00,7.07,15.4,23.47,3173.355952818135,18.06340333752256,-130.39740174224858,50,2
2012-06-24 21:26:02.120104+00:00,6.83,14.91,22.72,3111.1708105612624,18.039918259546862,-130.4443718982,48,3
2012-06-24 21:27:02.120104+00:00,6.67,14.56,22.2,3029.9651883101633,17.90199459180632,-130.72021923368106,47,3
2012-06-24 21:28:02.120104+00:00,24.05,40.0,40.0,2923.0956083362917,17.852644931846847,-130.8189185536,47,2
2012-06-24 21:29:02.120104+00:00,8.29,17.91,27.26,2722.8298646602534,17.786091050042828,-130.95202631720807,47,3
2012-06-24 21:30:02.120104+00:00,8.36,18.04,27.45,2720.843190407476,17.669268078112,-131.18567226106973,46,2
2012-06-24 21:31:02.120104+00:00,8.22,17.76,27.02,2720.843190407476,17.669268078112,-131.18567226106973,46,2
2012-06-24 21:32:02.120104+00:00,8.37,18.07,27.5,2719.0188218921344,17.661224051830715,-131.2017603136323,45,3
2012-06-24 21:33:02.120104+00:00,8.4,18.13,27.59,2719.0188218921344,17.625836303736506,-131.2725358098207,45,2
2012-06-24 21:34:02.120104+00:00,8.54,18.42,28.02,2600.373629766807,17.625836303736506,-131.2725358098207,43,3
2012-06-24 21:35:02.120104+00:00,8.55,18.45,28.06,2470.9756395828094,17.53190422240182,-131.46039997249005,40,1
2012-06-24 21:36:02.120104+00:00,8.58,18.51,28.16,2487.56799004269,17.480998561300293,-131.56221129469313,39,2
2012-06-24 21:37:02.120104+00:00,8.82,18.98,28.87,2470.9756395828094,17.42259812074668,-131.67901217580035,38,1
2012-06-24 21:38:02.120104+00:00,9.0,19.36,29.44,2444.108506330051,17.25413965548116,-132.0159291063314,35,3
2012-06-24 21:39:02.120104+00:00,8.96,19.27,29.3,2444.108506330051,17.156156016174215,-132.2118963849453,33,2
2012-06-24 21:40:02.120104+00:00,25.95,40.0,40.0,2444.108506330051,17.156156016174215,-132.2118963849453,31,2
2012-06-24 21:41:02.120104+00:00,26.59,40.0,40.0,2370.8993617617803,17.06640473298225,-132.39139895132922,28,3
2012-06-24 21:43:02.120104+00:00,9.03,19.42,29.54,2297.6902171935094,17.006667540547106,-132.5108733361995,23,2
2012-06-24 21:46:02.120104+00:00,24.43,40.0,40.0,1946.0144003203563,16.879299837529025,-132.76560874223566,18,2
2012-06-24 21:47:02.120104+00:00,23.76,40.0,40.0,1927.4793028401991,16.770687182081865,-132.98283405312998,16,1
2012-06-29 14:30:02.125524+00:00,6.91,15.06,22.95,1831.545978884269,14.83847111636113,-142.17318851626797,3,1
2012-06-29 14:37:02.125524+00:00,6.82,14.87,22.67,2082.370382888132,15.186389345919846,-141.47735205715054,3,1
2012-06-29 15:20:02.125524+00:00,6.68,14.59,22.24,2706.046362772458,15.86242316051982,-140.12528442795056,3,1
2012-06-29 15:24:02.125524+00:00,6.65,14.53,22.15,2324.0294772912757,15.467657975997827,-140.91481479699456,4,1
2012-06-29 15:28:02.125524+00:00,11.18,23.77,36.07,2706.046362772458,15.86242316051982,-140.12528442795056,5,1
2012-06-29 15:32:02.125524+00:00,11.18,23.77,36.07,2731.8095182174043,15.97894792510142,-139.89223489878736,5,1
2012-06-29 15:38:02.125524+00:00,11.18,23.77,36.07,3199.3382789200036,19.52647047129811,-132.797189806394,4,2
2012-06-30 12:34:02.128608+00:00,14.82,31.04,40.0,3577.671318131268,20.78919841485257,-125.04065906307105,3,2
2012-06-30 12:35:02.128608+00:00,14.82,31.04,40.0,3577.671318131268,20.78919841485257,-125.04065906307105,3,1
2012-07-01 01:56:02.120172+00:00,40.0,40.0,40.0,25062.41579474385,25.920419741754863,-120.44423425091172,5,3
2012-07-01 01:57:02.120172+00:00,6.29,13.78,21.01,25062.41579474385,25.920419741754863,-120.44423425091172,5,2
2012-07-01 14:33:02.121692+00:00,25.82,40.0,40.0,17330.66676559219,24.762986640572613,-121.85748561964374,3,3
2012-07-03 02:03:02.126317+00:00,14.57,30.54,40.0,11693.967321840331,22.996312658803,-125.65832343565118,3,1
2012-07-03 02:04:02.126317+00:00,14.57,30.54,40.0,11693.967321840331,22.996312658803,-125.65832343565118,3,1
2012-07-03 02:05:02.126317+00:00,14.57,30.54,40.0,11693.967321840331,22.996312658803,-125.65832343565118,3,1
2012-07-09 04:20:02.124821+00:00,28.43,40.0,40.0,2338.605425484257,19.195985017092735,-128.1936167390229,4,1
2012-07-09 04:28:02.124821+00:00,28.38,40.0,40.0,2338.605425484257,19.195985017092735,-128.1936167390229,4,3
2012-07-09 10:39:02.124821+00:00,11.23,23.87,36.23,257674.75639723777,28.63531763410051,-109.31495150500736,5,1
2012-07-09 10:40:02.124821+00:00,11.23,23.87,36.23,257674.75639723777,28.63531763410051,-109.31495150500736,5,2
2012-07-09 10:41:02.124821+00:00,11.23,23.87,36.23,257674.75639723777,28.63531763410051,-109.31495150500736,5,2
2012-07-16 01:42:02.126408+00:00,8.22,17.76,27.02,3041.9823921254397,20.070425211291955,-130.03298042896532,3,3
2012-07-16 23:46:02.127950+00:00,17.11,35.6,40.0,2863.0785981771414,20.29467618927209,-131.52100325727685,4,1
2012-07-16 23:47:02.127950+00:00,17.11,35.6,40.0,2863.0785981771414,20.29467618927209,-131.52100325727685,4,3
2012-07-17 18:16:02.121034+00:00,32.41,40.0,40.0,3639.554816663386,19.30343149851922,-125.5246871876458,23,2
2012-07-17 18:17:02.121034+00:00,32.66,40.0,40.0,3405.869372476625,19.30343149851922,-125.5246871876458,25,1
2012-07-17 18:18:02.121034+00:00,33.62,40.0,40.0,3405.869372476625,19.30343149851922,-125.5246871876458,27,2
2012-07-17 18:19:02.121034+00:00,33.04,40.0,40.0,3522.712094570006,19.33841303948973,-125.4547241057048,30,2
2012-07-17 18:20:02.121034+00:00,2.96,6.64,10.15,3658.835946755936,19.500611869096065,-125.13032644649212,32,2
2012-07-17 18:21:02.121034+00:00,2.66,5.97,9.14,3678.117076848486,19.69475859966892,-124.7420329853464,35,2
2012-07-17 18:22:02.121034+00:00,3.0,6.73,10.29,3693.912886310924,19.661293878700405,-124.80896242728345,38,3
2012-07-17 18:23:02.121034+00:00,3.3,7.38,11.29,3639.554816663386,19.69475859966892,-124.7420329853464,41,2
2012-07-17 18:24:02.121034+00:00,3.02,6.77,10.36,3639.554816663386,19.821040203078574,-124.48946977852712,43,2
2012-07-17 18:25:02.121034+00:00,2.77,6.22,9.51,3522.712094570006,19.84921252563597,-124.4331251334123,46,3
2012-07-17 18:26:02.121034+00:00,2.68,6.02,9.22,3405.869372476625,19.823722294814456,-124.48410559505534,47,3
2012-07-17 18:27:02.121034+00:00,2.63,5.92,9.06,3362.628072546193,19.874702756457488,-124.38214467176928,49,3
2012-07-17 18:28:02.121034+00:00,2.72,6.12,9.36,3324.292557440493,19.893351587777317,-124.3448470091296,48,2
2012-07-17 18:29:02.121034+00:00,2.57,5.77,8.83,3362.628072546193,19.957197334958433,-124.21715551476738,47,2
2012-07-17 18:30:02.121034+00:00,2.61,5.87,8.99,3277.453855633408,19.957197334958433,-124.21715551476738,47,3
2012-07-17 18:31:02.121034+00:00,2.33,5.24,8.03,3277.453855633408,20.031135741096335,-124.06927870249156,45,3
2012-07-17 18:32:02.121034+00:00,2.57,5.77,8.83,3143.515059048622,20.031135741096335,-124.06927870249156,43,2
2012-07-17 18:33:02.121034+00:00,3.04,6.82,10.43,3042.631313596675,19.994166538027383,-124.14321710862949,40,3
2012-07-17 18:34:02.121034+00:00,3.14,7.04,10.77,3210.484457341015,20.040921486606074,-124.0497072114721,38,2
2012-07-17 18:35:02.121034+00:00,2.87,6.45,9.87,2941.7475681447286,20.050707232115816,-124.03013572045262,35,3
2012-07-17 18:36:02.121034+00:00,2.28,5.13,7.86,2862.8498286836584,20.040921486606074,-124.0497072114721,32,2
2012-07-17 18:37:02.121034+00:00,2.1,4.72,7.24,2862.8498286836584,20.040921486606074,-124.0497072114721,30,2
2012-07-17 18:38:02.121034+00:00,1.78,4.02,6.15,2862.8498286836584,20.040921486606074,-124.0497072114721,28,2
2012-07-17 18:39:02.121034+00:00,2.04,4.6,7.05,2821.4079330715067,20.031135741096335,-124.06927870249156,25,1
2012-07-17 18:40:02.121034+00:00,39.37,40.0,40.0,2688.2635948563984,19.957197334958433,-124.21715551476738,23,1
2012-07-18 01:19:02.122576+00:00,4.9,10.83,16.55,3688.370120247597,15.925406662848117,-138.89028374472326,3,1
2012-07-18 01:26:02.122576+00:00,3.43,7.67,11.74,3791.655406741072,16.122304427010484,-138.49648821639852,3,1
2012-07-18 01:36:02.122576+00:00,3.67,8.19,12.53,6623.386618710005,17.449227490070374,-135.84264209027873,3,1
2012-07-18 01:51:02.122576+00:00,3.22,7.21,11.03,4057.431812256331,17.580765475560735,-135.579566119298,3,1
2012-07-18 01:57:02.122576+00:00,1.96,4.42,6.76,2703.8784089912074,17.358566029250525,-136.02396501191842,3,1
2012-07-18 02:29:02.122576+00:00,3.34,7.46,11.42,4899.817462466665,17.089820153669823,-136.56145676307983,3,1
2012-07-18 02:36:02.122576+00:00,3.58,8.0,12.23,4899.817462466665,16.799330335298524,-137.14243639982243,3,1
2012-07-18 02:44:02.122576+00:00,4.09,9.11,13.92,3925.111011099322,16.443669918839998,-137.85375723273947,3,1
2012-07-18 02:50:02.122576+00:00,5.01,11.07,16.9,3698.108615605878,15.836114634024616,-139.06886780237022,3,1
2012-07-18 02:55:02.122576+00:00,5.23,11.54,17.61,3698.108615605878,15.836114634024616,-139.06886780237022,3,1
2012-07-20 21:21:02.120286+00:00,32.72,40.0,40.0,2392.1015058240905,17.983208281818687,-131.49246732970423,11,1
2012-07-20 21:24:02.120286+00:00,0.61,1.39,2.13,2516.01012127798,17.983208281818687,-131.49246732970423,15,1
2012-07-20 21:25:02.120286+00:00,3.54,7.92,12.11,2568.1988661663004,18.001090579641257,-131.4567027340591,17,1
2012-07-20 21:26:02.120286+00:00,4.11,9.15,13.98,2755.1074511603447,18.655840915335595,-130.14720206267043,20,2
2012-07-20 21:27:02.120286+00:00,4.09,9.11,13.92,3002.407132417821,18.75671099261478,-129.94546190811204,23,2
2012-07-20 21:28:02.120286+00:00,5.09,11.24,17.16,3132.3564330465942,18.803819109303596,-129.85124567473443,26,2
2012-07-20 21:29:02.120286+00:00,5.23,11.54,17.61,3476.569986647877,18.845034532962693,-129.76881482741624,29,1
2012-07-20 21:31:02.120286+00:00,3.8,8.47,12.95,3715.417328305619,18.970594834946283,-129.51769422344904,34,2
2012-07-20 21:32:02.120286+00:00,2.33,5.24,8.03,4067.8002692844057,19.16911600730382,-129.12065187873395,36,1
2012-07-20 21:33:02.120286+00:00,2.12,4.78,7.33,4433.344710417734,19.52929391154469,-128.40029607025224,39,1
2012-07-20 21:34:02.120286+00:00,0.69,1.57,2.41,4615.672606472914,19.84648027209604,-127.76592334914956,42,2
2012-07-20 21:35:02.120286+00:00,1.62,3.65,5.6,5156.041933654168,19.969664349818565,-127.51955519370448,43,3
2012-07-20 21:36:02.120286+00:00,2.3,5.19,7.94,5779.759520087455,20.433053753550528,-126.59277638624056,44,2
2012-07-20 21:37:02.120286+00:00,1.9,4.29,6.56,6637.2453509037805,20.60334374037634,-126.25219641258894,45,3
2012-07-20 21:38:02.120286+00:00,2.45,5.51,8.44,7028.021067041831,20.660352351938407,-126.1381791894648,45,4
2012-07-20 21:39:02.120286+00:00,2.54,5.72,8.76,7197.742302354272,20.742424707016,-125.9740344793096,46,2
2012-07-20 21:40:02.120286+00:00,1.93,4.35,6.66,7367.463537666714,20.795673159690665,-125.86753757396028,49,3
2012-07-20 21:41:02.120286+00:00,1.72,3.87,5.94,7367.463537666714,20.795673159690665,-125.86753757396028,51,3
2012-07-20 21:42:02.120286+00:00,1.68,3.8,5.82,7948.5665936135,20.818473523516342,-125.82193684630892,52,2
2012-07-20 21:43:02.120286+00:00,1.44,3.25,4.99,8003.114190414756,20.841273887342023,-125.77633611865755,53,3
2012-07-20 21:44:02.120286+00:00,2.07,4.66,7.14,8190.956045489613,20.818473523516342,-125.82193684630892,54,3
2012-07-20 21:45:02.120286+00:00,2.1,4.72,7.24,8190.956045489613,20.818473523516342,-125.82193684630892,54,3
2012-07-20 21:46:02.120286+00:00,1.87,4.22,6.46,8688.898331144124,20.865789982969485,-125.72730392740264,52,3
2012-07-20 21:47:02.120286+00:00,1.96,4.42,6.76,8998.99876172378,20.890306078596947,-125.67827173614772,51,2
2012-07-20 21:48:02.120286+00:00,1.78,4.02,6.15,8688.898331144124,20.865789982969485,-125.72730392740264,50,3
2012-07-20 21:49:02.120286+00:00,0.0,0.02,0.04,8998.99876172378,20.91876810715863,-125.62134767902435,47,3
2012-07-20 21:50:02.120286+00:00,1.44,3.25,4.99,8190.956045489613,20.919654570813016,-125.6195747517156,46,3
2012-07-20 21:51:02.120286+00:00,2.35,5.3,8.11,7948.5665936135,20.880020997250327,-125.69884189884095,46,2
2012-07-20 21:52:02.120286+00:00,20.91,40.0,40.0,7367.463537666714,20.795673159690665,-125.86753757396028,43,2
2012-07-20 21:53:02.120286+00:00,5.29,11.67,17.81,6945.899088404547,20.745138205584265,-125.96860748217308,41,3
2012-07-20 21:54:02.120286+00:00,5.6,12.32,18.8,6781.311803198501,20.597235488396485,-126.26441291654864,39,2
2012-07-20 21:55:02.120286+00:00,5.12,11.3,17.26,6781.311803198501,20.57516054544172,-126.30856280245816,37,2
2012-07-20 21:56:02.120286+00:00,5.26,11.6,17.71,6732.613957350435,20.165510823174788,-127.12786224699204,34,1
2012-07-20 21:57:02.120286+00:00,6.14,13.47,20.54,5361.134761958354,20.029236647598463,-127.40041059814467,32,2
2012-07-20 21:58:02.120286+00:00,0.0,0.01,0.04,4627.694559354713,19.850294259134095,-127.75829537507344,30,1
2012-07-20 21:59:02.120286+00:00,0.52,1.18,1.81,4061.750754566237,19.606164505928675,-128.24655488148426,27,2
2012-07-20 22:00:02.120286+00:00,5.72,12.58,19.19,3595.279412400939,19.034844565812698,-129.38919476171623,24,1
2012-07-20 22:01:02.120286+00:00,5.72,12.58,19.19,2653.5509574596704,18.541405818013946,-130.37607225731372,21,1
2012-07-20 22:02:02.120286+00:00,5.98,13.12,20.01,2601.1387571770983,18.291532130328623,-130.87581963268437,19,1
2012-07-20 22:04:02.120286+00:00,6.43,14.06,21.44,2352.8088518025233,18.041918050208015,-131.37504779292556,14,1
2012-07-20 22:06:02.120286+00:00,7.81,16.92,25.76,2283.383649244719,17.98526002990497,-131.48836383353168,11,1
2012-07-26 02:32:02.127247+00:00,27.81,40.0,40.0,4579.006813545201,20.154038084522732,-130.01324153481158,4,2
2012-07-26 02:33:02.127247+00:00,27.81,40.0,40.0,4579.006813545201,20.154038084522732,-130.01324153481158,4,1
2012-07-26 02:34:02.127247+00:00,27.81,40.0,40.0,4579.006813545201,20.154038084522732,-130.01324153481158,4,1
2012-07-26 09:04:02.127247+00:00,40.0,40.0,40.0,1997.298591972342,21.813542797940045,-126.69423210797694,3,2
2012-07-26 09:09:02.127247+00:00,40.0,40.0,40.0,1997.298591972342,21.813542797940045,-126.69423210797694,3,1
2012-07-28 17:46:02.124957+00:00,4.18,9.29,14.2,5052.1515290042025,16.968750322428075,-139.12738662361886,3,1
2012-07-28 17:54:02.124957+00:00,4.24,9.44,14.42,4602.569617411028,16.79700747952775,-139.47087230941952,3,1
2012-07-29 19:34:02.128041+00:00,29.95,40.0,40.0,6312.806167236515,23.93679389599015,-124.84481646986872,3,1
2012-07-29 19:35:02.128041+00:00,29.95,40.0,40.0,6312.806167236515,23.93679389599015,-124.84481646986872,3,2
2012-07-30 20:38:02.121124+00:00,5.35,11.8,18.01,3158.5249474940847,15.26031311361635,-136.2992869941429,3,1
2012-07-30 20:43:02.121124+00:00,5.27,11.63,17.76,2988.4918122781064,15.168608663054464,-136.48269589526666,4,1
2012-07-30 20:47:02.121124+00:00,5.05,11.17,17.06,2818.458677062129,15.076904212492575,-136.66610479639044,5,1
2012-07-30 20:51:02.121124+00:00,4.78,10.6,16.19,2367.0923377639847,15.046139708584668,-136.72763380420628,5,1
2012-07-30 20:56:02.121124+00:00,5.16,11.4,17.41,2285.3770862625606,14.948688628964032,-136.92253596344756,4,1
2012-07-30 21:00:02.121124+00:00,5.9,12.96,19.77,2063.479075756338,14.791088749867733,-137.23773572164015,4,1
2012-07-30 21:09:02.121124+00:00,6.07,13.31,20.3,1868.292777412415,14.674003278404442,-137.47190666456672,4,1
2012-07-30 21:13:02.121124+00:00,6.53,14.28,21.77,1923.2963167515395,14.73009386806268,-137.35972548525024,3,1
2012-07-30 21:18:02.121124+00:00,5.81,12.77,19.48,2003.2120426929405,14.730516909227374,-137.35887940292088,4,1
2012-07-30 21:23:02.121124+00:00,5.15,11.37,17.36,2179.5459117760784,14.74871758152789,-137.32247805831983,4,1
2012-07-30 21:30:02.121124+00:00,5.46,12.03,18.36,2348.206396873475,15.01191193465953,-136.79608935205655,3,1
2012-07-30 21:34:02.121124+00:00,4.8,10.63,16.24,2545.473758893968,14.77873998405524,-137.26243325326513,3,1
2012-07-30 21:41:02.121124+00:00,8.04,17.39,26.46,2847.4731392819353,15.255166161417735,-136.30958089854013,3,1
2012-07-30 21:47:02.121124+00:00,7.01,15.28,23.28,2545.473758893968,15.342005607448357,-136.1359020064789,3,1
2012-07-31 13:43:02.124208+00:00,5.72,12.58,19.19,4146.2280608981955,15.84968478896063,-136.59997394598673,3,1
2012-07-31 13:48:02.124208+00:00,5.6,12.32,18.8,5658.632841325414,16.157109003610906,-135.9851255166862,4,1
2012-07-31 13:52:02.124208+00:00,4.99,11.04,16.85,7171.037621752632,16.46453321826118,-135.37027708738566,5,1
2012-07-31 13:57:02.124208+00:00,4.53,10.04,15.34,7607.011828630858,16.650185496429195,-134.99897253104962,5,1
2012-07-31 14:02:02.124208+00:00,4.24,9.44,14.42,8054.139514962457,16.757427200575023,-134.78448912275798,6,1
2012-07-31 14:06:02.124208+00:00,3.56,7.96,12.17,8501.267201294057,16.86466890472085,-134.5700057144663,7,1
2012-07-31 14:07:02.124208+00:00,3.52,7.88,12.05,8167.351919855963,16.820832305432347,-134.6576789130433,6,1
2012-07-31 14:11:02.124208+00:00,3.43,7.67,11.74,8167.351919855963,16.820832305432347,-134.6576789130433,8,1
2012-07-31 14:12:02.124208+00:00,3.24,7.25,11.1,8727.692011081066,16.991479114435503,-134.316385295037,7,1
2012-07-31 14:15:02.124208+00:00,3.24,7.25,11.1,6283.967596799263,16.148919930322368,-136.0015036632633,8,1
2012-07-31 14:18:02.124208+00:00,2.7,6.07,9.29,7327.221593858816,16.532902719336988,-135.23353808523404,8,1
2012-07-31 14:20:02.124208+00:00,2.7,6.07,9.29,7327.221593858816,16.532902719336988,-135.23353808523404,8,1
2012-07-31 14:23:02.124208+00:00,3.02,6.77,10.36,6586.023544310822,16.27053858153622,-135.75826636083556,8,1
2012-07-31 14:25:02.124208+00:00,3.02,6.77,10.36,3840.243182517461,17.234716416863204,-133.82991069018158,9,1
2012-07-31 14:28:02.124208+00:00,3.52,7.88,12.05,5477.613220377479,17.10387451122955,-134.09159450144892,8,1
2012-07-31 14:32:02.124208+00:00,3.8,8.47,12.95,3609.634377202058,16.973032605595893,-134.35327831271624,7,2
2012-07-31 14:34:02.124208+00:00,9.14,19.65,29.87,7345.592063552899,17.119378660100924,-134.06058620370615,7,1
2012-07-31 14:38:02.124208+00:00,9.14,19.65,29.87,7345.592063552899,17.119378660100924,-134.06058620370615,5,1
2012-07-31 14:44:02.124208+00:00,9.08,19.52,29.68,5324.925180844764,16.84634038388115,-134.60666275614574,6,1
2012-07-31 14:49:02.124208+00:00,9.02,19.39,29.49,4336.790254926556,16.010217476628014,-136.278908570652,5,1
2012-07-31 14:53:02.124208+00:00,9.0,19.36,29.44,4336.790254926556,16.010217476628014,-136.278908570652,7,1
2012-07-31 14:54:02.124208+00:00,4.86,10.77,16.44,4233.509353375135,15.791196439584752,-136.71695064473852,6,1
2012-07-31 14:57:02.124208+00:00,4.82,10.66,16.29,4336.790254926556,15.962980941943046,-136.3733816400219,7,1
2012-07-31 15:00:02.124208+00:00,5.7,12.54,19.14,4336.790254926556,15.962980941943046,-136.3733816400219,7,1
2012-07-31 15:02:02.124208+00:00,5.7,12.54,19.14,4336.790254926556,15.962980941943046,-136.3733816400219,7,1
2012-07-31 15:05:02.124208+00:00,5.92,12.99,19.82,4138.158681652813,15.728257772034446,-136.84282797983911,6,1
2012-07-31 15:09:02.124208+00:00,5.96,13.09,19.96,3939.52710837907,15.493534602125846,-137.31227431965632,5,1
2012-07-31 15:12:02.124208+00:00,6.16,13.5,20.59,4217.865737566673,15.728257772034446,-136.84282797983911,4,1
2012-07-31 15:39:02.124208+00:00,8.22,17.76,27.02,4091.603597554926,15.416314123374796,-137.4667152771584,3,1
2012-07-31 15:44:02.124208+00:00,8.99,19.33,29.39,3618.463757909338,15.30868375114281,-137.6819760216224,3,1
2012-07-31 15:52:02.124208+00:00,9.14,19.65,29.87,3557.169299297096,15.158846804761447,-137.9816499143851,3,1
2012-07-31 16:52:02.124208+00:00,5.33,11.77,17.96,4882.743526613893,16.07557202981571,-136.1481994642766,3,1
2012-07-31 16:58:02.124208+00:00,5.46,12.03,18.36,4731.156716482047,15.887696027103484,-136.52395146970105,3,1
2012-07-31 17:04:02.124208+00:00,5.87,12.9,19.67,4731.156716482047,15.887696027103484,-136.52395146970105,3,1
2012-07-31 17:58:02.124208+00:00,4.07,9.07,13.87,2477.366525721875,14.648423552220002,-139.002496419468,3,1
2012-07-31 18:04:02.124208+00:00,4.01,8.92,13.64,2564.189352785585,14.887123159898852,-138.5250972041103,3,1
2012-07-31 18:09:02.124208+00:00,3.76,8.39,12.83,2897.5363880302857,15.046815004500797,-138.20571351490642,3,1
2012-07-31 18:14:02.124208+00:00,3.88,8.66,13.24,3023.476982991734,15.050247475982108,-138.19884857194378,5,1
2012-07-31 18:20:02.124208+00:00,4.13,9.18,14.04,3229.332169024574,15.279712027003123,-137.73991946990176,3,1
2012-07-31 18:23:02.124208+00:00,4.11,9.15,13.98,3089.211916745616,15.17374215378424,-137.95185921633953,4,1
2012-07-31 18:31:02.124208+00:00,4.16,9.26,14.15,3210.099954869689,15.186543551816412,-137.9262564202752,4,1
2012-07-31 18:35:02.124208+00:00,36.72,40.0,40.0,3169.3445758823063,15.186543551816412,-137.9262564202752,4,1
2012-07-31 18:39:02.124208+00:00,2.47,5.56,8.52,3169.737585381945,15.244308659217989,-137.81072620547204,5,1
2012-07-31 18:42:02.124208+00:00,2.66,5.97,9.14,3308.2936958584414,15.557701900708578,-137.18393972249086,5,1
2012-07-31 18:46:02.124208+00:00,36.8,40.0,40.0,3565.6453589452344,15.648410389737194,-137.00252274443363,4,1
2012-07-31 18:51:02.124208+00:00,2.4,5.41,8.28,3684.457728107638,15.648410389737194,-137.00252274443363,4,1
2012-07-31 18:57:02.124208+00:00,4.04,9.0,13.75,3545.9184341832483,15.443406701553124,-137.41253012080176,3,1
2012-07-31 19:05:02.124208+00:00,3.74,8.35,12.77,3151.9857731981065,15.443406701553124,-137.41253012080176,3,1
2012-07-31 19:28:02.124208+00:00,17.14,35.65,40.0,1926.7629117376753,14.109413357619353,-140.0805168086693,3,1
2012-07-31 19:34:02.124208+00:00,6.1,13.37,20.39,2146.259342888892,14.235619629921487,-139.82810426406502,4,1
2012-07-31 19:37:02.124208+00:00,6.1,13.37,20.39,2146.259342888892,14.235619629921487,-139.82810426406502,4,1
2012-07-31 19:42:02.124208+00:00,5.55,12.22,18.65,2389.419612663583,14.361825902223623,-139.57569171946076,5,1
2012-07-31 19:47:02.124208+00:00,5.18,11.44,17.46,2711.6799175040214,14.931454488436165,-138.4364345470357,5,1
2012-07-31 19:51:02.124208+00:00,5.15,11.37,17.36,2971.588676943025,15.042092686787406,-138.2151581503332,5,1
2012-07-31 19:56:02.124208+00:00,4.21,9.36,14.31,3012.1221097014136,15.140453073732134,-138.01843737644373,5,1
2012-07-31 20:01:02.124208+00:00,4.29,9.55,14.59,3078.5842842743928,15.415801337924837,-137.46774084805833,5,1
2012-07-31 20:05:02.124208+00:00,4.41,9.8,14.97,3096.5876715937115,15.416589398384954,-137.4661647271381,5,1
2012-07-31 20:10:02.124208+00:00,4.24,9.44,14.42,3362.7922285490363,15.499469318851196,-137.30040488620563,5,1
2012-07-31 20:13:02.124208+00:00,5.2,11.47,17.51,3454.6022084786287,15.679308011340332,-136.94072750122734,4,1
2012-07-31 20:18:02.124208+00:00,5.75,12.64,19.29,3611.4003952942535,15.844763340370712,-136.60981684316658,4,1
2012-07-31 20:24:02.124208+00:00,16.68,34.75,40.0,3676.388602180286,15.747500056445713,-136.8043434110166,3,1
2012-07-31 20:30:02.124208+00:00,16.56,34.52,40.0,2948.9755457207752,14.84838611408341,-138.60257129574117,3,1
2012-07-31 20:36:02.124208+00:00,16.54,34.47,40.0,1913.1935381430008,14.60625708169126,-139.08682936052548,3,1
2012-07-31 21:20:02.124208+00:00,20.46,40.0,40.0,1566.0120969814534,14.716235026896117,-138.86687347011576,3,1
2012-07-31 21:24:02.124208+00:00,19.82,40.0,40.0,1625.3210061425498,14.721555753068312,-138.8562320177714,4,1
2012-07-31 21:28:02.124208+00:00,18.21,37.79,40.0,1616.39716122832,14.72687647924051,-138.845590565427,5,1
2012-07-31 21:32:02.124208+00:00,4.28,9.51,14.53,1650.5135382659832,14.795220600990705,-138.7089023219266,4,1
2012-07-31 21:37:02.124208+00:00,1.32,2.99,4.58,1752.015497232332,15.526631894356488,-137.24607973519505,4,1
2012-07-31 21:47:02.124208+00:00,3.24,7.25,11.1,3158.351672860572,18.21753693835744,-131.86426964719314,18,2
2012-07-31 21:48:02.124208+00:00,32.35,40.0,40.0,3325.9785323638484,18.634376399527103,-131.03059072485382,21,1
2012-07-31 21:50:02.124208+00:00,11.7,24.81,37.64,3674.607989143558,19.819762499599296,-128.6598185247094,27,2
2012-07-31 21:51:02.124208+00:00,8.88,19.11,29.06,4052.0934460010208,20.027925021541694,-128.2434934808246,29,1
2012-07-31 21:52:02.124208+00:00,6.5,14.22,21.68,4125.129757048834,20.083720118867525,-128.13190328617296,31,3
2012-07-31 21:53:02.124208+00:00,5.35,11.8,18.01,5145.513139825231,20.38161793322281,-127.5361076574624,34,2
2012-07-31 21:54:02.124208+00:00,4.66,10.32,15.77,5852.841630046505,20.40366176287176,-127.4920199981645,36,1
2012-07-31 21:55:02.124208+00:00,3.35,7.51,11.48,6138.561739963652,21.35525743429396,-125.58882865532009,39,2
2012-07-31 21:56:02.124208+00:00,3.04,6.82,10.43,8129.76516550335,21.541340607432932,-125.21666230904214,42,3
2012-07-31 21:57:02.124208+00:00,2.89,6.5,9.94,10148.997914182844,21.70216833599021,-124.8950068519276,43,3
2012-07-31 21:58:02.124208+00:00,2.7,6.07,9.29,15398.173099531725,22.143626006604528,-124.01209151069894,45,3
2012-07-31 21:59:02.124208+00:00,1.68,3.8,5.82,16491.54330905329,22.287064274735393,-123.72521497443722,47,2
2012-07-31 22:00:02.124208+00:00,2.04,4.6,7.05,16825.080685395867,22.773288926588663,-122.75276567073068,50,3
2012-07-31 22:01:02.124208+00:00,2.04,4.6,7.05,18065.541093039996,22.86496871977133,-122.56940608436534,50,2
2012-07-31 22:02:02.124208+00:00,0.52,1.18,1.81,23112.97672380323,23.024991904287756,-122.24935971533247,51,3
2012-07-31 22:03:02.124208+00:00,11.28,23.97,36.38,26301.891710975335,23.114558340635774,-122.07022684263646,51,2
2012-07-31 22:04:02.124208+00:00,0.01,0.02,0.02,31406.033300874828,23.310973282703912,-121.67739695850015,52,2
2012-07-31 22:05:02.124208+00:00,0.0,0.01,0.04,34724.33520164849,23.418106564000603,-121.4631303959068,54,3
2012-07-31 22:06:02.124208+00:00,0.0,0.01,0.04,41028.876770827745,23.639692233625865,-121.01995905665626,54,3
2012-07-31 22:07:02.124208+00:00,0.0,0.02,0.04,43732.68919414708,23.775856813281056,-120.74762989734587,54,2
2012-07-31 22:08:02.124208+00:00,0.0,0.02,0.04,48793.34137665991,23.84495177540436,-120.60943997309928,54,3
2012-07-31 22:09:02.124208+00:00,0.01,0.02,0.04,51768.87208943051,23.928795376805695,-120.44175277029665,53,3
2012-07-31 22:10:02.124208+00:00,1.62,3.65,5.6,54963.88209396426,24.018590784375895,-120.26216195515622,52,3
2012-07-31 22:11:02.124208+00:00,1.62,3.65,5.6,54795.41095989184,24.164099076739728,-119.97114537042856,53,4
2012-07-31 22:12:02.124208+00:00,1.48,3.34,5.11,53692.46442064934,24.162442942326983,-119.97445763925406,54,2
2012-07-31 22:13:02.124208+00:00,1.51,3.42,5.24,53692.46442064934,24.162442942326983,-119.97445763925406,54,2
2012-07-31 22:14:02.124208+00:00,0.95,2.15,3.29,51768.87208943051,23.992642852379667,-120.31405781914869,55,3
2012-07-31 22:15:02.124208+00:00,0.01,0.05,0.1,48793.34137665991,23.944372462045113,-120.4105985998178,54,3
2012-07-31 22:16:02.124208+00:00,1.05,2.39,3.66,46360.89758632783,23.928795376805695,-120.44175277029665,53,3
2012-07-31 22:17:02.124208+00:00,1.05,2.39,3.66,46360.89758632783,23.928795376805695,-120.44175277029665,53,2
2012-07-31 22:18:02.124208+00:00,1.15,2.6,3.99,44244.46849154578,23.90695770284948,-120.48542811820904,53,3
2012-07-31 22:19:02.124208+00:00,1.51,3.42,5.24,41819.91487299859,23.840544888030895,-120.6182537478462,52,2
2012-07-31 22:20:02.124208+00:00,1.48,3.34,5.11,35243.73995011657,23.76094875163928,-120.77744602062944,52,3
2012-07-31 22:21:02.124208+00:00,1.48,3.34,5.11,34272.157182668554,23.659959120878376,-120.97942528215124,52,3
2012-07-31 22:22:02.124208+00:00,2.2,4.96,7.6,29336.95379956779,23.517682000013693,-121.2639795238806,52,2
2012-07-31 22:23:02.124208+00:00,2.96,6.64,10.15,23207.953175919534,22.50153311158032,-123.29627730074736,53,3
2012-07-31 22:24:02.124208+00:00,2.5,5.62,8.6,19054.85447231314,21.975191502673876,-124.34896051856026,52,3
2012-07-31 22:25:02.124208+00:00,3.49,7.79,11.92,13479.445905377132,21.273354571938068,-125.75263438003188,51,2
2012-07-31 22:26:02.124208+00:00,3.81,8.51,13.01,11933.671645013748,20.643874018097467,-127.01159548771308,49,3
2012-07-31 22:27:02.124208+00:00,3.51,7.84,11.98,10067.259253853264,20.490252910006863,-127.31883770389427,50,2
2012-07-31 22:28:02.124208+00:00,20.05,40.0,40.0,9236.341633458896,20.171374906731515,-127.95659371044496,49,2
2012-07-31 22:29:02.124208+00:00,23.5,40.0,40.0,8982.350003956319,20.15555674074725,-127.9882300424135,48,3
2012-07-31 22:30:02.124208+00:00,6.94,15.12,23.04,8440.840758581438,20.065910645373098,-128.1675222331618,48,3
2012-07-31 22:31:02.124208+00:00,7.39,16.05,24.45,7908.1005549505935,19.83479269323746,-128.6297581374331,46,2
2012-07-31 22:32:02.124208+00:00,5.41,11.93,18.21,7386.067247829828,19.698569783936872,-128.90220395603427,45,3
2012-07-31 22:33:02.124208+00:00,5.3,11.7,17.86,6206.017220867041,19.619423679831172,-129.06049616424568,44,3
2012-07-31 22:34:02.124208+00:00,5.64,12.42,18.95,5581.665576746452,19.349795853977472,-129.59975181595306,43,2
2012-07-31 22:35:02.124208+00:00,25.13,40.0,40.0,5353.292051332996,19.268770950048072,-129.76180162381186,42,2
2012-07-31 22:36:02.124208+00:00,6.61,14.44,22.01,4023.980599684077,18.92581377177503,-130.44771598035797,43,2
2012-07-31 22:37:02.124208+00:00,6.38,13.97,21.3,3644.096528251484,18.52318138090388,-131.25298076210024,43,2
2012-07-31 22:38:02.124208+00:00,7.36,15.99,24.36,3397.6018853241503,18.257724505271774,-131.78389451336446,41,1
2012-07-31 22:39:02.124208+00:00,7.61,16.52,25.15,3397.6018853241503,18.127441917151263,-132.0444596896055,39,2
2012-07-31 22:40:02.124208+00:00,7.72,16.73,25.48,3288.338564112046,17.76772761222009,-132.76388829946785,36,2
2012-07-31 22:41:02.124208+00:00,0.03,0.05,0.05,3213.0883369800745,17.654432586364013,-132.99047835117997,33,1
2012-07-31 22:42:02.124208+00:00,2.57,5.77,8.83,3111.6909885979767,17.491212176409746,-133.3169191710885,31,2
2012-07-31 22:43:02.124208+00:00,9.13,19.61,29.82,2679.023393638876,17.41847762203869,-133.46238827983063,28,3
2012-07-31 22:44:02.124208+00:00,8.63,18.6,28.3,2580.193522052475,17.27259502162334,-133.75415348066133,26,1
2012-07-31 22:45:02.124208+00:00,12.47,26.35,39.96,2476.528688924289,17.109111701177152,-134.08112012155368,24,1
2012-07-31 22:46:02.124208+00:00,12.47,26.35,39.96,2459.190618634933,17.05758803167929,-134.18416746054942,23,3
2012-07-31 22:47:02.124208+00:00,12.33,26.06,39.52,2476.528688924289,16.95229292869162,-134.39475766652475,20,2
2012-07-31 22:52:02.124208+00:00,7.34,15.96,24.31,2180.6973873560373,16.634769065791797,-135.02980539232442,12,1
2012-08-01 23:23:02.127292+00:00,5.3,11.7,17.86,1656.191068240621,14.020740440197148,-137.5498095358032,3,1
2012-08-01 23:28:02.127292+00:00,6.04,13.25,20.2,2073.1882183376597,14.473164060557291,-136.6449622950829,3,1
2012-08-01 23:35:02.127292+00:00,3.35,7.51,11.48,2299.5385652971913,14.56156506175368,-136.46816029269013,3,1
2012-08-01 23:39:02.127292+00:00,1.58,3.58,5.48,2299.5385652971913,14.593610381878726,-136.40406965244006,3,1
2012-08-01 23:48:02.127292+00:00,0.01,0.02,0.02,2299.5385652971913,14.593610381878726,-136.40406965244006,3,1
2012-08-02 00:13:02.128834+00:00,5.99,13.15,20.06,2334.533572474844,17.989456634927073,-133.0632914199951,3,2
2012-08-02 00:16:02.128834+00:00,6.32,13.84,21.11,3692.706524737785,17.680301542841956,-133.68160160416534,4,1
2012-08-02 00:23:02.128834+00:00,7.22,15.71,23.93,5050.879477000726,17.257473954176,-134.52725678149724,3,1
2012-08-02 00:32:02.128834+00:00,7.96,17.23,26.23,2540.697618499044,17.23679412775705,-134.56861643433513,9,1
2012-08-02 00:35:02.128834+00:00,8.19,17.7,26.93,2050.112962636818,17.158093054255158,-134.7260185813389,10,1
2012-08-02 00:36:02.128834+00:00,8.02,17.35,26.41,2200.8418177967583,17.172459685961183,-134.69728531792686,11,1
2012-08-02 00:37:02.128834+00:00,8.04,17.39,26.46,2200.8418177967583,17.172459685961183,-134.69728531792686,11,1
2012-08-02 00:38:02.128834+00:00,8.16,17.63,26.84,2370.769718147901,17.158093054255158,-134.7260185813389,12,1
2012-08-02 00:39:02.128834+00:00,8.16,17.63,26.84,2370.769718147901,17.158093054255158,-134.7260185813389,12,2
2012-08-02 00:41:02.128834+00:00,8.22,17.76,27.02,2370.769718147901,17.158093054255158,-134.7260185813389,12,1
2012-08-02 00:44:02.128834+00:00,8.48,18.29,27.83,2200.8418177967583,17.143726422549133,-134.75475184475096,11,1
2012-08-02 00:45:02.128834+00:00,8.51,18.35,27.92,2370.769718147901,16.967681430101408,-135.1068418296464,10,1
2012-08-02 00:46:02.128834+00:00,8.55,18.45,28.06,2540.697618499044,17.143726422549133,-134.75475184475096,9,1
2012-08-02 00:48:02.128834+00:00,8.71,18.76,28.54,2744.5359063484293,17.190260275153094,-134.66168413954304,8,1
2012-08-02 20:13:02.120376+00:00,4.48,9.94,15.18,2181.880253509704,14.685805152117442,-140.8237871808095,3,1
2012-08-02 20:16:02.120376+00:00,4.77,10.56,16.13,2861.979311763468,15.315619719855292,-139.56415804533378,4,1
2012-08-02 20:20:02.120376+00:00,4.96,10.97,16.75,2695.2256491024104,14.838233128939905,-140.51893122716456,6,1
2012-08-02 20:25:02.120376+00:00,4.41,9.8,14.97,2962.271905139251,15.084038372240585,-140.0273207405632,7,1
2012-08-02 20:29:02.120376+00:00,4.39,9.76,14.91,2962.271905139251,15.084038372240585,-140.0273207405632,7,1
2012-08-02 20:30:02.120376+00:00,4.41,9.8,14.97,2962.271905139251,15.084038372240585,-140.0273207405632,7,1
2012-08-02 20:33:02.120376+00:00,5.1,11.27,17.21,2962.271905139251,15.084038372240585,-140.0273207405632,7,1
2012-08-02 20:35:02.120376+00:00,4.64,10.29,15.71,3252.1751375782414,15.5228796053958,-139.14963827425277,8,1
2012-08-02 20:39:02.120376+00:00,4.38,9.72,14.86,3873.6902301173914,16.056241374295446,-138.08291473645346,7,1
2012-08-02 20:40:02.120376+00:00,4.53,10.04,15.34,4435.026679931958,16.11548861545221,-137.96442025413995,6,1
2012-08-02 20:44:02.120376+00:00,4.7,10.42,15.92,4346.5694212873495,16.189272874065843,-137.81685173691267,6,1
2012-08-02 20:48:02.120376+00:00,4.62,10.25,15.66,4355.617339035189,16.189272874065843,-137.81685173691267,6,1
2012-08-02 20:51:02.120376+00:00,3.88,8.66,13.24,5201.209706935504,16.222613971697,-137.75016954165037,4,1
2012-08-02 20:57:02.120376+00:00,5.02,11.1,16.96,4355.617339035189,15.90894768873046,-138.37750210758344,4,1
2012-08-03 03:28:02.121918+00:00,5.27,11.63,17.76,3902.0300885840206,15.707336128637696,-137.94854487369503,4,1
2012-08-03 03:33:02.121918+00:00,5.16,11.4,17.41,3902.0300885840206,15.707336128637696,-137.94854487369503,4,1
2012-08-03 03:38:02.121918+00:00,5.27,11.63,17.76,4253.420249847651,15.955406235800137,-137.45240465937013,4,1
2012-08-03 03:45:02.121918+00:00,4.93,10.9,16.65,3942.321701626269,15.89672438734242,-137.56976835628558,3,1
2012-08-03 03:54:02.121918+00:00,4.72,10.46,15.98,4115.664649492076,15.80670757616166,-137.7498019786471,4,1
2012-08-03 03:57:02.121918+00:00,4.57,10.15,15.5,4432.890996056701,15.889803351815386,-137.58361042733964,4,1
2012-08-03 03:59:02.121918+00:00,4.57,10.15,15.5,4432.890996056701,15.889803351815386,-137.58361042733964,4,1
2012-08-03 04:04:02.121918+00:00,4.74,10.49,16.03,5374.444586942517,16.308441216451595,-136.74633469806722,5,1
2012-08-03 04:09:02.121918+00:00,4.74,10.49,16.03,5016.802677329195,16.185678577550732,-136.99185997586892,4,1
2012-08-03 04:13:02.121918+00:00,4.28,9.51,14.53,5908.351929073712,16.552988108780333,-136.25724091340976,4,1
2012-08-03 04:39:02.121918+00:00,3.51,7.84,11.98,9302.02088321788,17.744053715506833,-133.87510969995674,3,1
2012-08-03 04:48:02.121918+00:00,4.66,10.32,15.77,9101.885019275816,17.774543844724107,-133.8141294415222,4,1
2012-08-03 04:50:02.121918+00:00,4.57,10.15,15.5,9101.885019275816,17.774543844724107,-133.8141294415222,4,1
2012-08-03 04:55:02.121918+00:00,4.57,10.15,15.5,9101.885019275816,17.774543844724107,-133.8141294415222,4,1
2012-08-03 05:00:02.121918+00:00,4.57,10.15,15.5,8901.74915533375,18.365054762796063,-132.63310760537826,3,1
2012-08-03 05:07:02.121918+00:00,3.87,8.62,13.18,7372.911072295225,18.365054762796063,-132.63310760537826,3,1
2012-08-03 05:13:02.121918+00:00,2.96,6.64,10.15,7372.911072295225,18.365054762796063,-132.63310760537826,3,1
2012-08-03 05:19:02.121918+00:00,3.14,7.04,10.77,7522.612535746457,18.314520545273663,-132.73417604042308,3,1
2012-08-03 05:24:02.121918+00:00,3.16,7.08,10.83,7522.612535746457,18.314520545273663,-132.73417604042308,3,1
2012-08-03 05:32:02.121918+00:00,3.6,8.04,12.29,6868.355166163355,18.088721967819417,-133.1857731953316,3,1
2012-08-03 05:38:02.121918+00:00,3.12,6.99,10.7,5103.8689525329855,17.9379670644343,-133.4872830021018,3,1
2012-08-03 05:44:02.121918+00:00,3.08,6.91,10.57,4542.5750082504055,17.379936606068448,-134.6033439188335,3,1
2012-08-03 05:53:02.121918+00:00,2.33,5.24,8.03,4542.5750082504055,17.379936606068448,-134.6033439188335,3,1
2012-08-03 05:59:02.121918+00:00,2.23,5.02,7.68,4319.664098189848,17.37737728780113,-134.6084625553681,3,1
2012-08-03 06:05:02.121918+00:00,2.45,5.51,8.44,3528.6793336935766,16.192617732523868,-136.97798166592267,3,1
2012-08-03 06:11:02.121918+00:00,0.89,2.02,3.09,3376.61288715553,16.192617732523868,-136.97798166592267,3,1
2012-08-03 06:19:02.121918+00:00,0.0,0.02,0.04,3528.6793336935766,16.35121875259082,-136.66077962578876,3,1
2012-08-03 06:25:02.121918+00:00,16.36,34.1,40.0,3556.374188267978,16.683424889325938,-135.99636735231852,3,1
2012-08-03 06:33:02.121918+00:00,1.48,3.34,5.11,3667.738359230949,16.683424889325938,-135.99636735231852,3,1
2012-08-03 06:40:02.121918+00:00,1.93,4.35,6.66,3667.738359230949,17.641498111177413,-134.08022090861556,3,1
2012-08-03 06:44:02.121918+00:00,2.28,5.13,7.86,3377.073099172892,17.641498111177413,-134.08022090861556,3,1
2012-08-03 06:51:02.121918+00:00,2.18,4.9,7.51,3377.073099172892,16.18856539068553,-136.98608634959936,3,1
2012-08-03 06:55:02.121918+00:00,1.81,4.08,6.26,2631.091767109176,16.18856539068553,-136.98608634959936,3,1
2012-08-03 07:02:02.121918+00:00,0.01,0.02,0.02,3391.0580380621,16.65314609542329,-136.05692494012382,3,1
2012-08-03 07:10:02.121918+00:00,2.15,4.84,7.42,3391.0580380621,17.20585020619174,-134.95151671858693,3,1
2012-08-03 07:16:02.121918+00:00,2.28,5.13,7.86,3727.9097545924888,17.20585020619174,-134.95151671858693,3,1
2012-08-03 07:24:02.121918+00:00,1.81,4.08,6.26,3923.573017225418,17.114053613473445,-135.13510990402352,3,1
2012-08-03 07:31:02.121918+00:00,2.35,5.3,8.11,5280.56776503287,17.002813195641806,-135.3575907396868,3,1
2012-08-03 07:58:02.121918+00:00,7.55,16.39,24.96,4457.629610626477,17.358473841263987,-134.64626944844244,3,1
2012-08-03 08:06:02.121918+00:00,6.61,14.44,22.01,4311.686003057165,16.796694798429826,-135.76982753411076,3,1
2012-08-03 08:13:02.121918+00:00,3.52,7.88,12.05,3893.6872611592457,16.68691478828951,-135.9893875543914,3,1
2012-08-03 08:18:02.121918+00:00,3.3,7.38,11.29,3827.488969753233,16.26258351844261,-136.8380500940852,3,1
2012-08-03 08:25:02.121918+00:00,3.39,7.59,11.61,3629.077311869064,16.678503698727805,-136.0062097335148,3,1
2012-08-03 08:30:02.121918+00:00,2.4,5.41,8.28,3629.077311869064,16.678503698727805,-136.0062097335148,3,1
2012-08-03 09:37:02.121918+00:00,2.72,6.12,9.36,8187.960940899713,17.645041826900137,-134.07313347717013,4,1
2012-08-03 09:42:02.121918+00:00,3.51,7.84,11.98,8187.960940899713,17.63069836853964,-134.10182039389113,4,1
2012-08-03 09:47:02.121918+00:00,3.54,7.92,12.11,7764.225878970407,17.298210398292685,-134.76679633438505,5,1
2012-08-03 09:51:02.121918+00:00,4.34,9.65,14.75,7032.472495562706,17.288839328744572,-134.78553847348127,5,1
2012-08-03 09:56:02.121918+00:00,4.44,9.87,15.08,6030.142129333829,16.708576786394982,-135.94606355818044,5,1
2012-08-03 10:00:02.121918+00:00,4.51,10.01,15.29,6030.142129333829,16.708576786394982,-135.94606355818044,5,1
2012-08-03 10:04:02.121918+00:00,4.26,9.47,14.48,6351.200869067417,16.77855500482267,-135.80610712132506,5,1
2012-08-03 10:09:02.121918+00:00,4.49,9.97,15.24,6351.200869067417,16.77855500482267,-135.80610712132506,5,1
2012-08-03 10:13:02.121918+00:00,4.8,10.63,16.24,6351.200869067417,16.77855500482267,-135.80610712132506,5,1
2012-08-03 10:18:02.121918+00:00,4.8,10.63,16.24,7022.629569896914,17.347374747179053,-134.66846763661232,5,1
2012-08-03 10:23:02.121918+00:00,4.56,10.11,15.45,7311.54149872556,17.491607307415162,-134.38000251614008,5,1
2012-08-03 10:27:02.121918+00:00,4.56,10.11,15.45,7609.031004692478,17.49892327600193,-134.36537057896655,4,1
2012-08-03 10:32:02.121918+00:00,5.21,11.5,17.56,7609.031004692478,17.527938291240666,-134.3073405484891,4,1
2012-08-03 10:39:02.121918+00:00,3.43,7.67,11.74,5974.455347342047,17.491607307415162,-134.38000251614008,3,1
2012-08-03 11:10:02.121918+00:00,4.51,10.01,15.29,7428.457368227822,17.694562522867756,-133.9740920852349,3,1
2012-08-03 11:18:02.121918+00:00,4.29,9.55,14.59,7428.457368227822,17.694562522867756,-133.9740920852349,3,1
2012-08-03 11:23:02.121918+00:00,4.07,9.07,13.87,7844.768904219943,17.61169757145758,-134.13982198805525,3,1
2012-08-03 11:29:02.121918+00:00,3.8,8.47,12.95,6914.147451773557,17.419974445799433,-134.52326823937153,3,1
2012-08-03 11:38:02.121918+00:00,3.62,8.08,12.35,7844.768904219943,17.61169757145758,-134.13982198805525,3,1
2012-08-03 11:44:02.121918+00:00,3.56,7.96,12.17,8210.41450029001,17.71955015637645,-133.9241168182175,3,1
2012-08-03 11:53:02.121918+00:00,3.97,8.85,13.53,6963.459846877428,17.499204284865602,-134.36480856123922,4,1
2012-08-03 11:58:02.121918+00:00,4.16,9.26,14.15,5716.505193464847,17.278858413354754,-134.8055003042609,3,1
2012-08-03 12:38:02.123460+00:00,5.87,12.9,19.67,5613.104623981474,16.689362762191095,-136.1937895183538,3,1
2012-08-03 12:46:02.123460+00:00,5.69,12.51,19.09,5221.232005145974,16.5930006117596,-136.38651381921682,3,1
2012-08-03 14:37:02.123460+00:00,3.0,6.73,10.29,10093.079076352682,17.707905371895627,-134.15670429894476,3,1
2012-08-03 14:42:02.123460+00:00,2.87,6.45,9.87,9098.56827622213,17.5448436297536,-134.4828277832288,3,1
2012-08-03 14:47:02.123460+00:00,3.08,6.91,10.57,8025.993014871748,17.757969946512702,-134.0565751497106,4,1
2012-08-03 14:54:02.123460+00:00,3.14,7.04,10.77,6687.810476541396,17.402500723439186,-134.76751359585765,3,1
2012-08-03 15:00:02.123460+00:00,3.63,8.12,12.41,6625.898105852435,17.52497691409529,-134.52256121454542,3,1
2012-08-03 16:08:02.123460+00:00,3.06,6.86,10.5,6548.801978013691,17.58083066197706,-134.4108537187819,3,1
2012-08-03 16:13:02.123460+00:00,3.22,7.21,11.03,7302.952631304248,17.67955679265896,-134.21340145741812,4,1
2012-08-03 16:16:02.123460+00:00,3.22,7.21,11.03,7302.952631304248,17.67955679265896,-134.21340145741812,4,1
2012-08-03 16:22:02.123460+00:00,19.01,39.37,40.0,4602.274599029582,18.173150597786982,-133.22621384716206,4,1
2012-08-03 16:30:02.123460+00:00,3.74,8.35,12.77,7000.262441778052,17.77828292334086,-134.0159491960543,3,1
2012-08-03 19:25:02.123460+00:00,5.72,12.58,19.19,6204.09963895262,16.71585971384087,-136.1407956150543,3,1
2012-08-03 19:30:02.123460+00:00,5.84,12.83,19.58,5604.601343918854,16.45603325576932,-136.66044853119735,4,1
2012-08-03 19:35:02.123460+00:00,6.41,14.03,21.39,3840.753963867983,15.578208710138242,-138.41609762245952,4,1
2012-08-03 19:39:02.123460+00:00,6.58,14.38,21.91,3840.753963867983,15.578208710138242,-138.41609762245952,4,1
2012-08-04 05:54:02.125002+00:00,6.22,13.62,20.78,2194.3637943964536,14.016472226803812,-138.2247393022122,3,1
2012-08-04 05:58:02.125002+00:00,6.22,13.62,20.78,2233.4823582887143,14.258879641358464,-137.73992447310286,4,1
2012-08-04 06:00:02.125002+00:00,6.23,13.66,20.82,2233.4823582887143,14.258879641358464,-137.73992447310286,4,1
2012-08-04 06:05:02.125002+00:00,6.58,14.38,21.91,2324.3943078524403,14.611331145753628,-137.03502146431254,4,1
2012-08-04 06:11:02.125002+00:00,6.68,14.59,22.24,2494.986192389357,14.55182099561852,-137.15404176458276,3,1
2012-08-04 06:31:02.125002+00:00,6.23,13.66,20.82,5020.526666263033,15.381628129329687,-135.49442749716042,3,1
2012-08-04 06:32:02.125002+00:00,6.23,13.66,20.82,5020.526666263033,15.381628129329687,-135.49442749716042,3,1
2012-08-04 06:37:02.125002+00:00,6.26,13.72,20.92,3350.6788371620564,14.987629135764,-136.2824254842918,5,1
2012-08-04 06:44:02.125002+00:00,6.37,13.94,21.25,2677.149285589733,14.79670160252589,-136.664280550768,4,1
2012-08-04 06:47:02.125002+00:00,6.13,13.44,20.49,2003.61973401741,14.60577406928778,-137.04613561724423,3,1
2012-08-04 06:52:02.125002+00:00,6.17,13.53,20.63,2003.61973401741,14.60577406928778,-137.04613561724423,3,1
2012-08-04 07:03:02.125002+00:00,7.46,16.21,24.68,2048.6439032859353,14.256534112219592,-137.74461553138062,3,1
2012-08-04 07:09:02.125002+00:00,7.28,15.84,24.12,2090.7482987349185,14.3257698642516,-137.6061440273166,4,1
2012-08-04 07:10:02.125002+00:00,7.28,15.84,24.12,2090.7482987349185,14.3257698642516,-137.6061440273166,4,1
2012-08-04 07:18:02.125002+00:00,6.77,14.78,22.53,2132.8526941839013,14.256534112219592,-137.74461553138062,3,1
2012-08-04 07:37:02.125002+00:00,7.37,16.02,24.4,2472.148577308637,14.93100586359575,-136.3956720286283,3,1
2012-08-04 07:46:02.125002+00:00,7.21,15.68,23.89,2499.062373629267,14.259663318386696,-137.7383571190464,3,1
2012-08-04 07:53:02.125002+00:00,7.45,16.18,24.64,2387.8932777848427,14.043523948641084,-138.17063585853765,4,1
2012-08-04 07:59:02.125002+00:00,6.56,14.34,21.87,2387.8932777848427,14.17619175680123,-137.90530024221732,4,1
2012-08-04 08:03:02.125002+00:00,5.37,11.83,18.06,2407.0141658044367,14.29322292074658,-137.67123791432664,4,1
2012-08-04 08:07:02.125002+00:00,5.32,11.73,17.91,2407.0141658044367,14.29322292074658,-137.67123791432664,4,1
2012-08-04 08:12:02.125002+00:00,5.26,11.6,17.71,4534.412479002958,14.873257319211254,-136.5111691173973,4,1
2012-08-04 08:19:02.125002+00:00,5.24,11.57,17.66,6531.52080833746,15.882364728062472,-134.49295429969484,3,1
2012-08-04 08:24:02.125002+00:00,5.23,11.54,17.61,6465.552446191518,15.653794443206742,-134.9500948694063,3,1
2012-08-04 08:30:02.125002+00:00,5.32,11.73,17.91,3758.316707849725,14.661746896904525,-136.93418996201075,3,1
2012-08-04 09:14:02.125002+00:00,3.39,7.59,11.61,9316.360167683471,16.819432344979433,-132.61881906586092,3,1
2012-08-04 09:19:02.125002+00:00,4.09,9.11,13.92,7814.712210206548,16.432430551827284,-133.39282265216522,4,1
2012-08-04 09:23:02.125002+00:00,4.06,9.03,13.81,7221.675313418784,16.058465167252848,-134.1407534213141,5,1
2012-08-04 09:27:02.125002+00:00,4.31,9.58,14.64,6313.064252729622,16.045428758675136,-134.16682623846953,5,1
2012-08-04 09:32:02.125002+00:00,4.19,9.33,14.26,6200.636967589018,15.70085767259036,-134.85596841063906,5,1
2012-08-04 09:34:02.125002+00:00,4.38,9.72,14.86,6200.636967589018,15.70085767259036,-134.85596841063906,5,1
2012-08-04 09:39:02.125002+00:00,3.88,8.66,13.24,6200.636967589018,15.70085767259036,-134.85596841063906,5,1
2012-08-04 09:44:02.125002+00:00,3.94,8.77,13.41,2828.9308418440833,15.299023107812936,-135.65963754019393,5,1
2012-08-04 09:47:02.125002+00:00,3.56,7.96,12.17,4329.662637337067,15.402183625610595,-135.4533165045986,4,1
2012-08-04 09:52:02.125002+00:00,4.36,9.69,14.81,7167.515608538599,16.31745603463605,-133.6227716865477,5,1
2012-08-04 09:58:02.125002+00:00,3.76,8.39,12.83,6587.220153884782,15.787604095653135,-134.68247556451354,5,1
2012-08-04 10:02:02.125002+00:00,3.54,7.92,12.11,7052.695716539393,15.918651603016665,-134.42038054978647,5,1
2012-08-04 10:04:02.125002+00:00,3.54,7.92,12.11,7052.695716539393,15.918651603016665,-134.42038054978647,5,1
2012-08-04 10:07:02.125002+00:00,3.47,7.75,11.86,7110.105662538996,16.118053818826354,-134.0215761181671,6,1
2012-08-04 10:11:02.125002+00:00,3.45,7.71,11.8,6845.902571215447,15.8531278493349,-134.55142805715002,6,1
2012-08-04 10:16:02.125002+00:00,2.81,6.31,9.66,7052.695716539393,15.875950269892783,-134.50578321603422,5,1
2012-08-04 10:21:02.125002+00:00,2.59,5.82,8.91,7136.534317212267,15.897300936454725,-134.46308188291033,6,1
2012-08-04 10:25:02.125002+00:00,2.7,6.07,9.29,7220.372917885139,15.875950269892783,-134.50578321603422,5,1
2012-08-04 10:27:02.125002+00:00,2.63,5.92,9.06,6639.109425891502,15.657007138419075,-134.94366947898163,5,1
2012-08-04 10:29:02.125002+00:00,2.47,5.56,8.52,6639.109425891502,15.657007138419075,-134.94366947898163,5,1
2012-08-04 10:35:02.125002+00:00,13.96,29.33,40.0,4443.209817193114,14.884334729225593,-136.4890142973686,5,1
2012-08-04 10:39:02.125002+00:00,13.96,29.33,40.0,4443.209817193114,14.884334729225593,-136.4890142973686,5,1
2012-08-04 10:44:02.125002+00:00,13.98,29.37,40.0,4261.836576275287,15.06453524130564,-136.12861327320852,6,1
2012-08-04 10:47:02.125002+00:00,13.96,29.33,40.0,4080.463335357462,14.956475150027838,-136.34473345576413,7,1
2012-08-04 10:49:02.125002+00:00,3.94,8.77,13.41,4080.463335357462,14.956475150027838,-136.34473345576413,7,1
2012-08-04 10:50:02.125002+00:00,13.98,29.37,40.0,4001.887974908795,14.956475150027838,-136.34473345576413,7,1
2012-08-04 10:54:02.125002+00:00,13.98,29.37,40.0,3642.824666019264,14.805468851850524,-136.64674605211877,8,1
2012-08-04 10:55:02.125002+00:00,13.98,29.37,40.0,3283.761357129734,14.956475150027838,-136.34473345576413,7,1
2012-08-04 10:59:02.125002+00:00,13.98,29.37,40.0,4001.887974908795,15.111089503314144,-136.03550474919152,7,1
2012-08-04 11:03:02.125002+00:00,14.02,29.45,40.0,2928.69253120293,14.956475150027838,-136.34473345576413,7,1
2012-08-04 11:07:02.125002+00:00,14.02,29.45,40.0,2928.69253120293,14.496540604991743,-137.2646025458363,5,1
2012-08-04 11:11:02.125002+00:00,2.68,6.02,9.22,2799.9676856435385,14.756598093428678,-136.74448756896243,6,1
2012-08-04 11:13:02.125002+00:00,2.68,6.02,9.22,2799.9676856435385,14.756598093428678,-136.74448756896243,6,1
2012-08-04 11:18:02.125002+00:00,2.85,6.4,9.8,2928.69253120293,14.982049719528057,-136.29358431676368,5,1
2012-08-04 11:19:02.125002+00:00,3.16,7.08,10.83,2985.335588065486,14.94561022510868,-136.36646330560245,6,1
2012-08-04 11:24:02.125002+00:00,3.35,7.51,11.48,3419.9623890898947,14.994087712697086,-136.26950833042562,4,1
2012-08-04 11:28:02.125002+00:00,3.47,7.75,11.86,3797.946133251749,15.07900469470487,-136.09967436641006,3,1
2012-08-04 11:39:02.125002+00:00,1.99,4.48,6.86,2151.4450304172024,14.085059017565824,-138.08756572068813,3,1
2012-08-04 11:42:02.125002+00:00,1.65,3.73,5.71,2081.4375849124426,14.052622060324731,-138.1524396351703,4,1
2012-08-04 11:44:02.125002+00:00,1.65,3.73,5.71,2081.4375849124426,14.052622060324731,-138.1524396351703,4,1
2012-08-04 11:51:02.125002+00:00,1.05,2.39,3.66,2081.4375849124426,14.04874645967998,-138.16019083645983,4,1
2012-08-04 11:57:02.125002+00:00,1.68,3.8,5.82,2011.430139407683,14.020185103083644,-138.21731354965252,3,1
2012-08-04 12:02:02.126544+00:00,2.47,5.56,8.52,4089.9218794261847,15.579498920944948,-135.73152831399642,3,1
2012-08-04 12:08:02.126544+00:00,2.79,6.26,9.59,5232.56424040272,15.833658733463754,-135.22320868895883,4,1
2012-08-04 12:11:02.126544+00:00,2.61,5.87,8.99,6375.206601379256,16.087818545982557,-134.71488906392122,5,1
2012-08-04 12:13:02.126544+00:00,2.66,5.97,9.14,6731.770341500644,16.246365381274227,-134.39779539333787,4,1
2012-08-04 12:18:02.126544+00:00,2.68,6.02,9.22,6731.770341500644,16.246365381274227,-134.39779539333787,4,1
2012-08-04 12:36:02.126544+00:00,4.48,9.94,15.18,6478.175504326081,15.946715984885758,-134.9970941861148,3,1
2012-08-04 12:41:02.126544+00:00,5.41,11.93,18.21,3333.4762929537815,14.460836769995591,-137.96885261589514,3,1
2012-08-04 13:58:02.126544+00:00,28.77,40.0,40.0,4159.589630281406,15.205799609239008,-136.47892693740832,3,1
2012-08-04 14:36:02.126544+00:00,8.14,17.6,26.79,2381.5818935259767,14.96076004834078,-136.96900605920476,3,1
2012-08-04 14:43:02.126544+00:00,8.05,17.42,26.51,1897.5484103174715,14.175567311251662,-138.539391533383,4,1
2012-08-04 14:49:02.126544+00:00,7.94,17.2,26.18,1897.5484103174715,14.444869193041225,-138.00078776980388,4,1
2012-08-04 14:53:02.126544+00:00,7.96,17.23,26.23,1876.7231055982131,14.336203990910166,-138.21811817406598,3,1
2012-08-04 14:56:02.126544+00:00,7.96,17.23,26.23,1876.7231055982131,14.336203990910166,-138.21811817406598,3,1
2012-08-04 15:11:02.126544+00:00,2.43,5.46,8.36,6568.970250058882,16.56210445889309,-133.76631723810016,3,1
2012-08-04 15:16:02.126544+00:00,1.81,4.08,6.26,6568.970250058882,16.56210445889309,-133.76631723810016,5,1
2012-08-04 15:19:02.126544+00:00,1.81,4.08,6.26,6568.970250058882,16.56210445889309,-133.76631723810016,5,1
2012-08-04 15:25:02.126544+00:00,1.75,3.95,6.04,4398.310406825172,15.45542567015424,-135.97967481557785,6,1
2012-08-04 15:26:02.126544+00:00,1.84,4.15,6.36,2227.6505635914637,14.492020613899635,-137.90648492808705,5,1
2012-08-04 15:32:02.126544+00:00,1.99,4.48,6.86,4484.837994019505,15.39778714586854,-136.09495186414927,4,1
2012-08-04 15:34:02.126544+00:00,1.55,3.5,5.36,4204.803210430878,15.22932325012441,-136.4318796556375,6,1
2012-08-04 15:43:02.126544+00:00,4.48,9.94,15.18,6181.955857270292,16.08190293492058,-134.72672028604515,3,1
2012-08-04 15:44:02.126544+00:00,3.56,7.96,12.17,4666.399880464436,16.06286583239033,-134.76479449110565,4,1
2012-08-04 16:15:02.126544+00:00,14.9,31.21,40.0,4886.01610684085,17.08907907768763,-132.71236800051105,3,1
2012-08-04 16:18:02.126544+00:00,14.69,30.79,40.0,4886.01610684085,17.08907907768763,-132.71236800051105,3,1
2012-08-04 16:38:02.126544+00:00,5.37,11.83,18.06,4125.57714029162,15.400798094583962,-136.08892996671838,3,1
2012-08-04 16:40:02.126544+00:00,5.12,11.3,17.26,4125.57714029162,15.400798094583962,-136.08892996671838,3,1
2012-08-04 16:48:02.126544+00:00,5.13,11.34,17.31,4125.57714029162,15.400798094583962,-136.08892996671838,3,1
2012-08-04 17:59:02.126544+00:00,4.72,10.46,15.98,10112.000810668123,16.976226812709903,-132.9380725304665,4,1
2012-08-04 18:03:02.126544+00:00,4.72,10.46,15.98,10925.16188845644,17.08731783236752,-132.71589049115127,3,1
2012-08-04 18:07:02.126544+00:00,4.69,10.39,15.87,10112.000810668123,16.976226812709903,-132.9380725304665,4,1
2012-08-04 18:16:02.126544+00:00,4.34,9.65,14.75,4793.482208746524,15.238823523520953,-136.4128791088444,4,1
2012-08-04 18:21:02.126544+00:00,4.96,10.97,16.75,4231.027249973135,14.914069399684733,-137.0623873565169,4,1
2012-08-04 18:25:02.126544+00:00,5.1,11.27,17.21,4028.764363954977,14.87321721766359,-137.14409172055915,5,1
2012-08-04 18:28:02.126544+00:00,5.33,11.77,17.96,3685.0167140756457,14.648500569262088,-137.59352501736214,4,1
2012-08-04 18:32:02.126544+00:00,5.55,12.22,18.65,3341.269064196314,14.423783920860586,-138.04295831416513,3,1
2012-08-04 21:04:02.126544+00:00,4.74,10.49,16.03,3024.71363486883,14.4695335302861,-137.95145909531414,4,1
2012-08-04 21:09:02.126544+00:00,4.75,10.53,16.08,3282.593927265617,14.763070588960073,-137.36438497796615,4,1
2012-08-04 21:13:02.126544+00:00,4.74,10.49,16.03,3282.593927265617,14.763070588960073,-137.36438497796615,4,1
2012-08-04 22:09:02.126544+00:00,4.72,10.46,15.98,5127.05795925529,15.641422787535898,-135.60768058081453,3,1
2012-08-04 22:13:02.126544+00:00,4.54,10.08,15.4,5067.996004392464,15.491171657020285,-135.90818284184576,4,1
2012-08-04 22:17:02.126544+00:00,4.78,10.6,16.19,5008.9340495296365,15.569096387990909,-135.7523333799045,5,1
2012-08-04 22:22:02.126544+00:00,4.83,10.7,16.34,4652.372754282526,15.45500845724779,-135.9805092413907,4,1
2012-08-04 22:26:02.126544+00:00,5.04,11.14,17.01,4474.762045718158,15.37508820916888,-136.14034973754855,4,1
2012-08-04 22:32:02.126544+00:00,5.07,11.2,17.11,3672.501085956562,15.13185299990515,-136.626820156076,4,1
2012-08-05 01:30:02.128086+00:00,15.11,31.63,40.0,3340.0627118910297,14.81787562442111,-136.3645543689933,3,1
2012-08-05 01:34:02.128086+00:00,15.14,31.67,40.0,3340.0627118910297,14.81787562442111,-136.3645543689933,3,1
2012-08-05 01:39:02.128086+00:00,14.86,31.12,40.0,3696.479825766195,15.083370289686176,-135.83356503846318,4,1
2012-08-05 01:47:02.128086+00:00,12.93,27.28,40.0,3835.498904495618,15.311283861388112,-135.37773789505928,4,1
2012-08-05 01:51:02.128086+00:00,11.54,24.49,37.17,3835.498904495618,15.429867700379797,-135.14057021707592,4,1
2012-08-05 01:55:02.128086+00:00,11.54,24.49,37.17,3835.498904495618,15.429867700379797,-135.14057021707592,4,1
2012-08-05 01:59:02.128086+00:00,11.6,24.6,37.33,3262.2541590616247,15.037238278036837,-135.92582906176185,4,1
2012-08-05 10:11:02.128086+00:00,6.08,13.34,20.35,2660.8948719689593,14.482460146861882,-137.03538532411176,3,1
2012-08-05 10:15:02.128086+00:00,5.96,13.09,19.96,2356.480135548318,14.565389944791344,-136.86952572825282,4,1
2012-08-05 10:18:02.128086+00:00,5.89,12.93,19.72,2350.923556463216,14.648319742720805,-136.70366613239392,5,1
2012-08-05 10:22:02.128086+00:00,5.5,12.12,18.5,2660.8948719689593,14.687294271336045,-136.62571707516344,5,1
2012-08-05 10:26:02.128086+00:00,5.37,11.83,18.06,2729.944254385047,14.677022968268137,-136.64625968129926,5,1
2012-08-05 10:30:02.128086+00:00,5.54,12.19,18.6,2808.619513043623,14.677022968268137,-136.64625968129926,5,1
2012-08-05 10:34:02.128086+00:00,5.83,12.8,19.53,2968.674636861773,14.839609894781544,-136.32108582827243,5,1
2012-08-05 10:38:02.128086+00:00,5.41,11.93,18.21,3158.149693218891,14.677022968268137,-136.64625968129926,5,1
2012-08-05 10:42:02.128086+00:00,5.64,12.42,18.95,2968.674636861773,14.648516205799726,-136.70327320623608,5,1
2012-08-05 10:46:02.128086+00:00,5.76,12.67,19.34,2827.273196218199,14.504293995092985,-136.99171762764956,5,1
2012-08-05 10:50:02.128086+00:00,6.08,13.34,20.35,2848.763069895989,14.648516205799726,-136.70327320623608,5,1
2012-08-05 10:55:02.128086+00:00,6.01,13.18,20.11,2827.273196218199,14.572857249919766,-136.854591117996,5,1
2012-08-05 10:59:02.128086+00:00,8.48,18.29,27.83,2827.273196218199,14.572857249919766,-136.854591117996,5,1
2012-08-05 11:03:02.128086+00:00,8.52,18.38,27.97,2848.763069895989,15.159106686048354,-135.68209224573883,5,1
2012-08-05 11:08:02.128086+00:00,8.62,18.57,28.25,3134.806649514795,15.194581001541112,-135.6111436147533,4,1
2012-08-05 11:13:02.128086+00:00,8.4,18.13,27.59,3289.404963075707,15.086870971890246,-135.82656367405502,4,1
2012-08-05 11:20:02.128086+00:00,3.12,6.99,10.7,3420.8502291336017,15.159106686048354,-135.68209224573883,3,1
2012-08-05 11:25:02.128086+00:00,0.0,0.02,0.04,3762.485217923332,15.83088198595028,-134.33854164593495,3,1
2012-08-05 11:32:02.128086+00:00,3.85,8.58,13.12,3857.895332696188,15.680475735905503,-134.63935414602452,4,1
2012-08-05 11:37:02.128086+00:00,3.97,8.85,13.53,3719.38022760041,15.388839250316812,-135.22262711720188,4,1
2012-08-05 11:41:02.128086+00:00,3.3,7.38,11.29,3676.275237277488,15.530069485860729,-134.94016664611405,5,1
2012-08-05 11:46:02.128086+00:00,3.72,8.31,12.71,3181.547042896763,15.530069485860729,-134.94016664611405,5,1
2012-08-05 11:51:02.128086+00:00,4.48,9.94,15.18,2765.892777948314,15.450509488480304,-135.0992866408749,4,1
2012-08-05 11:55:02.128086+00:00,2.92,6.54,10.01,3181.547042896763,15.653409962187713,-134.6934856934601,3,1
2012-08-05 12:04:02.129628+00:00,3.76,8.39,12.83,4984.646374664816,16.58558129133429,-135.94159662875924,3,1
2012-08-05 12:10:02.129628+00:00,3.8,8.47,12.95,6850.002711390889,17.14417912880708,-134.8244009538137,3,1
2012-08-05 12:18:02.129628+00:00,4.02,8.96,13.7,6850.002711390889,17.14417912880708,-134.8244009538137,3,1
2012-08-05 12:26:02.129628+00:00,4.04,9.0,13.75,6282.1699916454945,16.697587638275618,-135.7175839348766,4,1
2012-08-05 12:31:02.129628+00:00,4.04,9.0,13.75,5458.21417542644,16.250996147744154,-136.61076691593954,3,1
2012-08-05 12:36:02.129628+00:00,15.05,31.5,40.0,7872.27119354566,17.0991287768869,-134.91450165765403,3,1
2012-08-05 12:41:02.129628+00:00,5.95,13.06,19.92,7872.27119354566,17.0991287768869,-134.91450165765403,3,1
2012-08-05 14:30:02.129628+00:00,5.99,13.15,20.06,1877.58913467885,13.708223535383956,-141.69631214065993,3,1
2012-08-05 23:11:02.129628+00:00,15.33,32.06,40.0,2345.4191800899243,14.490479163137998,-140.13180088515185,4,1
2012-08-05 23:13:02.129628+00:00,15.33,32.06,40.0,2345.4191800899243,14.490479163137998,-140.13180088515185,4,1
2012-08-05 23:17:02.129628+00:00,15.33,32.06,40.0,2378.2821479445356,14.499897165962103,-140.11296487950364,5,1
2012-08-05 23:21:02.129628+00:00,1.2,2.7,4.14,2345.4191800899243,14.490479163137998,-140.13180088515185,4,1
2012-08-05 23:25:02.129628+00:00,3.85,8.58,13.12,2276.952817969801,14.367088659799386,-140.37858189182907,4,1
2012-08-05 23:35:02.129628+00:00,3.6,8.04,12.29,2190.6841728946615,14.23269817421109,-140.64736286300564,3,1
2012-08-05 23:39:02.129628+00:00,21.1,40.0,40.0,2062.7180351055063,14.23269817421109,-140.64736286300564,3,1
2012-08-05 23:49:02.129628+00:00,21.22,40.0,40.0,1896.6426226980327,14.435980703142056,-140.24079780514373,3,1
2012-08-05 23:55:02.129628+00:00,21.22,40.0,40.0,1896.6426226980327,14.435980703142056,-140.24079780514373,3,1
2012-08-06 00:45:02.121170+00:00,4.86,10.77,16.44,1717.1489836589385,13.002619830671769,-139.91116582670594,3,1
2012-08-06 00:48:02.121170+00:00,5.02,11.1,16.96,1641.4602241030057,13.03144978290026,-139.85350592224893,4,1
2012-08-06 00:52:02.121170+00:00,5.01,11.07,16.9,1641.4602241030057,13.03144978290026,-139.85350592224893,4,1
2012-08-06 04:23:02.121170+00:00,5.3,11.7,17.86,1571.8140625681865,13.058812175735351,-139.79878113657875,3,1
2012-08-06 04:28:02.121170+00:00,5.29,11.67,17.81,1571.8140625681865,13.058812175735351,-139.79878113657875,3,1
2012-08-06 04:31:02.121170+00:00,5.27,11.63,17.76,1571.8140625681865,13.058812175735351,-139.79878113657875,3,1
2012-08-06 06:49:02.121170+00:00,4.04,9.0,13.75,2425.466397670412,13.780656086837572,-138.35509331437433,3,1
2012-08-06 21:19:02.122712+00:00,4.29,9.55,14.59,1646.7192514101318,14.657118603845516,-139.15038613377396,3,1
2012-08-06 21:21:02.122712+00:00,4.98,11.0,16.8,1920.1392768198516,14.814983544673304,-138.83465625211838,4,1
2012-08-06 21:24:02.122712+00:00,5.15,11.37,17.36,1920.1392768198516,14.814983544673304,-138.83465625211838,4,1
2012-08-06 21:29:02.122712+00:00,4.7,10.42,15.92,1920.1392768198516,14.814983544673304,-138.83465625211838,4,1
2012-08-07 19:06:02.125796+00:00,6.71,14.66,22.34,1685.5912326067355,13.544404113916617,-142.76788722078587,3,1
2012-08-07 19:10:02.125796+00:00,5.49,12.09,18.46,1688.3537294809646,13.777186441470963,-142.30232256567717,4,1
2012-08-07 19:13:02.125796+00:00,5.43,11.96,18.26,1691.1162263551937,14.009968769025312,-141.83675791056848,5,1
2012-08-07 19:18:02.125796+00:00,4.11,9.15,13.98,2442.3598432360304,14.505895369480935,-140.8449047096572,6,1
2012-08-07 19:21:02.125796+00:00,4.51,10.01,15.29,2442.3598432360304,14.737963446121409,-140.38076855637627,6,1
2012-08-07 19:23:02.125796+00:00,4.51,10.01,15.29,2442.3598432360304,14.737963446121409,-140.38076855637627,6,1
2012-08-07 19:27:02.125796+00:00,4.33,9.62,14.7,2512.3999853768664,14.88223859365102,-140.09221826131704,6,1
2012-08-07 19:29:02.125796+00:00,4.28,9.51,14.53,2696.9011899930747,14.92229670892788,-140.01210203076334,7,1
2012-08-07 19:34:02.125796+00:00,4.21,9.36,14.31,3500.866125239243,15.413815340998536,-139.029064766622,6,1
2012-08-07 19:37:02.125796+00:00,4.21,9.36,14.31,3476.252721517518,15.41990059863275,-139.0168942513536,6,1
2012-08-07 19:38:02.125796+00:00,4.21,9.36,14.31,3476.252721517518,15.41990059863275,-139.0168942513536,6,1
2012-08-07 19:42:02.125796+00:00,3.62,8.08,12.35,3756.3978608696407,15.736552900812365,-138.38358964699438,6,1
2012-08-07 19:46:02.125796+00:00,11.35,24.11,36.59,3674.162704407641,15.630805443075586,-138.59508456246795,7,1
2012-08-07 19:49:02.125796+00:00,11.46,24.32,36.9,3609.949007085963,15.59229604092527,-138.67210336676857,6,1
2012-08-07 19:52:02.125796+00:00,5.05,11.17,17.06,3609.949007085963,15.775062302962676,-138.30657084269376,6,1
2012-08-07 19:55:02.125796+00:00,4.78,10.6,16.19,3326.4647312343513,15.809136360880718,-138.23842272685766,8,1
2012-08-07 19:57:02.125796+00:00,4.43,9.83,15.02,3390.6784285560293,15.87531970607177,-138.10605603647556,8,1
2012-08-07 19:59:02.125796+00:00,4.43,9.83,15.02,3390.6784285560293,15.87531970607177,-138.10605603647556,8,1
2012-08-07 20:02:02.125796+00:00,36.64,40.0,40.0,3083.2701395482327,15.809136360880718,-138.23842272685766,8,1
2012-08-07 20:05:02.125796+00:00,36.72,40.0,40.0,3059.3461263920476,15.831320249293768,-138.19405495003156,7,1
2012-08-07 20:07:02.125796+00:00,36.96,40.0,40.0,3083.2701395482327,15.809136360880718,-138.23842272685766,6,1
2012-08-07 20:10:02.125796+00:00,36.88,40.0,40.0,3083.2701395482327,15.809136360880718,-138.23842272685766,6,1
2012-08-07 20:16:02.125796+00:00,36.88,40.0,40.0,3059.3461263920476,15.771008169132664,-138.31467911035378,5,1
2012-08-07 20:19:02.125796+00:00,36.88,40.0,40.0,3059.3461263920476,15.662301657952469,-138.53209213271415,5,1
2012-08-07 20:23:02.125796+00:00,5.02,11.1,16.96,3634.318841743903,15.637962358290531,-138.58077073203805,5,1
2012-08-07 20:27:02.125796+00:00,5.18,11.44,17.46,3052.492606670472,15.5537778602787,-138.74913972806172,5,1
2012-08-07 20:32:02.125796+00:00,5.57,12.25,18.7,2448.386276578586,14.965425497805008,-139.9258444530091,5,1
2012-08-07 20:35:02.125796+00:00,5.61,12.35,18.85,2956.9208099775733,14.9579514145394,-139.9407926195403,4,1
2012-08-07 20:41:02.125796+00:00,5.89,12.93,19.72,2279.5227782112433,14.3621249688001,-141.1324455110189,3,1
2012-08-08 01:34:02.127338+00:00,5.96,13.09,19.96,3268.495353615319,14.662750570806056,-140.90044668235296,3,1
2012-08-08 01:39:02.127338+00:00,5.81,12.77,19.48,4009.0699083578256,15.183499457714364,-139.85894890853635,4,1
2012-08-08 01:42:02.127338+00:00,6.14,13.47,20.54,4749.644463100332,15.555997759283445,-139.1139523053982,5,1
2012-08-08 01:47:02.127338+00:00,5.66,12.45,18.99,4749.644463100332,15.555997759283445,-139.1139523053982,5,1
2012-08-08 01:52:02.127338+00:00,5.27,11.63,17.76,4749.644463100332,15.555997759283445,-139.1139523053982,5,1
2012-08-08 01:55:02.127338+00:00,5.32,11.73,17.91,4127.576100800243,15.065191667804909,-140.09556448835525,5,1
2012-08-08 01:58:02.127338+00:00,5.55,12.22,18.65,3803.556559181251,15.043774553026728,-140.1383987179116,5,1
2012-08-08 02:02:02.127338+00:00,5.18,11.44,17.46,3015.100287485874,14.803412422871912,-140.61912297822124,5,1
2012-08-08 02:07:02.127338+00:00,5.44,11.99,18.31,2981.3705796150507,14.661240201415987,-140.9034674211331,4,1
2012-08-08 02:12:02.127338+00:00,5.75,12.64,19.29,2743.4711633451834,14.395162750613483,-141.43562232273808,4,1
2012-08-08 02:18:02.127338+00:00,1.84,4.15,6.36,2071.083916343513,14.198156479886126,-141.82963486419283,3,1
2012-08-08 02:24:02.127338+00:00,1.96,4.42,6.76,2020.71762285602,14.198156479886126,-141.82963486419283,5,1
2012-08-08 02:30:02.127338+00:00,1.96,4.42,6.76,1970.6609906629976,14.210246009683672,-141.80545580459773,6,2
2012-08-08 02:32:02.127338+00:00,1.93,4.35,6.66,1970.6609906629976,14.210246009683672,-141.80545580459773,6,1
2012-08-08 02:36:02.127338+00:00,2.45,5.51,8.44,2070.540089593982,14.646800724374302,-140.93234637521647,8,1
2012-08-08 02:38:02.127338+00:00,14.42,30.26,40.0,2356.6646655633513,15.019053153595522,-140.18784151677403,10,1
2012-08-08 02:43:02.127338+00:00,5.76,12.67,19.34,2646.9012116217345,15.075292882270032,-140.075362059425,8,1
2012-08-08 02:46:02.127338+00:00,5.58,12.29,18.75,2270.8421142054817,14.967067618502613,-140.29181258695985,13,3
2012-08-08 02:48:02.127338+00:00,6.73,14.69,22.39,2270.8421142054817,15.183518146037454,-139.85891153189016,13,1
2012-08-08 02:50:02.127338+00:00,14.16,29.73,40.0,2356.6646655633513,15.191432297674886,-139.84308322861528,14,1
2012-08-08 02:53:02.127338+00:00,15.24,31.89,40.0,2129.776927354374,14.965699108434126,-140.29454960709683,18,1
2012-08-08 02:54:02.127338+00:00,15.11,31.63,40.0,1988.711740503266,14.964330598365642,-140.2972866272338,17,2
2012-08-08 02:55:02.127338+00:00,15.11,31.63,40.0,1988.711740503266,14.964330598365642,-140.2972866272338,17,1
2012-08-08 02:56:02.127338+00:00,15.18,31.76,40.0,1988.711740503266,14.964330598365642,-140.2972866272338,15,2
2012-08-08 02:59:02.127338+00:00,15.29,31.97,40.0,1929.752143783432,14.482840341326472,-141.2602671413121,15,1
2012-08-08 03:00:02.127338+00:00,15.26,31.93,40.0,1929.752143783432,14.482840341326472,-141.2602671413121,15,2
2012-08-08 03:02:02.127338+00:00,14.59,30.58,40.0,1959.231942143349,14.41862034006882,-141.38870714382742,16,2
2012-08-08 03:03:02.127338+00:00,14.59,30.58,40.0,1988.711740503266,14.482840341326472,-141.2602671413121,17,1
2012-08-08 03:06:02.127338+00:00,15.05,31.5,40.0,2561.7670197325406,14.916167045154255,-140.39361373365657,14,1
2012-08-08 03:08:02.127338+00:00,15.07,31.55,40.0,2371.0226925440675,14.868003491942869,-140.48994084007933,13,1
2012-08-08 03:11:02.127338+00:00,14.34,30.09,40.0,2371.0226925440675,14.482840341326472,-141.2602671413121,13,2
2012-08-08 03:12:02.127338+00:00,14.28,29.97,40.0,2561.7670197325406,14.67542191663467,-140.87510399069572,12,1
2012-08-08 03:13:02.127338+00:00,3.24,7.25,11.1,2561.7670197325406,15.041546338548724,-140.14285514686762,10,1
2012-08-08 03:15:02.127338+00:00,2.77,6.22,9.51,2371.0226925440675,14.868003491942869,-140.48994084007933,11,1
2012-08-08 03:18:02.127338+00:00,3.2,7.17,10.97,2371.0226925440675,15.1051825086123,-140.01558280674047,11,1
2012-08-08 03:19:02.127338+00:00,2.68,6.02,9.22,2297.9535116809666,15.160135846883438,-139.90567613019817,12,2
2012-08-08 03:24:02.127338+00:00,1.15,2.6,3.99,1906.4617794142428,15.21508918515458,-139.7957694536559,9,1
2012-08-08 03:26:02.127338+00:00,12.42,26.24,39.8,1906.4617794142428,15.327443848471503,-139.57106012702206,11,1
2012-08-08 03:27:02.127338+00:00,12.47,26.35,39.96,1931.2180997153996,15.27126651681304,-139.683414790339,12,1
2012-08-08 03:28:02.127338+00:00,12.45,26.32,39.91,1955.9744200165565,15.327443848471503,-139.57106012702206,13,1
2012-08-08 03:32:02.127338+00:00,12.18,25.77,39.09,2013.272549329888,15.556209349139529,-139.113529125686,11,1
2012-08-08 03:34:02.127338+00:00,11.97,25.34,38.44,2113.863077151059,15.589779617198296,-139.0463885895685,10,1
2012-08-08 03:35:02.127338+00:00,11.54,24.49,37.17,2214.4536049722296,15.623349885257063,-138.97924805345096,11,1
2012-08-08 03:36:02.127338+00:00,11.65,24.7,37.48,2214.4536049722296,15.623349885257063,-138.97924805345096,11,1
2012-08-08 03:37:02.127338+00:00,12.16,25.74,39.04,2486.7979705777148,15.698893093415448,-138.8281616371342,10,1
2012-08-08 03:38:02.127338+00:00,13.76,28.93,40.0,2486.7979705777148,15.698893093415448,-138.8281616371342,10,1
2012-08-08 03:42:02.127338+00:00,14.57,30.54,40.0,2759.1423361832,15.556209349139529,-139.113529125686,11,1
2012-08-08 03:45:02.127338+00:00,15.22,31.84,40.0,4024.76063817515,15.774436301573832,-138.6770752208174,9,1
2012-08-08 03:47:02.127338+00:00,19.76,40.0,40.0,5315.976264270624,15.832122582171886,-138.5617026596213,7,1
2012-08-08 03:50:02.127338+00:00,4.21,9.36,14.31,5336.981675226177,15.832122582171886,-138.5617026596213,7,1
2012-08-08 03:52:02.127338+00:00,4.11,9.15,13.98,5326.4789697484,15.849432296261998,-138.52708323144105,6,1
2012-08-08 03:55:02.127338+00:00,3.58,8.0,12.23,5011.410059366439,15.572116054644011,-139.08171571467705,7,1
2012-08-08 03:59:02.127338+00:00,3.58,8.0,12.23,4024.76063817515,15.530798286293155,-139.16435125137875,9,1
2012-08-08 04:02:02.127338+00:00,3.43,7.67,11.74,4050.0062196455992,15.398994604104924,-139.42795861575522,10,1
2012-08-08 04:03:02.127338+00:00,3.41,7.63,11.67,4050.0062196455992,15.398994604104924,-139.42795861575522,10,1
2012-08-08 04:06:02.127338+00:00,3.62,8.08,12.35,4050.0062196455992,15.398994604104924,-139.42795861575522,10,1
2012-08-08 04:07:02.127338+00:00,3.6,8.04,12.29,4050.0062196455992,15.398994604104924,-139.42795861575522,10,1
2012-08-08 04:08:02.127338+00:00,3.54,7.92,12.11,3915.5298401090336,15.530798286293155,-139.16435125137875,11,1
2012-08-08 04:09:02.127338+00:00,24.78,40.0,40.0,3538.727555959135,15.398994604104924,-139.42795861575522,10,1
2012-08-08 04:10:02.127338+00:00,24.78,40.0,40.0,3915.5298401090336,15.481366478961563,-139.26321486604192,11,1
2012-08-08 04:12:02.127338+00:00,24.89,40.0,40.0,3915.5298401090336,15.481366478961563,-139.26321486604192,11,1
2012-08-08 04:15:02.127338+00:00,24.86,40.0,40.0,3354.850931126913,15.21206738824412,-139.80181304747683,12,1
2012-08-08 04:18:02.127338+00:00,9.16,19.68,29.92,3709.620652008109,15.26719092191669,-139.69156598013168,13,1
2012-08-08 04:19:02.127338+00:00,9.14,19.65,29.87,3251.896337076451,15.319155166766556,-139.58763749043194,12,1
2012-08-08 04:23:02.127338+00:00,8.46,18.26,27.78,3656.616160807989,15.709289720218775,-138.80736838352752,12,2
2012-08-08 04:25:02.127338+00:00,15.26,31.93,40.0,3546.6202850577356,15.649892178142505,-138.92616346768006,14,1
2012-08-08 04:26:02.127338+00:00,15.79,32.98,40.0,3489.628900507602,15.548763058940905,-139.12842170608326,13,2
2012-08-08 04:27:02.127338+00:00,7.01,15.28,23.28,3493.9610580244757,15.649892178142505,-138.92616346768006,14,1
2012-08-08 04:30:02.127338+00:00,15.81,33.02,40.0,3498.2932155413496,15.751021297344106,-138.72390522927685,15,1
2012-08-08 04:31:02.127338+00:00,15.79,32.98,40.0,3498.2932155413496,15.751021297344106,-138.72390522927685,15,1
2012-08-08 04:32:02.127338+00:00,15.77,32.93,40.0,3493.9610580244757,15.809729976302505,-138.60648787136006,16,1
2012-08-08 04:33:02.127338+00:00,15.83,33.07,40.0,3489.628900507602,15.751021297344106,-138.72390522927685,15,1
2012-08-08 04:35:02.127338+00:00,15.44,32.28,40.0,3489.628900507602,15.868438655260896,-138.48907051344327,15,1
2012-08-08 04:36:02.127338+00:00,15.16,31.72,40.0,3489.628900507602,15.868438655260896,-138.48907051344327,15,1
2012-08-08 04:38:02.127338+00:00,14.24,29.89,40.0,3429.902321656496,15.873169479790388,-138.4796088643843,14,2
2012-08-08 04:39:02.127338+00:00,14.26,29.93,40.0,3429.902321656496,15.873169479790388,-138.4796088643843,14,1
2012-08-08 04:42:02.127338+00:00,13.98,29.37,40.0,3055.0366504528183,15.873169479790388,-138.4796088643843,12,1
2012-08-08 04:43:02.127338+00:00,13.64,28.7,40.0,3055.0366504528183,15.873169479790388,-138.4796088643843,12,1
2012-08-08 04:44:02.127338+00:00,12.92,27.24,40.0,3370.17574280539,15.877900304319876,-138.4701472153253,11,1
2012-08-08 04:47:02.127338+00:00,13.62,28.66,40.0,2667.691227107023,15.937677201622131,-138.3505934207208,10,1
2012-08-08 04:48:02.127338+00:00,13.53,28.46,40.0,2595.484896113799,15.938432084946497,-138.34908365407207,9,1
2012-08-08 04:51:02.127338+00:00,12.4,26.21,39.74,2595.484896113799,16.199736672490115,-137.82647447898484,7,1
2012-08-08 04:56:02.127338+00:00,12.31,26.03,39.47,2138.1573513949197,16.199736672490115,-137.82647447898484,5,1
2012-08-08 05:04:02.127338+00:00,4.51,10.01,15.29,2717.4478681282308,15.424400048708591,-139.3771477265479,5,1
2012-08-08 05:08:02.127338+00:00,4.62,10.25,15.66,2717.4478681282308,15.424400048708591,-139.3771477265479,5,1
2012-08-08 05:11:02.127338+00:00,4.13,9.18,14.04,2724.4964662761495,15.449461308561933,-139.3270252068412,6,1
2012-08-08 05:14:02.127338+00:00,4.16,9.26,14.15,2724.4964662761495,15.449461308561933,-139.3270252068412,6,1
2012-08-08 05:17:02.127338+00:00,3.1,6.95,10.63,2745.1546183464284,15.449461308561933,-139.3270252068412,6,1
2012-08-08 05:21:02.127338+00:00,6.13,13.44,20.49,2849.1923306842637,15.474522568415274,-139.2769026871345,7,1
2012-08-08 05:24:02.127338+00:00,6.07,13.31,20.3,3946.388516068674,15.65550359568696,-138.91494063259114,6,1
2012-08-08 05:27:02.127338+00:00,5.26,11.6,17.71,4240.436064564963,15.903497896234695,-138.41895203149568,6,1
2012-08-08 05:30:02.127338+00:00,5.44,11.99,18.31,4472.018432742569,16.079944392832783,-138.0660590382995,7,1
2012-08-08 05:33:02.127338+00:00,4.99,11.04,16.85,4508.843468731551,16.200797474993365,-137.82435287397834,6,1
2012-08-08 05:37:02.127338+00:00,7.01,15.28,23.28,4545.668504720535,16.312769884499954,-137.60040805496516,7,1
2012-08-08 05:40:02.127338+00:00,2.72,6.12,9.36,4527.288409205212,16.17638870382244,-137.8731704163202,6,1
2012-08-08 05:43:02.127338+00:00,2.83,6.36,9.73,4759.61588485092,16.31721022082695,-137.59152738231117,6,1
2012-08-08 05:47:02.127338+00:00,3.41,7.63,11.67,4759.61588485092,16.17638870382244,-137.8731704163202,6,1
2012-08-08 05:50:02.127338+00:00,3.02,6.77,10.36,5178.831595682986,16.17638870382244,-137.8731704163202,6,1
2012-08-08 05:52:02.127338+00:00,2.81,6.31,9.66,4704.203031669015,16.175963516145252,-137.87402079167458,7,1
2012-08-08 05:56:02.127338+00:00,2.54,5.72,8.76,4704.203031669015,16.175963516145252,-137.87402079167458,7,1
2012-08-08 05:59:02.127338+00:00,2.61,5.87,8.99,4599.115127304902,16.040007523144922,-138.14593277767523,7,1
2012-08-08 06:01:02.127338+00:00,2.79,6.26,9.59,4651.659079486959,16.0185308275195,-138.18888616892608,6,1
2012-08-08 06:04:02.127338+00:00,17.31,35.99,40.0,4651.659079486959,16.0185308275195,-138.18888616892608,6,1
2012-08-08 06:08:02.127338+00:00,17.28,35.94,40.0,4791.9785251069425,16.0185308275195,-138.18888616892608,6,1
2012-08-08 06:12:02.127338+00:00,17.28,35.94,40.0,4879.754018544869,15.861098138893745,-138.50375154617757,5,1
2012-08-08 06:16:02.127338+00:00,17.11,35.6,40.0,5560.598692617356,16.219887116573343,-137.78617359081838,5,1
2012-08-08 06:19:02.127338+00:00,17.11,35.6,40.0,5560.598692617356,16.219887116573343,-137.78617359081838,5,1
2012-08-08 06:23:02.127338+00:00,3.94,8.77,13.41,5255.985877962899,16.491197869939832,-137.24355208408542,5,1
2012-08-08 06:26:02.127338+00:00,4.14,9.22,14.09,5255.985877962899,16.491197869939832,-137.24355208408542,5,1
2012-08-08 06:30:02.127338+00:00,7.42,16.11,24.54,5255.985877962899,16.09511285213217,-138.03572211970072,5,1
2012-08-08 06:33:02.127338+00:00,7.33,15.93,24.26,5481.081402527455,16.123696593026786,-137.9785546379115,6,1
2012-08-08 06:37:02.127338+00:00,7.6,16.49,25.1,5255.985877962899,16.09511285213217,-138.03572211970072,5,1
2012-08-08 06:40:02.127338+00:00,7.36,15.99,24.36,5117.67767930971,15.89655322201845,-138.43284137992816,6,1
2012-08-08 06:45:02.127338+00:00,7.61,16.52,25.15,5296.3896774373725,15.843098443102337,-138.5397509377604,4,1
2012-08-08 06:49:02.127338+00:00,4.36,9.69,14.81,3162.157977688769,15.342942080202654,-139.54006366355975,5,1
2012-08-08 06:56:02.127338+00:00,5.3,11.7,17.86,2860.197996601084,14.60914148322275,-141.00766485751956,4,1
2012-08-08 06:59:02.127338+00:00,4.9,10.83,16.55,2569.397572120522,14.441127911148609,-141.34369200166785,4,1
2012-08-08 07:02:02.127338+00:00,4.91,10.87,16.6,2569.397572120522,14.441127911148609,-141.34369200166785,4,1
2012-08-08 07:08:02.127338+00:00,5.24,11.57,17.66,2861.159206610002,14.472754388220892,-141.2804390475233,5,1
2012-08-08 07:13:02.127338+00:00,5.13,11.34,17.31,2861.159206610002,14.461286693157252,-141.30337443765058,3,1
2012-08-08 07:17:02.127338+00:00,5.26,11.6,17.71,2916.7077169468857,14.508986085990689,-141.2079756519837,4,1
2012-08-08 07:26:02.127338+00:00,6.01,13.18,20.11,2995.097399261299,14.74673330749427,-140.73248120897654,4,1
2012-08-08 07:31:02.127338+00:00,7.15,15.56,23.7,2995.097399261299,14.74673330749427,-140.73248120897654,4,1
2012-08-08 07:33:02.127338+00:00,7.16,15.59,23.75,2995.097399261299,14.74673330749427,-140.73248120897654,4,1
2012-08-08 07:41:02.127338+00:00,5.24,11.57,17.66,2954.959821809312,14.617808585774348,-140.9903306524164,5,1
2012-08-08 07:44:02.127338+00:00,5.57,12.25,18.7,1724.5403300327948,14.034068665523217,-142.15781049291866,3,1
2012-08-08 07:50:02.127338+00:00,5.47,12.06,18.41,2697.0825107423507,14.581965910265843,-141.06201600343337,4,1
2012-08-08 07:57:02.127338+00:00,5.26,11.6,17.71,3669.624691451906,15.129863155008476,-139.9662215139481,5,1
2012-08-08 08:00:02.127338+00:00,5.29,11.67,17.81,3669.624691451906,15.129863155008476,-139.9662215139481,5,1
2012-08-08 08:03:02.127338+00:00,5.58,12.29,18.75,3383.642386135179,15.051303146246813,-140.12334153147145,5,1
2012-08-08 08:06:02.127338+00:00,5.58,12.29,18.75,3351.4020314574186,14.749489893353388,-140.7269680372583,6,1
2012-08-08 08:10:02.127338+00:00,5.81,12.77,19.48,3319.161676779658,14.447676640459964,-141.33059454304512,5,1
2012-08-08 08:13:02.127338+00:00,5.93,13.02,19.87,2939.0683067223936,14.241359892892792,-141.7432280381795,4,1
2012-08-08 13:44:02.128880+00:00,21.22,40.0,40.0,3121.4631609410703,15.813626990119404,-139.48578464579884,3,1
2012-08-08 13:51:02.128880+00:00,22.09,40.0,40.0,1825.3215462191276,14.405045560832546,-142.30294750437258,5,2
2012-08-08 13:55:02.128880+00:00,22.26,40.0,40.0,1817.8933566506323,14.179368651248506,-142.75430132354066,4,1
2012-08-08 13:57:02.128880+00:00,22.26,40.0,40.0,1817.8933566506323,14.179368651248506,-142.75430132354066,4,1
2012-08-08 16:13:02.128880+00:00,5.61,12.35,18.85,2727.9559047760804,14.433241947133018,-142.24655473177162,4,1
2012-08-08 16:16:02.128880+00:00,5.07,11.2,17.11,2489.0586697626422,14.27077715901246,-142.57148430801274,5,1
2012-08-08 16:19:02.128880+00:00,4.67,10.36,15.82,2502.699505275078,14.147141779676575,-142.8187550666845,6,1
2012-08-08 16:22:02.128880+00:00,4.49,9.97,15.24,2516.3403407875144,14.27077715901246,-142.57148430801274,7,1
2012-08-08 16:25:02.128880+00:00,4.18,9.29,14.2,2741.596740288516,14.433241947133018,-142.24655473177162,6,1
2012-08-08 16:28:02.128880+00:00,4.14,9.22,14.09,3087.925028033863,14.598648841242614,-141.9157409435524,6,1
2012-08-08 16:32:02.128880+00:00,4.07,9.07,13.87,2741.596740288516,14.650300708345377,-141.8124372093469,6,1
2012-08-08 16:35:02.128880+00:00,3.62,8.08,12.35,2516.3403407875144,14.70489468143718,-141.70324926316331,5,1
2012-08-08 16:40:02.128880+00:00,3.2,7.17,10.97,3875.008956073412,15.248236730901816,-140.61656516423403,3,1
2012-08-08 17:23:02.128880+00:00,3.1,6.95,10.63,4434.953264186636,15.706808400499582,-139.69942182503848,3,1
2012-08-08 17:26:02.128880+00:00,3.12,6.99,10.7,4434.953264186636,15.706808400499582,-139.69942182503848,3,1
2012-08-08 17:31:02.128880+00:00,3.43,7.67,11.74,3501.4987935459026,15.026081267074922,-141.0608760918878,4,1
2012-08-08 17:40:02.128880+00:00,4.94,10.94,16.7,2436.757919013756,14.300425606177363,-142.51218741368294,3,1
2012-08-09 16:26:02.121963+00:00,4.38,9.72,14.86,2219.13172008016,13.963950144401306,-138.36249397305275,3,1
2012-08-09 17:58:02.121963+00:00,4.26,9.47,14.48,2632.5842175892967,14.43990225656616,-137.41058974872303,3,1
2012-08-10 01:37:02.123505+00:00,4.66,10.32,15.77,3105.306700833775,14.543197648954592,-137.95491251057663,4,1
2012-08-10 01:41:02.123505+00:00,4.67,10.36,15.82,3138.668925362867,14.68197337194688,-137.67736106459205,3,1
2012-08-10 01:47:02.123505+00:00,4.48,9.94,15.18,3105.306700833775,14.543197648954592,-137.95491251057663,4,1
2012-08-10 02:10:02.123505+00:00,6.01,13.18,20.11,2600.909543440099,14.145661913662888,-138.74998398116003,3,1
2012-08-10 02:15:02.123505+00:00,7.12,15.49,23.61,3127.037662445297,14.536134032575704,-137.9690397433344,3,1
2012-08-10 02:21:02.123505+00:00,5.09,11.24,17.16,3127.037662445297,14.536134032575704,-137.9690397433344,3,1
2012-08-10 02:27:02.123505+00:00,5.69,12.51,19.09,3127.037662445297,14.536134032575704,-137.9690397433344,3,1
2012-08-10 02:32:02.123505+00:00,5.07,11.2,17.11,3755.9261631556183,15.04734763247302,-136.94661254353977,3,1
2012-08-10 02:38:02.123505+00:00,5.55,12.22,18.65,3798.6045707576154,15.04734763247302,-136.94661254353977,3,1
2012-08-10 02:43:02.123505+00:00,5.63,12.38,18.9,3798.6045707576154,14.789398022606669,-137.4625117632725,3,1
2012-08-10 03:47:02.123505+00:00,6.05,13.28,20.25,2343.1311062867935,17.95477101814321,-131.1317657721994,21,2
2012-08-10 03:48:02.123505+00:00,6.13,13.44,20.49,2227.500814167568,18.00004295486152,-131.0412218987628,22,1
2012-08-10 03:49:02.123505+00:00,6.07,13.31,20.3,2111.870522048343,18.045314891579828,-130.95067802532617,23,1
2012-08-10 03:50:02.123505+00:00,6.1,13.37,20.39,2030.9343503496748,18.07607849818958,-130.88915081210666,24,2
2012-08-10 03:51:02.123505+00:00,6.1,13.37,20.39,2030.9343503496748,18.07607849818958,-130.88915081210666,24,2
2012-08-10 03:52:02.123505+00:00,6.1,13.37,20.39,1949.9981786510064,18.045314891579828,-130.95067802532617,25,2
2012-08-10 03:53:02.123505+00:00,6.08,13.34,20.35,1949.9981786510064,18.045314891579828,-130.95067802532617,25,2
2012-08-10 03:54:02.123505+00:00,6.08,13.34,20.35,1949.9981786510064,18.045314891579828,-130.95067802532617,25,2
2012-08-10 03:55:02.123505+00:00,6.01,13.18,20.11,1942.3317713986955,18.054762253008885,-130.93178330246803,28,2
2012-08-10 03:56:02.123505+00:00,5.84,12.83,19.58,1942.3317713986955,18.054762253008885,-130.93178330246803,30,4
2012-08-10 03:57:02.123505+00:00,3.41,7.63,11.67,2030.9343503496748,18.054762253008885,-130.93178330246803,32,2
2012-08-10 03:59:02.123505+00:00,13.28,27.96,40.0,2304.0033736152045,18.156160458606166,-130.7289868912735,34,2
2012-08-10 04:01:02.123505+00:00,13.35,28.12,40.0,2751.92668416239,18.42664107031309,-130.18802566785962,35,1
2012-08-10 04:04:02.123505+00:00,13.6,28.62,40.0,3406.582074887404,18.53408774228827,-129.97313232390928,36,2
2012-08-10 04:05:02.123505+00:00,13.39,28.19,40.0,3420.303288319331,18.54824830366118,-129.94481120116345,35,2
2012-08-10 04:06:02.123505+00:00,13.57,28.54,40.0,3636.610814983092,18.519927180915367,-130.0014534466551,35,3
2012-08-10 04:07:02.123505+00:00,13.55,28.5,40.0,3574.3643109191858,18.47071759465861,-130.0998726191686,35,2
2012-08-10 04:08:02.123505+00:00,13.51,28.43,40.0,3605.487562951139,18.41200205421407,-130.21730370005764,36,2
2012-08-10 04:09:02.123505+00:00,13.55,28.5,40.0,3574.3643109191858,18.273201308048503,-130.4949051923888,37,3
2012-08-10 04:10:02.123505+00:00,13.57,28.54,40.0,3605.487562951139,18.224588356507496,-130.59213109547082,36,2
2012-08-10 04:11:02.123505+00:00,13.57,28.54,40.0,3605.487562951139,18.224588356507496,-130.59213109547082,36,2
2012-08-10 04:12:02.123505+00:00,13.57,28.54,40.0,3636.610814983092,18.273201308048503,-130.4949051923888,35,2
2012-08-10 04:13:02.123505+00:00,13.57,28.54,40.0,3636.610814983092,18.273201308048503,-130.4949051923888,35,2
2012-08-10 04:14:02.123505+00:00,13.57,28.54,40.0,3636.610814983092,18.273201308048503,-130.4949051923888,35,3
2012-08-10 04:15:02.123505+00:00,13.57,28.54,40.0,3724.579345411924,18.458645109515217,-130.12401758945538,32,2
2012-08-10 04:16:02.123505+00:00,13.55,28.5,40.0,3771.441786229388,18.54824830366118,-129.94481120116345,31,3
2012-08-10 04:17:02.123505+00:00,13.66,28.74,40.0,3953.415542887052,18.47280567088812,-130.09569646670957,28,2
2012-08-10 04:18:02.123505+00:00,17.58,36.53,40.0,3861.800625720823,18.335282173081783,-130.37074346232225,26,2
2012-08-10 04:19:02.123505+00:00,16.36,34.1,40.0,3771.441786229388,17.826608453748996,-131.38809090098783,23,1
2012-08-10 04:26:02.123505+00:00,17.65,36.68,40.0,1746.8431851418295,16.821212994966572,-133.3988818185527,8,1
2012-08-10 12:04:02.125047+00:00,5.84,12.83,19.58,4589.611659262959,15.678045146502784,-139.97994841610276,3,1
2012-08-10 12:07:02.125047+00:00,5.84,12.83,19.58,4589.611659262959,15.678045146502784,-139.97994841610276,3,1
2012-08-10 12:13:02.125047+00:00,5.33,11.77,17.96,4915.585649659056,15.849872764279308,-139.63629318054973,4,1
2012-08-10 12:20:02.125047+00:00,4.23,9.4,14.37,5330.13017657261,16.17668939917315,-138.98265991076204,3,1
2012-08-10 12:26:02.125047+00:00,2.45,5.51,8.44,5241.559640055153,17.555970997519587,-136.22409671406916,3,1
2012-08-10 12:32:02.125047+00:00,2.12,4.78,7.33,5330.13017657261,17.61992269088024,-136.09619332734786,3,1
2012-08-10 12:40:02.125047+00:00,1.72,3.87,5.94,5615.000803327504,18.64477167843323,-134.0464953522419,3,1
2012-08-10 12:50:02.125047+00:00,2.59,5.82,8.91,11487.946636091729,18.64477167843323,-134.0464953522419,3,1
2012-08-10 12:56:02.125047+00:00,8.8,18.95,28.82,12321.545530399504,18.2467747611916,-134.84248918672512,3,1
2012-08-10 13:02:02.125047+00:00,2.77,6.22,9.51,11487.946636091729,17.80508021322573,-135.72587828265688,3,1
2012-08-10 13:08:02.125047+00:00,3.06,6.86,10.5,10125.94212476564,17.498606799822664,-136.33882510946302,3,1
2012-08-10 13:12:02.125047+00:00,3.18,7.12,10.9,8825.179484881295,17.145611838265516,-137.04481503257733,4,1
2012-08-10 13:20:02.125047+00:00,13.14,27.7,40.0,4537.980178701119,15.465234304833022,-140.4055700994423,3,1
2012-08-10 13:38:02.125047+00:00,5.89,12.93,19.72,4994.085097090873,15.910406405776316,-139.5152258975557,3,1
2012-08-10 13:43:02.125047+00:00,6.01,13.18,20.11,6130.788278392816,16.301154101187866,-138.7337305067326,4,1
2012-08-10 13:47:02.125047+00:00,5.86,12.86,19.63,6680.549044875394,16.646383770289372,-138.0432711685296,5,1
2012-08-10 13:50:02.125047+00:00,5.63,12.38,18.9,6680.549044875394,16.646383770289372,-138.0432711685296,5,1
2012-08-10 13:54:02.125047+00:00,5.54,12.19,18.6,6680.549044875394,16.646383770289372,-138.0432711685296,5,1
2012-08-10 13:58:02.125047+00:00,5.52,12.16,18.55,6563.539794069688,16.518141625337226,-138.29975545843388,4,1
2012-08-10 14:03:02.125047+00:00,5.32,11.73,17.91,6446.530543263982,16.38989948038508,-138.5562397483382,3,1
2012-08-10 14:42:02.125047+00:00,1.75,3.95,6.04,3676.376975135408,16.18484355496224,-138.96635159918387,3,1
2012-08-10 14:51:02.125047+00:00,3.45,7.71,11.8,5626.211610050712,16.415211235318065,-138.5056162384722,4,1
2012-08-10 14:56:02.125047+00:00,3.69,8.23,12.59,5626.211610050712,16.415211235318065,-138.5056162384722,4,1
2012-08-10 15:00:02.125047+00:00,3.87,8.62,13.18,5608.782695067352,16.28208311744251,-138.7718724742233,5,1
2012-08-10 15:05:02.125047+00:00,4.46,9.9,15.13,4008.860400452564,15.559170919140946,-140.21769687082644,5,1
2012-08-10 15:10:02.125047+00:00,4.74,10.49,16.03,3731.28526090279,15.409610646812432,-140.51681741548347,4,1
2012-08-10 15:14:02.125047+00:00,5.1,11.27,17.21,3453.710121353016,15.260050374483916,-140.8159379601405,3,1
2012-08-11 03:52:02.126589+00:00,9.41,20.19,30.69,3232.414228099422,14.848595417499784,-139.5624651522703,3,1
2012-08-11 04:01:02.126589+00:00,9.49,20.35,30.93,3698.462518906437,15.641731072949344,-137.97619384137118,3,1
2012-08-11 04:06:02.126589+00:00,9.66,20.7,31.46,3698.462518906437,16.020356379358876,-137.21894322855212,3,1
2012-08-11 04:32:02.126589+00:00,3.3,7.38,11.29,2287.6741683027817,15.329256379265498,-138.60114322873886,3,1
2012-08-11 04:36:02.126589+00:00,3.22,7.21,11.03,2287.6741683027817,15.329256379265498,-138.60114322873886,3,1
2012-08-11 04:40:02.126589+00:00,3.22,7.21,11.03,2287.6741683027817,15.329256379265498,-138.60114322873886,3,1
2012-08-11 04:55:02.126589+00:00,5.18,11.44,17.46,3742.087380008446,15.542274102244791,-138.1751077827803,3,1
2012-08-11 05:00:02.126589+00:00,4.98,11.0,16.8,3311.673326343143,15.488687741526569,-138.28228050421674,4,1
2012-08-11 05:03:02.126589+00:00,5.16,11.4,17.41,3742.087380008446,15.43510138080834,-138.3894532256532,5,1
2012-08-11 05:06:02.126589+00:00,5.32,11.73,17.91,3311.673326343143,15.316787334434196,-138.62608131840148,4,1
2012-08-11 05:11:02.126589+00:00,5.4,11.9,18.16,2889.472163507452,15.000537252921204,-139.25858148142746,4,1
2012-08-11 05:16:02.126589+00:00,5.69,12.51,19.09,2897.6850543370647,14.392475091428,-140.47470580441387,3,1
2012-08-11 13:15:02.128130+00:00,7.52,16.33,24.87,1829.256954567575,17.18364793639401,-132.85963947413026,13,1
2012-08-11 13:16:02.128130+00:00,7.6,16.49,25.1,1808.6704636658033,17.225457894248514,-132.77601955842124,14,2
2012-08-11 13:19:02.128130+00:00,7.33,15.93,24.26,1921.71938848136,17.225457894248514,-132.77601955842124,16,3
2012-08-11 13:20:02.128130+00:00,7.43,16.14,24.59,1852.7470474782735,17.267267852103018,-132.69239964271225,19,1
2012-08-11 13:21:02.128130+00:00,7.57,16.42,25.01,1852.7470474782735,17.267267852103018,-132.69239964271225,21,1
2012-08-11 13:22:02.128130+00:00,7.64,16.58,25.24,1852.7470474782735,17.267267852103018,-132.69239964271225,21,1
2012-08-11 13:23:02.128130+00:00,7.64,16.58,25.24,1841.0020010229243,17.233682488257635,-132.75957037040305,22,1
2012-08-11 13:24:02.128130+00:00,7.6,16.49,25.1,1841.0020010229243,17.233682488257635,-132.75957037040305,22,2
2012-08-11 13:25:02.128130+00:00,7.6,16.49,25.1,1852.7470474782735,17.267267852103018,-132.69239964271225,21,1
2012-08-11 13:26:02.128130+00:00,7.63,16.55,25.2,1933.4644349367095,17.250672164760623,-132.72559101739705,20,2
2012-08-11 13:28:02.128130+00:00,7.63,16.55,25.2,2014.1818223951452,17.200097124412256,-132.82674109809378,19,1
2012-08-11 13:29:02.128130+00:00,7.54,16.36,24.92,1852.7470474782735,17.200097124412256,-132.82674109809378,17,2
2012-08-11 13:30:02.128130+00:00,7.52,16.33,24.87,1984.380412854945,17.253259132251294,-132.72041708241568,16,2
2012-08-11 13:31:02.128130+00:00,7.46,16.21,24.68,1984.380412854945,17.253259132251294,-132.72041708241568,14,1
2012-08-11 13:33:02.128130+00:00,7.49,16.27,24.78,1852.7470474782735,17.200097124412256,-132.82674109809378,13,1
2012-08-11 14:51:02.128130+00:00,2.68,6.02,9.22,3049.688502864099,14.882726283189488,-137.4614827805393,4,1
2012-08-11 14:56:02.128130+00:00,2.7,6.07,9.29,2387.4597859008372,14.6283630307032,-137.97020928551188,5,1
2012-08-11 14:58:02.128130+00:00,11.86,25.13,38.12,3049.688502864099,14.841691571589635,-137.543552203739,4,1
2012-08-11 15:01:02.128130+00:00,11.86,25.13,38.12,3049.688502864099,14.841691571589635,-137.543552203739,4,1
2012-08-11 15:54:02.128130+00:00,4.34,9.65,14.75,4238.5814842476375,15.283141855669983,-136.66065163557832,3,1
2012-08-11 15:58:02.128130+00:00,3.41,7.63,11.67,4855.755938592276,15.519983668339089,-136.1869680102401,4,1
2012-08-11 16:01:02.128130+00:00,3.41,7.63,11.67,4238.5814842476375,15.756825481008187,-135.7132843849019,5,1
2012-08-11 16:05:02.128130+00:00,2.96,6.64,10.15,4238.5814842476375,15.756825481008187,-135.7132843849019,5,1
2012-08-11 16:09:02.128130+00:00,2.25,5.07,7.77,3857.054382165579,15.756825481008187,-135.7132843849019,5,1
2012-08-11 16:14:02.128130+00:00,2.15,4.84,7.42,3040.133153436708,15.751574710151036,-135.72378592661622,5,1
2012-08-11 16:18:02.128130+00:00,2.2,4.96,7.6,3040.133153436708,15.236750565738436,-136.75343421544142,5,1
2012-08-11 16:22:02.128130+00:00,1.32,2.99,4.58,2471.333755824542,15.178928265078689,-136.86907881676092,4,1
2012-08-11 16:25:02.128130+00:00,1.72,3.87,5.94,3040.133153436708,15.236750565738436,-136.75343421544142,3,1
2012-08-11 21:02:02.128130+00:00,4.9,10.83,16.55,6906.304252906354,22.541933830931345,-122.1430676850556,3,1
2012-08-11 21:03:02.128130+00:00,4.9,10.83,16.55,6906.304252906354,22.541933830931345,-122.1430676850556,3,2
2012-08-11 21:46:02.128130+00:00,6.25,13.69,20.87,2300.5634216692815,14.104387479159836,-139.0181603885986,3,1
2012-08-11 21:51:02.128130+00:00,5.9,12.96,19.77,2606.0601717171476,14.303123686527464,-138.62068797386337,4,1
2012-08-11 21:56:02.128130+00:00,5.55,12.22,18.65,2728.0120028179945,14.31269203255784,-138.6015512818026,4,1
2012-08-11 22:01:02.128130+00:00,5.57,12.25,18.7,2728.0120028179945,14.31269203255784,-138.6015512818026,4,1
2012-08-11 22:05:02.128130+00:00,5.35,11.8,18.01,2880.816926911202,14.411602304366816,-138.40373073818466,4,1
2012-08-11 22:11:02.128130+00:00,5.18,11.44,17.46,2544.4670838709753,14.123524171220591,-138.9798870044771,3,1
2012-08-11 22:16:02.128130+00:00,5.07,11.2,17.11,2850.07693205739,14.199066446529711,-138.82880245385888,3,1
2012-08-11 22:22:02.128130+00:00,4.18,9.29,14.2,3171.7198197916414,14.40786918964606,-138.41119696762618,4,1
2012-08-11 22:27:02.128130+00:00,3.85,8.58,13.12,3250.7148492307215,14.572766309320064,-138.08140272827816,4,1
2012-08-11 22:32:02.128130+00:00,3.87,8.62,13.18,3250.7148492307215,14.572766309320064,-138.08140272827816,4,1
2012-08-11 22:37:02.128130+00:00,4.18,9.29,14.2,3250.7148492307215,14.572766309320064,-138.08140272827816,4,1
2012-08-11 22:42:02.128130+00:00,4.53,10.04,15.34,3085.983137032304,14.36625096341035,-138.4944334200976,3,1
2012-08-11 22:47:02.128130+00:00,4.69,10.39,15.87,2647.568446819801,14.33051222065193,-138.56591090561443,3,1
2012-08-11 22:52:02.128130+00:00,5.02,11.1,16.96,2612.272031241745,14.098383072592624,-139.03016920173306,3,1
2012-08-11 22:57:02.128130+00:00,5.05,11.17,17.06,2629.920239030773,14.185947845636507,-138.85503965564527,4,1
2012-08-11 23:04:02.128130+00:00,5.21,11.5,17.56,2512.24074262132,14.095225576876787,-139.0364841931647,4,1
2012-08-11 23:08:02.128130+00:00,5.3,11.7,17.86,2412.209454000895,14.092068081160953,-139.0427991845964,3,1
2012-08-11 23:13:02.128130+00:00,5.44,11.99,18.31,2412.209454000895,14.092068081160953,-139.0427991845964,3,1
2012-08-12 00:45:02.129672+00:00,6.56,14.34,21.87,1995.058636911167,14.275104485785944,-140.15710558774833,3,1
2012-08-12 00:50:02.129672+00:00,6.73,14.69,22.39,2200.766855776617,14.47614017545385,-139.75503420841255,3,1
2012-08-12 00:56:02.129672+00:00,6.23,13.66,20.82,2336.312111721857,14.563566450475232,-139.58018165836978,3,1
2012-08-12 01:02:02.129672+00:00,29.48,40.0,40.0,2593.1631105009405,14.85284379801891,-139.00162696328243,3,1
2012-08-12 01:08:02.129672+00:00,29.43,40.0,40.0,3193.020376061114,15.162022115584856,-138.38327032815056,4,1
2012-08-12 01:13:02.129672+00:00,29.43,40.0,40.0,3193.020376061114,15.162022115584856,-138.38327032815056,4,1
2012-08-12 01:14:02.129672+00:00,29.43,40.0,40.0,3193.020376061114,15.162022115584856,-138.38327032815056,4,1
2012-08-12 01:23:02.129672+00:00,6.01,13.18,20.11,3265.9807756653154,15.089463448254644,-138.52838766281096,4,1
2012-08-12 01:30:02.129672+00:00,5.78,12.7,19.38,3319.0573438414203,15.11786681713637,-138.4715809250475,4,1
2012-08-12 01:33:02.129672+00:00,5.49,12.09,18.46,3375.045227540134,15.139272336585814,-138.4287698861486,3,1
2012-08-12 01:39:02.129672+00:00,5.63,12.38,18.9,3319.0573438414203,15.11786681713637,-138.4715809250475,4,1
2012-08-12 14:23:02.121215+00:00,19.82,40.0,40.0,3670.1609110078734,20.829201406795548,-126.67744501868178,3,3
2012-08-15 09:57:02.128925+00:00,3.95,8.81,13.47,2097.6591403562707,14.391439427520174,-137.37179954528844,3,1
2012-08-15 10:03:02.128925+00:00,40.0,40.0,40.0,3742.773845478914,21.773545809752456,-122.60758678082384,7,1
2012-08-15 10:08:02.128925+00:00,40.0,40.0,40.0,3742.773845478914,21.773545809752456,-122.60758678082384,7,1
2012-08-15 10:11:02.128925+00:00,40.0,40.0,40.0,3742.773845478914,21.773545809752456,-122.60758678082384,7,2
2012-08-15 10:12:02.128925+00:00,40.0,40.0,40.0,3742.773845478914,21.773545809752456,-122.60758678082384,7,2
2012-08-15 10:16:02.128925+00:00,40.0,40.0,40.0,3742.773845478914,21.773545809752456,-122.60758678082384,7,1
2012-08-15 10:25:02.128925+00:00,2.5,5.62,8.6,3032.2800977763727,15.192241026125467,-135.77019634807783,3,1
2012-08-15 10:30:02.128925+00:00,2.74,6.17,9.44,3032.2800977763727,15.160837673743234,-135.83300305284232,3,1
2012-08-15 10:37:02.128925+00:00,2.83,6.36,9.73,3058.5170723885053,15.21836559980174,-135.7179472007253,3,1
2012-08-15 10:42:02.128925+00:00,2.59,5.82,8.91,2947.947104034047,14.983202287166987,-136.1882738259948,3,1
2012-08-15 10:49:02.128925+00:00,3.06,6.86,10.5,2761.4922520658283,14.981210031676824,-136.19225833697513,3,1
2012-08-15 10:54:02.128925+00:00,3.94,8.77,13.41,2661.0393541202347,14.827744499167023,-136.49918940199473,3,1
2012-08-16 17:13:02.123551+00:00,40.0,40.0,40.0,14895.012310367014,25.42900211379496,-118.67664784182728,3,1
2012-08-16 17:14:02.123551+00:00,40.0,40.0,40.0,14895.012310367014,25.42900211379496,-118.67664784182728,3,2
2012-08-16 22:14:02.123551+00:00,5.63,12.38,18.9,2108.8196094061805,14.61175463949803,-140.31114279042112,3,1
2012-08-16 22:22:02.123551+00:00,5.3,11.7,17.86,3563.777585391027,15.795794475011622,-137.94306311939394,3,1
2012-08-16 22:30:02.123551+00:00,5.05,11.17,17.06,3563.777585391027,15.795794475011622,-137.94306311939394,3,1
2012-08-16 22:40:02.123551+00:00,3.51,7.84,11.98,3563.777585391027,15.795794475011622,-137.94306311939394,3,1
2012-08-16 22:48:02.123551+00:00,3.34,7.46,11.42,6283.040357510441,16.94113779524504,-135.6523764789271,3,1
2012-08-16 22:57:02.123551+00:00,3.67,8.19,12.53,6283.040357510441,17.06207688506156,-135.41049829929406,3,1
2012-08-16 23:03:02.123551+00:00,3.51,7.84,11.98,6198.012594823728,17.06207688506156,-135.41049829929406,3,1
2012-08-16 23:34:02.123551+00:00,1.32,2.99,4.58,4758.136374816739,17.567632101083003,-134.3993878672512,3,1
2012-08-16 23:41:02.123551+00:00,3.02,6.77,10.36,5648.558099097214,16.98660283012007,-135.56144640917705,3,1
2012-08-16 23:49:02.123551+00:00,1.0,2.27,3.48,5648.558099097214,16.82095461671988,-135.89274283597743,3,1
2012-08-16 23:56:02.123551+00:00,1.99,4.48,6.86,5586.471740066737,16.78972624706036,-135.95519957529646,3,1
2012-08-17 00:11:02.125093+00:00,3.88,8.66,13.24,6956.250060810883,17.834311111150516,-132.93006975877546,3,1
2012-08-17 00:43:02.125093+00:00,4.14,9.22,14.09,3128.011418943258,15.6790814351964,-137.24052911068367,3,1
2012-08-20 03:27:02.124344+00:00,5.33,11.77,17.96,2163.3458284655862,14.047679644951083,-138.66495922798694,3,1
2012-08-20 03:31:02.124344+00:00,5.27,11.63,17.76,2163.3458284655862,14.047679644951083,-138.66495922798694,3,1
2012-08-20 03:37:02.124344+00:00,4.33,9.62,14.7,2320.8240157198775,14.479030860522464,-137.80225679684418,3,1
2012-08-20 03:43:02.124344+00:00,4.21,9.36,14.31,3174.6696780730726,15.385643444275928,-135.98903162933726,3,1
2012-08-20 03:53:02.124344+00:00,2.4,5.41,8.28,3174.6696780730726,15.909000353336287,-134.94231781121653,3,1
2012-08-20 04:01:02.124344+00:00,2.63,5.92,9.06,2990.680336421313,15.909000353336287,-134.94231781121653,3,1
2012-08-20 04:08:02.124344+00:00,2.4,5.41,8.28,2041.997641982256,15.138319719462409,-136.48367907896431,3,1
2012-08-20 04:13:02.124344+00:00,2.15,4.84,7.42,2041.997641982256,15.138319719462409,-136.48367907896431,3,1
2012-08-20 04:20:02.124344+00:00,0.01,0.02,0.02,1903.8033270226208,15.162759168463582,-136.43480018096196,3,1
2012-08-20 04:25:02.124344+00:00,1.78,4.02,6.15,2131.109770000524,15.814771529101234,-135.13077545968665,3,1
2012-08-20 04:31:02.124344+00:00,2.1,4.72,7.24,2131.109770000524,16.04561609433003,-134.66908632922906,3,1
2012-08-20 04:36:02.124344+00:00,6.17,13.53,20.63,4337.093591099994,16.284699571240942,-134.19091937540725,3,1
2012-08-20 04:43:02.124344+00:00,6.23,13.66,20.82,4311.912584707032,16.244943298526977,-134.27043192083516,4,1
2012-08-20 04:48:02.124344+00:00,5.38,11.86,18.11,4286.73157831407,16.205187025813007,-134.3499444662631,3,1
2012-08-20 04:52:02.124344+00:00,5.16,11.4,17.41,4547.014514512626,16.094794860033183,-134.57072879782277,4,1
2012-08-20 04:58:02.124344+00:00,5.07,11.2,17.11,3793.525333592119,15.916498359634968,-134.92732179861918,4,1
2012-08-20 14:06:02.125886+00:00,4.13,9.18,14.04,3130.6144904885837,15.46199498093404,-138.41312224845456,3,1
2012-08-20 14:12:02.125886+00:00,3.94,8.77,13.41,4026.1114322439807,15.695570399015091,-137.9459714122925,3,1
2012-08-20 14:19:02.125886+00:00,4.02,8.96,13.7,4670.856046576067,16.213867165344336,-136.90937787963398,3,1
2012-08-20 14:25:02.125886+00:00,3.52,7.88,12.05,5050.899200045635,16.35912941243275,-136.61885338545713,3,1
2012-08-20 14:31:02.125886+00:00,3.2,7.17,10.97,5903.2676961230145,16.681262175972144,-135.97458785837836,3,1
2012-08-20 14:36:02.125886+00:00,2.81,6.31,9.66,7037.234689927781,17.128880129520102,-135.07935195128243,3,1
2012-08-20 14:42:02.125886+00:00,3.47,7.75,11.86,7037.234689927781,17.297462378465884,-134.74218745339087,3,1
2012-08-20 14:49:02.125886+00:00,3.56,7.96,12.17,6972.742977875585,17.297462378465884,-134.74218745339087,3,1
2012-08-20 14:54:02.125886+00:00,4.28,9.51,14.53,6972.742977875585,17.31982078873189,-134.69747063285888,3,1
2012-08-20 15:01:02.125886+00:00,4.24,9.44,14.42,8137.130480917884,17.251395195317635,-134.83432181968735,3,1
2012-08-20 15:07:02.125886+00:00,4.54,10.08,15.4,8137.130480917884,17.251395195317635,-134.83432181968735,3,1
2012-08-20 15:15:02.125886+00:00,4.43,9.83,15.02,5114.781219416657,16.01123852905828,-137.31463515220608,3,1
2012-08-21 17:45:02.128970+00:00,14.32,30.05,40.0,3175.7404945910826,19.33839425193983,-126.05244444780188,18,1
2012-08-21 17:46:02.128970+00:00,15.05,31.5,40.0,3463.5559350811227,19.503549856452803,-125.72213323877592,21,2
2012-08-21 17:47:02.128970+00:00,14.38,30.17,40.0,3929.6448128612897,19.611701221551268,-125.505830508579,23,1
2012-08-21 17:49:02.128970+00:00,11.54,24.49,37.17,4327.957531156635,19.792961361494516,-125.1433102286925,29,2
2012-08-21 17:50:02.128970+00:00,13.53,28.46,40.0,4327.957531156635,19.820078056043467,-125.0890768395946,31,2
2012-08-21 17:51:02.128970+00:00,13.94,29.29,40.0,4273.585296433991,19.842056583682393,-125.04511978431675,34,2
2012-08-21 17:52:02.128970+00:00,14.55,30.5,40.0,4144.094821740683,19.792961361494516,-125.1433102286925,37,2
2012-08-21 17:53:02.128970+00:00,14.99,31.38,40.0,3978.275975214819,19.785920748003953,-125.15739145567365,40,3
2012-08-21 17:54:02.128970+00:00,14.69,30.79,40.0,3872.029411058915,19.765048314217324,-125.19913632324688,42,2
2012-08-21 17:55:02.128970+00:00,14.53,30.46,40.0,3776.646711583251,19.734322379825073,-125.2605881920314,44,2
2012-08-21 17:56:02.128970+00:00,14.69,30.79,40.0,3776.646711583251,19.734322379825073,-125.2605881920314,44,3
2012-08-21 17:57:02.128970+00:00,14.8,31.0,40.0,3776.646711583251,19.734322379825073,-125.2605881920314,44,2
2012-08-21 17:58:02.128970+00:00,14.73,30.87,40.0,3776.646711583251,19.734322379825073,-125.2605881920314,44,3
2012-08-21 17:59:02.128970+00:00,14.75,30.92,40.0,3814.414009256539,19.751216493921262,-125.226799963839,43,3
2012-08-21 18:00:02.128970+00:00,14.8,31.0,40.0,3929.6448128612897,19.778880134513383,-125.17147268265477,41,3
2012-08-21 18:01:02.128970+00:00,14.78,30.96,40.0,3929.6448128612897,19.792961361494516,-125.1433102286925,39,2
2012-08-21 18:02:02.128970+00:00,14.92,31.25,40.0,3814.414009256539,19.792961361494516,-125.1433102286925,37,3
2012-08-21 18:03:02.128970+00:00,19.23,39.81,40.0,3738.8794139099623,19.778880134513383,-125.17147268265477,35,3
2012-08-21 18:04:02.128970+00:00,19.73,40.0,40.0,3920.660573412444,19.765048314217324,-125.19913632324688,32,2
2012-08-21 18:05:02.128970+00:00,20.11,40.0,40.0,3738.8794139099623,19.751216493921262,-125.226799963839,31,2
2012-08-21 18:06:02.128970+00:00,21.93,40.0,40.0,3555.360233008977,19.597529728611796,-125.53417349445796,30,1
2012-08-21 18:07:02.128970+00:00,21.22,40.0,40.0,3327.1004920515625,19.39322676877108,-125.94277941413938,28,2
2012-08-21 18:14:02.128970+00:00,31.63,40.0,40.0,2245.79115188636,18.24194474164741,-128.24534346838672,10,1
2012-08-21 18:15:02.128970+00:00,5.96,13.09,19.96,2104.140187721124,17.910860884773555,-128.90751118213444,8,1
2012-08-21 18:16:02.128970+00:00,5.69,12.51,19.09,2104.140187721124,17.67534871376082,-129.3785355241599,6,1
2012-08-21 18:18:02.128970+00:00,7.87,17.04,25.95,1994.4067883816097,16.870649150475895,-130.98793465072976,4,1
2012-08-22 05:59:02.120512+00:00,4.46,9.9,15.13,2350.1198263874294,14.758411040353606,-139.96940466378894,3,1
2012-08-22 06:03:02.120512+00:00,4.36,9.69,14.81,2437.297902080245,14.867043537510725,-139.7521396694747,4,1
2012-08-22 06:09:02.120512+00:00,3.67,8.19,12.53,2917.751013114089,15.350715592642992,-138.78479555921018,4,1
2012-08-22 06:16:02.120512+00:00,2.87,6.45,9.87,4154.298971727982,16.543171597944184,-136.3998835486078,3,1
2012-08-22 06:22:02.120512+00:00,2.74,6.17,9.44,4154.298971727982,16.543171597944184,-136.3998835486078,3,1
2012-08-22 06:29:02.120512+00:00,2.28,5.13,7.86,3636.5193594139255,16.289869690873946,-136.9064873627483,3,1
2012-08-22 06:35:02.120512+00:00,3.69,8.23,12.59,3636.5193594139255,16.289869690873946,-136.9064873627483,3,1
2012-08-22 06:59:02.120512+00:00,17.88,37.13,40.0,2509.227244320868,15.380505216392962,-138.72521631171023,3,1
2012-08-22 19:38:02.122054+00:00,30.55,40.0,40.0,3979.7905206519,22.783866690294587,-123.13439980773168,3,2
2012-08-22 19:40:02.122054+00:00,30.55,40.0,40.0,3979.7905206519,22.783866690294587,-123.13439980773168,3,1
2012-08-22 22:12:02.122054+00:00,7.01,15.28,23.28,2989.0097789251554,15.484355580469796,-137.73342202738127,3,1
2012-08-22 22:20:02.122054+00:00,5.47,12.06,18.41,3785.180924534093,15.774086764739188,-137.1539596588425,3,1
2012-08-22 22:26:02.122054+00:00,3.67,8.19,12.53,3785.180924534093,16.141335636725564,-136.41946191486971,3,1
2012-08-22 22:33:02.122054+00:00,3.67,8.19,12.53,4068.3994434031943,16.141335636725564,-136.41946191486971,3,1
2012-08-22 23:10:02.122054+00:00,27.53,40.0,40.0,3745.197510633159,15.691596491556137,-137.31894020520858,3,1
2012-08-22 23:17:02.122054+00:00,4.33,9.62,14.7,3039.5284786968373,15.450712745736269,-137.80070769684832,3,1
2012-08-22 23:25:02.122054+00:00,4.82,10.66,16.29,3039.5284786968373,15.264045137217616,-138.1740429138856,3,1
2012-08-22 23:31:02.122054+00:00,4.98,11.0,16.8,2955.5768124423785,15.08346818446608,-138.5351968193887,3,1
2012-08-24 12:09:02.128222+00:00,34.29,40.0,40.0,11748.686963761436,25.395347326310866,-119.30853011373163,3,2
2012-08-24 12:10:02.128222+00:00,34.29,40.0,40.0,11748.686963761436,25.395347326310866,-119.30853011373163,3,1
2012-08-25 16:08:02.121306+00:00,29.69,40.0,40.0,2049.276669344916,18.69590773448749,-127.8755912689788,18,1
2012-08-25 16:09:02.121306+00:00,29.53,40.0,40.0,2036.6246399990216,18.694888673965753,-127.87762939002228,19,2
2012-08-25 16:10:02.121306+00:00,29.53,40.0,40.0,1980.4675756703,18.65867850861382,-127.95004972072611,20,2
2012-08-25 16:11:02.121306+00:00,29.58,40.0,40.0,1980.4675756703,18.65867850861382,-127.95004972072611,20,1
2012-08-25 16:12:02.121306+00:00,29.53,40.0,40.0,2014.0632798623865,18.694888673965753,-127.87762939002228,21,1
2012-08-25 16:13:02.121306+00:00,29.48,40.0,40.0,2014.0632798623865,18.694888673965753,-127.87762939002228,21,2
2012-08-25 16:14:02.121306+00:00,29.53,40.0,40.0,2014.0632798623865,18.694888673965753,-127.87762939002228,21,2
2012-08-25 16:15:02.121306+00:00,29.53,40.0,40.0,2014.0632798623865,18.694888673965753,-127.87762939002228,21,1
2012-08-25 16:16:02.121306+00:00,29.53,40.0,40.0,2014.0632798623865,18.694888673965753,-127.87762939002228,21,3
2012-08-25 16:17:02.121306+00:00,29.64,40.0,40.0,2014.0632798623865,18.694888673965753,-127.87762939002228,21,2
2012-08-25 16:18:02.121306+00:00,29.69,40.0,40.0,2014.0632798623865,18.694888673965753,-127.87762939002228,21,2
2012-08-25 16:19:02.121306+00:00,29.64,40.0,40.0,1924.3105113415784,18.694888673965753,-127.87762939002228,19,1
2012-08-25 16:22:02.121306+00:00,29.22,40.0,40.0,1798.0476244000856,18.587154712449127,-128.09309731305552,15,1
2012-08-26 03:12:02.122848+00:00,40.0,40.0,40.0,4334.993596689562,21.55073974774922,-127.55245240236232,3,2
2012-08-26 03:13:02.122848+00:00,40.0,40.0,40.0,4334.993596689562,21.55073974774922,-127.55245240236232,3,1
2012-08-30 01:47:02.125183+00:00,5.55,12.22,18.65,3725.521032857912,14.764194659334354,-137.56688270053093,3,1
2012-08-30 01:54:02.125183+00:00,5.21,11.5,17.56,4363.587129860255,15.292912967884378,-136.50944608343087,3,1
2012-08-30 02:02:02.125183+00:00,4.13,9.18,14.04,6599.817196163077,16.013552341555044,-135.06816733608954,3,1
2012-08-30 02:10:02.125183+00:00,2.92,6.54,10.01,7306.448923724531,16.259553164092242,-134.57616569101515,3,1
2012-08-30 02:17:02.125183+00:00,2.23,5.02,7.68,9069.133589821731,17.2160720168959,-132.66312798540784,3,1
2012-08-30 02:23:02.125183+00:00,1.55,3.5,5.36,7306.448923724531,17.097762872229016,-132.8997462747416,3,1
2012-08-30 02:29:02.125183+00:00,1.72,3.87,5.94,5090.822193162798,17.2160720168959,-132.66312798540784,3,1
2012-08-30 03:00:02.125183+00:00,0.61,1.39,2.13,5941.8943834147985,16.561133961289105,-133.97300409662142,3,1
2012-08-30 03:06:02.125183+00:00,0.41,0.93,1.42,8852.809073656694,16.9544511471817,-133.18636972483625,3,1
2012-08-30 03:12:02.125183+00:00,0.69,1.57,2.41,10033.620634041306,16.9544511471817,-133.18636972483625,3,1
2012-08-30 03:17:02.125183+00:00,3.9,8.7,13.3,8852.809073656694,16.887952857559647,-133.31936630408035,3,1
2012-08-30 03:26:02.125183+00:00,4.72,10.46,15.98,5050.018561564218,15.445781348978551,-136.2037093212425,3,1
2012-09-03 17:25:02.129061+00:00,38.38,40.0,40.0,4278.034134636643,23.22346378322058,-126.4967354215072,3,1
2012-09-03 17:26:02.129061+00:00,38.38,40.0,40.0,4278.034134636643,23.22346378322058,-126.4967354215072,3,2
2012-09-08 02:36:02.122938+00:00,5.52,12.16,18.55,3674.2199301030378,16.216281225043755,-140.09028557667312,3,1
2012-09-08 02:43:02.122938+00:00,5.46,12.03,18.36,7176.294019189264,17.634912988688484,-137.25302204938367,3,1
2012-09-08 02:50:02.122938+00:00,5.43,11.96,18.26,7176.294019189264,17.70636258802262,-137.11012285071538,3,1
2012-09-08 02:55:02.122938+00:00,4.38,9.72,14.86,7219.419938280991,17.719223012080988,-137.0844020025987,3,1
2012-09-08 03:00:02.122938+00:00,4.53,10.04,15.34,8615.471925517937,18.33511677985967,-135.8526144670413,3,1
2012-09-08 03:07:02.122938+00:00,4.43,9.83,15.02,8782.027863775984,18.33511677985967,-135.8526144670413,3,1
2012-09-08 03:13:02.122938+00:00,4.36,9.69,14.81,8954.133556198376,18.33511677985967,-135.8526144670413,3,1
2012-09-08 03:20:02.122938+00:00,2.59,5.82,8.91,10071.598574200863,18.82637052853021,-134.8701069697002,3,1
2012-09-08 03:36:02.122938+00:00,1.62,3.65,5.6,7220.792656966592,18.711291302174867,-135.1002654224109,3,1
2012-09-08 03:45:02.122938+00:00,0.0,0.02,0.04,5415.518659839387,17.817454483847676,-136.88793905906527,3,1
2012-09-08 03:55:02.122938+00:00,0.01,0.02,0.04,3609.41646667368,17.38503671854247,-137.75277458967568,3,1
2012-09-08 03:59:02.122938+00:00,1.62,3.65,5.6,3025.348229516358,17.577727094131916,-137.3673938384968,4,1
2012-09-08 04:05:02.122938+00:00,0.69,1.57,2.41,3025.348229516358,17.53763432903014,-137.44757936870036,4,1
2012-09-08 04:08:02.122938+00:00,0.69,1.57,2.41,3025.348229516358,17.53763432903014,-137.44757936870036,4,1
2012-09-08 04:15:02.122938+00:00,2.59,5.82,8.91,6372.595660489244,18.022464419346043,-136.47791918806854,4,1
2012-09-08 04:20:02.122938+00:00,2.89,6.5,9.94,8152.336687371021,18.274511368970717,-135.9738252888192,3,1
2012-09-08 04:25:02.122938+00:00,3.54,7.92,12.11,8152.336687371021,18.274511368970717,-135.9738252888192,3,1
2012-09-08 04:40:02.122938+00:00,4.8,10.63,16.24,6296.5415501971975,17.605770352406953,-137.31130732194674,3,1
2012-09-08 21:27:02.124480+00:00,7.72,16.73,25.48,1730.066296183232,14.795041922455455,-143.4909425038096,3,1
2012-09-08 21:35:02.124480+00:00,7.03,15.31,23.33,1773.9312044843095,14.952780674334862,-143.17546500005076,3,1
2012-09-08 21:40:02.124480+00:00,6.52,14.25,21.73,1946.4981536133344,15.01912894467132,-143.04276845937784,3,1
2012-09-08 21:45:02.124480+00:00,6.49,14.19,21.63,2069.1188899602616,15.172828810345209,-142.7353687280301,4,1
2012-09-08 21:54:02.124480+00:00,6.08,13.34,20.35,2593.816673461021,15.779489252260689,-141.52204784419914,4,1
2012-09-08 21:58:02.124480+00:00,6.26,13.72,20.92,2921.5896207638034,15.88529455832644,-141.31043723206764,4,1
2012-09-08 22:02:02.124480+00:00,6.49,14.19,21.63,3087.9617264911685,15.945691319820416,-141.1896437090797,5,1
2012-09-08 22:07:02.124480+00:00,6.49,14.19,21.63,3220.1305760210357,15.960751009950704,-141.1595243288191,4,1
2012-09-08 22:12:02.124480+00:00,6.55,14.31,21.82,4487.900977552769,16.75008407222987,-139.58085820426075,3,1
2012-09-08 22:20:02.124480+00:00,5.87,12.9,19.67,6955.5550420796335,17.752958666538554,-137.5751090156434,3,1
2012-09-08 22:25:02.124480+00:00,5.44,11.99,18.31,8962.715054842576,18.105284438744494,-136.8704574712315,3,1
2012-09-08 22:31:02.124480+00:00,4.67,10.36,15.82,9095.879430411776,18.378448586731675,-136.32412917525716,3,1
2012-09-08 22:36:02.124480+00:00,4.78,10.6,16.19,10105.638848114417,18.437120862878032,-136.20678462296445,3,1
2012-09-08 22:42:02.124480+00:00,4.83,10.7,16.34,9950.944677895684,18.40136536473375,-136.27829561925302,4,1
2012-09-08 22:47:02.124480+00:00,4.83,10.7,16.34,9796.250507676954,18.365609866589462,-136.34980661554158,3,1
2012-09-08 22:52:02.124480+00:00,4.85,10.73,16.39,9796.250507676954,18.365609866589462,-136.34980661554158,3,1
2012-09-08 22:58:02.124480+00:00,4.86,10.77,16.44,9276.26157342692,18.22794454354782,-136.62513726162484,4,1
2012-09-08 23:02:02.124480+00:00,5.01,11.07,16.9,9042.12227969658,18.169827677410495,-136.74137099389952,4,1
2012-09-08 23:06:02.124480+00:00,5.01,11.07,16.9,9042.12227969658,18.169827677410495,-136.74137099389952,4,1
2012-09-08 23:10:02.124480+00:00,5.3,11.7,17.86,9042.12227969658,18.169827677410495,-136.74137099389952,4,1
2012-09-08 23:18:02.124480+00:00,5.52,12.16,18.55,11640.08184945644,18.62808658327607,-135.8248531821684,4,1
2012-09-08 23:22:02.124480+00:00,5.43,11.96,18.26,13320.491063283524,18.90249276551089,-135.27604081769874,3,1
2012-09-08 23:28:02.124480+00:00,4.88,10.8,16.5,13320.491063283524,18.96589888690983,-135.14922857490086,3,1
2012-09-08 23:33:02.124480+00:00,5.6,12.32,18.8,12616.175316709354,18.96589888690983,-135.14922857490086,3,1
2012-09-08 23:42:02.124480+00:00,5.41,11.93,18.21,10711.66397086646,18.57650689854942,-135.92801255162166,3,1
2012-09-08 23:51:02.124480+00:00,5.58,12.29,18.75,7889.425332720799,17.998148690945378,-137.08472896682974,3,1
2012-09-08 23:56:02.124480+00:00,5.1,11.27,17.21,5487.388866040829,17.134071343522656,-138.8128836616752,3,1
2012-09-10 17:37:02.120648+00:00,2.92,6.54,10.01,5790.116848775869,17.143799279612978,-135.04379372268437,3,1
2012-09-10 17:42:02.120648+00:00,3.26,7.3,11.16,6159.6447259846445,17.352396174671323,-134.62659993256767,4,1
2012-09-10 18:17:02.120648+00:00,3.16,7.08,10.83,8784.353395764048,17.821167155126012,-133.68905797165831,3,1
2012-09-10 19:06:02.120648+00:00,2.92,6.54,10.01,9871.52200405126,17.82123336832266,-133.68892554526502,3,1
2012-09-10 20:51:02.120648+00:00,3.04,6.82,10.43,9814.969978715031,18.0829010132411,-133.16559025542813,3,1
2012-09-10 21:00:02.120648+00:00,2.63,5.92,9.06,9814.969978715031,18.02981257118109,-133.27176713954816,3,1
2012-09-10 21:07:02.120648+00:00,2.45,5.51,8.44,7926.344626149159,17.45575964827781,-134.41987298535471,3,1
2012-09-10 21:22:02.120648+00:00,3.65,8.16,12.47,7098.886106988923,17.01050257712668,-135.31038712765698,3,1
2012-09-10 23:46:02.120648+00:00,5.44,11.99,18.31,4618.411596789645,15.94276371955364,-137.44586484280305,3,1
2012-09-10 23:47:02.120648+00:00,5.44,11.99,18.31,4618.411596789645,15.94276371955364,-137.44586484280305,3,1
2012-09-10 23:52:02.120648+00:00,5.32,11.73,17.91,4618.411596789645,15.94276371955364,-137.44586484280305,3,1
2012-09-11 00:40:02.122190+00:00,0.0,0.02,0.04,2391.573148421945,15.678871560769611,-135.25213101011371,3,1
2012-09-11 00:46:02.122190+00:00,0.41,0.93,1.42,3065.288956472143,15.878462557237263,-134.85294901717845,3,1
2012-09-11 00:53:02.122190+00:00,8.83,19.01,28.92,3065.288956472143,15.882130985009448,-134.84561216163405,3,1
2012-09-11 00:59:02.122190+00:00,8.48,18.29,27.83,2439.429914688996,15.882130985009448,-134.84561216163405,3,1
2012-09-11 01:04:02.122190+00:00,8.2,17.73,26.98,2439.429914688996,15.882130985009448,-134.84561216163405,3,1
2012-09-11 01:11:02.122190+00:00,7.96,17.23,26.23,2596.719226095225,15.951525046972172,-134.70682403770863,3,1
2012-09-11 01:17:02.122190+00:00,3.45,7.71,11.8,2751.0750144206204,15.973705177350574,-134.66246377695182,3,1
2012-09-11 01:23:02.122190+00:00,3.2,7.17,10.97,2596.719226095225,15.951525046972172,-134.70682403770863,3,1
2012-09-11 02:54:02.122190+00:00,5.78,12.7,19.38,2451.8885275582,14.728480556608384,-137.15291301843618,3,1
2012-09-11 05:02:02.122190+00:00,6.83,14.91,22.72,1786.6877672842215,16.72928062026635,-133.15131289112026,8,1
2012-09-11 05:05:02.122190+00:00,31.16,40.0,40.0,2759.544236745747,17.89624447484259,-130.81738518196778,12,1
2012-09-11 05:06:02.122190+00:00,32.1,40.0,40.0,2682.7829310802795,18.170600275045324,-130.26867358156233,15,1
2012-09-11 05:07:02.122190+00:00,13.53,28.46,40.0,3264.075595603113,18.207359914710395,-130.19515430223217,18,2
2012-09-11 05:09:02.122190+00:00,6.43,14.06,21.44,3664.037126339503,18.730227072384224,-129.14941998688454,24,1
2012-09-11 05:10:02.122190+00:00,5.99,13.15,20.06,3745.2011368660706,19.062633145508947,-128.48460784063508,28,1
2012-09-11 05:11:02.122190+00:00,10.53,22.44,34.09,4027.690632955824,19.497990390508058,-127.61389335063684,30,1
2012-09-11 05:13:02.122190+00:00,4.41,9.8,14.97,5253.4328886981675,19.827498279519617,-126.95487757261373,34,1
2012-09-11 05:14:02.122190+00:00,3.95,8.81,13.47,5807.424452642735,19.9713707494357,-126.66713263278156,36,2
2012-09-11 05:15:02.122190+00:00,4.11,9.15,13.98,5822.957320091514,20.15411112528632,-126.30165188108032,37,3
2012-09-11 05:16:02.122190+00:00,3.97,8.85,13.53,6298.826359150656,20.682427029627547,-125.24502007239786,40,3
2012-09-11 05:17:02.122190+00:00,3.95,8.81,13.47,5807.424452642735,20.59573061901803,-125.4184128936169,42,3
2012-09-11 05:18:02.122190+00:00,3.88,8.66,13.24,5822.957320091514,20.6642834804289,-125.28130717079516,43,3
2012-09-11 05:19:02.122190+00:00,3.87,8.62,13.18,5791.8915851939555,20.527177757607163,-125.55551861643865,45,3
2012-09-11 05:20:02.122190+00:00,3.83,8.54,13.06,5791.8915851939555,20.481307094993223,-125.6472599416665,47,3
2012-09-11 05:21:02.122190+00:00,3.85,8.58,13.12,5691.167748801814,20.504242426300195,-125.60138927905255,48,2
2012-09-11 05:22:02.122190+00:00,3.85,8.58,13.12,5590.443912409673,20.481307094993223,-125.6472599416665,49,2
2012-09-11 05:23:02.122190+00:00,3.87,8.62,13.18,5452.711156120962,20.42814882357612,-125.75357648450073,52,3
2012-09-11 05:24:02.122190+00:00,3.85,8.58,13.12,5545.995738766415,20.474621883146344,-125.66063036536028,51,3
2012-09-11 05:25:02.122190+00:00,3.88,8.66,13.24,5568.219825588045,20.477964489069784,-125.6539451535134,50,2
2012-09-11 05:26:02.122190+00:00,3.87,8.62,13.18,5691.167748801814,20.504242426300195,-125.60138927905255,48,3
2012-09-11 05:27:02.122190+00:00,3.87,8.62,13.18,5545.995738766415,20.481307094993223,-125.6472599416665,47,3
2012-09-11 05:28:02.122190+00:00,3.41,7.63,11.67,4806.32948928102,20.15411112528632,-126.30165188108032,45,2
2012-09-11 05:29:02.122190+00:00,3.24,7.25,11.1,4453.6292909224485,20.04116121464591,-126.52755170236114,44,3
2012-09-11 05:30:02.122190+00:00,3.43,7.67,11.74,4407.775586528569,19.928211304005497,-126.75345152364196,41,2
2012-09-11 05:31:02.122190+00:00,3.63,8.12,12.41,3958.943761566767,19.692094906838015,-127.22568431797694,41,3
2012-09-11 05:32:02.122190+00:00,3.81,8.51,13.01,3725.3689113597,19.54925889676765,-127.51135633811764,39,1
2012-09-11 05:33:02.122190+00:00,3.51,7.84,11.98,3483.6082315377143,19.47048468989055,-127.66890475187184,36,3
2012-09-11 05:34:02.122190+00:00,3.63,8.12,12.41,3406.248344526886,19.40501802781521,-127.79983807602254,34,1
2012-09-11 05:36:02.122190+00:00,3.1,6.95,10.63,2940.5582523211324,18.799591516361687,-129.01069109892956,28,2
2012-09-11 05:37:02.122190+00:00,3.28,7.34,11.23,2913.4472136622603,18.70505689900156,-129.19976033364983,25,2
2012-09-11 05:38:02.122190+00:00,4.07,9.07,13.87,2597.3844260564056,18.582600939947913,-129.44467225175714,23,2
2012-09-11 05:40:02.122190+00:00,5.29,11.67,17.81,2381.7970438507436,18.28058291507806,-130.04870830149684,18,2
2012-09-11 05:41:02.122190+00:00,5.83,12.8,19.53,2325.576038339205,18.167914407178756,-130.27404531729545,15,1
2012-09-12 02:27:02.125274+00:00,4.94,10.94,16.7,2125.1873801652196,15.326986579644274,-138.74427794534407,3,1
2012-09-12 02:33:02.125274+00:00,4.74,10.49,16.03,2483.1073391349782,15.567872548609492,-138.26250600741363,3,1
2012-09-12 02:41:02.125274+00:00,3.47,7.75,11.86,3073.7251727783855,16.34843070290161,-136.7013896988294,3,1
2012-09-12 02:47:02.125274+00:00,2.81,6.31,9.66,3826.529295210026,16.51022882894055,-136.3777934467515,3,1
2012-09-12 02:52:02.125274+00:00,2.77,6.22,9.51,4077.070500214552,16.881234985065767,-135.6357811345011,4,1
2012-09-12 02:57:02.125274+00:00,2.59,5.82,8.91,3826.529295210026,16.83383737599232,-135.73057635264797,5,1
2012-09-12 03:02:02.125274+00:00,2.45,5.51,8.44,4011.888724996273,16.932454391418673,-135.53334232179526,4,1
2012-09-12 03:06:02.125274+00:00,2.66,5.97,9.14,4066.3302382954566,16.932454391418673,-135.53334232179526,4,1
2012-09-12 03:12:02.125274+00:00,2.3,5.19,7.94,4066.3302382954566,16.826806800645755,-135.7446375033411,4,1
2012-09-12 03:17:02.125274+00:00,2.47,5.56,8.52,4575.789006818317,16.90984862218752,-135.57855386025756,4,1
2012-09-12 03:20:02.125274+00:00,2.2,4.96,7.6,4715.0832818191875,16.999921019075856,-135.3984090664809,5,1
2012-09-12 03:25:02.125274+00:00,1.9,4.29,6.56,5310.235743109761,17.049670661991726,-135.29890978064915,4,1
2012-09-12 03:30:02.125274+00:00,2.38,5.35,8.19,5310.235743109761,17.049670661991726,-135.29890978064915,4,1
2012-09-12 03:37:02.125274+00:00,3.58,8.0,12.23,4324.15582049308,16.812243400354706,-135.7737643039232,3,1
2012-09-12 03:42:02.125274+00:00,4.14,9.22,14.09,4280.394664145675,16.39233745088663,-136.61357620285935,3,1
2012-09-12 03:48:02.125274+00:00,4.78,10.6,16.19,4280.394664145675,16.39233745088663,-136.61357620285935,3,1
2012-09-12 03:53:02.125274+00:00,5.35,11.8,18.01,4774.223812044136,16.666316346122542,-136.06561841238752,3,1
2012-09-12 04:01:02.125274+00:00,5.54,12.19,18.6,4479.65029353546,16.56629302595723,-136.26566505271816,4,1
2012-09-12 04:05:02.125274+00:00,5.79,12.74,19.43,4185.076775026783,16.466269705791913,-136.4657116930488,3,1
2012-09-12 04:09:02.125274+00:00,5.87,12.9,19.67,4185.076775026783,16.466269705791913,-136.4657116930488,3,1
2012-09-12 06:26:02.125274+00:00,19.39,40.0,40.0,4123.747122205284,21.803366361101784,-125.79151838242905,3,3
2012-09-12 16:06:02.126816+00:00,8.11,17.54,26.7,1849.763918554349,14.12772931313044,-143.8516396793678,3,1
2012-09-12 16:11:02.126816+00:00,7.49,16.27,24.78,1849.763918554349,14.12772931313044,-143.8516396793678,3,1
2012-09-12 16:15:02.126816+00:00,7.49,16.27,24.78,1849.763918554349,14.12772931313044,-143.8516396793678,3,1
2012-09-12 16:31:02.126816+00:00,5.89,12.93,19.72,5979.688680339209,16.559806981015626,-138.98748434359743,3,1
2012-09-12 16:39:02.126816+00:00,5.09,11.24,17.16,13313.32075832716,17.984493697263353,-136.13811091110196,4,1
2012-09-12 16:43:02.126816+00:00,4.98,11.0,16.8,13651.265029931288,17.999614484572675,-136.10786933648333,4,1
2012-09-12 16:47:02.126816+00:00,5.01,11.07,16.9,11230.957358410362,17.489409929575803,-137.12827844647708,5,1
2012-09-12 16:51:02.126816+00:00,4.9,10.83,16.55,11230.957358410362,17.489409929575803,-137.12827844647708,5,1
2012-09-12 16:56:02.126816+00:00,5.09,11.24,17.16,9116.564494672604,17.175264944887253,-137.7565684158542,5,1
2012-09-12 16:59:02.126816+00:00,5.98,13.12,20.01,8364.272141058122,17.048435639044058,-138.01022702754057,4,1
2012-09-12 17:02:02.126816+00:00,6.05,13.28,20.25,7611.97978744364,16.921606333200867,-138.26388563922694,3,1
2012-09-12 17:13:02.126816+00:00,4.69,10.39,15.87,9097.406113711122,17.290379774733736,-137.5263387561612,3,1
2012-09-12 17:21:02.126816+00:00,4.85,10.73,16.39,8823.618565582716,17.15730667242753,-137.7924849607736,4,1
2012-09-12 17:23:02.126816+00:00,4.85,10.73,16.39,8823.618565582716,17.15730667242753,-137.7924849607736,4,1
2012-09-12 17:28:02.126816+00:00,4.74,10.49,16.03,8175.984306760049,17.02423357012133,-138.05863116538603,5,1
2012-09-12 17:33:02.126816+00:00,5.81,12.77,19.48,7478.307825281978,16.776908572604686,-138.55328116041932,4,1
2012-09-12 17:38:02.126816+00:00,8.6,18.54,28.2,6780.631343803907,17.02423357012133,-138.05863116538603,5,1
2012-09-12 17:43:02.126816+00:00,10.03,21.45,32.59,6480.164595943215,16.874254320986203,-138.35858966365626,4,1
2012-09-12 17:47:02.126816+00:00,10.18,21.75,33.04,6179.697848082523,16.854953842193297,-138.3971906212421,5,1
2012-09-12 17:54:02.126816+00:00,9.68,20.74,31.51,4893.527898145069,16.076869305379144,-139.9533596948704,4,1
2012-09-12 17:56:02.126816+00:00,9.33,20.03,30.45,5741.448664930681,16.292008065657708,-139.52308217431326,5,1
2012-09-12 18:01:02.126816+00:00,6.01,13.18,20.11,4674.403306569148,15.795396417111348,-140.516305471406,4,1
2012-09-12 18:05:02.126816+00:00,4.94,10.94,16.7,4674.403306569148,15.795396417111348,-140.516305471406,4,1
2012-09-12 18:14:02.126816+00:00,4.9,10.83,16.55,9240.489208478784,17.396457521358148,-137.3141832629124,3,1
2012-09-12 18:19:02.126816+00:00,4.86,10.77,16.44,9240.489208478784,17.396457521358148,-137.3141832629124,3,1
2012-09-12 18:39:02.126816+00:00,40.0,40.0,40.0,12172.449173501229,23.758178606296006,-124.59074109303668,5,3
2012-09-12 18:44:02.126816+00:00,40.0,40.0,40.0,11376.13326192979,20.837078987114907,-130.43294033139887,6,1
2012-09-12 18:47:02.126816+00:00,40.0,40.0,40.0,11376.13326192979,20.837078987114907,-130.43294033139887,6,1
2012-09-12 18:51:02.126816+00:00,8.96,19.27,29.3,10579.817350358351,17.762867206580633,-136.58136389246744,3,1
2012-09-12 19:10:02.126816+00:00,0.95,2.15,3.29,12769.061385460198,19.09892476773227,-133.90924877016414,3,1
2012-09-12 19:18:02.126816+00:00,0.95,2.15,3.29,9735.318677612722,18.91959345239808,-134.26791140083253,4,1
2012-09-12 19:23:02.126816+00:00,1.24,2.8,4.3,7879.824422325386,18.722364377938575,-134.66236954975153,4,1
2012-09-12 19:27:02.126816+00:00,12.92,27.24,40.0,9529.049439010105,18.74026213706389,-134.6265740315009,5,1
2012-09-12 19:31:02.126816+00:00,12.92,27.24,40.0,9529.049439010105,18.74026213706389,-134.6265740315009,5,1
2012-09-12 19:35:02.126816+00:00,2.45,5.51,8.44,10626.464343490608,19.12815495862489,-133.8507883883789,5,1
2012-09-12 19:39:02.126816+00:00,4.69,10.39,15.87,11671.439222881776,19.532008293908547,-133.0430817178116,6,1
2012-09-12 19:44:02.126816+00:00,7.61,16.52,25.15,14965.349922523585,20.044381243201833,-132.01833581922503,7,1
2012-09-12 19:47:02.126816+00:00,7.58,16.45,25.06,20080.418449098914,19.935861629192203,-132.23537504724428,7,1
2012-09-12 19:48:02.126816+00:00,7.58,16.45,25.06,20080.418449098914,19.935861629192203,-132.23537504724428,7,1
2012-09-12 19:52:02.126816+00:00,7.58,16.45,25.06,22756.239713642884,19.860992428719804,-132.3851134481891,6,1
2012-09-12 19:53:02.126816+00:00,7.58,16.45,25.06,20080.418449098914,19.786123228247405,-132.53485184913387,7,1
2012-09-12 19:57:02.126816+00:00,7.55,16.39,24.96,22997.20140896291,19.860992428719804,-132.3851134481891,6,1
2012-09-12 20:02:02.126816+00:00,7.57,16.42,25.01,22997.20140896291,19.72147839021997,-132.66414152518874,4,1
2012-09-12 20:07:02.126816+00:00,4.69,10.39,15.87,20109.880889815933,19.355188178098,-133.39672194943267,3,1
2012-09-12 20:12:02.126816+00:00,5.21,11.5,17.56,20562.34183973896,19.355188178098,-133.39672194943267,5,1
2012-09-12 20:17:02.126816+00:00,5.81,12.77,19.48,21182.7642743444,19.24369216978222,-133.61971396606424,4,1
2012-09-12 20:22:02.126816+00:00,5.9,12.96,19.77,20348.436965935085,19.13219616146645,-133.84270598269578,5,1
2012-09-12 20:26:02.126816+00:00,5.93,13.02,19.87,20348.436965935085,18.70116200595155,-134.7047742937256,5,1
2012-09-12 20:31:02.126816+00:00,6.28,13.75,20.97,16268.40979866532,18.28525219097895,-135.53659392367078,4,1
2012-09-12 20:35:02.126816+00:00,5.9,12.96,19.77,11372.659340856246,17.80332517038945,-136.5004479648498,4,1
2012-09-12 20:42:02.126816+00:00,6.08,13.34,20.35,8770.138983029246,17.141914125712013,-137.82327005420467,4,1
2012-09-12 20:45:02.126816+00:00,6.08,13.34,20.35,8770.138983029246,17.141914125712013,-137.82327005420467,4,1
2012-09-12 20:49:02.126816+00:00,6.14,13.47,20.54,8733.64351801959,17.067153750877946,-137.97279080387278,3,1
2012-09-12 21:07:02.126816+00:00,8.14,17.6,26.79,3120.204831780081,15.014997001604105,-142.07710430242048,4,1
2012-09-12 21:13:02.126816+00:00,7.9,17.11,26.04,2963.3026442181163,14.973121405505612,-142.16085549461746,4,1
2012-09-12 21:17:02.126816+00:00,8.29,17.91,27.26,2678.5666293296736,14.850714524607294,-142.4056692564141,4,1
2012-09-12 21:21:02.126816+00:00,17.06,35.51,40.0,3112.8774817341773,15.448812494992238,-141.2094733156442,6,1
2012-09-12 21:26:02.126816+00:00,17.06,35.51,40.0,2889.9417670898306,17.481602978128045,-137.1438923493726,8,1
2012-09-12 21:30:02.126816+00:00,17.06,35.51,40.0,2823.908240007449,19.7942436025586,-132.5186111005115,7,1
2012-09-12 21:31:02.126816+00:00,17.06,35.51,40.0,2823.908240007449,19.7942436025586,-132.5186111005115,7,3
2012-09-12 21:35:02.126816+00:00,17.06,35.51,40.0,8219.700940705507,21.127533360902977,-129.85203158382274,6,1
2012-09-13 03:33:02.128358+00:00,40.0,40.0,40.0,4946.280146365064,24.59935026513683,-118.49668532807657,3,1
2012-09-13 10:09:02.128358+00:00,5.61,12.35,18.85,2180.768789439646,14.53896154431079,-138.61746276972863,3,1
2012-09-13 10:17:02.128358+00:00,5.63,12.38,18.9,2563.912985383064,15.207071865353956,-137.28124212764232,3,1
2012-09-13 10:26:02.128358+00:00,5.32,11.73,17.91,2563.912985383064,15.207071865353956,-137.28124212764232,3,1
2012-09-13 10:32:02.128358+00:00,5.01,11.07,16.9,1968.3928707071032,15.11146056565951,-137.4724647270312,3,1
2012-09-13 10:38:02.128358+00:00,4.57,10.15,15.5,1824.9070532051733,15.11146056565951,-137.4724647270312,3,1
2012-09-13 10:44:02.128358+00:00,4.23,9.4,14.37,1824.9070532051733,15.675229468941708,-136.3449269204668,3,1
2012-09-13 10:49:02.128358+00:00,4.46,9.9,15.13,2117.3058283063583,15.91797809098708,-135.85942967637607,4,1
2012-09-13 10:55:02.128358+00:00,7.81,16.92,25.76,2247.13347013733,15.675229468941708,-136.3449269204668,5,1
2012-09-13 10:59:02.128358+00:00,7.84,16.98,25.85,2283.886486835564,16.78042110060465,-134.1345436571409,4,2
2012-09-13 11:03:02.128358+00:00,7.82,16.95,25.81,1987.4781864753877,15.493470155058256,-136.7084455482337,5,1
2012-09-13 11:09:02.128358+00:00,4.28,9.51,14.53,1757.2570525184676,15.029442705408036,-137.63650044753416,3,1
2012-09-13 11:25:02.128358+00:00,7.7,16.7,25.43,1643.155032394497,14.327785058630468,-139.03981574108928,3,1
2012-09-13 11:34:02.128358+00:00,7.57,16.42,25.01,1938.3694231657132,14.47359174696298,-138.74820236442426,3,1
2012-09-13 11:40:02.128358+00:00,5.47,12.06,18.41,1835.6209012428696,14.465208992889838,-138.76496787257054,4,1
2012-09-13 11:45:02.128358+00:00,5.81,12.77,19.48,1945.744671108796,14.54434779733548,-138.60669026367924,4,1
2012-09-13 11:50:02.128358+00:00,6.61,14.44,22.01,1953.119919051879,14.61510384770798,-138.46517816293425,3,1
2012-09-13 11:54:02.128358+00:00,6.67,14.56,22.2,1953.119919051879,14.61510384770798,-138.46517816293425,3,1
2012-09-13 21:54:02.129900+00:00,6.85,14.94,22.76,2903.4380772898967,18.399811772643517,-128.1793136587679,14,1
2012-09-13 21:57:02.129900+00:00,0.0,0.01,0.04,5002.402295316855,19.97761740452933,-125.02370239499626,22,1
2012-09-13 21:58:02.129900+00:00,31.22,40.0,40.0,5930.570370406067,20.449027715041503,-124.08088177397192,24,2
2012-09-13 21:59:02.129900+00:00,6.55,14.31,21.82,6149.387662981844,20.588861727809356,-123.80121374843624,27,1
2012-09-13 22:00:02.129900+00:00,6.91,15.06,22.95,6731.950506623607,20.925876821104243,-123.12718356184644,30,2
2012-09-13 22:01:02.129900+00:00,24.66,40.0,40.0,7586.290131297638,21.283243208851523,-122.41245078635188,33,2
2012-09-13 22:02:02.129900+00:00,6.13,13.44,20.49,8394.924083755066,21.413263470331447,-122.15241026339204,35,2
2012-09-13 22:03:02.129900+00:00,6.47,14.16,21.58,8718.089649048028,21.501849333456697,-121.97523853714154,38,2
2012-09-13 22:04:02.129900+00:00,6.26,13.72,20.92,11383.709708136172,21.586099029006025,-121.80673914604289,40,2
2012-09-13 22:05:02.129900+00:00,23.32,40.0,40.0,11891.843775572295,21.590435196581943,-121.79806681089104,43,3
2012-09-13 22:06:02.129900+00:00,23.94,40.0,40.0,13708.736272930835,21.622656812532156,-121.73362357899062,46,2
2012-09-13 22:07:02.129900+00:00,24.51,40.0,40.0,15924.625551572706,21.779037920495817,-121.42086136306332,49,3
2012-09-13 22:08:02.129900+00:00,6.16,13.5,20.59,17388.111680027527,22.03491900621056,-120.9090991916338,49,3
2012-09-13 22:09:02.129900+00:00,21.25,40.0,40.0,18433.771821017996,22.141658016578248,-120.69562117089843,49,3
2012-09-13 22:10:02.129900+00:00,6.08,13.34,20.35,18540.428826440224,22.23154789374469,-120.51584141656556,51,2
2012-09-13 22:11:02.129900+00:00,5.63,12.38,18.9,19676.000055118016,22.31709390391007,-120.3447493962348,53,3
2012-09-13 22:12:02.129900+00:00,5.75,12.64,19.29,21983.45345633468,22.407545583792707,-120.16384603646952,53,3
2012-09-13 22:13:02.129900+00:00,5.04,11.14,17.01,22742.259399099825,22.47666922747561,-120.0255987491037,53,2
2012-09-13 22:14:02.129900+00:00,4.9,10.83,16.55,23066.203320777553,22.484722051833295,-120.00949310038834,54,4
2012-09-13 22:15:02.129900+00:00,4.94,10.94,16.7,24252.42872033157,22.50557777657789,-119.96778165089914,55,3
2012-09-13 22:16:02.129900+00:00,4.77,10.56,16.13,24252.42872033157,22.539294304407488,-119.90034859523996,55,2
2012-09-13 22:17:02.129900+00:00,4.77,10.56,16.13,24252.42872033157,22.539294304407488,-119.90034859523996,55,3
2012-09-13 22:18:02.129900+00:00,4.85,10.73,16.39,23390.14724245528,22.480630544318423,-120.01767611541808,55,2
2012-09-13 22:19:02.129900+00:00,4.74,10.49,16.03,23066.203320777553,22.478649885897017,-120.02163743226087,54,2
2012-09-13 22:20:02.129900+00:00,4.41,9.8,14.97,22607.978191527513,22.4753547247758,-120.02822775450332,53,4
2012-09-13 22:21:02.129900+00:00,4.38,9.72,14.86,22442.185298173205,22.407545583792707,-120.16384603646952,53,2
2012-09-13 22:22:02.129900+00:00,4.34,9.65,14.75,22166.782970984154,22.35761461452615,-120.26370797500265,54,3
2012-09-13 22:23:02.129900+00:00,4.28,9.51,14.53,21983.45345633468,22.310104306320223,-120.35872859141448,53,3
2012-09-13 22:24:02.129900+00:00,4.33,9.62,14.7,21579.277129209288,22.239225475210688,-120.50048625363355,52,3
2012-09-13 22:25:02.129900+00:00,4.43,9.83,15.02,20808.44177278495,22.12581214134227,-120.72731292137038,51,2
2012-09-13 22:26:02.129900+00:00,4.48,9.94,15.18,11701.967845195784,21.94310385720464,-121.09272948964563,51,3
2012-09-13 22:27:02.129900+00:00,4.51,10.01,15.29,9453.48197079419,21.044272815262637,-122.89039157352966,50,3
2012-09-13 22:28:02.129900+00:00,4.66,10.32,15.77,8302.362491066608,20.46954221477476,-124.0398527745054,49,2
2012-09-13 22:29:02.129900+00:00,4.9,10.83,16.55,6387.039817850484,20.03993056963379,-124.89907606478737,50,2
2012-09-13 22:30:02.129900+00:00,4.11,9.15,13.98,5818.796858539917,19.773468120640892,-125.43200096277316,48,3
2012-09-13 22:31:02.129900+00:00,4.31,9.58,14.64,5303.450340161167,19.444451988926986,-126.09003322620096,45,3
2012-09-13 22:32:02.129900+00:00,3.97,8.85,13.53,4646.333006227507,19.31834399326552,-126.34224921752389,44,2
2012-09-13 22:33:02.129900+00:00,27.25,40.0,40.0,4359.671428447424,19.204246431710786,-126.57044434063336,41,2
2012-09-13 22:34:02.129900+00:00,27.76,40.0,40.0,3888.101915059386,18.81081501709223,-127.35730716987048,39,2
2012-09-13 22:35:02.129900+00:00,8.75,18.85,28.68,3655.563752785741,18.457338068657528,-128.06426106673987,37,3
2012-09-13 22:36:02.129900+00:00,25.49,40.0,40.0,3462.62312914308,18.362227054961327,-128.2544830941323,34,1
2012-09-13 22:37:02.129900+00:00,9.36,20.09,30.54,3227.4711498982933,18.183463803943916,-128.6120095961671,32,3
2012-09-13 22:38:02.129900+00:00,9.86,21.09,32.05,3068.119960595686,18.022662370020942,-128.93361246401304,31,1
2012-09-13 22:39:02.129900+00:00,10.03,21.45,32.59,3042.8348730411935,18.00410451716397,-128.970728169727,30,2
2012-09-13 22:40:02.129900+00:00,10.41,22.21,33.73,3042.8348730411935,17.963433875037673,-129.05206945397958,28,1
2012-09-13 22:42:02.129900+00:00,10.31,22.01,33.43,2935.721489775561,17.797642111659332,-129.38365298073626,22,1
2012-09-13 22:44:02.129900+00:00,11.39,24.18,36.7,2335.2109514476174,17.47334675860907,-130.03224368683678,19,2
2012-09-13 22:47:02.129900+00:00,14.1,29.61,40.0,1836.6621008606871,16.745317675660665,-131.4883018527336,12,1
2012-09-13 22:48:02.129900+00:00,13.6,28.62,40.0,1795.5954009715863,16.69161878135464,-131.59569964134565,11,2
2012-09-13 22:54:02.129900+00:00,22.66,40.0,40.0,1695.6252904960386,16.171612348086274,-132.63571250788235,5,1
2012-09-14 04:49:02.121442+00:00,4.49,9.97,15.24,2449.95462030586,14.52368167745841,-137.86788170947057,3,1
2012-09-15 06:13:02.124526+00:00,5.37,11.83,18.06,2057.648557947916,14.417444175034216,-142.0964718567368,3,1
2012-09-15 06:21:02.124526+00:00,5.84,12.83,19.58,2874.820333625955,15.292538108924536,-140.34628398895617,4,1
2012-09-15 06:25:02.124526+00:00,5.75,12.64,19.29,2878.3450697754565,15.29681568687387,-140.3377288330575,3,1
2012-09-15 06:30:02.124526+00:00,5.84,12.83,19.58,2878.3450697754565,15.29681568687387,-140.3377288330575,3,1
2012-09-15 07:09:02.124526+00:00,6.19,13.56,20.68,2414.8762961029397,15.07995775607905,-140.77144469464713,3,1
2012-09-15 07:16:02.124526+00:00,12.73,26.87,40.0,2954.2837992369223,15.26595797835977,-140.39944425008568,5,1
2012-09-15 07:22:02.124526+00:00,12.73,26.87,40.0,2414.8762961029397,15.07995775607905,-140.77144469464713,5,1
2012-09-15 07:23:02.124526+00:00,12.73,26.87,40.0,2414.8762961029397,15.07995775607905,-140.77144469464713,5,1
2012-09-15 07:24:02.124526+00:00,12.73,26.87,40.0,2414.8762961029397,15.07995775607905,-140.77144469464713,5,1
2012-09-15 07:29:02.124526+00:00,12.73,26.87,40.0,2636.6842504204483,14.818861577032903,-141.29363705273943,5,1
2012-09-15 07:34:02.124526+00:00,36.8,40.0,40.0,2387.8682127544826,14.730978778771863,-141.4694026492615,4,1
2012-09-15 07:40:02.124526+00:00,6.01,13.18,20.11,2353.3544378422303,14.847922430790655,-141.23551534522392,4,1
2012-09-15 07:44:02.124526+00:00,5.83,12.8,19.53,2636.6842504204483,14.87698328454841,-141.1773936377084,5,1
2012-09-15 07:49:02.124526+00:00,5.44,11.99,18.31,2977.219356145371,15.294142996275005,-140.3430742142552,5,1
2012-09-15 07:53:02.124526+00:00,5.3,11.7,17.86,3315.812158812295,15.522334587166991,-139.88669103247125,4,1
2012-09-15 07:58:02.124526+00:00,5.2,11.47,17.51,3315.812158812295,15.522334587166991,-139.88669103247125,4,1
2012-09-15 08:03:02.124526+00:00,5.33,11.77,17.96,3160.784965007165,15.430235431471475,-140.0708893438623,4,1
2012-09-15 08:50:02.124526+00:00,5.64,12.42,18.95,5160.611309098835,16.809559304494385,-137.31224159781647,3,1
2012-09-15 08:54:02.124526+00:00,5.86,12.86,19.63,4871.602211937152,16.662058674328804,-137.60724285814763,4,1
2012-09-15 08:59:02.124526+00:00,6.07,13.31,20.3,4582.593114775469,16.514558044163227,-137.90224411847876,5,1
2012-09-15 09:03:02.124526+00:00,6.22,13.62,20.78,3852.922140854644,15.96870178886939,-138.99395662906645,5,1
2012-09-15 09:07:02.124526+00:00,5.99,13.15,20.06,3166.69880812192,15.799152653192293,-139.33305490042065,5,1
2012-09-15 09:12:02.124526+00:00,6.35,13.91,21.21,2796.483449349933,15.315037894993992,-140.30128441681725,4,1
2012-09-15 12:48:02.126068+00:00,4.98,11.0,16.8,2911.8737882399464,14.648586905657664,-136.92434521770858,3,1
2012-09-15 12:54:02.126068+00:00,4.94,10.94,16.7,3070.4973524402335,14.682955053333744,-136.85560892235642,3,1
2012-09-15 13:02:02.126068+00:00,5.07,11.2,17.11,3550.352494314442,14.835571524129389,-136.55037598076512,3,1
2012-09-15 13:37:02.126068+00:00,5.02,11.1,16.96,3596.0746304127383,15.211223636458996,-135.79907175610592,3,1
2012-09-15 13:44:02.126068+00:00,5.32,11.73,17.91,3164.9193316389715,14.905149529241832,-136.41121997054026,3,1
2012-09-15 13:49:02.126068+00:00,5.63,12.38,18.9,2641.779003881703,14.298757263161798,-137.62400450270033,3,1
2012-09-15 14:29:02.126068+00:00,5.24,11.57,17.66,2288.322992673179,14.289174675233276,-137.64316967855737,3,1
2012-09-15 14:35:02.126068+00:00,5.83,12.8,19.53,1986.3760194618017,13.742194298593134,-138.73713043183764,3,1
2012-09-15 14:44:02.126068+00:00,5.96,13.09,19.96,1986.3760194618017,13.742194298593134,-138.73713043183764,3,1
2012-09-15 14:50:02.126068+00:00,5.98,13.12,20.01,2076.2318967658075,14.327014904389443,-137.56748922024502,3,1
2012-09-15 14:54:02.126068+00:00,6.95,15.15,23.09,2076.2318967658075,14.327014904389443,-137.56748922024502,3,1
2012-09-15 15:03:02.126068+00:00,6.76,14.75,22.48,1800.087848386509,13.94586416752169,-138.32979069398053,3,1
2012-09-15 15:09:02.126068+00:00,10.07,21.52,32.69,1800.087848386509,13.94586416752169,-138.32979069398053,3,1
2012-09-15 15:14:02.126068+00:00,6.16,13.5,20.59,2016.399554704788,14.213696451684203,-137.7941261256555,3,1
2012-09-15 15:20:02.126068+00:00,5.37,11.83,18.06,2016.399554704788,14.289575673778431,-137.64236768146705,3,1
2012-09-15 15:26:02.126068+00:00,6.86,14.97,22.81,1834.9695906149457,14.213696451684203,-137.7941261256555,3,1
2012-09-15 15:32:02.126068+00:00,6.86,14.97,22.81,1741.2419879013037,14.00176530986773,-138.21798840928847,3,1
2012-09-15 19:44:02.126068+00:00,5.72,12.58,19.19,4575.26596892792,15.504469631679148,-135.21257976566562,4,1
2012-09-15 19:50:02.126068+00:00,4.11,9.15,13.98,5777.629179174835,15.949986918167632,-134.32154519268863,4,1
2012-09-15 19:54:02.126068+00:00,4.14,9.22,14.09,4801.855048254677,16.308061939217335,-133.60539515058923,5,1
2012-09-15 19:58:02.126068+00:00,3.74,8.35,12.77,5777.629179174835,16.464112459075984,-133.29329411087193,4,1
2012-09-15 20:03:02.126068+00:00,3.43,7.67,11.74,5887.056235476906,16.464112459075984,-133.29329411087193,4,1
2012-09-15 20:08:02.126068+00:00,3.37,7.55,11.55,5560.142344696598,16.570706352013445,-133.08010632499702,4,1
2012-09-15 20:17:02.126068+00:00,3.0,6.73,10.29,6099.575528534378,16.521249725092257,-133.17901957883942,3,1
2012-09-15 20:22:02.126068+00:00,3.72,8.31,12.71,6099.575528534378,16.521249725092257,-133.17901957883942,3,1
2012-09-15 20:28:02.126068+00:00,3.9,8.7,13.3,5980.504497127232,16.207393682241577,-133.80673166454076,3,1
2012-09-15 20:33:02.126068+00:00,4.07,9.07,13.87,4446.916226081851,15.82083057431153,-134.57985788040085,3,1
2012-09-15 20:39:02.126068+00:00,5.54,12.19,18.6,2880.910652098336,14.92991996560371,-136.3616790978165,3,1
2012-09-15 20:47:02.126068+00:00,5.13,11.34,17.31,2880.910652098336,14.92991996560371,-136.3616790978165,3,1
2012-09-15 20:54:02.126068+00:00,5.16,11.4,17.41,2880.910652098336,14.477874657185774,-137.26576971465238,3,1
2012-09-16 00:58:02.127610+00:00,2.07,4.66,7.14,8333.785887107146,17.45286196618512,-134.8600459197436,3,1
2012-09-16 01:07:02.127610+00:00,2.87,6.45,9.87,8390.261258512424,17.52678877838411,-134.71219229534566,3,1
2012-09-16 01:13:02.127610+00:00,3.02,6.77,10.36,8390.261258512424,17.52678877838411,-134.71219229534566,3,1
2012-09-16 01:20:02.127610+00:00,3.37,7.55,11.55,5485.716887758492,16.371868944926987,-137.0220319622599,4,1
2012-09-16 01:24:02.127610+00:00,4.06,9.03,13.81,4821.443155451476,16.166718095766562,-137.43233366058075,3,1
2012-09-16 01:29:02.127610+00:00,4.09,9.11,13.92,4821.443155451476,16.166718095766562,-137.43233366058075,3,1
2012-09-16 10:43:02.127610+00:00,6.1,13.37,20.39,2340.7901854419983,14.558426300394569,-140.64891725132472,5,1
2012-09-16 10:46:02.127610+00:00,6.25,13.69,20.87,2777.304213227506,15.138916558739355,-139.48793673463516,6,1
2012-09-16 10:49:02.127610+00:00,4.62,10.25,15.66,2394.8412887982417,14.753034289985528,-140.25970127214282,7,1
2012-09-16 10:51:02.127610+00:00,4.54,10.08,15.4,2495.008320089497,14.864140514636102,-140.03748882284168,8,1
2012-09-16 10:53:02.127610+00:00,6.67,14.56,22.2,4944.32127444315,16.13065710570036,-137.50445564071313,8,1
2012-09-16 10:57:02.127610+00:00,7.3,15.87,24.17,2745.084386749504,15.085617648362025,-139.59453455538983,8,1
2012-09-16 10:58:02.127610+00:00,7.3,15.87,24.17,2745.084386749504,15.085617648362025,-139.59453455538983,8,1
2012-09-16 10:59:02.127610+00:00,7.21,15.68,23.89,4176.289734987585,16.413399406489994,-136.9389710391339,8,1
2012-09-16 11:02:02.127610+00:00,7.21,15.68,23.89,5457.586047856913,17.630810255542617,-134.50414934102864,7,1
2012-09-16 11:05:02.127610+00:00,4.33,9.62,14.7,3249.213497173901,15.529864201771357,-138.70604144857114,7,1
2012-09-16 11:08:02.127610+00:00,6.85,14.94,22.76,3585.002957796193,15.631785477034017,-138.50219889804583,7,1
2012-09-16 11:13:02.127610+00:00,18.16,37.69,40.0,3585.002957796193,15.631785477034017,-138.50219889804583,5,1
2012-09-16 11:16:02.127610+00:00,4.18,9.29,14.2,3900.89107228227,15.832925891483695,-138.09991806914647,6,1
2012-09-16 11:17:02.127610+00:00,4.39,9.76,14.91,3585.002957796193,16.03406630593338,-137.6976372402471,7,1
2012-09-16 11:25:02.127610+00:00,8.85,19.04,28.96,3765.19561307219,16.19268702082539,-137.38039581046309,8,1
2012-09-16 11:26:02.127610+00:00,8.85,19.04,28.96,3765.19561307219,16.19268702082539,-137.38039581046309,8,1
2012-09-16 11:27:02.127610+00:00,8.86,19.08,29.01,3765.19561307219,16.28841777847705,-137.18893429515975,8,1
2012-09-16 11:29:02.127610+00:00,8.75,18.85,28.68,4330.677097349797,16.788458041605274,-136.1888537689033,8,1
2012-09-16 11:30:02.127610+00:00,8.75,18.85,28.68,4330.677097349797,16.788458041605274,-136.1888537689033,8,1
2012-09-16 11:34:02.127610+00:00,8.89,19.14,29.11,4715.965926351408,16.3513077357174,-137.06315438067907,11,1
2012-09-16 11:37:02.127610+00:00,8.96,19.27,29.3,4748.585475997375,16.725568084364927,-136.314633683384,8,1
2012-09-16 11:38:02.127610+00:00,8.94,19.23,29.25,4781.205025643343,17.22560834749315,-135.31455315712756,9,1
2012-09-16 11:40:02.127610+00:00,8.94,19.23,29.25,4819.544786231007,17.71913582308664,-134.32749820594057,8,1
2012-09-16 11:41:02.127610+00:00,8.96,19.27,29.3,4857.884546818669,17.22560834749315,-135.31455315712756,7,1
2012-09-16 11:43:02.127610+00:00,8.96,19.27,29.3,5006.992264549781,17.71913582308664,-134.32749820594057,8,1
2012-09-16 11:47:02.127610+00:00,7.99,17.29,26.32,6212.48601564654,18.21266329868013,-133.3404432547536,7,1
2012-09-16 11:52:02.127610+00:00,10.69,22.78,34.59,7059.281157245556,18.237214977806985,-133.2913398964999,5,1
2012-09-16 11:56:02.127610+00:00,3.47,7.75,11.86,7331.5893612566015,18.397292075430883,-132.9711857012521,4,1
2012-09-16 12:01:02.129151+00:00,5.92,12.99,19.82,4709.951593370812,16.10167963890953,-135.96114857734733,3,1
2012-09-16 12:06:02.129151+00:00,5.83,12.8,19.53,4938.468742445358,16.263962447490716,-135.63658296018497,4,1
2012-09-16 12:12:02.129151+00:00,7.21,15.68,23.89,5166.985891519904,16.4262452560719,-135.31201734302255,3,1
2012-09-16 12:15:02.129151+00:00,7.22,15.71,23.93,5166.985891519904,16.4262452560719,-135.31201734302255,3,1
2012-09-16 12:34:02.129151+00:00,7.42,16.11,24.54,3500.46966793891,15.302947690606215,-137.55861247395396,3,1
2012-09-16 15:12:02.129151+00:00,5.2,11.47,17.51,1594.685228410666,13.583440902543034,-140.99762605008033,3,1
2012-09-16 15:18:02.129151+00:00,4.99,11.04,16.85,1649.6365468990412,13.866709123062575,-140.43108960904124,4,1
2012-09-16 15:22:02.129151+00:00,4.38,9.72,14.86,1704.587865387416,14.14997734358212,-139.86455316800215,5,1
2012-09-16 15:26:02.129151+00:00,3.78,8.43,12.89,1718.9539323535846,14.14997734358212,-139.86455316800215,5,1
2012-09-16 15:30:02.129151+00:00,3.1,6.95,10.63,1825.201996503663,14.14997734358212,-139.86455316800215,5,1
2012-09-16 15:33:02.129151+00:00,2.54,5.72,8.76,2007.896048863777,14.146250432337409,-139.87200699049157,4,1
2012-09-16 15:37:02.129151+00:00,2.45,5.51,8.44,1825.201996503663,13.895772485149877,-140.37296288486664,3,1
2012-09-16 16:14:02.129151+00:00,2.35,5.3,8.11,1781.0322600651818,14.325647724283115,-139.51321240660016,3,1
2012-09-16 16:17:02.129151+00:00,2.23,5.02,7.68,2029.92807657491,14.462782583846646,-139.2389426874731,4,1
2012-09-16 16:21:02.129151+00:00,2.59,5.82,8.91,2278.8238930846383,14.599917443410176,-138.96467296834604,5,1
2012-09-16 16:24:02.129151+00:00,2.94,6.59,10.08,2278.8238930846383,14.325647724283115,-139.51321240660016,5,1
2012-09-16 16:30:02.129151+00:00,3.12,6.99,10.7,2348.195195423793,14.424944339372614,-139.31461917642116,4,1
2012-09-16 16:33:02.129151+00:00,17.68,36.73,40.0,2417.566497762948,14.599917443410176,-138.96467296834604,3,1
2012-09-16 16:45:02.129151+00:00,9.08,19.52,29.68,2798.228068122695,17.67005681039953,-132.82439423436733,4,1
2012-09-16 16:49:02.129151+00:00,9.08,19.52,29.68,2798.228068122695,17.67005681039953,-132.82439423436733,4,1
2012-09-16 16:52:02.129151+00:00,9.08,19.52,29.68,2798.228068122695,17.67005681039953,-132.82439423436733,4,1
2012-09-16 16:53:02.129151+00:00,9.08,19.52,29.68,2798.228068122695,17.67005681039953,-132.82439423436733,4,1
2012-09-16 19:54:02.129151+00:00,3.08,6.91,10.57,2258.248640726392,14.91263385347802,-138.33924014821034,5,1
2012-09-16 19:57:02.129151+00:00,3.45,7.71,11.8,2901.8533976621197,14.91263385347802,-138.33924014821034,5,1
2012-09-16 20:00:02.129151+00:00,2.63,5.92,9.06,2580.051019194256,14.775389166471768,-138.61372952222283,6,1
2012-09-16 20:03:02.129151+00:00,2.35,5.3,8.11,2650.0080914643904,14.638144479465518,-138.88821889623534,7,1
2012-09-16 20:06:02.129151+00:00,12.22,25.84,39.2,2650.0080914643904,14.638144479465518,-138.88821889623534,7,1
2012-09-16 20:09:02.129151+00:00,12.25,25.92,39.31,2650.0080914643904,14.576354028576022,-139.01179979801435,7,1
2012-09-16 20:12:02.129151+00:00,3.67,8.19,12.53,2413.4920333662485,14.44794939225277,-139.26860907066083,8,1
2012-09-16 20:14:02.129151+00:00,4.02,8.96,13.7,2174.1601884735405,14.349639595627892,-139.46522866391058,8,1
2012-09-16 20:17:02.129151+00:00,4.13,9.18,14.04,2114.965478568741,14.289188294396478,-139.58613126637343,8,1
2012-09-16 20:19:02.129151+00:00,4.14,9.22,14.09,2155.731059723347,14.329045780343831,-139.50641629447873,7,1
2012-09-16 20:21:02.129151+00:00,4.11,9.15,13.98,2155.731059723347,14.329045780343831,-139.50641629447873,7,1
2012-09-16 20:23:02.129151+00:00,4.49,9.97,15.24,2114.965478568741,14.289188294396478,-139.58613126637343,6,1
2012-09-16 20:25:02.129151+00:00,4.91,10.87,16.6,2074.1998974141356,14.249330808449123,-139.66584623826813,5,1
2012-09-16 21:08:02.129151+00:00,7.03,15.31,23.33,4599.376477343044,15.98873710969379,-136.18703363577882,3,1
2012-09-16 21:16:02.129151+00:00,7.24,15.74,23.98,3417.3168661294153,15.029225218263536,-138.1060574186393,3,1
2012-09-16 21:24:02.129151+00:00,6.8,14.84,22.62,2528.60492262102,14.72964321186612,-138.70522143143415,3,1
2012-09-16 23:29:02.129151+00:00,3.35,7.51,11.48,2948.718577813761,15.125539970089498,-137.91342791498738,3,1
2012-09-16 23:36:02.129151+00:00,4.31,9.58,14.64,2121.1128964729346,15.48430409087208,-137.19589967342222,3,1
2012-09-17 00:27:02.120693+00:00,4.28,9.51,14.53,4202.965934099128,15.719062205222428,-138.43580495764937,3,1
2012-09-17 07:12:02.120693+00:00,3.52,7.88,12.05,3853.9567628097097,15.77681516663516,-138.3202990348239,3,1
2012-09-17 07:20:02.120693+00:00,9.21,19.77,30.06,3853.9567628097097,15.77681516663516,-138.3202990348239,3,1
2012-09-17 07:51:02.120693+00:00,9.52,20.41,31.03,1560.634963284273,13.865737810556668,-142.1424537469809,3,1
2012-09-17 13:52:02.122235+00:00,8.74,18.82,28.63,1968.011613327242,14.367226694867824,-141.7254279589934,3,1
2012-09-17 14:00:02.122235+00:00,8.1,17.51,26.65,2223.4576785978984,14.780521042140816,-140.89883926444742,3,1
2012-09-17 14:04:02.122235+00:00,7.73,16.76,25.52,2758.2521001926743,15.155325520476747,-140.14923030777555,3,1
2012-09-17 14:11:02.122235+00:00,7.46,16.21,24.68,2223.4576785978984,14.780521042140816,-140.89883926444742,3,1
2012-09-17 14:16:02.122235+00:00,7.45,16.18,24.64,2346.1189551887337,14.73720122224395,-140.98547890424115,3,1
2012-09-17 14:22:02.122235+00:00,7.46,16.21,24.68,2066.9986912478153,14.516748107177392,-141.42638513437424,3,1
2012-09-17 15:01:02.122235+00:00,8.25,17.82,27.12,1567.6390385738696,13.953380490731076,-142.5531203672669,3,1
2012-09-19 09:03:02.126861+00:00,3.14,7.04,10.77,5474.133011174645,20.9715258557347,-124.91263596210388,3,1
2012-09-19 09:04:02.126861+00:00,3.14,7.04,10.77,5474.133011174645,20.9715258557347,-124.91263596210388,3,2
2012-09-19 13:26:02.128403+00:00,5.73,12.61,19.24,1747.3648226115986,14.206110227202933,-139.2743802315947,3,1
2012-09-19 13:28:02.128403+00:00,5.73,12.61,19.24,1747.3648226115986,14.206110227202933,-139.2743802315947,3,1
2012-09-19 13:30:02.128403+00:00,5.83,12.8,19.53,1747.3648226115986,14.206110227202933,-139.2743802315947,3,1
2012-09-19 15:25:02.128403+00:00,4.85,10.73,16.39,2010.0530360251737,13.835367920939728,-140.0158648441211,3,1
2012-09-19 15:31:02.128403+00:00,5.33,11.77,17.96,2151.0919094146766,14.100506238108784,-139.48558820978295,4,1
2012-09-19 15:34:02.128403+00:00,4.98,11.0,16.8,2292.130782804179,14.365644555277845,-138.95531157544485,5,1
2012-09-19 15:38:02.128403+00:00,5.2,11.47,17.51,2396.954062966065,14.532453697741776,-138.621693290517,4,1
2012-09-19 15:44:02.128403+00:00,28.82,40.0,40.0,3462.7807874903574,15.205586165834678,-137.2754283543312,5,1
2012-09-19 15:49:02.128403+00:00,29.58,40.0,40.0,3789.578237591858,15.496004059396254,-136.69459256720802,4,1
2012-09-19 15:54:02.128403+00:00,29.22,40.0,40.0,3591.0601676582005,15.517753932706915,-136.6510928205867,3,1
2012-09-19 15:59:02.128403+00:00,3.04,6.82,10.43,4409.601853018512,15.906572848879808,-135.87345498824095,4,1
2012-09-19 16:06:02.128403+00:00,7.66,16.61,25.29,5732.360183733487,16.56154054083398,-134.56351960433258,4,1
2012-09-19 16:11:02.128403+00:00,7.7,16.7,25.43,5228.143538378824,16.2953917650527,-135.09581715589516,3,1
2012-09-19 16:13:02.128403+00:00,7.7,16.7,25.43,5228.143538378824,16.2953917650527,-135.09581715589516,3,1
2012-09-19 16:32:02.128403+00:00,2.38,5.35,8.19,2266.604501154451,15.499420784610402,-136.68775911677974,3,1
2012-09-19 16:36:02.128403+00:00,2.83,6.36,9.73,2266.604501154451,15.499420784610402,-136.68775911677974,3,1
2012-09-19 16:39:02.128403+00:00,23.43,40.0,40.0,2266.604501154451,16.157100905954152,-135.37239887409223,5,1
2012-09-19 16:47:02.128403+00:00,24.2,40.0,40.0,2526.307383156719,16.233119046609886,-135.22036259278076,6,1
2012-09-19 16:49:02.128403+00:00,24.2,40.0,40.0,2526.307383156719,16.233119046609886,-135.22036259278076,6,2
2012-09-19 16:52:02.128403+00:00,24.2,40.0,40.0,2786.0102651589864,15.97365098839222,-135.7392987092161,7,1
2012-09-19 16:56:02.128403+00:00,24.2,40.0,40.0,2786.0102651589864,15.97365098839222,-135.7392987092161,9,1
2012-09-19 16:59:02.128403+00:00,28.33,40.0,40.0,2786.0102651589864,15.951573601462911,-135.7834534830747,7,1
2012-09-19 17:00:02.128403+00:00,3.94,8.77,13.41,2507.8429822437097,15.767557848681433,-136.15148498863766,6,1
2012-09-19 17:03:02.128403+00:00,4.29,9.55,14.59,3008.943185257402,15.221393763683942,-137.24381315863266,6,1
2012-09-19 17:06:02.128403+00:00,4.36,9.69,14.81,3008.943185257402,15.221393763683942,-137.24381315863266,6,1
2012-09-19 17:10:02.128403+00:00,4.14,9.22,14.09,3231.2956148788953,14.859245431467937,-137.96810982306468,5,1
2012-09-19 17:16:02.128403+00:00,3.08,6.91,10.57,2453.992575885363,14.273699639176332,-139.13920140764787,3,1
2012-09-19 17:20:02.128403+00:00,2.61,5.87,8.99,2453.992575885363,14.273699639176332,-139.13920140764787,3,1
2012-09-19 19:30:02.128403+00:00,3.0,6.73,10.29,2651.180241811125,14.52271871358041,-138.64116325883973,3,1
2012-09-19 19:37:02.128403+00:00,3.28,7.34,11.23,2310.8473693818437,14.08760264627936,-139.51139539344183,5,1
2012-09-19 19:39:02.128403+00:00,3.28,7.34,11.23,2310.8473693818437,14.08760264627936,-139.51139539344183,5,1
2012-09-19 19:45:02.128403+00:00,13.16,27.73,40.0,2310.8473693818437,14.08760264627936,-139.51139539344183,5,1
2012-09-19 19:46:02.128403+00:00,13.16,27.73,40.0,2310.8473693818437,14.08760264627936,-139.51139539344183,5,1
2012-09-19 19:50:02.128403+00:00,13.26,27.93,40.0,2294.565418733443,13.787242224771711,-140.11211623645713,3,1
2012-09-20 03:25:02.129945+00:00,3.24,7.25,11.1,1766.4422621570566,14.159506986987536,-143.93087811221693,3,1
2012-09-20 03:33:02.129945+00:00,2.81,6.31,9.66,1826.372937583392,14.33486240305895,-143.58016728007408,4,1
2012-09-20 03:34:02.129945+00:00,2.74,6.17,9.44,1826.372937583392,14.33486240305895,-143.58016728007408,4,1
2012-09-20 03:41:02.129945+00:00,3.34,7.46,11.42,1721.5789459848615,14.431592627043182,-143.38670683210563,5,1
2012-09-20 03:45:02.129945+00:00,4.56,10.11,15.45,1803.9412794972943,14.633048976578923,-142.98379413303414,4,1
2012-09-20 03:50:02.129945+00:00,4.7,10.42,15.92,1803.9412794972943,14.633048976578923,-142.98379413303414,4,1
2012-09-20 03:53:02.129945+00:00,4.82,10.66,16.29,1721.5789459848615,14.571028078821245,-143.1078359285495,3,1
2012-09-22 21:46:02.127655+00:00,5.63,12.38,18.9,2268.2851630112286,14.167573774263234,-136.74724710368426,3,1
2012-09-22 21:53:02.127655+00:00,5.61,12.35,18.85,2268.2851630112286,14.167573774263234,-136.74724710368426,3,1
2012-09-22 21:59:02.127655+00:00,5.55,12.22,18.65,2268.2851630112286,13.92667881631462,-137.22903701958148,3,1
2012-09-22 22:06:02.127655+00:00,5.44,11.99,18.31,2226.250777711899,13.851796706732928,-137.37880123874487,3,1
2012-09-22 22:12:02.127655+00:00,5.3,11.7,17.86,2315.797611789217,13.92667881631462,-137.22903701958148,3,1
2012-09-22 22:19:02.127655+00:00,5.67,12.48,19.04,2430.45534115471,14.170080937102403,-136.74223277800593,3,1
2012-09-22 22:25:02.127655+00:00,5.63,12.38,18.9,2430.45534115471,14.170080937102403,-136.74223277800593,3,1
2012-09-23 05:50:02.129197+00:00,8.26,17.85,27.17,1770.4656563358265,15.987100715262844,-132.65598260420109,5,1
2012-09-23 05:53:02.129197+00:00,8.08,17.48,26.6,1857.944473777373,16.218686482845218,-132.19281106903634,4,1
2012-09-23 05:57:02.129197+00:00,7.94,17.2,26.18,1857.944473777373,16.218686482845218,-132.19281106903634,4,2
2012-09-23 06:15:02.129197+00:00,9.47,20.32,30.88,3745.8330081822655,17.382799340837348,-129.86458535305206,3,1
2012-09-23 06:16:02.129197+00:00,9.47,20.32,30.88,3745.8330081822655,17.382799340837348,-129.86458535305206,3,2
2012-09-23 10:20:02.129197+00:00,3.41,7.63,11.67,1863.985346696238,13.44245354115962,-137.74527695240755,3,1
2012-09-23 10:35:02.129197+00:00,4.02,8.96,13.7,1743.0197325439694,13.046524643421488,-138.5371347478838,3,1
2012-09-23 12:17:02.120739+00:00,3.2,7.17,10.97,2053.2683836955653,13.398951531009066,-140.24512597353524,3,1
2012-09-23 12:22:02.120739+00:00,3.18,7.12,10.9,2053.2683836955653,13.398951531009066,-140.24512597353524,3,1
2012-09-23 12:27:02.120739+00:00,3.18,7.12,10.9,1981.0452634188557,13.38186038019245,-140.2793082751685,4,1
2012-09-23 13:55:02.120739+00:00,4.96,10.97,16.75,1847.7489922758425,13.20157782028701,-140.63987339497936,3,1
2012-09-23 13:59:02.120739+00:00,4.96,10.97,16.75,1847.7489922758425,13.20157782028701,-140.63987339497936,3,1
2012-09-23 14:04:02.120739+00:00,4.86,10.77,16.44,1871.5093193628888,13.250022647990177,-140.54298373957303,4,1
2012-09-23 14:11:02.120739+00:00,4.38,9.72,14.86,2134.0857154104087,13.84902626452012,-139.34497650651315,3,1
2012-09-23 14:19:02.120739+00:00,1.93,4.35,6.66,2458.8914945871984,14.328079370472716,-138.38687029460797,3,1
2012-09-23 14:46:02.120739+00:00,4.77,10.56,16.13,2726.6638942710915,14.42455956027274,-138.1939099150079,4,1
2012-09-23 14:52:02.120739+00:00,4.69,10.39,15.87,2790.890987501077,14.445109736682436,-138.1528095621885,4,1
2012-09-23 14:56:02.120739+00:00,4.64,10.29,15.71,2566.6301977792123,14.341170971077284,-138.3606870933988,5,1
2012-09-23 15:01:02.120739+00:00,4.78,10.6,16.19,2524.078310776945,14.276806101098533,-138.4894168333563,5,1
2012-09-23 15:05:02.120739+00:00,3.49,7.79,11.92,2566.6301977792123,14.341170971077284,-138.3606870933988,5,1
2012-09-23 15:09:02.120739+00:00,2.66,5.97,9.14,2820.45356252341,14.406241596610467,-138.23054584233245,6,1
2012-09-23 15:12:02.120739+00:00,2.63,5.92,9.06,2583.2034608216104,14.26343469093335,-138.51615965368669,5,1
2012-09-23 15:15:02.120739+00:00,2.59,5.82,8.91,2835.7326469763575,14.250374842121618,-138.54227935131013,5,1
2012-09-23 15:19:02.120739+00:00,2.61,5.87,8.99,3647.45523386953,15.216746765042885,-136.60953550546762,5,1
2012-09-23 15:22:02.120739+00:00,3.3,7.38,11.29,3647.45523386953,15.216746765042885,-136.60953550546762,5,1
2012-09-23 15:27:02.120739+00:00,0.01,0.05,0.1,3710.6344801160712,15.25204016584716,-136.53894870385906,4,1
2012-09-23 15:32:02.120739+00:00,0.76,1.73,2.65,3890.5621543423817,15.327704564959388,-136.3876199056346,4,1
2012-09-23 15:41:02.120739+00:00,0.0,0.02,0.04,4133.669074815233,15.542418859146744,-135.9581913172599,3,1
2012-09-23 16:08:02.120739+00:00,4.38,9.72,14.86,2630.58017499025,14.024135493252953,-138.99475804904748,3,1
2012-09-23 16:27:02.120739+00:00,3.9,8.7,13.3,2713.7474654688685,14.209150644655091,-138.6247277462432,3,1
2012-09-23 16:35:02.120739+00:00,3.26,7.3,11.16,2996.973249651317,14.49770381330696,-138.04762140893945,3,1
2012-09-23 16:39:02.120739+00:00,2.89,6.5,9.94,2996.973249651317,14.601624818442687,-137.839779398668,3,1
2012-09-23 16:45:02.120739+00:00,2.38,5.35,8.19,3777.137621795845,15.082160098243747,-136.8787088390659,4,1
2012-09-23 16:49:02.120739+00:00,2.47,5.56,8.52,4325.31937901231,15.218462098819709,-136.60610483791396,4,1
2012-09-23 16:52:02.120739+00:00,2.57,5.77,8.83,4038.133904839681,15.112029671348155,-136.81896969285705,5,1
2012-09-23 16:56:02.120739+00:00,2.5,5.62,8.6,3516.1413387520092,15.052290525139338,-136.9384479852747,5,1
2012-09-23 17:00:02.120739+00:00,4.39,9.76,14.91,3438.678787648455,14.651062732603997,-137.74090357034538,5,1
2012-09-23 17:04:02.120739+00:00,3.87,8.62,13.18,2911.5204583246946,14.41019854090082,-138.22263195375174,5,1
2012-09-23 17:09:02.120739+00:00,2.92,6.54,10.01,2911.5204583246946,14.41019854090082,-138.22263195375174,5,1
2012-09-23 17:13:02.120739+00:00,2.92,6.54,10.01,3008.417359207206,14.388010819365174,-138.26700739682303,4,1
2012-09-23 17:19:02.120739+00:00,2.43,5.46,8.36,3438.678787648455,14.41019854090082,-138.22263195375174,3,1
2012-09-23 17:56:02.120739+00:00,4.7,10.42,15.92,3245.592915535364,14.299535745151744,-138.44395754524987,3,1
2012-09-23 18:03:02.120739+00:00,4.64,10.29,15.71,3293.6483000679314,14.69354553584677,-137.65593796385986,4,1
2012-09-23 18:08:02.120739+00:00,4.13,9.18,14.04,3327.5270758160195,14.70688716478856,-137.62925470597625,3,1
2012-09-23 18:11:02.120739+00:00,4.13,9.18,14.04,3327.5270758160195,14.70688716478856,-137.62925470597625,3,1
2012-09-23 20:51:02.120739+00:00,12.06,25.52,38.71,2176.971717115417,16.196642044864312,-134.64974494582475,16,1
2012-09-23 20:52:02.120739+00:00,11.25,23.9,36.28,2175.4957454645214,16.183074564086063,-134.67687990738125,19,1
2012-09-23 20:53:02.120739+00:00,10.98,23.36,35.46,2175.4957454645214,16.183074564086063,-134.67687990738125,19,1
2012-09-23 20:54:02.120739+00:00,12.27,25.95,39.36,2178.447688766313,16.183074564086063,-134.67687990738125,21,2
2012-09-23 20:55:02.120739+00:00,12.06,25.52,38.71,2176.971717115417,16.167304629840068,-134.70841977587324,22,1
2012-09-23 20:57:02.120739+00:00,11.74,24.88,37.75,2289.670845185673,16.183074564086063,-134.67687990738125,25,2
2012-09-23 20:58:02.120739+00:00,10.83,23.05,35.0,2289.670845185673,16.210209525642565,-134.62260998426825,27,3
2012-09-23 20:59:02.120739+00:00,10.03,21.45,32.59,2289.670845185673,16.381562281674146,-134.2799044722051,29,2
2012-09-23 21:00:02.120739+00:00,10.08,21.55,32.74,2289.670845185673,16.44693648113234,-134.1491560732887,31,2
2012-09-23 21:01:02.120739+00:00,9.73,20.83,31.66,2266.6057271839677,16.447654245730014,-134.14772054409335,34,2
2012-09-23 21:02:02.120739+00:00,8.96,19.27,29.3,2289.670845185673,16.575468101060356,-133.89209283343266,35,2
2012-09-23 21:03:02.120739+00:00,9.16,19.68,29.92,2270.5636973453143,16.662698559508044,-133.7176319165373,35,1
2012-09-23 21:04:02.120739+00:00,9.28,19.93,30.3,2323.4550054609003,16.730107165380986,-133.5828147047914,37,2
2012-09-23 21:05:02.120739+00:00,9.38,20.12,30.59,2484.0293957925346,16.807401316871356,-133.42822640181066,38,1
2012-09-23 21:06:02.120739+00:00,10.38,22.15,33.63,2484.0293957925346,16.807401316871356,-133.42822640181066,40,1
2012-09-23 21:07:02.120739+00:00,11.27,23.94,36.33,2522.4037014873275,16.98418823959402,-133.07465255636535,42,2
2012-09-23 21:08:02.120739+00:00,10.61,22.61,34.34,2532.397999705599,17.017913265205877,-133.0072025051416,42,2
2012-09-23 21:09:02.120739+00:00,8.22,17.76,27.02,2532.397999705599,17.017913265205877,-133.0072025051416,42,2
2012-09-23 21:10:02.120739+00:00,24.97,40.0,40.0,2648.08126736144,17.105716518446975,-132.83159599865942,42,2
2012-09-23 21:11:02.120739+00:00,24.78,40.0,40.0,2534.754901787064,17.069116988133853,-132.90479505928568,43,3
2012-09-23 21:12:02.120739+00:00,24.62,40.0,40.0,2624.4368068569975,17.166396082992712,-132.71023686956795,42,3
2012-09-23 21:13:02.120739+00:00,24.89,40.0,40.0,2737.7631724313733,17.194196443157175,-132.65463614923902,44,2
2012-09-23 21:14:02.120739+00:00,25.13,40.0,40.0,2714.118711926931,17.26040103697038,-132.5222269616126,45,2
2012-09-23 21:15:02.120739+00:00,25.13,40.0,40.0,2731.71932262299,17.229158903029695,-132.58471122949396,46,2
2012-09-23 21:16:02.120739+00:00,7.81,16.92,25.76,2749.3199333190487,17.197916769089012,-132.64719549737535,47,4
2012-09-23 21:17:02.120739+00:00,25.21,40.0,40.0,2749.3199333190487,17.197916769089012,-132.64719549737535,47,2
2012-09-23 21:18:02.120739+00:00,25.37,40.0,40.0,2733.590549360347,17.229158903029695,-132.58471122949396,48,3
2012-09-23 21:19:02.120739+00:00,25.54,40.0,40.0,2717.861165401645,17.197916769089012,-132.64719549737535,47,2
2012-09-23 21:20:02.120739+00:00,25.66,40.0,40.0,2749.3199333190487,17.26040103697038,-132.5222269616126,45,3
2012-09-23 21:21:02.120739+00:00,25.74,40.0,40.0,2763.7575912758157,17.280396232986245,-132.4822365695809,42,2
2012-09-23 21:22:02.120739+00:00,25.78,40.0,40.0,2778.1952492325827,17.32236230169654,-132.3983044321603,39,2
2012-09-23 21:23:02.120739+00:00,25.49,40.0,40.0,2794.9738939844383,17.29138166933346,-132.46026569688644,38,3
2012-09-23 21:24:02.120739+00:00,25.62,40.0,40.0,2780.5362360276713,17.29138166933346,-132.46026569688644,36,2
2012-09-23 21:25:02.120739+00:00,7.31,15.9,24.21,2780.5362360276713,17.201358542865236,-132.6403119498229,34,2
2012-09-23 21:26:02.120739+00:00,25.74,40.0,40.0,2733.590549360347,17.09557205968046,-132.85188491619243,32,3
2012-09-23 21:27:02.120739+00:00,27.03,40.0,40.0,2666.4005437448923,16.886206207837926,-133.27061661987753,31,1
2012-09-23 21:28:02.120739+00:00,27.39,40.0,40.0,2629.592365410575,16.866835694062146,-133.30935764742907,30,2
2012-09-23 21:29:02.120739+00:00,8.07,17.45,26.56,2535.763102142549,16.838394171342777,-133.36624069286782,27,1
2012-09-23 21:33:02.120739+00:00,3.26,7.3,11.16,2073.6984532204574,16.72585935024918,-133.59131033505503,20,1
2012-09-23 21:36:02.120739+00:00,2.23,5.02,7.68,1964.1220854458488,16.669418089731366,-133.70419285609063,14,2
2012-09-23 21:37:02.120739+00:00,8.43,18.2,27.68,1890.8486566747704,16.669418089731366,-133.70419285609063,12,2
2012-09-23 21:41:02.120739+00:00,7.66,16.61,25.29,1777.796541835218,16.481503786899584,-134.0800214617542,8,1
2012-09-23 21:42:02.120739+00:00,7.42,16.11,24.54,1777.796541835218,16.481503786899584,-134.0800214617542,8,1
2012-09-23 21:43:02.120739+00:00,7.39,16.05,24.45,1777.796541835218,16.481503786899584,-134.0800214617542,8,1
2012-09-23 23:39:02.120739+00:00,2.85,6.4,9.8,6144.715629840594,15.925970183133533,-135.1910886692863,3,1
2012-09-23 23:45:02.120739+00:00,2.74,6.17,9.44,6579.787095739754,16.139132066954375,-134.7647649016446,3,1
2012-09-23 23:52:02.120739+00:00,2.43,5.46,8.36,6144.715629840594,15.925970183133533,-135.1910886692863,3,1
2012-09-23 23:58:02.120739+00:00,2.79,6.26,9.59,5316.36523065231,15.536990405421706,-135.96904822470998,3,1
2012-09-24 00:10:02.122281+00:00,5.13,11.34,17.31,3502.124066434883,14.720432818668083,-134.48375589695573,3,1
2012-09-24 00:19:02.122281+00:00,0.01,0.05,0.07,2895.611369426605,14.432381927781083,-135.0598576787297,4,1
2012-09-24 00:24:02.122281+00:00,0.0,0.01,0.04,2322.9415968368376,14.255519748196578,-135.41358203789875,4,1
2012-09-24 00:27:02.122281+00:00,0.0,0.01,0.04,2289.0986724183276,14.366708459499076,-135.19120461529377,5,1
2012-09-24 00:31:02.122281+00:00,2.5,5.62,8.6,2210.0319683874,14.14433103689408,-135.63595946050373,5,1
2012-09-24 00:35:02.122281+00:00,2.61,5.87,8.99,2210.0319683874,14.14433103689408,-135.63595946050373,5,1
2012-09-24 00:38:02.122281+00:00,11.67,24.74,37.54,2356.784521255348,14.366708459499076,-135.19120461529377,5,1
2012-09-24 00:44:02.122281+00:00,11.67,24.74,37.54,2418.8203200438456,14.371981220100716,-135.1806590940905,5,1
2012-09-24 00:46:02.122281+00:00,11.67,24.74,37.54,2829.87067006734,14.219154661748515,-135.4863122107949,4,1
2012-09-24 00:50:02.122281+00:00,11.67,24.74,37.54,3106.0791597640064,14.271469941471208,-135.38168165134948,4,1
2012-09-24 00:56:02.122281+00:00,11.67,24.74,37.54,3240.921020090835,14.371981220100716,-135.1806590940905,5,1
2012-09-24 01:01:02.122281+00:00,4.31,9.58,14.64,2813.932352883761,14.11391936476176,-135.69678280476836,4,1
2012-09-24 01:02:02.122281+00:00,4.38,9.72,14.86,2813.932352883761,14.11391936476176,-135.69678280476836,4,1
2012-09-24 01:10:02.122281+00:00,4.59,10.18,15.56,2656.6274063303435,14.056880066681824,-135.81086140092825,3,1
2012-09-24 10:12:02.122281+00:00,5.9,12.96,19.77,2792.42223736918,14.347120127660858,-135.2303812789702,3,1
2012-09-24 10:19:02.122281+00:00,5.86,12.86,19.63,3168.195646723227,14.81485084927769,-134.29491983573652,3,1
2012-09-24 10:25:02.122281+00:00,5.86,12.86,19.63,3168.195646723227,14.81485084927769,-134.29491983573652,3,1
2012-09-24 12:27:02.123823+00:00,4.77,10.56,16.13,3312.3741161953412,15.612325139952716,-137.66818211003906,3,1
2012-09-24 12:36:02.123823+00:00,5.76,12.67,19.34,5673.1476401516065,16.43847589462666,-136.01588060069116,3,1
2012-09-24 12:42:02.123823+00:00,5.81,12.77,19.48,6069.702261462566,16.828090678446216,-135.23665103305206,3,1
2012-09-24 12:49:02.123823+00:00,5.89,12.93,19.72,6069.702261462566,16.828090678446216,-135.23665103305206,3,1
2012-09-24 16:41:02.123823+00:00,6.58,14.38,21.91,2544.311029681385,15.010553177923835,-138.87172603409684,3,1
2012-09-24 16:49:02.123823+00:00,7.0,15.25,23.23,2245.501053243635,14.578422397263289,-139.73598759541792,3,1
2012-09-24 17:30:02.123823+00:00,40.0,40.0,40.0,2918.7858637183112,15.041494044524546,-138.8098443008954,3,1
2012-09-24 17:35:02.123823+00:00,40.0,40.0,40.0,2825.0411028960557,15.11447192803039,-138.66388853388372,4,1
2012-09-24 17:40:02.123823+00:00,5.09,11.24,17.16,2918.7858637183112,15.187449811536233,-138.517932766872,5,1
2012-09-24 17:45:02.123823+00:00,1.15,2.6,3.99,4007.849853296251,15.40503308447062,-138.08276622100323,4,1
2012-09-24 17:46:02.123823+00:00,1.15,2.6,3.99,4007.849853296251,15.40503308447062,-138.08276622100323,4,1
2012-09-24 17:51:02.123823+00:00,1.1,2.5,3.83,4215.73291778169,15.575681741962525,-137.74146890601946,4,1
2012-09-24 18:00:02.123823+00:00,1.05,2.39,3.66,4267.675400342748,15.853352600824168,-137.18612718829615,3,1
2012-09-24 18:06:02.123823+00:00,4.16,9.26,14.15,3688.325175279449,15.505688631467162,-137.88145512701016,4,1
2012-09-24 18:11:02.123823+00:00,4.18,9.29,14.2,2444.1535508169327,15.126420858456909,-138.6399906730307,4,1
2012-09-24 18:12:02.123823+00:00,4.19,9.33,14.26,2444.1535508169327,15.126420858456909,-138.6399906730307,4,1
2012-09-24 18:18:02.123823+00:00,4.26,9.47,14.48,1623.6353616757674,15.094817054803665,-138.70319828033718,3,1
2012-09-25 00:18:02.125365+00:00,4.06,9.03,13.81,3067.5096603182537,15.16643919327028,-138.58921221163797,3,1
2012-09-25 00:45:02.125365+00:00,3.99,8.89,13.58,4429.203871019689,16.203057717440416,-136.5159751632977,3,1
2012-09-25 01:13:02.125365+00:00,3.24,7.25,11.1,4768.972313230825,16.677896432606726,-135.5662977329651,3,1
2012-09-25 01:21:02.125365+00:00,2.74,6.17,9.44,4768.972313230825,16.677896432606726,-135.5662977329651,3,1
2012-09-25 01:29:02.125365+00:00,2.68,6.02,9.22,4768.972313230825,16.463862931326155,-135.99436473552623,3,1
2012-09-25 01:35:02.125365+00:00,2.59,5.82,8.91,4424.036993552044,16.036907379734565,-136.84827583870938,3,1
2012-09-25 02:31:02.125365+00:00,3.94,8.77,13.41,3714.732269686405,15.654674455362844,-137.61274168745285,3,1
2012-09-25 02:39:02.125365+00:00,3.78,8.43,12.89,4220.5527790696815,16.140855455089856,-136.6403796879988,3,1
2012-09-25 10:58:02.125365+00:00,0.25,0.57,0.88,3786.311756107848,16.239594827955088,-136.44290094226835,3,1
2012-09-25 11:03:02.125365+00:00,7.76,16.83,25.62,3228.4636765835858,16.23132429497327,-136.459442008232,4,1
2012-09-25 11:08:02.125365+00:00,7.81,16.92,25.76,2528.4970170046254,16.00420956599232,-136.9136714661939,6,1
2012-09-25 11:11:02.125365+00:00,7.63,16.55,25.2,2528.4970170046254,16.01248009897414,-136.89713040023025,6,1
2012-09-25 11:15:02.125365+00:00,8.16,17.63,26.84,2386.3784369499263,15.785365369993194,-137.35135985819215,5,1
2012-09-25 11:17:02.125365+00:00,4.24,9.44,14.42,2528.4970170046254,15.733404329839932,-137.45528193849867,6,1
2012-09-25 11:21:02.125365+00:00,18.98,39.32,40.0,2635.112056144583,15.733404329839932,-137.45528193849867,4,1
2012-09-25 11:26:02.125365+00:00,3.37,7.55,11.55,2933.8387552184768,16.01302382009277,-136.896042957993,4,1
2012-09-25 11:31:02.125365+00:00,3.81,8.51,13.01,3642.8403639620383,15.788820882812145,-137.34444883255424,4,1
2012-09-25 11:37:02.125365+00:00,4.14,9.22,14.09,4133.447946871569,15.68808963015698,-137.54591133786457,4,1
2012-09-25 11:38:02.125365+00:00,4.09,9.11,13.92,4133.447946871569,15.68808963015698,-137.54591133786457,4,1
2012-09-25 11:47:02.125365+00:00,4.78,10.6,16.19,3965.047000916776,15.479980784376346,-137.96212902942582,3,1
2012-09-25 13:43:02.126906+00:00,2.79,6.26,9.59,2470.1371291159307,14.804924427820437,-139.28250182120345,3,1
2012-09-25 13:49:02.126906+00:00,1.93,4.35,6.66,3269.20721723728,15.329268875212565,-138.23381292641915,3,1
2012-09-25 13:57:02.126906+00:00,0.03,0.05,0.05,3269.20721723728,15.74469419738492,-137.40296228207444,3,1
2012-09-25 14:03:02.126906+00:00,8.42,18.16,27.64,2549.736688269819,16.158668260559704,-136.5750141557249,3,1
2012-09-25 14:08:02.126906+00:00,3.83,8.54,13.06,2549.736688269819,16.402519939877553,-136.0873107970892,3,1
2012-09-25 14:13:02.126906+00:00,3.39,7.59,11.61,2481.503931884311,16.28059410021863,-136.33116247640703,4,1
2012-09-25 16:54:02.126906+00:00,5.44,11.99,18.31,2008.1744759892904,14.329224668661515,-140.23390133952125,3,1
2012-09-25 17:00:02.126906+00:00,5.01,11.07,16.9,2251.994770197222,14.726520450099525,-139.43930977664525,3,1
2012-09-25 17:05:02.126906+00:00,4.56,10.11,15.45,2596.848133914479,14.772558646029882,-139.34723338478452,3,1
2012-09-25 17:40:02.126906+00:00,3.12,6.99,10.7,4637.482301834749,16.83802001384034,-135.2163106491636,3,1
2012-09-25 17:46:02.126906+00:00,2.33,5.24,8.03,3888.723300686211,16.83802001384034,-135.2163106491636,3,1
2012-09-25 20:25:02.126906+00:00,4.77,10.56,16.13,6821.232166547413,17.096545695136417,-134.69925928657145,4,1
2012-09-25 20:30:02.126906+00:00,4.62,10.25,15.66,7387.868453092892,17.16158685238559,-134.5691769720731,4,1
2012-09-25 20:33:02.126906+00:00,4.78,10.6,16.19,6942.873197903073,16.97924079177223,-134.93386909329982,5,1
2012-09-25 20:38:02.126906+00:00,5.13,11.34,17.31,6346.491085979117,16.97924079177223,-134.93386909329982,5,1
2012-09-25 20:42:02.126906+00:00,25.87,40.0,40.0,6321.069314312252,17.076512063725538,-134.73932654939324,4,1
2012-09-25 20:47:02.126906+00:00,25.87,40.0,40.0,6321.069314312252,17.299812578330055,-134.2927255201842,4,1
2012-09-25 20:52:02.126906+00:00,4.07,9.07,13.87,5814.105928988162,17.301081905391214,-134.29018686606187,4,1
2012-09-25 20:58:02.126906+00:00,3.9,8.7,13.3,5161.694443359172,17.65924283351538,-133.57386500981357,3,1
2012-09-25 21:06:02.126906+00:00,4.23,9.4,14.37,5161.694443359172,17.65924283351538,-133.57386500981357,3,1
2012-09-25 21:12:02.126906+00:00,6.07,13.31,20.3,5841.791570073677,17.46772293850537,-133.95690479983355,3,1
2012-09-25 21:18:02.126906+00:00,6.14,13.47,20.54,5898.155467323379,17.27444119308087,-134.34346829068255,3,1
2012-09-25 21:24:02.126906+00:00,6.04,13.25,20.2,6627.814805410322,17.27444119308087,-134.34346829068255,3,1
2012-09-25 21:29:02.126906+00:00,7.4,16.08,24.5,6627.814805410322,17.30191748980642,-134.28851569723145,3,1
2012-09-25 21:37:02.126906+00:00,5.26,11.6,17.71,6844.137488456167,17.30191748980642,-134.28851569723145,3,1
2012-09-25 21:42:02.126906+00:00,8.99,19.33,29.39,6456.242263602026,17.23873732270825,-134.41487603142778,3,1
2012-09-25 21:51:02.126906+00:00,8.94,19.23,29.25,5522.85224516627,17.229830860019607,-134.4326889568051,3,1
2012-09-25 21:57:02.126906+00:00,9.36,20.09,30.54,5369.735198185181,17.095729220361825,-134.7008922361207,3,1
2012-09-25 22:15:02.126906+00:00,10.41,22.21,33.73,6122.520831161146,16.834397626779193,-135.22355542328592,3,1
2012-09-25 22:18:02.126906+00:00,10.33,22.05,33.48,6122.520831161146,16.834397626779193,-135.22355542328592,3,1
2012-09-25 22:22:02.126906+00:00,10.2,21.78,33.09,5877.176918280173,16.755801382763064,-135.38074791131817,4,1
2012-09-25 22:29:02.126906+00:00,3.35,7.51,11.48,5631.8330053991995,16.677205138746935,-135.53794039935045,3,1
2012-09-25 22:36:02.126906+00:00,5.23,11.54,17.61,5630.263650917032,16.584341889898283,-135.72366689704774,3,1
2012-09-25 22:41:02.126906+00:00,4.43,9.83,15.02,5630.263650917032,16.584341889898283,-135.72366689704774,3,1
2012-09-25 22:48:02.126906+00:00,11.6,24.6,37.33,5738.1285154437455,16.671194217801727,-135.54996224124085,4,1
2012-09-25 22:52:02.126906+00:00,11.82,25.06,38.01,5845.9933799704595,16.75804654570517,-135.37625758543396,3,1
2012-09-25 22:56:02.126906+00:00,12.11,25.63,38.87,5585.927129170788,16.58585755329365,-135.720635570257,4,1
2012-09-25 23:03:02.126906+00:00,4.88,10.8,16.5,4953.020263312227,16.33521383562705,-136.22192300559018,3,1
2012-09-25 23:09:02.126906+00:00,4.75,10.53,16.08,4079.53395694085,16.104614016947394,-136.6831226429495,3,1
2012-09-25 23:16:02.126906+00:00,5.2,11.47,17.51,3578.7470452017856,15.827576397455465,-137.23719788193335,3,1
2012-09-25 23:22:02.126906+00:00,6.16,13.5,20.59,2953.921860962716,15.236832325503372,-138.41868602583756,3,1
2012-09-26 00:09:02.128448+00:00,5.96,13.09,19.96,3444.9658882934955,15.406933963371907,-141.52806299872557,3,1
2012-09-26 00:15:02.128448+00:00,6.11,13.4,20.44,3447.814460171946,15.337125390073336,-141.66768014532272,4,1
2012-09-26 00:19:02.128448+00:00,6.19,13.56,20.68,3450.663032050397,15.26731681677476,-141.80729729191987,3,1
2012-09-26 00:25:02.128448+00:00,6.2,13.59,20.73,3080.0690209432546,15.19385697762323,-141.95421697022292,5,1
2012-09-26 00:29:02.128448+00:00,6.37,13.94,21.25,3080.0690209432546,14.904897768191985,-142.53213538908545,3,1
2012-09-26 00:35:02.128448+00:00,5.13,11.34,17.31,2975.229781308163,14.889790150527144,-142.5623506244151,4,1
2012-09-26 00:39:02.128448+00:00,5.13,11.34,17.31,2975.229781308163,14.889790150527144,-142.5623506244151,4,1
2012-09-26 00:42:02.128448+00:00,4.93,10.9,16.65,4464.264111672306,15.829110892792112,-140.68370913988514,4,1
2012-09-26 01:12:02.128448+00:00,2.18,4.9,7.51,5895.945904733788,17.52437106000595,-137.29318880545748,3,1
2012-09-26 01:19:02.128448+00:00,0.76,1.73,2.65,4484.135736838302,16.28357169589029,-139.7747875336888,3,1
2012-09-26 01:50:02.128448+00:00,3.95,8.81,13.47,9907.481813304228,17.894174128553452,-136.55358266836248,3,1
2012-09-26 01:54:02.128448+00:00,3.88,8.66,13.24,9907.481813304228,17.894174128553452,-136.55358266836248,3,1
2012-09-26 02:01:02.128448+00:00,5.4,11.9,18.16,6196.709717607126,16.930151618411777,-138.48162768864583,3,1
2012-09-26 02:10:02.128448+00:00,5.24,11.57,17.66,5982.920371227703,16.682632222390122,-138.97666648068912,3,1
2012-09-26 02:34:02.128448+00:00,5.5,12.12,18.5,4953.493293797118,16.41609980105564,-139.5097313233581,3,1
2012-09-26 02:37:02.128448+00:00,5.5,12.12,18.5,4953.493293797118,16.41609980105564,-139.5097313233581,3,1
2012-09-26 02:41:02.128448+00:00,5.6,12.32,18.8,4579.773605121665,16.231665502524066,-139.8785999204213,4,1
2012-09-26 02:48:02.128448+00:00,5.75,12.64,19.29,3947.543061646099,15.847467698740545,-140.64699552798828,4,1
2012-09-26 02:53:02.128448+00:00,5.95,13.06,19.92,4206.0539164462125,16.04723120399249,-140.2474685174844,3,1
2012-09-26 02:55:02.128448+00:00,5.98,13.12,20.01,4206.0539164462125,16.04723120399249,-140.2474685174844,3,1
2012-09-26 14:19:02.129990+00:00,2.52,5.67,8.68,2680.9705329001963,13.705225155832274,-137.4228760874717,3,1
2012-09-26 14:23:02.129990+00:00,3.1,6.95,10.63,2499.0214956161626,13.7312896716203,-137.37074705589566,4,1
2012-09-26 14:28:02.129990+00:00,3.49,7.79,11.92,2317.07245833213,13.705225155832274,-137.4228760874717,5,1
2012-09-26 14:32:02.129990+00:00,3.81,8.51,13.01,2499.0214956161626,13.7312896716203,-137.37074705589566,4,1
2012-09-26 14:37:02.129990+00:00,4.29,9.55,14.59,2317.07245833213,13.757354187408326,-137.3186180243196,3,1
2012-09-26 18:49:02.129990+00:00,5.9,12.96,19.77,2679.290567294732,13.750113458626236,-137.33309948188378,3,1
2012-09-26 18:54:02.129990+00:00,5.86,12.86,19.63,2679.290567294732,13.750113458626236,-137.33309948188378,3,1
2012-09-26 18:59:02.129990+00:00,5.6,12.32,18.8,2679.290567294732,13.750113458626236,-137.33309948188378,3,1
2012-09-27 07:04:02.121532+00:00,4.19,9.33,14.26,3938.4866652576766,15.34672391305874,-135.00334590561636,4,1
2012-09-27 07:08:02.121532+00:00,3.97,8.85,13.53,5099.886659796627,16.518837521269386,-132.65911868919503,4,1
2012-09-27 07:12:02.121532+00:00,3.97,8.85,13.53,5505.959984201599,16.745366328240173,-132.2060610752535,5,1
2012-09-27 07:18:02.121532+00:00,3.67,8.19,12.53,7278.280440166376,16.650074504561235,-132.39664472261137,4,1
2012-09-27 07:21:02.121532+00:00,3.67,8.19,12.53,7278.280440166376,16.650074504561235,-132.39664472261137,4,1
2012-09-27 07:25:02.121532+00:00,3.51,7.84,11.98,7278.280440166376,16.650074504561235,-132.39664472261137,4,1
2012-09-27 07:31:02.121532+00:00,2.4,5.41,8.28,6417.390000314979,16.369780643878237,-132.95723244397738,4,1
2012-09-27 07:36:02.121532+00:00,0.95,2.15,3.29,4410.6353443287935,15.859496019654838,-133.97780169242418,3,1
2012-09-27 07:43:02.121532+00:00,1.28,2.9,4.44,4410.6353443287935,15.859496019654838,-133.97780169242418,3,1
2012-09-27 07:52:02.121532+00:00,2.45,5.51,8.44,5136.107334716392,15.859496019654838,-133.97780169242418,3,1
2012-09-27 08:01:02.121532+00:00,1.48,3.34,5.11,5284.867749847621,16.102796988000126,-133.4911997557336,3,1
2012-09-27 08:07:02.121532+00:00,2.63,5.92,9.06,5751.289789360936,15.792135056135445,-134.11252361946296,3,1
2012-09-27 08:35:02.121532+00:00,1.1,2.5,3.83,5037.0608269614895,15.465710620861705,-134.76537249001044,3,1
2012-09-27 08:41:02.121532+00:00,4.85,10.73,16.39,2969.457669223713,14.25414587824737,-137.18850197523912,4,1
2012-09-27 08:46:02.121532+00:00,4.88,10.8,16.5,2330.045147983401,13.925006915999584,-137.84677989973468,4,1
2012-09-27 08:50:02.121532+00:00,4.93,10.9,16.65,2330.045147983401,13.925006915999584,-137.84677989973468,4,1
2012-09-27 08:55:02.121532+00:00,5.18,11.44,17.46,2328.307267347683,13.916332117446528,-137.8641294968408,3,1
2012-09-28 12:13:02.126158+00:00,16.8,34.99,40.0,7826.723956566464,22.581153886159647,-124.74125900842604,4,2
2012-09-28 12:14:02.126158+00:00,16.8,34.99,40.0,7826.723956566464,22.581153886159647,-124.74125900842604,4,2
2012-09-29 19:30:02.129242+00:00,2.81,6.31,9.66,1815.9955921428336,14.390946818342568,-141.3133412922647,3,1
2012-09-29 19:36:02.129242+00:00,2.92,6.54,10.01,2156.4893103705663,15.28544891086156,-139.5243371072267,3,1
2012-09-30 05:30:02.120784+00:00,4.69,10.39,15.87,2575.7451246824985,14.56037943747178,-138.5184894088457,3,1
2012-09-30 05:34:02.120784+00:00,4.54,10.08,15.4,2976.0681961453765,14.814128496047124,-138.010991291695,4,1
2012-09-30 05:38:02.120784+00:00,3.99,8.89,13.58,3376.3912676082546,15.067877554622468,-137.50349317454433,5,1
2012-09-30 05:43:02.120784+00:00,4.07,9.07,13.87,3425.9783822126096,15.38620849736128,-136.86683128906674,5,1
2012-09-30 05:48:02.120784+00:00,4.06,9.03,13.81,4220.781377657294,15.749142141045276,-136.14096400169873,4,1
2012-09-30 05:51:02.120784+00:00,3.6,8.04,12.29,3754.3696230545615,15.52184269497684,-136.5955628938356,5,1
2012-09-30 05:56:02.120784+00:00,3.34,7.46,11.42,4059.982791358054,15.52184269497684,-136.5955628938356,5,1
2012-09-30 06:01:02.120784+00:00,2.68,6.02,9.22,4316.3497840531845,15.979508462150424,-135.68023135948843,5,1
2012-09-30 06:04:02.120784+00:00,0.69,1.57,2.41,4279.281188262647,16.27120625478917,-135.09683577421094,5,1
2012-09-30 06:08:02.120784+00:00,0.0,0.02,0.04,4059.982791358054,15.52184269497684,-136.5955628938356,5,1
2012-09-30 06:13:02.120784+00:00,0.0,0.02,0.04,4059.982791358054,15.501334000467848,-136.63658028285357,5,1
2012-09-30 06:17:02.120784+00:00,0.0,0.01,0.04,3918.735684860684,15.501334000467848,-136.63658028285357,5,1
2012-09-30 06:21:02.120784+00:00,0.01,0.02,0.02,3812.3229633881288,15.425834480598438,-136.78757932259242,5,1
2012-09-30 06:26:02.120784+00:00,3.76,8.39,12.83,3131.699317738231,15.05702074267558,-137.52520679843812,5,1
2012-09-30 06:30:02.120784+00:00,4.23,9.4,14.37,3131.699317738231,15.05702074267558,-137.52520679843812,5,1
2012-09-30 06:35:02.120784+00:00,4.26,9.47,14.48,3131.699317738231,15.05702074267558,-137.52520679843812,5,1
2012-09-30 06:39:02.120784+00:00,4.82,10.66,16.29,3449.630865770965,15.527295401701796,-136.5846574803857,5,1
2012-09-30 06:43:02.120784+00:00,5.38,11.86,18.11,3501.565783574212,15.613969548028448,-136.4113091877324,5,1
2012-09-30 06:47:02.120784+00:00,5.75,12.64,19.29,3501.565783574212,15.613969548028448,-136.4113091877324,5,1
2012-09-30 06:51:02.120784+00:00,5.92,12.99,19.82,3449.630865770965,15.527295401701796,-136.5846574803857,5,1
2012-09-30 06:56:02.120784+00:00,6.26,13.72,20.92,3193.091803573306,15.39702879912634,-136.8451906855366,5,1
2012-09-30 07:00:02.120784+00:00,6.23,13.66,20.82,2872.2128944804463,15.12882418003649,-137.3815999237163,5,1
2012-09-30 07:03:02.120784+00:00,6.22,13.62,20.78,2504.768486858028,14.863529074701209,-137.91219013438686,5,1
2012-09-30 07:08:02.120784+00:00,6.38,13.97,21.3,2363.8857676203634,14.706032732814156,-138.22718281816097,5,1
2012-09-30 07:12:02.120784+00:00,6.5,14.22,21.68,1999.2535034032237,14.266463434772527,-139.10632141424423,4,1
2012-09-30 07:17:02.120784+00:00,6.28,13.75,20.97,1634.6212391860834,13.826894136730898,-139.98546001032747,3,1
2012-09-30 08:22:02.120784+00:00,5.09,11.24,17.16,2964.8596530409654,14.667879900862587,-138.3034884820641,3,1
2012-09-30 08:27:02.120784+00:00,5.24,11.57,17.66,3278.6776934840555,15.22787910969804,-137.1834900643932,3,1
2012-09-30 08:33:02.120784+00:00,5.15,11.37,17.36,3278.6776934840555,15.22787910969804,-137.1834900643932,3,1
2012-09-30 08:38:02.120784+00:00,6.13,13.44,20.49,3278.6776934840555,15.22787910969804,-137.1834900643932,3,1
2012-09-30 08:43:02.120784+00:00,6.11,13.4,20.44,3223.424791828359,15.148075594090384,-137.34309709560853,4,1
2012-10-02 13:40:02.128494+00:00,8.85,19.04,28.96,9053.661204023156,23.083587182605857,-118.28314143337776,3,1
2012-10-02 13:41:02.128494+00:00,8.85,19.04,28.96,9053.661204023156,23.083587182605857,-118.28314143337776,3,2
2012-10-03 15:37:02.121578+00:00,5.76,12.67,19.34,4506.094274563355,16.117880745037414,-139.65193388715534,3,1
2012-10-03 15:41:02.121578+00:00,5.86,12.86,19.63,4222.782521195373,16.039016104230626,-139.8096631687689,4,1
2012-10-03 15:46:02.121578+00:00,5.86,12.86,19.63,4222.782521195373,16.039016104230626,-139.8096631687689,4,1
2012-10-03 15:50:02.121578+00:00,6.05,13.28,20.25,3633.4327895432007,15.82101311276102,-140.2456691517081,4,1
2012-10-04 03:26:02.123120+00:00,4.13,9.18,14.04,6507.4423718881735,17.002455128120133,-134.1106603662953,3,1
2012-10-04 03:35:02.123120+00:00,3.65,8.16,12.47,6298.054012268761,17.002455128120133,-134.1106603662953,3,1
2012-10-04 03:42:02.123120+00:00,4.24,9.44,14.42,6103.2468911027145,16.820824498771145,-134.47392162499327,4,1
2012-10-04 03:47:02.123120+00:00,4.29,9.55,14.59,5908.439769936668,16.639193869422154,-134.83718288369124,3,1
2012-10-04 03:51:02.123120+00:00,4.24,9.44,14.42,5725.473175008639,16.46931974510492,-135.1769311323257,4,1
2012-10-04 03:59:02.123120+00:00,4.04,9.0,13.75,5556.377761847816,16.116154920065725,-135.8832607824041,4,1
2012-10-04 04:03:02.123120+00:00,3.56,7.96,12.17,5349.4432513202155,16.073289641438805,-135.96899133965795,3,1
2012-10-04 04:08:02.123120+00:00,3.02,6.77,10.36,5534.2815102407985,16.116154920065725,-135.8832607824041,4,1
2012-10-04 04:14:02.123120+00:00,3.0,6.73,10.29,5763.312272375418,16.23092317484504,-135.6537242728455,3,1
2012-10-04 04:20:02.123120+00:00,3.06,6.86,10.5,6249.672016270968,16.444537268953148,-135.22649608462925,4,1
2012-10-04 04:25:02.123120+00:00,3.34,7.46,11.42,6780.224263380553,16.65815136306126,-134.79926789641303,3,1
2012-10-04 04:29:02.123120+00:00,3.32,7.42,11.36,6079.367387448807,16.35735186699919,-135.40086688853717,4,1
2012-10-04 04:36:02.123120+00:00,2.5,5.62,8.6,5103.393850115946,15.992352298103224,-136.1308660263291,3,1
2012-10-04 04:41:02.123120+00:00,2.77,6.22,9.51,4148.2547821519765,15.517600471990168,-137.0803696785552,4,1
2012-10-04 04:46:02.123120+00:00,3.12,6.99,10.7,3354.142528480115,15.097525372611376,-137.92051987731278,5,1
2012-10-04 04:51:02.123120+00:00,3.41,7.63,11.67,3354.142528480115,15.097525372611376,-137.92051987731278,5,1
2012-10-04 04:54:02.123120+00:00,3.58,8.0,12.23,3292.9096987433304,15.006831860613108,-138.10190690130932,4,1
2012-10-04 05:00:02.123120+00:00,4.51,10.01,15.29,3079.838850022462,14.959176119206717,-138.1972183841221,4,1
2012-10-04 05:04:02.123120+00:00,4.72,10.46,15.98,2928.000831038377,14.820826865802058,-138.47391689093143,3,1
2012-10-04 13:40:02.124662+00:00,4.91,10.87,16.6,1642.5376891699575,13.702006970136043,-143.03330156294518,3,1
2012-10-04 13:45:02.124662+00:00,4.72,10.46,15.98,1646.1012244697326,13.742571878284906,-142.95217174664748,4,1
2012-10-04 13:50:02.124662+00:00,2.85,6.4,9.8,1646.1012244697326,13.742571878284906,-142.95217174664748,4,1
2012-10-04 13:54:02.124662+00:00,2.59,5.82,8.91,1649.6647597695076,13.702006970136043,-143.03330156294518,3,1
2012-10-04 14:14:02.124662+00:00,4.21,9.36,14.31,2225.372697446799,14.370606167783428,-141.69610316765042,4,1
2012-10-04 14:18:02.124662+00:00,4.36,9.69,14.81,2184.150016967394,14.303540160733236,-141.8302351817508,3,1
2012-10-04 14:23:02.124662+00:00,4.34,9.65,14.75,2184.150016967394,14.303540160733236,-141.8302351817508,3,1
2012-10-06 11:36:02.129287+00:00,5.95,13.06,19.92,2606.586751714066,14.85253454773201,-140.36320723706535,3,1
2012-10-06 11:40:02.129287+00:00,5.78,12.7,19.38,2730.237081499039,14.904666355014324,-140.25894362250074,4,1
2012-10-06 11:44:02.129287+00:00,6.59,14.41,21.96,2730.237081499039,14.904666355014324,-140.25894362250074,4,1
2012-10-06 11:48:02.129287+00:00,6.19,13.56,20.68,2903.9082118653932,15.062125685775026,-139.94402496097933,4,1
2012-10-06 11:54:02.129287+00:00,6.22,13.62,20.78,2953.9290124467743,14.95679816229664,-140.15468000793612,3,1
2012-10-06 12:17:02.120829+00:00,23.5,40.0,40.0,2644.501236748497,15.32240694299153,-136.94858086154676,3,1
2012-10-06 12:40:02.120829+00:00,3.81,8.51,13.01,3874.663003397605,16.33899100386229,-134.91541273980522,3,1
2012-10-06 12:47:02.120829+00:00,4.16,9.26,14.15,3502.306159065067,16.119549313264624,-135.35429612100057,3,1
2012-10-06 12:54:02.120829+00:00,15.9,33.2,40.0,3230.301862727252,16.209311726998084,-135.17477129353364,5,1
2012-10-06 12:58:02.120829+00:00,15.9,33.2,40.0,2892.5201563081932,16.209311726998084,-135.17477129353364,5,2
2012-10-06 13:01:02.120829+00:00,15.9,33.2,40.0,2892.5201563081932,16.209311726998084,-135.17477129353364,5,1
2012-10-06 13:07:02.120829+00:00,15.9,33.2,40.0,2872.2888047827205,16.209311726998084,-135.17477129353364,5,1
2012-10-06 13:12:02.120829+00:00,3.92,8.73,13.35,2683.457956293216,15.944923618652616,-135.70354751022455,3,1
2012-10-06 13:17:02.120829+00:00,40.0,40.0,40.0,2643.420469742171,16.295358996453935,-135.00267675462194,6,1
2012-10-06 13:23:02.120829+00:00,40.0,40.0,40.0,2683.457956293216,16.42065337555814,-134.75208799641354,5,1
2012-10-06 13:24:02.120829+00:00,3.85,8.58,13.12,2950.5924776383513,17.011036239501742,-133.57132226852633,6,1
2012-10-06 13:25:02.120829+00:00,3.85,8.58,13.12,2950.5924776383513,17.011036239501742,-133.57132226852633,6,1
2012-10-06 13:29:02.120829+00:00,3.87,8.62,13.18,3270.7240674235063,17.011036239501742,-133.57132226852633,6,1
2012-10-06 13:33:02.120829+00:00,3.85,8.58,13.12,3217.7269989834867,16.42065337555814,-134.75208799641354,7,1
2012-10-06 13:39:02.120829+00:00,4.7,10.42,15.92,3323.721135863526,16.209100033481526,-135.17519468056673,5,1
2012-10-06 13:43:02.120829+00:00,4.7,10.42,15.92,3323.721135863526,16.209100033481526,-135.17519468056673,5,1
2012-10-06 13:47:02.120829+00:00,4.14,9.22,14.09,2924.61803421666,15.665475797346332,-136.26244315283714,5,1
2012-10-06 13:48:02.120829+00:00,4.14,9.22,14.09,2924.61803421666,15.665475797346332,-136.26244315283714,5,1
2012-10-06 13:55:02.120829+00:00,4.54,10.08,15.4,2342.6507132293455,14.907649633717638,-137.77809548009452,4,1
2012-10-06 14:01:02.120829+00:00,5.44,11.99,18.31,2229.9721616553948,14.816666331502232,-137.96006208452533,3,1
2012-10-06 14:09:02.120829+00:00,6.1,13.37,20.39,2113.97674675827,14.97900391592929,-137.63538691567123,4,1
2012-10-06 14:14:02.120829+00:00,5.76,12.67,19.34,1977.799101891948,15.715860970164806,-136.1616728072002,4,1
2012-10-06 14:16:02.120829+00:00,5.76,12.67,19.34,1977.799101891948,15.715860970164806,-136.1616728072002,4,1
2012-10-06 14:23:02.120829+00:00,5.27,11.63,17.76,1725.626042128501,16.195750261027563,-135.2018942254747,3,1
2012-10-06 16:11:02.120829+00:00,17.26,35.89,40.0,6623.32335018215,21.85763499761499,-123.8781247522998,4,1
2012-10-06 16:12:02.120829+00:00,17.26,35.89,40.0,6623.32335018215,21.85763499761499,-123.8781247522998,4,3
2012-10-07 08:25:02.122371+00:00,5.61,12.35,18.85,2110.563707937426,14.26976758119614,-140.99747788979295,3,1
2012-10-07 08:28:02.122371+00:00,5.58,12.29,18.75,2201.331711721271,14.28310231485073,-140.97080842248377,4,1
2012-10-07 08:32:02.122371+00:00,5.47,12.06,18.41,2292.0997155051155,14.296437048505318,-140.9441389551746,5,1
2012-10-07 08:35:02.122371+00:00,5.1,11.27,17.21,2456.423414855044,14.748069168456732,-140.04087471527174,5,1
2012-10-07 08:39:02.122371+00:00,33.04,40.0,40.0,3652.0606844300705,15.71171849798578,-138.11357605621365,9,1
2012-10-07 08:43:02.122371+00:00,33.04,40.0,40.0,4088.590724566514,17.140073389712356,-135.25686627276053,9,1
2012-10-07 08:46:02.122371+00:00,33.04,40.0,40.0,4391.314933980642,17.140073389712356,-135.25686627276053,9,1
2012-10-07 08:48:02.122371+00:00,33.04,40.0,40.0,4690.283397750556,17.113494191252254,-135.31002466968073,10,3
2012-10-07 08:49:02.122371+00:00,33.04,40.0,40.0,4690.283397750556,17.113494191252254,-135.31002466968073,10,1
2012-10-07 08:50:02.122371+00:00,33.04,40.0,40.0,4989.251861520469,17.140073389712356,-135.25686627276053,9,1
2012-10-07 08:54:02.122371+00:00,33.04,40.0,40.0,5543.275618025032,17.140073389712356,-135.25686627276053,9,1
2012-10-07 08:58:02.122371+00:00,29.48,40.0,40.0,5405.981760797467,17.113494191252254,-135.31002466968073,8,1
2012-10-07 09:01:02.122371+00:00,3.62,8.08,12.35,5268.687903569904,16.653354203211023,-136.23030464576317,5,1
2012-10-07 09:05:02.122371+00:00,3.74,8.35,12.77,5405.981760797467,16.765666582581588,-136.00567988702204,6,1
2012-10-07 09:08:02.122371+00:00,3.97,8.85,13.53,5268.687903569904,16.673911408969534,-136.18919023424615,5,1
2012-10-07 09:12:02.122371+00:00,4.23,9.4,14.37,5207.148401582033,16.755387979702334,-136.02623709278055,6,1
2012-10-07 09:15:02.122371+00:00,4.06,9.03,13.81,4978.509637474477,16.746287156626906,-136.0444387389314,6,1
2012-10-07 09:18:02.122371+00:00,3.95,8.81,13.47,5145.608899594162,16.857421756193645,-135.82216953979793,7,1
2012-10-07 09:22:02.122371+00:00,4.29,9.55,14.59,5058.284842412771,16.822562516221822,-135.89188801974157,6,1
2012-10-07 09:25:02.122371+00:00,4.23,9.4,14.37,5305.15930947075,16.787703276250003,-135.96160649968522,5,1
2012-10-07 09:28:02.122371+00:00,4.09,9.11,13.92,5343.009003997711,16.711427916655083,-136.11415721887505,6,1
2012-10-07 09:31:02.122371+00:00,4.23,9.4,14.37,5464.927164565788,16.840812622080467,-135.8553878080243,6,1
2012-10-07 09:36:02.122371+00:00,4.56,10.11,15.45,5398.525931201428,16.92566600834065,-135.68568103550393,5,1
2012-10-07 09:40:02.122371+00:00,4.54,10.08,15.4,5636.580323214408,16.921953098881392,-135.69310685442244,6,1
2012-10-07 09:43:02.122371+00:00,4.44,9.87,15.08,5636.580323214408,16.921953098881392,-135.69310685442244,6,1
2012-10-07 09:46:02.122371+00:00,4.56,10.11,15.45,5617.251176343448,16.92566600834065,-135.68568103550393,5,1
2012-10-07 09:50:02.122371+00:00,4.54,10.08,15.4,5456.613257482351,16.812771990093335,-135.91146907199857,6,1
2012-10-07 09:53:02.122371+00:00,4.54,10.08,15.4,5306.793647217726,16.65425167910128,-136.22850969398266,6,1
2012-10-07 09:56:02.122371+00:00,4.64,10.29,15.71,5306.793647217726,16.65425167910128,-136.22850969398266,6,1
2012-10-07 10:00:02.122371+00:00,5.13,11.34,17.31,4373.8535995164775,16.275293528080777,-136.98642599602368,6,1
2012-10-07 10:03:02.122371+00:00,5.15,11.37,17.36,4011.4244293099055,16.095931506695027,-137.34515003879517,5,1
2012-10-07 10:06:02.122371+00:00,5.13,11.34,17.31,3849.7187142265984,15.937648686610167,-137.66171567896487,6,1
2012-10-07 10:10:02.122371+00:00,5.99,13.15,20.06,3588.2317456432647,15.743519101254936,-138.04997484967535,5,1
2012-10-07 10:13:02.122371+00:00,5.92,12.99,19.82,3588.2317456432647,15.743519101254936,-138.04997484967535,5,1
2012-10-07 10:17:02.122371+00:00,5.92,12.99,19.82,3457.6895074623426,15.566052495817468,-138.40490806055027,5,1
2012-10-07 10:21:02.122371+00:00,5.92,12.99,19.82,3155.922132521638,15.27475063074638,-138.98751179069245,5,1
2012-10-07 10:24:02.122371+00:00,6.04,13.25,20.2,3155.922132521638,15.27475063074638,-138.98751179069245,5,1
2012-10-07 10:28:02.122371+00:00,6.07,13.31,20.3,2891.304971697064,15.091683953004974,-139.35364514617527,5,1
2012-10-07 10:33:02.122371+00:00,6.19,13.56,20.68,2687.0381273962903,15.003772237693925,-139.52946857679737,5,1
2012-10-07 10:37:02.122371+00:00,6.47,14.16,21.58,2221.9567097571885,14.553633163010806,-140.4297467261636,4,1
2012-10-07 10:40:02.122371+00:00,6.53,14.28,21.77,1756.875292118087,14.10349408832769,-141.33002487552983,3,1
2012-10-08 05:44:02.125455+00:00,3.69,8.23,12.59,2089.215020193054,13.689763717805334,-138.49535753369946,3,1
2012-10-08 05:52:02.125455+00:00,3.8,8.47,12.95,2538.4859716594624,14.469213418943845,-136.93645813142246,3,1
2012-10-08 05:57:02.125455+00:00,4.09,9.11,13.92,2544.418588458871,14.469213418943845,-136.93645813142246,3,1
2012-10-08 06:04:02.125455+00:00,3.69,8.23,12.59,2544.418588458871,14.390625005384694,-137.09363495854075,3,1
2012-10-08 06:11:02.125455+00:00,3.54,7.92,12.11,2544.418588458871,14.390625005384694,-137.09363495854075,3,1
2012-10-08 06:17:02.125455+00:00,3.26,7.3,11.16,2519.202169592729,14.390625005384694,-137.09363495854075,3,1
2012-10-08 06:23:02.125455+00:00,3.49,7.79,11.92,2279.935156867723,14.331909755438348,-137.21106545843344,3,1
2012-10-08 06:28:02.125455+00:00,3.95,8.81,13.47,2279.935156867723,14.331909755438348,-137.21106545843344,3,1
2012-10-08 06:33:02.125455+00:00,9.35,20.06,30.5,2464.5652333470453,14.572905660867407,-136.72907364757532,3,1
2012-10-08 06:38:02.125455+00:00,13.96,29.33,40.0,2372.250195107385,14.645369360396844,-136.58414624851645,4,1
2012-10-08 06:58:02.125455+00:00,4.36,9.69,14.81,2389.4564344386217,18.311128271127043,-129.25262842705607,13,1
2012-10-08 07:01:02.125455+00:00,19.82,40.0,40.0,3027.40042450441,18.72179011467803,-128.4313047399541,20,1
2012-10-08 07:03:02.125455+00:00,20.37,40.0,40.0,3487.4795675703144,19.053144962557056,-127.76859504419602,26,1
2012-10-08 07:04:02.125455+00:00,20.67,40.0,40.0,3698.122833758677,20.09531418004579,-125.68425660921858,29,1
2012-10-08 07:05:02.125455+00:00,19.37,40.0,40.0,3966.681287695482,20.202102931415133,-125.47067910647988,32,3
2012-10-08 07:06:02.125455+00:00,33.55,40.0,40.0,4893.432279468394,20.22937896694384,-125.41612703542248,35,1
2012-10-08 07:07:02.125455+00:00,33.55,40.0,40.0,5049.173967113627,20.22937896694384,-125.41612703542248,37,3
2012-10-08 07:08:02.125455+00:00,34.16,40.0,40.0,5126.632283672647,20.264781327111457,-125.34532231508724,39,3
2012-10-08 07:09:02.125455+00:00,18.34,38.05,40.0,5701.192939302959,20.392353470666123,-125.09017802797788,41,3
2012-10-08 07:10:02.125455+00:00,17.98,37.33,40.0,5779.279892723793,20.412161416431953,-125.05056213644625,44,2
2012-10-08 07:11:02.125455+00:00,18.19,37.74,40.0,5126.632283672647,20.408237875888304,-125.05840921753354,47,3
2012-10-08 07:12:02.125455+00:00,18.13,37.64,40.0,5049.173967113627,20.392353470666123,-125.09017802797788,49,3
2012-10-08 07:13:02.125455+00:00,18.11,37.59,40.0,4900.055475769269,20.264781327111457,-125.34532231508724,51,2
2012-10-08 07:14:02.125455+00:00,18.06,37.48,40.0,4896.743877618832,20.262094241919417,-125.3506964854713,52,3
2012-10-08 07:15:02.125455+00:00,18.01,37.38,40.0,4896.743877618832,20.262094241919417,-125.3506964854713,52,3
2012-10-08 07:16:02.125455+00:00,18.06,37.48,40.0,4896.743877618832,20.262094241919417,-125.3506964854713,52,2
2012-10-08 07:17:02.125455+00:00,18.03,37.43,40.0,4900.055475769269,20.264781327111457,-125.34532231508724,51,3
2012-10-08 07:18:02.125455+00:00,17.93,37.23,40.0,5049.173967113627,20.392353470666123,-125.09017802797788,47,3
2012-10-08 07:19:02.125455+00:00,17.85,37.08,40.0,5375.183453208293,20.404219213820863,-125.0664465416684,44,3
2012-10-08 07:20:02.125455+00:00,33.23,40.0,40.0,4900.055475769269,20.4160849569756,-125.04271505535894,43,2
2012-10-08 07:21:02.125455+00:00,17.7,36.78,40.0,4249.218803405122,20.356661715586835,-125.16156153813648,42,3
2012-10-08 07:22:02.125455+00:00,33.36,40.0,40.0,4177.040434350235,20.259407156727377,-125.3560706558554,41,3
2012-10-08 07:23:02.125455+00:00,17.35,36.09,40.0,4099.2577116406665,20.05658318931513,-125.76171859067988,39,2
2012-10-08 07:24:02.125455+00:00,33.49,40.0,40.0,3684.8194742880114,19.427486478240603,-127.01991201282894,38,2
2012-10-08 07:25:02.125455+00:00,33.42,40.0,40.0,3318.1314453054297,19.21712040709526,-127.44064415511964,35,3
2012-10-08 07:27:02.125455+00:00,15.95,33.29,40.0,3280.024100575423,18.789881801506944,-128.29512136629626,30,1
2012-10-08 07:30:02.125455+00:00,26.98,40.0,40.0,2638.8817016447047,18.34439708651079,-129.18609079628857,22,2
2012-10-08 07:31:02.125455+00:00,16.33,34.06,40.0,2528.9345478860105,18.21245071060127,-129.4499835481076,19,1
2012-10-08 07:32:02.125455+00:00,15.68,32.76,40.0,2508.2616645026465,17.99886406786956,-129.877156833571,16,2
2012-10-08 07:33:02.125455+00:00,7.75,16.8,25.57,2508.2616645026465,17.92248536846507,-130.02991423238,14,1
2012-10-08 07:34:02.125455+00:00,7.61,16.52,25.15,2461.313534940002,17.89037927273197,-130.0941264238462,12,1
2012-10-08 07:45:02.125455+00:00,20.22,40.0,40.0,1741.879480716938,14.88043499762498,-136.11401497406018,3,1
2012-10-08 07:48:02.125455+00:00,16.94,35.27,40.0,1741.879480716938,14.88043499762498,-136.11401497406018,3,1
2012-10-08 07:51:02.125455+00:00,10.64,22.68,34.44,1678.932359287164,14.536624038821508,-136.80163689166713,4,1
2012-10-10 00:44:02.121623+00:00,24.66,40.0,40.0,1799.5817463232604,16.309064134338616,-131.6442000667251,3,1
2012-10-10 00:45:02.121623+00:00,24.66,40.0,40.0,1799.5817463232604,16.309064134338616,-131.6442000667251,3,1
2012-10-10 00:47:02.121623+00:00,24.55,40.0,40.0,1799.5817463232604,16.309064134338616,-131.6442000667251,3,1
2012-10-10 20:54:02.123165+00:00,5.6,12.32,18.8,2747.1746106162514,15.482377566788772,-140.94525123123216,3,1
2012-10-10 21:01:02.123165+00:00,5.29,11.67,17.81,4508.20699380129,16.61794159867183,-138.67412316746604,3,1
2012-10-10 21:07:02.123165+00:00,5.3,11.7,17.86,6277.471869457718,16.844145890451646,-138.2217145839064,3,1
2012-10-10 21:13:02.123165+00:00,3.85,8.58,13.12,6817.273117195581,17.45470185468292,-137.00060265544386,3,1
2012-10-10 21:54:02.123165+00:00,4.7,10.42,15.92,5576.027162791689,17.333314341747634,-137.24337768131443,3,1
2012-10-11 00:14:02.124707+00:00,8.77,18.89,28.73,2349.5291690986764,14.978500663165836,-142.5840299647469,3,1
2012-10-11 00:19:02.124707+00:00,9.3,19.96,30.35,2961.3734717904945,15.730673874886136,-141.0796835413063,3,1
2012-10-11 00:26:02.124707+00:00,8.51,18.35,27.92,2992.501451639419,15.64946339742593,-141.24210449622672,4,1
2012-10-11 00:33:02.124707+00:00,8.8,18.95,28.82,2961.3734717904945,15.568252919965722,-141.40452545114712,3,1
2012-10-11 00:35:02.124707+00:00,10.13,21.65,32.89,2992.501451639419,15.64946339742593,-141.24210449622672,4,1
2012-10-11 00:44:02.124707+00:00,9.24,19.84,30.16,3159.2145349089997,15.925859722591102,-140.68931184589638,3,1
2012-10-11 00:52:02.124707+00:00,9.68,20.74,31.51,3159.2145349089997,15.925859722591102,-140.68931184589638,3,1
2012-10-11 01:01:02.124707+00:00,8.42,18.16,27.64,2353.7863652325036,15.146173435453978,-142.2486844201706,3,1
2012-10-11 01:08:02.124707+00:00,9.16,19.68,29.92,2070.01655899175,14.889454122229996,-142.76212304661857,3,1
2012-10-12 22:19:02.129333+00:00,3.54,7.92,12.11,2118.1142743387945,17.165302955192566,-129.76710402705186,10,1
2012-10-12 22:20:02.129333+00:00,3.43,7.67,11.74,2118.1142743387945,17.165302955192566,-129.76710402705186,10,1
2012-10-12 22:21:02.129333+00:00,3.51,7.84,11.98,2118.1142743387945,17.165302955192566,-129.76710402705186,10,2
2012-10-12 22:22:02.129333+00:00,3.51,7.84,11.98,2118.1142743387945,17.165302955192566,-129.76710402705186,10,1
2012-10-12 22:24:02.129333+00:00,3.51,7.84,11.98,2118.1142743387945,17.165302955192566,-129.76710402705186,10,2
2012-10-12 22:26:02.129333+00:00,3.56,7.96,12.17,2118.1142743387945,17.165302955192566,-129.76710402705186,10,1
2012-10-12 22:27:02.129333+00:00,3.54,7.92,12.11,2118.1142743387945,17.165302955192566,-129.76710402705186,10,1
2012-10-12 22:29:02.129333+00:00,4.29,9.55,14.59,2118.1142743387945,17.165302955192566,-129.76710402705186,10,1
2012-10-14 09:34:02.123959+00:00,3.0,6.73,10.29,1696.6930673569195,17.237028032359994,-134.278280033331,4,1
2012-10-14 09:35:02.123959+00:00,2.68,6.02,9.22,1696.6930673569195,17.237028032359994,-134.278280033331,4,1
2012-10-14 09:36:02.123959+00:00,2.5,5.62,8.6,1696.6930673569195,17.237028032359994,-134.278280033331,4,1
2012-10-14 09:44:02.123959+00:00,2.12,4.78,7.33,1709.2267486048218,17.342788866113125,-134.06675836582474,3,1
2012-10-17 04:17:02.123210+00:00,21.04,40.0,40.0,3006.8161696967927,17.463030365218238,-128.81474651227643,14,1
2012-10-17 04:18:02.123210+00:00,13.31,28.04,40.0,3113.2536413020066,18.206326912441092,-127.32815341783072,17,1
2012-10-17 04:19:02.123210+00:00,3.14,7.04,10.77,3151.9590701206293,19.25281984969744,-125.23516754331804,19,1
2012-10-17 04:20:02.123210+00:00,3.97,8.85,13.53,3364.899033320571,19.65024712736389,-124.44031298798512,22,2
2012-10-17 04:22:02.123210+00:00,2.38,5.35,8.19,4945.585333895717,19.90165842932371,-123.93749038406548,26,1
2012-10-17 04:24:02.123210+00:00,17.83,37.03,40.0,5573.3963988573205,20.23410516885444,-123.27259690500404,31,2
2012-10-17 04:25:02.123210+00:00,17.28,35.94,40.0,6731.040060864638,20.440526831723744,-122.85975357926544,34,2
2012-10-17 04:26:02.123210+00:00,17.11,35.6,40.0,6901.834965310051,20.632408170732113,-122.47599090124868,37,3
2012-10-17 04:27:02.123210+00:00,17.4,36.19,40.0,11398.671949879492,20.754583984804185,-122.23163927310456,40,2
2012-10-17 04:28:02.123210+00:00,17.55,36.48,40.0,14147.929913810332,20.963764527340494,-121.81327818803192,41,3
2012-10-17 04:29:02.123210+00:00,0.41,0.93,1.42,14130.515406783124,20.900195986085205,-121.9404152705425,44,2
2012-10-17 04:30:02.123210+00:00,1.75,3.95,6.04,14716.44728585123,21.161402111066096,-121.41800302058073,45,3
2012-10-17 04:31:02.123210+00:00,15.57,32.54,40.0,15322.97680629082,21.29321211784726,-121.15438300701838,47,2
2012-10-17 04:32:02.123210+00:00,3.94,8.77,13.41,16756.569783193718,21.34529190785908,-121.05022342699476,49,3
2012-10-17 04:33:02.123210+00:00,5.01,11.07,16.9,19210.91923265245,21.474685692049658,-120.7914358586136,51,2
2012-10-17 04:34:02.123210+00:00,5.02,11.1,16.96,20178.7199106253,21.516835015615868,-120.70713721148115,53,3
2012-10-17 04:35:02.123210+00:00,2.45,5.51,8.44,22237.2181060314,21.63962789346732,-120.46155145577823,54,3
2012-10-17 04:36:02.123210+00:00,4.85,10.73,16.39,25752.68470043258,21.780419117815995,-120.17996900708091,53,3
2012-10-17 04:37:02.123210+00:00,4.93,10.9,16.65,26767.60262991007,21.910227505795792,-119.92035223112131,53,3
2012-10-17 04:38:02.123210+00:00,4.64,10.29,15.71,27183.072992502155,21.96899092990153,-119.80282538290984,52,2
2012-10-17 04:39:02.123210+00:00,4.54,10.08,15.4,27157.815853041888,21.96899092990153,-119.80282538290984,54,3
2012-10-17 04:40:02.123210+00:00,4.46,9.9,15.13,27442.324541208665,21.973551608133167,-119.79370402644656,53,3
2012-10-17 04:41:02.123210+00:00,4.54,10.08,15.4,27157.815853041888,21.96899092990153,-119.80282538290984,54,3
2012-10-17 04:42:02.123210+00:00,4.7,10.42,15.92,26873.307164875114,21.94448454371425,-119.85183815528444,55,3
2012-10-17 04:43:02.123210+00:00,4.77,10.56,16.13,26873.307164875114,21.94448454371425,-119.85183815528444,55,2
2012-10-17 04:44:02.123210+00:00,4.83,10.7,16.34,25238.041999997215,21.90511652639203,-119.93057418992883,56,3
2012-10-17 04:45:02.123210+00:00,4.77,10.56,16.13,24203.563068418724,21.910227505795792,-119.92035223112131,55,3
2012-10-17 04:46:02.123210+00:00,4.77,10.56,16.13,23752.04259257437,21.90511652639203,-119.93057418992883,54,2
2012-10-17 04:47:02.123210+00:00,5.02,11.1,16.96,23172.57993733118,21.848206946459257,-120.04439334979438,53,2
2012-10-17 04:48:02.123210+00:00,5.26,11.6,17.71,19332.249439615334,21.7988261034984,-120.14315503571608,52,3
2012-10-17 04:49:02.123210+00:00,5.33,11.77,17.96,19453.579646578222,21.780419117815995,-120.17996900708091,51,3
2012-10-17 04:50:02.123210+00:00,5.89,12.93,19.72,17846.457309493333,21.653079942063183,-120.43464735858652,50,3
2012-10-17 04:51:02.123210+00:00,5.64,12.42,18.95,11830.44322415619,21.56486424473207,-120.61107875324878,49,3
2012-10-17 04:52:02.123210+00:00,5.87,12.9,19.67,9714.28191617393,20.41252012297103,-122.91576699677086,49,3
2012-10-17 04:53:02.123210+00:00,3.69,8.23,12.59,8702.304893858178,19.615061434960666,-124.5106843727916,49,2
2012-10-17 04:54:02.123210+00:00,3.88,8.66,13.24,6054.808868580011,19.258560894302885,-125.22368545410714,47,3
2012-10-17 04:55:02.123210+00:00,5.38,11.86,18.11,5570.236699619543,18.918510164317645,-125.9037869140776,46,2
2012-10-17 04:56:02.123210+00:00,15.35,32.1,40.0,5227.073836585107,18.78989107691005,-126.1610250888928,45,2
2012-10-17 04:57:02.123210+00:00,17.98,37.33,40.0,4706.593915860079,18.75456666271627,-126.23167391728036,45,2
2012-10-17 04:58:02.123210+00:00,16.66,34.71,40.0,4000.240185816252,18.606411082872544,-126.52798507696782,44,2
2012-10-17 04:59:02.123210+00:00,15.88,33.15,40.0,3651.4705011370465,18.54518254374036,-126.65044215523218,40,2
2012-10-17 05:00:02.123210+00:00,5.99,13.15,20.06,3618.7724983981702,18.530483752076226,-126.67983973856046,38,2
2012-10-17 05:01:02.123210+00:00,5.7,12.54,19.14,3462.4226693554656,18.21087139043413,-127.31906446184465,36,2
2012-10-17 05:02:02.123210+00:00,6.56,14.34,21.87,3127.4340617354683,18.01844229569908,-127.70392265131474,34,2
2012-10-17 05:03:02.123210+00:00,6.62,14.47,22.06,2838.9490180002294,17.7438303951984,-128.25314645231612,32,2
2012-10-17 05:04:02.123210+00:00,6.8,14.84,22.62,2783.454351639157,17.3958089252558,-128.9491893922013,29,3
2012-10-17 05:06:02.123210+00:00,6.79,14.81,22.57,2722.2608026955845,17.189610273404178,-129.36158669590455,25,1
2012-10-17 05:07:02.123210+00:00,7.57,16.42,25.01,2722.2608026955845,17.051697950547403,-129.6374113416181,23,3
2012-10-17 05:11:02.123210+00:00,12.34,26.1,39.58,2424.079504397463,16.762331459060952,-130.216144324591,17,1
2012-10-17 05:12:02.123210+00:00,8.23,17.79,27.07,2258.3055445138552,16.70822195571126,-130.3243633312904,15,1
2012-10-17 05:13:02.123210+00:00,6.7,14.63,22.29,2255.584875420446,16.000690978224817,-131.73942528626327,12,1
2012-10-17 05:17:02.123210+00:00,15.9,33.2,40.0,2448.650184061653,15.98740905595038,-131.76598913081216,6,1
2012-10-17 05:19:02.123210+00:00,14.67,30.75,40.0,2424.079504397463,15.86754204835895,-132.005723145995,5,1
2012-10-18 21:36:02.127836+00:00,4.8,10.63,16.24,1843.5130157848273,13.415218795200571,-135.5289429441804,3,1
2012-10-18 21:41:02.127836+00:00,4.85,10.73,16.39,1843.5130157848273,13.554740359131753,-135.24989981631802,3,1
2012-10-18 21:47:02.127836+00:00,4.18,9.29,14.2,2028.1488414529665,13.590512176746184,-135.17835618108916,3,1
2012-10-18 21:52:02.127836+00:00,4.51,10.01,15.29,2156.323211979864,13.837881719367488,-134.68361709584656,3,1
2012-10-18 22:00:02.127836+00:00,4.78,10.6,16.19,2790.056277501558,14.335383189094031,-133.68861415639347,3,1
2012-10-18 22:06:02.127836+00:00,4.77,10.56,16.13,2808.6311912339434,14.42149849611688,-133.5163835423478,4,1
2012-10-18 22:10:02.127836+00:00,4.77,10.56,16.13,2808.6311912339434,14.42149849611688,-133.5163835423478,4,1
2012-10-18 22:15:02.127836+00:00,4.72,10.46,15.98,2538.4532080319887,14.019745320418004,-134.31988989374554,4,1
2012-10-18 22:21:02.127836+00:00,4.8,10.63,16.24,1701.2667473891984,13.265552941032215,-135.82827465251708,3,1
2012-10-19 12:44:02.120920+00:00,5.15,11.37,17.36,1718.7317637150206,14.11634517831419,-139.45757950177386,3,1
2012-10-19 12:48:02.120920+00:00,4.85,10.73,16.39,1947.9124227040136,14.380938990459033,-138.9283918774842,4,1
2012-10-19 12:52:02.120920+00:00,4.56,10.11,15.45,2177.093081693006,14.645532802603876,-138.3992042531945,5,1
2012-10-19 12:56:02.120920+00:00,4.43,9.83,15.02,2644.5876133337883,15.02978641739866,-137.63069702360494,5,1
2012-10-19 13:00:02.120920+00:00,4.57,10.15,15.5,2644.5876133337883,15.02978641739866,-137.63069702360494,5,1
2012-10-19 13:04:02.120920+00:00,4.57,10.15,15.5,2703.7151527393844,15.047282988967217,-137.59570388046782,4,1
2012-10-19 13:08:02.120920+00:00,5.2,11.47,17.51,2497.811874867916,14.94342031207321,-137.80342923425582,4,1
2012-10-19 13:16:02.120920+00:00,5.38,11.86,18.11,2160.649618472079,14.667058087144028,-138.3561536841142,4,1
2012-10-19 13:20:02.120920+00:00,5.4,11.9,18.16,1986.0431186983103,14.469261722581098,-138.75174641324006,4,1
2012-10-19 13:24:02.120920+00:00,5.64,12.42,18.95,1865.8592334999744,14.293625438080577,-139.1030189822411,5,1
2012-10-19 13:28:02.120920+00:00,5.66,12.45,18.99,1770.917438934454,14.193022911739249,-139.30422403492378,4,1
2012-10-19 13:33:02.120920+00:00,5.98,13.12,20.01,1675.9756443689337,14.09242038539792,-139.50542908760642,3,1
2012-10-20 23:49:02.124004+00:00,4.59,10.18,15.56,2015.733449591174,14.155956822306148,-140.84263984312224,3,1
2012-10-20 23:55:02.124004+00:00,3.87,8.62,13.18,2155.8492948194544,14.784933167626717,-139.58468715248108,3,1
2012-10-21 00:05:02.125546+00:00,3.22,7.21,11.03,2196.079427723198,14.005665864520802,-137.00655903812466,3,1
2012-10-21 00:10:02.125546+00:00,3.2,7.17,10.97,2174.026779849043,14.09517995958104,-136.8275308480042,4,1
2012-10-21 00:14:02.125546+00:00,2.83,6.36,9.73,2196.079427723198,14.184694054641271,-136.6485026578837,5,1
2012-10-21 00:19:02.125546+00:00,3.08,6.91,10.57,2291.42062592438,14.2303992295636,-136.55709230803905,4,1
2012-10-21 00:24:02.125546+00:00,2.98,6.68,10.22,2430.867119873872,14.276104404485928,-136.4656819581944,3,1
2012-10-22 04:33:02.128630+00:00,3.92,8.73,13.35,2269.7294532031365,14.54551188537568,-138.46802989845952,3,1
2012-10-22 04:36:02.128630+00:00,3.62,8.08,12.35,2489.440011933012,14.700332337460496,-138.1583889942899,4,1
2012-10-22 04:42:02.128630+00:00,3.63,8.12,12.41,2709.1505706628877,14.85515278954531,-137.84874809012027,5,1
2012-10-22 04:46:02.128630+00:00,2.92,6.54,10.01,2996.2731482739946,14.997155594905063,-137.56474247940076,5,1
2012-10-22 04:52:02.128630+00:00,2.74,6.17,9.44,3067.362356642501,15.077173058303588,-137.40470755260372,5,1
2012-10-22 04:56:02.128630+00:00,2.52,5.67,8.68,3737.600941928789,15.520978602606132,-136.51709646399863,4,1
2012-10-22 05:00:02.128630+00:00,2.5,5.62,8.6,3730.7992376144334,15.526421729382086,-136.5062102104467,5,1
2012-10-22 05:04:02.128630+00:00,0.0,0.02,0.04,3685.379253010048,15.602014613181089,-136.35502444284873,4,1
2012-10-22 05:10:02.128630+00:00,1.2,2.7,4.14,3639.9592684056624,15.515535475830175,-136.52798271755054,5,1
2012-10-22 05:16:02.128630+00:00,1.32,2.99,4.58,2323.338197307096,15.15839146632158,-137.24227073656772,4,1
2012-10-22 05:19:02.128630+00:00,1.32,2.99,4.58,2323.338197307096,15.15839146632158,-137.24227073656772,4,1
2012-10-22 05:23:02.128630+00:00,1.44,3.25,4.99,2112.1639846044263,15.15839146632158,-137.24227073656772,4,1
2012-10-22 05:29:02.128630+00:00,2.07,4.66,7.14,2058.6744122732493,15.187881649813468,-137.18329036958394,3,1
2012-10-22 05:47:02.128630+00:00,2.1,4.72,7.24,1965.79594180653,14.814479275208107,-137.93009511879467,3,1
2012-10-22 05:52:02.128630+00:00,2.38,5.35,8.19,2201.895691908202,14.778557790725582,-138.00193808775973,4,1
2012-10-22 05:56:02.128630+00:00,2.57,5.77,8.83,2437.9954420098743,14.814479275208107,-137.93009511879467,5,1
2012-10-22 06:00:02.128630+00:00,2.7,6.07,9.29,2681.772522073118,15.26151809285586,-137.03601748349917,5,1
2012-10-22 06:03:02.128630+00:00,2.66,5.97,9.14,3055.833670798451,15.26151809285586,-137.03601748349917,5,1
2012-10-22 06:08:02.128630+00:00,2.57,5.77,8.83,3767.3717966272816,15.54929651789446,-136.46046063342197,5,1
2012-10-22 06:12:02.128630+00:00,2.66,5.97,9.14,4044.9601470049142,15.710811543478204,-136.1374305822545,5,1
2012-10-22 06:17:02.128630+00:00,3.12,6.99,10.7,3767.3717966272816,15.54929651789446,-136.46046063342197,5,1
2012-10-22 06:21:02.128630+00:00,5.47,12.06,18.41,3164.6180778905505,15.185262934012997,-137.1885278011849,5,1
2012-10-22 06:25:02.128630+00:00,5.79,12.74,19.43,3164.6180778905505,15.185262934012997,-137.1885278011849,5,1
2012-10-22 06:29:02.128630+00:00,5.92,12.99,19.82,2620.2688881052404,14.682342400938316,-138.19436886733425,5,1
2012-10-22 06:32:02.128630+00:00,5.87,12.9,19.67,2620.2688881052404,14.682342400938316,-138.19436886733425,5,1
2012-10-22 06:36:02.128630+00:00,5.64,12.42,18.95,3164.6180778905505,15.185262934012997,-137.1885278011849,5,1
2012-10-22 06:39:02.128630+00:00,5.4,11.9,18.16,3173.2312112080363,15.034073931910196,-137.4909058053905,5,1
2012-10-22 06:44:02.128630+00:00,5.57,12.25,18.7,3704.23039365319,15.251316424704772,-137.05642081980136,4,1
2012-10-22 06:48:02.128630+00:00,5.38,11.86,18.11,4235.2295760983425,15.46855891749935,-136.6219358342122,3,1
2012-10-24 16:10:02.126339+00:00,7.3,15.87,24.17,1788.9077697171613,14.05907233474544,-142.22223964089426,3,1
2012-10-24 16:16:02.126339+00:00,6.8,14.84,22.62,1815.429734793957,14.229806161692846,-141.88077198699943,6,1
2012-10-24 16:18:02.126339+00:00,6.74,14.72,22.43,1815.429734793957,14.229806161692846,-141.88077198699943,6,1
2012-10-24 16:21:02.126339+00:00,6.13,13.44,20.49,2010.835246388408,14.513422186437166,-141.3135399375108,7,1
2012-10-24 16:22:02.126339+00:00,6.19,13.56,20.68,1926.3934731295808,14.456981087538708,-141.42642213530772,8,1
2012-10-24 16:24:02.126339+00:00,6.14,13.47,20.54,1926.3934731295808,14.456981087538708,-141.42642213530772,8,1
2012-10-24 16:29:02.126339+00:00,5.55,12.22,18.65,1986.7126495346597,14.513422186437166,-141.3135399375108,9,1
2012-10-24 16:30:02.126339+00:00,5.5,12.12,18.5,1986.7126495346597,14.513422186437166,-141.3135399375108,9,1
2012-10-24 16:32:02.126339+00:00,5.5,12.12,18.5,2119.7750493293865,14.776240731002607,-140.78790284837993,7,1
2012-10-24 16:34:02.126339+00:00,5.26,11.6,17.71,2363.009680322796,15.072923008639176,-140.1945382931068,6,1
2012-10-24 16:38:02.126339+00:00,5.21,11.5,17.56,2363.009680322796,15.072923008639176,-140.1945382931068,6,1
2012-10-24 16:39:02.126339+00:00,5.78,12.7,19.38,1986.7126495346597,14.776240731002607,-140.78790284837993,5,1
2012-10-24 17:57:02.126339+00:00,3.45,7.71,11.8,2408.1777897159873,16.576304244661905,-137.18777582106134,6,1
2012-10-24 18:00:02.126339+00:00,3.35,7.51,11.48,2240.0190146463956,16.576304244661905,-137.18777582106134,8,1
2012-10-24 18:01:02.126339+00:00,3.35,7.51,11.48,2240.0190146463956,16.576304244661905,-137.18777582106134,8,1
2012-10-24 18:03:02.126339+00:00,3.26,7.3,11.16,2227.8621584070283,16.542912159756252,-137.25455999087262,9,1
2012-10-24 18:04:02.126339+00:00,3.28,7.34,11.23,2227.8621584070283,16.542912159756252,-137.25455999087262,9,1
2012-10-24 18:06:02.126339+00:00,3.24,7.25,11.1,2227.8621584070283,16.542912159756252,-137.25455999087262,9,1
2012-10-24 18:08:02.126339+00:00,3.24,7.25,11.1,2278.00261682979,16.576304244661905,-137.18777582106134,8,1
2012-10-24 18:10:02.126339+00:00,3.12,6.99,10.7,2227.8621584070283,16.542912159756252,-137.25455999087262,7,1
2012-10-24 18:13:02.126339+00:00,2.98,6.68,10.22,2278.00261682979,16.358058323451324,-137.6242676634825,6,1
2012-10-24 19:39:02.126339+00:00,2.96,6.64,10.15,3230.659235571444,15.951587898818817,-138.4372085127475,3,1
2012-10-24 19:44:02.126339+00:00,3.0,6.73,10.29,3067.1430746370024,16.05940329234763,-138.22157772568988,4,1
2012-10-24 19:47:02.126339+00:00,2.98,6.68,10.22,3067.1430746370024,16.05940329234763,-138.22157772568988,4,1
2012-10-24 19:51:02.126339+00:00,2.83,6.36,9.73,2688.3755940982383,16.19698472047191,-137.9464148694413,4,1
2012-10-24 20:16:02.126339+00:00,11.28,23.97,36.38,2326.429253374861,17.810509671293197,-134.71936496779875,4,1
2012-10-24 20:19:02.126339+00:00,0.69,1.57,2.41,2348.839667777033,17.416955524731407,-135.50647326092232,5,1
2012-10-24 20:21:02.126339+00:00,1.28,2.9,4.44,2326.429253374861,17.481046244181,-135.37829182202313,6,1
2012-10-24 20:24:02.126339+00:00,1.28,2.9,4.44,2326.429253374861,17.481046244181,-135.37829182202313,6,1
2012-10-24 20:26:02.126339+00:00,1.62,3.65,5.6,2348.839667777033,17.545136963630593,-135.25011038312397,5,1
2012-10-24 20:30:02.126339+00:00,1.9,4.29,6.56,2406.0615261221974,17.388892788072226,-135.56259873424068,4,1
2012-10-25 15:54:02.129423+00:00,5.33,11.77,17.96,5886.381630538715,16.303652868725646,-138.03324588352044,4,1
2012-10-25 15:58:02.129423+00:00,5.35,11.8,18.01,5886.381630538715,16.303652868725646,-138.03324588352044,4,1
2012-10-25 16:02:02.129423+00:00,4.9,10.83,16.55,6109.103403878309,16.54009043269913,-137.56037075557347,4,1
2012-10-25 16:08:02.129423+00:00,20.25,40.0,40.0,6470.615308710816,16.80822788155222,-137.02409585786728,4,1
2012-10-25 16:13:02.129423+00:00,17.8,36.98,40.0,7024.041609358579,17.107742964148922,-136.42506569267388,3,1
2012-10-25 16:44:02.129423+00:00,2.01,4.54,6.96,3409.769848551641,15.615461880134031,-139.4096278607037,3,1
2012-10-25 16:52:02.129423+00:00,2.89,6.5,9.94,3409.769848551641,15.615461880134031,-139.4096278607037,3,1
2012-10-25 17:22:02.129423+00:00,1.81,4.08,6.26,6586.685018597712,16.746309627594552,-137.14793236578262,4,1
2012-10-25 17:26:02.129423+00:00,2.25,5.07,7.77,6930.083288040194,16.8398818623793,-136.9607878962131,4,1
2012-10-25 17:29:02.129423+00:00,2.61,5.87,8.99,7201.024808033642,16.889343877159465,-136.86186386665278,5,1
2012-10-25 17:33:02.129423+00:00,2.74,6.17,9.44,7345.182022484154,17.372633806519776,-135.89528400793216,5,1
2012-10-25 17:37:02.129423+00:00,2.66,5.97,9.14,8428.05112879389,17.58603966165413,-135.46847229766345,5,1
2012-10-25 17:40:02.129423+00:00,2.35,5.3,8.11,8428.05112879389,17.58603966165413,-135.46847229766345,5,1
2012-10-25 17:44:02.129423+00:00,2.23,5.02,7.68,7345.182022484154,17.372633806519776,-135.89528400793216,5,1
2012-10-25 17:47:02.129423+00:00,1.93,4.35,6.66,6794.330421408878,17.372633806519776,-135.89528400793216,5,1
2012-10-25 17:51:02.129423+00:00,1.62,3.65,5.6,5813.48675006278,17.134638498546664,-136.3712746238784,5,1
2012-10-25 17:54:02.129423+00:00,0.01,0.02,0.02,5813.48675006278,17.308107248924912,-136.0243371231219,7,1
2012-10-25 17:58:02.129423+00:00,0.0,0.02,0.04,6142.94860489422,17.353124595785424,-135.93430242940087,6,1
2012-10-25 18:01:02.129423+00:00,0.0,0.02,0.04,6633.370440567269,17.353124595785424,-135.93430242940087,6,1
2012-10-25 18:02:02.129423+00:00,0.0,0.02,0.04,6633.370440567269,17.353124595785424,-135.93430242940087,6,1
2012-10-25 18:04:02.129423+00:00,0.0,0.02,0.04,6794.330421408878,17.308107248924912,-136.0243371231219,7,1
2012-10-25 18:08:02.129423+00:00,0.0,0.02,0.04,6698.978803450075,17.22137287373579,-136.19780587350016,6,1
2012-10-25 18:13:02.129423+00:00,1.2,2.7,4.14,6925.54714717449,16.97061746573106,-136.6993166895096,5,1
2012-10-25 18:18:02.129423+00:00,2.66,5.97,9.14,5637.73278959179,16.366569669358164,-137.9074122822554,5,1
2012-10-25 18:21:02.129423+00:00,3.12,6.99,10.7,5377.698135148299,16.209931881952407,-138.2206878570669,4,1
2012-10-25 18:25:02.129423+00:00,3.72,8.31,12.71,4945.660377435162,16.004948456279664,-138.6306547084124,4,1
2012-10-25 18:31:02.129423+00:00,4.09,9.11,13.92,4351.116096005261,15.95660281801267,-138.7273459849464,5,1
2012-10-25 18:36:02.129423+00:00,4.46,9.9,15.13,4350.04480162302,15.916643604216858,-138.80726441253802,4,1
2012-10-25 18:39:02.129423+00:00,4.77,10.56,16.13,4773.657274165515,15.960123227316476,-138.7203051663388,5,1
2012-10-25 18:44:02.129423+00:00,4.85,10.73,16.39,4580.978863860182,15.9628864894501,-138.71477864207154,4,1
2012-10-25 18:48:02.129423+00:00,4.82,10.66,16.29,4580.978863860182,15.9628864894501,-138.71477864207154,4,1
2012-10-25 18:56:02.129423+00:00,5.4,11.9,18.16,5459.019044630941,15.960123227316476,-138.7203051663388,3,1
2012-10-25 19:43:02.129423+00:00,2.25,5.07,7.77,3151.7538883373168,15.499290469099009,-139.64197068277372,4,1
2012-10-25 19:47:02.129423+00:00,2.61,5.87,8.99,2453.052817751119,15.03733638053269,-140.56587885990632,6,1
2012-10-25 19:49:02.129423+00:00,2.85,6.4,9.8,2306.159944905474,14.915174715217962,-140.8102021905358,7,1
2012-10-25 19:51:02.129423+00:00,3.0,6.73,10.29,2104.880205230153,14.91278868807559,-140.81497424482055,9,1
2012-10-25 19:55:02.129423+00:00,2.28,5.13,7.86,2027.003212113454,14.660540250644576,-141.31947111968256,11,1
2012-10-25 19:56:02.129423+00:00,2.28,5.13,7.86,2027.003212113454,14.660540250644576,-141.31947111968256,11,1
2012-10-25 19:59:02.129423+00:00,2.28,5.13,7.86,2018.50673681844,14.591172981469064,-141.4582056580336,10,1
2012-10-25 20:00:02.129423+00:00,2.23,5.02,7.68,2027.003212113454,14.521805712293554,-141.59694019638462,9,1
2012-10-25 20:01:02.129423+00:00,2.25,5.07,7.77,2065.9417086718036,14.540231893529572,-141.56008783391258,8,1
2012-10-25 20:02:02.129423+00:00,2.25,5.07,7.77,2065.9417086718036,14.540231893529572,-141.56008783391258,8,1
2012-10-25 20:04:02.129423+00:00,2.28,5.13,7.86,2065.9417086718036,14.540231893529572,-141.56008783391258,8,1
2012-10-25 20:05:02.129423+00:00,2.25,5.07,7.77,2027.003212113454,14.419923536414569,-141.8007045481426,7,1
2012-10-26 05:42:02.120965+00:00,5.78,12.7,19.38,1786.3071883338905,13.91174197070108,-140.54235246495975,3,1
2012-10-26 05:45:02.120965+00:00,5.66,12.45,18.99,2029.4346723911808,14.11364613101923,-140.13854414432345,4,1
2012-10-26 05:50:02.120965+00:00,5.86,12.86,19.63,2235.7375976645676,14.31555029133738,-139.73473582368717,5,1
2012-10-26 05:55:02.120965+00:00,5.84,12.83,19.58,2235.7375976645676,14.31555029133738,-139.73473582368717,5,1
2012-10-26 06:00:02.120965+00:00,5.98,13.12,20.01,2235.7375976645676,14.31555029133738,-139.73473582368717,5,1
2012-10-26 06:04:02.120965+00:00,6.01,13.18,20.11,2235.7375976645676,14.379368512504048,-139.60709938135383,5,1
2012-10-26 06:08:02.120965+00:00,5.7,12.54,19.14,2235.7375976645676,14.379368512504048,-139.60709938135383,5,1
2012-10-26 06:12:02.120965+00:00,5.41,11.93,18.21,2604.5434062619142,14.379368512504048,-139.60709938135383,5,1
2012-10-26 06:16:02.120965+00:00,5.35,11.8,18.01,3563.041563314049,15.300419420137851,-137.7649975660862,5,1
2012-10-26 06:21:02.120965+00:00,5.02,11.1,16.96,3563.041563314049,15.300419420137851,-137.7649975660862,5,1
2012-10-26 06:24:02.120965+00:00,4.75,10.53,16.08,3606.800443306099,15.353337471202233,-137.65916146395745,4,1
2012-10-26 06:29:02.120965+00:00,4.59,10.18,15.56,3107.939054168314,15.175945843733643,-138.0139447188946,4,1
2012-10-26 06:35:02.120965+00:00,4.59,10.18,15.56,2967.105542685623,15.099696883048251,-138.16644264026542,4,1
2012-10-26 06:39:02.120965+00:00,4.54,10.08,15.4,3169.2820784850765,15.13097565887355,-138.10388508861482,5,1
2012-10-26 06:43:02.120965+00:00,4.54,10.08,15.4,3281.3745403486655,15.147921498767069,-138.06999340882777,5,1
2012-10-26 06:47:02.120965+00:00,4.46,9.9,15.13,3342.842571348624,15.147921498767069,-138.06999340882777,5,1
2012-10-26 06:52:02.120965+00:00,4.29,9.55,14.59,3342.842571348624,15.13097565887355,-138.10388508861482,5,1
2012-10-26 06:57:02.120965+00:00,4.09,9.11,13.92,2952.297234421879,14.8362806684644,-138.69327506943313,4,1
2012-10-26 07:02:02.120965+00:00,4.04,9.0,13.75,2561.751897495133,14.681213902772734,-139.00340860081644,5,1
2012-10-26 07:07:02.120965+00:00,4.36,9.69,14.81,2243.096139879334,14.345542384141725,-139.67475163807848,4,1
2012-10-26 07:11:02.120965+00:00,4.43,9.83,15.02,2205.61322896672,14.123782791560222,-140.11827082324146,5,1
2012-10-26 07:16:02.120965+00:00,4.59,10.18,15.56,1812.4907341260257,13.715417566244232,-140.93500127387344,5,1
2012-10-26 07:20:02.120965+00:00,5.1,11.27,17.21,1778.5803211744287,13.715417566244232,-140.93500127387344,5,1
2012-10-26 07:24:02.120965+00:00,5.13,11.34,17.31,1778.5803211744287,13.715417566244232,-140.93500127387344,5,1
2012-10-26 07:29:02.120965+00:00,4.85,10.73,16.39,1812.4907341260257,13.728004973539518,-140.90982645928287,5,1
2012-10-26 07:33:02.120965+00:00,4.54,10.08,15.4,1778.5803211744287,13.728004973539518,-140.90982645928287,5,1
2012-10-26 07:37:02.120965+00:00,4.44,9.87,15.08,2100.736584206667,14.097876843459382,-140.17008271944314,4,1
2012-10-26 07:41:02.120965+00:00,3.88,8.66,13.24,2422.892847238906,14.467748713379248,-139.4303389796034,3,1
2012-10-26 10:31:02.120965+00:00,6.43,14.06,21.44,2112.053374253404,16.115355750693503,-136.1351249049749,5,1
2012-10-26 10:34:02.120965+00:00,6.41,14.03,21.39,3375.9402748184566,16.115355750693503,-136.1351249049749,7,1
2012-10-26 10:35:02.120965+00:00,6.41,14.03,21.39,3375.9402748184566,16.115355750693503,-136.1351249049749,7,1
2012-10-26 10:38:02.120965+00:00,6.19,13.56,20.68,3648.0588162281806,15.424391208898069,-137.51705398856578,9,1
2012-10-26 10:40:02.120965+00:00,6.17,13.53,20.63,3648.0588162281806,15.424391208898069,-137.51705398856578,9,1
2012-10-26 10:42:02.120965+00:00,6.37,13.94,21.25,4279.334365146927,15.424391208898069,-137.51705398856578,9,1
2012-10-26 10:43:02.120965+00:00,6.37,13.94,21.25,4279.334365146927,15.424391208898069,-137.51705398856578,9,1
2012-10-26 10:47:02.120965+00:00,6.43,14.06,21.44,3648.0588162281806,15.394552001056574,-137.57673240424876,9,1
2012-10-26 10:48:02.120965+00:00,6.43,14.06,21.44,3648.0588162281806,15.394552001056574,-137.57673240424876,9,1
2012-10-26 10:51:02.120965+00:00,6.11,13.4,20.44,3628.0005058637,15.357037826074343,-137.65176075421323,9,1
2012-10-26 10:53:02.120965+00:00,6.19,13.56,20.68,3628.0005058637,15.357037826074343,-137.65176075421323,9,1
2012-10-26 10:57:02.120965+00:00,6.14,13.47,20.54,3367.2269628773383,15.07233780485716,-138.2211607966476,8,1
2012-10-26 10:58:02.120965+00:00,6.31,13.81,21.06,3343.604495946678,15.132308172295796,-138.1012200617703,8,1
2012-10-26 11:01:02.120965+00:00,6.13,13.44,20.49,3174.140120984411,14.907578518517251,-138.5506793693274,7,1
2012-10-26 11:03:02.120965+00:00,6.08,13.34,20.35,3174.140120984411,14.907578518517251,-138.5506793693274,7,1
2012-10-26 11:06:02.120965+00:00,6.13,13.44,20.49,3109.843147415339,15.068797296230244,-138.22824181390143,6,1
2012-10-26 11:07:02.120965+00:00,6.19,13.56,20.68,2706.6174239217344,14.780556766386145,-138.80472287358964,5,1
2012-10-26 21:30:02.122507+00:00,7.01,15.28,23.28,4081.7294720253462,19.131286232850147,-130.80514095196563,17,1
2012-10-26 21:33:02.122507+00:00,3.52,7.88,12.05,4163.01974597226,19.19225263887081,-130.68320813992432,24,3
2012-10-26 21:34:02.122507+00:00,4.38,9.72,14.86,4163.01974597226,19.281067577971207,-130.50557826172354,26,1
2012-10-26 21:35:02.122507+00:00,5.01,11.07,16.9,4081.7294720253462,19.200004860386237,-130.66770369689348,29,2
2012-10-26 21:36:02.122507+00:00,11.91,25.23,38.28,4163.01974597226,19.16564554661819,-130.73642232442955,32,2
2012-10-26 21:37:02.122507+00:00,5.32,11.73,17.91,4244.310019919173,19.200004860386237,-130.66770369689348,35,2
2012-10-26 21:38:02.122507+00:00,5.15,11.37,17.36,4284.135540518297,19.281067577971207,-130.50557826172354,38,2
2012-10-26 21:39:02.122507+00:00,5.09,11.24,17.16,4284.135540518297,19.317969492875132,-130.43177443191567,40,3
2012-10-26 21:40:02.122507+00:00,5.43,11.96,18.26,4302.145021968084,19.327022874699324,-130.4136676682673,43,2
2012-10-26 21:41:02.122507+00:00,5.4,11.9,18.16,4284.135540518297,19.35218255445823,-130.3633483087495,44,2
2012-10-26 21:42:02.122507+00:00,5.47,12.06,18.41,4255.218039493841,19.35218255445823,-130.3633483087495,46,3
2012-10-26 21:43:02.122507+00:00,5.58,12.29,18.75,4255.218039493841,19.35218255445823,-130.3633483087495,46,2
2012-10-26 21:44:02.122507+00:00,5.32,11.73,17.91,4178.375891570449,19.37734223421714,-130.31302894923166,45,2
2012-10-26 21:45:02.122507+00:00,4.93,10.9,16.65,4178.375891570449,19.37734223421714,-130.31302894923166,45,3
2012-10-26 21:46:02.122507+00:00,5.05,11.17,17.06,4178.375891570449,19.327022874699324,-130.4136676682673,45,3
2012-10-26 21:47:02.122507+00:00,5.09,11.24,17.16,4081.7294720253462,19.327022874699324,-130.4136676682673,45,3
2012-10-26 21:48:02.122507+00:00,5.13,11.34,17.31,3937.4996498589744,19.317969492875132,-130.43177443191567,42,3
2012-10-26 21:49:02.122507+00:00,5.05,11.17,17.06,4081.7294720253462,19.327022874699324,-130.4136676682673,39,2
2012-10-26 21:50:02.122507+00:00,5.4,11.9,18.16,3793.269827692602,19.327022874699324,-130.4136676682673,37,2
2012-10-26 21:51:02.122507+00:00,5.64,12.42,18.95,3793.269827692602,19.327022874699324,-130.4136676682673,35,3
2012-10-26 21:52:02.122507+00:00,6.07,13.31,20.3,3738.3625499210257,19.30891611105094,-130.44988119556405,33,1
2012-10-26 21:53:02.122507+00:00,6.22,13.62,20.78,3765.816188806814,19.35218255445823,-130.3633483087495,30,2
2012-10-26 21:54:02.122507+00:00,6.04,13.25,20.2,3765.816188806814,19.26351386754278,-130.54068568258035,28,1
2012-10-26 21:55:02.122507+00:00,5.92,12.99,19.82,3738.3625499210257,19.37734223421714,-130.31302894923166,25,1
2012-10-26 21:56:02.122507+00:00,6.05,13.28,20.25,3699.088381402318,19.433205980837975,-130.20130145599,22,2
2012-10-26 21:57:02.122507+00:00,6.14,13.47,20.54,3346.008025908479,19.37734223421714,-130.31302894923166,19,1
2012-10-27 09:21:02.124049+00:00,4.11,9.15,13.98,4470.184960295209,15.65964217526056,-139.8481603536371,3,1
2012-10-27 09:30:02.124049+00:00,5.7,12.54,19.14,5609.71458896025,16.031567913059096,-139.10430887804003,3,1
2012-10-27 11:34:02.124049+00:00,12.77,26.94,40.0,3602.534402589134,16.061141438291916,-139.0451618275744,3,1
2012-10-27 11:39:02.124049+00:00,16.24,33.87,40.0,5496.515592998214,17.097994753634435,-136.97145519688937,3,1
2012-10-27 11:44:02.124049+00:00,16.22,33.83,40.0,5496.515592998214,17.097994753634435,-136.97145519688937,5,1
2012-10-27 11:50:02.124049+00:00,3.81,8.51,13.01,8047.474650030815,17.028037059991803,-137.1113705841746,5,1
2012-10-27 11:52:02.124049+00:00,3.81,8.51,13.01,8047.474650030815,17.028037059991803,-137.1113705841746,5,1
2012-10-27 11:55:02.124049+00:00,25.17,40.0,40.0,6861.906198564592,16.680106813896806,-137.8072310763646,4,1
2012-10-27 11:59:02.124049+00:00,25.17,40.0,40.0,6861.906198564592,16.680106813896806,-137.8072310763646,4,1
2012-10-27 12:05:02.125591+00:00,11.53,24.46,37.11,2224.68857328989,14.213027025729474,-137.38119204898047,3,1
2012-10-27 12:11:02.125591+00:00,11.56,24.53,37.22,2437.412469222845,14.499738489165598,-136.80776912210823,3,1
2012-10-27 12:16:02.125591+00:00,4.72,10.46,15.98,2488.3005550626144,14.941150292876593,-135.92494551468624,3,1
2012-10-27 12:24:02.125591+00:00,2.68,6.02,9.22,2444.665022363918,14.561931955206251,-136.68338219002692,3,1
2012-10-27 12:30:02.125591+00:00,2.38,5.35,8.19,3532.651136629361,15.260360205678449,-135.2865256890825,3,1
2012-10-27 12:39:02.125591+00:00,2.52,5.67,8.68,2852.362680157532,15.061464384051495,-135.6843173323364,3,1
2012-10-27 12:43:02.125591+00:00,4.23,9.4,14.37,2852.362680157532,15.061464384051495,-135.6843173323364,3,1
2012-10-27 12:50:02.125591+00:00,4.31,9.58,14.64,2088.837269874259,13.886929856398424,-138.03338638764257,3,1
2012-10-27 14:23:02.125591+00:00,4.78,10.6,16.19,2114.039037314131,13.588052781366745,-138.63114053770593,4,1
2012-10-27 14:28:02.125591+00:00,4.86,10.77,16.44,2130.7248279494406,13.55834269357561,-138.6905607132882,3,1
2012-10-27 14:31:02.125591+00:00,4.93,10.9,16.65,2130.7248279494406,13.55834269357561,-138.6905607132882,3,1
2012-10-27 15:42:02.125591+00:00,4.82,10.66,16.29,1734.6582459764138,13.65084346709353,-138.50555916625237,3,1
2012-10-27 15:47:02.125591+00:00,4.74,10.49,16.03,1990.17225344464,13.739889871140164,-138.32746635815909,4,1
2012-10-27 15:51:02.125591+00:00,4.66,10.32,15.77,2245.686260912866,13.8289362751868,-138.1493735500658,5,1
2012-10-27 15:56:02.125591+00:00,3.99,8.89,13.58,2327.367067932032,13.85641419256885,-138.09441771530172,5,1
2012-10-27 16:01:02.125591+00:00,3.0,6.73,10.29,2447.7427599416974,13.880702492315242,-138.0458411158089,3,1
2012-10-27 16:05:02.125591+00:00,3.0,6.73,10.29,2447.7427599416974,13.880702492315242,-138.0458411158089,3,1
2012-10-27 20:56:02.125591+00:00,3.97,8.85,13.53,18565.21686518016,23.902810371666146,-118.00162535710712,3,1
2012-10-27 20:57:02.125591+00:00,3.97,8.85,13.53,18565.21686518016,23.902810371666146,-118.00162535710712,3,2
2012-10-29 19:17:02.121759+00:00,40.0,40.0,40.0,16874.053024191395,25.574720485657497,-120.819524853811,4,1
2012-10-29 19:18:02.121759+00:00,40.0,40.0,40.0,16874.053024191395,25.574720485657497,-120.819524853811,4,3
2012-10-29 20:34:02.121759+00:00,4.64,10.29,15.71,7474.179888530003,17.11394032295452,-137.74108517921695,3,1
2012-10-29 20:42:02.121759+00:00,4.39,9.76,14.91,13074.378011204688,18.517635899955085,-134.93369402521583,3,1
2012-10-29 20:50:02.121759+00:00,4.11,9.15,13.98,13627.099317494303,18.91713941201592,-134.13468700109414,3,1
2012-10-30 06:24:02.123301+00:00,5.21,11.5,17.56,3205.7653235495764,15.150746753389676,-137.72241465191698,3,1
2012-10-30 06:31:02.123301+00:00,3.41,7.63,11.67,3291.734298946747,15.34187703057725,-137.34015409754184,3,1
2012-10-30 06:38:02.123301+00:00,3.2,7.17,10.97,4115.4425115350405,15.988801967493124,-136.04630422371008,3,1
2012-10-30 06:45:02.123301+00:00,3.49,7.79,11.92,4592.1252344284985,16.05312075158653,-135.91766665552325,3,1
2012-10-30 06:54:02.123301+00:00,4.43,9.83,15.02,4197.3924783841385,16.00236767129401,-136.01917281610832,3,1
2012-10-30 07:01:02.123301+00:00,3.51,7.84,11.98,4637.083475286926,16.247588969433917,-135.5287302198285,3,1
2012-10-30 07:23:02.123301+00:00,38.12,40.0,40.0,7973.348812956931,22.792133398300265,-122.43964136209578,3,2
2012-10-30 07:24:02.123301+00:00,38.12,40.0,40.0,7973.348812956931,22.792133398300265,-122.43964136209578,3,1
2012-10-30 07:43:02.123301+00:00,2.12,4.78,7.33,7855.881400940786,17.149122380063602,-133.7256633985691,4,1
2012-10-30 07:47:02.123301+00:00,1.48,3.34,5.11,7997.528278363838,17.68030637362935,-132.66329541143762,4,1
2012-10-30 07:52:02.123301+00:00,3.04,6.82,10.43,7952.849309097739,17.27317442685639,-133.47755930498354,5,1
2012-10-30 07:56:02.123301+00:00,2.7,6.07,9.29,8042.207247629937,18.087438320402313,-131.8490315178917,5,1
2012-10-30 08:00:02.123301+00:00,3.18,7.12,10.9,7952.849309097739,17.27317442685639,-133.47755930498354,5,1
2012-10-30 08:02:02.123301+00:00,3.74,8.35,12.77,5295.562829026362,17.611615722941053,-132.8006767128142,5,1
2012-10-30 08:06:02.123301+00:00,5.01,11.07,16.9,5053.24060275812,17.05745089268524,-133.90900637332584,6,1
2012-10-30 08:11:02.123301+00:00,5.64,12.42,18.95,4810.918376489878,16.320524294984896,-135.38285956872653,5,1
2012-10-30 08:15:02.123301+00:00,5.7,12.54,19.14,4731.556724606302,16.29004906299761,-135.4438100327011,6,1
2012-10-30 08:17:02.123301+00:00,5.75,12.64,19.29,4810.918376489878,16.320524294984896,-135.38285956872653,5,1
2012-10-30 08:21:02.123301+00:00,5.5,12.12,18.5,4855.054417158661,16.29004906299761,-135.4438100327011,6,1
2012-10-30 08:25:02.123301+00:00,3.62,8.08,12.35,5293.582559669276,16.29136365144529,-135.44118085580575,6,1
2012-10-30 08:28:02.123301+00:00,3.8,8.47,12.95,4899.190457827443,16.323153471880254,-135.37760121493582,5,1
2012-10-30 08:30:02.123301+00:00,4.23,9.4,14.37,5340.668776101858,16.34355696360762,-135.33679423148106,6,1
2012-10-30 08:34:02.123301+00:00,3.85,8.58,13.12,5782.147094376274,16.36396045533499,-135.29598724802634,5,1
2012-10-30 08:40:02.123301+00:00,4.29,9.55,14.59,6292.734630925423,16.948774236364642,-134.12635968596703,4,1
2012-10-30 08:45:02.123301+00:00,4.54,10.08,15.4,7424.379175702212,16.857426219386184,-134.30905571992395,3,1
2012-10-30 09:10:02.123301+00:00,5.61,12.35,18.85,3521.2530673695796,15.988850685568366,-136.0462067875596,3,1
2012-10-30 09:12:02.123301+00:00,5.61,12.35,18.85,3521.2530673695796,15.988850685568366,-136.0462067875596,3,1
2012-10-30 09:15:02.123301+00:00,5.69,12.51,19.09,3521.2530673695796,15.988850685568366,-136.0462067875596,3,1
2012-10-31 14:29:02.127927+00:00,40.0,40.0,40.0,3419.723430286995,21.233663299134264,-130.25970791489266,3,2
2012-10-31 14:30:02.127927+00:00,40.0,40.0,40.0,3419.723430286995,21.233663299134264,-130.25970791489266,3,1
2012-11-01 17:23:02.121011+00:00,11.81,25.02,37.96,19993.7093151233,25.364555835598075,-120.25365791426424,4,2
2012-11-01 17:24:02.121011+00:00,11.81,25.02,37.96,19993.7093151233,25.364555835598075,-120.25365791426424,4,2
2012-11-03 23:22:02.127177+00:00,4.99,11.04,16.85,2200.807387706218,17.9953230408503,-134.94228157374522,7,1
2012-11-03 23:23:02.127177+00:00,4.99,11.04,16.85,2200.807387706218,17.9953230408503,-134.94228157374522,7,1
2012-11-03 23:24:02.127177+00:00,8.85,19.04,28.96,2200.807387706218,17.9953230408503,-134.94228157374522,7,1
2012-11-03 23:25:02.127177+00:00,8.88,19.11,29.06,2200.807387706218,17.9953230408503,-134.94228157374522,7,2
2012-11-03 23:26:02.127177+00:00,8.86,19.08,29.01,2200.807387706218,17.9953230408503,-134.94228157374522,7,2
2012-11-03 23:43:02.127177+00:00,26.5,40.0,40.0,2896.7776251154532,19.038200648156728,-132.85652635913237,15,1
2012-11-03 23:44:02.127177+00:00,26.5,40.0,40.0,2896.7776251154532,19.038200648156728,-132.85652635913237,15,2
2012-11-03 23:45:02.127177+00:00,26.5,40.0,40.0,2896.7776251154532,19.038200648156728,-132.85652635913237,15,1
2012-11-03 23:46:02.127177+00:00,26.5,40.0,40.0,2896.7776251154532,19.038200648156728,-132.85652635913237,15,3
2012-11-03 23:47:02.127177+00:00,26.5,40.0,40.0,2896.7776251154532,19.038200648156728,-132.85652635913237,15,2
2012-11-03 23:48:02.127177+00:00,26.5,40.0,40.0,2896.7776251154532,19.038200648156728,-132.85652635913237,15,2
2012-11-03 23:49:02.127177+00:00,26.5,40.0,40.0,2896.7776251154532,19.038200648156728,-132.85652635913237,15,2
2012-11-03 23:50:02.127177+00:00,26.5,40.0,40.0,2896.7776251154532,19.038200648156728,-132.85652635913237,15,1
2012-11-03 23:51:02.127177+00:00,26.5,40.0,40.0,2896.7776251154532,19.038200648156728,-132.85652635913237,15,1
2012-11-06 14:45:02.126430+00:00,4.46,9.9,15.13,4827.675370307368,16.107050717929713,-135.14899915299878,3,1
2012-11-06 14:50:02.126430+00:00,4.34,9.65,14.75,5815.076342372849,16.705653341864362,-133.95179390512948,4,1
2012-11-06 14:56:02.126430+00:00,3.49,7.79,11.92,6722.720563300402,17.696757848152473,-131.96958489255326,4,1
2012-11-06 15:01:02.126430+00:00,3.34,7.46,11.42,6642.963812162476,18.078660619480313,-131.20577934989757,3,1
2012-11-06 15:06:02.126430+00:00,3.02,6.77,10.36,2074.250551683774,17.31485507682463,-132.73339043520895,3,1
2012-11-06 15:40:02.126430+00:00,0.25,0.57,0.88,1695.9603608947966,16.214755628643978,-134.93358933157026,3,1
2012-11-06 16:34:02.126430+00:00,1.44,3.25,4.99,5838.886041605269,16.886215661962613,-133.59066926493298,3,1
2012-11-06 20:03:02.126430+00:00,2.01,4.54,6.96,1583.6214173001083,14.437707316682872,-138.48768595549248,3,1
2012-11-06 20:11:02.126430+00:00,1.99,4.48,6.86,1832.556347854553,14.822449750337084,-137.71820108818406,3,1
2012-11-06 20:17:02.126430+00:00,2.25,5.07,7.77,2685.3609242845723,15.265814467206043,-136.83147165444612,3,1
2012-11-06 20:23:02.126430+00:00,7.04,15.34,23.37,2686.0651533417713,15.37219738109979,-136.61870582665864,4,1
2012-11-06 20:28:02.126430+00:00,7.22,15.71,23.93,2685.3609242845723,15.265814467206043,-136.83147165444612,3,1
2012-11-06 20:32:02.126430+00:00,6.83,14.91,22.72,2686.0651533417713,15.218010843760087,-136.92707890133804,4,1
2012-11-06 20:41:02.126430+00:00,5.29,11.67,17.81,2766.7176302962957,15.170207220314127,-137.02268614822995,3,1
2012-11-07 01:19:02.127972+00:00,7.34,15.96,24.31,2982.930144112945,14.415037845190392,-138.32335744061646,3,1
2012-11-07 01:22:02.127972+00:00,7.34,15.96,24.31,2982.930144112945,14.415037845190392,-138.32335744061646,3,1
2012-11-07 01:28:02.127972+00:00,7.25,15.77,24.03,3256.5473376983846,14.713274565258772,-137.72688400047969,4,1
2012-11-07 01:34:02.127972+00:00,6.11,13.4,20.44,3530.164531283824,15.011511285327153,-137.13041056034294,3,1
2012-11-07 01:50:02.127972+00:00,5.64,12.42,18.95,3038.457305333261,14.667701613714808,-137.81802990356763,3,1
2012-11-07 01:59:02.127972+00:00,6.28,13.75,20.97,3038.457305333261,14.667701613714808,-137.81802990356763,3,1
2012-11-07 02:04:02.127972+00:00,6.7,14.63,22.29,3247.9048823374974,14.787116993029644,-137.57919914493797,3,1
2012-11-07 02:09:02.127972+00:00,6.76,14.75,22.48,3247.9048823374974,14.787116993029644,-137.57919914493797,3,1
2012-11-07 02:14:02.127972+00:00,6.55,14.31,21.82,3138.6971866140393,14.588331027361669,-137.9767710762739,4,1
2012-11-07 02:20:02.127972+00:00,6.47,14.16,21.58,1990.4633976571788,13.476149252340402,-140.20113462631645,3,1
2012-11-07 02:24:02.127972+00:00,6.47,14.16,21.58,1990.4633976571788,13.476149252340402,-140.20113462631645,3,1
2012-11-07 03:58:02.127972+00:00,5.64,12.42,18.95,2828.0698185242927,14.696276860435288,-137.76087941012668,3,1
2012-11-07 07:03:02.127972+00:00,4.53,10.04,15.34,4149.577972375244,15.277001007629456,-136.59943111573833,3,1
2012-11-07 07:22:02.127972+00:00,4.18,9.29,14.2,5211.678761981711,15.950297436457737,-135.25283825808177,3,1
2012-11-07 07:28:02.127972+00:00,4.16,9.26,14.15,5211.678761981711,15.950297436457737,-135.25283825808177,3,1
2012-11-07 08:38:02.127972+00:00,4.19,9.33,14.26,3811.6837128174866,15.097430876978237,-136.95857137704078,5,1
2012-11-07 08:42:02.127972+00:00,4.31,9.58,14.64,3811.6837128174866,15.097430876978237,-136.95857137704078,5,1
2012-11-07 08:45:02.127972+00:00,4.38,9.72,14.86,3811.6837128174866,15.097430876978237,-136.95857137704078,5,1
2012-11-07 08:47:02.127972+00:00,4.36,9.69,14.81,3686.484633248739,15.034171927514253,-137.08508927596876,6,1
2012-11-07 08:52:02.127972+00:00,4.67,10.36,15.82,3561.2855536799916,14.970912978050263,-137.21160717489673,7,1
2012-11-07 08:57:02.127972+00:00,4.77,10.56,16.13,3394.715269761926,14.918703051182709,-137.31602702863182,6,1
2012-11-07 09:00:02.127972+00:00,5.81,12.77,19.48,3561.2855536799916,14.970912978050263,-137.21160717489673,7,1
2012-11-07 09:02:02.127972+00:00,5.92,12.99,19.82,3559.6126092237073,15.055301431480215,-137.04283026803682,6,1
2012-11-07 09:04:02.127972+00:00,5.92,12.99,19.82,3559.6126092237073,15.055301431480215,-137.04283026803682,6,1
2012-11-07 09:05:02.127972+00:00,5.9,12.96,19.77,3559.6126092237073,15.055301431480215,-137.04283026803682,6,1
2012-11-07 09:10:02.127972+00:00,5.89,12.93,19.72,3908.2778673760104,15.36117596116594,-136.43108120866538,8,1
2012-11-07 09:15:02.127972+00:00,5.9,12.96,19.77,3891.080232603555,15.478242183686596,-136.19694876362405,5,2
2012-11-07 09:20:02.127972+00:00,17.53,36.43,40.0,3786.2132388239656,15.577302936427133,-135.998827258143,5,1
2012-11-07 09:24:02.127972+00:00,17.53,36.43,40.0,3592.7570772045483,15.26271074666068,-136.6280116376759,6,1
2012-11-07 09:28:02.127972+00:00,17.53,36.43,40.0,3259.395836648395,14.94811855689423,-137.2571960172088,5,1
2012-11-07 09:32:02.127972+00:00,9.44,20.25,30.79,2984.353199086784,14.573840407989865,-138.00575231501753,5,1
2012-11-07 09:36:02.127972+00:00,7.3,15.87,24.17,2297.6794867188937,14.499274620267816,-138.1548838904616,5,1
2012-11-07 09:40:02.127972+00:00,40.0,40.0,40.0,2221.420122536065,14.349005926226,-138.45542127854526,4,1
2012-11-07 09:46:02.127972+00:00,40.0,40.0,40.0,3792.603150443444,19.724738554973644,-127.70395602104996,9,1
2012-11-07 09:50:02.127972+00:00,40.0,40.0,40.0,5019.627096899033,21.826252660380653,-123.50092781023594,7,2
2012-11-07 09:51:02.127972+00:00,40.0,40.0,40.0,5019.627096899033,21.826252660380653,-123.50092781023594,7,3
2012-11-07 09:55:02.127972+00:00,40.0,40.0,40.0,5019.627096899033,21.826252660380653,-123.50092781023594,7,1
2012-11-07 15:47:02.129514+00:00,13.03,27.47,40.0,2127.6635812407512,18.68692083650255,-129.14258213498852,18,1
2012-11-07 15:48:02.129514+00:00,13.05,27.51,40.0,2127.6635812407512,18.68692083650255,-129.14258213498852,20,1
2012-11-07 15:49:02.129514+00:00,12.9,27.21,40.0,2127.6635812407512,18.60590699593319,-129.3046098161272,22,3
2012-11-07 15:50:02.129514+00:00,13.22,27.85,40.0,2127.6635812407512,18.60590699593319,-129.3046098161272,24,2
2012-11-07 15:51:02.129514+00:00,13.49,28.39,40.0,2127.6635812407512,18.68692083650255,-129.14258213498852,26,2
2012-11-07 15:52:02.129514+00:00,12.47,26.35,39.96,2127.6635812407512,18.82974126285019,-128.85694128229323,28,2
2012-11-07 15:53:02.129514+00:00,11.98,25.38,38.5,2127.580681389926,19.00136762885819,-128.5136885502772,31,3
2012-11-07 15:54:02.129514+00:00,10.66,22.71,34.49,2127.580681389926,19.041381456526057,-128.43366089494148,33,2
2012-11-07 15:56:02.129514+00:00,12.16,25.74,39.04,2187.936076560119,19.15170780250699,-128.2130082029796,38,1
2012-11-07 15:57:02.129514+00:00,10.2,21.78,33.09,2249.0596010268723,19.08811924111085,-128.3401853257719,40,2
2012-11-07 15:58:02.129514+00:00,9.99,21.35,32.44,2249.0596010268723,19.08811924111085,-128.3401853257719,42,2
2012-11-07 15:59:02.129514+00:00,9.68,20.74,31.51,2249.0596010268723,19.062990374290052,-128.39044305941349,42,2
2012-11-07 16:00:02.129514+00:00,9.08,19.52,29.68,2246.463697662419,19.08381713446281,-128.34878953906798,41,2
2012-11-07 16:01:02.129514+00:00,8.26,17.85,27.17,2187.936076560119,19.062990374290052,-128.39044305941349,40,2
2012-11-07 16:02:02.129514+00:00,7.91,17.14,26.09,2102.3297128428526,19.062990374290052,-128.39044305941349,40,3
2012-11-07 16:03:02.129514+00:00,8.58,18.51,28.16,2102.3297128428526,19.114022284808257,-128.28837923837708,38,2
2012-11-07 16:04:02.129514+00:00,8.34,18.01,27.4,2126.0698705494674,19.2109942572551,-128.0944352934834,35,3
2012-11-07 16:05:02.129514+00:00,8.28,17.88,27.21,2214.1890723571364,19.213659417510726,-128.08910497297214,34,2
2012-11-07 16:06:02.129514+00:00,8.54,18.42,28.02,2302.3082741648054,19.2109942572551,-128.0944352934834,33,2
2012-11-07 16:07:02.129514+00:00,0.0,0.02,0.04,2214.1890723571364,19.1776108462044,-128.1612021155848,32,3
2012-11-07 16:08:02.129514+00:00,9.16,19.68,29.92,2214.1890723571364,19.1776108462044,-128.1612021155848,30,2
2012-11-07 16:09:02.129514+00:00,9.03,19.42,29.54,2224.517102871728,19.213659417510726,-128.08910497297214,28,2
2012-11-07 16:10:02.129514+00:00,8.91,19.17,29.15,2224.517102871728,19.213659417510726,-128.08910497297214,26,2
2012-11-07 16:11:02.129514+00:00,8.74,18.82,28.63,2224.517102871728,19.1776108462044,-128.1612021155848,24,1
2012-11-07 16:12:02.129514+00:00,19.14,39.64,40.0,2224.517102871728,19.18027600646003,-128.15587179507352,22,1
2012-11-08 00:33:02.121056+00:00,34.09,40.0,40.0,2663.9168564448005,14.944011251610638,-139.29953278058002,3,1
2012-11-08 00:35:02.121056+00:00,34.09,40.0,40.0,2663.9168564448005,14.944011251610638,-139.29953278058002,3,1
2012-11-08 00:38:02.121056+00:00,34.09,40.0,40.0,2663.9168564448005,14.944011251610638,-139.29953278058002,3,1
2012-11-08 19:46:02.122598+00:00,2.18,4.9,7.51,2688.2139718839076,14.93692876452532,-138.49576867239043,3,1
2012-11-08 19:50:02.122598+00:00,2.18,4.9,7.51,2688.2139718839076,14.93692876452532,-138.49576867239043,3,1
2012-11-08 19:55:02.122598+00:00,2.12,4.78,7.33,2782.5395092896533,14.95717004498133,-138.45528611147842,4,1
2012-11-08 20:00:02.122598+00:00,2.4,5.41,8.28,3015.8157112150516,15.14659614435892,-138.07643391272325,3,1
2012-11-08 20:06:02.122598+00:00,3.69,8.23,12.59,3107.874141355241,15.317649704022854,-137.73432679339538,4,1
2012-11-08 20:11:02.122598+00:00,4.69,10.39,15.87,3199.9325714954307,15.32211783232034,-137.72539053680043,3,1
2012-11-08 20:15:02.122598+00:00,4.69,10.39,15.87,3199.9325714954307,15.32211783232034,-137.72539053680043,3,1
2012-11-08 20:27:02.122598+00:00,4.77,10.56,16.13,3247.629874514411,15.52090793620382,-137.32781032903344,3,1
2012-11-08 20:30:02.122598+00:00,4.8,10.63,16.24,3125.4232313310504,15.438124644706471,-137.49337691202814,4,1
2012-11-08 20:35:02.122598+00:00,4.99,11.04,16.85,3003.21658814769,15.355341353209129,-137.65894349502284,5,1
2012-11-08 20:38:02.122598+00:00,5.07,11.2,17.11,2569.2657416928428,15.15709852303776,-138.05542915536557,5,1
2012-11-08 20:42:02.122598+00:00,5.15,11.37,17.36,2455.0264220041167,14.765220512520552,-138.83918517639998,5,1
2012-11-08 20:46:02.122598+00:00,5.33,11.77,17.96,2220.375245619176,14.286963569312094,-139.7956990628169,4,1
2012-11-08 20:50:02.122598+00:00,5.41,11.93,18.21,1985.7240692342348,13.808706626103636,-140.75221294923384,3,1
2012-11-09 01:28:02.124140+00:00,1.32,2.99,4.58,3104.9783863426496,19.201781329090753,-129.91819103836156,23,2
2012-11-09 01:29:02.124140+00:00,1.65,3.73,5.71,3104.9783863426496,19.201781329090753,-129.91819103836156,25,2
2012-11-09 01:30:02.124140+00:00,2.68,6.02,9.22,2891.6709918043252,19.101329762585415,-130.11909417137224,28,2
2012-11-09 01:31:02.124140+00:00,1.48,3.34,5.11,2996.7170867372593,19.201781329090753,-129.91819103836156,31,3
2012-11-09 01:32:02.124140+00:00,29.53,40.0,40.0,2903.46243036501,19.20197016490031,-129.91781336674245,34,3
2012-11-09 01:33:02.124140+00:00,29.64,40.0,40.0,2810.20777399276,19.201781329090753,-129.91819103836156,35,1
2012-11-09 01:34:02.124140+00:00,0.0,0.02,0.04,2786.6248968713917,19.041155648378453,-130.23944239978616,37,3
2012-11-09 01:35:02.124140+00:00,0.01,0.02,0.02,2770.8932706821333,19.121468488734603,-130.07881671907387,38,3
2012-11-09 01:36:02.124140+00:00,0.01,0.02,0.04,2717.170707505112,19.20197016490031,-129.91781336674245,40,2
2012-11-09 01:37:02.124140+00:00,28.19,40.0,40.0,2679.17977051735,19.201781329090753,-129.91819103836156,43,1
2012-11-09 01:38:02.124140+00:00,0.0,0.01,0.04,2589.6761987249192,19.206188381007102,-129.90937693452886,44,2
2012-11-09 01:39:02.124140+00:00,27.57,40.0,40.0,2644.2895294072823,19.21021776130434,-129.90131817393438,43,3
2012-11-09 01:40:02.124140+00:00,26.63,40.0,40.0,2524.8461514336623,19.313212541258203,-129.69532861402666,42,3
2012-11-09 01:41:02.124140+00:00,28.33,40.0,40.0,2504.1847433100047,19.28387468359961,-129.75400432934384,40,2
2012-11-09 01:42:02.124140+00:00,29.53,40.0,40.0,2426.717799141836,19.357531605894877,-129.6066904847533,37,2
2012-11-09 01:43:02.124140+00:00,30.17,40.0,40.0,2419.804001853675,19.357531605894877,-129.6066904847533,35,2
2012-11-09 01:44:02.124140+00:00,29.85,40.0,40.0,2456.7720268244575,19.40906944199051,-129.50361481256206,32,2
2012-11-09 01:45:02.124140+00:00,31.28,40.0,40.0,2387.0193099355047,19.40906944199051,-129.50361481256206,30,1
2012-11-09 01:46:02.124140+00:00,7.85,17.01,25.9,2354.2346180173345,19.40591359548508,-129.5099265055729,27,2
2012-11-09 01:47:02.124140+00:00,7.9,17.11,26.04,2354.2346180173345,19.40591359548508,-129.5099265055729,25,3
2012-11-09 01:48:02.124140+00:00,7.94,17.2,26.18,2289.8664462801453,19.30806567839471,-129.70562233975366,24,1
2012-11-09 01:49:02.124140+00:00,7.69,16.67,25.38,2102.002515148933,19.30806567839471,-129.70562233975366,22,2
2012-11-09 14:46:02.125682+00:00,26.24,40.0,40.0,1720.369221037488,15.30454396732437,-132.98506147221738,5,1
2012-11-09 14:50:02.125682+00:00,7.94,17.2,26.18,1720.369221037488,15.30454396732437,-132.98506147221738,9,2
2012-11-09 14:51:02.125682+00:00,7.66,16.61,25.29,1720.369221037488,15.339473402495528,-132.91520260187505,11,1
2012-11-09 14:56:02.125682+00:00,8.62,18.57,28.25,2122.528643930083,16.356096837591842,-130.88195573168244,19,2
2012-11-09 14:57:02.125682+00:00,0.25,0.57,0.88,2262.2408052013943,16.413733886093453,-130.76668163467923,21,2
2012-11-09 14:58:02.125682+00:00,9.28,19.93,30.3,2327.5561681348727,16.336080323656724,-130.92198875955268,24,1
2012-11-09 15:01:02.125682+00:00,9.41,20.19,30.69,2493.2206147264596,16.452104123502416,-130.6899411598613,28,3
2012-11-09 15:02:02.125682+00:00,9.32,20.0,30.4,2327.5561681348727,16.336080323656724,-130.92198875955268,30,1
2012-11-09 15:03:02.125682+00:00,9.51,20.38,30.98,2327.5561681348727,16.336080323656724,-130.92198875955268,30,1
2012-11-09 15:04:02.125682+00:00,9.6,20.57,31.27,2392.8715310683506,16.3160638097216,-130.9620217874229,31,2
2012-11-09 15:05:02.125682+00:00,9.92,21.22,32.25,2309.9289751140714,16.14935186754999,-131.29544567176612,34,3
2012-11-09 15:06:02.125682+00:00,9.95,21.29,32.35,2357.617145026749,16.19575594864405,-131.202637509578,33,2
2012-11-09 15:07:02.125682+00:00,10.21,21.81,33.14,2357.617145026749,16.19575594864405,-131.202637509578,31,3
2012-11-09 15:08:02.125682+00:00,10.15,21.68,32.94,2258.1219029824047,16.209505798088767,-131.17513781068857,30,2
2012-11-09 15:09:02.125682+00:00,10.31,22.01,33.43,2357.617145026749,16.3160638097216,-130.9620217874229,29,2
2012-11-09 15:10:02.125682+00:00,10.38,22.15,33.63,2357.617145026749,16.3160638097216,-130.9620217874229,29,3
2012-11-09 15:11:02.125682+00:00,10.46,22.31,33.88,2392.8715310683506,16.356096837591842,-130.88195573168244,27,2
2012-11-09 15:12:02.125682+00:00,10.51,22.41,34.04,2499.738840110739,16.452104123502416,-130.6899411598613,26,1
2012-11-09 15:14:02.125682+00:00,10.25,21.88,33.24,2599.594225464728,16.445997631842655,-130.7021541431808,24,3
2012-11-09 15:15:02.125682+00:00,11.13,23.66,35.92,2392.8715310683506,16.102947786455932,-131.38825383395425,21,1
2012-11-11 02:33:02.120308+00:00,6.62,14.47,22.06,2104.800212961203,14.92418838214483,-140.9359613738742,3,1
2012-11-11 02:38:02.120308+00:00,6.59,14.41,21.96,2730.895821219752,15.337790726329514,-140.10875668550483,3,1
2012-11-11 02:43:02.120308+00:00,6.22,13.62,20.78,3539.071697884857,15.739552544759656,-139.30523304864454,3,1
2012-11-11 02:49:02.120308+00:00,6.22,13.62,20.78,4639.033858029047,16.573210872658912,-137.63791639284602,3,1
2012-11-11 02:56:02.120308+00:00,5.84,12.83,19.58,4880.546862054574,16.703668397817122,-137.37700134252964,3,1
2012-11-11 03:02:02.120308+00:00,5.67,12.48,19.04,4689.678743837826,16.498516157899424,-137.78730582236503,4,1
2012-11-11 03:06:02.120308+00:00,5.67,12.48,19.04,4689.678743837826,16.498516157899424,-137.78730582236503,4,1
2012-11-11 03:11:02.120308+00:00,5.02,11.1,16.96,4376.3672974633555,16.285752103849013,-138.21283393046582,4,1
2012-11-11 03:16:02.120308+00:00,4.69,10.39,15.87,4376.3672974633555,16.285752103849013,-138.21283393046582,4,1
2012-11-11 03:22:02.120308+00:00,3.2,7.17,10.97,5963.305499966094,17.081756179007847,-136.62082578014815,4,1
2012-11-11 03:27:02.120308+00:00,12.97,27.36,40.0,5963.305499966094,17.1463447924464,-136.49164855327106,4,1
2012-11-11 03:31:02.120308+00:00,0.0,0.01,0.04,5840.75198201331,17.131266226636143,-136.52180568489158,5,1
2012-11-11 03:33:02.120308+00:00,12.95,27.32,40.0,4760.385414898901,17.1463447924464,-136.49164855327106,4,1
2012-11-11 03:37:02.120308+00:00,12.92,27.24,40.0,4269.614301494887,17.008807620432233,-136.7667228972994,4,1
2012-11-11 03:43:02.120308+00:00,1.84,4.15,6.36,5104.316791110848,16.856191882607813,-137.07195437294823,3,1
2012-11-11 03:48:02.120308+00:00,1.05,2.39,3.66,5641.296160272041,17.236397607893622,-136.31154292237662,3,1
2012-11-11 03:54:02.120308+00:00,8.68,18.7,28.44,5702.381727511561,17.236397607893622,-136.31154292237662,3,1
2012-11-11 03:59:02.120308+00:00,9.05,19.46,29.58,5702.381727511561,16.964631705686493,-136.8550747267909,3,1
2012-11-11 04:05:02.120308+00:00,0.0,0.01,0.04,5074.015746318538,16.842316584563655,-137.09970496903657,3,1
2012-11-11 04:14:02.120308+00:00,0.01,0.02,0.04,5074.015746318538,16.842316584563655,-137.09970496903657,3,1
2012-11-11 04:22:02.120308+00:00,0.89,2.02,3.09,5438.22191778699,16.866180762207996,-137.05197661374788,4,1
2012-11-11 04:26:02.120308+00:00,0.61,1.39,2.13,5522.0807774568875,16.905442175418575,-136.97345378732672,4,1
2012-11-11 04:31:02.120308+00:00,0.61,1.39,2.13,5605.6573249672165,16.92083941098481,-136.94265931619424,5,1
2012-11-11 04:35:02.120308+00:00,1.1,2.5,3.83,5642.709986847873,16.93312660933058,-136.91808491950272,4,1
2012-11-11 04:41:02.120308+00:00,1.05,2.39,3.66,5679.762648728529,16.945413807676342,-136.8935105228112,3,1
2012-11-11 04:47:02.120308+00:00,0.52,1.18,1.81,6484.247695636013,17.510602498228103,-135.76313314170767,4,1
2012-11-11 04:52:02.120308+00:00,0.01,0.05,0.1,6484.247695636013,17.510602498228103,-135.76313314170767,4,1
2012-11-11 04:57:02.120308+00:00,1.48,3.34,5.11,6272.794264917251,17.40883285498722,-135.96667242818944,4,1
2012-11-11 05:01:02.120308+00:00,1.48,3.34,5.11,6272.794264917251,17.40883285498722,-135.96667242818944,4,1
2012-11-11 05:06:02.120308+00:00,0.03,0.05,0.05,6154.411804663461,17.3784714806069,-136.02739517695005,4,1
2012-11-11 05:11:02.120308+00:00,0.01,0.05,0.1,6060.424322510363,17.24554234134392,-136.29325345547602,4,1
2012-11-11 05:19:02.120308+00:00,0.0,0.01,0.04,5092.655101309727,16.761575294361435,-137.261187549441,3,1
2012-11-11 05:25:02.120308+00:00,3.67,8.19,12.53,4181.6699745014585,16.465968471573483,-137.8524011950169,3,1
2012-11-11 05:33:02.120308+00:00,3.8,8.47,12.95,3938.80231837988,16.328490755074995,-138.12735662801387,3,1
2012-11-12 07:01:02.123392+00:00,7.61,16.52,25.15,1564.7590380019294,14.000460017958105,-142.27099127465237,3,1
2012-11-12 07:06:02.123392+00:00,7.52,16.33,24.87,1612.455500694684,14.018207954800602,-142.23549540096735,4,1
2012-11-12 07:10:02.123392+00:00,7.25,15.77,24.03,1660.1519633874389,14.035955891643102,-142.19999952728236,5,1
2012-11-12 07:15:02.123392+00:00,6.89,15.03,22.9,1801.1647214549257,14.26427408671598,-141.7433631371366,5,1
2012-11-12 07:19:02.123392+00:00,6.85,14.94,22.76,1814.3233176820172,14.404115589356916,-141.46368013185474,4,1
2012-11-12 07:24:02.123392+00:00,5.7,12.54,19.14,1962.0614044144836,14.57794682182781,-141.11601766691297,5,1
2012-11-12 07:29:02.123392+00:00,5.47,12.06,18.41,2563.024159503952,14.790180026209052,-140.69155125815047,5,1
2012-11-12 07:34:02.123392+00:00,5.33,11.77,17.96,2889.4815091038404,15.019947187109365,-140.23201693634985,4,1
2012-11-12 07:38:02.123392+00:00,5.24,11.57,17.66,3215.938858703729,15.249714348009675,-139.7724826145492,3,1
2012-11-12 18:11:02.124933+00:00,5.99,13.15,20.06,3170.1293477533277,14.522253268635811,-135.72832737798672,3,1
2012-11-13 04:41:02.126475+00:00,30.88,40.0,40.0,4298.170969944073,20.78003094687423,-125.5857863667698,4,2
2012-11-13 04:42:02.126475+00:00,30.88,40.0,40.0,4298.170969944073,20.78003094687423,-125.5857863667698,4,2
2012-11-13 12:22:02.128017+00:00,3.95,8.81,13.47,3081.3012784105053,14.328203618074262,-137.46140654655912,3,1
2012-11-13 12:26:02.128017+00:00,3.94,8.77,13.41,3162.158586963498,14.384494332365737,-137.34882511797616,4,1
2012-11-13 12:30:02.128017+00:00,3.85,8.58,13.12,3243.01589551649,14.440785046657208,-137.23624368939323,5,1
2012-11-13 12:34:02.128017+00:00,3.65,8.16,12.47,4130.412730328003,14.91588295031236,-136.28604788208295,5,1
2012-11-13 12:38:02.128017+00:00,3.87,8.62,13.18,4508.42652313613,15.215783023984828,-135.686247734738,5,1
2012-11-13 12:43:02.128017+00:00,3.92,8.73,13.35,5738.393373548928,15.632172162544997,-134.85346945761765,5,1
2012-11-13 12:47:02.128017+00:00,3.92,8.73,13.35,5738.393373548928,15.632172162544997,-134.85346945761765,5,1
2012-11-13 12:51:02.128017+00:00,3.99,8.89,13.58,5738.393373548928,15.632172162544997,-134.85346945761765,5,1
2012-11-13 12:55:02.128017+00:00,3.88,8.66,13.24,4939.431052028751,15.7509781730061,-134.61585743669545,5,1
2012-11-13 12:59:02.128017+00:00,3.63,8.12,12.41,4625.360588244254,15.401637715661124,-135.3145383513854,6,1
2012-11-13 13:03:02.128017+00:00,3.39,7.59,11.61,4574.4381650111245,15.374599852007991,-135.36861407869168,6,1
2012-11-13 13:06:02.128017+00:00,3.32,7.42,11.36,4483.832496662479,15.346125297661766,-135.4255631873841,5,1
2012-11-13 13:09:02.128017+00:00,3.3,7.38,11.29,4558.781849923049,15.374599852007991,-135.36861407869168,6,1
2012-11-13 13:13:02.128017+00:00,3.3,7.38,11.29,4633.731203183618,15.403074406354216,-135.31166496999924,5,1
2012-11-13 13:17:02.128017+00:00,3.35,7.51,11.48,4919.487191543111,15.50994368576204,-135.09792641118355,6,1
2012-11-13 13:20:02.128017+00:00,3.2,7.17,10.97,5173.930549726452,15.605851342937733,-134.90611109683218,5,1
2012-11-13 13:24:02.128017+00:00,3.22,7.21,11.03,5532.885561484742,15.952504913688587,-134.2128039553305,5,1
2012-11-13 13:27:02.128017+00:00,3.16,7.08,10.83,5532.885561484742,15.952504913688587,-134.2128039553305,5,1
2012-11-13 13:31:02.128017+00:00,2.96,6.64,10.15,5173.930549726452,15.605851342937733,-134.90611109683218,5,1
2012-11-13 13:34:02.128017+00:00,2.83,6.36,9.73,4943.39353110351,15.401373855141983,-135.3150660724237,5,1
2012-11-13 13:38:02.128017+00:00,2.85,6.4,9.8,4801.583712593161,15.301915497724009,-135.51398278725964,5,1
2012-11-13 13:42:02.128017+00:00,5.43,11.96,18.26,4444.679137374497,15.351644676432995,-135.41452442984166,6,1
2012-11-13 13:45:02.128017+00:00,5.2,11.47,17.51,4237.304373380797,15.330862952599492,-135.45608787750865,6,1
2012-11-13 13:48:02.128017+00:00,5.13,11.34,17.31,4353.438699508645,15.359810407474978,-135.3981929677577,7,1
2012-11-13 13:49:02.128017+00:00,5.9,12.96,19.77,4237.304373380797,15.410037968645687,-135.2977378454163,6,1
2012-11-13 13:53:02.128017+00:00,5.55,12.22,18.65,4080.511359766926,15.410037968645687,-135.2977378454163,6,1
2012-11-13 13:57:02.128017+00:00,5.2,11.47,17.51,4237.304373380797,15.506696620016667,-135.10442054267432,6,1
2012-11-13 14:00:02.128017+00:00,4.04,9.0,13.75,4885.440685887221,15.553127710216936,-135.01155836227375,5,1
2012-11-13 14:04:02.128017+00:00,3.88,8.66,13.24,5101.800007407689,15.764419259581684,-134.58897526354428,5,1
2012-11-13 14:08:02.128017+00:00,3.97,8.85,13.53,5448.2993819857575,15.858899290141084,-134.4000152024255,5,1
2012-11-13 14:12:02.128017+00:00,3.8,8.47,12.95,5775.213065187089,15.858899290141084,-134.4000152024255,5,1
2012-11-13 14:15:02.128017+00:00,4.93,10.9,16.65,5448.2993819857575,15.764419259581684,-134.58897526354428,5,1
2012-11-13 14:19:02.128017+00:00,5.57,12.25,18.7,5448.2993819857575,15.75339005585626,-134.61103367099514,5,1
2012-11-13 14:23:02.128017+00:00,5.9,12.96,19.77,4384.319945174277,15.097882047839429,-135.9220496870288,5,1
2012-11-13 14:27:02.128017+00:00,5.87,12.9,19.67,3724.540854593468,14.863133408397031,-136.3915469659136,5,1
2012-11-13 14:30:02.128017+00:00,5.43,11.96,18.26,3430.8360545668934,14.614241403800849,-136.88933097510596,5,1
2012-11-13 14:34:02.128017+00:00,5.66,12.45,18.99,2828.08286178337,14.494913133696254,-137.12798751531514,5,1
2012-11-13 14:38:02.128017+00:00,5.33,11.77,17.96,2490.346063607346,14.194885766279436,-137.72804225014875,4,1
2012-11-13 14:42:02.128017+00:00,5.49,12.09,18.46,2152.6092654313215,13.894858398862622,-138.3280969849824,5,1
2012-11-13 14:49:02.128017+00:00,5.6,12.32,18.8,2178.3500847514624,13.710114159227428,-138.69758546425282,4,1
2012-11-13 14:52:02.128017+00:00,5.72,12.58,19.19,1901.1260043219663,13.302706032849969,-139.51240171700772,5,1
2012-11-13 14:55:02.128017+00:00,5.67,12.48,19.04,2245.3687031729733,13.759533026478184,-138.5987477297513,4,1
2012-11-13 14:59:02.128017+00:00,5.89,12.93,19.72,1901.1260043219663,13.302706032849969,-139.51240171700772,3,1
2012-11-13 15:10:02.128017+00:00,5.92,12.99,19.82,2353.049351803318,13.94018484273346,-138.23744409724074,3,1
2012-11-13 15:13:02.128017+00:00,6.08,13.34,20.35,2147.099973799206,13.925888036659396,-138.26603770938885,4,1
2012-11-13 15:17:02.128017+00:00,6.11,13.4,20.44,2147.099973799206,13.925888036659396,-138.26603770938885,4,1
2012-11-13 15:21:02.128017+00:00,6.28,13.75,20.97,1941.1505957950944,13.911591230585332,-138.294631321537,3,1
2012-11-14 03:58:02.129559+00:00,8.75,18.85,28.68,2414.50232977267,14.315482738029834,-141.31172156982944,3,1
2012-11-14 04:04:02.129559+00:00,8.07,17.45,26.56,2614.442202931529,14.618690604972748,-140.70530583594365,3,1
2012-11-14 04:09:02.129559+00:00,6.34,13.88,21.16,3083.6792617606625,14.628654761260693,-140.68537752336775,3,1
2012-11-14 04:15:02.129559+00:00,6.23,13.66,20.82,4013.61295251231,15.206375484379071,-139.529936077131,3,1
2012-11-14 04:21:02.129559+00:00,6.38,13.97,21.3,5687.342849368332,16.066254685853767,-137.8101776741816,3,1
2012-11-14 04:42:02.129559+00:00,7.18,15.62,23.79,2838.09569479489,14.438233185419644,-141.06622067504983,3,1
2012-11-14 04:50:02.129559+00:00,6.77,14.78,22.53,1794.5755588681768,13.684557952049316,-142.5735711417905,3,1
2012-11-14 04:56:02.129559+00:00,7.25,15.77,24.03,1667.0920633416622,13.549326795396482,-142.84403345509617,4,1
2012-11-14 05:01:02.129559+00:00,7.99,17.29,26.32,1647.9554622776443,13.414095638743644,-143.11449576840184,3,1
2012-11-14 05:06:02.129559+00:00,7.73,16.76,25.52,1647.9554622776443,13.414095638743644,-143.11449576840184,3,1
2012-11-15 04:42:02.122643+00:00,5.54,12.19,18.6,3523.585865140758,14.43248242602486,-138.5761870513685,3,1
2012-11-15 04:48:02.122643+00:00,4.93,10.9,16.65,4113.4541277954,15.117830260637788,-137.20549138214264,3,1
2012-11-15 04:53:02.122643+00:00,14.44,30.3,40.0,8832.69333529278,21.98043294939925,-123.48028600461971,9,1
2012-11-15 04:58:02.122643+00:00,14.44,30.3,40.0,7298.829100733696,20.778734279375,-125.8836833446682,10,1
2012-11-15 05:00:02.122643+00:00,14.44,30.3,40.0,7298.829100733696,20.778734279375,-125.8836833446682,10,3
2012-11-15 05:01:02.122643+00:00,14.44,30.3,40.0,7298.829100733696,20.778734279375,-125.8836833446682,10,3
2012-11-15 05:03:02.122643+00:00,14.44,30.3,40.0,7298.829100733696,20.778734279375,-125.8836833446682,10,1
2012-11-15 05:08:02.122643+00:00,14.44,30.3,40.0,5342.6897677068155,20.778734279375,-125.8836833446682,10,1
2012-11-15 05:15:02.122643+00:00,4.24,9.44,14.42,2206.7687425381396,15.033753488215345,-137.37364492698754,3,1
2012-11-15 05:23:02.122643+00:00,5.05,11.17,17.06,1937.7847997191975,15.57067905426341,-136.2997937948914,3,1
2012-11-15 05:28:02.122643+00:00,3.04,6.82,10.43,1937.7847997191975,15.57067905426341,-136.2997937948914,3,1
2012-11-15 05:33:02.122643+00:00,2.83,6.36,9.73,5570.536116408662,16.38998611950056,-134.6611796644171,3,1
2012-11-15 05:40:02.122643+00:00,3.14,7.04,10.77,5927.399577291594,16.38998611950056,-134.6611796644171,3,1
2012-11-15 05:49:02.122643+00:00,4.16,9.26,14.15,5927.399577291594,15.990308770026871,-135.46053436336447,3,1
2012-11-15 05:59:02.122643+00:00,4.39,9.76,14.91,3916.6428554035942,14.816821840668668,-137.80750822208088,3,1
2012-11-15 06:07:02.122643+00:00,5.15,11.37,17.36,3908.089026005,14.816821840668668,-137.80750822208088,3,1
2012-11-15 10:43:02.122643+00:00,10.36,22.11,33.58,1927.117142038454,13.414949209715433,-140.61125348398735,3,1
2012-11-15 10:49:02.122643+00:00,4.9,10.83,16.55,2486.912018843239,14.20776476887182,-139.02562236567456,4,1
2012-11-15 10:54:02.122643+00:00,4.9,10.83,16.55,2831.7764513441484,14.281133969619786,-138.87888396417864,3,1
2012-11-15 10:59:02.122643+00:00,4.88,10.8,16.5,3045.2773302956234,14.281133969619786,-138.87888396417864,3,1
2012-11-15 11:22:02.122643+00:00,3.76,8.39,12.83,5863.795673868218,15.931596947972071,-135.57795800747408,3,1
2012-11-15 11:27:02.122643+00:00,3.32,7.42,11.36,5820.775683503558,15.856004221186408,-135.7291434610454,4,1
2012-11-15 11:32:02.122643+00:00,3.22,7.21,11.03,5777.755693138897,15.780411494400738,-135.88032891461674,3,1
2012-11-15 11:36:02.122643+00:00,2.83,6.36,9.73,5800.973938705922,15.856004221186408,-135.7291434610454,4,1
2012-11-15 11:43:02.122643+00:00,12.0,25.41,38.55,5824.192184272947,16.41577447397651,-134.6096029554652,3,1
2012-11-15 11:50:02.122643+00:00,11.97,25.34,38.44,5295.920284664606,16.524670440429524,-134.39181102255918,4,1
2012-11-15 11:55:02.122643+00:00,11.98,25.38,38.5,4251.6147519239785,16.033855114070512,-135.3734416752772,4,1
2012-11-15 11:56:02.122643+00:00,11.98,25.38,38.5,4251.6147519239785,16.033855114070512,-135.3734416752772,4,1
2012-11-15 12:08:02.124185+00:00,5.26,11.6,17.71,3120.3406946153596,16.05748819894018,-136.11327682511285,3,1
2012-11-15 12:32:02.124185+00:00,40.0,40.0,40.0,4426.462726514072,21.834237190596404,-124.5597788418004,3,1
2012-11-15 12:36:02.124185+00:00,6.86,14.97,22.81,3345.399897573,18.26991762962443,-131.68841796374434,4,2
2012-11-15 12:43:02.124185+00:00,40.0,40.0,40.0,4426.462726514072,21.834237190596404,-124.5597788418004,3,1
2012-11-15 13:45:02.124185+00:00,4.93,10.9,16.65,2224.491746342038,14.233639848346929,-139.76097352629935,3,1
2012-11-15 13:51:02.124185+00:00,4.67,10.36,15.82,4396.739257039072,15.705806557399898,-136.81664010819338,4,1
2012-11-15 13:55:02.124185+00:00,4.67,10.36,15.82,4396.739257039072,15.705806557399898,-136.81664010819338,4,1
2012-11-15 14:01:02.124185+00:00,4.31,9.58,14.64,4739.901602406045,15.912669973000842,-136.4029132769915,4,1
2012-11-15 14:06:02.124185+00:00,2.04,4.6,7.05,4193.57605694012,15.716075138872878,-136.79610294524744,3,1
2012-11-15 14:12:02.124185+00:00,2.83,6.36,9.73,3562.3424482980904,15.716075138872878,-136.79610294524744,3,1
2012-11-15 14:20:02.124185+00:00,2.5,5.62,8.6,3271.960876178846,15.398556205724685,-137.43114081154386,3,1
2012-11-15 14:27:02.124185+00:00,2.4,5.41,8.28,1917.4406619860176,15.398556205724685,-137.43114081154386,3,1
2012-11-15 14:32:02.124185+00:00,1.62,3.65,5.6,1841.9271044239529,15.09560655951593,-138.03704010396137,3,1
2012-11-15 14:38:02.124185+00:00,4.11,9.15,13.98,1944.2514809788408,15.144172105530842,-137.93990901193155,4,1
2012-11-15 14:44:02.124185+00:00,6.38,13.97,21.3,2123.9145334907867,14.991216013632457,-138.2458211957283,4,1
2012-11-15 14:48:02.124185+00:00,6.89,15.03,22.9,2123.9145334907867,14.969346372231602,-138.28956047853,4,1
2012-11-15 14:52:02.124185+00:00,7.0,15.25,23.23,2046.5758575337293,14.79936149429214,-138.62953023440892,5,1
2012-11-15 14:57:02.124185+00:00,4.28,9.51,14.53,2127.585233373964,14.79936149429214,-138.62953023440892,5,1
2012-11-15 15:01:02.124185+00:00,3.94,8.77,13.41,2059.0382202607943,14.772658293604795,-138.68293663578362,4,1
2012-11-15 15:05:02.124185+00:00,3.85,8.58,13.12,1990.4912071476244,14.79936149429214,-138.62953023440892,3,1
2012-11-15 15:15:02.124185+00:00,2.85,6.4,9.8,3025.9264764381046,15.298919518800025,-137.63041418539316,3,1
2012-11-15 15:20:02.124185+00:00,2.81,6.31,9.66,3303.5406507680395,15.490373911487454,-137.2475054000183,3,1
2012-11-15 15:25:02.124185+00:00,2.52,5.67,8.68,3456.9163184344734,15.558439701305346,-137.1113738203825,4,1
2012-11-15 15:30:02.124185+00:00,3.1,6.95,10.63,3542.172791465253,15.6104602981559,-137.0073326266814,4,1
2012-11-15 15:37:02.124185+00:00,0.01,0.02,0.04,3532.725287744626,15.694100982167374,-136.84005125865846,4,1
2012-11-15 15:41:02.124185+00:00,0.01,0.02,0.07,3175.517018970545,15.463552372591836,-137.30114847780953,4,1
2012-11-15 15:45:02.124185+00:00,2.43,5.46,8.36,3167.4703519085765,15.269449465673272,-137.68935429164665,5,1
2012-11-15 15:49:02.124185+00:00,2.72,6.12,9.36,3116.929373261441,15.10425212539448,-138.01974897220424,6,1
2012-11-15 15:54:02.124185+00:00,5.16,11.4,17.41,2877.253397297013,14.867814131907185,-138.49262495917884,6,1
2012-11-15 15:57:02.124185+00:00,5.33,11.77,17.96,2927.794375944149,14.867814131907185,-138.49262495917884,6,1
2012-11-15 15:59:02.124185+00:00,5.35,11.8,18.01,2927.794375944149,14.867814131907185,-138.49262495917884,6,1
2012-11-15 16:02:02.124185+00:00,5.46,12.03,18.36,3167.4703519085765,14.93905478511569,-138.35014365276183,5,1
2012-11-15 16:04:02.124185+00:00,4.94,10.94,16.7,4162.283385571642,15.351821817354532,-137.52460958828414,4,1
2012-11-15 16:14:02.124185+00:00,5.38,11.86,18.11,5403.598331805596,15.66794597340489,-136.8923612761834,3,1
2012-11-15 16:21:02.124185+00:00,5.5,12.12,18.5,3744.3801305719744,15.017124130011636,-138.19400496296993,3,1
2012-11-15 16:26:02.124185+00:00,5.84,12.83,19.58,3096.605565903055,14.735530061025772,-138.75719310094166,3,1
2012-11-15 18:21:02.124185+00:00,12.73,26.87,40.0,3806.0217734074754,15.209759007060487,-137.80873520887224,3,1
2012-11-15 18:26:02.124185+00:00,3.56,7.96,12.17,4231.839218682391,15.55182288899873,-137.12460744499575,3,1
2012-11-15 18:32:02.124185+00:00,4.34,9.65,14.75,6028.0598220411985,16.541487530816287,-135.14527816136064,3,1
2012-11-15 18:37:02.124185+00:00,3.49,7.79,11.92,7817.442848916891,16.666762416795432,-134.89472838940233,3,1
2012-11-15 18:43:02.124185+00:00,3.18,7.12,10.9,8184.381980869839,17.06082809022346,-134.1065970425463,4,1
2012-11-15 18:47:02.124185+00:00,3.06,6.86,10.5,8257.529084976391,17.062705295740678,-134.10284263151186,4,1
2012-11-15 18:51:02.124185+00:00,3.04,6.82,10.43,7817.442848916891,16.913020556885044,-134.40221210922311,5,1
2012-11-15 18:57:02.124185+00:00,3.18,7.12,10.9,7742.211047810728,17.062705295740678,-134.10284263151186,4,1
2012-11-15 19:00:02.124185+00:00,2.92,6.54,10.01,7867.2246357470285,16.9914463680506,-134.245360486892,4,1
2012-11-15 19:08:02.124185+00:00,1.78,4.02,6.15,4091.362669167668,16.584695345259348,-135.0588625324745,3,1
2012-11-15 20:04:02.124185+00:00,6.25,13.69,20.87,3117.0739152730366,14.74172686918046,-138.7447994846323,3,1
2012-11-15 20:09:02.124185+00:00,5.95,13.06,19.92,3146.2772594324924,14.889561739416555,-138.4491297441601,4,1
2012-11-15 20:17:02.124185+00:00,5.76,12.67,19.34,4131.18295527676,15.675956477589736,-136.87634026781373,3,1
2012-11-15 20:23:02.124185+00:00,6.05,13.28,20.25,4383.838859692476,15.771955625607395,-136.68434197177842,4,1
2012-11-15 20:27:02.124185+00:00,6.04,13.25,20.2,4131.18295527676,15.675956477589736,-136.87634026781373,5,1
2012-11-15 20:31:02.124185+00:00,6.17,13.53,20.63,3786.5863935426646,15.547702196132972,-137.13284883072726,4,1
2012-11-15 20:36:02.124185+00:00,6.16,13.5,20.59,3441.989831808569,15.419447914676208,-137.38935739364078,3,1
2012-11-15 20:50:02.124185+00:00,7.07,15.4,23.47,1780.5659959421955,14.129982527151002,-139.9682881686912,3,1
2012-11-15 20:53:02.124185+00:00,7.09,15.43,23.51,1780.5659959421955,14.129982527151002,-139.9682881686912,3,1
2012-11-15 20:59:02.124185+00:00,7.22,15.71,23.93,1780.5659959421955,14.129982527151002,-139.9682881686912,3,1
2012-11-16 08:47:02.125727+00:00,4.53,10.04,15.34,2187.16247140878,14.048197651366303,-136.87539913332486,4,1
2012-11-16 08:52:02.125727+00:00,4.36,9.69,14.81,2817.425720992338,14.543505589782622,-135.88478325649223,4,1
2012-11-16 08:57:02.125727+00:00,4.57,10.15,15.5,3328.7846622188295,14.599455069528483,-135.7728842970005,4,1
2012-11-16 09:01:02.125727+00:00,4.57,10.15,15.5,3328.7846622188295,14.599455069528483,-135.7728842970005,4,1
2012-11-16 09:07:02.125727+00:00,21.22,40.0,40.0,3815.435535737705,14.941985061269364,-135.08782431351875,3,1
2012-11-16 09:14:02.125727+00:00,4.59,10.18,15.56,4076.564463821642,15.160777329372417,-134.65023977731263,3,1
2012-11-16 09:20:02.125727+00:00,4.59,10.18,15.56,4304.593653134317,15.17771714307396,-134.61636014990955,3,1
2012-11-16 09:28:02.125727+00:00,4.57,10.15,15.5,4591.748022376932,15.320382482996846,-134.33102947006378,3,1
2012-11-16 09:34:02.125727+00:00,5.07,11.2,17.11,4591.748022376932,15.320382482996846,-134.33102947006378,3,1
2012-11-16 09:41:02.125727+00:00,3.04,6.82,10.43,4620.298013691474,15.438211245501758,-134.09537194505396,3,1
2012-11-16 09:48:02.125727+00:00,3.08,6.91,10.57,5738.653802023357,16.09181583740777,-132.78816276124192,3,1
2012-11-16 09:55:02.125727+00:00,3.06,6.86,10.5,5977.051496662649,16.09181583740777,-132.78816276124192,3,1
2012-11-16 10:02:02.125727+00:00,3.76,8.39,12.83,5977.051496662649,16.062398020432752,-132.84699839519195,3,1
2012-11-16 10:17:02.125727+00:00,2.98,6.68,10.22,4768.308684669146,15.412249660521429,-134.1472951150146,3,1
2012-11-16 10:21:02.125727+00:00,2.98,6.68,10.22,4768.308684669146,15.412249660521429,-134.1472951150146,3,1
2012-11-16 10:26:02.125727+00:00,2.96,6.64,10.15,4704.249868186892,15.56569401995806,-133.84040639614136,4,1
2012-11-16 10:32:02.125727+00:00,33.29,40.0,40.0,5491.94538340555,16.21891130961116,-132.53397181683516,4,1
2012-11-16 10:37:02.125727+00:00,0.0,0.02,0.04,5539.551306316114,16.147794834806596,-132.6762047664443,4,1
2012-11-16 10:41:02.125727+00:00,0.0,0.02,0.04,5539.551306316114,16.147794834806596,-132.6762047664443,4,1
2012-11-16 10:47:02.125727+00:00,0.0,0.01,0.04,6533.069699696012,16.147794834806596,-132.6762047664443,4,1
2012-11-16 10:51:02.125727+00:00,32.97,40.0,40.0,6533.069699696012,16.087075790659817,-132.79764285473783,4,1
2012-11-16 11:00:02.125727+00:00,10.25,21.88,33.24,4202.512316134512,19.349262233991627,-126.2732699680742,5,1
2012-11-16 11:08:02.125727+00:00,10.23,21.85,33.19,4171.929722054056,19.349262233991627,-126.2732699680742,5,1
2012-11-16 11:09:02.125727+00:00,10.23,21.85,33.19,4171.929722054056,19.349262233991627,-126.2732699680742,5,2
2012-11-16 11:16:02.125727+00:00,10.25,21.88,33.24,4171.929722054056,19.349262233991627,-126.2732699680742,5,1
2012-11-16 11:22:02.125727+00:00,3.37,7.55,11.55,4269.530507134098,15.522667903121308,-133.92645862981485,3,1
2012-11-16 11:29:02.125727+00:00,1.4,3.17,4.86,3786.622564475416,15.574398480300118,-133.82299747545724,4,1
2012-11-16 11:37:02.125727+00:00,1.4,3.17,4.86,3390.7130626759827,15.148964880948096,-134.67386467416128,4,1
2012-11-16 11:38:02.125727+00:00,1.4,3.17,4.86,3390.7130626759827,15.148964880948096,-134.67386467416128,4,1
2012-11-16 11:44:02.125727+00:00,1.1,2.5,3.83,3390.7130626759827,15.160567481720928,-134.65065947261564,4,1
2012-11-16 11:50:02.125727+00:00,4.48,9.94,15.18,3477.7115035352317,14.910499265538707,-135.15079590498007,3,1
2012-11-17 08:26:02.128811+00:00,4.56,10.11,15.45,1801.3930073366582,14.841127204898832,-135.27001012459277,3,1
2012-11-17 08:30:02.128811+00:00,4.36,9.69,14.81,2477.83934011972,15.022180010471793,-134.90790451344685,4,1
2012-11-17 08:34:02.128811+00:00,4.24,9.44,14.42,2932.588307044897,15.203232816044752,-134.54579890230093,5,1
2012-11-17 08:39:02.128811+00:00,4.26,9.47,14.48,2932.588307044897,15.203232816044752,-134.54579890230093,5,1
2012-11-17 08:43:02.128811+00:00,4.18,9.29,14.2,2325.51643840188,14.97628065263356,-134.9997032291233,5,1
2012-11-17 08:47:02.128811+00:00,4.04,9.0,13.75,2325.51643840188,14.97628065263356,-134.9997032291233,5,1
2012-11-17 08:51:02.128811+00:00,3.69,8.23,12.59,2276.6716548295835,14.944012184352395,-135.06424016568565,4,1
2012-11-17 08:55:02.128811+00:00,3.76,8.39,12.83,1938.4142153540647,14.944012184352395,-135.06424016568565,4,1
2012-11-17 09:05:02.128811+00:00,2.47,5.56,8.52,1640.549695071092,15.098445859728823,-134.7553728149328,4,1
2012-11-17 09:10:02.128811+00:00,1.9,4.29,6.56,1912.3917314285784,15.301926534097884,-134.34841146619465,4,1
2012-11-17 09:14:02.128811+00:00,1.65,3.73,5.71,1912.3917314285784,15.301926534097884,-134.34841146619465,4,1
2012-11-17 09:20:02.128811+00:00,0.01,0.02,0.02,2116.773304727999,15.35966743599537,-134.2329296623997,4,1
2012-11-17 09:25:02.128811+00:00,0.0,0.02,0.04,2123.5181636317434,15.455016890588317,-134.0422307532138,4,1
2012-11-17 09:30:02.128811+00:00,0.61,1.39,2.13,2123.5181636317434,15.56712296073356,-133.8180186129233,4,1
2012-11-17 09:34:02.128811+00:00,0.01,0.02,0.02,2123.5181636317434,15.56712296073356,-133.8180186129233,4,1
2012-11-17 09:38:02.128811+00:00,0.76,1.73,2.65,2206.1753499733045,15.743757981022515,-133.4647485723454,3,1
2012-11-17 10:05:02.128811+00:00,1.84,4.15,6.36,1917.067863703882,15.951134676653956,-133.04999518108252,3,1
2012-11-17 10:09:02.128811+00:00,7.21,15.68,23.89,1747.573557013014,15.188956057937116,-134.57435241851618,3,1
2012-11-18 00:57:02.121895+00:00,5.44,11.99,18.31,1669.590397876833,14.516992157042267,-135.63808959370448,3,1
2012-11-18 01:02:02.121895+00:00,5.5,12.12,18.5,1712.5127432517922,14.395669022627434,-135.88073586253415,4,1
2012-11-18 01:06:02.121895+00:00,5.33,11.77,17.96,1712.5127432517922,14.395669022627434,-135.88073586253415,4,1
2012-11-18 01:09:02.121895+00:00,6.68,14.59,22.24,2055.2062837898607,14.340146148805925,-135.99178161017716,4,1
2012-11-18 01:18:02.121895+00:00,6.61,14.44,22.01,2354.9774789529697,14.405946409399249,-135.86018108899052,3,1
2012-11-18 01:23:02.121895+00:00,6.59,14.41,21.96,2714.9353126941573,14.803113940543646,-135.0658460267017,3,1
2012-11-18 01:29:02.121895+00:00,4.26,9.47,14.48,2917.069624736464,14.890775538945228,-134.89052282989854,4,1
2012-11-18 01:34:02.121895+00:00,3.8,8.47,12.95,3485.339583713998,15.221579992292176,-134.22891392320466,4,1
2012-11-18 01:38:02.121895+00:00,4.09,9.11,13.92,3485.339583713998,15.221579992292176,-134.22891392320466,4,1
2012-11-18 01:44:02.121895+00:00,1.72,3.87,5.94,2991.380451345048,14.978437137346807,-134.71519963309538,5,1
2012-11-18 01:49:02.121895+00:00,1.68,3.8,5.82,3016.802973594192,14.99673715193193,-134.67859960392514,4,1
2012-11-18 01:50:02.121895+00:00,1.24,2.8,4.3,3016.802973594192,14.99673715193193,-134.67859960392514,4,1
2012-11-18 01:52:02.121895+00:00,1.2,2.7,4.14,2054.307231105436,14.528751456626315,-135.61457099453636,5,1
2012-11-18 02:00:02.121895+00:00,13.39,28.19,40.0,4036.1451621401784,15.598701249083865,-133.4746714096213,6,1
2012-11-18 02:03:02.121895+00:00,13.39,28.19,40.0,4036.1451621401784,15.598701249083865,-133.4746714096213,4,1
2012-11-18 02:09:02.121895+00:00,13.39,28.19,40.0,4050.745634566287,15.590224843436353,-133.49162422091632,7,1
2012-11-18 02:10:02.121895+00:00,13.39,28.19,40.0,4050.745634566287,15.590224843436353,-133.49162422091632,7,1
2012-11-18 02:15:02.121895+00:00,22.83,40.0,40.0,4345.372055104638,15.643655978579435,-133.38476195063015,7,1
2012-11-18 02:16:02.121895+00:00,22.83,40.0,40.0,4198.058844835463,15.616940411007892,-133.43819308577324,8,1
2012-11-18 02:17:02.121895+00:00,22.83,40.0,40.0,4050.745634566287,15.590224843436353,-133.49162422091632,9,1
2012-11-18 02:22:02.121895+00:00,24.82,40.0,40.0,3638.699531798331,15.616940411007892,-133.43819308577324,8,1
2012-11-18 02:25:02.121895+00:00,24.82,40.0,40.0,3061.7383424427067,15.643655978579435,-133.38476195063015,9,1
2012-11-18 02:26:02.121895+00:00,24.82,40.0,40.0,2881.225039373712,15.525443399220231,-133.62118710934857,8,1
2012-11-18 02:27:02.121895+00:00,24.82,40.0,40.0,2881.225039373712,15.525443399220231,-133.62118710934857,8,1
2012-11-18 02:30:02.121895+00:00,24.82,40.0,40.0,3061.7383424427067,15.643655978579435,-133.38476195063015,7,1
2012-11-18 02:33:02.121895+00:00,19.01,39.37,40.0,2666.14468363822,15.345952764758634,-133.98016837827174,8,1
2012-11-18 02:34:02.121895+00:00,18.95,39.26,40.0,2666.14468363822,15.345952764758634,-133.98016837827174,8,1
2012-11-18 02:41:02.121895+00:00,14.88,31.17,40.0,3047.3823298866773,15.048249550937832,-134.57557480591336,5,1
2012-11-18 02:42:02.121895+00:00,0.0,0.0,0.0,3047.3823298866773,15.048249550937832,-134.57557480591336,5,1
2012-11-18 02:48:02.121895+00:00,20.43,40.0,40.0,3001.5381748128193,14.763461457138447,-135.14515099351212,5,1
2012-11-18 02:53:02.121895+00:00,20.79,40.0,40.0,2289.0761453970026,14.36907486302592,-135.93392418173715,4,1
2012-11-18 02:57:02.121895+00:00,20.64,40.0,40.0,2182.98997393919,13.97468826891339,-136.72269736996222,5,1
2012-11-18 03:00:02.121895+00:00,20.76,40.0,40.0,1879.802044960188,13.968999696658315,-136.73407451447238,4,1
2012-11-18 03:07:02.121895+00:00,20.4,40.0,40.0,2182.98997393919,13.97468826891339,-136.72269736996222,3,1
2012-11-18 17:39:02.123437+00:00,5.29,11.67,17.81,3120.5725305668416,19.42862018200312,-131.591280245585,3,2
2012-11-18 17:40:02.123437+00:00,5.29,11.67,17.81,3120.5725305668416,19.42862018200312,-131.591280245585,3,1
2012-11-18 17:59:02.123437+00:00,15.2,31.8,40.0,10129.10579056822,24.85583188595255,-120.73685683768612,3,2
2012-11-18 18:00:02.123437+00:00,15.2,31.8,40.0,10129.10579056822,24.85583188595255,-120.73685683768612,3,1
2012-11-18 23:20:02.123437+00:00,21.67,40.0,40.0,1929.123793795872,17.592934959563898,-135.26265069046343,12,1
2012-11-18 23:21:02.123437+00:00,21.7,40.0,40.0,1929.123793795872,17.592934959563898,-135.26265069046343,12,1
2012-11-18 23:23:02.123437+00:00,21.76,40.0,40.0,1929.123793795872,17.592934959563898,-135.26265069046343,12,2
2012-11-18 23:24:02.123437+00:00,21.86,40.0,40.0,1929.123793795872,17.592934959563898,-135.26265069046343,12,1
2012-11-18 23:25:02.123437+00:00,22.06,40.0,40.0,1904.0302261586032,17.647308136210203,-135.15390433717084,13,1
2012-11-18 23:26:02.123437+00:00,22.36,40.0,40.0,1929.123793795872,17.688631732966734,-135.07125714365776,14,1
2012-11-18 23:28:02.123437+00:00,21.04,40.0,40.0,1979.0339982587009,17.763910679986306,-134.92069924961862,17,3
2012-11-18 23:29:02.123437+00:00,20.88,40.0,40.0,1966.6256798459208,17.83263314742384,-134.78325431474354,18,2
2012-11-18 23:34:02.123437+00:00,2.57,5.77,8.83,2168.163653702472,17.933536745813583,-134.58144711796407,15,1
2012-11-18 23:35:02.123437+00:00,3.0,6.73,10.29,1941.532112208652,17.848723712899947,-134.75107318379133,14,1
2012-11-18 23:36:02.123437+00:00,2.89,6.5,9.94,1979.0339982587009,17.933536745813583,-134.58144711796407,13,1
2012-11-18 23:37:02.123437+00:00,2.87,6.45,9.87,1941.532112208652,17.965543060393653,-134.51743448880393,14,2
2012-11-18 23:38:02.123437+00:00,3.12,6.99,10.7,2102.4477759597257,17.933536745813583,-134.58144711796407,13,1
2012-11-18 23:42:02.123437+00:00,15.16,31.72,40.0,1974.1472105380112,18.00571088586318,-134.43709883786488,10,1
2012-11-18 23:44:02.123437+00:00,14.82,31.04,40.0,1845.8466451162967,18.013872396752642,-134.42077581608595,11,1
2012-11-18 23:47:02.123437+00:00,12.04,25.48,38.66,1808.7165268300255,17.933536745813583,-134.58144711796407,9,2
2012-11-18 23:52:02.123437+00:00,33.16,40.0,40.0,1773.9360431763512,17.856202805726426,-134.7361149981384,7,1
2012-11-18 23:55:02.123437+00:00,33.42,40.0,40.0,1808.7165268300255,17.856202805726426,-134.7361149981384,5,2
2012-11-20 00:49:02.128063+00:00,5.37,11.83,18.06,2250.8824508886064,13.948537652752206,-137.88606767926618,3,1
2012-11-20 00:57:02.128063+00:00,5.32,11.73,17.91,2250.8824508886064,14.261673187583607,-137.2597966096034,3,1
2012-11-20 01:05:02.128063+00:00,4.9,10.83,16.55,2473.8906121330147,14.492929585600764,-136.7972838135691,4,1
2012-11-20 01:10:02.128063+00:00,4.99,11.04,16.85,2830.6873261438586,14.829281614315065,-136.12457975614046,4,1
2012-11-20 01:14:02.128063+00:00,5.02,11.1,16.96,2683.2973151139577,14.53727534191942,-136.70859230093177,5,1
2012-11-20 01:19:02.128063+00:00,4.78,10.6,16.19,2830.6873261438586,14.784935857996407,-136.2132712687778,4,1
2012-11-20 01:24:02.128063+00:00,3.76,8.39,12.83,3108.856697450694,14.918335634480623,-135.94647171580937,4,1
2012-11-20 01:29:02.128063+00:00,3.88,8.66,13.24,3534.4160797874297,15.388087439679142,-135.0069681054123,5,1
2012-11-20 01:34:02.128063+00:00,3.78,8.43,12.89,3746.982915831986,15.427611721080025,-134.92791954261054,4,1
2012-11-20 01:38:02.128063+00:00,3.67,8.19,12.53,3627.901844519583,15.377375592349969,-135.02839180007066,5,1
2012-11-20 01:41:02.128063+00:00,3.51,7.84,11.98,3185.833127227467,15.377375592349969,-135.02839180007066,5,1
2012-11-20 01:46:02.128063+00:00,3.18,7.12,10.9,2985.2804054290455,15.277886478666424,-135.22737002743776,4,1
2012-11-20 01:50:02.128063+00:00,3.04,6.82,10.43,3185.833127227467,15.377375592349969,-135.02839180007066,3,1
2012-11-20 02:55:02.128063+00:00,2.61,5.87,8.99,2695.663944328732,14.670473341333054,-136.4421963021045,3,1
2012-11-20 03:01:02.128063+00:00,3.78,8.43,12.89,2797.868278238999,14.670473341333054,-136.4421963021045,3,1
2012-11-20 03:07:02.128063+00:00,0.0,0.01,0.04,2704.342932130129,15.32682091129536,-135.12950116217985,4,1
2012-11-20 03:14:02.128063+00:00,0.0,0.02,0.04,2704.342932130129,15.32682091129536,-135.12950116217985,4,1
2012-11-20 03:16:02.128063+00:00,0.0,0.02,0.04,2699.9248519682146,15.009334028750542,-135.7644749272695,5,1
2012-11-20 03:19:02.128063+00:00,0.0,0.01,0.04,2622.1835547391092,14.93954987443718,-135.90404323589624,4,1
2012-11-20 03:25:02.128063+00:00,6.83,14.91,22.72,2699.9248519682146,14.980719315941116,-135.82170435288836,5,1
2012-11-20 03:30:02.128063+00:00,6.83,14.91,22.72,3220.030060345936,14.925242518032467,-135.93265794870567,4,1
2012-11-20 03:34:02.128063+00:00,6.82,14.87,22.67,2699.9248519682146,14.869765720123818,-136.04361154452295,5,1
2012-11-20 03:36:02.128063+00:00,6.83,14.91,22.72,3111.5151870595982,14.613517761598397,-136.5561074615738,4,1
2012-11-20 03:41:02.128063+00:00,6.83,14.91,22.72,2482.895105395539,14.24631620725567,-137.29051057025924,3,1
2012-11-20 14:26:02.129605+00:00,5.27,11.63,17.76,2207.2748738382757,13.865203658269492,-138.40870125621657,3,1
2012-11-20 14:31:02.129605+00:00,4.49,9.97,15.24,3013.076642868152,14.663092379694737,-136.81292381336607,4,1
2012-11-20 14:36:02.129605+00:00,4.48,9.94,15.18,3013.076642868152,14.663092379694737,-136.81292381336607,6,1
2012-11-20 14:41:02.129605+00:00,3.9,8.7,13.3,3232.909816568999,14.918798820632947,-136.30151093148964,6,1
2012-11-20 14:43:02.129605+00:00,3.8,8.47,12.95,3337.300037178239,15.079429281025394,-135.98025001070474,5,1
2012-11-20 14:45:02.129605+00:00,3.8,8.47,12.95,3337.300037178239,15.079429281025394,-135.98025001070474,5,1
2012-11-20 14:50:02.129605+00:00,3.43,7.67,11.74,4139.736498175866,15.345230125245989,-135.44864832226355,6,1
2012-11-20 14:55:02.129605+00:00,3.08,6.91,10.57,4732.097763321807,15.611030969466578,-134.91704663382237,5,1
2012-11-20 15:00:02.129605+00:00,3.28,7.34,11.23,4572.653615934606,15.583178738532196,-134.97275109569114,4,1
2012-11-20 15:04:02.129605+00:00,3.28,7.34,11.23,4572.653615934606,15.583178738532196,-134.97275109569114,4,1
2012-11-20 15:09:02.129605+00:00,3.0,6.73,10.29,4586.134888787582,15.599279763763676,-134.94054904522818,4,1
2012-11-20 15:14:02.129605+00:00,2.87,6.45,9.87,4763.386902733433,15.70512206075276,-134.72886445125,4,1
2012-11-20 15:20:02.129605+00:00,2.01,4.54,6.96,6042.647508547648,16.44853036689704,-133.24204783896147,4,1
2012-11-20 15:26:02.129605+00:00,2.25,5.07,7.77,6595.535996454575,16.652284243752987,-132.83454008524956,5,1
2012-11-20 15:29:02.129605+00:00,2.25,5.07,7.77,6595.535996454575,16.652284243752987,-132.83454008524956,5,1
2012-11-20 15:32:02.129605+00:00,2.43,5.46,8.36,6072.41051829205,16.528864266099156,-133.08138004055724,4,1
2012-11-20 15:36:02.129605+00:00,2.61,5.87,8.99,6655.06201594338,16.652284243752987,-132.83454008524956,3,1
2012-11-20 16:17:02.129605+00:00,1.9,4.29,6.56,3787.432851905109,15.282067492991974,-135.5749735867716,3,1
2012-11-20 16:25:02.129605+00:00,1.9,4.29,6.56,3787.432851905109,15.282067492991974,-135.5749735867716,3,1
2012-11-20 16:31:02.129605+00:00,2.68,6.02,9.22,3951.556991226935,15.535051997654463,-135.0690045774466,3,1
2012-11-20 16:39:02.129605+00:00,3.6,8.04,12.29,4418.216657821653,15.697778793970675,-134.7435509848142,4,1
2012-11-20 16:43:02.129605+00:00,4.01,8.92,13.64,4884.876324416371,15.860505590286888,-134.41809739218175,3,1
2012-11-20 16:48:02.129605+00:00,4.01,8.92,13.64,4884.876324416371,15.860505590286888,-134.41809739218175,3,1
2012-11-20 17:06:02.129605+00:00,4.66,10.32,15.77,2160.5377085306463,14.01675908004657,-138.1055904126624,3,1
2012-11-20 17:13:02.129605+00:00,5.29,11.67,17.81,2160.5377085306463,14.01675908004657,-138.1055904126624,3,1
2012-11-20 17:18:02.129605+00:00,4.24,9.44,14.42,2310.792920958353,14.438945963639153,-137.26121664547722,3,1
2012-11-20 17:23:02.129605+00:00,4.91,10.87,16.6,2493.4240094550605,14.465959753983888,-137.20718906478777,4,1
2012-11-20 17:29:02.129605+00:00,5.07,11.2,17.11,2676.055097951768,14.492973544328624,-137.1531614840983,3,1
2012-11-20 17:34:02.129605+00:00,5.93,13.02,19.87,2170.172892897539,14.261843708404692,-137.61542115594614,4,1
2012-11-20 17:39:02.129605+00:00,6.34,13.88,21.16,2118.4884465849,14.03071387248076,-138.077680827794,5,1
2012-11-20 17:43:02.129605+00:00,6.17,13.53,20.63,2108.2949618359517,14.0244890420532,-138.09013048864915,4,1
2012-11-20 17:48:02.129605+00:00,6.43,14.06,21.44,2118.4884465849,14.03071387248076,-138.077680827794,3,1
2012-11-21 08:48:02.121147+00:00,16.8,34.99,40.0,1779.1579100571987,17.276566232744468,-131.8200560144377,5,1
2012-11-21 08:56:02.121147+00:00,27.85,40.0,40.0,3135.4974618457436,19.26294522321703,-127.84729803349258,23,1
2012-11-21 08:57:02.121147+00:00,27.57,40.0,40.0,3734.9708434863505,19.451612842669014,-127.4699627945886,26,2
2012-11-21 08:58:02.121147+00:00,27.67,40.0,40.0,3710.534636301415,19.42853144738543,-127.51612558515578,29,2
2012-11-21 08:59:02.121147+00:00,27.67,40.0,40.0,3710.534636301415,19.4746942379526,-127.42380000402144,31,2
2012-11-21 09:00:02.121147+00:00,27.9,40.0,40.0,3734.9708434863505,19.46060151320207,-127.4519854535225,34,2
2012-11-21 09:01:02.121147+00:00,27.9,40.0,40.0,3439.020834594353,19.43752011791849,-127.49814824408966,36,2
2012-11-21 09:02:02.121147+00:00,28.09,40.0,40.0,3710.534636301415,19.446508788451546,-127.48017090302356,37,2
2012-11-21 09:03:02.121147+00:00,28.28,40.0,40.0,3550.972516138483,19.345738335301235,-127.68171180932418,40,3
2012-11-21 09:04:02.121147+00:00,28.52,40.0,40.0,3734.9708434863505,19.401418472497333,-127.570351534932,42,2
2012-11-21 09:05:02.121147+00:00,28.62,40.0,40.0,3606.296940050331,19.401418472497333,-127.570351534932,44,3
2012-11-21 09:06:02.121147+00:00,28.82,40.0,40.0,3446.7348198873997,19.392669734790445,-127.58784901034578,46,3
2012-11-21 09:07:02.121147+00:00,28.87,40.0,40.0,3611.2347050553217,19.363989358192665,-127.64520976354132,48,3
2012-11-21 09:08:02.121147+00:00,28.97,40.0,40.0,3734.9708434863505,19.392669734790445,-127.58784901034578,46,2
2012-11-21 09:09:02.121147+00:00,29.27,40.0,40.0,3734.9708434863505,19.392669734790445,-127.58784901034578,46,3
2012-11-21 09:10:02.121147+00:00,29.17,40.0,40.0,3734.9708434863505,19.363989358192665,-127.64520976354132,46,3
2012-11-21 09:11:02.121147+00:00,29.07,40.0,40.0,3759.4070506712865,19.374305497609235,-127.6245774847082,45,1
2012-11-21 09:12:02.121147+00:00,29.12,40.0,40.0,3710.534636301415,19.353673218776095,-127.66584204237446,43,2
2012-11-21 09:13:02.121147+00:00,29.74,40.0,40.0,3511.9347738092283,19.150884104315608,-128.07142027129544,41,3
2012-11-21 09:14:02.121147+00:00,29.95,40.0,40.0,3446.7348198873997,19.22402012650293,-127.9251482269208,38,3
2012-11-21 09:15:02.121147+00:00,31.28,40.0,40.0,3391.410395975551,19.054198681477935,-128.26479111697077,35,2
2012-11-21 09:16:02.121147+00:00,31.34,40.0,40.0,3309.186510861703,18.962373183594668,-128.44844211273733,34,2
2012-11-21 09:17:02.121147+00:00,31.39,40.0,40.0,3167.5070328872903,18.7482658482808,-128.87665678336506,31,1
2012-11-21 09:18:02.121147+00:00,32.47,40.0,40.0,3197.2348293175723,18.8117233839781,-128.74974171197044,28,3
2012-11-21 09:19:02.121147+00:00,32.59,40.0,40.0,3226.9626257478544,18.586104666202058,-129.20097914752256,25,2
2012-11-21 09:20:02.121147+00:00,31.69,40.0,40.0,3197.2348293175723,18.512129197724683,-129.34893008447727,22,1
2012-11-21 09:25:02.121147+00:00,30.27,40.0,40.0,2903.635158039019,17.905761090527236,-130.56166629887218,12,1
2012-11-22 03:10:02.124230+00:00,6.22,13.62,20.78,2168.313281206484,14.74933082307322,-143.763169583835,3,1
2012-11-22 03:15:02.124230+00:00,26.63,40.0,40.0,3885.722768376303,16.131245282232946,-140.99934066551555,6,1
2012-11-22 03:19:02.124230+00:00,26.63,40.0,40.0,4659.8222171152565,16.556651542675407,-140.14852814463063,7,1
2012-11-22 03:23:02.124230+00:00,26.63,40.0,40.0,4862.078495737496,17.29783495463507,-138.6661613207113,8,2
2012-11-22 03:24:02.124230+00:00,6.05,13.28,20.25,4862.078495737496,17.29783495463507,-138.6661613207113,8,1
2012-11-22 03:27:02.124230+00:00,6.05,13.28,20.25,5064.334774359735,18.039018366594732,-137.18379449679196,7,1
2012-11-22 03:29:02.124230+00:00,6.02,13.21,20.16,8852.19804278982,18.05679295537403,-137.14824531923338,7,1
2012-11-22 03:33:02.124230+00:00,6.05,13.28,20.25,9417.573710913808,18.455702158232786,-136.3504269135159,6,1
2012-11-22 03:38:02.124230+00:00,5.4,11.9,18.16,10931.212678122503,18.344510535304757,-136.57281015937193,4,1
2012-11-22 03:43:02.124230+00:00,5.47,12.06,18.41,11774.718284482062,18.47644083575612,-136.3089495584692,4,1
2012-11-22 03:48:02.124230+00:00,5.63,12.38,18.9,11142.992186215824,18.320653556276756,-136.62052411742795,5,1
2012-11-22 03:53:02.124230+00:00,5.7,12.54,19.14,11142.992186215824,18.320653556276756,-136.62052411742795,5,1
2012-11-22 03:57:02.124230+00:00,5.89,12.93,19.72,8226.99159632456,17.95793896441681,-137.34595330114783,5,1
2012-11-22 04:01:02.124230+00:00,5.92,12.99,19.82,6677.647265864184,17.167399461448547,-138.92703230708435,5,1
2012-11-22 04:05:02.124230+00:00,6.38,13.97,21.3,5297.607604396827,16.645243768932446,-139.97134369211653,5,1
2012-11-22 04:09:02.124230+00:00,6.73,14.69,22.39,3925.0418085535193,16.120911616371746,-141.02000799723794,5,1
2012-11-22 04:12:02.124230+00:00,6.68,14.59,22.24,3124.7304587586123,15.64372452876468,-141.97438217245207,4,1
2012-11-22 04:17:02.124230+00:00,6.41,14.03,21.39,2324.4191089637056,15.166537441157612,-142.92875634766622,3,1
2012-11-22 06:28:02.124230+00:00,40.0,40.0,40.0,29648.922789746848,26.359588572357687,-120.54265408526608,5,1
2012-11-22 06:29:02.124230+00:00,40.0,40.0,40.0,29648.922789746848,26.359588572357687,-120.54265408526608,5,2
2012-11-22 06:30:02.124230+00:00,40.0,40.0,40.0,29648.922789746848,26.359588572357687,-120.54265408526608,5,2
2012-11-23 13:39:02.128856+00:00,5.6,12.32,18.8,1975.2730470793747,14.37246256534355,-139.32309464013758,3,1
2012-11-23 13:42:02.128856+00:00,5.5,12.12,18.5,2010.6181782471424,14.385248395950022,-139.29752297892463,4,1
2012-11-23 13:46:02.128856+00:00,5.46,12.03,18.36,2010.6181782471424,14.385248395950022,-139.29752297892463,4,1
2012-11-23 13:49:02.128856+00:00,5.47,12.06,18.41,2045.9633094149103,14.398034226556494,-139.27195131771168,3,1
2012-11-23 14:18:02.128856+00:00,5.21,11.5,17.56,2755.292058995866,14.902272758016595,-138.26347425479148,3,1
2012-11-23 14:21:02.128856+00:00,5.21,11.5,17.56,3218.8350007435383,15.18171688221178,-137.7045860064011,4,1
2012-11-23 14:26:02.128856+00:00,5.18,11.44,17.46,3682.3779424912104,15.461161006406964,-137.14569775801073,5,1
2012-11-23 14:30:02.128856+00:00,5.1,11.27,17.21,3682.3779424912104,15.461161006406964,-137.14569775801073,5,1
2012-11-23 14:36:02.128856+00:00,5.27,11.63,17.76,3516.790666966286,15.433907037599374,-137.20020569562593,4,1
2012-11-23 14:40:02.128856+00:00,5.23,11.54,17.61,3335.049502247918,15.385398363094705,-137.29722304463527,4,1
2012-11-23 14:45:02.128856+00:00,5.24,11.57,17.66,3318.895613054474,15.364143657397626,-137.33973245602942,5,1
2012-11-23 14:49:02.128856+00:00,5.38,11.86,18.11,2840.380720786462,15.05001651248002,-137.96798674586464,4,1
2012-11-23 14:53:02.128856+00:00,5.4,11.9,18.16,2361.86582851845,14.735889367562416,-138.59624103569985,3,1
2012-11-23 15:10:02.128856+00:00,5.76,12.67,19.34,2443.768348024551,14.379057683259887,-139.3099044043049,3,1
2012-11-23 15:13:02.128856+00:00,5.69,12.51,19.09,2359.5828631091663,14.443241124610347,-139.18153752160396,4,1
2012-11-23 15:18:02.128856+00:00,5.47,12.06,18.41,2443.768348024551,14.507424565960807,-139.05317063890303,5,1
2012-11-23 15:22:02.128856+00:00,5.05,11.17,17.06,2745.827670479394,15.157902674190703,-137.75221442244327,5,1
2012-11-23 15:26:02.128856+00:00,4.85,10.73,16.39,3124.908547022715,15.243777328752614,-137.58046511331943,5,1
2012-11-23 15:30:02.128856+00:00,4.77,10.56,16.13,3368.4058691987666,15.39515858760588,-137.2777025956129,5,1
2012-11-23 15:35:02.128856+00:00,4.8,10.63,16.24,4094.741260800346,15.89127212826713,-136.28547551429045,5,1
2012-11-23 15:40:02.128856+00:00,4.19,9.33,14.26,4821.715901172425,15.936197121807991,-136.19562552720868,4,1
2012-11-23 15:43:02.128856+00:00,4.23,9.4,14.37,4773.007895418678,15.899614022554251,-136.26879172571617,5,1
2012-11-23 15:48:02.128856+00:00,3.92,8.73,13.35,4870.423906926171,15.972780221061733,-136.1224593287012,5,1
2012-11-23 15:52:02.128856+00:00,4.14,9.22,14.09,4773.007895418678,15.972780221061733,-136.1224593287012,5,1
2012-11-23 15:56:02.128856+00:00,4.18,9.29,14.2,4553.5186718045425,15.911958843022258,-136.24410208478014,4,1
2012-11-23 15:59:02.128856+00:00,4.21,9.36,14.31,4229.315628427101,15.834246659593276,-136.3995264516381,3,1
2012-11-25 01:51:02.123482+00:00,7.01,15.28,23.28,1638.7645297269466,14.908390640070994,-143.89018167910874,3,1
2012-11-25 01:57:02.123482+00:00,6.94,15.12,23.04,2022.457409199705,14.908390640070994,-143.89018167910874,3,1
2012-11-25 02:04:02.123482+00:00,6.74,14.72,22.43,3450.526252250126,15.877665815374533,-141.95163132850163,3,1
2012-11-25 02:11:02.123482+00:00,6.17,13.53,20.63,5062.305745231695,16.79190761003289,-140.12314773918493,3,1
2012-11-25 02:17:02.123482+00:00,6.26,13.72,20.92,7889.679660947474,17.541232650043487,-138.62449765916375,3,1
2012-11-25 02:23:02.123482+00:00,6.04,13.25,20.2,8377.738213113604,17.774894197742526,-138.15717456376566,4,1
2012-11-25 02:28:02.123482+00:00,5.41,11.93,18.21,8388.234138889893,17.80164154074393,-138.10367987776286,3,1
2012-11-25 02:33:02.123482+00:00,5.46,12.03,18.36,9164.86999837325,17.94299558704821,-137.8209717851543,4,1
2012-11-25 02:39:02.123482+00:00,4.98,11.0,16.8,9999.675634232244,18.14407500899879,-137.41881294125312,3,1
2012-11-25 02:45:02.123482+00:00,5.41,11.93,18.21,10464.98378132291,18.333466316504985,-137.04003032624075,3,1
2012-11-25 02:53:02.123482+00:00,5.67,12.48,19.04,11368.650040066672,18.43106027410026,-136.8448424110502,3,1
2012-11-25 02:59:02.123482+00:00,5.84,12.83,19.58,12215.946185051733,18.65820698260603,-136.39054899403865,3,1
2012-11-25 03:05:02.123482+00:00,5.73,12.61,19.24,13549.022342864671,18.785193243064217,-136.13657647312226,3,1
2012-11-25 03:12:02.123482+00:00,5.18,11.44,17.46,13549.022342864671,18.829138540089883,-136.04868587907094,3,1
2012-11-25 03:19:02.123482+00:00,4.88,10.8,16.5,13666.619608571307,19.05898071741195,-135.5890015244268,3,1
2012-11-25 03:25:02.123482+00:00,5.12,11.3,17.26,13284.992400559291,18.974329032436543,-135.75830489437763,3,1
2012-11-25 03:31:02.123482+00:00,4.96,10.97,16.75,13123.92073510848,18.974329032436543,-135.75830489437763,3,1
2012-11-25 03:37:02.123482+00:00,5.01,11.07,16.9,12433.143364693671,18.90220210333335,-135.902558752584,3,1
2012-11-25 03:45:02.123482+00:00,5.16,11.4,17.41,12433.143364693671,18.693696598772497,-136.31956976170574,3,1
2012-11-25 03:51:02.123482+00:00,5.3,11.7,17.86,11272.12128479289,18.390429278735713,-136.92610440177927,4,1
2012-11-25 03:56:02.123482+00:00,5.44,11.99,18.31,10916.543677539465,18.390429278735713,-136.92610440177927,4,1
2012-11-25 04:01:02.123482+00:00,4.09,9.11,13.92,9857.277605632804,18.181784246218292,-137.34339446681412,4,1
2012-11-25 04:05:02.123482+00:00,5.35,11.8,18.01,9857.277605632804,18.181784246218292,-137.34339446681412,4,1
2012-11-25 04:11:02.123482+00:00,5.58,12.29,18.75,9467.558639159197,17.803092094064375,-138.10077877112195,3,1
2012-11-25 04:21:02.123482+00:00,5.47,12.06,18.41,6660.159704887888,17.268950906703516,-139.16906114584367,3,1
2012-11-25 04:25:02.123482+00:00,5.55,12.22,18.65,5621.834008414209,16.85968906719493,-139.98758482486085,4,1
2012-11-25 04:29:02.123482+00:00,5.78,12.7,19.38,4583.50831194053,16.450427227686347,-140.80610850387802,5,1
2012-11-25 04:33:02.123482+00:00,5.98,13.12,20.01,4559.296541371572,16.44336265548484,-140.82023764828102,4,1
2012-11-25 04:38:02.123482+00:00,6.2,13.59,20.73,3987.6276263991617,16.191480895452337,-141.32400116834603,4,1
2012-11-25 04:43:02.123482+00:00,6.35,13.91,21.21,3440.1704819957095,15.946663707621347,-141.813635544008,3,1
2012-11-26 06:24:02.126566+00:00,2.35,5.3,8.11,2622.401363156566,18.47558407370457,-130.64517900773407,21,1
2012-11-26 06:26:02.126566+00:00,1.93,4.35,6.66,2508.2675044191046,18.475521993658695,-130.64530316782583,22,3
2012-11-26 06:27:02.126566+00:00,1.96,4.42,6.76,2508.2675044191046,18.475521993658695,-130.64530316782583,22,2
2012-11-26 06:28:02.126566+00:00,1.9,4.29,6.56,2508.2675044191046,18.475521993658695,-130.64530316782583,22,2
2012-11-26 06:29:02.126566+00:00,1.87,4.22,6.46,2508.2675044191046,18.475521993658695,-130.64530316782583,22,3
2012-11-26 06:30:02.126566+00:00,1.84,4.15,6.36,2508.2675044191046,18.475521993658695,-130.64530316782583,22,2
2012-11-26 06:31:02.126566+00:00,1.84,4.15,6.36,2508.2675044191046,18.475521993658695,-130.64530316782583,22,2
2012-11-26 06:32:02.126566+00:00,1.78,4.02,6.15,2508.2675044191046,18.475521993658695,-130.64530316782583,22,2
2012-11-26 06:33:02.126566+00:00,1.75,3.95,6.04,2508.2675044191046,18.475521993658695,-130.64530316782583,22,2
2012-11-26 06:34:02.126566+00:00,1.72,3.87,5.94,2622.401363156566,18.47558407370457,-130.64517900773407,21,2
2012-11-26 06:35:02.126566+00:00,1.93,4.35,6.66,2622.401363156566,18.47558407370457,-130.64517900773407,21,1
2012-11-26 17:11:02.128108+00:00,27.67,40.0,40.0,2952.997166983052,18.94110370781195,-128.93022023154873,8,1
2012-11-26 17:18:02.128108+00:00,25.62,40.0,40.0,2596.4256650543184,18.834889459595768,-129.1426487279811,21,1
2012-11-26 17:19:02.128108+00:00,25.45,40.0,40.0,2596.4256650543184,18.834889459595768,-129.1426487279811,21,2
2012-11-26 17:20:02.128108+00:00,25.45,40.0,40.0,2596.4256650543184,18.834889459595768,-129.1426487279811,21,2
2012-11-26 17:21:02.128108+00:00,25.45,40.0,40.0,2596.4256650543184,18.834889459595768,-129.1426487279811,21,3
2012-11-26 17:22:02.128108+00:00,25.49,40.0,40.0,2613.2766218262223,18.864878133791812,-129.08267137958902,20,2
2012-11-26 17:23:02.128108+00:00,25.49,40.0,40.0,2613.2766218262223,18.864878133791812,-129.08267137958902,20,3
2012-11-26 17:24:02.128108+00:00,25.49,40.0,40.0,2613.2766218262223,18.864878133791812,-129.08267137958902,20,2
2012-11-26 17:25:02.128108+00:00,25.49,40.0,40.0,2613.2766218262223,18.864878133791812,-129.08267137958902,20,2
2012-11-26 17:26:02.128108+00:00,25.49,40.0,40.0,2613.2766218262223,18.864878133791812,-129.08267137958902,20,1
2012-11-26 17:27:02.128108+00:00,25.45,40.0,40.0,2613.2766218262223,18.864878133791812,-129.08267137958902,20,1
2012-11-26 17:28:02.128108+00:00,25.37,40.0,40.0,2613.2766218262223,18.864878133791812,-129.08267137958902,20,1
2012-11-27 07:35:02.129650+00:00,25.87,40.0,40.0,51455.91463473898,27.31491289524221,-114.48127380906064,7,1
2012-11-27 07:36:02.129650+00:00,25.87,40.0,40.0,51455.91463473898,27.31491289524221,-114.48127380906064,7,3
2012-11-27 07:37:02.129650+00:00,25.87,40.0,40.0,51455.91463473898,27.31491289524221,-114.48127380906064,7,3
2012-11-30 16:26:02.120444+00:00,3.28,7.34,11.23,5221.288731380731,23.656669052331807,-126.33475700496412,3,1
2012-11-30 16:27:02.120444+00:00,3.28,7.34,11.23,5221.288731380731,23.656669052331807,-126.33475700496412,3,2
2012-12-01 20:44:02.123527+00:00,6.68,14.59,22.24,3874.0552179725432,16.24651508795077,-139.21217563454474,3,1
2012-12-01 21:03:02.123527+00:00,4.91,10.87,16.6,8688.270745701928,18.277279850827256,-135.15064610879173,3,1
2012-12-01 21:09:02.123527+00:00,4.96,10.97,16.75,9828.141278395991,18.393229337831436,-134.9187471347834,3,1
2012-12-01 21:16:02.123527+00:00,4.64,10.29,15.71,12303.226159472124,19.207524091039502,-133.29015762836724,3,1
2012-12-01 21:22:02.123527+00:00,4.94,10.94,16.7,16948.273581358542,19.52508448944584,-132.65503683155458,3,1
2012-12-01 21:31:02.123527+00:00,4.8,10.63,16.24,19626.407023886808,20.141688011879992,-131.42182978668626,3,1
2012-12-01 21:39:02.123527+00:00,4.09,9.11,13.92,19975.24144594701,20.322142133280146,-131.06092154388597,3,1
2012-12-01 21:45:02.123527+00:00,3.12,6.99,10.7,19975.24144594701,20.322142133280146,-131.06092154388597,3,1
2012-12-01 21:54:02.123527+00:00,2.74,6.17,9.44,17530.231162408178,19.988852405317353,-131.72750099981155,3,1
2012-12-01 22:01:02.123527+00:00,3.51,7.84,11.98,15469.710764810166,19.988852405317353,-131.72750099981155,3,1
2012-12-01 22:29:02.123527+00:00,2.23,5.02,7.68,9021.6716140549,19.34071557079637,-133.02377466885352,4,1
2012-12-01 22:32:02.123527+00:00,6.7,14.63,22.29,7610.22306919252,18.888839910019257,-133.92752599040773,3,1
2012-12-01 22:37:02.123527+00:00,6.4,14.0,21.35,7303.016721746222,19.42307281502554,-132.85906018039515,4,1
2012-12-01 22:52:02.123527+00:00,0.0,0.02,0.04,5356.001245526027,19.46349398444535,-132.77821784155554,3,1
2012-12-01 23:01:02.123527+00:00,1.96,4.42,6.76,5062.300085350819,19.46349398444535,-132.77821784155554,3,1
2012-12-01 23:10:02.123527+00:00,0.76,1.73,2.65,4711.6108410003,19.928839124617987,-131.84752756121028,3,1
2012-12-01 23:17:02.123527+00:00,0.61,1.39,2.13,4541.983855219,19.928839124617987,-131.84752756121028,3,1
2012-12-01 23:22:02.123527+00:00,0.0,0.01,0.04,4541.983855219,19.958310255499107,-131.78858529944804,3,1
2012-12-01 23:40:02.123527+00:00,0.0,0.01,0.04,12419.280202129808,20.18080657947854,-131.3435926514892,3,1
2012-12-01 23:48:02.123527+00:00,0.0,0.01,0.04,13388.705124477352,20.18080657947854,-131.3435926514892,3,1
2012-12-02 00:06:02.125069+00:00,0.95,2.15,3.29,16325.447607802182,20.16547577531471,-132.15922537291914,3,1
2012-12-02 00:13:02.125069+00:00,4.62,10.25,15.66,17868.384620410354,20.24736254314027,-131.99545183726804,3,1
2012-12-02 00:20:02.125069+00:00,5.81,12.77,19.48,17868.384620410354,20.24736254314027,-131.99545183726804,3,1
2012-12-02 00:29:02.125069+00:00,5.38,11.86,18.11,16756.364936502116,20.09372800103364,-132.3027209214813,3,1
2012-12-02 00:34:02.125069+00:00,4.83,10.7,16.34,15252.174924891777,19.441100875801993,-133.6079751719446,3,1
2012-12-02 00:40:02.125069+00:00,4.9,10.83,16.55,13484.47255841138,19.35562816634195,-133.7789205908647,3,1
2012-12-02 00:47:02.125069+00:00,4.49,9.97,15.24,13416.259238245004,19.28945541981475,-133.9112660839191,3,1
2012-12-02 00:53:02.125069+00:00,4.82,10.66,16.29,12139.513046230526,19.027827540899445,-134.4345218417497,3,1
2012-12-02 00:59:02.125069+00:00,4.64,10.29,15.71,12238.691173692185,18.878519353307052,-134.7331382169345,4,1
2012-12-02 01:04:02.125069+00:00,5.27,11.63,17.76,12337.86930115384,18.85468376460117,-134.78080939434625,3,1
2012-12-02 01:09:02.125069+00:00,5.29,11.67,17.81,12067.21710534787,18.848344630893152,-134.7934876617623,4,1
2012-12-02 01:15:02.125069+00:00,5.61,12.35,18.85,7133.927762362724,17.707140878653007,-137.07589516624256,4,1
2012-12-02 01:19:02.125069+00:00,5.49,12.09,18.46,5898.339017878862,17.23478589884271,-138.02060512586314,3,1
2012-12-02 01:24:02.125069+00:00,5.54,12.19,18.6,4913.902882772247,16.6152523473081,-139.25967222893237,4,1
2012-12-02 01:32:02.125069+00:00,5.9,12.96,19.77,3162.407670355728,15.983502646937534,-140.5231716296735,3,1
2012-12-02 01:38:02.125069+00:00,7.06,15.37,23.42,2831.386457956013,15.79946835670384,-140.8912402101409,4,1
2012-12-02 01:43:02.125069+00:00,7.31,15.9,24.21,2794.299104211107,15.79946835670384,-140.8912402101409,4,1
2012-12-02 01:47:02.125069+00:00,7.31,15.9,24.21,2794.299104211107,15.79946835670384,-140.8912402101409,4,1
2012-12-02 01:53:02.125069+00:00,7.93,17.17,26.13,2707.7797816656807,15.840061899378435,-140.8100531247917,3,1
2012-12-02 01:59:02.125069+00:00,8.39,18.1,27.54,2707.7797816656807,15.67705815071162,-141.13606062212534,3,1
2012-12-02 02:04:02.125069+00:00,8.49,18.32,27.87,2362.069786169174,15.398972441018056,-141.69223204151248,3,1
2012-12-02 02:09:02.125069+00:00,8.63,18.6,28.3,2249.2380587604453,15.398972441018056,-141.69223204151248,3,1
2012-12-02 02:16:02.125069+00:00,9.33,20.03,30.45,2171.4001159817744,15.140981997809106,-142.20821292793036,3,1
2012-12-02 02:22:02.125069+00:00,10.3,21.98,33.38,2096.542129542818,14.861634275103928,-142.76690837334073,3,1
2012-12-02 02:29:02.125069+00:00,8.88,19.11,29.06,1710.2899257753668,14.437191770130912,-143.61579338328676,3,1
2012-12-02 02:36:02.125069+00:00,8.92,19.2,29.2,1619.5954139541475,14.146707336572446,-144.1967622504037,3,1
2012-12-02 02:43:02.125069+00:00,8.79,18.92,28.77,1619.5954139541475,13.770594608681552,-144.94898770618548,3,1
2012-12-03 03:14:02.128153+00:00,6.61,14.44,22.01,3877.912336064345,19.89287657675029,-123.6523901092632,25,3
2012-12-03 03:15:02.128153+00:00,6.38,13.97,21.3,3877.912336064345,19.90011145500612,-123.63792035275154,27,2
2012-12-03 03:16:02.128153+00:00,6.43,14.06,21.44,3877.912336064345,20.03534961589822,-123.36744403096732,29,2
2012-12-03 03:17:02.128153+00:00,6.52,14.25,21.73,3928.484389650643,20.083930233697338,-123.27028279536913,32,2
2012-12-03 03:18:02.128153+00:00,7.15,15.56,23.7,4051.911440503056,20.122619967241977,-123.19290332827984,35,2
2012-12-03 03:19:02.128153+00:00,3.76,8.39,12.83,4122.145512726185,20.139064885697312,-123.16001349136914,37,3
2012-12-03 03:20:02.128153+00:00,3.34,7.46,11.42,4150.046750809033,20.246285419157807,-122.94557242444816,40,2
2012-12-03 03:21:02.128153+00:00,3.74,8.35,12.77,4232.34773376428,20.35624785350987,-122.72564755574405,42,3
2012-12-03 03:22:02.128153+00:00,6.08,13.34,20.35,4326.082302821049,20.397257500012422,-122.64362826273891,44,2
2012-12-03 03:23:02.128153+00:00,16.15,33.69,40.0,4651.754549126513,20.439533350299385,-122.559076562165,47,2
2012-12-03 03:24:02.128153+00:00,16.1,33.6,40.0,4916.8200455332135,20.472230150564613,-122.49368296163456,47,3
2012-12-03 03:25:02.128153+00:00,15.92,33.24,40.0,4962.933286347113,20.472230150564613,-122.49368296163456,49,2
2012-12-03 03:26:02.128153+00:00,16.01,33.42,40.0,5055.775908049292,20.546918832795967,-122.34430559717184,49,2
2012-12-03 03:27:02.128153+00:00,15.95,33.29,40.0,4939.876665940163,20.50957449168029,-122.4189942794032,50,3
2012-12-03 03:28:02.128153+00:00,15.86,33.11,40.0,4962.933286347113,20.546918832795967,-122.34430559717184,49,3
2012-12-03 03:29:02.128153+00:00,15.92,33.24,40.0,5075.819734807267,20.684536826552335,-122.0690696096591,46,2
2012-12-03 03:30:02.128153+00:00,16.01,33.42,40.0,5075.819734807267,20.83174459125054,-121.77465408026268,44,3
2012-12-03 03:31:02.128153+00:00,15.97,33.33,40.0,5273.67023543136,20.90040546085388,-121.637332341056,42,2
2012-12-03 03:32:02.128153+00:00,15.88,33.15,40.0,5483.88566939733,20.974546024249,-121.48905121426576,40,3
2012-12-03 03:33:02.128153+00:00,15.86,33.11,40.0,5562.758178865301,21.015399150069687,-121.4073449626244,37,2
2012-12-03 03:34:02.128153+00:00,15.86,33.11,40.0,5641.9997003423005,21.087323920053088,-121.2634954226576,35,3
2012-12-03 03:35:02.128153+00:00,15.86,33.11,40.0,5834.45271760953,21.110670997627203,-121.21680126750935,33,2
2012-12-03 03:36:02.128153+00:00,15.83,33.07,40.0,5877.396036747693,21.087323920053088,-121.2634954226576,31,3
2012-12-03 03:37:02.128153+00:00,15.79,32.98,40.0,5940.266299569206,21.05136153506139,-121.335420192641,28,3
2012-12-03 03:43:02.128153+00:00,15.22,31.84,40.0,3359.3013619142994,20.108537478389916,-123.22106830598396,15,1
2012-12-03 03:47:02.128153+00:00,27.48,40.0,40.0,1776.769136940046,17.09711887400161,-129.24390551476057,4,1
2012-12-03 03:48:02.128153+00:00,5.79,12.74,19.43,1756.083228463868,16.71032380966898,-130.01749564342583,3,1
2012-12-08 11:08:02.123573+00:00,2.94,6.59,10.08,21566.77994774227,24.12845181514138,-121.05702945250265,3,3
2012-12-08 15:26:02.125115+00:00,33.69,40.0,40.0,8365.770232151102,23.73973793388099,-126.37658028247225,5,1
2012-12-08 15:27:02.125115+00:00,33.69,40.0,40.0,8365.770232151102,23.73973793388099,-126.37658028247225,5,1
2012-12-08 15:29:02.125115+00:00,33.69,40.0,40.0,8365.770232151102,23.73973793388099,-126.37658028247225,5,1
2012-12-08 15:30:02.125115+00:00,33.69,40.0,40.0,8365.770232151102,23.73973793388099,-126.37658028247225,5,2
2012-12-09 03:53:02.126657+00:00,40.0,40.0,40.0,6446.861287062931,23.897895801854204,-123.2094787563378,3,3
2012-12-13 22:13:02.120534+00:00,3.0,6.73,10.29,2512.7397950380673,19.061330828528067,-128.9505706577973,7,1
2012-12-13 22:16:02.120534+00:00,2.25,5.07,7.77,2512.7397950380673,19.21379394954396,-128.64564441576553,11,1
2012-12-13 22:18:02.120534+00:00,29.02,40.0,40.0,2572.715800972317,19.231186650049914,-128.6108590147536,14,1
2012-12-13 22:19:02.120534+00:00,29.58,40.0,40.0,2632.691806906567,19.21379394954396,-128.64564441576553,15,1
2012-12-13 22:20:02.120534+00:00,2.18,4.9,7.51,2572.715800972317,19.231186650049914,-128.6108590147536,16,1
2012-12-13 22:21:02.120534+00:00,2.18,4.9,7.51,2512.7397950380673,19.21379394954396,-128.64564441576553,17,2
2012-12-13 22:24:02.120534+00:00,2.12,4.78,7.33,2572.715800972317,19.231186650049914,-128.6108590147536,16,2
2012-12-13 22:25:02.120534+00:00,1.87,4.22,6.46,2572.715800972317,19.26338684557419,-128.54645862370506,18,2
2012-12-13 22:26:02.120534+00:00,1.93,4.35,6.66,2572.715800972317,19.26338684557419,-128.54645862370506,18,1
2012-12-13 22:27:02.120534+00:00,13.86,29.13,40.0,2512.7397950380673,19.278194340592503,-128.51684363366846,17,2
2012-12-13 22:28:02.120534+00:00,13.82,29.05,40.0,2512.7397950380673,19.278194340592503,-128.51684363366846,17,1
2012-12-13 22:29:02.120534+00:00,13.94,29.29,40.0,2389.5247708212114,19.278194340592503,-128.51684363366846,15,1
2012-12-13 22:31:02.120534+00:00,0.02,0.06,0.14,2389.5247708212114,19.278194340592503,-128.51684363366846,13,1
2012-12-13 22:34:02.120534+00:00,30.71,40.0,40.0,2389.5247708212114,19.278194340592503,-128.51684363366846,11,2
2012-12-16 17:13:02.129786+00:00,32.91,40.0,40.0,1826.5723721030215,18.224523178744164,-127.26260201420084,14,3
2012-12-16 17:14:02.129786+00:00,32.47,40.0,40.0,1826.5723721030215,18.224523178744164,-127.26260201420084,14,1
2012-12-16 17:15:02.129786+00:00,33.49,40.0,40.0,1853.6917260620671,18.27792282670203,-127.15580271828512,16,1
2012-12-16 17:16:02.129786+00:00,33.29,40.0,40.0,1857.4656501074576,18.33006047271057,-127.05152742626802,17,2
2012-12-16 17:18:02.129786+00:00,32.35,40.0,40.0,1857.4656501074576,18.51009518398903,-126.69145800371112,19,2
2012-12-16 17:19:02.129786+00:00,32.35,40.0,40.0,1911.0377798742195,18.61319222228326,-126.48526392712267,21,1
2012-12-16 17:20:02.129786+00:00,32.23,40.0,40.0,1950.497347570648,18.561643703136145,-126.5883609654169,22,2
2012-12-16 17:21:02.129786+00:00,32.16,40.0,40.0,1950.497347570648,18.561643703136145,-126.5883609654169,22,1
2012-12-16 17:23:02.129786+00:00,33.16,40.0,40.0,2047.6675285676183,18.51009518398903,-126.69145800371112,23,1
2012-12-16 17:24:02.129786+00:00,33.23,40.0,40.0,2047.6675285676183,18.618351037428443,-126.4749462968323,21,1
2012-12-16 17:25:02.129786+00:00,32.47,40.0,40.0,2089.6474890866366,18.6440313102487,-126.42358575119178,20,2
2012-12-16 17:26:02.129786+00:00,31.92,40.0,40.0,2089.6474890866366,18.6440313102487,-126.42358575119178,18,1
2012-12-16 17:28:02.129786+00:00,32.16,40.0,40.0,2089.6474890866366,18.75836344691752,-126.19492147785414,16,2
2012-12-16 17:29:02.129786+00:00,32.41,40.0,40.0,2089.6474890866366,18.732683174097264,-126.24628202349464,14,2
2012-12-16 17:31:02.129786+00:00,32.35,40.0,40.0,2184.453252923339,18.875719864179693,-125.9602086433298,11,1
2012-12-16 17:32:02.129786+00:00,32.66,40.0,40.0,2184.453252923339,18.875719864179693,-125.9602086433298,11,1
2012-12-21 10:53:02.123663+00:00,40.0,40.0,40.0,34911.83380838497,26.20446527462435,-115.30844778676747,4,1
2012-12-21 10:54:02.123663+00:00,40.0,40.0,40.0,34911.83380838497,26.20446527462435,-115.30844778676747,4,3
2012-12-26 07:10:02.129083+00:00,5.55,12.22,18.65,1818.2492136923377,17.25837444676195,-129.24328629067543,10,1
2012-12-26 07:11:02.129083+00:00,5.66,12.45,18.99,1818.2492136923377,17.25837444676195,-129.24328629067543,10,2
2012-12-26 07:13:02.129083+00:00,5.69,12.51,19.09,1818.2492136923377,17.25837444676195,-129.24328629067543,10,1
2012-12-26 07:15:02.129083+00:00,5.73,12.61,19.24,1818.2492136923377,17.25837444676195,-129.24328629067543,10,2
2012-12-26 07:16:02.129083+00:00,5.76,12.67,19.34,1818.2492136923377,17.25837444676195,-129.24328629067543,10,1
2012-12-26 07:17:02.129083+00:00,5.75,12.64,19.29,1818.2492136923377,17.25837444676195,-129.24328629067543,10,1
2012-12-26 07:18:02.129083+00:00,5.76,12.67,19.34,1818.2492136923377,17.25837444676195,-129.24328629067543,10,1
2012-12-26 07:20:02.129083+00:00,5.76,12.67,19.34,1818.2492136923377,17.25837444676195,-129.24328629067543,10,1
2012-12-26 16:59:02.120625+00:00,35.65,40.0,40.0,46557.81469123131,27.634479822111548,-114.0190805337416,3,2
2012-12-26 17:00:02.120625+00:00,35.65,40.0,40.0,46557.81469123131,27.634479822111548,-114.0190805337416,3,1
2012-12-26 23:35:02.120625+00:00,0.0,0.01,0.04,63501.46265115686,27.93291156442376,-113.42221704911717,3,2
2012-12-26 23:38:02.120625+00:00,0.0,0.01,0.04,63501.46265115686,27.93291156442376,-113.42221704911717,3,1
2012-12-27 20:25:02.123709+00:00,18.79,38.94,40.0,1677.8157149662493,18.15095725940714,-127.60644318126144,3,1
2012-12-27 20:31:02.123709+00:00,18.24,37.84,40.0,1677.8157149662493,18.15095725940714,-127.60644318126144,3,1
2012-12-27 20:33:02.123709+00:00,17.8,36.98,40.0,1677.8157149662493,18.15095725940714,-127.60644318126144,3,1
2013-01-03 04:32:02.123754+00:00,5.04,11.14,17.01,3132.7081425137108,20.262615049047415,-128.48417337522318,3,1
2013-01-03 04:33:02.123754+00:00,5.04,11.14,17.01,3132.7081425137108,20.262615049047415,-128.48417337522318,3,2
2013-01-04 18:31:02.128380+00:00,20.05,40.0,40.0,2373.9746191337836,16.72721012476517,-129.40536393945476,7,1
2013-01-04 18:33:02.128380+00:00,0.03,0.05,0.05,2818.1311095026167,16.789203203005265,-129.28137778297457,12,1
2013-01-04 18:34:02.128380+00:00,23.4,40.0,40.0,3123.5521247255056,17.020138112414315,-128.81950796415646,14,1
2013-01-04 18:35:02.128380+00:00,15.5,32.41,40.0,3386.097694107423,17.2425394117736,-128.37470536543788,16,2
2013-01-04 18:37:02.128380+00:00,13.28,27.96,40.0,6640.60350147775,18.859883036079296,-125.1400181168265,21,1
2013-01-04 18:41:02.128380+00:00,11.44,24.28,36.85,9650.875606158172,20.053989902988885,-122.75180438300733,32,2
2013-01-04 18:42:02.128380+00:00,12.54,26.5,40.0,10361.931488854554,20.25964610057041,-122.34049198784427,33,3
2013-01-04 18:43:02.128380+00:00,12.93,27.28,40.0,10618.595914706611,20.440132775648205,-121.97951863768868,37,2
2013-01-04 18:44:02.128380+00:00,13.35,28.12,40.0,10618.595914706611,20.605542140454105,-121.64869990807688,37,3
2013-01-04 18:45:02.128380+00:00,13.33,28.08,40.0,10490.263701780585,20.66005024789975,-121.5396836931856,38,1
2013-01-04 18:46:02.128380+00:00,13.1,27.62,40.0,11882.533259889718,20.807552082185424,-121.24468002461424,39,3
2013-01-04 18:47:02.128380+00:00,13.43,28.27,40.0,12444.16401338379,20.863027201290173,-121.13372978640474,42,2
2013-01-04 18:48:02.128380+00:00,13.74,28.89,40.0,13286.929320998135,21.018577074015532,-120.82263004095402,43,4
2013-01-04 18:49:02.128380+00:00,24.32,40.0,40.0,14096.641250180555,21.32115414938123,-120.21747589022264,45,2
2013-01-04 18:50:02.128380+00:00,23.91,40.0,40.0,14910.117254228117,21.348994896926374,-120.16179439513236,49,2
2013-01-04 18:51:02.128380+00:00,20.02,40.0,40.0,15002.155523788437,21.355689437185735,-120.14840531461364,50,4
2013-01-04 18:52:02.128380+00:00,21.1,40.0,40.0,16925.61573928904,21.45735411616509,-119.9450759566549,50,2
2013-01-04 18:53:02.128380+00:00,20.97,40.0,40.0,18240.70610675419,21.529378323974164,-119.80102754103676,50,3
2013-01-04 18:54:02.128380+00:00,20.79,40.0,40.0,19045.507532581418,21.529378323974164,-119.80102754103676,50,2
2013-01-04 18:55:02.128380+00:00,21.38,40.0,40.0,20443.60755300218,21.59833659314149,-119.66311100270212,49,2
2013-01-04 18:56:02.128380+00:00,21.44,40.0,40.0,20443.60755300218,21.59833659314149,-119.66311100270212,49,2
2013-01-04 18:57:02.128380+00:00,21.63,40.0,40.0,19045.507532581418,21.577611013261908,-119.70456216246129,48,3
2013-01-04 18:58:02.128380+00:00,21.63,40.0,40.0,18565.169350586424,21.59833659314149,-119.66311100270212,47,2
2013-01-04 18:59:02.128380+00:00,21.63,40.0,40.0,18240.70610675419,21.658719326026272,-119.54234553693254,46,3
2013-01-04 19:00:02.128380+00:00,21.63,40.0,40.0,14190.561557173449,21.529378323974164,-119.80102754103676,46,3
2013-01-04 19:01:02.128380+00:00,21.67,40.0,40.0,13286.929320998135,21.501871214566,-119.85604175985308,45,2
2013-01-04 19:02:02.128380+00:00,21.89,40.0,40.0,12874.972922458972,21.456910900663473,-119.94596238765814,45,3
2013-01-04 19:03:02.128380+00:00,21.8,40.0,40.0,9476.032797852946,21.059054253427753,-120.7416756821296,44,2
2013-01-04 19:04:02.128380+00:00,21.93,40.0,40.0,9476.032797852946,20.468120423610152,-121.9235433417648,44,2
2013-01-04 19:05:02.128380+00:00,21.7,40.0,40.0,9941.62543777122,20.442221256675648,-121.9753416756338,43,1
2013-01-04 19:06:02.128380+00:00,21.6,40.0,40.0,8393.853044057858,19.822880997239796,-123.2140221945055,42,2
2013-01-04 19:07:02.128380+00:00,21.48,40.0,40.0,6295.4231879974295,18.974444368425804,-124.91089545213347,41,2
2013-01-04 19:08:02.128380+00:00,22.16,40.0,40.0,5951.261605988105,18.842654363984114,-125.17447546101688,39,2
2013-01-04 19:09:02.128380+00:00,19.59,40.0,40.0,4761.825406561953,18.72413500590428,-125.41151417717651,38,2
2013-01-04 19:10:02.128380+00:00,22.53,40.0,40.0,3731.186990043948,18.368314554761227,-126.12315507946263,34,2
2013-01-04 19:11:02.128380+00:00,26.68,40.0,40.0,3180.8752381249815,18.17256245237057,-126.51465928424396,33,2
2013-01-04 19:12:02.128380+00:00,6.86,14.97,22.81,3158.3186867827862,17.92943043716758,-127.00092331464994,31,3
2013-01-04 19:13:02.128380+00:00,23.29,40.0,40.0,2826.9323040779127,17.826776904714613,-127.20623037955588,28,2
2013-01-04 19:14:02.128380+00:00,24.74,40.0,40.0,2673.4154175643257,17.711220834429177,-127.43734252012672,26,1
2013-01-04 19:15:02.128380+00:00,25.25,40.0,40.0,2656.1280356520824,17.690101566050306,-127.47958105688448,25,2
2013-01-04 19:16:02.128380+00:00,7.69,16.67,25.38,2623.1908366365697,17.54194125239631,-127.77590168419246,24,1
2013-01-04 19:17:02.128380+00:00,7.84,16.98,25.85,2623.1908366365697,17.54194125239631,-127.77590168419246,22,1
2013-01-04 19:19:02.128380+00:00,23.47,40.0,40.0,2489.260122952772,17.453973317536157,-127.95183755391278,18,1
2013-01-04 19:21:02.128380+00:00,7.82,16.95,25.81,2354.4400499867625,17.124560942618743,-128.6106623037476,14,1
2013-01-04 19:25:02.128380+00:00,12.0,25.41,38.55,2257.082476321816,17.124560942618743,-128.6106623037476,6,1
2013-01-07 13:36:02.127632+00:00,16.92,35.22,40.0,5058.800879873998,20.01549636168798,-127.26404854379452,29,2
2013-01-07 13:37:02.127632+00:00,16.22,33.83,40.0,5058.800879873998,20.01549636168798,-127.26404854379452,31,3
2013-01-07 13:38:02.127632+00:00,16.45,34.29,40.0,5058.800879873998,20.01549636168798,-127.26404854379452,33,2
2013-01-07 13:39:02.127632+00:00,16.45,34.29,40.0,4618.13318571775,19.956097808204767,-127.38284565076094,34,3
2013-01-07 13:40:02.127632+00:00,16.45,34.29,40.0,4618.13318571775,19.956097808204767,-127.38284565076094,34,2
2013-01-07 13:41:02.127632+00:00,16.45,34.29,40.0,4177.465491561502,19.89669925472155,-127.50164275772735,35,3
2013-01-07 13:42:02.127632+00:00,16.38,34.15,40.0,4149.987017616059,19.87491227083812,-127.54521672549424,36,3
2013-01-07 13:43:02.127632+00:00,16.47,34.33,40.0,4122.508543670617,19.85312528695469,-127.5887906932611,37,3
2013-01-07 13:44:02.127632+00:00,16.52,34.43,40.0,4082.9500989266353,19.84660404321731,-127.60183318073584,39,3
2013-01-07 13:45:02.127632+00:00,16.78,34.94,40.0,3976.9863914146576,19.81561873281732,-127.66380380153583,42,3
2013-01-07 13:46:02.127632+00:00,16.8,34.99,40.0,4058.8923340581177,19.84627054756406,-127.60250017204235,41,3
2013-01-07 13:47:02.127632+00:00,16.89,35.18,40.0,4058.8923340581177,19.84660404321731,-127.60183318073584,39,2
2013-01-07 13:48:02.127632+00:00,16.89,35.18,40.0,3968.8821073858176,19.84643729539069,-127.6021666763891,38,1
2013-01-07 13:49:02.127632+00:00,16.22,33.83,40.0,3848.095492689874,19.84643729539069,-127.6021666763891,36,1
2013-01-07 13:50:02.127632+00:00,16.15,33.69,40.0,3817.3191046662305,19.84660404321731,-127.60183318073584,33,1
2013-01-07 13:51:02.127632+00:00,15.83,33.07,40.0,3817.3191046662305,19.85312528695469,-127.5887906932611,31,1
2013-01-07 13:52:02.127632+00:00,15.7,32.8,40.0,3693.0474315867855,19.849697917259373,-127.59564543265174,28,1
2013-01-07 13:53:02.127632+00:00,17.65,36.68,40.0,2991.8354490537736,19.54183104584483,-128.2113791754808,25,1
2013-01-07 13:54:02.127632+00:00,18.11,37.59,40.0,2714.924508981282,19.040030290285223,-129.21498068660003,23,2
2013-01-07 13:55:02.127632+00:00,18.42,38.2,40.0,2470.61910066913,18.29898342411265,-130.69707441894516,20,2
2013-01-07 13:57:02.127632+00:00,5.96,13.09,19.96,2151.481463092679,17.21730914055025,-132.86042298606998,14,1
2013-01-07 13:58:02.127632+00:00,5.61,12.35,18.85,1962.3649428384033,17.198896216390118,-132.89724883439024,12,1
2013-01-07 14:03:02.127632+00:00,5.95,13.06,19.92,1962.3649428384033,17.160119825740757,-132.97480161568896,8,1
2013-01-09 04:06:02.122257+00:00,2.89,6.5,9.94,2293.5863838243463,17.93661856911053,-131.17926836576265,11,1
2013-01-09 04:07:02.122257+00:00,3.9,8.7,13.3,2255.455278124446,18.331158655663113,-130.3901881926575,14,2
2013-01-09 04:11:02.122257+00:00,2.83,6.36,9.73,2293.5863838243463,18.35593393475581,-130.3406376344721,21,1
2013-01-09 04:12:02.122257+00:00,2.47,5.56,8.52,2293.5863838243463,18.518156456978797,-130.01619259002612,23,1
2013-01-09 04:13:02.122257+00:00,3.74,8.35,12.77,2293.5863838243463,18.518156456978797,-130.01619259002612,25,2
2013-01-09 04:14:02.122257+00:00,3.49,7.79,11.92,2303.2762716982065,18.55965260291936,-129.933200298145,27,2
2013-01-09 04:15:02.122257+00:00,3.71,8.27,12.65,2346.839775721111,18.575228283355905,-129.9020489372719,30,1
2013-01-09 04:16:02.122257+00:00,3.87,8.62,13.18,2466.167269661564,18.575228283355905,-129.9020489372719,32,2
2013-01-09 04:17:02.122257+00:00,4.06,9.03,13.81,2487.463490709921,18.575228283355905,-129.9020489372719,32,3
2013-01-09 04:18:02.122257+00:00,4.14,9.22,14.09,2541.931259579112,18.55965260291936,-129.933200298145,33,2
2013-01-09 04:19:02.122257+00:00,4.13,9.18,14.04,2487.463490709921,18.53890452994908,-129.97469644408557,34,2
2013-01-09 04:20:02.122257+00:00,4.13,9.18,14.04,2432.9957218407303,18.518156456978797,-130.01619259002612,35,2
2013-01-09 04:21:02.122257+00:00,4.02,8.96,13.7,2432.9957218407303,18.518156456978797,-130.01619259002612,35,1
2013-01-09 04:22:02.122257+00:00,4.01,8.92,13.64,2432.9957218407303,18.518156456978797,-130.01619259002612,35,2
2013-01-09 04:23:02.122257+00:00,3.87,8.62,13.18,2432.9957218407303,18.55965260291936,-129.933200298145,33,2
2013-01-09 04:24:02.122257+00:00,3.88,8.66,13.24,2541.931259579112,18.55965260291936,-129.933200298145,31,3
2013-01-09 04:25:02.122257+00:00,4.02,8.96,13.7,2487.463490709921,18.53890452994908,-129.97469644408557,30,2
2013-01-09 04:26:02.122257+00:00,4.07,9.07,13.87,2487.463490709921,18.53890452994908,-129.97469644408557,28,2
2013-01-09 04:27:02.122257+00:00,4.01,8.92,13.64,2641.897352206891,18.26414184679965,-130.52422181038443,25,2
2013-01-09 04:28:02.122257+00:00,4.49,9.97,15.24,2432.9957218407303,18.18806163581787,-130.67638223234798,23,2
2013-01-09 04:30:02.122257+00:00,4.61,10.22,15.61,2737.923475936856,18.185849319792297,-130.68080686439913,19,1
2013-01-09 04:31:02.122257+00:00,4.75,10.53,16.08,2753.8572074164435,18.186955477805085,-130.67859454837355,18,1
2013-01-11 07:55:02.128425+00:00,30.94,40.0,40.0,2676.600371185464,19.336719506396054,-128.0223387362729,23,1
2013-01-11 07:56:02.128425+00:00,21.6,40.0,40.0,3182.9088186222334,19.81192981664776,-127.07191811576948,26,1
2013-01-11 07:57:02.128425+00:00,3.47,7.75,11.86,3653.599729792709,19.902515007460742,-126.8907477341435,28,1
2013-01-11 07:58:02.128425+00:00,3.63,8.12,12.41,3928.1048737245046,19.972258611312043,-126.75126052644092,30,2
2013-01-11 07:59:02.128425+00:00,4.07,9.07,13.87,4569.472733991385,20.098217052767392,-126.4993436435302,33,2
2013-01-11 08:00:02.128425+00:00,3.92,8.73,13.35,4674.039380870499,20.122879874690227,-126.45001799968456,36,4
2013-01-11 08:01:02.128425+00:00,3.69,8.23,12.59,4712.543091688736,20.16715309279293,-126.36147156347914,39,2
2013-01-11 08:02:02.128425+00:00,3.72,8.31,12.71,5305.361241777262,20.38165628546683,-125.93246517813134,42,2
2013-01-11 08:03:02.128425+00:00,4.11,9.15,13.98,5819.981038776988,20.40493733231439,-125.88590308443622,45,3
2013-01-11 08:04:02.128425+00:00,3.52,7.88,12.05,5869.560453659247,20.419380410861734,-125.85701692734152,47,3
2013-01-11 08:05:02.128425+00:00,27.25,40.0,40.0,6530.200098254771,20.477222328045407,-125.74133309297416,50,3
2013-01-11 08:06:02.128425+00:00,26.42,40.0,40.0,7242.397324828631,20.596863583722488,-125.50205058162004,52,3
2013-01-11 08:07:02.128425+00:00,14.88,31.17,40.0,7549.848424836454,20.95657297840336,-124.78263179225829,53,2
2013-01-11 08:08:02.128425+00:00,13.74,28.89,40.0,7806.747223237742,21.079807226759563,-124.53616329554586,54,3
2013-01-11 08:09:02.128425+00:00,13.07,27.54,40.0,8294.446549627313,21.173838490728713,-124.34810076760756,55,3
2013-01-11 08:10:02.128425+00:00,13.51,28.43,40.0,8832.932126825883,21.45986678125528,-123.77604418655444,55,3
2013-01-11 08:11:02.128425+00:00,13.39,28.19,40.0,9793.618078885607,21.63649791827001,-123.42278191252498,54,3
2013-01-11 08:12:02.128425+00:00,13.47,28.35,40.0,9312.25469418016,21.537466632456272,-123.62084448415246,56,2
2013-01-11 08:13:02.128425+00:00,13.6,28.62,40.0,9398.954643075318,21.63649791827001,-123.42278191252498,56,3
2013-01-11 08:14:02.128425+00:00,13.39,28.19,40.0,9632.025002896176,21.689531288194235,-123.31671517267654,56,3
2013-01-11 08:15:02.128425+00:00,13.39,28.19,40.0,8919.632075721038,21.63649791827001,-123.42278191252498,56,2
2013-01-11 08:16:02.128425+00:00,13.24,27.89,40.0,8745.011324948466,21.615066483657262,-123.46564478175048,55,3
2013-01-11 08:17:02.128425+00:00,12.82,27.06,40.0,8190.683091717703,21.52677798394984,-123.64222178116532,56,3
2013-01-11 08:18:02.128425+00:00,12.73,26.87,40.0,8012.763233596156,21.43405923254064,-123.8276592839837,56,3
2013-01-11 08:19:02.128425+00:00,12.71,26.83,40.0,7857.769892284968,21.52677798394984,-123.64222178116532,54,2
2013-01-11 08:20:02.128425+00:00,12.49,26.39,40.0,7980.586267761735,21.593689186644397,-123.5083993757762,51,3
2013-01-11 08:21:02.128425+00:00,12.62,26.65,40.0,7857.769892284968,21.604377835150828,-123.48702207876332,48,3
2013-01-11 08:22:02.128425+00:00,12.64,26.69,40.0,7734.9535168082,21.593689186644397,-123.5083993757762,47,4
2013-01-11 08:23:02.128425+00:00,12.69,26.8,40.0,6937.557894048025,21.215082580674306,-124.2656125877164,46,2
2013-01-11 08:24:02.128425+00:00,13.03,27.47,40.0,6394.104051331308,21.14884009824905,-124.3980975525669,45,4
2013-01-11 08:25:02.128425+00:00,13.1,27.62,40.0,5895.371625927128,21.128796069843983,-124.43818560937704,43,2
2013-01-11 08:26:02.128425+00:00,13.05,27.51,40.0,4924.584958189225,21.111235602709495,-124.47330654364602,40,2
2013-01-11 08:27:02.128425+00:00,12.9,27.21,40.0,4297.414618304,21.0432806223068,-124.6092165044514,39,3
2013-01-11 08:28:02.128425+00:00,13.35,28.12,40.0,3733.9342831097447,20.958204811934102,-124.7793681251968,37,1
2013-01-11 08:29:02.128425+00:00,13.8,29.01,40.0,3526.081122996239,20.410524746808008,-125.874728255449,34,1
2013-01-11 08:31:02.128425+00:00,6.98,15.22,23.18,2948.664755586818,19.85273345881338,-126.99031083143824,29,1
2013-01-11 08:32:02.128425+00:00,34.78,40.0,40.0,2591.6365269235816,19.149857987933743,-128.39606177319752,25,2
2013-01-11 08:33:02.128425+00:00,32.97,40.0,40.0,2357.259517401735,18.97215352910248,-128.75147069086006,23,2
2013-01-11 08:35:02.128425+00:00,5.9,12.96,19.77,2041.7943589714864,17.47023229779115,-131.7553131534827,17,1
2013-01-11 08:36:02.128425+00:00,6.41,14.03,21.39,1973.767535508708,17.422547676112707,-131.8506823968396,15,1
2013-01-11 08:37:02.128425+00:00,7.39,16.05,24.45,1668.817101869837,17.399168814590723,-131.89744011988356,12,1
2013-01-11 08:43:02.128425+00:00,7.9,17.11,26.04,1516.2894007377058,16.754537418079188,-133.18670291290664,6,1
2013-01-14 05:38:02.127677+00:00,31.63,40.0,40.0,3938.5468549352167,21.993271683376076,-127.43940707964649,3,2
2013-01-14 05:39:02.127677+00:00,31.63,40.0,40.0,3938.5468549352167,21.993271683376076,-127.43940707964649,3,1
2013-01-15 12:41:02.122303+00:00,19.5,40.0,40.0,5537.4988046423105,22.614114406445207,-126.82657235555553,4,2
2013-01-15 12:42:02.122303+00:00,19.5,40.0,40.0,5537.4988046423105,22.614114406445207,-126.82657235555553,4,2
2013-01-16 02:39:02.123845+00:00,25.99,40.0,40.0,56249.92292234443,27.33759101266056,-113.41365869955172,7,2
2013-01-16 02:40:02.123845+00:00,25.99,40.0,40.0,56249.92292234443,27.33759101266056,-113.41365869955172,7,3
2013-01-16 02:41:02.123845+00:00,25.99,40.0,40.0,56249.92292234443,27.33759101266056,-113.41365869955172,7,1
2013-01-16 02:43:02.123845+00:00,25.99,40.0,40.0,37513.31503334207,25.411790538781226,-117.2652596473104,8,1
2013-01-18 00:06:02.120012+00:00,16.61,34.61,40.0,10785.748518817569,23.775171044098983,-123.86365402435652,3,3
2013-01-19 03:10:02.123096+00:00,18.95,39.26,40.0,1768.865586665192,18.610102287891287,-124.3258630829625,7,1
2013-01-19 03:11:02.123096+00:00,18.79,38.94,40.0,1840.5453007401345,18.512821526198667,-124.52042460634776,8,2
2013-01-19 03:12:02.123096+00:00,18.11,37.59,40.0,1768.865586665192,18.610102287891287,-124.3258630829625,9,1
2013-01-19 03:13:02.123096+00:00,18.5,38.36,40.0,1840.5453007401345,18.512821526198667,-124.52042460634776,10,1
2013-01-19 03:15:02.123096+00:00,31.28,40.0,40.0,1677.8680898918954,18.610102287891287,-124.3258630829625,13,1
2013-01-19 03:19:02.123096+00:00,30.6,40.0,40.0,1677.8680898918954,18.610102287891287,-124.3258630829625,13,1
2013-01-19 03:21:02.123096+00:00,30.17,40.0,40.0,1768.865586665192,18.610102287891287,-124.3258630829625,11,1
2013-01-19 03:22:02.123096+00:00,31.28,40.0,40.0,1723.3668382785436,18.87479517534863,-123.7964773080478,10,2
2013-01-19 03:23:02.123096+00:00,3.43,7.67,11.74,1644.013572584891,18.512821526198667,-124.52042460634776,8,1
2013-01-19 03:24:02.123096+00:00,3.37,7.55,11.55,1644.013572584891,18.512821526198667,-124.52042460634776,8,1
2013-01-19 03:25:02.123096+00:00,3.47,7.75,11.86,1644.013572584891,18.512821526198667,-124.52042460634776,8,1
2013-01-24 23:18:02.120058+00:00,21.93,40.0,40.0,6589.957664638732,24.052336917041668,-125.77651294114348,3,2
2013-01-24 23:27:02.120058+00:00,21.93,40.0,40.0,6589.957664638732,24.052336917041668,-125.77651294114348,3,1
2013-01-26 19:22:02.126226+00:00,34.16,40.0,40.0,3486.982813607177,20.022490054662633,-129.38136552917962,28,2
2013-01-26 19:23:02.126226+00:00,35.95,40.0,40.0,3732.3586911284688,20.284332121266605,-128.85768139597167,32,2
2013-01-26 19:24:02.126226+00:00,35.72,40.0,40.0,3732.3586911284688,20.284332121266605,-128.85768139597167,34,1
2013-01-26 19:25:02.126226+00:00,35.06,40.0,40.0,4124.55041074242,20.455097557138956,-128.516150524227,36,3
2013-01-26 19:26:02.126226+00:00,35.14,40.0,40.0,4714.68139280221,20.59817343920654,-128.2299987600918,39,3
2013-01-26 19:27:02.126226+00:00,35.21,40.0,40.0,4714.68139280221,20.60873124981956,-128.20888313886576,43,3
2013-01-26 19:28:02.126226+00:00,35.5,40.0,40.0,4863.644840279815,20.673327587972345,-128.0796904625602,45,3
2013-01-26 19:29:02.126226+00:00,35.8,40.0,40.0,5061.624921130824,20.711887611837067,-128.00257041483076,48,4
2013-01-26 19:30:02.126226+00:00,34.57,40.0,40.0,5061.624921130824,20.7294591828295,-127.96742727284588,50,3
2013-01-26 19:31:02.126226+00:00,35.43,40.0,40.0,5090.331167570803,20.731199383718376,-127.96394687106812,53,3
2013-01-26 19:32:02.126226+00:00,35.35,40.0,40.0,5061.624921130824,20.7294591828295,-127.96742727284588,54,3
2013-01-26 19:33:02.126226+00:00,35.21,40.0,40.0,5061.624921130824,20.7294591828295,-127.96742727284588,54,2
2013-01-26 19:34:02.126226+00:00,34.99,40.0,40.0,5032.918674690844,20.72771898194063,-127.97090767462362,55,3
2013-01-26 19:35:02.126226+00:00,34.92,40.0,40.0,4966.191537638548,20.711887611837067,-128.00257041483076,56,3
2013-01-26 19:36:02.126226+00:00,34.71,40.0,40.0,4855.743526782647,20.696056241733505,-128.03423315503787,55,3
2013-01-26 19:37:02.126226+00:00,34.85,40.0,40.0,4877.603963684449,20.647114840470024,-128.13211595756485,54,3
2013-01-26 19:38:02.126226+00:00,35.21,40.0,40.0,4877.603963684449,20.647114840470024,-128.13211595756485,52,2
2013-01-26 19:39:02.126226+00:00,35.21,40.0,40.0,4899.46440058625,20.696056241733505,-128.03423315503787,49,2
2013-01-26 19:40:02.126226+00:00,35.14,40.0,40.0,4899.46440058625,20.72771898194063,-127.97090767462362,45,4
2013-01-26 19:41:02.126226+00:00,35.35,40.0,40.0,4877.603963684449,20.74134880119737,-127.94364803611016,42,3
2013-01-26 19:42:02.126226+00:00,35.28,40.0,40.0,4814.464390735419,20.619577374055545,-128.18719089039377,40,1
2013-01-26 19:43:02.126226+00:00,34.29,40.0,40.0,4549.440831539579,20.619577374055545,-128.18719089039377,36,2
2013-01-26 19:44:02.126226+00:00,34.36,40.0,40.0,4549.440831539579,20.619577374055545,-128.18719089039377,34,2
2013-01-26 19:45:02.126226+00:00,34.85,40.0,40.0,4549.440831539579,20.52856111583776,-128.36922340682935,32,3
2013-01-26 19:46:02.126226+00:00,34.02,40.0,40.0,3783.410188912742,20.3884456535484,-128.64945433140807,29,2
2013-01-26 19:47:02.126226+00:00,33.95,40.0,40.0,3783.410188912742,20.125393432405847,-129.17555877369318,25,3
2013-01-27 05:43:02.127768+00:00,12.06,25.52,38.71,14807.941036568236,21.88988074439205,-121.1623962176578,3,3
2013-01-31 00:16:02.120103+00:00,2.94,6.59,10.08,2213.5477074701184,18.316870134220338,-130.05644965616884,10,1
2013-01-31 00:19:02.120103+00:00,3.85,8.58,13.12,2022.58146960072,18.01314676637482,-130.66389639185988,13,2
2013-01-31 00:20:02.120103+00:00,3.97,8.85,13.53,2213.5477074701184,18.254327504660463,-130.18153491528858,14,2
2013-01-31 00:21:02.120103+00:00,3.92,8.73,13.35,2213.5477074701184,18.21508103418217,-130.2600278562452,16,2
2013-01-31 00:22:02.120103+00:00,3.9,8.7,13.3,2022.58146960072,18.41701530198952,-129.85615932063047,17,1
2013-01-31 00:24:02.120103+00:00,3.81,8.51,13.01,2010.9407672805712,18.21508103418217,-130.2600278562452,18,2
2013-01-31 00:27:02.120103+00:00,3.54,7.92,12.11,2010.9407672805712,18.45626177246782,-129.77766637967386,18,1
2013-01-31 00:28:02.120103+00:00,3.45,7.71,11.8,2010.9407672805712,18.45626177246782,-129.77766637967386,18,1
2013-01-31 00:29:02.120103+00:00,3.39,7.59,11.61,2022.58146960072,18.495508242946116,-129.69917343871728,17,1
2013-01-31 00:30:02.120103+00:00,3.85,8.58,13.12,1999.3000649604223,18.41701530198952,-129.85615932063047,15,1
2013-01-31 00:31:02.120103+00:00,4.14,9.22,14.09,1989.3060482009755,18.45626177246782,-129.77766637967386,12,2
2013-01-31 00:32:02.120103+00:00,4.19,9.33,14.26,1989.3060482009755,18.45626177246782,-129.77766637967386,12,1
2013-01-31 00:34:02.120103+00:00,4.39,9.76,14.91,1845.0637250533896,18.45626177246782,-129.77766637967386,10,1
2013-01-31 00:35:02.120103+00:00,5.32,11.73,17.91,1734.0968233055478,18.41701530198952,-129.85615932063047,9,1
