time,range_D_MP1,range_MP1_MP2,range_MP2_MP3,auto_max,auto_snr,auto_amp,auto_count,n_calls
2012-03-01 17:01:02.129304+00:00,7.25,15.79,24.05,1875.3953476338472,15.843990712963135,-129.59369013299892,12,1
2012-03-01 17:02:02.129304+00:00,7.78,16.87,25.69,1951.1445381164335,15.58252292500806,-130.11662570890908,15,1
2012-03-01 17:03:02.129304+00:00,7.72,16.75,25.5,2042.5166741955527,15.649283256572875,-129.98310504577944,16,2
2012-03-01 17:04:02.129304+00:00,6.65,14.54,22.17,2081.034321549071,15.762916040695018,-129.75583947753515,18,3
2012-03-01 17:05:02.129304+00:00,33.74,40.0,40.0,2081.034321549071,15.843990712963135,-129.59369013299892,20,2
2012-03-01 17:06:02.129304+00:00,19.05,39.48,40.0,2133.888810274672,15.91691931569983,-129.44783292752555,23,1
2012-03-01 17:10:02.129304+00:00,19.88,40.0,40.0,2762.632611253996,16.407699273515007,-128.46627301189517,32,1
2012-03-01 17:11:02.129304+00:00,19.85,40.0,40.0,2842.3853104757277,16.50013578697051,-128.28139998498418,33,3
2012-03-01 17:12:02.129304+00:00,19.88,40.0,40.0,2842.3853104757277,16.7900879521866,-127.701495654552,33,2
2012-03-01 17:13:02.129304+00:00,19.94,40.0,40.0,2918.6320836230066,16.946932446571765,-127.38780666578168,33,1
2012-03-01 17:14:02.129304+00:00,19.77,40.0,40.0,3050.774092371249,16.996243108139485,-127.28918534264622,33,2
2012-03-01 17:15:02.129304+00:00,20.22,40.0,40.0,3319.7950465442946,17.10577904663728,-127.07011346565062,34,2
2012-03-01 17:16:02.129304+00:00,20.78,40.0,40.0,3513.6568279114745,17.10577904663728,-127.07011346565062,34,3
2012-03-01 17:17:02.129304+00:00,20.81,40.0,40.0,3360.0422896271957,17.073928013414672,-127.13381553209584,36,2
2012-03-01 17:18:02.129304+00:00,20.84,40.0,40.0,3229.354088873286,17.047221515740027,-127.18722852744514,37,3
2012-03-01 17:19:02.129304+00:00,20.81,40.0,40.0,3189.106845790385,17.021732311939758,-127.23820693504568,38,2
2012-03-01 17:20:02.129304+00:00,20.81,40.0,40.0,3148.859602707484,16.996243108139485,-127.28918534264622,39,2
2012-03-01 17:21:02.129304+00:00,20.81,40.0,40.0,3148.859602707484,17.047221515740027,-127.18722852744514,37,2
2012-03-01 17:22:02.129304+00:00,20.9,40.0,40.0,3229.354088873286,17.10063451108932,-127.08040253674656,35,1
2012-03-01 17:23:02.129304+00:00,20.87,40.0,40.0,3148.859602707484,17.110923582185237,-127.05982439455472,37,1
2012-03-01 17:24:02.129304+00:00,20.93,40.0,40.0,3148.859602707484,17.110923582185237,-127.05982439455472,37,3
2012-03-01 17:25:02.129304+00:00,20.84,40.0,40.0,3148.859602707484,17.10063451108932,-127.08040253674656,37,3
2012-03-01 17:26:02.129304+00:00,21.2,40.0,40.0,3050.774092371249,17.047221515740027,-127.18722852744514,35,2
2012-03-01 17:27:02.129304+00:00,21.08,40.0,40.0,3050.774092371249,16.972512679728634,-127.33664619946792,33,1
2012-03-01 17:28:02.129304+00:00,20.57,40.0,40.0,2968.003238439917,16.972512679728634,-127.33664619946792,31,1
2012-03-01 17:29:02.129304+00:00,29.73,40.0,40.0,2866.8883454429592,16.947182457430618,-127.38730664406395,29,2
2012-03-01 17:31:02.129304+00:00,29.88,40.0,40.0,2687.1685063425934,16.93149183682346,-127.41868788527826,25,1
2012-03-01 17:32:02.129304+00:00,29.88,40.0,40.0,2718.4576783246835,16.79844992483952,-127.68477170924616,24,2
2012-03-01 17:33:02.129304+00:00,30.04,40.0,40.0,2513.615401585254,16.508183409291902,-128.26530474034138,22,2
2012-03-01 17:34:02.129304+00:00,29.62,40.0,40.0,2257.653338504059,16.350937068716078,-128.57979742149303,20,2
2012-03-01 17:35:02.129304+00:00,32.92,40.0,40.0,1968.191884269391,16.349068961845575,-128.58353363523403,17,2
2012-03-01 17:38:02.129304+00:00,14.37,30.17,40.0,1958.339399423826,16.350937068716078,-128.57979742149303,12,1
2012-03-02 09:05:02.129222+00:00,0.01,0.03,0.08,1778.328313140035,17.4274678333811,-130.74617873989737,7,1
2012-03-02 09:08:02.129222+00:00,0.02,0.03,0.15,1778.328313140035,17.4274678333811,-130.74617873989737,7,1
2012-03-02 09:09:02.129222+00:00,0.02,0.06,0.12,1778.328313140035,17.4274678333811,-130.74617873989737,7,1
2012-03-02 09:10:02.129222+00:00,0.39,0.88,1.36,1778.328313140035,17.4274678333811,-130.74617873989737,7,2
2012-03-02 09:12:02.129222+00:00,0.01,0.02,0.05,1778.328313140035,17.4274678333811,-130.74617873989737,7,1
2012-03-02 09:13:02.129222+00:00,0.02,0.03,0.15,1778.328313140035,17.4274678333811,-130.74617873989737,7,1
2012-03-04 05:03:02.128891+00:00,4.7,10.42,15.91,6745.636581054554,19.46791141509902,-131.64672874275087,4,2
2012-03-04 05:04:02.128891+00:00,4.7,10.42,15.91,6745.636581054554,19.46791141509902,-131.64672874275087,4,2
2012-03-06 04:14:02.128560+00:00,25.02,40.0,40.0,1761.4015624566457,15.61598133542385,-132.49850674013055,3,1
2012-03-06 04:23:02.128560+00:00,26.6,40.0,40.0,1665.1112645729274,15.017088036060526,-133.6962933388572,6,1
2012-03-06 04:24:02.128560+00:00,26.65,40.0,40.0,1665.1112645729274,15.017088036060526,-133.6962933388572,6,1
2012-03-06 04:28:02.128560+00:00,25.37,40.0,40.0,2048.2694190563525,14.525863500736245,-134.6787424095058,6,2
2012-03-06 04:29:02.128560+00:00,25.41,40.0,40.0,2048.2694190563525,14.525863500736245,-134.6787424095058,6,1
2012-03-06 04:38:02.128560+00:00,12.16,25.74,39.05,2527.717871423496,14.633532264775289,-134.4634048814277,3,1
2012-03-07 17:47:02.128312+00:00,30.41,40.0,40.0,1752.507959987831,16.932603486275653,-134.83207506382124,3,1
2012-03-07 17:51:02.128312+00:00,40.0,40.0,40.0,1752.507959987831,16.932603486275653,-134.83207506382124,3,1
2012-03-07 17:53:02.128312+00:00,40.0,40.0,40.0,1752.507959987831,16.932603486275653,-134.83207506382124,3,1
2012-03-08 04:26:02.128230+00:00,6.8,14.85,22.64,2362.5215979891923,13.697811893140155,-142.57296715959615,3,1
2012-03-08 07:46:02.128230+00:00,11.87,25.17,38.19,1613.5744517272371,15.84137847866404,-138.28583398854838,3,2
2012-03-08 07:51:02.128230+00:00,11.87,25.17,38.19,1613.5744517272371,15.84137847866404,-138.28583398854838,3,1
2012-03-09 12:48:02.127981+00:00,29.07,40.0,40.0,3725.350666262226,18.793505206134213,-125.42624078046538,3,2
2012-03-09 12:49:02.127981+00:00,29.07,40.0,40.0,3725.350666262226,18.793505206134213,-125.42624078046538,3,1
2012-03-10 12:03:02.127816+00:00,30.04,40.0,40.0,2607.9490195563703,18.303326838927862,-134.1333828866813,3,1
2012-03-10 12:10:02.127816+00:00,30.04,40.0,40.0,2449.5726661438443,13.941223447659516,-142.857589669218,5,1
2012-03-10 12:11:02.127816+00:00,30.04,40.0,40.0,2449.5726661438443,13.941223447659516,-142.857589669218,5,1
2012-03-10 12:14:02.127816+00:00,30.04,40.0,40.0,2521.9100815291745,16.12227514329369,-138.49548627794962,4,1
2012-03-10 12:19:02.127816+00:00,30.04,40.0,40.0,2435.8711435019786,13.941223447659516,-142.857589669218,5,1
2012-03-10 15:03:02.127816+00:00,4.94,10.93,16.69,2224.5130496775587,13.859682608056335,-143.02067134842434,3,1
2012-03-11 07:05:02.127734+00:00,5.43,11.96,18.26,2229.457766654042,17.599441764393116,-132.89544699280316,6,1
2012-03-11 07:07:02.127734+00:00,5.43,11.96,18.26,2042.793289959772,17.728649961870303,-132.6370305978488,5,1
2012-03-11 07:08:02.127734+00:00,5.63,12.39,18.9,2042.793289959772,17.728649961870303,-132.6370305978488,5,1
2012-03-11 07:10:02.127734+00:00,5.73,12.61,19.25,2229.457766654042,17.51071079872936,-133.07290892413067,6,1
2012-03-11 07:12:02.127734+00:00,5.73,12.61,19.25,2229.457766654042,17.51071079872936,-133.07290892413067,6,1
2012-03-11 07:19:02.127734+00:00,5.58,12.29,18.76,2416.122243348312,17.292771635588416,-133.50878725041258,3,1
2012-03-11 07:38:02.127734+00:00,10.17,21.75,33.04,2872.8480900945465,17.523781926824604,-133.0467666679402,4,1
2012-03-11 07:42:02.127734+00:00,10.17,21.75,33.04,2872.8480900945465,17.523781926824604,-133.0467666679402,4,1
2012-03-11 07:44:02.127734+00:00,10.17,21.75,33.04,2872.8480900945465,17.523781926824604,-133.0467666679402,4,1
2012-03-11 07:47:02.127734+00:00,10.17,21.75,33.04,2872.8480900945465,17.523781926824604,-133.0467666679402,4,1
2012-03-11 08:10:02.127734+00:00,26.06,40.0,40.0,2955.951279677597,17.85974021593811,-132.37485008971316,3,1
2012-03-11 08:13:02.127734+00:00,26.02,40.0,40.0,2955.951279677597,17.85974021593811,-132.37485008971316,3,1
2012-03-11 08:17:02.127734+00:00,26.06,40.0,40.0,2955.951279677597,17.85974021593811,-132.37485008971316,3,1
2012-03-11 15:11:02.127650+00:00,15.67,32.76,40.0,2896.844474249464,17.35125286989014,-133.50031510242758,4,1
2012-03-11 15:13:02.127650+00:00,15.67,32.76,40.0,2878.6628448814586,17.650513097683657,-132.90179464684053,5,1
2012-03-11 15:14:02.127650+00:00,15.67,32.76,40.0,2878.6628448814586,17.650513097683657,-132.90179464684053,5,1
2012-03-11 15:15:02.127650+00:00,15.74,32.89,40.0,2896.844474249464,17.717223925906886,-132.76837299039408,6,1
2012-03-11 15:22:02.127650+00:00,14.97,31.36,40.0,2282.540464239227,18.27802101943189,-131.6467788033441,10,1
2012-03-11 15:25:02.127650+00:00,0.0,0.01,0.02,2233.5354940824573,18.414589108339943,-131.37364262552796,8,2
2012-03-11 15:26:02.127650+00:00,0.0,0.02,0.02,2158.598891235646,18.27802101943189,-131.6467788033441,10,1
2012-03-11 15:27:02.127650+00:00,0.0,0.01,0.02,2158.598891235646,18.27802101943189,-131.6467788033441,10,1
2012-03-11 15:28:02.127650+00:00,32.2,40.0,40.0,1919.6699207679744,17.91565971915734,-132.37150140389315,12,1
2012-03-11 15:29:02.127650+00:00,0.0,0.02,0.02,2158.598891235646,17.925773909311435,-132.35127302358498,14,1
2012-03-11 15:35:02.127650+00:00,32.68,40.0,40.0,2116.997997936028,17.989534346594173,-132.2237521490195,13,2
2012-03-11 15:36:02.127650+00:00,18.4,38.17,40.0,2078.713182586703,17.670741477991847,-132.86133788622416,11,1
2012-03-11 15:37:02.127650+00:00,18.4,38.17,40.0,2097.8555902613657,17.544021770351396,-133.11477730150506,10,1
2012-03-11 15:38:02.127650+00:00,18.14,37.67,40.0,2078.713182586703,17.417302062710945,-133.36821671678595,9,2
2012-03-11 15:39:02.127650+00:00,18.27,37.92,40.0,1850.487925097304,17.294522445411808,-133.61377595138424,8,2
2012-03-11 21:55:02.127650+00:00,5.95,13.06,19.93,1819.8613039580985,12.561629841423528,-143.0795611593608,3,1
2012-03-11 22:03:02.127650+00:00,5.78,12.71,19.39,1819.8613039580985,12.451254563768938,-143.30031171466996,3,1
2012-03-12 01:52:02.127568+00:00,7.99,17.3,26.34,2254.05314322682,13.046260317294044,-142.00177431988982,3,1
2012-03-12 01:56:02.127568+00:00,7.95,17.21,26.2,2428.13139999726,13.181123264566844,-141.7320484253442,4,1
2012-03-12 02:00:02.127568+00:00,7.43,16.16,24.61,2602.2096567677,13.315986211839643,-141.46232253079862,7,1
2012-03-12 02:05:02.127568+00:00,6.35,13.92,21.22,3037.6281768392996,13.640622267022684,-140.81305042043255,8,1
2012-03-12 02:07:02.127568+00:00,6.34,13.88,21.17,3037.6281768392996,13.640622267022684,-140.81305042043255,8,1
2012-03-12 02:08:02.127568+00:00,5.86,12.87,19.64,2769.092899205908,13.412265976114764,-141.26976300224837,9,1
2012-03-12 02:10:02.127568+00:00,5.84,12.84,19.59,2769.092899205908,13.412265976114764,-141.26976300224837,9,1
2012-03-12 02:12:02.127568+00:00,4.97,11.0,16.8,3306.1634544726912,13.892720652554482,-140.30885364936893,9,1
2012-03-12 02:14:02.127568+00:00,4.22,9.38,14.34,3322.5744011837933,13.90530915835209,-140.28367663777374,10,1
2012-03-12 02:17:02.127568+00:00,4.4,9.78,14.95,2769.092899205908,13.412265976114764,-141.26976300224837,9,1
2012-03-12 02:18:02.127568+00:00,4.39,9.75,14.89,2769.092899205908,13.412265976114764,-141.26976300224837,9,1
2012-03-12 02:21:02.127568+00:00,4.01,8.94,13.66,3372.7776008803476,13.90530915835209,-140.28367663777374,8,1
2012-03-12 02:23:02.127568+00:00,3.34,7.47,11.42,3137.433414410314,13.654759030071148,-140.7847768943356,8,1
2012-03-12 02:27:02.127568+00:00,3.24,7.25,11.1,3204.0475608179704,13.935915358601974,-140.22246423727395,6,1
2012-03-12 02:29:02.127568+00:00,3.08,6.9,10.56,3204.0475608179704,13.935915358601974,-140.22246423727395,6,1
2012-03-12 02:33:02.127568+00:00,3.0,6.72,10.28,3698.842632622914,13.995401988661808,-140.10349097715428,6,1
2012-03-12 02:37:02.127568+00:00,2.58,5.8,8.88,3827.30438593507,14.250252025190456,-139.59379090409698,7,1
2012-03-12 02:42:02.127568+00:00,2.05,4.63,7.08,3302.7110179851707,14.177376092294164,-139.73954276988957,10,1
2012-03-12 02:43:02.127568+00:00,1.0,2.27,3.47,3593.2153162635145,14.250252025190456,-139.59379090409698,9,1
2012-03-12 02:45:02.127568+00:00,1.2,2.71,4.15,3593.2153162635145,14.33218375517246,-139.42992744413297,11,1
2012-03-12 02:46:02.127568+00:00,1.1,2.5,3.82,3593.2153162635145,14.33218375517246,-139.42992744413297,11,1
2012-03-12 02:48:02.127568+00:00,0.76,1.72,2.63,3962.200589152368,14.431796131282814,-139.23070269191226,12,1
2012-03-12 02:49:02.127568+00:00,0.76,1.72,2.63,3827.30438593507,14.426153876978637,-139.24198720052064,13,1
2012-03-12 02:50:02.127568+00:00,0.76,1.72,2.63,3827.30438593507,14.426153876978637,-139.24198720052064,13,1
2012-03-12 02:51:02.127568+00:00,0.02,0.06,0.12,3962.200589152368,14.431796131282814,-139.23070269191226,14,1
2012-03-12 02:53:02.127568+00:00,0.22,0.49,0.75,3827.30438593507,14.426153876978637,-139.24198720052064,13,1
2012-03-12 02:55:02.127568+00:00,0.39,0.88,1.36,3962.200589152368,14.431796131282814,-139.23070269191226,14,1
2012-03-12 02:56:02.127568+00:00,0.39,0.88,1.36,3710.259851099292,14.384811070379726,-139.32467281371845,14,1
2012-03-12 02:58:02.127568+00:00,0.39,0.88,1.36,3579.030882998117,14.384811070379726,-139.32467281371845,12,1
2012-03-12 02:59:02.127568+00:00,0.39,0.88,1.36,3579.030882998117,14.384811070379726,-139.32467281371845,12,1
2012-03-12 03:01:02.127568+00:00,0.51,1.15,1.76,3902.9899835656447,14.394155630978226,-139.30598369252144,10,1
2012-03-12 03:03:02.127568+00:00,0.51,1.15,1.76,4241.13351739857,14.45612750678399,-139.1820399409099,9,1
2012-03-12 03:05:02.127568+00:00,0.02,0.06,0.12,4241.13351739857,14.45612750678399,-139.1820399409099,7,1
2012-03-12 03:06:02.127568+00:00,0.02,0.06,0.12,4241.13351739857,14.45612750678399,-139.1820399409099,7,1
2012-03-12 08:26:02.127568+00:00,9.79,20.97,31.86,1865.7479480680088,12.280025409792838,-143.53424413489222,3,1
2012-03-12 08:30:02.127568+00:00,9.79,20.97,31.86,1748.586643700643,12.190033874593336,-143.71422720529122,4,1
2012-03-12 08:34:02.127568+00:00,9.69,20.77,31.57,1631.4253393332774,12.100042339393834,-143.89421027569023,5,1
2012-03-12 08:38:02.127568+00:00,9.69,20.77,31.57,1865.7479480680088,12.280025409792838,-143.53424413489222,5,1
2012-03-12 08:42:02.127568+00:00,9.68,20.74,31.52,1729.8183716619196,12.13916948121115,-143.8159559920556,4,1
2012-03-12 08:45:02.127568+00:00,9.63,20.64,31.38,1593.8887952558307,11.998313552629462,-144.09766784921896,3,1
2012-03-12 16:19:02.127485+00:00,7.8,16.9,25.73,3504.520176103554,13.06126772614363,-138.05925622072397,3,1
2012-03-12 16:26:02.127485+00:00,7.87,17.06,25.97,3683.6103864116394,13.423428917623305,-137.33493383776462,4,1
2012-03-12 16:32:02.127485+00:00,7.66,16.62,25.31,3862.700596719724,13.785590109102976,-136.61061145480528,5,1
2012-03-12 16:35:02.127485+00:00,5.58,12.29,18.76,3862.700596719724,13.785590109102976,-136.61061145480528,7,1
2012-03-12 16:37:02.127485+00:00,5.93,13.03,19.88,4137.933198059548,13.47809694694767,-137.22559777911587,7,1
2012-03-12 16:39:02.127485+00:00,5.93,13.03,19.88,4137.933198059548,13.47809694694767,-137.22559777911587,7,1
2012-03-12 16:42:02.127485+00:00,5.55,12.22,18.66,4578.165282901287,13.47809694694767,-137.22559777911587,9,1
2012-03-12 16:44:02.127485+00:00,5.44,12.0,18.31,4358.049240480417,13.4321984782504,-137.31739471651042,8,1
2012-03-12 16:46:02.127485+00:00,5.5,12.13,18.51,4581.948512208282,13.485918966030258,-137.2099537409507,8,1
2012-03-12 16:49:02.127485+00:00,5.35,11.8,18.01,4578.165282901287,13.47809694694767,-137.22559777911587,7,1
2012-03-12 16:51:02.127485+00:00,5.41,11.93,18.21,4517.592547365089,13.48037444724011,-137.221042778531,8,1
2012-03-12 16:55:02.127485+00:00,5.44,12.0,18.31,4297.476504944219,13.4321984782504,-137.31739471651042,8,1
2012-03-12 16:58:02.127485+00:00,4.97,11.0,16.8,4457.01981182889,13.386300009553128,-137.40919165390497,7,1
2012-03-12 16:59:02.127485+00:00,4.97,11.0,16.8,4457.01981182889,13.386300009553128,-137.40919165390497,7,1
2012-03-12 17:03:02.127485+00:00,3.76,8.4,12.85,4067.895091634933,13.29238036352378,-137.59703094596364,6,1
2012-03-12 17:04:02.127485+00:00,3.78,8.44,12.91,4067.895091634933,13.29238036352378,-137.59703094596364,6,1
2012-03-12 17:09:02.127485+00:00,2.26,5.1,7.81,4457.01981182889,13.482651947532547,-137.21648777794613,5,1
2012-03-12 17:16:02.127485+00:00,1.44,3.26,5.0,12910.947599688438,15.85328156939825,-132.4752285342147,4,1
2012-03-12 17:20:02.127485+00:00,1.41,3.18,4.87,14246.514784059123,15.970502031034112,-132.240787610943,5,1
2012-03-12 17:23:02.127485+00:00,1.33,3.0,4.59,17269.455805671754,16.517244842629843,-131.14730198775152,6,1
2012-03-12 17:27:02.127485+00:00,1.2,2.71,4.15,13469.930510042215,16.09894573877518,-131.98390019546085,6,1
2012-03-12 17:29:02.127485+00:00,0.95,2.14,3.28,14246.514784059123,16.22738944651625,-131.7270127799787,7,1
2012-03-12 17:32:02.127485+00:00,1.24,2.81,4.3,15472.658866013158,16.614139642179357,-130.9535123886525,7,1
2012-03-12 17:35:02.127485+00:00,0.76,1.72,2.63,20477.358984144576,17.015537012268126,-130.15071764847497,7,1
2012-03-12 17:38:02.127485+00:00,1.0,2.27,3.47,15472.658866013158,16.614139642179357,-130.9535123886525,7,1
2012-03-12 17:41:02.127485+00:00,0.01,0.03,0.08,20477.358984144576,17.015537012268126,-130.15071764847497,7,1
2012-03-12 17:44:02.127485+00:00,0.02,0.03,0.15,17975.008925078866,16.81483832722374,-130.55211501856374,6,1
2012-03-12 17:47:02.127485+00:00,0.0,0.02,0.02,17975.008925078866,16.81483832722374,-130.55211501856374,6,1
2012-03-12 17:49:02.127485+00:00,0.0,0.02,0.02,15472.658866013158,16.614139642179357,-130.9535123886525,5,1
2012-03-12 17:55:02.127485+00:00,0.01,0.02,0.02,14802.827189318068,15.96544088774802,-132.2509098975152,5,1
2012-03-12 18:00:02.127485+00:00,0.0,0.01,0.02,10147.28350995188,15.634070863656216,-132.91364994569878,4,1
2012-03-12 18:05:02.127485+00:00,1.52,3.43,5.26,8126.195168678839,15.423572409558426,-133.33464685389436,5,1
2012-03-12 18:09:02.127485+00:00,1.97,4.44,6.79,8098.089234700944,15.383190786090069,-133.41541010083108,4,1
2012-03-12 18:13:02.127485+00:00,2.34,5.27,8.07,7948.644145832912,15.183156848682309,-133.81547797564662,4,1
2012-03-12 18:42:02.127485+00:00,5.16,11.4,17.41,5761.752996441066,14.095277171043447,-135.99123733092432,3,1
2012-03-12 18:49:02.127485+00:00,6.53,14.29,21.79,5273.59185137138,13.8426482927147,-136.49649508758182,4,1
2012-03-12 18:53:02.127485+00:00,6.95,15.17,23.11,4064.406102336243,13.159535335533974,-137.86272100194327,4,1
2012-03-12 18:58:02.127485+00:00,7.0,15.26,23.25,3343.3814983707925,12.729051256681998,-138.72368915964722,5,1
2012-03-12 19:01:02.127485+00:00,7.43,16.16,24.61,2706.277008803269,12.165035019041056,-139.8517216349291,5,1
2012-03-12 19:06:02.127485+00:00,7.63,16.56,25.22,2415.3616176530995,11.964262876903014,-140.2532659192052,4,1
2012-03-12 19:10:02.127485+00:00,7.86,17.03,25.92,2124.4462265029297,11.763490734764972,-140.65481020348128,3,1
2012-03-13 16:54:02.127320+00:00,6.95,15.17,23.11,4356.314459834426,14.166919060889413,-138.15823149980983,3,1
2012-03-13 17:02:02.127320+00:00,6.7,14.64,22.31,4587.137759799623,14.408017244830145,-137.6760351319284,3,1
2012-03-13 17:11:02.127320+00:00,6.41,14.04,21.41,4587.137759799623,14.408017244830145,-137.6760351319284,3,1
2012-03-13 17:17:02.127320+00:00,6.26,13.73,20.93,4392.15523652613,14.187049404930017,-138.11797081172864,3,1
2012-03-13 17:24:02.127320+00:00,6.02,13.22,20.17,4392.15523652613,14.187049404930017,-138.11797081172864,3,1
2012-03-13 17:29:02.127320+00:00,6.23,13.66,20.84,4825.31239683628,14.532093511391771,-137.42788259880513,3,1
2012-03-13 17:36:02.127320+00:00,6.4,14.01,21.36,4825.31239683628,14.532093511391771,-137.42788259880513,3,1
2012-03-13 17:44:02.127320+00:00,6.7,14.64,22.31,4218.699408368051,14.233185232593453,-138.02569915640177,3,1
2012-03-13 17:51:02.127320+00:00,7.34,15.97,24.33,4001.4781549466297,14.19096073697666,-138.11014814763536,3,1
2012-03-13 17:57:02.127320+00:00,19.77,40.0,40.0,4218.699408368051,14.233185232593453,-138.02569915640177,3,1
2012-03-13 18:04:02.127320+00:00,19.77,40.0,40.0,3597.849696358187,13.896850026550798,-138.69836956848707,4,1
2012-03-13 18:08:02.127320+00:00,19.77,40.0,40.0,3277.5751094811103,13.720938349552831,-139.050192922483,3,1
2012-03-13 18:14:02.127320+00:00,8.39,18.11,27.56,2748.194709506236,13.021070529508346,-140.44992856257198,3,1
2012-03-15 19:30:02.126989+00:00,7.54,16.37,24.94,2058.1881064394433,13.21982703714766,-135.81517963265122,3,1
2012-03-15 19:37:02.126989+00:00,7.15,15.57,23.72,2616.5100512266285,13.943292970528628,-134.3682477658893,3,1
2012-03-15 19:44:02.126989+00:00,6.74,14.73,22.45,2616.5100512266285,13.943292970528628,-134.3682477658893,3,1
2012-03-15 19:51:02.126989+00:00,6.26,13.73,20.93,2616.5100512266285,13.943292970528628,-134.3682477658893,3,1
2012-03-15 19:58:02.126989+00:00,6.31,13.82,21.08,3051.4444302521088,13.799372312592276,-134.656089081762,3,1
2012-03-15 20:05:02.126989+00:00,5.99,13.16,20.07,3051.4444302521088,13.969657846926678,-134.3155180130932,3,1
2012-03-15 20:11:02.126989+00:00,6.08,13.35,20.36,3053.0100642950156,13.969657846926678,-134.3155180130932,3,1
2012-03-15 20:20:02.126989+00:00,6.38,13.98,21.32,3096.7202683109854,14.343231046123805,-133.56837161469895,3,1
2012-03-15 20:29:02.126989+00:00,6.7,14.64,22.31,3096.7202683109854,14.343231046123805,-133.56837161469895,3,1
2012-03-15 20:38:02.126989+00:00,6.59,14.42,21.98,3390.9499321801845,14.083765857887167,-134.0873019911722,3,1
2012-03-15 20:43:02.126989+00:00,6.44,14.1,21.51,3390.9499321801845,14.083765857887167,-134.0873019911722,3,1
2012-03-15 20:48:02.126989+00:00,6.46,14.14,21.55,3144.110566205869,14.054441300906008,-134.14595110513454,4,1
2012-03-15 20:54:02.126989+00:00,6.64,14.51,22.12,2897.271200231553,14.025116743924848,-134.20460021909685,3,1
2012-03-17 21:24:02.126659+00:00,7.9,17.12,26.06,4072.6297007278913,14.780705125928272,-137.9919756532421,3,1
2012-03-17 21:30:02.126659+00:00,7.8,16.9,25.73,6909.182149817335,15.866709974547009,-135.8199659560046,3,1
2012-03-17 21:35:02.126659+00:00,7.31,15.91,24.24,7447.342263309493,15.986955745770144,-135.57947441355833,3,1
2012-03-17 21:42:02.126659+00:00,6.98,15.23,23.2,9071.061783083076,16.446757615561108,-134.6598706739764,3,1
2012-03-17 21:49:02.126659+00:00,6.64,14.51,22.12,11511.385684427309,16.83025012210733,-133.89288566088396,3,1
2012-03-17 22:12:02.126659+00:00,4.83,10.69,16.33,4282.965456140488,15.081725566349082,-137.3899347724005,3,1
2012-03-17 22:21:02.126659+00:00,4.42,9.82,15.0,4282.965456140488,15.081725566349082,-137.3899347724005,3,1
2012-03-17 22:28:02.126659+00:00,4.12,9.16,14.01,4948.97009027511,15.370062632039886,-136.81326064101884,3,1
2012-03-17 22:35:02.126659+00:00,3.67,8.2,12.55,5786.684997818394,15.63038554270909,-136.29261481968044,3,1
2012-03-17 22:43:02.126659+00:00,3.58,8.0,12.24,5786.684997818394,15.63038554270909,-136.29261481968044,3,1
2012-03-17 22:51:02.126659+00:00,3.45,7.72,11.8,10066.33640483623,16.49678684216027,-134.5598122207781,3,1
2012-03-17 23:41:02.126659+00:00,5.11,11.3,17.26,3431.949835140666,15.175536189619836,-137.20231352585895,3,1
2012-03-17 23:50:02.126659+00:00,5.38,11.86,18.11,8569.65321360061,16.32438853022125,-134.90460884465614,3,1
2012-03-17 23:58:02.126659+00:00,5.41,11.93,18.21,8569.65321360061,16.32438853022125,-134.90460884465614,3,1
2012-03-18 00:32:02.126577+00:00,7.18,15.63,23.81,1818.677526051036,12.17804379037333,-140.82208112608487,3,1
2012-03-18 00:37:02.126577+00:00,8.95,19.27,29.31,1818.677526051036,12.17804379037333,-140.82208112608487,3,1
2012-03-18 00:39:02.126577+00:00,8.95,19.27,29.31,1818.677526051036,12.17804379037333,-140.82208112608487,3,1
2012-03-18 01:13:02.126577+00:00,2.0,4.5,6.89,3290.03638170106,13.420469740631006,-138.3372292255695,3,1
2012-03-18 01:18:02.126577+00:00,1.91,4.31,6.59,4820.03484212339,14.17153092324144,-136.83510686034865,3,1
2012-03-18 01:24:02.126577+00:00,0.01,0.02,0.02,4516.194199073294,14.219364516823628,-136.73943967318428,4,1
2012-03-18 01:29:02.126577+00:00,0.39,0.88,1.36,4584.432087165776,14.501442704709897,-136.17528329741174,3,1
2012-03-18 01:34:02.126577+00:00,0.01,0.02,0.02,4513.3759655598005,14.192584318375555,-136.7930000700804,3,1
2012-03-18 01:42:02.126577+00:00,0.39,0.88,1.36,4447.956310980811,13.937286328937358,-137.30359604895682,3,1
2012-03-21 22:09:02.125997+00:00,10.09,21.58,32.79,2091.15028690234,12.43047562521786,-138.61328968498893,3,1
2012-03-21 22:17:02.125997+00:00,9.44,20.26,30.8,2301.2140318737593,12.43047562521786,-138.61328968498893,3,1
2012-03-21 22:47:02.125997+00:00,1.97,4.44,6.79,2934.3939201008666,12.777126362409682,-137.91998821060528,3,1
2012-03-21 22:51:02.125997+00:00,2.21,4.99,7.64,4159.53112304289,13.370068565870286,-136.73410380368406,4,1
2012-03-21 22:53:02.125997+00:00,2.32,5.21,7.98,2934.3939201008666,12.777126362409682,-137.91998821060528,5,1
2012-03-21 23:00:02.125997+00:00,1.44,3.26,5.0,6284.824318840992,14.480806953346931,-134.51262702873078,6,1
2012-03-21 23:02:02.125997+00:00,1.44,3.26,5.0,7184.9803116970725,14.998603137362972,-133.4770346606987,5,1
2012-03-21 23:05:02.125997+00:00,1.48,3.35,5.13,7580.662043848915,14.911428909073951,-133.65138311727674,4,1
2012-03-21 23:09:02.125997+00:00,1.37,3.09,4.73,7831.832769582976,15.859847048817016,-131.7545468377906,5,1
2012-03-21 23:16:02.125997+00:00,0.0,0.02,0.02,8908.307445497987,15.93988471785628,-131.59447149971209,3,1
2012-03-21 23:22:02.125997+00:00,26.6,40.0,40.0,8908.307445497987,15.93988471785628,-131.59447149971209,3,1
2012-03-21 23:28:02.125997+00:00,0.0,0.02,0.02,8908.307445497987,15.219616949754991,-133.03500703591465,3,1
2012-03-21 23:33:02.125997+00:00,0.01,0.02,0.02,8527.975875524164,15.219616949754991,-133.03500703591465,3,1
2012-03-21 23:39:02.125997+00:00,0.02,0.03,0.15,5526.8709237490475,14.61695450376551,-134.2403319278936,3,1
2012-03-21 23:46:02.125997+00:00,2.69,6.06,9.27,3675.2282426231623,13.5531673630539,-136.36790620931686,3,1
2012-03-22 00:55:02.125915+00:00,6.67,14.57,22.22,1886.683922498456,12.20781643295495,-138.07051478235635,3,1
2012-03-22 02:55:02.125915+00:00,5.1,11.27,17.21,1903.9894946324357,12.090568271743075,-138.3050111047801,3,1
2012-03-22 03:00:02.125915+00:00,5.69,12.52,19.1,1888.2106039115324,12.114372367769052,-138.25740291272814,4,1
2012-03-22 03:05:02.125915+00:00,5.69,12.52,19.1,1903.9894946324357,12.138176463795029,-138.2097947206762,3,1
2012-03-22 03:10:02.125915+00:00,5.75,12.65,19.29,1888.2106039115324,12.114372367769052,-138.25740291272814,4,1
2012-03-22 10:07:02.125915+00:00,8.88,19.12,29.08,3007.162957061484,16.526583121359046,-129.43298140554816,21,2
2012-03-22 10:08:02.125915+00:00,9.6,20.58,31.28,3032.16389151552,16.63778125911388,-129.2105851300385,23,2
2012-03-22 10:10:02.125915+00:00,9.52,20.42,31.04,3208.873346353381,16.650924245794094,-129.1842991566781,28,3
2012-03-22 10:11:02.125915+00:00,8.91,19.18,29.17,3487.1533645051977,16.682663620565275,-129.1208204071357,30,2
2012-03-22 10:12:02.125915+00:00,8.89,19.15,29.12,3383.184157943794,16.71023944225989,-129.0656687637465,31,3
2012-03-22 10:13:02.125915+00:00,8.91,19.18,29.17,3487.1533645051977,16.88166156306877,-128.72282452212872,32,2
2012-03-22 10:14:02.125915+00:00,8.86,19.09,29.03,3487.1533645051977,17.180108389890048,-128.12593086848614,34,2
2012-03-22 10:15:02.125915+00:00,8.92,19.21,29.22,3604.149895337627,17.32998631434149,-127.82617501958327,36,3
2012-03-22 10:16:02.125915+00:00,8.91,19.18,29.17,3617.1772196086536,17.352839532780532,-127.7804685827052,37,2
2012-03-22 10:17:02.125915+00:00,8.75,18.87,28.7,3810.108791040552,17.352839532780532,-127.7804685827052,39,1
2012-03-22 10:18:02.125915+00:00,8.82,18.99,28.89,3947.202452307379,17.449628413576455,-127.58689082111334,39,3
2012-03-22 10:19:02.125915+00:00,8.95,19.27,29.31,3893.145374349874,17.549593914453546,-127.38695981935916,40,2
2012-03-22 10:20:02.125915+00:00,29.17,40.0,40.0,4090.894382306886,17.726964462252123,-127.032218723762,41,2
2012-03-22 10:21:02.125915+00:00,10.35,22.11,33.58,4110.240229199566,17.73477518996542,-127.01659726833545,42,2
2012-03-22 10:22:02.125915+00:00,30.62,40.0,40.0,4184.9878753459725,17.808378092495893,-126.86939146327448,42,1
2012-03-22 10:23:02.125915+00:00,30.14,40.0,40.0,4300.241202494279,17.84599086627907,-126.79416591570812,41,2
2012-03-22 10:24:02.125915+00:00,30.14,40.0,40.0,4300.241202494279,17.915598315795016,-126.65495101667622,41,1
2012-03-22 10:25:02.125915+00:00,29.73,40.0,40.0,4129.586076092245,17.770765318712712,-126.94461701084084,41,1
2012-03-22 10:26:02.125915+00:00,30.04,40.0,40.0,4090.894382306886,17.74258591767871,-127.00097581290883,41,3
2012-03-22 10:27:02.125915+00:00,29.98,40.0,40.0,3895.9212474138553,17.649559415330632,-127.187028817605,41,2
2012-03-22 10:28:02.125915+00:00,29.73,40.0,40.0,3839.088296392369,17.410086667462878,-127.6659743133405,41,2
2012-03-22 10:29:02.125915+00:00,29.98,40.0,40.0,3877.690713769761,17.410086667462878,-127.6659743133405,39,2
2012-03-22 10:30:02.125915+00:00,29.93,40.0,40.0,3895.9212474138553,17.629871741190925,-127.2264041658844,37,3
2012-03-22 10:31:02.125915+00:00,30.89,40.0,40.0,3886.805980591808,17.5199792043269,-127.44618923961244,36,3
2012-03-22 10:32:02.125915+00:00,30.84,40.0,40.0,3886.805980591808,17.396133704720313,-127.69388023882564,36,2
2012-03-22 10:33:02.125915+00:00,30.67,40.0,40.0,3895.9212474138553,17.382180741977752,-127.72178616431076,35,2
2012-03-22 10:34:02.125915+00:00,30.73,40.0,40.0,3895.9212474138553,17.287878976305777,-127.9103896956547,33,2
2012-03-22 10:35:02.125915+00:00,31.06,40.0,40.0,3877.690713769761,17.15956122375265,-128.16702520076095,31,3
2012-03-22 10:36:02.125915+00:00,30.89,40.0,40.0,3425.621816663661,17.104659097300473,-128.2768294536653,30,1
2012-03-22 10:37:02.125915+00:00,30.78,40.0,40.0,2973.552919557561,17.049756970848296,-128.38663370656968,27,2
2012-03-22 10:38:02.125915+00:00,30.89,40.0,40.0,2848.9496380294772,16.902973079592105,-128.68020148908204,25,1
2012-03-22 10:39:02.125915+00:00,30.95,40.0,40.0,2973.552919557561,16.902973079592105,-128.68020148908204,23,1
2012-03-22 10:41:02.125915+00:00,31.56,40.0,40.0,2876.8238564772246,16.53701003822237,-129.41212757182151,18,1
2012-03-22 10:42:02.125915+00:00,28.64,40.0,40.0,2701.868869759393,16.48887813782926,-129.50839137260775,15,1
2012-03-22 18:19:02.125832+00:00,20.16,40.0,40.0,3178.820388591972,19.917204464198743,-125.44467425148588,8,1
2012-03-22 18:23:02.125832+00:00,20.16,40.0,40.0,3991.978675303552,21.478321041382102,-122.32244109711915,7,2
2012-03-22 18:24:02.125832+00:00,20.16,40.0,40.0,3178.820388591972,19.917204464198743,-125.44467425148588,8,3
2012-03-22 18:28:02.125832+00:00,20.16,40.0,40.0,3178.820388591972,19.917204464198743,-125.44467425148588,8,1
2012-03-22 18:33:02.125832+00:00,20.16,40.0,40.0,3991.978675303552,21.478321041382102,-122.32244109711915,7,1
2012-03-22 18:59:02.125832+00:00,2.67,6.01,9.19,4064.855886010949,14.178199692976149,-136.9226837939311,3,1
2012-03-22 19:07:02.125832+00:00,1.37,3.09,4.73,4898.660324709472,14.64743507203485,-135.9842130358137,3,1
2012-03-22 19:23:02.125832+00:00,18.06,37.51,40.0,2358.890018151683,13.492362282394897,-138.2943586150936,3,1
2012-03-22 19:31:02.125832+00:00,1.2,2.71,4.15,2934.3151034741186,13.740097031040603,-137.7988891178022,4,1
2012-03-22 19:32:02.125832+00:00,1.15,2.6,3.99,2934.3151034741186,13.740097031040603,-137.7988891178022,4,1
2012-03-22 19:40:02.125832+00:00,17.99,37.36,40.0,3509.740188796555,13.98783177968631,-137.3034196205108,3,1
2012-03-22 19:53:02.125832+00:00,6.64,14.51,22.12,2268.3988851857607,13.507570775893711,-138.26394162809595,8,2
2012-03-22 19:55:02.125832+00:00,6.44,14.1,21.51,2268.3988851857607,13.507570775893711,-138.26394162809595,8,1
2012-03-22 19:57:02.125832+00:00,6.49,14.2,21.65,2268.3988851857607,13.507570775893711,-138.26394162809595,8,1
2012-03-22 19:58:02.125832+00:00,6.49,14.2,21.65,2268.3988851857607,13.507570775893711,-138.26394162809595,8,2
2012-03-22 20:00:02.125832+00:00,6.62,14.48,22.07,2199.7395469379794,13.476852529171095,-138.3253781215412,9,1
2012-03-22 20:03:02.125832+00:00,6.79,14.82,22.59,2337.058223433542,13.476852529171095,-138.3253781215412,7,1
2012-03-22 20:09:02.125832+00:00,6.31,13.82,21.08,2337.058223433542,13.476852529171095,-138.3253781215412,3,1
2012-03-22 20:44:02.125832+00:00,24.38,40.0,40.0,1752.408696278187,12.575636857514189,-140.12780946485503,3,1
2012-03-22 20:46:02.125832+00:00,24.38,40.0,40.0,1752.408696278187,12.575636857514189,-140.12780946485503,3,1
2012-03-22 20:49:02.125832+00:00,7.27,15.82,24.1,1752.408696278187,12.575636857514189,-140.12780946485503,3,1
2012-03-22 21:26:02.125832+00:00,2.08,4.69,7.18,3787.592438139936,14.559251814469077,-136.16057955094524,3,1
2012-03-22 21:29:02.125832+00:00,2.08,4.69,7.18,3787.592438139936,14.559251814469077,-136.16057955094524,3,1
2012-03-22 21:32:02.125832+00:00,2.19,4.93,7.55,4509.647666031404,14.759512015906488,-135.7600591480704,4,1
2012-03-22 21:40:02.125832+00:00,1.69,3.82,5.85,6304.172007821637,16.8140669722559,-131.65094923537157,6,1
2012-03-22 21:44:02.125832+00:00,1.37,3.09,4.73,7199.251574568416,16.913345286448347,-131.4523926069867,6,1
2012-03-22 21:47:02.125832+00:00,1.33,3.0,4.59,6583.936058331063,16.899683957762402,-131.4797152643586,7,1
2012-03-22 21:49:02.125832+00:00,1.24,2.81,4.3,6583.936058331063,16.7284499867494,-131.82218320638458,9,1
2012-03-22 21:50:02.125832+00:00,1.24,2.81,4.3,6583.936058331063,16.7284499867494,-131.82218320638458,9,1
2012-03-22 21:52:02.125832+00:00,1.1,2.5,3.82,6583.936058331063,15.987750673235864,-133.30358183341167,9,1
2012-03-22 21:55:02.125832+00:00,1.82,4.1,6.28,7559.0560895258595,15.987750673235864,-133.30358183341167,9,1
2012-03-22 21:57:02.125832+00:00,1.69,3.82,5.85,7559.0560895258595,15.987750673235864,-133.30358183341167,9,1
2012-03-22 21:59:02.125832+00:00,1.66,3.74,5.73,7746.961040674238,16.140913407421444,-132.99725636504053,10,1
2012-03-22 22:00:02.125832+00:00,1.69,3.82,5.85,9624.082839141349,16.29407614160702,-132.69093089666936,9,1
2012-03-22 22:03:02.125832+00:00,2.19,4.93,7.55,7934.865991822615,15.987750673235864,-133.30358183341167,9,1
2012-03-22 22:05:02.125832+00:00,2.16,4.87,7.46,7746.961040674238,15.83037301136903,-133.61833715714533,10,1
2012-03-22 22:07:02.125832+00:00,2.08,4.69,7.18,7746.961040674238,15.83037301136903,-133.61833715714533,10,1
2012-03-22 22:09:02.125832+00:00,2.16,4.87,7.46,7934.865991822615,15.987750673235864,-133.30358183341167,9,1
2012-03-22 22:11:02.125832+00:00,2.19,4.93,7.55,6710.168535049316,15.672995349502193,-133.933092480879,9,1
2012-03-22 22:13:02.125832+00:00,1.05,2.38,3.65,6548.707734052429,15.649827025158432,-133.97942912956654,9,1
2012-03-22 22:16:02.125832+00:00,1.41,3.18,4.87,6280.47820927369,15.551130418449793,-134.17682234298383,8,1
2012-03-22 22:18:02.125832+00:00,20.66,40.0,40.0,6012.24868449495,15.452433811741148,-134.37421555640108,7,1
2012-03-22 22:20:02.125832+00:00,20.6,40.0,40.0,3766.693948264747,14.516613809473224,-136.24585556093697,7,1
2012-03-22 22:23:02.125832+00:00,20.72,40.0,40.0,3545.239114650989,14.303639132386628,-136.67180491511016,6,1
2012-03-22 22:30:02.125832+00:00,2.51,5.65,8.65,3109.138958240641,14.055660207412902,-137.16776276505755,3,1
2012-03-22 22:57:02.125832+00:00,5.82,12.81,19.54,2744.2674507384704,13.62316709152597,-138.03274899683146,4,1
2012-03-22 23:03:02.125832+00:00,6.44,14.1,21.51,2766.3082067814253,13.859556217587873,-137.55997074470764,5,1
2012-03-22 23:07:02.125832+00:00,6.95,15.17,23.11,3057.8306847756367,13.859556217587873,-137.55997074470764,5,1
2012-03-22 23:10:02.125832+00:00,7.04,15.35,23.39,2912.069445778531,13.80997314801075,-137.6591368838619,6,1
2012-03-22 23:12:02.125832+00:00,7.18,15.63,23.81,2766.3082067814253,13.760390078433629,-137.75830302301614,7,1
2012-03-22 23:15:02.125832+00:00,7.63,16.56,25.22,2766.3082067814253,13.48073516078643,-138.31761285831053,7,1
2012-03-22 23:18:02.125832+00:00,7.76,16.84,25.64,2687.300605238336,13.367169687097263,-138.54474380568888,6,1
2012-03-22 23:21:02.125832+00:00,7.39,16.06,24.47,2687.300605238336,13.367169687097263,-138.54474380568888,6,1
2012-03-22 23:24:02.125832+00:00,7.4,16.1,24.52,2316.7705257010357,13.253604213408094,-138.7718747530672,5,1
2012-03-22 23:28:02.125832+00:00,22.78,40.0,40.0,2194.4202753936124,13.253953389638044,-138.77117640060732,4,1
2012-03-23 00:23:02.125750+00:00,7.3,15.88,24.19,2512.785907178787,13.315047229679887,-138.99656770209384,3,1
2012-03-23 00:28:02.125750+00:00,6.77,14.79,22.55,3710.870597259705,13.785798900427086,-138.05506436059943,3,1
2012-03-23 00:34:02.125750+00:00,6.29,13.79,21.03,3779.519677923076,14.090078084879057,-137.44650599169552,4,1
2012-03-23 00:39:02.125750+00:00,5.82,12.81,19.54,3280.3843246191636,14.218090450437195,-137.19048126057922,4,1
2012-03-23 00:43:02.125750+00:00,5.82,12.81,19.54,3280.3843246191636,14.218090450437195,-137.19048126057922,4,1
2012-03-23 00:49:02.125750+00:00,5.69,12.52,19.1,3240.1098926901723,14.229127901858666,-137.16840635773627,4,1
2012-03-24 20:26:02.125501+00:00,8.13,17.58,26.76,1913.658341142584,13.19398440347495,-143.55498493760695,3,1
2012-03-24 20:33:02.125501+00:00,7.36,16.0,24.38,2212.6946321925147,13.369587919114132,-143.20377790632858,3,1
2012-03-24 20:40:02.125501+00:00,6.98,15.23,23.2,4028.046160986198,14.46087656574706,-141.02120061306272,3,1
2012-03-24 21:06:02.125501+00:00,4.84,10.73,16.38,2576.9438183636994,14.242237413367809,-141.4584789178212,4,1
2012-03-24 21:10:02.125501+00:00,4.06,9.05,13.84,1749.6569529771318,13.472279625465289,-142.99839449362625,5,1
2012-03-24 21:12:02.125501+00:00,4.05,9.01,13.78,1700.993048811698,13.309775535454689,-143.32340267364745,6,1
2012-03-24 21:18:02.125501+00:00,4.17,9.27,14.17,2626.3448308592097,14.519572778121184,-140.90380818831446,7,1
2012-03-24 21:19:02.125501+00:00,4.17,9.27,14.17,2626.3448308592097,14.519572778121184,-140.90380818831446,7,1
2012-03-24 21:21:02.125501+00:00,4.17,9.27,14.17,3063.951661470172,14.696926675639318,-140.5491003932782,6,1
2012-03-24 21:23:02.125501+00:00,4.2,9.35,14.29,2626.3448308592097,14.519572778121184,-140.90380818831446,5,1
2012-03-24 21:28:02.125501+00:00,4.17,9.27,14.17,2626.3448308592097,14.519572778121184,-140.90380818831446,5,1
2012-03-24 22:21:02.125501+00:00,4.65,10.31,15.75,1815.8863505547497,13.144641998669911,-143.653669747217,4,1
2012-03-24 22:24:02.125501+00:00,4.81,10.66,16.28,1812.6359815585724,13.144641998669911,-143.653669747217,4,1
2012-03-24 22:30:02.125501+00:00,5.99,13.16,20.07,1878.3421626537609,13.24513143138114,-143.45269088179455,8,1
2012-03-24 22:33:02.125501+00:00,6.14,13.47,20.55,1889.5437111699405,13.24513143138114,-143.45269088179455,8,1
2012-03-24 22:36:02.125501+00:00,6.23,13.66,20.84,1897.4948906899428,13.265188658023575,-143.41257642850968,7,2
2012-03-24 22:37:02.125501+00:00,6.23,13.66,20.84,1897.4948906899428,13.265188658023575,-143.41257642850968,7,1
2012-03-24 22:39:02.125501+00:00,6.28,13.76,20.98,1897.4948906899428,13.265188658023575,-143.41257642850968,7,1
2012-03-24 22:42:02.125501+00:00,6.49,14.2,21.65,1963.1040037455775,13.27543874928326,-143.39207624599032,6,1
2012-03-25 00:43:02.125419+00:00,29.57,40.0,40.0,1763.3475947221625,14.36350990368572,-135.96236950267593,3,1
2012-03-25 11:07:02.125419+00:00,9.3,19.97,30.36,2223.6353001591597,11.802240042029592,-141.08490922598816,3,1
2012-03-25 11:13:02.125419+00:00,8.88,19.12,29.08,3239.008093969358,12.74566457576045,-139.19806015852646,3,1
2012-03-25 11:22:02.125419+00:00,8.89,19.15,29.12,3298.907686829253,12.829972027593463,-139.02944525486043,4,1
2012-03-25 11:25:02.125419+00:00,8.85,19.05,28.98,3358.807279689148,12.91427947942648,-138.86083035119438,3,1
2012-03-25 11:30:02.125419+00:00,8.22,17.77,27.05,4203.877076518835,13.334433868159817,-138.0205215737277,4,1
2012-03-25 11:37:02.125419+00:00,7.72,16.75,25.5,5438.5313311238915,14.217116652243366,-136.25515600556062,3,1
2012-03-25 12:02:02.125336+00:00,5.73,12.61,19.25,10581.793862197896,17.75363519745589,-135.6881989405649,4,1
2012-03-25 12:06:02.125336+00:00,5.44,12.0,18.31,14829.649146756588,17.585629147233995,-136.02421104100867,3,1
2012-03-25 12:10:02.125336+00:00,5.46,12.03,18.36,9825.363132844486,16.398813514600633,-138.3978423062754,4,1
2012-03-25 12:16:02.125336+00:00,5.7,12.55,19.15,2881.0884930793627,14.07370651931516,-143.04805629684637,3,1
2012-03-25 12:22:02.125336+00:00,8.01,17.34,26.39,2881.0884930793627,14.07370651931516,-143.04805629684637,3,1
2012-03-25 12:28:02.125336+00:00,5.69,12.52,19.1,4546.044182700219,14.67851142562365,-141.8384464842294,4,1
2012-03-25 12:32:02.125336+00:00,6.38,13.98,21.32,5533.514554841995,15.232861230171082,-140.7297468751345,4,1
2012-03-25 12:34:02.125336+00:00,4.7,10.42,15.91,5796.689870922129,15.317516610731005,-140.56043611401466,5,1
2012-03-25 12:39:02.125336+00:00,4.7,10.42,15.91,6605.062298392238,15.650885362042455,-139.89369861139176,5,1
2012-03-25 12:42:02.125336+00:00,4.65,10.31,15.75,6605.062298392238,15.650885362042455,-139.89369861139176,5,1
2012-03-25 12:47:02.125336+00:00,4.45,9.89,15.11,6551.723426223157,15.822639245469748,-139.55019084453718,5,1
2012-03-25 12:54:02.125336+00:00,4.35,9.67,14.78,6513.793699190202,15.822639245469748,-139.55019084453718,5,1
2012-03-25 12:55:02.125336+00:00,4.35,9.67,14.78,6513.793699190202,15.822639245469748,-139.55019084453718,5,1
2012-03-25 12:57:02.125336+00:00,4.29,9.53,14.56,6233.950262106017,15.822639245469748,-139.55019084453718,5,1
2012-03-25 13:03:02.125336+00:00,4.55,10.1,15.43,6373.8719806481095,15.9702386621966,-139.25499201108346,6,1
2012-03-25 13:06:02.125336+00:00,4.57,10.14,15.49,6233.950262106017,15.312291375379877,-140.57088658471693,5,1
2012-03-25 13:10:02.125336+00:00,4.29,9.53,14.56,6233.950262106017,15.756535567873682,-139.6823981997293,5,1
2012-03-25 13:16:02.125336+00:00,5.13,11.33,17.31,7817.529259212195,16.244177456415162,-138.70711442264636,4,1
2012-03-25 13:18:02.125336+00:00,5.13,11.33,17.31,7817.529259212195,16.244177456415162,-138.70711442264636,4,1
2012-03-25 13:24:02.125336+00:00,5.81,12.77,19.49,9289.388357526434,16.429471884423414,-138.33652556662986,4,1
2012-03-25 13:30:02.125336+00:00,5.93,13.03,19.88,18191.66301574917,17.996186775459392,-135.2030957845579,3,1
2012-03-25 13:37:02.125336+00:00,6.29,13.79,21.03,19468.075806309687,18.05878252906264,-135.0779042773514,4,1
2012-03-25 13:40:02.125336+00:00,6.25,13.7,20.89,18191.66301574917,17.996186775459392,-135.2030957845579,5,1
2012-03-25 13:45:02.125336+00:00,6.49,14.2,21.65,12669.016407389858,16.675009886670058,-137.84544956213657,4,1
2012-03-25 13:48:02.125336+00:00,6.47,14.17,21.6,3798.23443233501,14.516194853685922,-142.16307962810484,4,1
2012-03-25 13:56:02.125336+00:00,7.16,15.6,23.77,3002.924646760511,13.80374821669762,-143.58797290208145,3,1
2012-03-25 13:59:02.125336+00:00,7.31,15.91,24.24,3845.370020166752,14.438576893535576,-142.3183155484055,3,1
2012-03-25 14:07:02.125336+00:00,7.7,16.72,25.45,6657.277683003604,15.775433403482154,-139.64460252851237,3,1
2012-03-25 14:11:02.125336+00:00,4.92,10.9,16.64,3845.370020166752,14.504755879180395,-142.1859575771159,3,1
2012-03-25 14:20:02.125336+00:00,8.33,17.99,27.37,4705.796688436418,14.89318694812939,-141.4090954392179,4,1
2012-03-25 14:24:02.125336+00:00,4.06,9.05,13.84,3680.8879611143393,14.42842685494606,-142.33861562558457,4,1
2012-03-25 14:29:02.125336+00:00,4.08,9.09,13.89,3632.433546273217,14.35209783071172,-142.49127367405325,5,1
2012-03-25 14:32:02.125336+00:00,9.45,20.29,30.85,3210.81687645506,14.16943159302769,-142.8566061494213,4,1
2012-03-25 14:35:02.125336+00:00,9.57,20.52,31.18,2789.200206636904,13.98676535534366,-143.22193862478937,3,1
2012-03-25 16:40:02.125336+00:00,6.91,15.07,22.97,5495.95051348376,15.187284462699449,-140.82090041007777,3,1
2012-03-25 17:23:02.125336+00:00,4.57,10.14,15.49,1847.7748183829997,13.60532316831846,-143.98482299883975,3,1
2012-03-25 18:26:02.125336+00:00,6.64,14.51,22.12,6290.891195361821,15.577563374066424,-140.04034258734384,3,1
2012-03-25 18:33:02.125336+00:00,6.94,15.13,23.06,6290.891195361821,15.577563374066424,-140.04034258734384,3,1
2012-03-25 18:40:02.125336+00:00,7.37,16.03,24.42,5244.581752757212,15.307265749568144,-140.58093783634038,3,1
2012-03-25 18:47:02.125336+00:00,8.28,17.9,27.23,4062.5224998081926,14.43287170534055,-142.32972592479558,3,1
2012-03-26 08:41:02.125254+00:00,8.69,18.74,28.51,3695.034447874445,14.435888672916413,-140.738131439038,3,1
2012-03-26 08:46:02.125254+00:00,8.42,18.18,27.66,4830.469106845208,14.903165091876962,-139.8035786011169,3,1
2012-03-26 08:51:02.125254+00:00,8.34,18.02,27.42,5567.4640531994155,15.104527090419516,-139.4008546040318,3,1
2012-03-26 08:58:02.125254+00:00,8.02,17.37,26.44,6156.648286882318,15.244848459826358,-139.1202118652181,3,1
2012-03-26 09:29:02.125254+00:00,2.0,4.5,6.89,7366.666512549096,15.525790868646585,-138.55832704757768,3,1
2012-03-26 09:36:02.125254+00:00,2.13,4.81,7.36,7377.26048400021,15.802429470743892,-138.00504984338303,3,1
2012-03-26 09:42:02.125254+00:00,2.05,4.63,7.08,11390.406681911363,17.254118281350216,-135.10167222217038,3,1
2012-03-26 09:48:02.125254+00:00,2.11,4.75,7.27,24627.36079203572,18.337339947926548,-132.93522888901774,3,1
2012-03-26 09:54:02.125254+00:00,2.08,4.69,7.18,39187.62816947901,19.691963782986196,-130.22598121889845,3,1
2012-03-26 22:38:02.125171+00:00,8.11,17.55,26.72,3362.525027791521,13.898986275125228,-139.47419048808496,3,1
2012-03-26 22:43:02.125171+00:00,8.07,17.46,26.58,4100.77316635392,14.144704621728216,-138.982753794879,4,1
2012-03-26 22:48:02.125171+00:00,7.66,16.62,25.31,4839.021304916318,14.390422968331205,-138.49131710167302,5,1
2012-03-26 22:53:02.125171+00:00,7.52,16.34,24.89,4985.198446617417,14.504392573353222,-138.26337789162898,5,1
2012-03-26 22:57:02.125171+00:00,7.46,16.22,24.7,5470.102014726526,14.674075983821147,-137.92401107069313,4,1
2012-03-26 23:02:02.125171+00:00,7.27,15.82,24.1,6222.001182970967,14.944550692316332,-137.38306165370275,4,1
2012-03-26 23:10:02.125171+00:00,6.94,15.13,23.06,7208.531067708057,15.13160830715776,-137.0089464240199,3,1
2012-03-26 23:16:02.125171+00:00,6.47,14.17,21.6,7477.903140728002,15.501240345860383,-136.26968234661464,3,1
2012-03-26 23:22:02.125171+00:00,5.67,12.48,19.05,7477.903140728002,15.260595694671078,-136.75097164899327,3,1
2012-03-26 23:28:02.125171+00:00,5.64,12.42,18.95,7010.219650750703,15.260595694671078,-136.75097164899327,3,1
2012-03-26 23:36:02.125171+00:00,5.58,12.29,18.76,5584.888642487886,14.821507578930452,-137.6291478804745,3,1
2012-03-27 00:57:02.125089+00:00,4.67,10.35,15.81,2312.850476994564,13.041523945475337,-142.8862834261437,3,1
2012-03-27 01:04:02.125089+00:00,4.67,10.35,15.81,2305.3132412212603,13.121036871529649,-142.7272575740351,4,1
2012-03-27 01:05:02.125089+00:00,4.67,10.35,15.81,2312.850476994564,13.200549797583962,-142.56823172192645,5,1
2012-03-27 01:11:02.125089+00:00,4.78,10.59,16.17,4576.077448499164,14.28032992716154,-140.40867146277128,4,1
2012-03-27 01:15:02.125089+00:00,5.53,12.19,18.61,2297.776005447957,13.200549797583962,-142.56823172192645,3,1
2012-03-27 01:27:02.125089+00:00,7.75,16.81,25.59,2307.4579901557586,12.890802972884565,-143.18772537132526,3,1
2012-03-27 01:30:02.125089+00:00,7.69,16.68,25.41,4950.630501450534,14.221012165881964,-140.52730698533043,4,1
2012-03-27 01:32:02.125089+00:00,7.64,16.59,25.27,4950.630501450534,14.221012165881964,-140.52730698533043,4,1
2012-03-27 01:39:02.125089+00:00,7.67,16.65,25.36,6515.971347469023,15.147203511276675,-138.67492429454103,4,1
2012-03-27 01:46:02.125089+00:00,7.7,16.72,25.45,5438.1396821927365,14.743185663673986,-139.4829599897464,3,1
2012-03-27 01:51:02.125089+00:00,8.51,18.36,27.94,4245.137901830791,14.297105027451922,-140.37512126219053,4,1
2012-03-27 01:57:02.125089+00:00,8.51,18.36,27.94,3178.2979223714874,13.947521968634,-141.0742873798264,4,1
2012-03-27 01:59:02.125089+00:00,8.49,18.33,27.89,3178.2979223714874,13.947521968634,-141.0742873798264,4,1
2012-03-27 02:04:02.125089+00:00,9.42,20.23,30.75,2426.287662081347,13.339531713263511,-142.29026789056735,4,1
2012-03-27 02:10:02.125089+00:00,9.66,20.71,31.47,1617.7036009634846,12.352752327715566,-144.26382666166324,3,1
2012-03-27 06:55:02.125089+00:00,20.08,40.0,40.0,2193.3103235060703,13.12203862824186,-142.72525406061064,3,1
2012-03-27 09:47:02.125089+00:00,7.4,16.1,24.52,2647.7828067091095,13.450514261786886,-142.0683027935206,3,1
2012-03-27 09:52:02.125089+00:00,8.16,17.65,26.86,3811.0566777189097,13.946847336350547,-141.07563664439328,3,1
2012-03-27 09:58:02.125089+00:00,6.07,13.32,20.31,4538.5733657796845,14.486501718572663,-139.99632787994904,4,1
2012-03-27 10:02:02.125089+00:00,5.61,12.35,18.85,4019.0096656814458,14.514146314745322,-139.94103868760374,5,1
2012-03-27 10:06:02.125089+00:00,5.49,12.09,18.46,4538.5733657796845,14.607899921688997,-139.75353147371638,4,1
2012-03-27 10:10:02.125089+00:00,4.49,9.96,15.22,3831.111844799514,14.39274811162899,-140.1838350938364,4,1
2012-03-27 10:20:02.125089+00:00,3.12,6.99,10.7,4347.884370910195,14.722401477626292,-139.5245283618418,4,1
2012-03-27 10:25:02.125089+00:00,3.0,6.72,10.28,5052.554717902807,14.930656640507262,-139.10801803607984,3,1
2012-03-27 10:30:02.125089+00:00,2.85,6.39,9.79,10701.133492013292,16.680056353421143,-135.60921861025207,4,1
2012-03-27 10:35:02.125089+00:00,2.26,5.1,7.81,10743.323612257882,16.808647960435668,-135.35203539622304,5,1
2012-03-27 10:39:02.125089+00:00,2.11,4.75,7.27,13172.930701439478,17.225097574055567,-134.51913616898324,5,1
2012-03-27 10:43:02.125089+00:00,0.22,0.49,0.75,11958.12715684868,17.016872767245616,-134.93558578260314,4,1
2012-03-27 10:49:02.125089+00:00,1.2,2.71,4.15,12452.29864721261,17.423750011018466,-134.12183129505743,4,1
2012-03-27 10:54:02.125089+00:00,2.02,4.56,6.99,12215.919252636775,17.757932820390124,-133.45346567631412,3,1
2012-03-27 11:00:02.125089+00:00,1.79,4.03,6.18,12215.919252636775,18.082643462506965,-132.80404439208044,3,1
2012-03-27 11:06:02.125089+00:00,2.0,4.5,6.89,17864.98894268878,18.635215166462203,-131.69890098416997,3,1
2012-03-27 11:11:02.125089+00:00,2.41,5.43,8.32,17864.98894268878,18.635215166462203,-131.69890098416997,3,1
2012-03-27 11:19:02.125089+00:00,2.26,5.1,7.81,11825.373606987989,16.484427250648306,-136.00047681579775,4,1
2012-03-27 11:23:02.125089+00:00,1.82,4.1,6.28,6148.694704353241,15.297705516219391,-138.37392028465558,3,1
2012-03-27 11:28:02.125089+00:00,1.91,4.31,6.59,6072.33496418679,15.285957120209607,-138.39741707667514,4,1
2012-03-27 11:33:02.125089+00:00,1.48,3.35,5.13,5995.975224020338,15.274208724199823,-138.42091386869473,3,1
2012-03-27 14:16:02.125005+00:00,19.6,40.0,40.0,6558.572122422287,21.860495569412823,-125.71869574094907,4,2
2012-03-27 14:17:02.125005+00:00,19.6,40.0,40.0,6558.572122422287,21.860495569412823,-125.71869574094907,4,2
2012-03-29 09:28:02.124758+00:00,7.87,17.06,25.97,1814.009893749239,13.341321283009536,-140.43925477226531,3,1
2012-03-29 09:33:02.124758+00:00,6.86,14.98,22.83,2002.303575654952,13.341321283009536,-140.43925477226531,5,1
2012-03-29 09:37:02.124758+00:00,6.64,14.51,22.12,2565.179931064839,13.5675936394196,-139.9867100594452,6,1
2012-03-29 09:39:02.124758+00:00,6.71,14.67,22.36,2706.273267217655,13.62798062513847,-139.86593608800746,6,1
2012-03-29 09:42:02.124758+00:00,6.2,13.6,20.74,2284.4902479605835,13.462095254447275,-140.19770682938986,7,1
2012-03-29 09:44:02.124758+00:00,6.13,13.44,20.5,2257.3933265416867,13.401708268728406,-140.3184808008276,6,1
2012-03-29 09:49:02.124758+00:00,6.1,13.38,20.41,2284.4902479605835,13.462095254447275,-140.19770682938986,5,1
2012-03-29 09:52:02.124758+00:00,5.96,13.09,19.97,2284.4902479605835,13.462095254447275,-140.19770682938986,5,1
2012-03-29 09:56:02.124758+00:00,5.58,12.29,18.76,2325.693211165469,13.541088009043552,-140.0397213201973,4,1
2012-03-29 10:03:02.124758+00:00,6.29,13.79,21.03,2763.081479180188,13.645396057583133,-139.83110522311813,3,1
2012-03-29 10:33:02.124758+00:00,3.67,8.2,12.55,2402.7965759223175,13.71972506723898,-139.68244720380642,3,1
2012-03-29 10:41:02.124758+00:00,3.45,7.72,11.8,2607.513056603466,13.775970519461485,-139.56995629936142,5,1
2012-03-29 10:43:02.124758+00:00,3.26,7.3,11.16,2742.4644464141497,13.865077641336663,-139.39174205561108,5,1
2012-03-29 10:46:02.124758+00:00,3.28,7.34,11.23,2712.3195509591355,13.88217361571148,-139.35755010686142,6,1
2012-03-29 10:50:02.124758+00:00,3.34,7.47,11.42,2742.4644464141497,13.899269590086297,-139.3233581581118,7,1
2012-03-29 10:52:02.124758+00:00,3.37,7.55,11.55,2830.1950162440867,13.93742539460822,-139.24704654906796,6,1
2012-03-29 10:56:02.124758+00:00,3.82,8.52,13.02,2900.3469067543865,13.916008461819125,-139.28988041464615,6,1
2012-03-29 10:58:02.124758+00:00,3.84,8.56,13.08,2900.3469067543865,13.916008461819125,-139.28988041464615,6,1
2012-03-29 11:02:02.124758+00:00,3.26,7.3,11.16,2846.363657341557,13.916008461819125,-139.28988041464615,6,1
2012-03-29 11:05:02.124758+00:00,3.32,7.42,11.36,2809.959087248365,13.899269590086297,-139.3233581581118,5,1
2012-03-29 11:08:02.124758+00:00,3.16,7.08,10.83,2809.959087248365,13.874200594167874,-139.37349614994866,3,1
2012-03-29 11:32:02.124758+00:00,7.75,16.81,25.59,3025.106538792196,13.985824601275802,-139.1502481357328,3,1
2012-03-29 11:37:02.124758+00:00,7.22,15.72,23.95,3315.5573835536406,14.823803572301642,-137.4742901936811,3,1
2012-03-29 11:45:02.124758+00:00,6.5,14.23,21.7,3025.106538792196,13.985824601275802,-139.1502481357328,3,1
2012-03-29 17:32:02.124675+00:00,19.43,40.0,40.0,6119.815036626589,20.275115677843942,-124.09853270642242,4,2
2012-03-29 17:33:02.124675+00:00,19.43,40.0,40.0,6119.815036626589,20.275115677843942,-124.09853270642242,4,2
2012-03-30 19:46:02.124509+00:00,6.8,14.85,22.64,1780.1039681921995,15.996206597316576,-130.70441360411417,3,1
2012-03-30 19:53:02.124509+00:00,0.0,0.01,0.02,2793.310096163351,17.672263028512496,-127.3523007417223,16,1
2012-03-30 19:55:02.124509+00:00,0.01,0.02,0.02,2575.038534140465,17.6687280128452,-127.3593707730569,20,1
2012-03-30 19:57:02.124509+00:00,0.76,1.72,2.63,3075.966293277936,17.70167683656841,-127.29347312561048,25,3
2012-03-30 19:58:02.124509+00:00,0.89,2.01,3.08,3075.966293277936,17.70167683656841,-127.29347312561048,25,3
2012-03-30 19:59:02.124509+00:00,0.89,2.01,3.08,3075.966293277936,17.70167683656841,-127.29347312561048,25,2
2012-03-30 20:00:02.124509+00:00,0.76,1.72,2.63,3075.966293277936,17.70167683656841,-127.29347312561048,25,2
2012-03-30 20:01:02.124509+00:00,0.01,0.02,0.05,3054.861573236637,17.698141820901114,-127.30054315694508,26,1
2012-03-30 20:02:02.124509+00:00,0.01,0.03,0.08,3054.861573236637,17.698141820901114,-127.30054315694508,26,2
2012-03-30 20:03:02.124509+00:00,0.01,0.03,0.08,3075.966293277936,17.70167683656841,-127.29347312561048,25,1
2012-03-30 20:04:02.124509+00:00,0.01,0.03,0.08,3054.861573236637,17.698141820901114,-127.30054315694508,26,2
2012-03-30 20:05:02.124509+00:00,0.01,0.02,0.05,3033.7568531953375,17.69460680523382,-127.30761318827966,27,2
2012-03-30 20:06:02.124509+00:00,0.01,0.02,0.02,2964.667902735322,17.6687280128452,-127.3593707730569,28,3
2012-03-30 20:07:02.124509+00:00,0.0,0.02,0.02,2793.310096163351,17.6687280128452,-127.3593707730569,28,2
2012-03-30 20:10:02.124509+00:00,0.01,0.02,0.02,2434.4534270765,17.61593242880075,-127.46496194114582,27,1
2012-03-30 20:14:02.124509+00:00,1.24,2.81,4.3,2383.85573825918,17.515206833377096,-127.66641313199312,22,2
2012-03-30 20:15:02.124509+00:00,0.39,0.88,1.36,2383.85573825918,17.515206833377096,-127.66641313199312,20,2
2012-03-30 20:16:02.124509+00:00,0.0,0.01,0.02,2191.0131912297456,17.539729253609554,-127.6173682915282,17,1
2012-03-30 20:17:02.124509+00:00,0.0,0.01,0.02,1978.447309287972,17.147381827390518,-128.40206314396627,14,2
2012-03-30 20:18:02.124509+00:00,0.0,0.01,0.02,1978.447309287972,17.147381827390518,-128.40206314396627,14,2
2012-03-30 20:19:02.124509+00:00,0.0,0.01,0.02,1978.447309287972,17.147381827390518,-128.40206314396627,14,2
2012-03-30 20:20:02.124509+00:00,0.0,0.02,0.02,1978.447309287972,17.147381827390518,-128.40206314396627,14,2
2012-04-01 23:20:02.124179+00:00,35.23,40.0,40.0,29403.775566866047,25.521940553092097,-120.1406230498531,6,1
2012-04-01 23:21:02.124179+00:00,35.23,40.0,40.0,29403.775566866047,25.521940553092097,-120.1406230498531,6,2
2012-04-01 23:22:02.124179+00:00,35.23,40.0,40.0,29403.775566866047,25.521940553092097,-120.1406230498531,6,3
2012-04-02 02:00:02.124097+00:00,8.58,18.52,28.18,8693.419380113164,22.698524511021866,-125.42971726440388,3,1
2012-04-02 02:01:02.124097+00:00,8.58,18.52,28.18,8693.419380113164,22.698524511021866,-125.42971726440388,3,2
2012-04-03 04:21:02.123932+00:00,5.39,11.9,18.16,1794.6498953280502,15.113010133680984,-130.9349223975038,4,1
2012-04-03 04:30:02.123932+00:00,4.73,10.49,16.02,2451.796247902256,16.170756124290747,-128.8194304162843,18,1
2012-04-03 04:31:02.123932+00:00,4.84,10.73,16.38,2451.796247902256,16.349788767185405,-128.46136513049498,20,1
2012-04-03 04:34:02.123932+00:00,4.75,10.52,16.07,2524.901507347818,16.55726452753226,-128.04641360980128,26,1
2012-04-03 04:35:02.123932+00:00,4.75,10.52,16.07,2510.2430928846015,16.48665862243063,-128.18762542000454,27,2
2012-04-03 04:36:02.123932+00:00,4.75,10.52,16.07,2466.1629059719885,16.421863478206276,-128.31721570845326,28,2
2012-04-03 04:37:02.123932+00:00,4.76,10.55,16.12,2466.1629059719885,16.421863478206276,-128.31721570845326,28,2
2012-04-03 04:38:02.123932+00:00,4.76,10.55,16.12,2466.1629059719885,16.421863478206276,-128.31721570845326,28,3
2012-04-03 04:39:02.123932+00:00,4.78,10.59,16.17,2466.1629059719885,16.421863478206276,-128.31721570845326,28,3
2012-04-03 04:40:02.123932+00:00,4.76,10.55,16.12,2466.1629059719885,16.421863478206276,-128.31721570845326,28,3
2012-04-03 04:41:02.123932+00:00,4.75,10.52,16.07,2466.1629059719885,16.55726452753226,-128.04641360980128,26,3
2012-04-03 04:42:02.123932+00:00,4.76,10.55,16.12,2466.1629059719885,16.55726452753226,-128.04641360980128,26,2
2012-04-03 04:43:02.123932+00:00,4.78,10.59,16.17,2466.1629059719885,16.55726452753226,-128.04641360980128,26,2
2012-04-03 04:44:02.123932+00:00,4.78,10.59,16.17,2510.2430928846015,16.62787043263389,-127.905201799598,25,1
2012-04-03 04:45:02.123932+00:00,4.58,10.17,15.54,2524.901507347818,16.64167626443642,-127.87759013599296,24,2
2012-04-03 05:04:02.123932+00:00,7.16,15.6,23.77,3439.038421935722,13.739764054128656,-133.68141455660844,4,1
2012-04-03 05:08:02.123932+00:00,7.64,16.59,25.27,3139.1445467230487,13.739703414055466,-133.68153583675485,4,1
2012-04-03 05:13:02.123932+00:00,7.84,16.99,25.87,3139.1445467230487,13.739703414055466,-133.68153583675485,4,1
2012-04-03 05:17:02.123932+00:00,7.67,16.65,25.36,3022.815840082641,14.194261496495994,-132.7724196718738,3,1
2012-04-03 06:04:02.123932+00:00,3.16,7.08,10.83,6006.1696720406,14.518161945785828,-132.12461877329417,3,1
2012-04-03 06:10:02.123932+00:00,3.62,8.08,12.36,6326.602030970253,14.625425703117596,-131.9100912586306,3,1
2012-04-03 06:18:02.123932+00:00,1.59,3.59,5.5,6326.602030970253,14.625425703117596,-131.9100912586306,3,1
2012-04-03 06:24:02.123932+00:00,1.48,3.35,5.13,6824.1165493946855,14.851299721863116,-131.45834322113956,3,1
2012-04-03 06:31:02.123932+00:00,0.02,0.03,0.15,11608.193222578004,15.726724197652786,-129.7074942695602,4,1
2012-04-03 06:36:02.123932+00:00,0.02,0.03,0.15,14012.284588985947,16.221664302207092,-128.71761406045158,3,1
2012-04-03 06:41:02.123932+00:00,0.01,0.02,0.05,13244.113139250068,15.588265902542004,-129.98441085978178,5,1
2012-04-03 06:46:02.123932+00:00,0.0,0.02,0.02,11500.80302517079,15.192421553541871,-130.77609955778206,4,1
2012-04-03 06:48:02.123932+00:00,0.0,0.02,0.02,11500.80302517079,15.192421553541871,-130.77609955778206,4,1
2012-04-03 06:56:02.123932+00:00,0.0,0.01,0.02,9524.258269395594,14.957869813084148,-131.2452030386975,4,1
2012-04-03 07:03:02.123932+00:00,0.0,0.02,0.02,10515.356083183924,15.296637853087852,-130.5676669586901,4,1
2012-04-03 07:08:02.123932+00:00,0.0,0.02,0.02,11368.30318509088,15.462132862477464,-130.23667693991086,4,1
2012-04-03 07:13:02.123932+00:00,0.0,0.02,0.02,11463.387114905428,15.474113284549144,-130.2127160957675,3,1
2012-04-03 07:17:02.123932+00:00,0.0,0.02,0.02,11463.387114905428,15.474113284549144,-130.2127160957675,3,1
2012-04-03 07:36:02.123932+00:00,0.0,0.02,0.02,18871.950647965317,16.49074866436141,-128.17944533614298,5,1
2012-04-03 07:41:02.123932+00:00,1.69,3.82,5.85,19943.702646847854,16.71974137284898,-127.72145991916784,5,1
2012-04-03 07:43:02.123932+00:00,1.69,3.82,5.85,19943.702646847854,16.71974137284898,-127.72145991916784,5,1
2012-04-03 07:46:02.123932+00:00,1.28,2.9,4.45,20033.424381287612,16.721957683904368,-127.71702729705706,6,1
2012-04-03 07:51:02.123932+00:00,1.28,2.9,4.45,19943.702646847854,16.724173994959756,-127.71259467494627,5,1
2012-04-03 07:54:02.123932+00:00,1.33,3.0,4.59,20033.424381287612,16.75030702137294,-127.66032862211992,4,1
2012-04-03 08:00:02.123932+00:00,1.37,3.09,4.73,19881.220935559355,16.748090710317552,-127.66476124423068,4,1
2012-04-03 08:06:02.123932+00:00,1.05,2.38,3.65,8065.870495091932,14.810629595551102,-131.53968347376355,4,1
2012-04-03 08:10:02.123932+00:00,1.24,2.81,4.3,7418.363660501007,14.56868294341384,-132.0235767780381,3,1
2012-04-03 08:13:02.123932+00:00,1.2,2.71,4.15,7343.676588504357,14.565739807367782,-132.0294630501302,4,1
2012-04-03 08:20:02.123932+00:00,0.89,2.01,3.08,5419.465689779996,13.81054442141814,-133.5398538220295,5,1
2012-04-03 08:25:02.123932+00:00,2.21,4.99,7.64,4110.87107171115,13.195318232372417,-134.77030620012096,4,1
2012-04-03 08:29:02.123932+00:00,2.16,4.87,7.46,2936.6678993530027,12.601219766717044,-135.95850313143168,5,1
2012-04-03 08:34:02.123932+00:00,2.74,6.15,9.42,2745.9905813414916,12.258391672966276,-136.64415931893322,4,1
2012-04-03 08:38:02.123932+00:00,2.65,5.96,9.12,2555.3132633299806,11.915563579215508,-137.32981550643476,3,1
2012-04-03 09:08:02.123932+00:00,6.19,13.57,20.69,3568.958825602938,13.063900224071745,-135.0331422167223,4,1
2012-04-03 09:13:02.123932+00:00,6.5,14.23,21.7,3609.031617821215,12.989201796079374,-135.18253907270704,5,1
2012-04-03 09:15:02.123932+00:00,6.5,14.23,21.7,3609.031617821215,12.989201796079374,-135.18253907270704,5,1
2012-04-03 09:18:02.123932+00:00,6.67,14.57,22.22,3784.240899307925,12.989201796079374,-135.18253907270704,5,1
2012-04-03 09:22:02.123932+00:00,6.62,14.48,22.07,3696.63625856457,12.912190769797894,-135.33656112527,6,1
2012-04-03 09:27:02.123932+00:00,6.91,15.07,22.97,3784.240899307925,12.834910647778912,-135.49112136930796,5,1
2012-04-03 09:28:02.123932+00:00,7.06,15.38,23.44,3188.436169468066,12.834910647778912,-135.49112136930796,5,1
2012-04-03 09:32:02.123932+00:00,7.16,15.6,23.77,3009.3869161122,12.54574674493127,-136.06944917500326,5,1
2012-04-03 09:38:02.123932+00:00,7.36,16.0,24.38,3007.406547492513,12.521251739787791,-136.1184391852902,4,1
2012-04-03 09:42:02.123932+00:00,7.33,15.94,24.28,3005.426178872825,12.496756734644318,-136.16742919557714,3,1
2012-04-03 11:26:02.123932+00:00,7.36,16.0,24.38,1837.1348879297009,11.577059049051655,-138.00682456676248,3,1
2012-04-03 11:32:02.123932+00:00,7.19,15.66,23.86,1837.1348879297009,11.577059049051655,-138.00682456676248,3,1
2012-04-03 11:37:02.123932+00:00,7.01,15.29,23.3,2043.9423900272147,11.674841821429911,-137.81125902200597,3,1
2012-04-03 11:43:02.123932+00:00,6.97,15.2,23.16,2170.731659249868,11.815055678490952,-137.5308313078839,3,1
2012-04-03 11:48:02.123932+00:00,6.49,14.2,21.65,2170.731659249868,11.815055678490952,-137.5308313078839,3,1
2012-04-03 12:04:02.123848+00:00,5.58,12.29,18.76,4157.513122542401,14.801894994773594,-138.88187978922903,3,1
2012-04-03 12:10:02.123848+00:00,5.29,11.67,17.81,3388.11368493021,14.476738595471074,-139.53219258783406,4,1
2012-04-03 12:15:02.123848+00:00,5.05,11.17,17.05,2618.7142473180193,14.151582196168556,-140.18250538643912,3,1
2012-04-03 12:18:02.123848+00:00,4.76,10.55,16.12,2206.056331664863,13.630560730159605,-141.22454831845704,4,1
2012-04-03 13:05:02.123848+00:00,4.35,9.67,14.78,2479.4929808201905,13.812237348419806,-140.8611950819366,3,1
2012-04-03 13:11:02.123848+00:00,3.98,8.86,13.55,2530.5089097025084,13.939935646288834,-140.60579848619855,3,1
2012-04-03 13:17:02.123848+00:00,3.06,6.86,10.49,2934.0424760913525,13.939935646288834,-140.60579848619855,3,1
2012-04-03 13:23:02.123848+00:00,2.78,6.25,9.57,4176.2709783920145,14.39142538111459,-139.70281901654704,3,1
2012-04-03 13:29:02.123848+00:00,3.26,7.3,11.16,4480.9463888484825,14.88087568965125,-138.72391839947372,3,1
2012-04-03 13:37:02.123848+00:00,3.04,6.81,10.42,5554.92599952714,14.976905698423142,-138.53185838192994,3,1
2012-04-03 13:45:02.123848+00:00,2.95,6.63,10.14,4529.884025210549,14.697842025596495,-139.08998572758324,5,1
2012-04-03 13:49:02.123848+00:00,1.52,3.43,5.26,3419.61108751619,14.29695730680782,-139.8917551651606,4,2
2012-04-03 13:51:02.123848+00:00,1.52,3.43,5.26,3419.61108751619,14.29695730680782,-139.8917551651606,4,1
2012-04-03 14:24:02.123848+00:00,26.14,40.0,40.0,2877.8847836022555,14.769505761815235,-138.94665825514576,5,1
2012-04-03 14:30:02.123848+00:00,26.14,40.0,40.0,2450.0107368496892,14.769505761815235,-138.94665825514576,5,1
2012-04-03 14:32:02.123848+00:00,26.14,40.0,40.0,2422.5948544435805,14.32004808849244,-139.84557360179133,6,2
2012-04-03 14:36:02.123848+00:00,26.14,40.0,40.0,2450.0107368496892,14.769505761815235,-138.94665825514576,5,1
2012-04-03 14:42:02.123848+00:00,26.86,40.0,40.0,2395.178972037472,13.870590415169644,-140.74448894843692,3,1
2012-04-03 15:08:02.123848+00:00,3.24,7.25,11.1,6796.888735680147,15.638253485991278,-137.20916280679367,3,1
2012-04-03 15:59:02.123848+00:00,6.22,13.63,20.79,5762.966579653447,14.903600639481152,-138.67846849981393,3,1
2012-04-03 16:07:02.123848+00:00,6.44,14.1,21.51,4180.295864189859,14.230510456251778,-140.02464886627266,3,1
2012-04-03 16:13:02.123848+00:00,6.82,14.89,22.69,3596.257503291741,13.94565896873313,-140.59435184130996,4,1
2012-04-03 16:18:02.123848+00:00,7.7,16.72,25.45,3012.2191423936233,13.66080748121448,-141.16405481634726,3,1
2012-04-05 00:44:02.123601+00:00,13.34,28.1,40.0,2554.3425218251155,20.368598386827756,-130.79204807736642,3,2
2012-04-05 00:45:02.123601+00:00,13.34,28.1,40.0,2554.3425218251155,20.368598386827756,-130.79204807736642,3,1
2012-04-06 06:36:02.123436+00:00,0.0,0.02,0.02,3729.317034016774,20.344799917629395,-129.173406984502,3,1
2012-04-06 06:37:02.123436+00:00,0.0,0.02,0.02,5330.135902739176,19.71634274429109,-130.43032133117862,4,2
2012-04-06 23:19:02.123352+00:00,22.98,40.0,40.0,1547.9496300806886,14.53505894852623,-141.26416847113117,5,1
2012-04-06 23:20:02.123352+00:00,22.92,40.0,40.0,1547.9496300806886,14.53505894852623,-141.26416847113117,5,1
2012-04-06 23:21:02.123352+00:00,22.88,40.0,40.0,1547.9496300806886,14.53505894852623,-141.26416847113117,5,1
2012-04-06 23:23:02.123352+00:00,22.75,40.0,40.0,1547.9496300806886,14.53505894852623,-141.26416847113117,5,1
2012-04-06 23:25:02.123352+00:00,23.09,40.0,40.0,1547.9496300806886,14.53505894852623,-141.26416847113117,5,1
2012-04-09 21:07:02.122856+00:00,0.0,0.02,0.02,5661.968661175118,14.331743453153631,-137.5479062136306,3,1
2012-04-09 21:10:02.122856+00:00,10.17,21.75,33.04,5661.968661175118,14.331743453153631,-137.5479062136306,3,1
2012-04-09 21:15:02.122856+00:00,0.0,0.01,0.02,5589.036253110516,14.407465809782671,-137.39646150037254,4,1
2012-04-09 21:20:02.122856+00:00,0.0,0.01,0.02,6142.445888852889,14.443372105937762,-137.32464890806233,4,1
2012-04-09 21:26:02.122856+00:00,0.01,0.03,0.08,6529.360568791772,14.48318816641171,-137.24501678711445,3,1
2012-04-09 21:32:02.122856+00:00,1.52,3.43,5.26,6529.360568791772,14.403556045463812,-137.40428102901024,3,1
2012-04-11 19:16:02.122526+00:00,8.95,19.27,29.31,1861.9987845098676,12.399911558522692,-141.85360553593864,3,1
2012-04-11 19:20:02.122526+00:00,8.86,19.09,29.03,1861.9987845098676,12.399911558522692,-141.85360553593864,3,1
2012-04-11 19:24:02.122526+00:00,8.69,18.74,28.51,2287.8985679075613,12.846999872693347,-140.95942890759733,4,1
2012-04-11 19:30:02.122526+00:00,7.75,16.81,25.59,2737.648828978284,13.380020011774944,-139.89338862943413,5,1
2012-04-11 19:35:02.122526+00:00,7.48,16.25,24.75,3814.66448524535,13.730093736840931,-139.19324117930216,4,1
2012-04-11 19:40:02.122526+00:00,7.49,16.28,24.8,3814.66448524535,13.730093736840931,-139.19324117930216,4,1
2012-04-11 19:44:02.122526+00:00,7.0,15.26,23.25,4590.257174120297,14.1729116164482,-138.3076054200876,4,1
2012-04-11 19:50:02.122526+00:00,6.73,14.7,22.4,5373.9231030094,14.510750039919404,-137.63192857314522,3,1
2012-04-11 19:56:02.122526+00:00,5.96,13.09,19.97,5373.9231030094,14.510750039919404,-137.63192857314522,3,1
2012-04-11 20:01:02.122526+00:00,5.47,12.06,18.41,3344.8718252233484,14.140176838882956,-138.37307497521812,3,1
2012-04-11 20:06:02.122526+00:00,5.16,11.4,17.41,1919.0169234941668,12.802396545600969,-141.04863556178208,3,1
2012-04-11 21:44:02.122526+00:00,4.47,9.92,15.16,4272.648506605623,14.309542105611492,-138.03434444176102,3,1
2012-04-11 21:53:02.122526+00:00,4.6,10.21,15.59,4823.465859845751,14.499085117287724,-137.65525841840858,3,1
2012-04-11 22:00:02.122526+00:00,4.44,9.85,15.06,4892.6285151033135,14.651279153518804,-137.35087034594642,3,1
2012-04-11 22:06:02.122526+00:00,7.06,15.38,23.44,4135.602141055852,14.256347852216958,-138.14073294855012,4,1
2012-04-11 22:11:02.122526+00:00,7.69,16.68,25.41,3696.6425824594153,13.875342169946835,-138.90274431309035,4,1
2012-04-11 22:12:02.122526+00:00,7.7,16.72,25.45,3696.6425824594153,13.875342169946835,-138.90274431309035,4,1
2012-04-11 22:17:02.122526+00:00,7.18,15.63,23.81,3378.575767008391,13.861416550915113,-138.9305955511538,5,1
2012-04-11 22:23:02.122526+00:00,6.82,14.89,22.69,3544.100796282618,13.679759712208067,-139.29390922856788,4,1
2012-04-11 22:25:02.122526+00:00,6.88,15.01,22.88,3073.492194654796,13.470251635437574,-139.71292538210886,5,1
2012-04-11 22:28:02.122526+00:00,6.74,14.73,22.45,3056.2911037164504,13.353820258860011,-139.945788135264,4,1
2012-04-11 22:34:02.122526+00:00,6.04,13.25,20.21,3039.090012778105,13.237388882282447,-140.17865088841913,3,1
2012-04-11 22:58:02.122526+00:00,2.65,5.96,9.12,7675.268141972225,15.130877437316643,-136.39167377835074,3,1
2012-04-11 23:04:02.122526+00:00,1.88,4.24,6.49,9163.78272585669,16.107845666401996,-134.43773732018005,3,1
2012-04-11 23:09:02.122526+00:00,0.01,0.02,0.02,5336.532623632688,14.288906306874772,-138.0756160392345,4,1
2012-04-11 23:16:02.122526+00:00,1.1,2.5,3.82,3687.518716715023,13.780300205930583,-139.09282824112285,4,1
2012-04-11 23:18:02.122526+00:00,1.1,2.5,3.82,3710.510421621636,13.91369576994001,-138.826037113104,5,1
2012-04-11 23:22:02.122526+00:00,1.33,3.0,4.59,3710.510421621636,13.91369576994001,-138.826037113104,5,1
2012-04-11 23:27:02.122526+00:00,2.49,5.6,8.57,3732.4982896161177,13.916304148989523,-138.82082035500497,6,1
2012-04-11 23:29:02.122526+00:00,2.72,6.1,9.34,3378.8824715590445,13.916304148989523,-138.82082035500497,6,1
2012-04-11 23:33:02.122526+00:00,2.69,6.06,9.27,3037.131334047136,13.943672293373378,-138.76608406623726,6,1
2012-04-11 23:34:02.122526+00:00,2.69,6.06,9.27,3037.131334047136,13.943672293373378,-138.76608406623726,6,1
2012-04-11 23:39:02.122526+00:00,2.83,6.35,9.71,3254.0478169818025,13.943672293373378,-138.76608406623726,6,1
2012-04-11 23:41:02.122526+00:00,2.93,6.58,10.07,2273.793100670447,13.91891252803904,-138.81560359690593,5,1
2012-04-11 23:48:02.122526+00:00,3.43,7.68,11.74,1844.507168568644,13.968432058707716,-138.71656453556858,3,1
2012-04-12 00:22:02.122444+00:00,7.55,16.41,24.98,3595.463025449599,14.829837146717551,-140.8324206378572,3,1
2012-04-12 00:29:02.122444+00:00,7.92,17.15,26.11,2838.527325089075,14.244046269206532,-142.00400239287922,3,1
2012-04-16 15:56:02.121699+00:00,3.67,8.2,12.55,2291.3832966367245,19.911421282438702,-132.18606454563837,4,1
2012-04-16 15:57:02.121699+00:00,3.67,8.2,12.55,2291.3832966367245,19.911421282438702,-132.18606454563837,4,3
2012-04-17 08:44:02.121617+00:00,9.96,21.32,32.4,6840.497999438879,20.16302306156107,-130.69975683287828,3,1
2012-04-17 08:45:02.121617+00:00,9.96,21.32,32.4,6840.497999438879,20.16302306156107,-130.69975683287828,3,2
2012-04-17 17:42:02.121534+00:00,18.06,37.51,40.0,4575.856023389626,19.979089644469028,-131.0874570147362,3,3
2012-04-18 21:33:02.121368+00:00,28.78,40.0,40.0,6578.521530613489,19.7509825609229,-129.38428232987076,22,1
2012-04-18 21:34:02.121368+00:00,28.73,40.0,40.0,6283.7483325833955,19.5008521662476,-129.88454311922135,24,1
2012-04-18 21:35:02.121368+00:00,29.02,40.0,40.0,6026.156684788143,19.45138012796825,-129.98348719578007,27,3
2012-04-18 21:36:02.121368+00:00,30.19,40.0,40.0,6541.339980378648,19.42091324200572,-130.04442096770512,29,3
2012-04-18 21:37:02.121368+00:00,30.04,40.0,40.0,6026.156684788143,19.332008044301855,-130.22223136311283,31,2
2012-04-18 21:38:02.121368+00:00,30.04,40.0,40.0,5748.654650150059,19.219577122902948,-130.44709320591068,32,2
2012-04-18 21:39:02.121368+00:00,30.04,40.0,40.0,5748.654650150059,19.219577122902948,-130.44709320591068,32,3
2012-04-18 21:40:02.121368+00:00,29.98,40.0,40.0,5748.654650150059,19.219577122902948,-130.44709320591068,32,1
2012-04-18 21:41:02.121368+00:00,30.04,40.0,40.0,5471.152615511975,19.10714620150404,-130.6719550487085,33,2
2012-04-18 21:42:02.121368+00:00,29.88,40.0,40.0,5416.228610641934,19.099983128001213,-130.68628119571414,34,3
2012-04-18 21:43:02.121368+00:00,29.78,40.0,40.0,4926.7997154033965,18.974147106472323,-130.9379532387719,36,2
2012-04-18 21:44:02.121368+00:00,29.88,40.0,40.0,4459.175045041875,18.88137345762227,-131.12350053647202,38,2
2012-04-18 21:45:02.121368+00:00,29.52,40.0,40.0,5041.85627204529,18.887898904520164,-131.11044964267626,38,3
2012-04-18 21:46:02.121368+00:00,28.93,40.0,40.0,4574.2316016837685,18.861999605344145,-131.1622482410283,38,2
2012-04-18 21:47:02.121368+00:00,29.47,40.0,40.0,4266.316277500651,18.61836933179833,-131.6495087881199,37,2
2012-04-18 21:51:02.121368+00:00,29.57,40.0,40.0,3762.714762398608,18.373611384468965,-132.13902468277865,35,1
2012-04-18 21:52:02.121368+00:00,30.14,40.0,40.0,3692.390640862705,18.35780029140167,-132.17064686891322,33,2
2012-04-18 21:53:02.121368+00:00,29.88,40.0,40.0,3310.3745940392014,18.320667914855413,-132.24491162200573,30,3
2012-04-18 21:54:02.121368+00:00,30.04,40.0,40.0,3310.3745940392014,18.320667914855413,-132.24491162200573,28,2
2012-04-18 21:55:02.121368+00:00,29.78,40.0,40.0,3174.34682226289,18.27248065133849,-132.3412861490396,25,3
2012-04-18 21:56:02.121368+00:00,25.37,40.0,40.0,3119.829728633049,17.99739010852813,-132.8914672346603,23,2
2012-04-18 21:57:02.121368+00:00,25.61,40.0,40.0,3119.829728633049,18.27248065133849,-132.3412861490396,21,3
2012-04-18 21:58:02.121368+00:00,25.61,40.0,40.0,3170.4131701913966,18.13493537993331,-132.61637669184995,20,3
2012-04-18 21:59:02.121368+00:00,25.69,40.0,40.0,3170.4131701913966,18.13493537993331,-132.61637669184995,20,1
2012-04-22 05:51:02.120791+00:00,8.04,17.4,26.48,2552.423305042704,12.632225892127202,-138.07938353512947,3,1
2012-04-22 05:55:02.120791+00:00,8.01,17.34,26.39,2346.4213690210445,12.50253352616444,-138.338768267055,4,1
2012-04-22 06:00:02.120791+00:00,7.95,17.21,26.2,2346.4213690210445,12.605163328807176,-138.1335086617695,6,1
2012-04-22 06:03:02.120791+00:00,7.37,16.03,24.42,3026.949665323218,12.877332595175751,-137.58917012903237,6,1
2012-04-22 06:07:02.120791+00:00,5.69,12.52,19.1,3863.007693954211,13.262669242339122,-136.81849683470563,6,1
2012-04-22 06:08:02.120791+00:00,5.69,12.52,19.1,3863.007693954211,13.262669242339122,-136.81849683470563,6,1
2012-04-22 06:12:02.120791+00:00,5.61,12.35,18.85,4224.539362304689,13.122439298224304,-137.09895672293524,5,1
2012-04-22 06:15:02.120791+00:00,5.55,12.22,18.66,4241.924352112321,13.33989740534706,-136.66404050868974,4,1
2012-04-22 06:35:02.120791+00:00,2.53,5.7,8.73,6576.621951408585,14.18739257772184,-134.9690501639402,4,1
2012-04-22 06:37:02.120791+00:00,2.53,5.7,8.73,7252.6583464090445,14.363710720417195,-134.61641387854948,5,1
2012-04-22 06:40:02.120791+00:00,2.37,5.33,8.15,7754.330219442851,14.587164605954383,-134.16950610747512,6,1
2012-04-22 06:44:02.120791+00:00,2.32,5.21,7.98,7754.330219442851,14.587164605954383,-134.16950610747512,6,1
2012-04-22 06:47:02.120791+00:00,1.94,4.37,6.7,8756.976943234935,15.077265845686174,-133.18930362801152,6,1
2012-04-22 06:50:02.120791+00:00,1.85,4.17,6.39,11796.353618640078,15.63921883819168,-132.0653976430005,6,1
2012-04-22 06:54:02.120791+00:00,1.82,4.1,6.28,14334.755443286944,15.934524476502588,-131.47478636637868,7,1
2012-04-22 06:58:02.120791+00:00,1.2,2.71,4.15,15364.770426314812,16.188469912785845,-130.96689549381216,5,1
2012-04-22 07:00:02.120791+00:00,0.76,1.72,2.63,16661.390678754324,16.188469912785845,-130.96689549381216,5,1
2012-04-22 07:04:02.120791+00:00,0.39,0.88,1.36,16661.390678754324,16.147435887989886,-131.04896354340408,7,1
2012-04-22 07:08:02.120791+00:00,0.01,0.02,0.05,16174.559160609855,15.906254353121124,-131.53132661314163,6,1
2012-04-22 07:10:02.120791+00:00,0.0,0.02,0.02,15687.727642465392,15.87282768731428,-131.5981799447553,7,1
2012-04-22 07:13:02.120791+00:00,0.0,0.01,0.02,15687.727642465392,15.87282768731428,-131.5981799447553,7,1
2012-04-22 07:17:02.120791+00:00,0.0,0.01,0.02,15781.25759593501,15.939681018927969,-131.46447328152794,7,1
2012-04-22 07:18:02.120791+00:00,0.0,0.01,0.02,15734.492619200202,15.906254353121124,-131.53132661314163,8,1
2012-04-22 07:21:02.120791+00:00,0.0,0.02,0.02,15734.492619200202,16.043558453458928,-131.256718412466,6,1
2012-04-22 07:24:02.120791+00:00,0.0,0.02,0.02,15471.333566953896,15.939681018927969,-131.46447328152794,7,1
2012-04-22 07:28:02.120791+00:00,0.01,0.02,0.02,14308.638193786164,15.883532876083091,-131.5767695672177,6,1
2012-04-22 07:31:02.120791+00:00,1.2,2.71,4.15,11911.262697271275,15.69604353873142,-131.95174824192105,6,1
2012-04-22 07:34:02.120791+00:00,2.05,4.63,7.08,9414.868842258718,15.434008788369692,-132.4758177426445,7,1
2012-04-22 07:39:02.120791+00:00,2.29,5.16,7.9,4817.72127504809,14.563526717854892,-134.2167818836741,6,1
2012-04-22 07:43:02.120791+00:00,2.8,6.3,9.64,4566.985072198785,13.693044647340091,-135.95774602470368,5,2
2012-04-22 07:47:02.120791+00:00,2.8,6.3,9.64,4521.119049892173,13.660035218496256,-136.02376488239136,4,1
2012-04-22 08:07:02.120791+00:00,5.02,11.1,16.95,3967.461716478475,13.122475199843112,-137.09888491969764,4,1
2012-04-22 08:10:02.120791+00:00,5.02,11.1,16.95,4641.320258373675,13.402068361057504,-136.53969859726888,5,1
2012-04-22 08:13:02.120791+00:00,5.7,12.55,19.15,4641.320258373675,13.402068361057504,-136.53969859726888,5,1
2012-04-22 08:16:02.120791+00:00,5.82,12.81,19.54,4849.409099679773,13.458252950518052,-136.42732941834777,6,1
2012-04-22 08:20:02.120791+00:00,6.08,13.35,20.36,5057.497940985872,13.514437539978603,-136.31496023942668,5,1
2012-04-22 08:26:02.120791+00:00,6.2,13.6,20.74,4517.444902751453,13.325399925471205,-136.69303546844148,6,1
2012-04-22 08:29:02.120791+00:00,6.28,13.76,20.98,3714.08474388605,13.023688412957654,-137.29645849346855,6,1
2012-04-22 08:32:02.120791+00:00,6.28,13.76,20.98,3450.777623255066,12.911014514951509,-137.52180628948085,5,1
2012-04-22 08:35:02.120791+00:00,6.56,14.36,21.88,3131.1417874361096,12.505246591381471,-138.33334213662093,6,1
2012-04-22 08:38:02.120791+00:00,7.19,15.66,23.86,2811.505951617153,12.099478667811436,-139.144877983761,5,1
2012-04-22 08:42:02.120791+00:00,7.57,16.44,25.03,2323.2933939301843,11.94463487242755,-139.45456557452877,3,1
2012-04-25 11:02:02.120295+00:00,32.2,40.0,40.0,9844.42794201189,18.44665763265871,-128.91696236126336,4,2
2012-04-25 11:03:02.120295+00:00,32.2,40.0,40.0,9844.42794201189,18.44665763265871,-128.91696236126336,4,1
2012-04-25 11:04:02.120295+00:00,32.2,40.0,40.0,9844.42794201189,18.44665763265871,-128.91696236126336,4,1
2012-04-25 17:14:02.120211+00:00,7.01,15.29,23.3,3970.9387310193697,16.57757490003235,-128.2129367549624,23,2
2012-04-25 17:15:02.120211+00:00,6.98,15.23,23.2,3708.669650250178,16.55933843462845,-128.24940968577016,24,2
2012-04-25 17:16:02.120211+00:00,7.0,15.26,23.25,3358.1321306153723,16.55933843462845,-128.24940968577016,26,1
2012-04-25 17:17:02.120211+00:00,7.01,15.29,23.3,3269.8636917497574,16.54110196922455,-128.28588261657796,27,3
2012-04-25 17:18:02.120211+00:00,7.09,15.44,23.53,3269.5754863650905,16.54110196922455,-128.28588261657796,29,2
2012-04-25 17:19:02.120211+00:00,7.37,16.03,24.42,3265.9639957358095,16.55017173148938,-128.2677430920483,32,2
2012-04-25 17:20:02.120211+00:00,19.3,39.96,40.0,3269.8636917497574,16.57757490003235,-128.2129367549624,35,3
2012-04-25 17:21:02.120211+00:00,19.38,40.0,40.0,3446.4005694809875,16.644033517147903,-128.08001952073127,37,2
2012-04-25 17:22:02.120211+00:00,19.27,39.91,40.0,3708.669650250178,16.697358441080127,-127.97336967286682,40,3
2012-04-25 17:23:02.120211+00:00,19.03,39.42,40.0,3974.606966787064,16.742668491722355,-127.88274957158237,42,2
2012-04-25 17:24:02.120211+00:00,19.03,39.42,40.0,3446.4005694809875,16.762841918878358,-127.84240271727036,45,2
2012-04-25 17:25:02.120211+00:00,18.95,39.27,40.0,3965.81663279724,16.8874112027717,-127.59326414948367,45,1
2012-04-25 17:26:02.120211+00:00,18.92,39.21,40.0,3814.8018521168183,16.857745906489754,-127.65259474204755,46,1
2012-04-25 17:27:02.120211+00:00,18.87,39.11,40.0,3965.81663279724,16.8874112027717,-127.59326414948367,45,1
2012-04-25 17:28:02.120211+00:00,19.05,39.48,40.0,3663.787071436398,16.921542733704424,-127.52500108761824,45,3
2012-04-25 17:29:02.120211+00:00,2.16,4.87,7.46,3517.8367892110127,16.857745906489754,-127.65259474204755,46,3
2012-04-25 17:30:02.120211+00:00,2.16,4.87,7.46,3388.323233853414,16.795461264543086,-127.77716402594092,44,2
2012-04-25 17:31:02.120211+00:00,2.32,5.21,7.98,3269.8636917497574,16.754312504162556,-127.85946154670198,45,3
2012-04-25 17:32:02.120211+00:00,2.58,5.8,8.88,3300.054794987799,16.753477435891828,-127.86113168324344,44,3
2012-04-25 17:33:02.120211+00:00,2.34,5.27,8.07,3330.2458982258404,16.74602773386929,-127.87603108728852,43,3
2012-04-25 17:34:02.120211+00:00,19.38,40.0,40.0,3330.2458982258404,16.754312504162556,-127.85946154670198,43,2
2012-04-25 17:35:02.120211+00:00,2.41,5.43,8.32,3484.183714050836,16.828080610207813,-127.71192533461146,45,2
2012-04-25 17:36:02.120211+00:00,2.56,5.75,8.8,3663.787071436398,16.921542733704424,-127.52500108761824,45,3
2012-04-25 17:37:02.120211+00:00,2.21,4.99,7.64,3668.0574845186297,17.029334469179105,-127.30941761666888,47,2
2012-04-25 17:38:02.120211+00:00,18.04,37.46,40.0,3909.57420813824,17.15340543443166,-127.06127568616375,48,3
2012-04-25 17:39:02.120211+00:00,18.09,37.56,40.0,4060.540635620848,17.369959679778816,-126.62816719546944,48,2
2012-04-25 17:40:02.120211+00:00,3.37,7.55,11.55,3909.57420813824,17.274708849829736,-126.8186688553676,46,2
2012-04-25 17:41:02.120211+00:00,3.47,7.76,11.87,3853.3317834792383,17.227421396736823,-126.91324376155345,47,2
2012-04-25 17:42:02.120211+00:00,3.67,8.2,12.55,3794.975279500841,17.182155756446228,-127.00377504213463,45,1
2012-04-25 17:43:02.120211+00:00,3.67,8.2,12.55,3663.787071436398,16.921542733704424,-127.52500108761824,45,2
2012-04-25 17:44:02.120211+00:00,33.36,40.0,40.0,3663.787071436398,16.87096595132452,-127.62615465237803,45,2
2012-04-25 17:45:02.120211+00:00,33.49,40.0,40.0,3665.9222779775137,16.849523280766167,-127.66903999349476,42,3
2012-04-25 17:46:02.120211+00:00,33.42,40.0,40.0,3731.516382009735,16.873738773863476,-127.62060900730012,40,3
2012-04-25 17:47:02.120211+00:00,33.49,40.0,40.0,3794.975279500841,16.87651159640243,-127.61506336222224,39,2
2012-04-25 17:48:02.120211+00:00,33.55,40.0,40.0,3824.15353149004,16.952923032790768,-127.46224048944556,36,4
2012-04-25 17:49:02.120211+00:00,33.42,40.0,40.0,3935.8124896970103,17.029334469179105,-127.30941761666888,33,2
2012-04-25 17:50:02.120211+00:00,33.55,40.0,40.0,3945.399479063413,17.128377932957964,-127.11133068911116,32,1
2012-04-25 17:51:02.120211+00:00,33.55,40.0,40.0,4155.264638444455,17.367261943213247,-126.63356266860058,29,3
2012-04-25 17:52:02.120211+00:00,33.55,40.0,40.0,4202.641772264933,17.464848830349915,-126.43838889432726,28,2
2012-04-25 17:53:02.120211+00:00,33.49,40.0,40.0,4239.695187854944,17.729770328730396,-125.9085458975663,26,2
2012-04-25 17:54:02.120211+00:00,33.62,40.0,40.0,4139.556102847624,17.972041989278267,-125.42400257647054,24,1
2012-04-25 18:15:02.120211+00:00,4.62,10.24,15.65,1549.7912944786578,14.116424407626614,-133.13523773977386,3,1
2012-04-25 18:16:02.120211+00:00,4.54,10.07,15.38,1549.7912944786578,14.116424407626614,-133.13523773977386,3,1
2012-04-25 18:18:02.120211+00:00,3.8,8.48,12.97,1549.7912944786578,14.116424407626614,-133.13523773977386,3,1
2012-04-26 04:39:02.120129+00:00,19.96,40.0,40.0,2065.7894998262545,13.406780684602175,-144.00620686502066,3,1
2012-04-26 04:45:02.120129+00:00,19.71,40.0,40.0,2065.7894998262545,13.406780684602175,-144.00620686502066,3,1
2012-04-26 07:55:02.120129+00:00,8.39,18.11,27.56,5078.494668326632,15.272446643520103,-140.2748749471848,3,1
2012-04-26 08:02:02.120129+00:00,8.37,18.08,27.52,6851.222511910499,16.03177254178554,-138.75622315065394,3,1
2012-04-26 08:09:02.120129+00:00,7.99,17.3,26.34,7221.311377245261,16.040823155527836,-138.73812192316936,3,1
2012-04-26 08:16:02.120129+00:00,7.9,17.12,26.06,9274.944592319704,16.592347233293147,-137.63507376763872,3,1
2012-04-26 08:22:02.120129+00:00,7.57,16.44,25.03,10708.119052317754,16.93449190174298,-136.95078443073905,3,1
2012-04-26 08:28:02.120129+00:00,6.98,15.23,23.2,12849.187361207976,17.176231491392294,-136.46730525144045,3,1
2012-04-26 08:33:02.120129+00:00,6.83,14.92,22.73,12849.187361207976,17.176231491392294,-136.46730525144045,3,1
2012-04-26 08:40:02.120129+00:00,6.71,14.67,22.36,13286.15559359773,17.310070794117145,-136.19962664599075,4,1
2012-04-26 08:45:02.120129+00:00,6.11,13.41,20.46,13854.549997232363,17.409440393393222,-136.00088744743857,4,1
2012-04-26 08:49:02.120129+00:00,6.11,13.41,20.46,13854.549997232363,17.409440393393222,-136.00088744743857,4,1
2012-04-26 08:54:02.120129+00:00,5.99,13.16,20.07,14197.548812870184,17.588857291018524,-135.64205365218797,3,1
2012-04-26 09:08:02.120129+00:00,5.39,11.9,18.16,9569.682090658536,16.775114938020856,-137.2695383581833,3,1
2012-04-26 09:15:02.120129+00:00,5.49,12.09,18.46,9530.05024067994,16.659413184843306,-137.5009418645384,3,1
2012-04-26 09:23:02.120129+00:00,6.02,13.22,20.17,9530.05024067994,16.659413184843306,-137.5009418645384,3,1
2012-04-26 09:27:02.120129+00:00,5.99,13.16,20.07,9443.959044359655,16.69789677035714,-137.42397469351073,3,1
2012-04-26 09:34:02.120129+00:00,5.86,12.87,19.64,9513.599826032416,16.695513492140293,-137.42874124994444,4,1
2012-04-26 09:38:02.120129+00:00,5.78,12.71,19.39,8564.788561611325,16.587944501888472,-137.64387923044808,4,1
2012-04-26 09:42:02.120129+00:00,5.78,12.71,19.39,9443.959044359655,16.69313021392345,-137.43350780637812,5,1
2012-04-26 09:47:02.120129+00:00,5.78,12.71,19.39,9583.240607705173,16.69313021392345,-137.43350780637812,5,1
2012-04-26 09:51:02.120129+00:00,5.73,12.61,19.25,9939.491569626896,17.00395477024326,-136.8118586937385,5,1
2012-04-26 09:55:02.120129+00:00,5.75,12.65,19.29,10445.234105606522,17.11203109468673,-136.59570604485157,4,1
2012-04-26 10:00:02.120129+00:00,5.61,12.35,18.85,10532.638711984247,17.11203109468673,-136.59570604485157,4,1
2012-04-26 10:06:02.120129+00:00,5.33,11.77,17.96,11139.060855697458,17.06602755967444,-136.68771311487615,3,1
2012-04-26 10:12:02.120129+00:00,5.36,11.83,18.06,11139.060855697458,17.06602755967444,-136.68771311487615,3,1
2012-04-26 10:18:02.120129+00:00,5.98,13.13,20.02,12057.66876472512,17.221522376159765,-136.3767234819055,3,1
2012-04-26 10:23:02.120129+00:00,6.34,13.88,21.17,12394.091243033385,17.242337557965023,-136.33509311829496,3,1
2012-04-26 10:30:02.120129+00:00,6.88,15.01,22.88,12057.66876472512,17.221522376159765,-136.3767234819055,3,1
2012-04-26 10:39:02.120129+00:00,7.69,16.68,25.41,10787.6170140295,16.815659357059104,-137.1884495201068,4,1
2012-04-26 10:45:02.120129+00:00,7.6,16.5,25.12,9809.156811276369,16.67036890860718,-137.47903041701065,4,1
2012-04-26 10:49:02.120129+00:00,7.61,16.53,25.17,9485.831194127317,16.660234534506653,-137.4992991652117,5,1
2012-04-26 10:53:02.120129+00:00,7.69,16.68,25.41,8247.258552524065,16.345049691428862,-138.12966885136728,4,1
2012-04-26 10:58:02.120129+00:00,8.14,17.62,26.81,6449.492392117736,15.911308926863509,-138.997150380498,4,1
2012-04-26 11:05:02.120129+00:00,8.78,18.93,28.79,4292.442096177395,14.883922710645288,-141.05192281293444,3,1
2012-04-26 11:14:02.120129+00:00,8.89,19.15,29.12,2935.828898436651,14.268888827991471,-142.28199057824207,3,1
2012-04-28 03:41:02.129799+00:00,5.86,12.87,19.64,1803.236723450022,17.021243911986492,-131.46065386519535,8,2
2012-04-28 03:42:02.129799+00:00,12.3,26.03,39.48,1693.4955854036266,16.792340122116993,-131.91846144493434,10,1
2012-04-28 03:44:02.129799+00:00,12.54,26.5,40.0,1689.5456674470263,16.78835178076564,-131.92643812763706,15,1
2012-04-28 03:45:02.129799+00:00,7.55,16.41,24.98,1697.445503360227,16.78835178076564,-131.92643812763706,19,2
2012-04-28 03:50:02.129799+00:00,5.11,11.3,17.26,2115.4005209828942,16.989235193160155,-131.52467130284802,29,2
2012-04-28 03:51:02.129799+00:00,6.14,13.47,20.55,2167.352688201907,17.042799938610276,-131.4175418119478,30,1
2012-04-28 03:52:02.129799+00:00,28.49,40.0,40.0,2219.3048554209195,17.096364684060397,-131.31041232104752,31,2
2012-04-28 03:53:02.129799+00:00,10.62,22.64,34.38,2465.1774572751624,17.17497433700595,-131.15319301515643,31,3
2012-04-28 03:54:02.129799+00:00,28.54,40.0,40.0,2342.241156348041,17.20085783599622,-131.1014260171759,32,3
2012-04-28 03:55:02.129799+00:00,29.17,40.0,40.0,2342.241156348041,17.135669510533173,-131.23180266810198,34,3
2012-04-28 03:56:02.129799+00:00,28.98,40.0,40.0,2219.3048554209195,16.989235193160155,-131.52467130284802,35,2
2012-04-28 03:57:02.129799+00:00,28.93,40.0,40.0,2219.3048554209195,16.989235193160155,-131.52467130284802,37,2
2012-04-28 03:58:02.129799+00:00,28.88,40.0,40.0,2219.3048554209195,16.989235193160155,-131.52467130284802,37,2
2012-04-28 03:59:02.129799+00:00,28.93,40.0,40.0,2219.3048554209195,16.989235193160155,-131.52467130284802,37,2
2012-04-28 04:00:02.129799+00:00,28.93,40.0,40.0,2105.0125681310424,16.930797099830276,-131.6415474895078,37,2
2012-04-28 04:01:02.129799+00:00,28.54,40.0,40.0,2162.158711775981,16.88522616637934,-131.73268935640965,36,2
2012-04-28 04:02:02.129799+00:00,28.26,40.0,40.0,2342.9884450875497,16.960016146495214,-131.58310939617792,34,1
2012-04-28 04:03:02.129799+00:00,28.26,40.0,40.0,2466.67203475418,16.930797099830276,-131.6415474895078,31,2
2012-04-28 04:04:02.129799+00:00,28.35,40.0,40.0,2466.67203475418,17.096364684060397,-131.31041232104752,29,3
2012-04-28 04:05:02.129799+00:00,28.54,40.0,40.0,2547.347761443444,17.17497433700595,-131.15319301515643,25,2
2012-04-28 04:06:02.129799+00:00,28.21,40.0,40.0,2547.347761443444,17.17497433700595,-131.15319301515643,23,3
2012-04-28 04:09:02.129799+00:00,28.21,40.0,40.0,2019.6400060619872,16.770083228472885,-131.96297523222256,17,1
2012-04-29 10:59:02.129633+00:00,3.89,8.67,13.26,1811.6135517455036,16.24391760828939,-133.0056665480765,5,2
2012-04-29 11:03:02.129633+00:00,3.75,8.36,12.79,1811.6135517455036,16.24391760828939,-133.0056665480765,5,2
2012-04-29 11:04:02.129633+00:00,3.75,8.36,12.79,1811.6135517455036,16.24391760828939,-133.0056665480765,5,1
2012-04-29 11:21:02.129633+00:00,6.41,14.04,21.41,5285.939925632251,18.82446094807024,-127.8445798685148,23,1
2012-04-29 11:23:02.129633+00:00,10.09,21.58,32.79,5692.56952817636,19.419868205170687,-126.6537653543139,28,2
2012-04-29 11:24:02.129633+00:00,10.27,21.94,33.33,7085.476480874955,19.684114693210898,-126.12527237823348,31,2
2012-04-29 11:25:02.129633+00:00,10.52,22.44,34.08,7525.69533524411,19.752011843632395,-125.9894780773905,33,2
2012-04-29 11:26:02.129633+00:00,0.0,0.01,0.02,7927.27068232835,19.784892343826808,-125.92371707700168,36,3
2012-04-29 11:27:02.129633+00:00,8.6,18.55,28.22,8375.13754742853,19.817954156677313,-125.85759345130066,38,3
2012-04-29 11:28:02.129633+00:00,26.6,40.0,40.0,8679.8053420488,19.95956400170686,-125.57437376124156,41,3
2012-04-29 11:29:02.129633+00:00,3.73,8.32,12.73,12441.773937154325,20.293224018676728,-124.90705372730184,44,2
2012-04-29 11:30:02.129633+00:00,3.82,8.52,13.02,13347.35012948933,20.45392788598462,-124.58564599268604,46,3
2012-04-29 11:31:02.129633+00:00,4.78,10.59,16.17,13833.664754036045,20.57055442371913,-124.35239291721702,49,3
2012-04-29 11:32:02.129633+00:00,4.03,8.98,13.72,14568.94461520372,20.806608657230026,-123.88028445019523,51,3
2012-04-29 11:33:02.129633+00:00,5.32,11.73,17.91,15844.40470304498,20.818758049678365,-123.85598566529856,52,3
2012-04-29 11:34:02.129633+00:00,5.35,11.8,18.01,16270.949375168457,20.9159557442975,-123.6615902760603,53,2
2012-04-29 11:35:02.129633+00:00,4.27,9.49,14.51,16953.05023809793,21.04471068009051,-123.40408040447426,53,2
2012-04-29 11:36:02.129633+00:00,3.36,7.51,11.49,19134.260778357268,21.220067856573124,-123.05336605150904,52,3
2012-04-29 11:37:02.129633+00:00,3.56,7.96,12.18,20842.694588678984,21.523316019685844,-122.4468697252836,52,3
2012-04-29 11:38:02.129633+00:00,3.91,8.71,13.32,22086.00951803569,21.547796773390004,-122.39790821787528,53,2
2012-04-29 11:39:02.129633+00:00,4.12,9.16,14.01,22694.434168157153,21.57558842639814,-122.342324911859,53,3
2012-04-29 11:40:02.129633+00:00,3.51,7.84,11.99,25607.9652326762,21.633888724663148,-122.225724315329,52,3
2012-04-29 11:41:02.129633+00:00,3.78,8.44,12.91,25979.66902042554,21.70664192029277,-122.08021792406971,52,3
2012-04-29 11:42:02.129633+00:00,3.76,8.4,12.85,26230.061544028275,21.6790383866312,-122.13542499139288,51,2
2012-04-29 11:43:02.129633+00:00,4.01,8.94,13.66,25979.66902042554,21.58216374454662,-122.32917427556204,52,2
2012-04-29 11:44:02.129633+00:00,4.17,9.27,14.17,26230.061544028275,21.588739062695097,-122.3160236392651,51,3
2012-04-29 11:45:02.129633+00:00,4.25,9.46,14.45,25632.12738364994,21.58216374454662,-122.32917427556204,52,2
2012-04-29 11:46:02.129633+00:00,4.34,9.64,14.73,25534.978270477073,21.57044552870441,-122.35261070724646,51,3
2012-04-29 11:47:02.129633+00:00,4.35,9.67,14.78,24218.840676333708,21.536367197206513,-122.42076737024226,52,3
2012-04-29 11:48:02.129633+00:00,3.98,8.86,13.55,24218.840676333708,21.491794979830125,-122.50991180499504,50,2
2012-04-29 11:49:02.129633+00:00,3.91,8.71,13.32,22694.434168157153,21.21719006559001,-123.05912163347526,49,3
2012-04-29 11:50:02.129633+00:00,3.96,8.82,13.49,22694.434168157153,21.21719006559001,-123.05912163347526,47,2
2012-04-29 11:51:02.129633+00:00,3.71,8.28,12.67,24114.706219317115,21.19581887095011,-123.10186402275508,44,2
2012-04-29 11:52:02.129633+00:00,3.99,8.9,13.61,22694.434168157153,21.14226915881003,-123.20896344703522,41,3
2012-04-29 11:53:02.129633+00:00,3.75,8.36,12.79,21186.55940147837,21.14226915881003,-123.20896344703522,39,3
2012-04-29 11:54:02.129633+00:00,3.02,6.77,10.35,19556.60224345377,21.14226915881003,-123.20896344703522,37,3
2012-04-29 11:55:02.129633+00:00,15.91,33.24,40.0,15537.71696715671,20.896508294271964,-123.70048517611136,34,3
2012-04-29 11:56:02.129633+00:00,15.39,32.2,40.0,13278.846931593856,20.77207244732144,-123.9493568700124,32,2
2012-04-29 11:57:02.129633+00:00,14.97,31.36,40.0,12476.157301640009,20.635940038220795,-124.22162168821367,29,2
2012-04-29 11:58:02.129633+00:00,4.86,10.76,16.43,10268.779825171936,19.98981815749999,-125.5138654496553,26,1
2012-04-29 11:59:02.129633+00:00,5.22,11.53,17.61,7801.815359503958,19.456322891134963,-126.58085598238536,23,1
2012-04-29 12:07:02.129550+00:00,4.89,10.83,16.54,2182.875806391105,15.7618850508175,-134.39890704015215,16,1
2012-04-29 12:08:02.129550+00:00,4.94,10.93,16.69,2182.875806391105,15.7618850508175,-134.39890704015215,16,1
2012-04-29 12:10:02.129550+00:00,7.22,15.72,23.95,2797.383674515203,16.135077361443486,-133.65252241890016,20,1
2012-04-29 12:11:02.129550+00:00,7.6,16.5,25.12,2847.011003995292,16.151555085658757,-133.61956697046963,22,2
2012-04-29 12:12:02.129550+00:00,5.18,11.43,17.46,2797.383674515203,16.135077361443486,-133.65252241890016,24,2
2012-04-29 12:13:02.129550+00:00,5.29,11.67,17.81,2797.383674515203,16.151555085658757,-133.61956697046963,26,1
2012-04-29 12:14:02.129550+00:00,4.89,10.83,16.54,2811.152345937718,16.29615769858884,-133.33036174460946,28,2
2012-04-29 12:15:02.129550+00:00,4.96,10.96,16.74,2834.443976341521,16.43389102035409,-133.05489510107896,29,3
2012-04-29 12:16:02.129550+00:00,4.91,10.86,16.59,2811.152345937718,16.29615769858884,-133.33036174460946,30,2
2012-04-29 12:18:02.129550+00:00,4.73,10.49,16.02,2811.152345937718,16.29615769858884,-133.33036174460946,30,1
2012-04-29 12:19:02.129550+00:00,4.8,10.62,16.23,2811.152345937718,16.29615769858884,-133.33036174460946,30,3
2012-04-29 12:20:02.129550+00:00,4.6,10.21,15.59,2834.443976341521,16.15842437682359,-133.60582838813997,33,2
2012-04-29 12:21:02.129550+00:00,5.15,11.37,17.36,2839.343508526415,16.411132238048687,-133.10041266568976,32,2
2012-04-29 12:22:02.129550+00:00,4.78,10.59,16.17,2787.860715533915,16.15842437682359,-133.60582838813997,31,1
2012-04-29 12:23:02.129550+00:00,3.56,7.96,12.18,2616.467043301606,16.15842437682359,-133.60582838813997,29,3
2012-04-29 12:24:02.129550+00:00,3.76,8.4,12.85,2702.1638794177607,16.273398916283437,-133.37587930922027,28,1
2012-04-29 12:25:02.129550+00:00,31.91,40.0,40.0,2587.179136125963,16.24660520527873,-133.4294667312297,26,1
2012-04-29 12:26:02.129550+00:00,30.89,40.0,40.0,2787.860715533915,16.33478603373387,-133.2531050743194,25,1
2012-04-29 12:28:02.129550+00:00,31.11,40.0,40.0,2702.1638794177607,16.24660520527873,-133.4294667312297,26,2
2012-04-29 12:29:02.129550+00:00,31.56,40.0,40.0,2616.467043301606,16.33478603373387,-133.2531050743194,25,2
2012-04-29 12:30:02.129550+00:00,27.75,40.0,40.0,2557.2685528337797,15.96805056975522,-133.9865760022767,22,2
2012-04-29 12:32:02.129550+00:00,10.0,21.39,32.5,2439.161292845087,15.96805056975522,-133.9865760022767,20,1
2012-04-29 12:35:02.129550+00:00,24.64,40.0,40.0,2241.7503288832067,15.700710209344916,-134.5212567230973,20,2
2012-04-29 12:37:02.129550+00:00,24.64,40.0,40.0,2223.114626158622,15.734832705749394,-134.45301173028835,19,2
2012-04-29 12:39:02.129550+00:00,24.12,40.0,40.0,2223.114626158622,15.892758710192092,-134.13715972140295,17,1
2012-04-29 12:41:02.129550+00:00,23.58,40.0,40.0,2215.2634841813488,15.779673211566266,-134.3633307186546,14,1
2012-04-29 12:42:02.129550+00:00,23.54,40.0,40.0,2223.114626158622,15.666587712940435,-134.58950171590627,13,3
2012-04-29 12:43:02.129550+00:00,23.16,40.0,40.0,2207.4123422040752,15.571006535778857,-134.78066407022942,15,2
2012-04-29 12:44:02.129550+00:00,23.26,40.0,40.0,2154.6144861710873,15.481392855210023,-134.95989143136708,16,1
2012-04-29 12:50:02.129550+00:00,23.54,40.0,40.0,2144.312571646885,15.484081203129866,-134.9545147355274,16,1
2012-04-29 12:52:02.129550+00:00,24.01,40.0,40.0,2022.6138710462128,15.397155870480876,-135.12836540082537,15,1
2012-04-29 12:53:02.129550+00:00,13.26,27.95,40.0,1776.0567529859632,15.391779174641194,-135.13911879250475,11,2
2012-04-29 12:54:02.129550+00:00,12.85,27.12,40.0,1776.0567529859632,14.758405857053758,-136.40586542767963,11,1
2012-04-29 12:56:02.129550+00:00,12.88,27.2,40.0,1776.0567529859632,14.758405857053758,-136.40586542767963,11,2
2012-04-29 12:57:02.129550+00:00,12.66,26.75,40.0,1847.6197692800984,14.802728683929608,-136.31721977392792,12,2
2012-04-29 13:00:02.129550+00:00,11.03,23.48,35.65,1776.0567529859632,14.758405857053758,-136.40586542767963,11,1
2012-04-29 13:03:02.129550+00:00,9.87,21.13,32.11,1919.182785574234,14.758405857053758,-136.40586542767963,9,1
2012-04-29 13:07:02.129550+00:00,7.24,15.75,24.0,1773.8900013798689,14.279066879101952,-137.36454338358325,4,1
2012-05-01 02:38:02.129303+00:00,6.62,14.48,22.07,2999.710367096447,14.15026394145426,-143.4487669166889,3,1
2012-05-01 02:43:02.129303+00:00,6.76,14.76,22.5,3010.546688590838,14.332132461421384,-143.08502987675462,3,1
2012-05-01 03:10:02.129303+00:00,7.0,15.26,23.25,2986.3314664678383,14.396832464310704,-142.955629870976,4,1
2012-05-01 03:13:02.129303+00:00,7.55,16.41,24.98,2986.3314664678383,14.396832464310704,-142.955629870976,4,1
2012-05-01 03:17:02.129303+00:00,7.81,16.93,25.78,3018.3112114461396,14.40902186840563,-142.93125106278617,5,1
2012-05-01 03:21:02.129303+00:00,7.45,16.19,24.66,3498.087600019852,14.551283923423656,-142.64672695275007,5,1
2012-05-01 03:26:02.129303+00:00,7.48,16.25,24.75,3652.787639936584,14.638968725385205,-142.47135734882698,4,1
2012-05-01 03:29:02.129303+00:00,7.46,16.22,24.7,3807.487679853317,14.726653527346754,-142.2959877449039,3,1
2012-05-01 03:44:02.129303+00:00,6.35,13.92,21.22,4278.664906496222,14.899175532180983,-141.95094373523543,3,1
2012-05-01 03:49:02.129303+00:00,6.59,14.42,21.98,4232.860597998912,14.859245247957414,-142.03080430368257,4,1
2012-05-01 03:54:02.129303+00:00,6.26,13.73,20.93,4232.860597998912,14.859245247957414,-142.03080430368257,4,1
2012-05-01 03:59:02.129303+00:00,6.26,13.73,20.93,4308.696312809509,15.114734528821725,-141.51982574195395,3,1
2012-05-01 04:04:02.129303+00:00,6.25,13.7,20.89,4187.056289501603,14.810041697654787,-142.12921140428784,3,1
2012-05-01 04:09:02.129303+00:00,6.65,14.54,22.17,4286.0446130390355,15.083878252576485,-141.58153829444444,4,1
2012-05-01 04:14:02.129303+00:00,6.76,14.76,22.5,4290.40264946656,15.053021976331245,-141.6432508469349,5,1
2012-05-01 04:19:02.129303+00:00,6.89,15.04,22.92,4281.68657661151,15.037722192445065,-141.67385041470726,5,1
2012-05-01 04:24:02.129303+00:00,6.85,14.95,22.78,4286.0446130390355,15.045372084388156,-141.65855063082108,4,1
2012-05-01 04:29:02.129303+00:00,6.61,14.45,22.03,3447.035071217173,14.618009547975523,-142.51327570364634,3,1
2012-05-01 04:34:02.129303+00:00,6.73,14.7,22.4,3402.1581709050697,14.493037670737484,-142.76321945812245,3,1
2012-05-01 04:40:02.129303+00:00,7.18,15.63,23.81,3137.2434976420136,14.481377459299445,-142.7865398809985,3,1
2012-05-01 04:47:02.129303+00:00,7.58,16.47,25.08,2781.0242695859774,14.123271481571644,-143.5027518364541,3,1
2012-05-01 04:53:02.129303+00:00,8.05,17.43,26.53,2147.8725431106373,13.446267289881328,-144.85676021983477,4,1
2012-05-01 04:58:02.129303+00:00,8.66,18.68,28.41,1938.0127252570448,13.218676840897665,-145.31194111780206,4,1
2012-05-01 05:02:02.129303+00:00,8.91,19.18,29.17,1938.0127252570448,13.218676840897665,-145.31194111780206,4,1
2012-05-01 05:07:02.129303+00:00,9.41,20.2,30.7,1730.364957406056,13.046236688440334,-145.65682142271675,4,1
2012-05-01 08:42:02.129303+00:00,14.58,30.58,40.0,4158.927063396158,18.457965527883573,-134.83336374383026,3,2
2012-05-01 08:43:02.129303+00:00,14.58,30.58,40.0,4158.927063396158,18.457965527883573,-134.83336374383026,3,1
2012-05-03 21:35:02.128889+00:00,13.01,27.46,40.0,8339.80795597057,21.125229794910183,-129.44569664301673,4,3
2012-05-03 21:36:02.128889+00:00,13.01,27.46,40.0,8339.80795597057,21.125229794910183,-129.44569664301673,4,1
2012-05-04 10:25:02.128807+00:00,29.07,40.0,40.0,3133.824319583654,19.023926251775688,-130.95337744376295,19,1
2012-05-04 10:26:02.128807+00:00,29.47,40.0,40.0,3254.959114719017,19.176302846228328,-130.64862425485765,21,1
2012-05-04 10:27:02.128807+00:00,29.68,40.0,40.0,3254.959114719017,19.33723482662498,-130.32676029406434,23,1
2012-05-04 10:28:02.128807+00:00,29.68,40.0,40.0,3194.391717151336,19.25676883642665,-130.48769227446098,24,1
2012-05-04 10:29:02.128807+00:00,29.68,40.0,40.0,3133.824319583654,19.176302846228328,-130.64862425485765,25,2
2012-05-04 10:30:02.128807+00:00,29.73,40.0,40.0,3194.391717151336,19.100114549002008,-130.8010008493103,26,4
2012-05-04 10:31:02.128807+00:00,29.73,40.0,40.0,3194.391717151336,19.100114549002008,-130.8010008493103,26,1
2012-05-04 10:32:02.128807+00:00,29.68,40.0,40.0,3108.0258459725,18.934925971439444,-131.13137800443542,28,3
2012-05-04 10:33:02.128807+00:00,29.68,40.0,40.0,3108.0258459725,18.934925971439444,-131.13137800443542,28,2
2012-05-04 10:34:02.128807+00:00,29.68,40.0,40.0,3108.0258459725,18.934925971439444,-131.13137800443542,28,2
2012-05-04 10:35:02.128807+00:00,29.68,40.0,40.0,3108.0258459725,18.934925971439444,-131.13137800443542,28,2
2012-05-04 10:36:02.128807+00:00,29.68,40.0,40.0,2926.372243896606,18.934925971439444,-131.13137800443542,28,3
2012-05-04 10:37:02.128807+00:00,29.68,40.0,40.0,2705.7331942100595,18.830613165690345,-131.34000361593365,30,1
2012-05-04 10:38:02.128807+00:00,29.68,40.0,40.0,2705.7331942100595,18.830613165690345,-131.34000361593365,30,1
2012-05-04 10:39:02.128807+00:00,29.73,40.0,40.0,2718.9201682095586,18.815300640277485,-131.37062866675936,29,1
2012-05-04 10:41:02.128807+00:00,30.14,40.0,40.0,2692.5462202105605,18.624732042762663,-131.75176586178898,23,1
2012-05-04 10:42:02.128807+00:00,30.19,40.0,40.0,2557.6677780365803,18.542235271870588,-131.91675940357314,23,1
2012-05-04 10:45:02.128807+00:00,30.57,40.0,40.0,2546.746196960434,18.20944681642968,-132.58233631445495,18,1
2012-05-04 10:46:02.128807+00:00,7.06,15.38,23.44,2272.2715281471496,18.043365088975076,-132.91449976936417,15,3
2012-05-04 10:47:02.128807+00:00,7.22,15.72,23.95,2272.2715281471496,17.905766557426347,-133.18969683246164,13,1
2012-05-04 10:49:02.128807+00:00,29.07,40.0,40.0,2272.2715281471496,17.905766557426347,-133.18969683246164,11,1
2012-05-04 10:51:02.128807+00:00,28.64,40.0,40.0,2205.5449135172275,17.73806079268732,-133.52510836193966,10,2
2012-05-06 15:33:02.128393+00:00,28.59,40.0,40.0,13880.275775286304,21.40401853101129,-128.12192483164668,3,2
2012-05-06 15:34:02.128393+00:00,28.59,40.0,40.0,13880.275775286304,21.40401853101129,-128.12192483164668,3,1
2012-05-07 20:02:02.128227+00:00,40.0,40.0,40.0,42115.89949891219,24.384805902154337,-121.30248634766,5,1
2012-05-07 20:03:02.128227+00:00,40.0,40.0,40.0,42115.89949891219,24.384805902154337,-121.30248634766,5,2
2012-05-07 20:04:02.128227+00:00,40.0,40.0,40.0,42115.89949891219,24.384805902154337,-121.30248634766,5,2
2012-05-08 20:10:02.128062+00:00,31.34,40.0,40.0,1881.3039800331624,13.32021155248362,-135.1996353556208,3,1
2012-05-08 20:17:02.128062+00:00,28.83,40.0,40.0,1772.9675559954878,13.573162428077511,-134.69373360443302,4,1
2012-05-08 20:43:02.128062+00:00,12.34,26.1,39.59,1627.925988794925,13.02787732597666,-135.78430380863472,3,1
2012-05-09 13:56:02.127897+00:00,5.69,12.52,19.1,6553.071823655947,19.561668085566435,-129.76867967358214,3,2
2012-05-09 13:57:02.127897+00:00,5.69,12.52,19.1,6553.071823655947,19.561668085566435,-129.76867967358214,3,1
2012-05-14 20:35:02.127070+00:00,17.64,36.67,40.0,37007.31813900696,23.58935645369768,-124.87860383508924,4,4
2012-05-19 22:04:02.126244+00:00,14.39,30.21,40.0,5922.809452106571,18.337146930507384,-128.40699868380645,4,1
2012-05-19 22:05:02.126244+00:00,14.39,30.21,40.0,5922.809452106571,18.337146930507384,-128.40699868380645,4,3
2012-05-20 01:56:02.126162+00:00,25.77,40.0,40.0,4075.586271189142,21.177982906143104,-125.25052404123328,5,1
2012-05-20 01:57:02.126162+00:00,25.77,40.0,40.0,4075.586271189142,21.177982906143104,-125.25052404123328,5,2
2012-05-20 02:00:02.126162+00:00,25.77,40.0,40.0,4075.586271189142,21.177982906143104,-125.25052404123328,5,2
2012-05-22 14:42:02.125748+00:00,36.02,40.0,40.0,5224.741873106285,20.42498639738395,-127.40205429381328,4,1
2012-05-22 14:43:02.125748+00:00,36.02,40.0,40.0,5224.741873106285,20.42498639738395,-127.40205429381328,4,3
2012-05-23 20:38:02.125582+00:00,20.81,40.0,40.0,4095.4402870195354,19.464039334402056,-128.53773014343656,4,2
2012-05-23 20:39:02.125582+00:00,20.81,40.0,40.0,4095.4402870195354,19.464039334402056,-128.53773014343656,4,2
2012-05-25 00:24:02.125335+00:00,7.67,16.65,25.36,1886.0422895768925,12.583801354329715,-137.6370553311569,3,1
2012-05-25 00:30:02.125335+00:00,6.89,15.04,22.92,2193.224062546556,12.585819262531048,-137.63301951475424,3,1
2012-05-25 00:36:02.125335+00:00,6.56,14.36,21.88,2363.351812288809,12.641845243328191,-137.52096755315992,3,1
2012-05-25 00:44:02.125335+00:00,6.56,14.36,21.88,2418.374912626749,12.641845243328191,-137.52096755315992,3,1
2012-05-25 00:50:02.125335+00:00,6.65,14.54,22.17,2418.374912626749,12.840764496758151,-137.12312904630002,3,1
2012-05-25 00:57:02.125335+00:00,6.56,14.36,21.88,2564.818830152535,12.982768592027767,-136.8391208557608,3,1
2012-05-25 01:17:02.125335+00:00,6.65,14.54,22.17,2022.910940084946,12.3542867322447,-138.09608457532693,3,1
2012-05-25 01:24:02.125335+00:00,6.7,14.64,22.31,1980.7680135857536,12.286700366654683,-138.23125730650696,4,1
2012-05-26 11:16:02.125170+00:00,17.84,37.07,40.0,13955.457311319133,21.713043747550955,-126.6966660992336,6,1
2012-05-26 11:17:02.125170+00:00,17.84,37.07,40.0,13955.457311319133,21.713043747550955,-126.6966660992336,6,3
2012-05-26 11:18:02.125170+00:00,17.84,37.07,40.0,13955.457311319133,21.713043747550955,-126.6966660992336,6,2
2012-05-26 14:35:02.125086+00:00,8.43,18.21,27.7,1684.3622918586327,15.86799108432136,-133.65070978755267,5,2
2012-05-26 14:36:02.125086+00:00,8.43,18.21,27.7,1684.3622918586327,15.86799108432136,-133.65070978755267,5,1
2012-05-26 14:40:02.125086+00:00,8.33,17.99,27.37,1684.3622918586327,15.86799108432136,-133.65070978755267,5,1
2012-05-26 14:42:02.125086+00:00,8.39,18.11,27.56,1684.3622918586327,15.86799108432136,-133.65070978755267,5,1
2012-05-27 00:02:02.125004+00:00,2.97,6.67,10.21,4197.76124020843,18.036842651169973,-135.51278934243783,3,1
2012-05-27 00:03:02.125004+00:00,2.97,6.67,10.21,4197.76124020843,18.036842651169973,-135.51278934243783,3,2
2012-05-27 18:57:02.124921+00:00,7.92,17.15,26.11,2081.6650797828615,13.241258089612389,-141.85030543521032,3,1
2012-05-27 19:01:02.124921+00:00,7.87,17.06,25.97,2223.6864707899817,13.396401555228302,-141.5400185039785,4,1
2012-05-27 19:05:02.124921+00:00,7.75,16.81,25.59,2365.707861797102,13.551545020844213,-141.22973157274666,5,1
2012-05-27 19:09:02.124921+00:00,7.64,16.59,25.27,2795.0986218837834,13.551545020844213,-141.22973157274666,5,1
2012-05-27 19:14:02.124921+00:00,7.54,16.37,24.94,3101.328810980403,13.928024335194136,-140.4767729440468,5,1
2012-05-27 19:18:02.124921+00:00,7.07,15.41,23.49,3514.0183061605603,14.201023864484933,-139.9307738854652,5,1
2012-05-27 19:23:02.124921+00:00,6.83,14.92,22.73,3904.1203300495854,14.367767851545825,-139.59728591134342,5,1
2012-05-27 19:28:02.124921+00:00,6.59,14.42,21.98,4438.535290233336,14.694743071052912,-138.94333547232924,4,1
2012-05-27 19:32:02.124921+00:00,6.61,14.45,22.03,4406.829561930218,14.696154003919212,-138.94051360659665,5,1
2012-05-27 19:36:02.124921+00:00,6.31,13.82,21.08,4470.241018536453,14.696154003919212,-138.94051360659665,5,1
2012-05-27 19:41:02.124921+00:00,6.28,13.76,20.98,4470.241018536453,14.718510558216732,-138.89580049800162,5,1
2012-05-27 19:46:02.124921+00:00,6.35,13.92,21.22,4470.241018536453,14.696154003919212,-138.94051360659665,5,1
2012-05-27 19:51:02.124921+00:00,5.78,12.71,19.39,4451.625624604476,14.588161590348028,-139.15649843373905,4,1
2012-05-27 19:56:02.124921+00:00,5.81,12.77,19.49,4290.385346135774,14.589751765481342,-139.1533180834724,3,1
2012-05-27 20:01:02.124921+00:00,5.22,11.53,17.61,4198.91708957309,14.27263387626782,-139.78755386189945,3,1
2012-05-27 20:10:02.124921+00:00,5.21,11.5,17.56,2330.838413837084,13.639732361075437,-141.05335689228423,3,1
2012-05-27 20:18:02.124921+00:00,5.3,11.7,17.86,1964.538877763537,12.841108909362386,-142.6506037957103,3,1
2012-05-27 20:26:02.124921+00:00,5.18,11.43,17.46,1617.2153151618666,12.814822131598689,-142.7031773512377,3,1
2012-05-27 20:31:02.124921+00:00,5.81,12.77,19.49,1617.2153151618666,12.814822131598689,-142.7031773512377,3,1
2012-05-27 20:41:02.124921+00:00,6.08,13.35,20.36,2671.968149697926,13.570073827221735,-141.19267395999162,3,1
2012-05-27 20:50:02.124921+00:00,5.98,13.13,20.02,3442.419837626749,14.079782994787616,-140.17325562485985,4,1
2012-05-27 20:54:02.124921+00:00,5.99,13.16,20.07,3871.1688825450537,14.188276041677424,-139.95626953108024,4,1
2012-05-27 20:56:02.124921+00:00,5.99,13.16,20.07,3871.1688825450537,14.188276041677424,-139.95626953108024,4,1
2012-05-27 21:02:02.124921+00:00,5.98,13.13,20.02,3871.1688825450537,14.39420691191402,-139.54440779060704,4,1
2012-05-27 21:07:02.124921+00:00,6.26,13.73,20.93,3729.739130964152,14.311939654212871,-139.70894230600933,3,1
2012-05-27 21:13:02.124921+00:00,6.74,14.73,22.45,3571.2581739720267,14.311939654212871,-139.70894230600933,3,1
2012-05-27 21:23:02.124921+00:00,7.6,16.5,25.12,3815.477928218365,14.30867291910301,-139.71547577622908,3,1
2012-05-27 21:30:02.124921+00:00,8.46,18.27,27.8,3253.4158006094876,13.80545291685718,-140.72191578072074,4,1
2012-05-27 21:34:02.124921+00:00,8.55,18.46,28.08,2602.5933082004676,13.657598967179288,-141.0176236800765,5,1
2012-05-27 21:36:02.124921+00:00,8.28,17.9,27.23,2602.5933082004676,13.657598967179288,-141.0176236800765,5,1
2012-05-27 21:42:02.124921+00:00,20.63,40.0,40.0,2547.7654094322816,13.570161221375583,-141.1924991716839,6,1
2012-05-27 21:43:02.124921+00:00,20.63,40.0,40.0,2547.7654094322816,13.570161221375583,-141.1924991716839,6,1
2012-05-27 21:48:02.124921+00:00,20.63,40.0,40.0,2547.7654094322816,13.570161221375583,-141.1924991716839,4,1
2012-05-27 21:50:02.124921+00:00,20.63,40.0,40.0,2602.5933082004676,13.657598967179288,-141.0176236800765,5,1
2012-05-27 22:00:02.124921+00:00,20.63,40.0,40.0,7327.711340087788,15.622529572716433,-137.0877624690022,3,1
2012-05-27 22:06:02.124921+00:00,7.07,15.41,23.49,7327.711340087788,15.622529572716433,-137.0877624690022,3,1
2012-05-27 22:13:02.124921+00:00,6.56,14.36,21.88,7327.711340087788,15.622529572716433,-137.0877624690022,3,1
2012-05-27 22:22:02.124921+00:00,5.49,12.09,18.46,7510.404815739972,15.829232322105906,-136.67435697022327,3,1
2012-05-27 22:29:02.124921+00:00,5.29,11.67,17.81,7104.6905460628805,15.571090455665262,-137.19064070310455,3,1
2012-05-27 22:36:02.124921+00:00,5.25,11.6,17.71,5060.789020579776,15.085178420637464,-138.16246477316017,3,1
2012-05-27 22:45:02.124921+00:00,5.0,11.07,16.9,1731.481075280224,12.886382133741698,-142.56005734695168,3,1
2012-05-27 22:53:02.124921+00:00,5.05,11.17,17.05,1731.481075280224,12.886382133741698,-142.56005734695168,3,1
2012-05-27 23:00:02.124921+00:00,5.61,12.35,18.85,1969.2658942274304,13.353740344745916,-141.62534092494323,3,1
2012-05-27 23:08:02.124921+00:00,5.93,13.03,19.88,3971.3191825082,14.616029851051042,-139.10076191233298,3,1
2012-05-27 23:14:02.124921+00:00,6.05,13.28,20.26,5489.298123185741,15.002618283665267,-138.32758504710455,3,1
2012-05-28 11:06:02.124839+00:00,1.79,4.03,6.18,2727.049379418388,13.86272444573229,-143.53013458375477,4,1
2012-05-28 11:14:02.124839+00:00,2.24,5.04,7.72,1917.358453244933,14.113330473784996,-143.02892252764937,8,1
2012-05-28 11:15:02.124839+00:00,2.13,4.81,7.36,1945.1805741612643,14.357880664330024,-142.53982214655932,9,2
2012-05-28 11:21:02.124839+00:00,2.69,6.06,9.27,2705.023262209856,14.515468803539084,-142.22464586814118,14,2
2012-05-28 11:22:02.124839+00:00,2.56,5.75,8.8,2741.6448080079554,14.56677220951708,-142.1220390561852,15,1
2012-05-28 11:23:02.124839+00:00,2.6,5.85,8.96,2705.023262209856,14.515468803539084,-142.22464586814118,16,1
2012-05-28 11:25:02.124839+00:00,3.2,7.17,10.96,2660.9006201711563,14.432869638706997,-142.3898441978054,17,2
2012-05-28 11:26:02.124839+00:00,2.72,6.1,9.34,2660.9006201711563,14.464165397561084,-142.3272526800972,17,1
2012-05-28 11:28:02.124839+00:00,2.56,5.75,8.8,2660.9006201711563,14.464165397561084,-142.3272526800972,17,2
2012-05-28 11:29:02.124839+00:00,2.56,5.75,8.8,2660.9006201711563,14.464165397561084,-142.3272526800972,17,2
2012-05-28 11:31:02.124839+00:00,2.72,6.1,9.34,2585.315056147905,14.44851751813404,-142.3585484389513,16,1
2012-05-28 11:32:02.124839+00:00,1.75,3.96,6.07,2701.272714089556,14.44851751813404,-142.3585484389513,14,1
2012-05-28 11:34:02.124839+00:00,1.75,3.96,6.07,2741.6448080079554,14.464165397561084,-142.3272526800972,13,2
2012-05-28 11:35:02.124839+00:00,1.91,4.31,6.59,2701.272714089556,14.44851751813404,-142.3585484389513,12,1
2012-05-28 11:36:02.124839+00:00,1.94,4.37,6.7,2741.6448080079554,14.464165397561084,-142.3272526800972,11,1
2012-05-28 17:50:02.124756+00:00,7.49,16.28,24.8,6873.292754652939,15.846429322223155,-138.28263020041385,3,1
2012-05-28 17:55:02.124756+00:00,7.27,15.82,24.1,6873.292754652939,15.846429322223155,-138.28263020041385,3,1
2012-05-28 18:02:02.124756+00:00,7.49,16.28,24.8,7499.943033055054,15.965813392080095,-138.04386206069995,3,1
2012-05-28 18:29:02.124756+00:00,7.04,15.35,23.39,8099.827125913442,16.199765366086982,-137.57595811268618,3,1
2012-05-28 18:35:02.124756+00:00,7.37,16.03,24.42,7156.594416179804,16.115766848199012,-137.7439551484621,3,1
2012-05-28 18:44:02.124756+00:00,7.52,16.34,24.89,6117.497554091198,15.771579861701284,-138.4323291214576,3,1
2012-05-28 18:53:02.124756+00:00,7.67,16.65,25.36,5676.873714702673,15.487731091950144,-139.00002666095986,3,1
2012-05-28 19:12:02.124756+00:00,8.37,18.08,27.52,2823.4687339913935,13.95288192529427,-142.0697249942716,3,1
2012-05-29 13:41:02.124591+00:00,22.61,40.0,40.0,11941.300641107484,21.456144646215098,-128.53372872528882,3,2
2012-05-29 13:43:02.124591+00:00,22.61,40.0,40.0,11941.300641107484,21.456144646215098,-128.53372872528882,3,1
2012-05-31 13:33:02.124260+00:00,0.51,1.15,1.76,5959.0256668417915,21.42380316251762,-126.45500747230784,3,2
2012-05-31 13:34:02.124260+00:00,0.51,1.15,1.76,5959.0256668417915,21.42380316251762,-126.45500747230784,3,1
2012-05-31 16:55:02.124260+00:00,6.46,14.14,21.55,5931.581862182434,16.014445501119464,-137.27372279510416,3,1
2012-05-31 17:00:02.124260+00:00,5.61,12.35,18.85,5661.872693700824,16.0021426112748,-137.2983285747935,4,1
2012-05-31 17:05:02.124260+00:00,5.11,11.3,17.26,5392.1635252192145,15.98983972143013,-137.3229343544828,3,1
2012-05-31 17:28:02.124260+00:00,2.89,6.49,9.93,3583.7212178703044,14.756319325242108,-139.78997514685886,3,1
2012-05-31 17:34:02.124260+00:00,2.95,6.63,10.14,9357.942976464044,16.835053927264767,-135.63250594281354,3,1
2012-05-31 17:39:02.124260+00:00,2.89,6.49,9.93,9357.942976464044,16.87244172424285,-135.55773034885738,3,1
2012-05-31 17:45:02.124260+00:00,2.95,6.63,10.14,10904.323207772695,17.463747115227502,-134.37511956688806,3,1
2012-05-31 17:51:02.124260+00:00,0.0,0.01,0.02,10904.323207772695,17.463747115227502,-134.37511956688806,3,1
2012-05-31 17:56:02.124260+00:00,0.0,0.02,0.02,13792.180087415934,18.31875703607762,-132.66509972518782,3,1
2012-05-31 18:03:02.124260+00:00,0.01,0.02,0.02,14296.83308318294,18.31875703607762,-132.66509972518782,3,1
2012-05-31 18:10:02.124260+00:00,2.08,4.69,7.18,14296.83308318294,18.31875703607762,-132.66509972518782,3,1
2012-05-31 18:17:02.124260+00:00,1.28,2.9,4.45,25105.199572129783,18.954848146205915,-131.39291750493126,3,1
2012-05-31 18:22:02.124260+00:00,0.22,0.49,0.75,32431.88760428894,19.634183845001235,-130.0342461073406,3,1
2012-05-31 18:28:02.124260+00:00,0.01,0.03,0.08,32431.88760428894,19.634183845001235,-130.0342461073406,3,1
2012-05-31 18:35:02.124260+00:00,0.01,0.02,0.02,11356.923255485535,17.253825249885562,-134.79496329757194,3,1
2012-05-31 18:44:02.124260+00:00,1.55,3.51,5.38,7281.653936597972,16.494869066988713,-136.31287566336565,3,1
2012-05-31 19:30:02.124260+00:00,5.98,13.13,20.02,4545.119332968018,15.382901121624217,-138.53681155409464,3,1
2012-06-01 21:41:02.124095+00:00,28.4,40.0,40.0,11305.2955060176,21.365312062098567,-128.1400134524267,5,2
2012-06-01 21:42:02.124095+00:00,28.4,40.0,40.0,11305.2955060176,21.365312062098567,-128.1400134524267,5,2
2012-06-01 21:43:02.124095+00:00,28.4,40.0,40.0,11305.2955060176,21.365312062098567,-128.1400134524267,5,1
2012-06-03 18:38:02.123764+00:00,13.53,28.48,40.0,7479.133335086892,19.73121032160269,-131.7011109127621,3,3
2012-06-04 01:16:02.123682+00:00,5.53,12.19,18.61,3858.9447104302544,14.959094061058646,-138.10743174199823,3,1
2012-06-04 01:22:02.123682+00:00,5.66,12.45,19.0,4170.069275749333,14.959094061058646,-138.10743174199823,3,1
2012-06-04 01:27:02.123682+00:00,5.6,12.32,18.8,4170.069275749333,15.004440294912913,-138.0167392742897,3,1
2012-06-04 05:31:02.123682+00:00,4.8,10.62,16.23,2802.056851798184,14.20807838674478,-139.60946309062598,3,1
2012-06-04 05:34:02.123682+00:00,4.78,10.59,16.17,2802.056851798184,14.20807838674478,-139.60946309062598,3,1
2012-06-04 05:37:02.123682+00:00,4.78,10.59,16.17,2802.056851798184,14.20807838674478,-139.60946309062598,3,1
2012-06-04 05:58:02.123682+00:00,3.18,7.12,10.9,7712.569005306211,16.3238873733628,-135.37784511738994,4,1
2012-06-04 06:02:02.123682+00:00,13.74,28.9,40.0,8520.806015342427,16.537189322724846,-134.95124121866584,5,1
2012-06-04 06:05:02.123682+00:00,13.74,28.9,40.0,8520.806015342427,16.537189322724846,-134.95124121866584,5,1
2012-06-04 06:08:02.123682+00:00,13.74,28.9,40.0,8520.806015342427,16.537189322724846,-134.95124121866584,5,1
2012-06-04 06:11:02.123682+00:00,13.74,28.9,40.0,9040.478928549366,16.661472057320292,-134.70267574947496,4,1
2012-06-04 07:04:02.123682+00:00,0.01,0.02,0.05,13308.75702597789,17.590810530921043,-132.84399880227346,4,1
2012-06-04 07:09:02.123682+00:00,0.01,0.02,0.05,11442.288949181384,17.445337702155843,-133.13494445980385,5,1
2012-06-04 07:13:02.123682+00:00,1.55,3.51,5.38,3297.8615885511367,14.694878064150398,-138.63586373581472,6,1
2012-06-04 07:16:02.123682+00:00,2.08,4.69,7.18,2978.882894795424,14.318103170952938,-139.38941352220965,5,1
2012-06-04 07:19:02.123682+00:00,1.75,3.96,6.07,2618.2609100887857,14.263200005276278,-139.49921985356298,6,1
2012-06-04 07:22:02.123682+00:00,1.37,3.09,4.73,2163.1279896193946,13.861569722812437,-140.30248041849066,6,1
2012-06-04 07:26:02.123682+00:00,1.59,3.59,5.5,2068.6170538566425,14.20829683959962,-139.60902618491627,7,1
2012-06-04 07:29:02.123682+00:00,1.41,3.18,4.87,2024.5819173953896,13.916472888489094,-140.19267408713733,6,1
2012-06-04 07:32:02.123682+00:00,1.1,2.5,3.82,1845.536784387328,13.473975291353966,-141.07766928140762,6,1
2012-06-04 07:36:02.123682+00:00,1.94,4.37,6.7,2068.6170538566425,14.474387387785878,-139.07684508854376,7,1
2012-06-04 07:40:02.123682+00:00,1.91,4.31,6.59,2909.957296043579,14.872166567998992,-138.28128672811755,6,1
2012-06-04 07:43:02.123682+00:00,1.82,4.1,6.28,3561.769672174019,14.872166567998992,-138.28128672811755,6,1
2012-06-04 07:45:02.123682+00:00,1.82,4.1,6.28,3561.769672174019,14.872166567998992,-138.28128672811755,6,1
2012-06-04 07:49:02.123682+00:00,2.32,5.21,7.98,3561.769672174019,14.602373607493952,-138.82087264912764,6,1
2012-06-04 07:52:02.123682+00:00,2.44,5.49,8.4,3657.020272975188,14.7028159248689,-138.61998801437772,5,1
2012-06-04 07:56:02.123682+00:00,2.58,5.8,8.88,3466.5190713728507,14.501931290119003,-139.02175728387752,3,1
2012-06-04 08:40:02.123682+00:00,5.02,11.1,16.95,3535.4540364796912,14.970415215675452,-138.0847894327646,4,1
2012-06-04 08:43:02.123682+00:00,5.5,12.13,18.51,4030.511987371268,14.969755197381518,-138.0861094693525,5,1
2012-06-04 08:46:02.123682+00:00,5.61,12.35,18.85,3863.492985322142,14.952684609496355,-138.1202506451228,6,1
2012-06-04 08:50:02.123682+00:00,5.66,12.45,19.0,3696.473983273016,14.935614021611194,-138.15439182089312,7,1
2012-06-04 08:53:02.123682+00:00,5.7,12.55,19.15,3696.473983273016,14.935614021611194,-138.15439182089312,7,1
2012-06-04 08:56:02.123682+00:00,5.73,12.61,19.25,3436.2388995892516,14.92881664198686,-138.1679865801418,6,1
2012-06-04 08:58:02.123682+00:00,5.92,13.0,19.83,3522.36805568796,14.629313881759384,-138.76699210059678,6,1
2012-06-04 09:01:02.123682+00:00,6.05,13.28,20.26,3522.36805568796,14.466483412716167,-139.09265303868318,6,1
2012-06-04 09:06:02.123682+00:00,6.49,14.2,21.65,3091.0641906382325,14.194805701330814,-139.6360084614539,6,1
2012-06-04 09:09:02.123682+00:00,6.8,14.85,22.64,3188.811258974073,14.30270943985958,-139.4202009843964,6,1
2012-06-04 09:12:02.123682+00:00,6.79,14.82,22.59,2753.296522140259,13.778802462930551,-140.4680149382544,6,1
2012-06-04 09:14:02.123682+00:00,6.8,14.85,22.64,2753.296522140259,13.778802462930551,-140.4680149382544,6,1
2012-06-04 09:17:02.123682+00:00,7.12,15.51,23.63,2293.031919094319,13.331738655779752,-141.362142552556,6,1
2012-06-04 09:20:02.123682+00:00,7.54,16.37,24.94,2281.0894959507787,13.237130958919316,-141.55135794627688,5,1
2012-06-04 09:26:02.123682+00:00,8.19,17.71,26.95,2281.0894959507787,13.426346352640186,-141.17292715883514,3,1
2012-06-05 01:51:02.123517+00:00,9.05,19.46,29.6,6467.445814997419,20.993484781164252,-129.46725520994727,5,1
2012-06-05 01:52:02.123517+00:00,9.05,19.46,29.6,6467.445814997419,20.993484781164252,-129.46725520994727,5,3
2012-06-05 01:53:02.123517+00:00,9.05,19.46,29.6,6467.445814997419,20.993484781164252,-129.46725520994727,5,1
2012-06-06 07:57:02.123351+00:00,3.26,7.3,11.16,10425.097032273818,22.03980464087011,-125.62241677216788,5,3
2012-06-06 07:58:02.123351+00:00,3.26,7.3,11.16,10425.097032273818,22.03980464087011,-125.62241677216788,5,2
2012-06-09 22:00:02.122772+00:00,3.89,8.67,13.26,1583.541350029681,16.5596377375581,-135.88368383613124,3,1
2012-06-09 22:08:02.122772+00:00,4.13,9.2,14.06,1583.541350029681,16.5596377375581,-135.88368383613124,3,1
2012-06-09 22:09:02.122772+00:00,4.12,9.16,14.01,1583.541350029681,16.5596377375581,-135.88368383613124,3,1
2012-06-10 13:34:02.122607+00:00,38.21,40.0,40.0,23088.461352829065,22.844628429922725,-124.08178601277136,13,3
2012-06-10 13:35:02.122607+00:00,38.21,40.0,40.0,23088.461352829065,22.844628429922725,-124.08178601277136,13,3
2012-06-10 13:36:02.122607+00:00,38.21,40.0,40.0,23088.461352829065,22.844628429922725,-124.08178601277136,13,1
2012-06-10 13:43:02.122607+00:00,38.21,40.0,40.0,23088.461352829065,22.844628429922725,-124.08178601277136,13,4
2012-06-10 13:44:02.122607+00:00,18.63,38.64,40.0,21708.02693760938,22.66373851377473,-124.44356584506733,12,2
2012-06-11 08:21:02.122525+00:00,5.58,12.29,18.76,27351.07974645895,24.67851130011748,-122.5904375024701,4,1
2012-06-11 08:22:02.122525+00:00,5.58,12.29,18.76,27351.07974645895,24.67851130011748,-122.5904375024701,4,3
2012-06-16 18:21:02.121615+00:00,17.64,36.67,40.0,1693.2271559185897,13.85273673834859,-133.76785518259257,9,1
2012-06-16 18:23:02.121615+00:00,18.11,37.61,40.0,1693.2271559185897,13.85273673834859,-133.76785518259257,9,1
2012-06-16 18:24:02.121615+00:00,18.24,37.87,40.0,1693.2271559185897,13.85273673834859,-133.76785518259257,9,2
2012-06-16 18:26:02.121615+00:00,17.32,36.04,40.0,1693.2271559185897,13.85273673834859,-133.76785518259257,9,1
2012-06-16 18:29:02.121615+00:00,17.25,35.9,40.0,1693.2271559185897,13.85273673834859,-133.76785518259257,9,2
2012-06-16 18:30:02.121615+00:00,17.16,35.71,40.0,1693.2271559185897,13.85273673834859,-133.76785518259257,9,2
2012-06-16 18:48:02.121615+00:00,7.66,16.62,25.31,3794.747903679314,16.987308451513258,-127.49871175626323,23,1
2012-06-16 18:49:02.121615+00:00,6.59,14.42,21.98,4123.455586491767,17.160204361587702,-127.15291993611432,25,1
2012-06-16 18:50:02.121615+00:00,5.73,12.61,19.25,4591.129718144717,17.540084422716763,-126.39315981385622,28,2
2012-06-16 18:51:02.121615+00:00,6.05,13.28,20.26,5136.83845407349,17.599615077901934,-126.27409850348587,30,3
2012-06-16 18:52:02.121615+00:00,31.17,40.0,40.0,5322.703409056086,17.6307562028227,-126.21181625364434,33,3
2012-06-16 18:53:02.121615+00:00,31.85,40.0,40.0,5343.594823502762,17.728071030213876,-126.017186598862,35,2
2012-06-16 18:54:02.121615+00:00,6.07,13.32,20.31,7011.15490205796,17.85479399121241,-125.76374067686493,38,2
2012-06-16 18:55:02.121615+00:00,7.24,15.75,24.0,8515.683903017518,17.98437783375136,-125.50457299178704,41,3
2012-06-16 18:56:02.121615+00:00,30.35,40.0,40.0,8762.157843773326,18.067428507866943,-125.33847164355583,44,3
2012-06-16 18:57:02.121615+00:00,1.24,2.81,4.3,8738.216399220331,18.39102995449352,-124.6912687503027,47,2
2012-06-16 18:58:02.121615+00:00,29.47,40.0,40.0,9073.14749706648,18.506439547639584,-124.46044956401056,50,1
2012-06-16 18:59:02.121615+00:00,5.66,12.45,19.0,9459.700614955384,18.54758002771429,-124.37816860386116,51,4
2012-06-16 19:00:02.121615+00:00,16.85,35.1,40.0,13015.020525900349,18.690219950354106,-124.09288875858154,51,2
2012-06-16 19:01:02.121615+00:00,6.89,15.04,22.92,13214.39572687295,19.06458330966845,-123.34416203995283,52,2
2012-06-16 19:02:02.121615+00:00,6.5,14.23,21.7,13965.976910859734,19.213312620519662,-123.04670341825042,51,3
2012-06-16 19:03:02.121615+00:00,6.37,13.95,21.27,16301.598545967328,19.302496493093457,-122.86833567310282,52,2
2012-06-16 19:04:02.121615+00:00,6.86,14.98,22.83,16266.835831926444,19.316522172459425,-122.8402843143709,53,3
2012-06-16 19:05:02.121615+00:00,7.01,15.29,23.3,16409.900565080985,19.32376718550406,-122.82579428828164,54,4
2012-06-16 19:06:02.121615+00:00,6.98,15.23,23.2,16483.43987015376,19.331012198548695,-122.81130426219237,53,3
2012-06-16 19:07:02.121615+00:00,6.73,14.7,22.4,16483.43987015376,19.331012198548695,-122.81130426219237,53,3
2012-06-16 19:08:02.121615+00:00,6.73,14.7,22.4,16483.43987015376,19.331012198548695,-122.81130426219237,53,2
2012-06-16 19:09:02.121615+00:00,6.79,14.82,22.59,16409.900565080985,19.32376718550406,-122.82579428828164,54,3
2012-06-16 19:10:02.121615+00:00,6.86,14.98,22.83,17360.765067532935,19.3384468597144,-122.79643493986094,52,3
2012-06-16 19:11:02.121615+00:00,6.91,15.07,22.97,18542.54014052119,19.32376718550406,-122.82579428828164,50,2
2012-06-16 19:12:02.121615+00:00,18.87,39.11,40.0,19282.475792348392,19.32376718550406,-122.82579428828164,48,2
2012-06-16 19:13:02.121615+00:00,18.89,39.16,40.0,18542.54014052119,19.32376718550406,-122.82579428828164,46,3
2012-06-16 19:14:02.121615+00:00,19.24,39.85,40.0,18238.090264912113,19.34588152088011,-122.78156561752952,43,3
2012-06-16 19:15:02.121615+00:00,18.79,38.95,40.0,16409.900565080985,19.264917396489544,-122.94349386631066,40,3
2012-06-16 19:16:02.121615+00:00,19.05,39.48,40.0,14276.518109425217,19.18048623576006,-123.11235618776962,37,3
2012-06-16 19:17:02.121615+00:00,19.96,40.0,40.0,15379.978989789488,19.037358148034738,-123.39861236322028,34,2
2012-06-16 19:18:02.121615+00:00,18.97,39.32,40.0,12713.179137790828,18.886737816143302,-123.69985302700312,31,2
2012-06-16 19:19:02.121615+00:00,19.52,40.0,40.0,11688.544446755392,18.782075266301977,-123.9091781266858,29,3
2012-06-16 19:22:02.121615+00:00,7.27,15.82,24.1,8412.923193935903,18.060547641255663,-125.3522333767784,21,1
2012-06-16 19:32:02.121615+00:00,14.03,29.49,40.0,2250.9094784727845,13.750966514816763,-133.97139562965623,14,1
2012-06-16 19:33:02.121615+00:00,14.29,30.01,40.0,2250.9094784727845,13.84666789838099,-133.77999286252776,16,1
2012-06-16 19:35:02.121615+00:00,2.65,5.96,9.12,2319.220425438388,14.223627909654333,-133.02607283998108,19,1
2012-06-16 19:36:02.121615+00:00,2.67,6.01,9.19,2319.220425438388,14.223627909654333,-133.02607283998108,19,2
2012-06-16 19:37:02.121615+00:00,2.65,5.96,9.12,2302.270015027766,14.29661911022145,-132.88009043884685,20,2
2012-06-16 19:38:02.121615+00:00,2.6,5.85,8.96,2302.270015027766,14.0782129881817,-133.31690268292635,22,2
2012-06-16 19:39:02.121615+00:00,2.8,6.3,9.64,2285.3196046171433,13.932798066709072,-133.6077325258716,25,2
2012-06-16 19:40:02.121615+00:00,2.72,6.1,9.34,2285.3196046171433,13.994410790244364,-133.48450707880102,27,1
2012-06-16 19:41:02.121615+00:00,2.63,5.91,9.04,2285.3196046171433,13.994410790244364,-133.48450707880102,27,2
2012-06-16 19:42:02.121615+00:00,2.56,5.75,8.8,2285.3196046171433,13.994410790244364,-133.48450707880102,27,1
2012-06-16 19:43:02.121615+00:00,2.56,5.75,8.8,2302.270015027766,14.109019349949348,-133.25528995939106,26,1
2012-06-16 19:44:02.121615+00:00,2.78,6.25,9.57,2319.220425438388,14.223627909654333,-133.02607283998108,25,2
2012-06-16 19:45:02.121615+00:00,2.78,6.25,9.57,2319.220425438388,14.223627909654333,-133.02607283998108,25,1
2012-06-16 19:46:02.121615+00:00,2.69,6.06,9.27,2431.562817508312,14.369610310788568,-132.73410803771262,23,1
2012-06-16 19:47:02.121615+00:00,2.56,5.75,8.8,2454.1704737412965,14.437267606397167,-132.59879344649542,20,1
2012-06-16 19:48:02.121615+00:00,2.69,6.06,9.27,2476.778129974281,14.369610310788568,-132.73410803771262,19,2
2012-06-16 19:49:02.121615+00:00,2.91,6.54,10.0,2758.5876935569127,14.58059549242099,-132.31213767444777,17,3
2012-06-16 19:50:02.121615+00:00,2.93,6.58,10.07,2760.3293652159823,14.60895815529697,-132.2554123486958,16,1
2012-06-16 20:05:02.121615+00:00,13.26,27.95,40.0,3071.1368429812305,14.12716070340049,-133.21900725248878,4,1
2012-06-16 20:06:02.121615+00:00,13.26,27.95,40.0,3071.1368429812305,14.12716070340049,-133.21900725248878,4,3
2012-06-16 22:05:02.121615+00:00,11.6,24.61,37.35,4199.4922819505955,18.017414949455777,-125.43849876037818,6,3
2012-06-16 22:06:02.121615+00:00,11.6,24.61,37.35,4199.4922819505955,18.017414949455777,-125.43849876037818,6,2
2012-06-16 22:07:02.121615+00:00,11.6,24.61,37.35,4199.4922819505955,18.017414949455777,-125.43849876037818,6,1
2012-06-19 01:37:02.121202+00:00,0.02,0.03,0.15,2323.6067121443807,17.610345414155304,-133.70650795077617,3,1
2012-06-19 01:38:02.121202+00:00,0.02,0.03,0.15,2323.6067121443807,17.610345414155304,-133.70650795077617,3,2
2012-06-20 18:25:02.120954+00:00,27.66,40.0,40.0,28775.39776164651,28.586652858566634,-110.5211691943358,3,3
2012-06-20 21:46:02.120954+00:00,7.7,16.72,25.45,12645.489152831582,21.57901802280256,-124.53643886586396,4,2
2012-06-20 21:47:02.120954+00:00,7.7,16.72,25.45,12645.489152831582,21.57901802280256,-124.53643886586396,4,2
2012-06-21 18:25:02.120788+00:00,40.0,40.0,40.0,1816.1108602750544,17.31962868092576,-136.61667141642226,3,1
2012-06-21 18:26:02.120788+00:00,40.0,40.0,40.0,1816.1108602750544,17.31962868092576,-136.61667141642226,3,2
2012-06-24 10:49:02.120376+00:00,36.02,40.0,40.0,5648.697545516434,20.98781340611511,-129.91767318211333,3,2
2012-06-24 10:50:02.120376+00:00,36.02,40.0,40.0,5648.697545516434,20.98781340611511,-129.91767318211333,3,1
2012-06-24 19:41:02.120292+00:00,35.65,40.0,40.0,1955.0430806104057,15.676339410908298,-134.099158670784,4,1
2012-06-24 19:42:02.120292+00:00,35.23,40.0,40.0,1955.0430806104057,15.676339410908298,-134.099158670784,4,1
2012-06-24 19:46:02.120292+00:00,35.87,40.0,40.0,1955.0430806104057,15.676339410908298,-134.099158670784,4,1
2012-06-24 19:50:02.120292+00:00,34.88,40.0,40.0,1955.0430806104057,15.676339410908298,-134.099158670784,4,1
2012-06-29 15:38:02.129466+00:00,13.51,28.44,40.0,543715.2351568969,28.68219346186975,-112.50099007525178,3,3
2012-06-30 12:34:02.129300+00:00,15.43,32.29,40.0,3956.9394163946945,18.74896714458895,-129.38121568479266,4,3
2012-06-30 12:35:02.129300+00:00,15.43,32.29,40.0,3956.9394163946945,18.74896714458895,-129.38121568479266,4,1
2012-07-01 02:06:02.129218+00:00,33.23,40.0,40.0,5882.163590974358,20.812210719027995,-129.09204113497543,4,1
2012-07-01 02:07:02.129218+00:00,33.23,40.0,40.0,5882.163590974358,20.812210719027995,-129.09204113497543,4,3
2012-07-01 14:32:02.129135+00:00,22.05,40.0,40.0,5332.022572152417,21.145503353926745,-126.99476406879587,4,1
2012-07-01 14:33:02.129135+00:00,22.05,40.0,40.0,5332.022572152417,21.145503353926745,-126.99476406879587,4,3
2012-07-03 02:04:02.128888+00:00,8.51,18.36,27.94,4577.332115018264,19.892922770745496,-131.28497466966883,4,3
2012-07-03 02:05:02.128888+00:00,8.51,18.36,27.94,4577.332115018264,19.892922770745496,-131.28497466966883,4,1
2012-07-08 21:45:02.127978+00:00,7.19,15.66,23.86,1776.484545002329,16.505610319197054,-132.0897470145631,9,1
2012-07-08 21:46:02.127978+00:00,7.19,15.66,23.86,1758.7766595667802,16.623888837730803,-131.85318997749562,10,2
2012-07-08 21:47:02.127978+00:00,6.73,14.7,22.4,1758.7766595667802,16.550167338042666,-132.00063297687188,12,1
2012-07-08 21:49:02.127978+00:00,16.07,33.55,40.0,1855.6979046706897,16.69773907241511,-131.70548950812702,16,2
2012-07-08 21:50:02.127978+00:00,11.68,24.79,37.61,1896.975500569351,16.74216735626455,-131.61663294042813,17,1
2012-07-08 21:51:02.127978+00:00,32.38,40.0,40.0,1975.397024428697,16.77143216513928,-131.55810332267868,20,2
2012-07-08 21:56:02.127978+00:00,14.07,29.57,40.0,3363.6205231840836,17.853255781754157,-129.3944560894489,28,1
2012-07-08 21:57:02.127978+00:00,16.27,33.95,40.0,3693.285134568137,18.629847518212394,-127.84127261653242,29,2
2012-07-08 21:58:02.127978+00:00,16.18,33.77,40.0,3363.6205231840836,18.380381369817663,-128.34020491332188,30,2
2012-07-08 21:59:02.127978+00:00,16.34,34.09,40.0,3693.285134568137,18.629847518212394,-127.84127261653242,31,2
2012-07-08 22:00:02.127978+00:00,17.3,36.0,40.0,3716.469964201953,18.569258944177985,-127.96244976460125,33,2
2012-07-08 22:01:02.127978+00:00,17.23,35.85,40.0,3846.417472356439,18.599553231195188,-127.90186119056683,32,3
2012-07-08 22:02:02.127978+00:00,17.2,35.81,40.0,3716.469964201953,18.569258944177985,-127.96244976460125,33,2
2012-07-08 22:03:02.127978+00:00,17.2,35.81,40.0,3716.469964201953,18.569258944177985,-127.96244976460125,33,2
2012-07-08 22:04:02.127978+00:00,17.2,35.81,40.0,3716.469964201953,18.569258944177985,-127.96244976460125,33,2
2012-07-08 22:05:02.127978+00:00,17.13,35.66,40.0,3704.877549385045,18.501024313091538,-128.09891902677413,34,2
2012-07-08 22:06:02.127978+00:00,17.11,35.62,40.0,3716.469964201953,18.569258944177985,-127.96244976460125,33,2
2012-07-08 22:07:02.127978+00:00,17.06,35.52,40.0,3885.2981189619154,18.599553231195188,-127.90186119056683,32,2
2012-07-08 22:08:02.127978+00:00,17.11,35.62,40.0,3976.364980510925,18.629847518212394,-127.84127261653242,31,2
2012-07-08 22:09:02.127978+00:00,17.04,35.47,40.0,3885.2981189619154,18.710811306151843,-127.67934504065352,28,2
2012-07-08 22:10:02.127978+00:00,16.99,35.38,40.0,3794.2312574129064,18.569258944177985,-127.96244976460125,29,2
2012-07-08 22:11:02.127978+00:00,16.99,35.38,40.0,3716.469964201953,18.47813404138306,-128.1446995701911,29,2
2012-07-08 22:12:02.127978+00:00,17.06,35.52,40.0,3716.469964201953,18.432789682005087,-128.23538828894704,27,1
2012-07-08 22:14:02.127978+00:00,17.81,37.02,40.0,3300.8341347065098,17.886037142261827,-129.32889336843357,23,1
2012-07-08 22:17:02.127978+00:00,4.37,9.71,14.84,2285.1421326269387,17.34353469497944,-130.41389826299834,17,1
2012-07-08 22:19:02.127978+00:00,3.94,8.79,13.43,2149.461352513178,16.871878793222315,-131.3572100665126,13,1
2012-07-08 22:20:02.127978+00:00,12.83,27.09,40.0,2116.598854996384,16.58355721109078,-131.93385323077567,10,3
2012-07-08 22:21:02.127978+00:00,13.15,27.72,40.0,2116.598854996384,16.730242619079057,-131.64048241479912,8,1
2012-07-09 10:40:02.127896+00:00,17.62,36.62,40.0,37526.73927122735,24.999148763972027,-115.22882151923996,7,3
2012-07-09 10:41:02.127896+00:00,17.62,36.62,40.0,37526.73927122735,24.999148763972027,-115.22882151923996,7,3
2012-07-09 10:42:02.127896+00:00,17.62,36.62,40.0,37526.73927122735,24.999148763972027,-115.22882151923996,7,1
2012-07-10 18:36:02.127647+00:00,0.0,0.02,0.02,2733.24341656255,18.111066201450473,-132.32426623280367,3,2
2012-07-10 18:37:02.127647+00:00,0.0,0.02,0.02,2733.24341656255,18.111066201450473,-132.32426623280367,3,1
2012-07-19 11:23:02.126243+00:00,8.16,17.65,26.86,2479.926092063205,18.562655035011257,-131.29780615998362,18,1
2012-07-19 11:25:02.126243+00:00,7.99,17.3,26.34,2626.4191207194335,18.611585036669517,-131.1999461566671,23,1
2012-07-19 11:27:02.126243+00:00,7.52,16.34,24.89,2548.591934016883,18.48536624120216,-131.45238374760183,27,2
2012-07-19 11:28:02.126243+00:00,7.52,16.34,24.89,2548.591934016883,18.48536624120216,-131.45238374760183,27,2
2012-07-19 11:29:02.126243+00:00,7.42,16.13,24.56,2548.591934016883,18.48536624120216,-131.45238374760183,27,3
2012-07-19 11:30:02.126243+00:00,7.46,16.22,24.7,2479.926092063205,18.489367957181223,-131.44438031564368,28,2
2012-07-19 11:31:02.126243+00:00,7.43,16.16,24.61,2411.2602501095275,18.48536624120216,-131.45238374760183,29,2
2012-07-19 11:32:02.126243+00:00,6.17,13.54,20.65,2479.926092063205,18.489367957181223,-131.44438031564368,30,4
2012-07-19 11:33:02.126243+00:00,4.99,11.03,16.85,2626.4191207194335,18.493369673160288,-131.43637688368557,33,2
2012-07-19 11:34:02.126243+00:00,0.0,0.02,0.02,2646.0044227111885,18.519882647121342,-131.38335093576347,34,3
2012-07-19 11:35:02.126243+00:00,4.63,10.28,15.7,2676.654877680403,18.568812648779605,-131.28549093244692,36,3
2012-07-19 11:36:02.126243+00:00,15.41,32.24,40.0,2712.543587691207,18.667148397967537,-131.08881943407107,38,1
2012-07-19 11:37:02.126243+00:00,16.25,33.91,40.0,2731.843065695208,18.72271175926555,-130.97769271147504,39,1
2012-07-19 11:39:02.126243+00:00,14.91,31.23,40.0,2938.8362710161764,18.974955600500437,-130.47320502900527,41,1
2012-07-19 11:40:02.126243+00:00,13.95,29.33,40.0,3281.1947643845656,19.088002650829672,-130.2471109283468,41,1
2012-07-19 11:42:02.126243+00:00,14.37,30.17,40.0,3669.696745674071,19.45212477745502,-129.5188666750961,39,2
2012-07-19 11:43:02.126243+00:00,14.39,30.21,40.0,3712.798721731674,19.470691585801244,-129.48173305840365,38,3
2012-07-19 11:44:02.126243+00:00,14.39,30.21,40.0,3755.9006977892777,19.471052081639172,-129.4810120667278,37,2
2012-07-19 11:45:02.126243+00:00,14.8,31.03,40.0,3815.97902514183,19.534946491566895,-129.35322324687235,34,3
2012-07-19 11:46:02.126243+00:00,14.66,30.74,40.0,3948.627483876058,19.77148556750767,-128.88014509499078,31,2
2012-07-19 11:47:02.126243+00:00,14.64,30.7,40.0,4100.068905084046,19.773675869086553,-128.87576449183302,30,3
2012-07-19 11:48:02.126243+00:00,14.64,30.7,40.0,4100.068905084046,19.773675869086553,-128.87576449183302,30,3
2012-07-19 11:49:02.126243+00:00,14.66,30.74,40.0,4100.068905084046,19.773675869086553,-128.87576449183302,30,2
2012-07-19 11:50:02.126243+00:00,14.66,30.74,40.0,4251.510326292033,19.77586617066544,-128.87138388867527,29,2
2012-07-19 11:51:02.126243+00:00,14.62,30.66,40.0,4414.66761551032,19.780924662413597,-128.86126690517895,28,2
2012-07-19 11:52:02.126243+00:00,14.49,30.41,40.0,4577.824904728605,19.78598315416175,-128.85114992168263,27,2
2012-07-19 11:53:02.126243+00:00,14.15,29.73,40.0,4339.648205352586,19.94102434411885,-128.54106754176843,24,2
2012-07-22 14:06:02.125663+00:00,7.43,16.16,24.61,1613.1280942009464,17.028732495748947,-132.58083534934104,3,1
2012-07-22 14:07:02.125663+00:00,7.25,15.79,24.05,1710.8240003124506,17.16583187738579,-132.30663658606736,6,2
2012-07-22 14:16:02.125663+00:00,25.69,40.0,40.0,2319.1522734829164,18.386050975308457,-129.866198390222,26,2
2012-07-22 14:17:02.125663+00:00,25.57,40.0,40.0,2319.1522734829164,18.414933272676876,-129.8084337954852,26,2
2012-07-22 14:18:02.125663+00:00,25.69,40.0,40.0,2371.1149886770377,18.42937963536163,-129.77954107011567,25,2
2012-07-22 14:19:02.125663+00:00,25.69,40.0,40.0,2371.1149886770377,18.42937963536163,-129.77954107011567,25,3
2012-07-22 14:20:02.125663+00:00,25.69,40.0,40.0,2319.1522734829164,18.414933272676876,-129.8084337954852,26,2
2012-07-22 14:21:02.125663+00:00,25.69,40.0,40.0,2319.1522734829164,18.414933272676876,-129.8084337954852,26,2
2012-07-22 14:22:02.125663+00:00,25.69,40.0,40.0,2319.1522734829164,18.414933272676876,-129.8084337954852,26,4
2012-07-22 14:23:02.125663+00:00,25.69,40.0,40.0,2319.1522734829164,18.414933272676876,-129.8084337954852,26,1
2012-07-22 14:24:02.125663+00:00,25.69,40.0,40.0,2319.1522734829164,18.414933272676876,-129.8084337954852,26,2
2012-07-22 14:25:02.125663+00:00,25.73,40.0,40.0,2319.1522734829164,18.414933272676876,-129.8084337954852,26,3
2012-07-22 14:26:02.125663+00:00,25.73,40.0,40.0,2319.1522734829164,18.414933272676876,-129.8084337954852,26,1
2012-07-22 14:27:02.125663+00:00,25.89,40.0,40.0,2609.1744670152516,18.463406820936143,-129.71148669896664,23,1
2012-07-22 14:30:02.125663+00:00,26.31,40.0,40.0,2847.568090717008,18.5898543580675,-129.4585916247039,17,1
2012-07-23 00:38:02.125581+00:00,5.7,12.55,19.15,3609.296789568288,16.996281630569854,-130.98327461195703,16,1
2012-07-23 00:40:02.125581+00:00,5.69,12.52,19.1,3609.296789568288,16.996281630569854,-130.98327461195703,18,2
2012-07-23 00:43:02.125581+00:00,5.7,12.55,19.15,3315.610006248273,16.85685677871008,-131.26212431567657,20,3
2012-07-23 00:44:02.125581+00:00,5.7,12.55,19.15,3315.610006248273,16.85685677871008,-131.26212431567657,20,2
2012-07-23 00:45:02.125581+00:00,5.56,12.26,18.71,3461.481205364089,16.940827738356486,-131.09418239638376,21,2
2012-07-23 00:46:02.125581+00:00,5.49,12.09,18.46,3461.481205364089,17.051735522783225,-130.87236682753027,23,2
2012-07-23 00:47:02.125581+00:00,5.47,12.06,18.41,3315.610006248273,16.996281630569854,-130.98327461195703,26,3
2012-07-23 00:48:02.125581+00:00,5.38,11.86,18.11,3609.296789568288,17.126538515660343,-130.72276084177605,26,2
2012-07-23 00:50:02.125581+00:00,5.3,11.7,17.86,3609.296789568288,16.996281630569854,-130.98327461195703,28,2
2012-07-23 00:51:02.125581+00:00,5.44,12.0,18.31,3169.7388071324567,17.201341508537457,-130.5731548560218,29,1
2012-07-23 00:55:02.125581+00:00,5.44,12.0,18.31,3100.178326843838,17.368241400257624,-130.23935507258147,29,2
2012-07-23 00:56:02.125581+00:00,5.41,11.93,18.21,3100.178326843838,17.368241400257624,-130.23935507258147,29,2
2012-07-23 00:57:02.125581+00:00,5.33,11.77,17.96,3017.22458929845,16.92163672189904,-131.13256442929864,27,3
2012-07-23 00:58:02.125581+00:00,35.02,40.0,40.0,2556.902278547851,16.92163672189904,-131.13256442929864,27,1
2012-07-23 00:59:02.125581+00:00,34.95,40.0,40.0,2483.5478393439507,16.847261270481354,-131.281315332134,26,1
2012-07-23 01:00:02.125581+00:00,35.44,40.0,40.0,2749.933067449473,17.063010728230875,-130.84981641663495,28,2
2012-07-23 01:01:02.125581+00:00,4.52,10.03,15.33,3017.22458929845,17.368241400257624,-130.23935507258147,27,2
2012-07-23 01:02:02.125581+00:00,4.76,10.55,16.12,3047.103576421859,17.434717644615773,-130.1064025838652,30,2
2012-07-23 01:03:02.125581+00:00,12.12,25.67,38.94,3088.5804451945532,17.512151671776177,-129.95153452954435,32,2
2012-07-23 01:05:02.125581+00:00,13.34,28.1,40.0,3104.2729006664285,17.646733292440054,-129.6823712882166,35,1
2012-07-23 01:06:02.125581+00:00,13.76,28.94,40.0,3210.63299845411,17.646733292440054,-129.6823712882166,37,2
2012-07-23 01:07:02.125581+00:00,13.76,28.94,40.0,3348.450382831231,17.646733292440054,-129.6823712882166,37,2
2012-07-23 01:08:02.125581+00:00,13.82,29.06,40.0,3279.5416906426703,17.605332290743377,-129.76517329160998,38,1
2012-07-23 01:09:02.125581+00:00,13.84,29.1,40.0,3341.7604969967197,17.67299024876662,-129.62985737556346,40,2
2012-07-23 01:10:02.125581+00:00,13.47,28.37,40.0,3341.7604969967197,17.734845191346764,-129.50614749040318,40,2
2012-07-23 01:11:02.125581+00:00,13.51,28.44,40.0,3348.450382831231,17.646733292440054,-129.6823712882166,41,1
2012-07-23 01:12:02.125581+00:00,13.39,28.21,40.0,3348.450382831231,17.646733292440054,-129.6823712882166,39,3
2012-07-23 01:13:02.125581+00:00,13.39,28.21,40.0,3348.450382831231,17.646733292440054,-129.6823712882166,39,2
2012-07-23 01:14:02.125581+00:00,13.37,28.17,40.0,3348.450382831231,17.646733292440054,-129.6823712882166,39,2
2012-07-23 01:15:02.125581+00:00,13.39,28.21,40.0,3698.4232587705865,17.67299024876662,-129.62985737556346,38,3
2012-07-23 01:16:02.125581+00:00,13.39,28.21,40.0,4061.775906378963,17.699247205093187,-129.5773434629103,37,3
2012-07-23 01:17:02.125581+00:00,13.39,28.21,40.0,4265.487344218636,17.734845191346764,-129.50614749040318,36,3
2012-07-23 01:18:02.125581+00:00,13.41,28.25,40.0,4575.236421319265,17.77455207306263,-129.42673372697146,34,3
2012-07-23 01:19:02.125581+00:00,13.39,28.21,40.0,4575.236421319265,17.77455207306263,-129.42673372697146,34,2
2012-07-23 01:20:02.125581+00:00,13.37,28.17,40.0,4681.274060580221,17.77044317760034,-129.43495151789602,31,2
2012-07-23 01:21:02.125581+00:00,13.35,28.14,40.0,4575.236421319265,17.734845191346764,-129.50614749040318,30,3
2012-07-23 01:22:02.125581+00:00,13.35,28.14,40.0,4469.19878205831,17.646733292440054,-129.6823712882166,27,1
2012-07-23 01:24:02.125581+00:00,13.55,28.52,40.0,3335.070611162209,17.0570107330742,-130.86181640694832,23,1
2012-07-23 01:25:02.125581+00:00,13.58,28.6,40.0,3295.8455329001117,16.919805119167098,-131.13622763476252,21,1
2012-07-23 01:37:02.125581+00:00,17.76,36.92,40.0,2253.072324167246,15.305806942962615,-134.3642239871715,11,1
2012-07-23 01:38:02.125581+00:00,17.42,36.24,40.0,2160.970512270535,15.191190784052727,-134.59345630499126,14,1
2012-07-23 01:40:02.125581+00:00,7.76,16.84,25.64,2183.159147921261,15.230211296281222,-134.51541528053428,17,2
2012-07-23 01:42:02.125581+00:00,7.92,17.15,26.11,2218.115736044253,15.221328408708702,-134.53318105567934,20,1
2012-07-23 01:44:02.125581+00:00,7.99,17.3,26.34,2253.072324167246,15.230211296281222,-134.51541528053428,21,2
2012-07-23 01:45:02.125581+00:00,7.98,17.27,26.3,2253.072324167246,15.230211296281222,-134.51541528053428,21,2
2012-07-23 01:46:02.125581+00:00,7.96,17.24,26.25,2253.072324167246,15.230211296281222,-134.51541528053428,21,2
2012-07-23 01:47:02.125581+00:00,7.98,17.27,26.3,2253.072324167246,15.230211296281222,-134.51541528053428,21,1
2012-07-23 01:48:02.125581+00:00,8.02,17.37,26.44,2421.669985991053,15.230211296281222,-134.51541528053428,21,3
2012-07-23 01:49:02.125581+00:00,8.05,17.43,26.53,2447.391723029102,15.221328408708702,-134.53318105567934,20,1
2012-07-23 01:50:02.125581+00:00,8.34,18.02,27.42,2421.669985991053,15.212445521136182,-134.55094683082436,19,2
2012-07-23 01:51:02.125581+00:00,8.05,17.43,26.53,2447.391723029102,15.2591262320494,-134.45758540899794,20,1
2012-07-23 01:52:02.125581+00:00,8.19,17.71,26.95,2473.113460067152,15.212445521136182,-134.55094683082436,19,1
2012-07-23 01:54:02.125581+00:00,8.16,17.65,26.86,2473.113460067152,15.212445521136182,-134.55094683082436,19,1
2012-07-23 01:58:02.125581+00:00,8.39,18.11,27.56,2703.5880012293064,15.49360938926751,-133.9886190945617,10,1
2012-07-23 02:00:02.125581+00:00,25.22,40.0,40.0,2692.020416967145,15.463126339688715,-134.04958519371928,7,1
2012-07-23 02:01:02.125581+00:00,6.95,15.17,23.11,2582.016746574928,15.463126339688715,-134.04958519371928,5,1
2012-07-23 05:49:02.125581+00:00,6.55,14.32,21.84,2424.0182097653,13.172192177674416,-138.63145351774787,3,1
2012-07-23 05:56:02.125581+00:00,3.98,8.86,13.55,4341.7438989631255,14.171265635924849,-136.63330660124703,3,1
2012-07-23 06:05:02.125581+00:00,2.46,5.54,8.48,6314.753362154337,15.310554117455045,-134.35472963818663,3,1
2012-07-23 06:14:02.125581+00:00,0.01,0.02,0.02,11174.313260491655,16.00914302178665,-132.95755182952342,4,1
2012-07-23 06:19:02.125581+00:00,0.0,0.02,0.02,14560.95096722279,16.480482988928586,-132.01487189523954,3,1
2012-07-23 06:24:02.125581+00:00,0.01,0.03,0.08,21275.26429829415,17.341360323434813,-130.29311722622708,4,1
2012-07-23 06:31:02.125581+00:00,0.0,0.01,0.02,14560.95096722279,16.480482988928586,-132.01487189523954,3,1
2012-07-23 18:15:02.125498+00:00,8.6,18.55,28.22,3894.34914826628,15.083368436848176,-141.26444458013964,3,1
2012-07-23 18:21:02.125498+00:00,8.46,18.27,27.8,3822.89987417279,14.94224778539914,-141.54668588303772,4,1
2012-07-23 18:25:02.125498+00:00,8.26,17.86,27.19,3894.34914826628,15.083368436848176,-141.26444458013964,3,1
2012-07-23 18:30:02.125498+00:00,8.28,17.9,27.23,3894.34914826628,15.083368436848176,-141.26444458013964,3,1
2012-07-23 19:24:02.125498+00:00,5.58,12.29,18.76,8334.799270427939,16.34929219801019,-138.7325970578156,3,1
2012-07-23 19:31:02.125498+00:00,5.55,12.22,18.66,7669.519841090163,16.305702026579347,-138.8197774006773,5,1
2012-07-23 19:36:02.125498+00:00,5.19,11.47,17.51,5977.576052635564,15.799976269413303,-139.83122891500938,4,1
2012-07-23 19:40:02.125498+00:00,5.11,11.3,17.26,5583.900627242676,15.635536023313271,-140.16010940720946,5,1
2012-07-23 19:44:02.125498+00:00,4.91,10.86,16.59,4355.766266855454,15.33102725119916,-140.76912695143767,4,1
2012-07-23 19:49:02.125498+00:00,4.49,9.96,15.22,3283.851006604324,14.931273450718042,-141.5686345523999,4,1
2012-07-23 19:55:02.125498+00:00,4.63,10.28,15.7,3889.8090183730055,15.066216161719264,-141.29874913039748,4,1
2012-07-23 20:00:02.125498+00:00,4.71,10.45,15.96,4339.547930005595,15.296403901087496,-140.83837365166102,3,1
2012-07-23 20:05:02.125498+00:00,4.7,10.42,15.91,4488.332020617621,15.310643682941471,-140.80989408795307,4,1
2012-07-23 20:10:02.125498+00:00,4.76,10.55,16.12,5182.39672845865,15.787751864896656,-139.8556777240427,4,1
2012-07-23 20:16:02.125498+00:00,4.86,10.76,16.43,7390.231009790819,16.32623504905589,-138.77871135572423,3,1
2012-07-23 20:22:02.125498+00:00,6.59,14.42,21.98,7938.680682608159,16.458417181878286,-138.51434709007944,3,1
2012-07-23 20:27:02.125498+00:00,7.0,15.26,23.25,7938.680682608159,16.458417181878286,-138.51434709007944,3,1
2012-07-23 20:33:02.125498+00:00,7.01,15.29,23.3,6393.656065652085,15.946273547329945,-139.53863435917611,4,1
2012-07-23 20:37:02.125498+00:00,7.06,15.38,23.44,5668.3305589230295,15.744801095683496,-139.94157926246902,3,1
2012-07-23 20:42:02.125498+00:00,7.34,15.97,24.33,5602.041403716595,15.557607857372414,-140.31596573909118,5,1
2012-07-23 20:47:02.125498+00:00,7.81,16.93,25.78,5518.093548224259,15.552563190368446,-140.3260550730991,4,1
2012-07-23 20:52:02.125498+00:00,8.04,17.4,26.48,5053.706529467164,15.37561908661896,-140.67994328059808,3,1
2012-07-23 20:57:02.125498+00:00,8.17,17.68,26.9,3293.015522051872,14.369634456839645,-142.69191254015672,5,1
2012-07-23 21:03:02.125498+00:00,8.68,18.71,28.46,2645.219239358243,14.148724926324922,-143.13373160118616,3,1
2012-07-23 21:07:02.125498+00:00,9.09,19.56,29.74,2388.490154854496,13.95990575487226,-143.51136994409148,4,1
2012-07-24 02:28:02.125416+00:00,40.0,40.0,40.0,5785.619687474849,18.636529651363396,-129.8932823321411,4,1
2012-07-24 02:29:02.125416+00:00,40.0,40.0,40.0,5785.619687474849,18.636529651363396,-129.8932823321411,4,3
2012-07-27 10:26:02.124920+00:00,8.45,18.24,27.75,2442.8371524751237,13.46368327215577,-142.1884904553551,3,1
2012-07-27 10:45:02.124920+00:00,6.94,15.13,23.06,2442.8371524751237,14.06166387312922,-140.99252925340815,3,1
2012-07-27 11:22:02.124920+00:00,6.82,14.89,22.69,2556.6610879883706,13.847808075797376,-141.42024084807184,3,1
2012-07-27 11:29:02.124920+00:00,8.28,17.9,27.23,2590.462566863748,14.01150634607616,-141.09284430751427,4,1
2012-07-27 11:34:02.124920+00:00,8.34,18.02,27.42,2624.2640457391262,14.17520461635494,-140.76544776695673,3,1
2012-07-27 11:38:02.124920+00:00,8.14,17.62,26.81,2818.842200891717,14.278512390064336,-140.55883221953792,4,1
2012-07-27 11:46:02.124920+00:00,8.85,19.05,28.98,2624.2640457391262,14.17520461635494,-140.76544776695673,3,1
2012-07-27 11:51:02.124920+00:00,7.1,15.48,23.58,2226.5826037001557,13.74307081294394,-141.6297153737787,4,1
2012-07-27 11:56:02.124920+00:00,7.28,15.85,24.14,2188.887797516428,13.590232588154043,-141.93539182335851,3,1
2012-07-27 12:41:02.124837+00:00,7.19,15.66,23.86,1819.7592740667264,12.728885123745478,-141.58698512593932,3,1
2012-07-27 16:37:02.124837+00:00,6.22,13.63,20.79,2823.52723640708,13.573706215010525,-139.89734294340923,3,1
2012-07-27 16:46:02.124837+00:00,6.25,13.7,20.89,2823.52723640708,13.573706215010525,-139.89734294340923,3,1
2012-07-27 16:54:02.124837+00:00,5.67,12.48,19.05,2823.52723640708,13.573706215010525,-139.89734294340923,3,1
2012-07-27 17:02:02.124837+00:00,5.5,12.13,18.51,3168.498060116225,13.693379514349216,-139.65799634473183,3,1
2012-07-27 17:11:02.124837+00:00,5.39,11.9,18.16,3300.1868778096964,13.693379514349216,-139.65799634473183,3,1
2012-07-27 17:19:02.124837+00:00,6.1,13.38,20.41,3411.5438592916253,13.981366810586524,-139.08202175225722,3,1
2012-07-27 17:26:02.124837+00:00,6.8,14.85,22.64,3411.5438592916253,13.981366810586524,-139.08202175225722,3,1
2012-07-27 17:35:02.124837+00:00,6.83,14.92,22.73,3411.5438592916253,13.981366810586524,-139.08202175225722,3,1
2012-07-28 07:52:02.124755+00:00,7.43,16.16,24.61,3120.6860292570113,13.719279372163712,-142.48158429352043,3,1
2012-07-28 08:02:02.124755+00:00,7.61,16.53,25.17,3120.6860292570113,14.164342161927674,-141.5914587139925,3,1
2012-07-28 08:11:02.124755+00:00,7.42,16.13,24.56,3552.617994327298,14.30472364875214,-141.31069574034356,3,1
2012-07-28 08:38:02.124755+00:00,7.72,16.75,25.5,2985.2283346346244,14.56499141254291,-140.79016021276203,3,1
2012-07-28 10:34:02.124755+00:00,7.18,15.63,23.81,2673.705100134037,13.511638022035566,-142.8968669937767,3,1
2012-07-28 11:38:02.124755+00:00,5.39,11.9,18.16,3614.8257319894738,14.411624330363944,-141.09689437711995,3,1
2012-07-28 11:43:02.124755+00:00,4.99,11.03,16.85,3614.8257319894738,14.411624330363944,-141.09689437711995,3,1
2012-07-28 13:15:02.124672+00:00,5.35,11.8,18.01,2880.529728728779,14.208463265641626,-141.6005869018547,3,1
2012-07-28 13:24:02.124672+00:00,5.66,12.45,19.0,4407.255773796698,15.14709388035324,-139.72332567243149,3,1
2012-07-28 13:30:02.124672+00:00,5.82,12.81,19.54,4114.90242645203,15.07625842023814,-139.86499659266167,4,1
2012-07-28 13:34:02.124672+00:00,6.14,13.47,20.55,3757.7181494063393,15.029200428863358,-139.95911257541127,4,1
2012-07-28 13:38:02.124672+00:00,6.16,13.51,20.6,3822.5490791073616,15.00542296012304,-140.00666751289188,5,1
2012-07-28 13:42:02.124672+00:00,6.2,13.6,20.74,3822.5490791073616,15.00542296012304,-140.00666751289188,5,1
2012-07-28 13:46:02.124672+00:00,6.17,13.54,20.65,3822.5490791073616,15.00542296012304,-140.00666751289188,5,1
2012-07-28 13:50:02.124672+00:00,6.19,13.57,20.69,4126.170829063266,15.028160285161576,-139.9611928628148,4,1
2012-07-28 13:55:02.124672+00:00,6.13,13.44,20.5,4409.5847225870675,15.039512242978557,-139.93848894718084,4,1
2012-07-28 14:02:02.124672+00:00,5.84,12.84,19.59,4364.510207047759,15.075681813237638,-139.8661498066627,3,1
2012-07-28 14:08:02.124672+00:00,5.92,13.0,19.83,4071.8180281344703,15.086775659325289,-139.8439621144874,4,1
2012-07-28 14:12:02.124672+00:00,5.78,12.71,19.39,3896.6987692014777,15.01728254073578,-139.98294835166638,4,1
2012-07-28 14:16:02.124672+00:00,5.78,12.71,19.39,3779.125849221182,14.936695576058629,-140.1441222810207,5,1
2012-07-28 14:21:02.124672+00:00,5.86,12.87,19.64,3747.1521634392298,14.927756692774665,-140.16200004758863,4,1
2012-07-28 14:25:02.124672+00:00,5.95,13.06,19.93,3864.725083419525,14.927756692774665,-140.16200004758863,4,1
2012-07-28 14:32:02.124672+00:00,6.88,15.01,22.88,3630.219587999903,14.941848312804964,-140.13381680752804,4,1
2012-07-28 14:35:02.124672+00:00,6.82,14.89,22.69,3545.2606983425285,14.96487881611923,-140.0877558008995,5,1
2012-07-28 14:40:02.124672+00:00,6.86,14.98,22.83,3383.50638307682,15.07189044765418,-139.8737325378296,4,1
2012-07-28 14:44:02.124672+00:00,6.77,14.79,22.55,3221.7520678111114,14.96487881611923,-140.0877558008995,3,1
2012-07-28 15:23:02.124672+00:00,7.96,17.24,26.25,1803.6116262277224,13.451781049415109,-143.11395133430776,3,1
2012-07-28 15:26:02.124672+00:00,8.11,17.55,26.72,1768.5617354264589,13.327035809790248,-143.36344181355747,4,1
2012-07-28 15:31:02.124672+00:00,8.16,17.65,26.86,1768.5617354264589,13.327035809790248,-143.36344181355747,4,1
2012-07-28 15:35:02.124672+00:00,8.13,17.58,26.76,1803.6116262277224,13.451781049415109,-143.11395133430776,3,1
2012-07-28 15:46:02.124672+00:00,7.31,15.91,24.24,2299.548878704258,13.933048351680611,-142.15141672977674,3,1
2012-07-28 15:50:02.124672+00:00,7.31,15.91,24.24,2756.336888800324,14.23871257190392,-141.54008828933013,4,1
2012-07-28 15:54:02.124672+00:00,7.16,15.6,23.77,3213.124898896389,14.544376792127231,-140.9287598488835,5,1
2012-07-28 15:59:02.124672+00:00,6.52,14.26,21.74,3265.225146975484,14.801772043259572,-140.4139693466188,5,1
2012-07-28 16:04:02.124672+00:00,6.29,13.79,21.03,3315.2927332655377,14.927600842445337,-140.16231174824728,5,1
2012-07-28 16:07:02.124672+00:00,6.31,13.82,21.08,3655.698511412955,15.076008394091216,-139.86549664495553,4,1
2012-07-28 16:12:02.124672+00:00,6.26,13.73,20.93,4027.975687184153,15.051147755508891,-139.91521792212018,4,1
2012-07-28 16:17:02.124672+00:00,6.22,13.63,20.79,4027.975687184153,15.051147755508891,-139.91521792212018,4,1
2012-07-28 16:26:02.124672+00:00,6.19,13.57,20.69,4059.847084807933,14.877879565280692,-140.26175430257658,3,1
2012-07-28 16:31:02.124672+00:00,6.2,13.6,20.74,4745.193007432894,15.191749249338136,-139.63401493446167,3,1
2012-07-28 16:38:02.124672+00:00,6.23,13.66,20.84,4745.193007432894,15.585685509425073,-138.8461424142878,3,1
2012-07-28 16:43:02.124672+00:00,6.5,14.23,21.7,4568.182583851823,15.585685509425073,-138.8461424142878,3,1
2012-07-28 16:48:02.124672+00:00,6.28,13.76,20.98,4279.913402965724,15.077146198086332,-139.86322103696529,3,1
2012-07-28 16:54:02.124672+00:00,5.96,13.09,19.97,4204.7591103183,15.063552374647667,-139.89040868384262,3,1
2012-07-28 17:01:02.124672+00:00,5.75,12.65,19.29,3725.044706943346,14.994142981590567,-140.02922746995682,3,1
2012-07-28 18:16:02.124672+00:00,5.72,12.58,19.2,4055.3983690968967,15.14139082260028,-139.73473178793742,3,1
2012-07-28 19:15:02.124672+00:00,7.07,15.41,23.49,3824.1929595244583,14.709121744890126,-140.5992699433577,3,1
2012-07-28 19:21:02.124672+00:00,7.06,15.38,23.44,4190.743978389471,14.845297537939228,-140.3269183572595,4,1
2012-07-28 19:25:02.124672+00:00,7.04,15.35,23.39,4557.294997254483,14.98147333098833,-140.05456677116132,3,1
2012-07-28 19:30:02.124672+00:00,7.06,15.38,23.44,4544.224612373195,15.13233217514448,-139.75284908284902,4,1
2012-07-28 19:37:02.124672+00:00,6.95,15.17,23.11,4773.380002466218,15.319855267387911,-139.37780289836212,4,1
2012-07-28 19:42:02.124672+00:00,6.89,15.04,22.92,4773.581041664518,15.319855267387911,-139.37780289836212,4,1
2012-07-28 19:47:02.124672+00:00,6.67,14.57,22.22,5067.073429697985,15.472167299883022,-139.0731788333719,4,1
2012-07-28 19:50:02.124672+00:00,6.55,14.32,21.84,5118.139003558839,15.587815084290847,-138.84188326455626,5,1
2012-07-28 19:55:02.124672+00:00,6.28,13.76,20.98,5319.011459345755,15.587815084290847,-138.84188326455626,5,1
2012-07-28 20:00:02.124672+00:00,5.75,12.65,19.29,5319.011459345755,15.587815084290847,-138.84188326455626,5,1
2012-07-28 20:04:02.124672+00:00,5.43,11.96,18.26,5319.011459345755,15.456913626710806,-139.10368617971636,5,1
2012-07-28 20:09:02.124672+00:00,5.21,11.5,17.56,4673.458471942515,15.456913626710806,-139.10368617971636,5,1
2012-07-28 20:13:02.124672+00:00,5.13,11.33,17.31,4634.894421761443,15.388748814638353,-139.24001580386127,4,1
2012-07-28 20:17:02.124672+00:00,5.08,11.23,17.15,4596.3303715803695,15.320584002565896,-139.37634542800618,3,1
2012-07-28 21:13:02.124672+00:00,4.88,10.79,16.49,3491.82096377284,14.773588554867189,-140.4703363234036,3,1
2012-07-28 21:17:02.124672+00:00,4.92,10.9,16.64,4061.293812448911,15.152229676028393,-139.71305408108117,4,1
2012-07-28 21:21:02.124672+00:00,5.08,11.23,17.15,4479.580884082391,15.321713214147826,-139.3740870048423,5,1
2012-07-28 21:26:02.124672+00:00,5.22,11.53,17.61,4479.580884082391,15.321713214147826,-139.3740870048423,5,1
2012-07-28 21:30:02.124672+00:00,5.47,12.06,18.41,4630.7666611249815,15.530870797189596,-138.95577183875878,5,1
2012-07-28 21:34:02.124672+00:00,5.95,13.06,19.93,4630.7666611249815,15.530870797189596,-138.95577183875878,5,1
2012-07-28 21:38:02.124672+00:00,6.13,13.44,20.5,5366.472289086061,15.605661393169662,-138.80619064679863,5,1
2012-07-28 21:42:02.124672+00:00,6.22,13.63,20.79,5366.472289086061,15.605661393169662,-138.80619064679863,5,1
2012-07-28 21:46:02.124672+00:00,6.41,14.04,21.41,5540.484768097276,15.607146099364508,-138.80322123440894,5,1
2012-07-28 21:51:02.124672+00:00,6.62,14.48,22.07,5540.484768097276,15.607146099364508,-138.80322123440894,5,1
2012-07-28 21:55:02.124672+00:00,6.82,14.89,22.69,5124.7958400800235,15.421576369151904,-139.17436069483415,5,1
2012-07-28 21:59:02.124672+00:00,7.09,15.44,23.53,4356.536820279754,15.092901893079294,-139.83170964697936,5,1
2012-07-28 22:03:02.124672+00:00,7.07,15.41,23.49,4356.536820279754,15.018434324765796,-139.98064478360638,5,1
2012-07-28 22:07:02.124672+00:00,8.43,18.21,27.7,4124.54657654634,14.954202221679171,-140.1091089897796,5,1
2012-07-28 22:11:02.124672+00:00,8.75,18.87,28.7,3981.615217548067,14.810960292469597,-140.39559284819876,5,1
2012-07-28 22:15:02.124672+00:00,8.78,18.93,28.79,3759.033832796176,14.795851643707763,-140.42581014572244,5,1
2012-07-28 22:20:02.124672+00:00,8.94,19.24,29.27,3705.441959434293,14.67812420938634,-140.66126501436528,5,1
2012-07-28 22:24:02.124672+00:00,8.91,19.18,29.17,3288.4022478969036,14.387836452359704,-141.24184052841855,5,1
2012-07-28 22:29:02.124672+00:00,8.65,18.65,28.36,2757.004654849715,14.039804185053168,-141.93790506303162,4,1
2012-07-29 14:09:02.124506+00:00,7.45,16.19,24.66,2854.2493562928407,13.932359420808606,-142.7372290558474,3,1
2012-07-29 14:15:02.124506+00:00,6.73,14.7,22.4,4228.767114332431,14.768179915237594,-141.06558806698942,3,1
2012-07-29 14:23:02.124506+00:00,6.19,13.57,20.69,4439.1390223185645,14.768179915237594,-141.06558806698942,3,1
2012-07-29 15:13:02.124506+00:00,6.43,14.07,21.46,4528.127663168365,14.928744303379087,-140.7444592907064,3,1
2012-07-29 15:21:02.124506+00:00,6.68,14.61,22.26,4212.953858143846,14.892108935651962,-140.81773002616066,4,1
2012-07-29 15:24:02.124506+00:00,6.71,14.67,22.36,3897.780053119328,14.855473567924832,-140.89100076161492,3,1
2012-07-29 15:29:02.124506+00:00,6.67,14.57,22.22,3915.908843274427,14.816268254365962,-140.96941138873268,4,1
2012-07-29 15:37:02.124506+00:00,6.97,15.2,23.16,3934.037633429527,14.777062940807092,-141.0478220158504,3,1
2012-07-29 15:43:02.124506+00:00,6.79,14.82,22.59,4695.632095678222,14.956343152483065,-140.6892615924985,3,1
2012-07-29 15:50:02.124506+00:00,6.5,14.23,21.7,4862.026513478784,14.981517891268194,-140.63891211492822,3,1
2012-07-29 15:57:02.124506+00:00,5.95,13.06,19.93,4695.632095678222,14.990563848750549,-140.6208201999635,3,1
2012-07-29 16:05:02.124506+00:00,6.05,13.28,20.26,4195.967004225077,15.031661227804165,-140.53862544185623,3,1
2012-07-29 16:13:02.124506+00:00,6.67,14.57,22.22,4188.478558932262,14.996377719352637,-140.6091924587593,4,1
2012-07-29 16:19:02.124506+00:00,6.95,15.17,23.11,3856.9266331708886,14.71248514061644,-141.1769776162317,4,1
2012-07-29 16:22:02.124506+00:00,7.07,15.41,23.49,3517.8862621167004,14.422778691278156,-141.75639051490828,5,1
2012-07-29 16:25:02.124506+00:00,7.0,15.26,23.25,3309.7809561385047,14.20788509330578,-142.18617771085303,4,1
2012-07-29 16:31:02.124506+00:00,8.17,17.68,26.9,2704.012128156725,13.933708548427363,-142.73453080060986,5,1
2012-07-29 16:36:02.124506+00:00,8.6,18.55,28.22,2085.72249100303,13.53086590163726,-143.54021609419007,4,1
2012-07-29 16:40:02.124506+00:00,8.68,18.71,28.46,2085.72249100303,13.53086590163726,-143.54021609419007,4,1
2012-07-29 16:46:02.124506+00:00,8.8,18.96,28.84,2030.9366974393508,13.34150202045459,-143.91894385655542,3,1
2012-07-29 19:34:02.124506+00:00,33.68,40.0,40.0,6221.123465232127,21.26540662474451,-128.07113464797558,5,1
2012-07-29 19:35:02.124506+00:00,33.68,40.0,40.0,6221.123465232127,21.26540662474451,-128.07113464797558,5,3
2012-07-29 19:36:02.124506+00:00,33.68,40.0,40.0,6221.123465232127,21.26540662474451,-128.07113464797558,5,1
2012-07-29 20:35:02.124506+00:00,18.89,39.16,40.0,1564.673911785675,12.891211733590378,-144.81952443028385,3,1
2012-07-29 20:39:02.124506+00:00,19.03,39.42,40.0,1780.9804905901833,12.95692712401679,-144.68809364943104,4,1
2012-07-29 20:47:02.124506+00:00,18.14,37.67,40.0,1826.6539849958988,13.022642514443202,-144.5566628685782,3,1
2012-07-29 20:48:02.124506+00:00,18.5,38.38,40.0,1826.6539849958988,13.022642514443202,-144.5566628685782,3,1
2012-07-31 01:44:02.124259+00:00,5.11,11.3,17.26,5349.639051255908,15.490028863851338,-136.05372178507253,3,1
2012-07-31 04:01:02.124259+00:00,5.56,12.26,18.71,5273.439507485952,15.147677410758774,-136.73842469125765,3,1
2012-07-31 04:07:02.124259+00:00,5.82,12.81,19.54,5273.439507485952,15.151770584787688,-136.73023834319983,3,1
2012-07-31 04:16:02.124259+00:00,6.86,14.98,22.83,4817.032838019102,15.147677410758774,-136.73842469125765,3,1
2012-07-31 13:17:02.124176+00:00,7.01,15.29,23.3,2432.5652034489667,13.111103636641744,-141.07994167226477,3,1
2012-07-31 13:22:02.124176+00:00,6.52,14.26,21.74,3235.8867998658247,13.657575006042835,-139.9869989334626,3,1
2012-07-31 13:27:02.124176+00:00,6.53,14.29,21.79,2935.154695413306,13.534398877704731,-140.2333511901388,4,1
2012-07-31 13:34:02.124176+00:00,6.16,13.51,20.6,3180.306518609653,13.657575006042835,-139.9869989334626,3,1
2012-07-31 13:39:02.124176+00:00,6.28,13.76,20.98,3180.306518609653,13.755026875084672,-139.79209519537892,3,1
2012-07-31 13:46:02.124176+00:00,6.2,13.6,20.74,3237.32417629796,13.755026875084672,-139.79209519537892,3,1
2012-07-31 13:51:02.124176+00:00,6.1,13.38,20.41,3237.32417629796,13.753903575109724,-139.79434179532882,3,1
2012-07-31 23:49:02.124176+00:00,14.64,30.7,40.0,1717.3388053075737,14.339593121260306,-138.62296270302767,5,2
2012-07-31 23:50:02.124176+00:00,14.66,30.74,40.0,1717.3388053075737,14.339593121260306,-138.62296270302767,5,1
2012-07-31 23:51:02.124176+00:00,14.7,30.82,40.0,1717.3388053075737,14.339593121260306,-138.62296270302767,5,1
2012-07-31 23:54:02.124176+00:00,7.54,16.37,24.94,1717.3388053075737,14.339593121260306,-138.62296270302767,5,1
2012-08-01 00:22:02.124094+00:00,15.87,33.15,40.0,1849.12576111788,13.70275583641054,-136.45029417931616,3,1
2012-08-01 00:27:02.124094+00:00,16.5,34.41,40.0,1907.104466685343,13.334012755544215,-137.1877803410488,4,1
2012-08-01 00:28:02.124094+00:00,16.62,34.64,40.0,1907.104466685343,13.334012755544215,-137.1877803410488,4,1
2012-08-01 00:35:02.124094+00:00,1.28,2.9,4.45,2000.2412277236172,13.292181476159293,-137.27144289981865,4,1
2012-08-01 00:40:02.124094+00:00,5.3,11.7,17.86,2279.196354938037,13.474331299060884,-136.90714325401547,3,1
2012-08-01 00:47:02.124094+00:00,5.36,11.83,18.06,2279.196354938037,13.474331299060884,-136.90714325401547,3,1
2012-08-01 00:53:02.124094+00:00,6.56,14.36,21.88,2148.161399516796,13.143525023560525,-137.5687558050162,3,1
2012-08-01 01:09:02.124094+00:00,8.39,18.11,27.56,2897.362542508248,13.229228236664822,-137.39734937880758,4,1
2012-08-01 01:13:02.124094+00:00,7.95,17.21,26.2,2978.0136655379247,13.232894176828191,-137.39001749848083,3,1
2012-08-01 01:19:02.124094+00:00,8.36,18.05,27.47,3054.161778326442,13.232894176828191,-137.39001749848083,3,1
2012-08-01 01:23:02.124094+00:00,8.72,18.8,28.6,3229.2690219322403,13.60902296403676,-136.63775992406372,4,1
2012-08-01 01:32:02.124094+00:00,8.99,19.34,29.41,3871.921471034248,14.03808343398252,-135.7796389841722,3,1
2012-08-01 01:38:02.124094+00:00,9.34,20.07,30.51,3871.921471034248,14.105246030047354,-135.64531379204251,3,1
2012-08-01 01:42:02.124094+00:00,9.49,20.35,30.94,3871.921471034248,14.105246030047354,-135.64531379204251,3,1
2012-08-01 02:15:02.124094+00:00,7.42,16.13,24.56,2106.299097786326,12.401747372133052,-139.05231110787113,3,1
2012-08-01 02:20:02.124094+00:00,7.55,16.41,24.98,2079.5901294084324,12.372379637551552,-139.11104657703413,4,1
2012-08-01 02:24:02.124094+00:00,8.04,17.4,26.48,2052.8811610305393,12.343011902970057,-139.16978204619713,5,1
2012-08-01 02:28:02.124094+00:00,29.22,40.0,40.0,1856.3593714773683,12.140442485377084,-139.5749208813831,4,1
2012-08-01 02:32:02.124094+00:00,28.93,40.0,40.0,1606.419645168411,11.937873067784114,-139.98005971656903,3,1
2012-08-01 03:45:02.124094+00:00,6.65,14.54,22.17,3442.0578755442007,13.454677504555058,-136.94645084302712,3,1
2012-08-01 03:50:02.124094+00:00,6.73,14.7,22.4,3674.1645971549624,13.479463524005867,-136.8968788041255,4,1
2012-08-01 03:55:02.124094+00:00,7.15,15.57,23.72,3597.1379653121576,13.454677504555058,-136.94645084302712,3,1
2012-08-01 04:00:02.124094+00:00,7.07,15.41,23.49,3519.5979204281793,13.427007830470972,-137.0017901911953,4,1
2012-08-01 04:07:02.124094+00:00,7.09,15.44,23.53,3327.2063447545365,13.311107042129091,-137.23359176787906,3,1
2012-08-01 04:12:02.124094+00:00,6.94,15.13,23.06,2731.735505697325,12.906057226038694,-138.04369140005986,3,1
2012-08-01 04:17:02.124094+00:00,7.39,16.06,24.47,2635.936837853646,12.906057226038694,-138.04369140005986,5,1
2012-08-01 04:22:02.124094+00:00,7.52,16.34,24.89,2610.632158942707,12.840035305897691,-138.17573524034185,4,1
2012-08-01 04:27:02.124094+00:00,7.7,16.72,25.45,2590.2966972064896,12.840035305897691,-138.17573524034185,6,1
2012-08-01 04:32:02.124094+00:00,7.8,16.9,25.73,2544.6565565593332,12.77401338575669,-138.30777908062385,5,1
2012-08-01 04:34:02.124094+00:00,7.9,17.12,26.06,2354.920697010486,12.569948931804689,-138.71590798852787,4,1
2012-08-01 04:37:02.124094+00:00,5.5,12.13,18.51,3159.5931384917903,13.084698660423827,-137.6864085312896,4,1
2012-08-01 06:07:02.124094+00:00,7.76,16.84,25.64,1974.943417944445,12.228040506643914,-139.3997248388494,3,1
2012-08-01 06:12:02.124094+00:00,7.54,16.37,24.94,1966.9977830953503,12.24151319941003,-139.37277945331718,4,1
2012-08-01 06:17:02.124094+00:00,7.28,15.85,24.14,1959.052148246256,12.228040506643914,-139.3997248388494,5,1
2012-08-01 06:21:02.124094+00:00,7.12,15.51,23.63,1959.052148246256,12.228040506643914,-139.3997248388494,5,1
2012-08-01 06:25:02.124094+00:00,7.06,15.38,23.44,1892.7942243172408,12.149984095288753,-139.55583766155974,4,1
2012-08-01 06:30:02.124094+00:00,6.86,14.98,22.83,1767.4935447386924,12.093192100046084,-139.66942165204506,4,1
2012-08-01 06:39:02.124094+00:00,7.95,17.21,26.2,1708.4507890891596,12.00136730408611,-139.85307124396502,3,1
2012-08-01 10:28:02.124094+00:00,5.9,12.97,19.78,1856.9435809461677,12.023620232084443,-139.80856538796837,3,1
2012-08-01 10:33:02.124094+00:00,5.43,11.96,18.26,1856.9435809461677,12.023620232084443,-139.80856538796837,3,1
2012-08-01 11:09:02.124094+00:00,3.12,6.99,10.7,4271.3715653817735,13.880619369149867,-136.0945671138375,3,1
2012-08-01 11:13:02.124094+00:00,3.18,7.12,10.9,4996.8668984423675,14.178565429598828,-135.49867499293958,4,1
2012-08-01 11:18:02.124094+00:00,2.87,6.44,9.86,4361.903729126825,13.880619369149867,-136.0945671138375,5,1
2012-08-01 11:22:02.124094+00:00,2.8,6.3,9.64,5042.132980314894,14.106875026846687,-135.64205579844386,4,1
2012-08-01 11:27:02.124094+00:00,2.78,6.25,9.57,3958.122913239344,13.72267163992852,-136.4104625722802,4,1
2012-08-01 11:33:02.124094+00:00,27.84,40.0,40.0,3554.342097351863,13.708104716211452,-136.43959641971432,3,1
2012-08-01 11:41:02.124094+00:00,27.79,40.0,40.0,2219.665982045848,12.411491476683432,-139.03282289877038,3,1
2012-08-01 12:18:02.124010+00:00,5.0,11.07,16.9,1605.6510500989514,11.89745491164673,-140.94591764425442,3,1
2012-08-01 12:23:02.124010+00:00,4.3,9.57,14.62,1605.6510500989514,11.89745491164673,-140.94591764425442,3,1
2012-08-01 12:27:02.124010+00:00,5.78,12.71,19.39,1605.6510500989514,11.89745491164673,-140.94591764425442,3,1
2012-08-01 14:46:02.124010+00:00,7.86,17.03,25.92,1537.7785862677265,12.26501103854197,-140.21080539046392,3,1
2012-08-01 14:49:02.124010+00:00,7.49,16.28,24.8,1638.4994344654988,12.107555356316984,-140.5257167549139,4,1
2012-08-01 14:54:02.124010+00:00,7.37,16.03,24.42,1760.1491812745098,12.1241686868374,-140.49249009387307,6,1
2012-08-01 14:57:02.124010+00:00,7.28,15.85,24.14,1781.0780798857486,12.17166536152561,-140.39749674449664,7,1
2012-08-01 15:01:02.124010+00:00,6.97,15.2,23.16,1842.1235544699337,12.196476088365692,-140.3478752908165,6,1
2012-08-01 15:02:02.124010+00:00,6.97,15.2,23.16,1783.3072572670574,12.17684351773342,-140.38714043208105,8,1
2012-08-01 15:05:02.124010+00:00,7.37,16.03,24.42,1781.0780798857486,12.17166536152561,-140.39749674449664,7,1
2012-08-01 15:07:02.124010+00:00,7.64,16.59,25.27,1785.536434648366,12.18202167394123,-140.37678411966542,7,1
2012-08-01 15:11:02.124010+00:00,7.63,16.56,25.22,1903.1690290541187,12.221286815205776,-140.29825383713631,7,1
2012-08-01 15:12:02.124010+00:00,7.69,16.68,25.41,1903.1690290541187,12.221286815205776,-140.29825383713631,7,1
2012-08-01 15:16:02.124010+00:00,7.72,16.75,25.5,1910.0354224769092,12.510885888521948,-139.71905569050398,6,1
2012-08-01 15:20:02.124010+00:00,7.84,16.99,25.87,2034.534410305452,12.607264472886683,-139.5262985217745,5,1
2012-08-01 15:25:02.124010+00:00,7.9,17.12,26.06,2047.1690042384812,12.630190085977446,-139.48044729559297,4,1
2012-08-01 15:32:02.124010+00:00,8.16,17.65,26.86,1862.366933465293,12.514668011188997,-139.71149144516988,3,1
2012-08-01 15:39:02.124010+00:00,7.9,17.12,26.06,1862.366933465293,12.366936500166627,-140.0069544672146,3,1
2012-08-01 15:46:02.124010+00:00,8.01,17.34,26.39,1881.868896927984,12.366936500166627,-140.0069544672146,3,1
2012-08-01 15:51:02.124010+00:00,8.01,17.34,26.39,1881.868896927984,12.579005545607744,-139.58281637633235,3,1
2012-08-01 20:28:02.124010+00:00,7.9,17.12,26.06,2148.9259289736797,13.06126829090006,-138.61829088574774,3,1
2012-08-01 20:33:02.124010+00:00,7.64,16.59,25.27,2234.4070550873257,13.031823838549707,-138.67717979044846,4,1
2012-08-01 20:37:02.124010+00:00,7.72,16.75,25.5,2319.888181200972,13.06126829090006,-138.61829088574774,5,1
2012-08-01 20:41:02.124010+00:00,7.6,16.5,25.12,2319.888181200972,13.157960510846916,-138.42490644585405,5,1
2012-08-01 20:45:02.124010+00:00,7.51,16.31,24.84,2319.888181200972,13.157960510846916,-138.42490644585405,5,1
2012-08-01 20:49:02.124010+00:00,7.27,15.82,24.1,3446.5251657009553,13.468355144907108,-137.80411717773364,5,1
2012-08-01 20:53:02.124010+00:00,7.0,15.26,23.25,3446.5251657009553,13.70802796258857,-137.3247715423707,5,1
2012-08-01 20:57:02.124010+00:00,6.64,14.51,22.12,3446.5251657009553,13.70802796258857,-137.3247715423707,5,1
2012-08-01 21:01:02.124010+00:00,6.74,14.73,22.45,4045.581986106536,14.060946528067038,-136.6189344114138,5,1
2012-08-01 21:06:02.124010+00:00,6.37,13.95,21.27,4068.269897199907,14.310014147815505,-136.12079917191687,5,1
2012-08-01 21:10:02.124010+00:00,5.95,13.06,19.93,4605.121986562031,14.431759012227822,-135.8773094430922,5,1
2012-08-01 21:13:02.124010+00:00,5.69,12.52,19.1,4605.121986562031,14.431759012227822,-135.8773094430922,5,1
2012-08-01 21:17:02.124010+00:00,5.73,12.61,19.25,4148.777866235126,14.371043694116626,-135.99874007931462,6,1
2012-08-01 21:22:02.124010+00:00,5.73,12.61,19.25,3592.5821457978323,14.310328376005428,-136.12017071553703,7,1
2012-08-01 21:24:02.124010+00:00,5.24,11.57,17.66,3513.484127388781,14.015599532958383,-136.7096284016311,7,1
2012-08-01 21:25:02.124010+00:00,5.22,11.53,17.61,3513.484127388781,14.015599532958383,-136.7096284016311,7,1
2012-08-01 21:29:02.124010+00:00,4.88,10.79,16.49,3513.484127388781,13.959627317890494,-136.82157283176687,7,1
2012-08-01 21:31:02.124010+00:00,4.88,10.79,16.49,3513.484127388781,13.959627317890494,-136.82157283176687,7,1
2012-08-01 21:34:02.124010+00:00,4.99,11.03,16.85,3553.0331365933066,13.987613425424438,-136.76560061669898,6,1
2012-08-01 21:38:02.124010+00:00,4.91,10.86,16.59,3779.339182918939,13.987613425424438,-136.76560061669898,6,1
2012-08-01 21:42:02.124010+00:00,5.22,11.53,17.61,4147.274608402478,14.015599532958383,-136.7096284016311,5,1
2012-08-01 21:47:02.124010+00:00,5.47,12.06,18.41,4147.274608402478,13.959627317890494,-136.82157283176687,5,1
2012-08-01 21:51:02.124010+00:00,5.7,12.55,19.15,4096.234423425788,14.01853735792059,-136.70375275170667,4,1
2012-08-01 21:54:02.124010+00:00,5.93,13.03,19.88,4147.274608402478,13.92160955214332,-136.8976083632612,3,1
2012-08-01 22:35:02.124010+00:00,13.86,29.14,40.0,3731.638830754814,13.990093275144575,-136.7606409172587,3,1
2012-08-01 23:11:02.124010+00:00,4.99,11.03,16.85,3054.596489254207,13.565787420507927,-137.609252626532,3,1
2012-08-02 00:06:02.123928+00:00,5.79,12.74,19.44,7761.154477537435,15.6766458500761,-136.73239573069938,3,1
2012-08-02 00:12:02.123928+00:00,5.52,12.16,18.56,7985.282398817852,15.699777597236436,-136.6861322363787,4,1
2012-08-02 00:19:02.123928+00:00,5.63,12.39,18.9,8173.955694165482,15.722909344396772,-136.63986874205804,5,1
2012-08-02 00:20:02.123928+00:00,5.73,12.61,19.25,8057.598706543749,15.670120811551152,-136.74544580774926,6,1
2012-08-02 00:25:02.123928+00:00,5.7,12.55,19.15,8173.955694165482,15.617332278705533,-136.8510228734405,5,1
2012-08-02 00:26:02.123928+00:00,5.86,12.87,19.64,8057.598706543749,15.583379711723348,-136.91892800740487,6,1
2012-08-02 00:30:02.123928+00:00,6.01,13.19,20.12,7941.241718922016,15.549427144741164,-136.98683314136926,5,1
2012-08-02 00:36:02.123928+00:00,7.49,16.28,24.8,6761.23322204342,15.549427144741164,-136.98683314136926,5,1
2012-08-02 00:40:02.123928+00:00,7.75,16.81,25.59,5095.038767662137,14.544516516504636,-138.99665439784232,5,1
2012-08-02 00:42:02.123928+00:00,7.75,16.81,25.59,5095.038767662137,14.544516516504636,-138.99665439784232,5,1
2012-08-02 00:46:02.123928+00:00,7.83,16.96,25.83,5479.998891933801,14.976638493041232,-138.13241044476914,5,1
2012-08-02 00:48:02.123928+00:00,7.83,16.96,25.83,5479.998891933801,14.976638493041232,-138.13241044476914,5,1
2012-08-02 00:54:02.123928+00:00,7.92,17.15,26.11,4915.421439230735,14.802400408817856,-138.4808866132159,4,1
2012-08-02 00:59:02.123928+00:00,7.57,16.44,25.03,4915.421439230735,14.819199441158815,-138.44728854853395,4,1
2012-08-02 01:05:02.123928+00:00,7.1,15.48,23.58,4350.843986527669,14.62816232459448,-138.8293627816626,7,1
2012-08-02 01:07:02.123928+00:00,7.09,15.44,23.53,4350.843986527669,14.62816232459448,-138.8293627816626,7,1
2012-08-02 01:11:02.123928+00:00,6.97,15.2,23.16,5501.303996010824,15.26491670553726,-137.55585401977706,9,1
2012-08-02 01:12:02.123928+00:00,6.89,15.04,22.92,5501.303996010824,15.26491670553726,-137.55585401977706,9,1
2012-08-02 01:13:02.123928+00:00,6.89,15.04,22.92,5501.303996010824,15.26491670553726,-137.55585401977706,9,1
2012-08-02 01:15:02.123928+00:00,6.86,14.98,22.83,4374.839660789201,14.616251566748948,-138.8531842973537,10,1
2012-08-02 01:19:02.123928+00:00,6.14,13.47,20.55,5501.303996010824,15.26491670553726,-137.55585401977706,9,1
2012-08-02 01:20:02.123928+00:00,6.14,13.47,20.55,5501.303996010824,15.26491670553726,-137.55585401977706,9,1
2012-08-02 01:21:02.123928+00:00,6.11,13.41,20.46,5501.303996010824,15.26491670553726,-137.55585401977706,9,1
2012-08-02 01:24:02.123928+00:00,5.27,11.63,17.76,5501.303996010824,15.388521785412191,-137.3086438600272,7,1
2012-08-02 01:26:02.123928+00:00,4.97,11.0,16.8,5405.46709987656,15.326719245474727,-137.43224893990214,6,1
2012-08-02 01:31:02.123928+00:00,4.92,10.9,16.64,5309.630203742296,15.388521785412191,-137.3086438600272,3,1
2012-08-02 01:59:02.123928+00:00,11.54,24.51,37.19,4551.21530396748,14.872712699009472,-138.34026203283264,3,1
2012-08-02 02:07:02.123928+00:00,14.03,29.49,40.0,4551.21530396748,14.872712699009472,-138.34026203283264,5,1
2012-08-02 02:09:02.123928+00:00,2.44,5.49,8.4,4551.21530396748,14.872712699009472,-138.34026203283264,5,1
2012-08-02 02:14:02.123928+00:00,2.49,5.6,8.57,4517.644742199774,14.36300402588751,-139.35967937907657,7,1
2012-08-02 02:16:02.123928+00:00,2.46,5.54,8.48,4534.430023083627,14.61785836244849,-138.8499707059546,8,1
2012-08-02 02:19:02.123928+00:00,2.74,6.15,9.42,4517.644742199774,14.36300402588751,-139.35967937907657,9,1
2012-08-02 02:21:02.123928+00:00,2.49,5.6,8.57,5095.574050668398,14.744713699189916,-138.59626003247175,9,1
2012-08-02 02:23:02.123928+00:00,2.51,5.65,8.65,4806.609396434085,14.553858862538712,-138.97796970577417,10,1
2012-08-02 02:26:02.123928+00:00,2.21,4.99,7.64,4275.906301364556,14.48770528253432,-139.11027686578294,10,1
2012-08-02 02:27:02.123928+00:00,2.21,4.99,7.64,4275.906301364556,14.48770528253432,-139.11027686578294,10,1
2012-08-02 02:28:02.123928+00:00,2.24,5.04,7.72,4275.906301364556,14.48770528253432,-139.11027686578294,10,1
2012-08-02 02:29:02.123928+00:00,2.87,6.44,9.86,3679.5076474726384,14.26299423196469,-139.5596989669222,10,1
2012-08-02 02:32:02.123928+00:00,2.89,6.49,9.93,3679.5076474726384,14.26299423196469,-139.5596989669222,10,1
2012-08-02 02:33:02.123928+00:00,2.76,6.2,9.49,3421.1805289716617,14.295291598050657,-139.49510423475027,9,1
2012-08-02 02:34:02.123928+00:00,2.65,5.96,9.12,3822.683100129305,14.51087863323608,-139.06393016437943,10,1
2012-08-02 02:39:02.123928+00:00,1.24,2.81,4.3,4224.1856712869485,14.624824947158332,-138.83603753653492,9,1
2012-08-02 02:42:02.123928+00:00,1.79,4.03,6.18,3822.683100129305,14.460058272604494,-139.16557088564258,8,1
2012-08-02 02:43:02.123928+00:00,2.19,4.93,7.55,4226.310622779842,14.60828536338374,-138.8691167040841,8,1
2012-08-02 02:46:02.123928+00:00,2.46,5.54,8.48,4224.1856712869485,14.61799124686278,-138.84970493712603,7,1
2012-08-02 02:49:02.123928+00:00,1.59,3.59,5.5,4224.1856712869485,14.624824947158332,-138.83603753653492,7,1
2012-08-02 02:52:02.123928+00:00,0.83,1.87,2.87,4228.435574272734,14.624824947158332,-138.83603753653492,7,1
2012-08-02 02:53:02.123928+00:00,0.01,0.03,0.08,4226.310622779842,14.675645307789916,-138.73439681527174,8,1
2012-08-02 02:57:02.123928+00:00,0.0,0.02,0.02,3990.3097733039494,14.69305017026263,-138.69958709032633,8,1
2012-08-02 03:00:02.123928+00:00,0.0,0.0,0.0,3990.3097733039494,14.69305017026263,-138.69958709032633,8,1
2012-08-02 03:02:02.123928+00:00,0.01,0.02,0.02,3990.3097733039494,14.69305017026263,-138.69958709032633,8,1
2012-08-02 03:05:02.123928+00:00,0.51,1.15,1.76,3963.0931574232777,15.57486256235543,-136.93596230614074,7,1
2012-08-02 03:06:02.123928+00:00,0.51,1.15,1.76,3963.0931574232777,15.57486256235543,-136.93596230614074,7,1
2012-08-02 03:10:02.123928+00:00,2.16,4.87,7.46,4175.1931997623415,15.651214339690677,-136.78325875147024,6,1
2012-08-02 03:12:02.123928+00:00,2.26,5.1,7.81,3666.7858041581594,15.57486256235543,-136.93596230614074,7,1
2012-08-02 03:18:02.123928+00:00,26.27,40.0,40.0,5397.7590080964565,15.539929342867662,-137.00582874511628,6,1
2012-08-02 03:20:02.123928+00:00,26.27,40.0,40.0,5795.30636264244,15.3522925687094,-137.3811022934328,5,1
2012-08-02 03:24:02.123928+00:00,26.14,40.0,40.0,4854.868341389042,14.702402945718118,-138.68088153941534,4,1
2012-08-02 03:25:02.123928+00:00,26.14,40.0,40.0,3981.108796310805,14.344596495209746,-139.3964944404321,5,1
2012-08-02 03:34:02.123928+00:00,5.49,12.09,18.46,3914.430320135644,14.052513322726837,-139.9806607853979,3,1
2012-08-02 03:48:02.123928+00:00,4.71,10.45,15.96,6770.407247440981,15.159212075975182,-137.76726327890125,3,1
2012-08-02 03:53:02.123928+00:00,4.78,10.59,16.17,5602.376220845999,14.855581782520655,-138.37452386581026,4,1
2012-08-02 03:58:02.123928+00:00,4.81,10.66,16.28,5602.376220845999,14.855581782520655,-138.37452386581026,4,1
2012-08-02 04:03:02.123928+00:00,5.32,11.73,17.91,6248.600947449051,15.036448573683456,-138.01279028348466,4,1
2012-08-02 04:09:02.123928+00:00,6.5,14.23,21.7,4426.8122194725365,14.5387251126303,-139.008237205591,4,1
2012-08-02 04:15:02.123928+00:00,6.53,14.29,21.79,4239.098489951878,14.525498736194471,-139.03468995846265,5,1
2012-08-02 04:16:02.123928+00:00,6.53,14.29,21.79,4239.098489951878,14.525498736194471,-139.03468995846265,5,1
2012-08-02 04:22:02.123928+00:00,7.39,16.06,24.47,3027.821625024939,14.046579364522517,-139.99252870180658,6,1
2012-08-02 04:23:02.123928+00:00,7.4,16.1,24.52,3027.821625024939,14.046579364522517,-139.99252870180658,6,1
2012-08-02 04:28:02.123928+00:00,7.03,15.32,23.35,3524.40371569349,14.091827130066656,-139.90203317071823,6,1
2012-08-02 04:30:02.123928+00:00,7.03,15.32,23.35,3524.40371569349,14.091827130066656,-139.90203317071823,6,1
2012-08-02 04:36:02.123928+00:00,25.57,40.0,40.0,2809.7089414351017,13.651783039776252,-140.78212135129908,5,1
2012-08-02 04:37:02.123928+00:00,25.57,40.0,40.0,2809.7089414351017,13.651783039776252,-140.78212135129908,5,1
2012-08-02 04:42:02.123928+00:00,25.65,40.0,40.0,2950.044699930543,13.748283766342402,-140.58911989816676,4,1
2012-08-02 04:48:02.123928+00:00,25.65,40.0,40.0,2825.8055215332456,13.614068812488677,-140.8575498058742,4,1
2012-08-02 04:53:02.123928+00:00,7.69,16.68,25.41,3833.935159506687,14.12456840133683,-139.83655062817792,4,1
2012-08-02 04:57:02.123928+00:00,7.69,16.68,25.41,3833.935159506687,14.12456840133683,-139.83655062817792,4,1
2012-08-02 05:02:02.123928+00:00,7.98,17.27,26.3,3834.825661374397,14.052754441394155,-139.98017854806326,4,1
2012-08-02 05:09:02.123928+00:00,7.9,17.12,26.06,3092.161462161404,13.701156573023203,-140.68337428480518,3,1
2012-08-02 05:14:02.123928+00:00,27.75,40.0,40.0,2656.0796179988233,13.701156573023203,-140.68337428480518,3,1
2012-08-02 05:22:02.123928+00:00,27.75,40.0,40.0,2285.3289899656575,12.896537376423344,-142.2926126780049,3,1
2012-08-02 05:31:02.123928+00:00,27.84,40.0,40.0,2602.466305643985,13.144884460666296,-141.795918509519,3,1
2012-08-02 05:38:02.123928+00:00,8.8,18.96,28.84,2389.456554898707,12.97103008512008,-142.14362726061142,3,1
2012-08-02 05:43:02.123928+00:00,8.94,19.24,29.27,2841.9529367154873,13.588386956118423,-140.90891351861472,4,1
2012-08-02 05:48:02.123928+00:00,8.74,18.83,28.65,3081.4395677869893,14.031889451570551,-140.02190852771048,5,1
2012-08-02 05:53:02.123928+00:00,13.15,27.72,40.0,3876.5961854822217,14.48720468863164,-139.1112780535883,5,1
2012-08-02 05:57:02.123928+00:00,13.18,27.8,40.0,4059.1133159993296,14.5220072701432,-139.0416728905652,4,1
2012-08-02 06:02:02.123928+00:00,9.08,19.53,29.69,4111.266130197908,14.48720468863164,-139.1112780535883,5,1
2012-08-02 06:07:02.123928+00:00,10.58,22.57,34.28,3697.017595823383,14.03377997478501,-140.01812748128157,4,1
2012-08-02 06:11:02.123928+00:00,10.47,22.34,33.93,3517.439006164544,13.824989497323008,-140.43570843620557,5,1
2012-08-02 06:15:02.123928+00:00,9.16,19.69,29.93,3430.311242381994,13.824353978156456,-140.43697947453867,4,1
2012-08-02 06:19:02.123928+00:00,9.34,20.07,30.51,3012.926487302748,13.54316079107066,-140.99936584871026,4,1
2012-08-02 06:25:02.123928+00:00,9.76,20.9,31.76,2508.4139684409515,13.262603123151417,-141.5604811845487,3,1
2012-08-02 06:31:02.123928+00:00,9.84,21.06,32.01,2508.4139684409515,13.262603123151417,-141.5604811845487,3,1
2012-08-02 06:36:02.123928+00:00,9.71,20.8,31.62,2583.6206607022013,13.232682070705229,-141.62032328944113,4,1
2012-08-02 06:41:02.123928+00:00,9.69,20.77,31.57,2723.0960978905937,13.454017819533082,-141.17765179178542,5,1
2012-08-02 06:45:02.123928+00:00,9.64,20.68,31.43,2723.0960978905937,13.274215465476356,-141.5372564998989,5,1
2012-08-02 06:50:02.123928+00:00,9.53,20.45,31.09,2589.3349377823142,13.232968566786788,-141.61975029727802,6,1
2012-08-02 06:53:02.123928+00:00,9.58,20.55,31.23,2502.4612869650127,13.232968566786788,-141.61975029727802,6,1
2012-08-02 06:56:02.123928+00:00,9.71,20.8,31.62,2455.5737776740352,13.19172166809722,-141.70224409465715,7,1
2012-08-02 06:57:02.123928+00:00,9.71,20.8,31.62,2455.5737776740352,13.19172166809722,-141.70224409465715,7,1
2012-08-02 07:01:02.123928+00:00,9.92,21.23,32.25,2362.4671552844347,13.160353735820769,-141.76497995921005,7,1
2012-08-02 07:04:02.123928+00:00,35.8,40.0,40.0,2362.4671552844347,13.160353735820769,-141.76497995921005,7,1
2012-08-02 07:06:02.123928+00:00,35.8,40.0,40.0,2409.020466479235,13.176037701958991,-141.7336120269336,6,1
2012-08-02 07:09:02.123928+00:00,35.58,40.0,40.0,2338.351985479291,13.180433159783888,-141.7248211112838,6,1
2012-08-02 07:13:02.123928+00:00,35.58,40.0,40.0,2338.351985479291,13.180433159783888,-141.7248211112838,6,1
2012-08-02 07:16:02.123928+00:00,35.51,40.0,40.0,2726.7654203472684,13.449790249732692,-141.18610693138618,4,1
2012-08-02 07:23:02.123928+00:00,8.78,18.93,28.79,2773.856153194639,13.468307062419251,-141.1490733060131,4,1
2012-08-02 07:27:02.123928+00:00,8.72,18.8,28.6,2773.856153194639,13.468307062419251,-141.1490733060131,4,1
2012-08-02 07:31:02.123928+00:00,8.75,18.87,28.7,2636.27455524657,13.449373598373487,-141.1869402341046,5,1
2012-08-02 07:35:02.123928+00:00,8.8,18.96,28.84,2182.9863050939575,12.81918599763324,-142.4473154355851,5,1
2012-08-02 07:39:02.123928+00:00,8.94,19.24,29.27,2118.3548174183225,12.81908495319088,-142.44751752446982,4,1
2012-08-02 07:45:02.123928+00:00,7.52,16.34,24.89,1965.9466327019888,12.711151636627738,-142.6633841575961,4,1
2012-08-02 07:53:02.123928+00:00,6.67,14.57,22.22,2182.9863050939575,12.81898390874852,-142.44771961335454,3,1
2012-08-02 08:01:02.123928+00:00,7.33,15.94,24.28,2821.924194103217,13.446112207986909,-141.19346301487778,3,1
2012-08-02 08:22:02.123928+00:00,7.19,15.66,23.86,3377.254377557515,13.768508778229618,-140.54866987439237,3,1
2012-08-02 09:17:02.123928+00:00,10.48,22.37,33.98,2539.968602302004,13.11527926769748,-141.8551288954566,3,1
2012-08-02 09:21:02.123928+00:00,10.27,21.94,33.33,4097.752420255427,14.085058686321048,-139.91557005820948,5,1
2012-08-02 09:26:02.123928+00:00,9.87,21.13,32.11,4149.318645668836,14.236849398789566,-139.61198863327246,6,1
2012-08-02 09:30:02.123928+00:00,9.31,20.0,30.41,5229.30065717555,14.749699799941274,-138.58628783096904,6,2
2012-08-02 09:35:02.123928+00:00,7.99,17.3,26.34,6435.649596500071,15.36014247900264,-137.3654024728463,6,1
2012-08-02 09:40:02.123928+00:00,8.83,19.02,28.93,8194.317415623387,15.563292075812711,-136.95910327922616,6,1
2012-08-02 09:41:02.123928+00:00,8.82,18.99,28.89,8194.317415623387,15.862338395473056,-136.3610106399055,6,1
2012-08-02 09:46:02.123928+00:00,8.42,18.18,27.66,8050.547238310145,15.609525469380817,-136.86663649208995,7,1
2012-08-02 09:48:02.123928+00:00,8.42,18.18,27.66,8050.547238310145,15.609525469380817,-136.86663649208995,7,1
2012-08-02 09:51:02.123928+00:00,8.82,18.99,28.89,7411.655450278951,15.539786712734246,-137.0061140053831,6,1
2012-08-02 09:53:02.123928+00:00,8.83,19.02,28.93,7411.655450278951,15.539786712734246,-137.0061140053831,6,1
2012-08-02 09:55:02.123928+00:00,8.8,18.96,28.84,6822.919723719571,15.517058682244606,-137.05157006636236,7,1
2012-08-02 09:59:02.123928+00:00,8.28,17.9,27.23,5537.463461921758,14.601782220894828,-138.88212298906194,6,1
2012-08-02 10:03:02.123928+00:00,8.4,18.14,27.61,5052.816547777875,14.310238427327375,-139.46521057619685,6,1
2012-08-02 10:07:02.123928+00:00,8.52,18.39,27.99,4693.025742515409,14.139233654703602,-139.8072201214444,4,1
2012-08-02 10:12:02.123928+00:00,8.63,18.61,28.32,3801.68007924194,13.829451035641524,-140.42678535956856,7,1
2012-08-02 10:17:02.123928+00:00,8.71,18.77,28.55,3734.234252561256,13.755288479585971,-140.57511047167964,8,1
2012-08-02 10:18:02.123928+00:00,17.47,36.33,40.0,3666.788425880572,13.68112592353042,-140.72343558379075,7,2
2012-08-02 10:22:02.123928+00:00,17.37,36.14,40.0,3451.2217134548273,13.622262914127036,-140.84116160259754,10,1
2012-08-02 10:24:02.123928+00:00,17.4,36.19,40.0,3355.552643843525,13.629316772089991,-140.8270538866716,10,1
2012-08-02 10:25:02.123928+00:00,17.4,36.19,40.0,3475.4502866579674,13.695233639456337,-140.6952201519389,11,1
2012-08-02 10:28:02.123928+00:00,17.37,36.14,40.0,3355.552643843525,13.629316772089991,-140.8270538866716,10,1
2012-08-02 10:29:02.123928+00:00,17.35,36.09,40.0,3235.6550010290825,13.56339990472365,-140.9588876214043,9,1
2012-08-02 10:30:02.123928+00:00,17.3,36.0,40.0,3235.6550010290825,13.56339990472365,-140.9588876214043,9,1
2012-08-02 10:33:02.123928+00:00,1.88,4.24,6.49,3219.027149900511,13.629316772089991,-140.8270538866716,10,1
2012-08-02 10:35:02.123928+00:00,2.41,5.43,8.32,2962.6040131430555,13.56339990472365,-140.9588876214043,9,1
2012-08-02 10:37:02.123928+00:00,2.39,5.38,8.24,2727.137291090292,13.4225044129898,-141.240678604872,10,1
2012-08-02 10:40:02.123928+00:00,9.68,20.74,31.52,2962.6040131430555,13.281608921255948,-141.52246958833967,9,1
2012-08-02 10:41:02.123928+00:00,2.26,5.1,7.81,2701.472541774788,13.281608921255948,-141.52246958833967,9,1
2012-08-02 10:45:02.123928+00:00,2.19,4.93,7.55,2491.6705690375284,13.176634175123834,-141.73241908060393,7,2
2012-08-02 10:50:02.123928+00:00,2.72,6.1,9.34,2287.1161887033004,12.70270009105203,-142.6802872487475,7,1
2012-08-02 10:51:02.123928+00:00,2.72,6.1,9.34,2494.294365239044,12.939667133087932,-142.2063531646757,6,1
2012-08-02 10:56:02.123928+00:00,10.29,21.98,33.38,2802.7216218343256,13.301798925443627,-141.48208957996434,4,1
2012-08-02 11:01:02.123928+00:00,10.24,21.88,33.24,2595.5434452985814,13.064831883407724,-141.95602366403614,4,1
2012-08-02 11:07:02.123928+00:00,7.25,15.79,24.05,4100.708934387523,13.865849664445,-140.3539881019616,5,1
2012-08-02 11:09:02.123928+00:00,7.31,15.91,24.24,4100.708934387523,13.865849664445,-140.3539881019616,5,1
2012-08-02 11:12:02.123928+00:00,7.81,16.93,25.78,4130.103372387375,14.483160235458447,-139.11936695993467,5,1
2012-08-02 11:15:02.123928+00:00,7.9,17.12,26.06,4115.406153387449,14.174504949951723,-139.73667753094813,6,1
2012-08-02 11:19:02.123928+00:00,7.8,16.9,25.73,4226.856128254248,14.27725383353837,-139.53117976377484,6,1
2012-08-02 11:25:02.123928+00:00,7.9,17.12,26.06,3713.4230319562225,13.931354141098744,-140.2229791486541,5,1
2012-08-02 11:26:02.123928+00:00,7.92,17.15,26.11,3713.4230319562225,13.931354141098744,-140.2229791486541,5,1
2012-08-02 11:31:02.123928+00:00,7.33,15.94,24.28,3713.4230319562225,13.931354141098744,-140.2229791486541,5,1
2012-08-02 11:32:02.123928+00:00,7.33,15.94,24.28,3713.4230319562225,13.931354141098744,-140.2229791486541,5,1
2012-08-02 11:36:02.123928+00:00,7.36,16.0,24.38,4616.881203513147,14.07134743161829,-139.94299256761502,5,1
2012-08-02 11:42:02.123928+00:00,7.42,16.13,24.56,5914.30569027045,14.606615491319438,-138.8724564482127,3,1
2012-08-02 11:48:02.123928+00:00,7.83,16.96,25.83,4990.729993577453,14.479934985082446,-139.1258174606867,3,1
2012-08-02 12:03:02.123845+00:00,8.1,17.52,26.67,4248.445794068314,14.105461112878654,-140.00347946163615,4,1
2012-08-02 12:07:02.123845+00:00,8.2,17.74,27.0,4041.779952115358,13.99584073564026,-140.22272021611292,5,1
2012-08-02 12:12:02.123845+00:00,8.22,17.77,27.05,4041.779952115358,13.99584073564026,-140.22272021611292,5,1
2012-08-02 12:17:02.123845+00:00,14.93,31.27,40.0,2318.99797889998,13.01362755467288,-142.1871465780477,4,1
2012-08-02 12:22:02.123845+00:00,14.37,30.17,40.0,2318.99797889998,13.01362755467288,-142.1871465780477,4,1
2012-08-02 12:26:02.123845+00:00,9.57,20.52,31.18,1823.3933670368117,12.539701629244831,-143.1349984289038,3,1
2012-08-02 13:21:02.123845+00:00,6.38,13.98,21.32,3464.8925239507544,13.869867850044482,-140.4746659873045,3,1
2012-08-02 16:56:02.123845+00:00,7.51,16.31,24.84,1968.9154917782323,12.463929994986993,-143.28654169741947,3,1
2012-08-02 17:03:02.123845+00:00,7.06,15.38,23.44,2362.557096748932,13.150620764235564,-141.91316015892232,3,1
2012-08-02 17:12:02.123845+00:00,7.1,15.48,23.58,2551.5897829676373,13.150620764235564,-141.91316015892232,3,1
2012-08-02 17:41:02.123845+00:00,5.47,12.06,18.41,3006.8576157806538,13.625331408725462,-140.96373886994252,3,1
2012-08-02 18:11:02.123845+00:00,7.16,15.6,23.77,3102.163746790557,13.373186017120858,-141.46802965315177,3,1
2012-08-02 18:17:02.123845+00:00,7.22,15.72,23.95,3102.163746790557,13.437682718557868,-141.33903625027773,3,1
2012-08-02 18:21:02.123845+00:00,6.88,15.01,22.88,3225.5425809999633,13.518166789101787,-141.1780681091899,4,1
2012-08-02 19:37:02.123845+00:00,6.19,13.57,20.69,4638.063085761802,14.365914519586449,-139.48257264822055,3,1
2012-08-02 19:43:02.123845+00:00,6.23,13.66,20.84,4934.099204874714,14.502702883713065,-139.20899591996732,3,1
2012-08-02 19:50:02.123845+00:00,6.11,13.41,20.46,4934.099204874714,14.689046877266389,-138.83630793286068,3,1
2012-08-02 19:57:02.123845+00:00,6.16,13.51,20.6,5265.938243806043,14.898194800311638,-138.41801208677018,3,1
2012-08-02 20:02:02.123845+00:00,16.43,34.27,40.0,5265.938243806043,14.689046877266389,-138.83630793286068,3,1
2012-08-02 20:18:02.123845+00:00,6.58,14.39,21.93,3819.829476852079,14.164190173540792,-139.88602134031186,3,1
2012-08-02 20:26:02.123845+00:00,7.28,15.85,24.14,3276.7587014333253,13.60565489818378,-141.0030918910259,3,1
2012-08-02 20:33:02.123845+00:00,8.02,17.37,26.44,3248.031034833249,13.557902324963448,-141.09859703746656,3,1
2012-08-02 20:41:02.123845+00:00,8.05,17.43,26.53,2584.151552032855,13.068072348642444,-142.07825699010857,4,1
2012-08-02 20:45:02.123845+00:00,8.11,17.55,26.72,2166.719402967544,12.81741736614468,-142.5795669551041,4,1
2012-08-02 20:49:02.123845+00:00,8.22,17.77,27.05,2272.5163170621468,12.969463215895434,-142.27547525560257,5,1
2012-08-02 20:52:02.123845+00:00,8.51,18.36,27.94,2166.719402967544,12.81741736614468,-142.5795669551041,4,1
2012-08-02 20:59:02.123845+00:00,8.42,18.18,27.66,2458.4077877352206,13.357577378523532,-141.49924693034637,3,1
2012-08-02 21:05:02.123845+00:00,8.46,18.27,27.8,2608.1949504238464,13.25058989077088,-141.7132219058517,4,1
2012-08-02 21:09:02.123845+00:00,8.57,18.49,28.13,2458.4077877352206,13.143602403018226,-141.927196881357,3,1
2012-08-02 21:14:02.123845+00:00,8.77,18.9,28.74,2430.715524287938,13.115209824053192,-141.98398203928707,4,1
2012-08-02 21:21:02.123845+00:00,9.39,20.16,30.65,2165.9254677499443,12.604723647720498,-143.00495439195245,3,1
2012-08-03 04:08:02.123763+00:00,8.26,17.86,27.19,1838.559522365086,12.701839081452231,-142.64161316462153,3,1
2012-08-03 04:12:02.123763+00:00,7.84,16.99,25.87,2057.2984804996245,12.756107936739127,-142.53307545404772,4,1
2012-08-03 04:16:02.123763+00:00,7.87,17.06,25.97,2276.037438634163,12.810376792026023,-142.42453774347393,5,1
2012-08-03 04:20:02.123763+00:00,7.39,16.06,24.47,2328.6719350582443,12.916454430018394,-142.2123824674892,4,1
2012-08-03 04:26:02.123763+00:00,7.95,17.21,26.2,2381.306431482325,13.022532068010763,-142.00022719150445,5,1
2012-08-03 04:31:02.123763+00:00,7.95,17.21,26.2,2417.6465805330754,13.252871818416184,-141.5395476906936,4,1
2012-08-03 04:34:02.123763+00:00,7.12,15.51,23.63,2508.6944804648256,13.349124515213388,-141.34704229709922,5,1
2012-08-03 04:38:02.123763+00:00,7.03,15.32,23.35,3154.243754144312,13.349124515213388,-141.34704229709922,5,1
2012-08-03 04:43:02.123763+00:00,6.83,14.92,22.73,3154.243754144312,13.503496268977177,-141.03829878957163,5,1
2012-08-03 04:46:02.123763+00:00,5.82,12.81,19.54,2390.751105376851,13.503496268977177,-141.03829878957163,5,1
2012-08-03 04:50:02.123763+00:00,5.81,12.77,19.49,2390.751105376851,13.503496268977177,-141.03829878957163,5,1
2012-08-03 04:53:02.123763+00:00,5.87,12.9,19.68,2390.751105376851,13.503496268977177,-141.03829878957163,5,1
2012-08-03 04:56:02.123763+00:00,5.86,12.87,19.64,2390.751105376851,13.503496268977177,-141.03829878957163,5,1
2012-08-03 05:02:02.123763+00:00,6.1,13.38,20.41,2533.7618388401916,13.389920030622791,-141.2654512662804,4,1
2012-08-03 05:06:02.123763+00:00,6.58,14.39,21.93,2373.5032931196138,13.389920030622791,-141.2654512662804,4,1
2012-08-03 06:00:02.123763+00:00,7.24,15.75,24.0,2560.120999598312,13.194417678740022,-141.65645597004595,3,1
2012-08-03 06:07:02.123763+00:00,7.24,15.75,24.0,2793.6872780469766,13.458154478803262,-141.12898236991947,3,1
2012-08-03 07:51:02.123763+00:00,6.2,13.6,20.74,2488.4437691215617,13.006797106075505,-142.03169711537498,3,1
2012-08-03 07:59:02.123763+00:00,6.4,14.01,21.36,2635.7277573140086,13.189010190082117,-141.66727094736177,3,1
2012-08-03 08:04:02.123763+00:00,6.22,13.63,20.79,2635.7277573140086,13.194357381330178,-141.65657656486565,3,1
2012-08-03 08:12:02.123763+00:00,7.0,15.26,23.25,2635.7277573140086,13.28436738984312,-141.47655654783975,3,1
2012-08-03 08:19:02.123763+00:00,7.18,15.63,23.81,2680.921383938991,13.487673637104942,-141.0699440533161,3,1
2012-08-03 08:25:02.123763+00:00,7.39,16.06,24.47,2530.5677669509623,13.34597780016992,-141.35333572718616,4,1
2012-08-03 08:29:02.123763+00:00,7.36,16.0,24.38,2380.2141499629342,13.204281963234894,-141.6367274010562,5,1
2012-08-03 08:34:02.123763+00:00,7.67,16.65,25.36,2157.7373203902557,12.918937548004829,-142.20741623151633,5,1
2012-08-03 08:38:02.123763+00:00,7.75,16.81,25.59,1998.8874273155816,12.696612272418369,-142.65206678268925,4,1
2012-08-03 08:42:02.123763+00:00,7.69,16.68,25.41,1840.0375342409077,12.47428699683191,-143.09671733386216,3,1
2012-08-04 01:43:02.123598+00:00,7.83,16.96,25.83,2105.049915362979,12.21311315099654,-141.94929878232668,3,1
2012-08-04 01:48:02.123598+00:00,7.37,16.03,24.42,2258.9974700883845,12.604439447889428,-141.1666461885409,3,1
2012-08-04 03:11:02.123598+00:00,6.46,14.14,21.55,1739.6082179752873,11.523309892005967,-143.3289053003078,3,1
2012-08-04 03:16:02.123598+00:00,6.46,14.14,21.55,1739.6082179752873,11.523309892005967,-143.3289053003078,3,1
2012-08-04 05:26:02.123598+00:00,8.51,18.36,27.94,1930.47430213798,12.105068924691494,-142.16538723493676,3,1
2012-08-04 05:30:02.123598+00:00,15.12,31.65,40.0,1857.675035610526,11.968521893146717,-142.43848129802632,3,1
2012-08-04 07:10:02.123598+00:00,2.65,5.96,9.12,1853.4264472466516,12.190918753015756,-141.99368757828825,4,1
2012-08-04 07:14:02.123598+00:00,9.79,20.97,31.86,1761.5827750743051,12.133807294122365,-142.10791049607502,3,1
2012-08-04 07:15:02.123598+00:00,4.57,10.14,15.49,1761.5827750743051,12.133807294122365,-142.10791049607502,3,1
2012-08-04 11:06:02.123598+00:00,7.27,15.82,24.1,1698.2656297155977,11.994171159164589,-142.3871827659906,3,1
2012-08-04 11:14:02.123598+00:00,7.51,16.31,24.84,2035.5235028975096,12.015998472209851,-142.34352813990006,3,1
2012-08-04 11:19:02.123598+00:00,7.75,16.81,25.59,1984.328846829738,12.035281600954304,-142.3049618824111,3,1
2012-08-04 11:27:02.123598+00:00,7.34,15.97,24.33,2035.5235028975096,12.300272037486035,-141.77498100934767,3,1
2012-08-04 11:33:02.123598+00:00,7.48,16.25,24.75,2134.648233582387,12.431837028778356,-141.51185102676305,3,1
2012-08-04 11:39:02.123598+00:00,6.29,13.79,21.03,2134.648233582387,12.300272037486035,-141.77498100934767,3,1
2012-08-04 11:48:02.123598+00:00,5.52,12.16,18.56,1720.091947917141,11.704391769019455,-142.96674154628084,3,1
2012-08-04 13:25:02.123514+00:00,2.76,6.2,9.49,3810.614906399725,13.29822742568279,-138.5394860613159,4,1
2012-08-04 13:30:02.123514+00:00,2.78,6.25,9.57,3810.614906399725,13.29822742568279,-138.5394860613159,4,1
2012-08-04 13:35:02.123514+00:00,2.74,6.15,9.42,5979.396060562486,14.660912738947877,-135.81411543478572,3,1
2012-08-04 13:43:02.123514+00:00,2.69,6.06,9.27,5979.396060562486,14.660912738947877,-135.81411543478572,3,1
2012-08-04 13:47:02.123514+00:00,2.85,6.39,9.79,5979.396060562486,14.660912738947877,-135.81411543478572,3,1
2012-08-04 13:53:02.123514+00:00,3.08,6.9,10.56,6545.957500141449,14.570753622203805,-135.99443366827387,3,1
2012-08-04 14:01:02.123514+00:00,4.4,9.78,14.95,6831.486887084835,15.153925777929445,-134.8280893568226,3,1
2012-08-04 14:07:02.123514+00:00,3.98,8.86,13.55,6545.957500141449,14.570753622203805,-135.99443366827387,3,1
2012-08-04 14:33:02.123514+00:00,5.99,13.16,20.07,2849.140487244832,12.79059994638994,-139.5547410199016,3,1
2012-08-04 14:40:02.123514+00:00,6.17,13.54,20.65,2849.140487244832,12.79059994638994,-139.5547410199016,3,1
2012-08-04 14:41:02.123514+00:00,6.17,13.54,20.65,3475.0598544698028,13.163449772670724,-138.80904136734003,4,1
2012-08-04 14:50:02.123514+00:00,6.68,14.61,22.26,3055.0090240250547,12.853559167296783,-139.42882257808793,4,1
2012-08-04 14:53:02.123514+00:00,7.84,16.99,25.87,2009.0388263553364,12.17081873564206,-140.79430344139735,3,1
2012-08-04 14:56:02.123514+00:00,7.86,17.03,25.92,2009.0388263553364,12.17081873564206,-140.79430344139735,3,1
2012-08-04 18:01:02.123514+00:00,40.0,40.0,40.0,4805.566902104551,18.010141832224708,-129.11565724823208,3,2
2012-08-04 18:06:02.123514+00:00,40.0,40.0,40.0,4805.566902104551,18.010141832224708,-129.11565724823208,3,1
2012-08-04 18:25:02.123514+00:00,0.0,0.02,0.02,4150.086189419324,13.69469165934224,-137.746557593997,3,1
2012-08-05 02:39:02.123432+00:00,7.95,17.21,26.2,1820.665171737112,11.875460821226223,-139.3621855284632,5,1
2012-08-05 02:41:02.123432+00:00,7.9,17.12,26.06,1820.665171737112,11.875460821226223,-139.3621855284632,5,1
2012-08-05 02:44:02.123432+00:00,7.86,17.03,25.92,1938.637419465616,11.875460821226223,-139.3621855284632,5,1
2012-08-05 02:48:02.123432+00:00,7.96,17.24,26.25,1879.651295601364,11.834062363482332,-139.44498244395095,6,1
2012-08-05 02:52:02.123432+00:00,7.96,17.24,26.25,1962.9374368827205,11.921405881300055,-139.27029540831552,4,1
2012-08-05 02:56:02.123432+00:00,8.04,17.4,26.48,1938.637419465616,11.792663905738438,-139.52777935943874,3,1
2012-08-05 07:05:02.123432+00:00,32.74,40.0,40.0,3465.493202579586,16.718830415519683,-129.67544633987626,14,1
2012-08-05 07:06:02.123432+00:00,32.74,40.0,40.0,3335.616939517995,16.680543796409257,-129.7520195780971,15,1
2012-08-05 07:07:02.123432+00:00,32.74,40.0,40.0,3130.502661127527,16.623321169286978,-129.86646483234165,16,1
2012-08-05 07:08:02.123432+00:00,32.74,40.0,40.0,3130.502661127527,16.623321169286978,-129.86646483234165,16,2
2012-08-05 07:09:02.123432+00:00,15.96,33.33,40.0,3450.1311106336507,16.623321169286978,-129.86646483234165,18,3
2012-08-05 07:10:02.123432+00:00,15.96,33.33,40.0,3450.1311106336507,16.623321169286978,-129.86646483234165,18,1
2012-08-05 07:11:02.123432+00:00,32.8,40.0,40.0,3564.6452817493064,16.680543796409257,-129.7520195780971,19,1
2012-08-05 07:12:02.123432+00:00,5.03,11.13,17.0,3335.616939517995,16.5660985421647,-129.98091008658622,21,2
2012-08-05 07:13:02.123432+00:00,4.97,11.0,16.8,2925.3883827370587,16.5660985421647,-129.98091008658622,23,1
2012-08-05 07:15:02.123432+00:00,4.96,10.96,16.74,2814.8436108757455,16.499596926136896,-130.11391331864183,28,1
2012-08-05 07:16:02.123432+00:00,16.0,33.42,40.0,2877.0161049022336,16.499596926136896,-130.11391331864183,30,1
2012-08-05 07:17:02.123432+00:00,15.85,33.11,40.0,2828.643827067409,16.5660985421647,-129.98091008658622,29,1
2012-08-05 07:18:02.123432+00:00,15.29,31.99,40.0,2828.643827067409,16.676534686860652,-129.76003779719431,31,1
2012-08-05 07:19:02.123432+00:00,15.59,32.59,40.0,2815.029881665275,16.676534686860652,-129.76003779719431,29,1
2012-08-05 07:21:02.123432+00:00,15.12,31.65,40.0,2628.024784126507,16.676534686860652,-129.76003779719431,33,2
2012-08-05 07:22:02.123432+00:00,15.12,31.65,40.0,2628.024784126507,16.461504635069765,-130.1900979007761,33,2
2012-08-05 07:23:02.123432+00:00,15.14,31.69,40.0,2628.024784126507,16.461504635069765,-130.1900979007761,35,3
2012-08-05 07:24:02.123432+00:00,15.31,32.03,40.0,2598.3561601240613,16.433095310109096,-130.24691655069742,35,2
2012-08-05 07:25:02.123432+00:00,15.22,31.86,40.0,2628.024784126507,16.461504635069765,-130.1900979007761,35,3
2012-08-05 07:26:02.123432+00:00,15.24,31.9,40.0,2628.024784126507,16.598181026682006,-129.9167451175516,35,2
2012-08-05 07:27:02.123432+00:00,15.22,31.86,40.0,2628.024784126507,16.598181026682006,-129.9167451175516,35,2
2012-08-05 07:28:02.123432+00:00,15.54,32.5,40.0,2598.3561601240613,16.461504635069765,-130.1900979007761,37,1
2012-08-05 07:29:02.123432+00:00,15.74,32.89,40.0,2444.9329031322923,16.44729997258943,-130.21850722573674,36,3
2012-08-05 07:30:02.123432+00:00,15.76,32.94,40.0,2444.9329031322923,16.44729997258943,-130.21850722573674,36,2
2012-08-05 07:31:02.123432+00:00,15.63,32.67,40.0,2391.6506085070628,16.433095310109096,-130.24691655069742,35,4
2012-08-05 07:32:02.123432+00:00,15.54,32.5,40.0,2498.2151977575218,16.461504635069765,-130.1900979007761,33,2
2012-08-05 07:33:02.123432+00:00,15.63,32.67,40.0,2598.3561601240613,16.461504635069765,-130.1900979007761,31,2
2012-08-05 07:35:02.123432+00:00,15.29,31.99,40.0,2679.3212238488773,16.529842830875886,-130.05342150916383,26,2
2012-08-05 07:36:02.123432+00:00,28.68,40.0,40.0,2628.024784126507,16.598181026682006,-129.9167451175516,23,1
2012-08-05 07:37:02.123432+00:00,28.54,40.0,40.0,2664.4869118476545,16.529842830875886,-130.05342150916383,22,1
2012-08-05 07:38:02.123432+00:00,27.43,40.0,40.0,2391.6506085070628,16.24336705014176,-130.6263730706321,19,1
2012-08-05 07:39:02.123432+00:00,27.57,40.0,40.0,2495.003384315562,16.352435842605765,-130.4082354857041,18,1
2012-08-05 07:56:02.123432+00:00,22.54,40.0,40.0,2623.4950617480317,15.308491476024088,-132.49612421886746,3,1
2012-08-05 07:59:02.123432+00:00,22.09,40.0,40.0,2623.4950617480317,15.308491476024088,-132.49612421886746,3,1
2012-08-05 08:01:02.123432+00:00,22.12,40.0,40.0,2623.4950617480317,15.308491476024088,-132.49612421886746,3,1
2012-08-05 09:38:02.123432+00:00,0.0,0.02,0.02,4587.293326247007,13.980181463667066,-135.15274424358148,4,1
2012-08-05 09:43:02.123432+00:00,0.01,0.02,0.05,6153.893388299875,14.8061923515299,-133.50072246785584,4,1
2012-08-05 09:47:02.123432+00:00,0.01,0.03,0.08,6483.774629387432,15.0394696258221,-133.03416791927145,5,1
2012-08-05 09:51:02.123432+00:00,0.01,0.03,0.08,8333.435841690016,15.419029662267402,-132.2750478463808,4,1
2012-08-05 09:56:02.123432+00:00,0.89,2.01,3.08,10828.854150137606,15.838480695991382,-131.43614577893285,4,1
2012-08-05 10:03:02.123432+00:00,2.02,4.56,6.99,11474.61124628261,15.897622125606294,-131.31786291970303,3,1
2012-08-05 10:08:02.123432+00:00,2.0,4.5,6.89,10240.5775400324,15.897622125606294,-131.31786291970303,3,1
2012-08-05 10:16:02.123432+00:00,1.2,2.71,4.15,4502.868733068248,13.938192471330067,-135.2367222282555,3,1
2012-08-05 10:52:02.123432+00:00,3.06,6.86,10.49,1689.7029571337875,11.452131939007328,-140.20884329290098,3,1
2012-08-05 10:57:02.123432+00:00,2.87,6.44,9.86,1689.7029571337875,11.452131939007328,-140.20884329290098,3,1
2012-08-05 13:37:02.123349+00:00,2.0,4.5,6.89,7393.543859830572,16.199915113772544,-136.62521186910402,3,1
2012-08-05 13:43:02.123349+00:00,1.72,3.89,5.96,13158.877111704474,18.450576768108,-132.1238885604331,4,1
2012-08-05 13:50:02.123349+00:00,1.88,4.24,6.49,18924.210363578375,21.123560657522017,-126.77792078160508,5,2
2012-08-05 13:54:02.123349+00:00,1.52,3.43,5.26,14880.251662841329,21.28222394345447,-126.46059420974017,4,1
2012-08-05 14:00:02.123349+00:00,1.24,2.81,4.3,14880.251662841329,19.705861866412977,-129.61331836382317,4,1
2012-08-05 14:04:02.123349+00:00,9.71,20.8,31.62,10836.29296210428,21.440887229386924,-126.14326763787524,3,1
2012-08-05 14:17:02.123349+00:00,8.92,19.21,29.22,1732.0639788203864,13.502973705335112,-142.01909468597887,3,1
2012-08-05 14:23:02.123349+00:00,5.6,12.32,18.8,2889.721458501533,13.941166148254254,-141.1427098001406,4,1
2012-08-05 14:26:02.123349+00:00,5.15,11.37,17.36,2060.9437246132793,13.502973705335112,-142.01909468597887,5,1
2012-08-05 14:31:02.123349+00:00,4.35,9.67,14.78,2853.53179683959,13.4928545548058,-142.0393329870375,6,1
2012-08-05 14:35:02.123349+00:00,5.92,13.0,19.83,3240.794897162969,13.997759357772871,-141.02952338110336,6,1
2012-08-05 14:36:02.123349+00:00,5.92,13.0,19.83,3240.794897162969,13.997759357772871,-141.02952338110336,6,1
2012-08-05 14:39:02.123349+00:00,3.73,8.32,12.73,2622.135620128004,13.405885192141918,-142.21327171236527,6,1
2012-08-05 14:43:02.123349+00:00,2.67,6.01,9.19,2234.872519804625,12.900980389174848,-143.22308131829942,5,1
2012-08-05 14:48:02.123349+00:00,2.93,6.58,10.07,2234.872519804625,12.791897957266604,-143.4412461821159,3,1
2012-08-05 14:59:02.123349+00:00,9.61,20.61,31.33,1829.5695721039888,12.642550992653462,-143.73994011134218,3,1
2012-08-05 15:01:02.123349+00:00,9.71,20.8,31.62,1841.7045305003824,12.837840626930715,-143.3493608427877,4,1
2012-08-05 15:07:02.123349+00:00,9.23,19.84,30.17,2109.1469106928193,13.103112490774098,-142.81881711510093,6,1
2012-08-05 15:10:02.123349+00:00,8.8,18.96,28.84,2364.4543324888623,13.173094720340222,-142.67885265596868,7,1
2012-08-05 15:12:02.123349+00:00,8.82,18.99,28.89,3090.1406428573223,13.845538769747352,-141.3339645571544,7,1
2012-08-05 15:15:02.123349+00:00,8.8,18.96,28.84,3090.1406428573223,13.845538769747352,-141.3339645571544,7,1
2012-08-05 15:18:02.123349+00:00,8.68,18.71,28.46,3486.566659617259,13.912591282267204,-141.19985953211471,7,1
2012-08-05 15:19:02.123349+00:00,8.68,18.71,28.46,3486.566659617259,13.912591282267204,-141.19985953211471,7,1
2012-08-05 15:21:02.123349+00:00,8.54,18.43,28.03,3579.6130834041483,14.026318487728163,-140.97240512119276,7,1
2012-08-05 15:25:02.123349+00:00,8.17,17.68,26.9,3579.6130834041483,14.026318487728163,-140.97240512119276,7,1
2012-08-05 15:29:02.123349+00:00,7.98,17.27,26.3,3910.0656716083886,14.288458566137084,-140.44812496437493,6,1
2012-08-05 15:31:02.123349+00:00,7.89,17.09,26.01,3910.0656716083886,14.288458566137084,-140.44812496437493,6,1
2012-08-05 15:34:02.123349+00:00,7.87,17.06,25.97,4240.518259812629,14.550598644546003,-139.9238448075571,5,1
2012-08-05 15:38:02.123349+00:00,7.75,16.81,25.59,4262.373265014765,14.604105582912952,-139.81683093082322,5,1
2012-08-05 16:03:02.123349+00:00,5.39,11.9,18.16,3550.911269008627,14.01260025213716,-140.9998415923748,3,1
2012-08-05 16:08:02.123349+00:00,5.39,11.9,18.16,3550.911269008627,14.01260025213716,-140.9998415923748,3,1
2012-08-05 16:12:02.123349+00:00,5.39,11.9,18.16,3428.464604246029,14.038995722568153,-140.94705065151282,4,1
2012-08-05 17:10:02.123349+00:00,6.7,14.64,22.31,3052.4981030042895,13.694736667043667,-141.63556876256175,3,1
2012-08-05 17:14:02.123349+00:00,6.7,14.64,22.31,3052.4981030042895,13.694736667043667,-141.63556876256175,3,1
2012-08-05 17:19:02.123349+00:00,6.73,14.7,22.4,3052.4981030042895,13.694736667043667,-141.63556876256175,3,1
2012-08-05 19:56:02.123349+00:00,8.52,18.39,27.99,1961.3131216392733,12.899049569090325,-143.22694295846847,3,1
2012-08-05 19:59:02.123349+00:00,8.43,18.21,27.7,2068.451178588816,13.073486331201224,-142.87806943424664,4,1
2012-08-05 20:02:02.123349+00:00,8.26,17.86,27.19,2175.589235538358,13.228192780460663,-142.56865653572777,5,1
2012-08-05 20:06:02.123349+00:00,8.29,17.93,27.28,2360.578094636685,13.247923093312128,-142.52919591002484,5,1
2012-08-05 20:09:02.123349+00:00,8.31,17.96,27.33,2418.1474153775,13.296046083281942,-142.4329499300852,6,1
2012-08-05 20:13:02.123349+00:00,8.19,17.71,26.95,3126.7996524053565,13.799899280759028,-141.42524353513105,5,1
2012-08-05 20:18:02.123349+00:00,8.05,17.43,26.53,3773.519901986495,13.968372771519633,-141.08829655360984,5,1
2012-08-05 20:21:02.123349+00:00,7.98,17.27,26.3,3840.22226421124,14.121430724666997,-140.78218064731513,5,1
2012-08-05 20:25:02.123349+00:00,7.84,16.99,25.87,4046.734034285129,14.149163848531243,-140.72671439958663,5,1
2012-08-05 20:29:02.123349+00:00,7.58,16.47,25.08,4208.515030367979,14.23437481308341,-140.55629247048228,5,1
2012-08-05 20:33:02.123349+00:00,7.34,15.97,24.33,4361.128544046109,14.327578194157134,-140.36988570833483,5,1
2012-08-05 20:38:02.123349+00:00,6.94,15.13,23.06,4748.085969535765,14.740558436514313,-139.54392522362048,5,1
2012-08-05 20:42:02.123349+00:00,6.88,15.01,22.88,5143.810308019038,14.781532888164222,-139.46197632032067,4,1
2012-08-05 20:48:02.123349+00:00,5.92,13.0,19.83,5834.252168816516,15.027933436668643,-138.96917522331182,4,1
2012-08-05 20:52:02.123349+00:00,5.84,12.84,19.59,6008.746158128137,15.027933436668643,-138.96917522331182,4,1
2012-08-05 20:56:02.123349+00:00,5.55,12.22,18.66,5832.778787795112,15.026983641497075,-138.97107481365495,5,1
2012-08-05 21:00:02.123349+00:00,5.32,11.73,17.91,5483.790809171872,15.024820581566614,-138.97540093351589,5,1
2012-08-05 21:03:02.123349+00:00,5.27,11.63,17.76,5379.255292365522,15.024303302690225,-138.97643549126866,5,1
2012-08-05 21:07:02.123349+00:00,4.76,10.55,16.12,5144.005458907109,14.95726120692511,-139.1105196827989,6,1
2012-08-05 21:11:02.123349+00:00,4.75,10.52,16.07,4789.0112136611715,14.783007566105631,-139.45902696443784,6,1
2012-08-05 21:15:02.123349+00:00,4.42,9.82,15.0,4525.424117907928,14.626658419138206,-139.7717252583727,5,1
2012-08-05 21:16:02.123349+00:00,4.35,9.67,14.78,4114.00551687943,14.395089447060826,-140.23486320252746,6,1
2012-08-05 21:21:02.123349+00:00,4.22,9.38,14.34,3702.586915850931,14.163520474983445,-140.69800114668223,5,1
2012-08-05 21:25:02.123349+00:00,4.13,9.2,14.06,2858.1018436571912,13.590173658858262,-141.8446947789326,4,1
2012-08-05 21:51:02.123349+00:00,4.7,10.42,15.91,2681.028066426608,13.532845437550623,-141.95935122154788,3,1
2012-08-05 21:55:02.123349+00:00,4.8,10.62,16.23,2681.028066426608,13.532845437550623,-141.95935122154788,3,1
2012-08-05 22:00:02.123349+00:00,4.81,10.66,16.28,2681.028066426608,13.532845437550623,-141.95935122154788,3,1
2012-08-05 22:18:02.123349+00:00,5.47,12.06,18.41,3706.1307305183,14.263415697927435,-140.49821070079423,3,1
2012-08-05 22:24:02.123349+00:00,5.98,13.13,20.02,5073.2497299636025,14.840043654180082,-139.34495478828896,4,1
2012-08-05 22:28:02.123349+00:00,6.61,14.45,22.03,4928.665392017692,14.83898437886441,-139.3470733389203,6,1
2012-08-05 22:33:02.123349+00:00,6.97,15.2,23.16,4928.665392017692,14.83898437886441,-139.3470733389203,6,1
2012-08-05 22:35:02.123349+00:00,7.21,15.69,23.91,4994.238594887649,14.883687560283928,-139.25766697608125,5,1
2012-08-05 22:37:02.123349+00:00,7.22,15.72,23.95,4907.875408200907,14.786127841823326,-139.45278641300246,6,1
2012-08-05 22:41:02.123349+00:00,7.57,16.44,25.03,4821.512221514166,14.688568123362726,-139.64790584992366,5,1
2012-08-05 22:47:02.123349+00:00,8.63,18.61,28.32,2810.1094631873834,13.657802162332516,-141.70943777198408,3,1
2012-08-05 22:51:02.123349+00:00,8.58,18.52,28.18,2810.1094631873834,13.657802162332516,-141.70943777198408,3,1
2012-08-06 00:43:02.123267+00:00,8.42,18.18,27.66,2494.277727623635,12.280240029473436,-140.49757940100866,4,1
2012-08-06 00:48:02.123267+00:00,7.96,17.24,26.25,2988.7395654998527,12.638311648426894,-139.78143616310174,4,1
2012-08-06 00:52:02.123267+00:00,7.99,17.3,26.34,2988.7395654998527,12.638311648426894,-139.78143616310174,4,1
2012-08-06 00:58:02.123267+00:00,7.87,17.06,25.97,3932.02602087816,13.2445916127002,-138.56887623455515,4,1
2012-08-06 01:03:02.123267+00:00,4.65,10.31,15.75,4699.675759898806,13.604206781566186,-137.84964589682318,3,1
2012-08-06 01:11:02.123267+00:00,2.37,5.33,8.15,4580.063466411905,13.657275516051593,-137.74350842785236,4,1
2012-08-06 01:15:02.123267+00:00,2.37,5.33,8.15,4460.451172925004,13.665444797398404,-137.72716986515874,3,1
2012-08-06 01:21:02.123267+00:00,0.0,0.02,0.02,3103.0325731252633,12.798806698550168,-139.46044606285523,4,1
2012-08-06 01:27:02.123267+00:00,0.0,0.01,0.02,1796.6999203889948,11.948507162395554,-141.16104513516444,5,1
2012-08-06 01:29:02.123267+00:00,0.0,0.01,0.02,1796.6999203889948,11.948507162395554,-141.16104513516444,5,1
2012-08-06 01:34:02.123267+00:00,8.36,18.05,27.47,1744.0349335904868,11.623022978021126,-141.8120135039133,4,1
2012-08-06 01:36:02.123267+00:00,8.74,18.83,28.65,1796.6999203889948,11.948507162395554,-141.16104513516444,5,1
2012-08-06 01:45:02.123267+00:00,16.41,34.23,40.0,5615.333098340041,13.6614700784035,-137.73511930314856,4,1
2012-08-06 01:49:02.123267+00:00,16.41,34.23,40.0,5615.333098340041,13.6614700784035,-137.73511930314856,4,1
2012-08-06 01:54:02.123267+00:00,16.18,33.77,40.0,3852.034457830126,13.181516608743014,-138.6950262424695,6,1
2012-08-06 01:58:02.123267+00:00,16.2,33.82,40.0,6764.004297291269,14.370750779232036,-136.31655790149148,6,1
2012-08-06 02:01:02.123267+00:00,2.56,5.75,8.8,3852.034457830126,13.215810878789004,-138.62643770237753,6,1
2012-08-06 02:03:02.123267+00:00,1.48,3.35,5.13,4928.003337274438,14.111018221600585,-136.83602301675438,7,1
2012-08-06 02:06:02.123267+00:00,0.76,1.72,2.63,3852.034457830126,13.215810878789004,-138.62643770237753,6,1
2012-08-06 02:10:02.123267+00:00,1.1,2.5,3.82,4928.003337274438,14.111018221600585,-136.83602301675438,7,1
2012-08-06 02:11:02.123267+00:00,0.95,2.14,3.28,5688.035417846957,13.475543436420455,-138.10697258711463,6,1
2012-08-06 02:16:02.123267+00:00,0.95,2.14,3.28,5685.873180257663,13.475543436420455,-138.10697258711463,6,1
2012-08-06 02:17:02.123267+00:00,0.83,1.87,2.87,2771.741103207227,12.320603535977424,-140.4168523880007,5,1
2012-08-06 02:22:02.123267+00:00,2.6,5.85,8.96,2421.0687858438814,12.168832207250118,-140.72039504545532,5,1
2012-08-06 02:27:02.123267+00:00,1.91,4.31,6.59,9344.846911158693,14.496731321863642,-136.0645968162283,6,1
2012-08-06 02:29:02.123267+00:00,1.75,3.96,6.07,2335.4058305718186,12.168832207250118,-140.72039504545532,5,1
2012-08-06 02:33:02.123267+00:00,2.19,4.93,7.55,16354.287991745568,16.824630436477165,-131.40879858700123,5,1
2012-08-06 02:36:02.123267+00:00,2.21,4.99,7.64,16354.287991745568,16.824630436477165,-131.40879858700123,5,1
2012-08-06 02:43:02.123267+00:00,2.02,4.56,6.99,24444.377581375004,17.62376370704102,-129.81053204587352,4,1
2012-08-06 03:16:02.123267+00:00,4.65,10.31,15.75,3034.795157654013,12.696703763454469,-139.66465193304663,3,1
2012-08-06 03:23:02.123267+00:00,5.84,12.84,19.59,3203.9311341661773,12.9760560589553,-139.10594734204497,3,1
2012-08-06 03:31:02.123267+00:00,5.69,12.52,19.1,3203.9311341661773,12.9760560589553,-139.10594734204497,3,1
2012-08-06 03:37:02.123267+00:00,5.89,12.93,19.73,3971.1424125527974,13.240273852233583,-138.5775117554884,4,1
2012-08-06 03:43:02.123267+00:00,5.89,12.93,19.73,3971.1424125527974,13.240273852233583,-138.5775117554884,4,1
2012-08-06 03:47:02.123267+00:00,6.16,13.51,20.6,3843.62666899948,13.0379745219698,-138.98211041601593,4,1
2012-08-06 03:52:02.123267+00:00,6.17,13.54,20.65,3737.460304839808,12.944320831017745,-139.16941779792006,5,1
2012-08-06 03:56:02.123267+00:00,6.19,13.57,20.69,3301.850185445036,12.9397256255816,-139.17860820879235,5,1
2012-08-06 04:01:02.123267+00:00,6.5,14.23,21.7,2932.6177815029523,12.695974920134464,-139.6661096196866,4,1
2012-08-06 04:06:02.123267+00:00,7.19,15.66,23.86,2932.6177815029523,12.695974920134464,-139.6661096196866,4,1
2012-08-06 04:14:02.123267+00:00,8.14,17.62,26.81,2329.2052142096004,12.452224214687329,-140.1536110305809,3,1
2012-08-06 04:20:02.123267+00:00,8.2,17.74,27.0,2329.2052142096004,12.14097495992624,-140.77610954010308,3,1
2012-08-06 04:26:02.123267+00:00,7.42,16.13,24.56,2159.8659874189193,11.624536731768018,-141.80898599641952,3,1
2012-08-06 04:34:02.123267+00:00,16.68,34.77,40.0,2159.8659874189193,11.624536731768018,-141.80898599641952,3,1
2012-08-06 04:41:02.123267+00:00,16.75,34.91,40.0,2333.5118316785524,12.020759590155128,-141.0165402796453,3,1
2012-08-06 04:47:02.123267+00:00,16.73,34.87,40.0,2490.007061239194,12.388414336152708,-140.28123078765014,3,1
2012-08-06 06:02:02.123267+00:00,0.0,0.01,0.02,7782.128219192206,15.776104364790308,-133.50585073037493,3,1
2012-08-06 06:10:02.123267+00:00,0.0,0.02,0.02,7782.128219192206,15.776104364790308,-133.50585073037493,3,1
2012-08-06 06:19:02.123267+00:00,0.0,0.01,0.02,5127.289549494545,13.996777434005542,-137.06450459194446,3,1
2012-08-06 06:27:02.123267+00:00,1.52,3.43,5.26,2911.002764573099,12.48147795417652,-140.0951035516025,3,1
2012-08-08 00:57:02.122936+00:00,10.83,23.07,35.04,1721.69828553209,13.016952805490453,-144.72152107965832,3,1
2012-08-08 01:05:02.122936+00:00,9.38,20.13,30.6,2349.626912403694,13.23843679393995,-144.27855310275933,3,1
2012-08-08 01:14:02.122936+00:00,8.26,17.86,27.19,3103.590714747966,13.935777604367502,-142.88387148190424,3,1
2012-08-08 01:21:02.122936+00:00,5.73,12.61,19.25,3996.7787681263017,14.503086855333176,-141.74925297997288,3,1
2012-08-08 01:27:02.122936+00:00,5.3,11.7,17.86,5070.999899434673,14.86759365011074,-141.02023939041777,3,1
2012-08-08 01:35:02.122936+00:00,5.41,11.93,18.21,5070.999899434673,14.86759365011074,-141.02023939041777,3,1
2012-08-08 01:58:02.122936+00:00,10.39,22.17,33.68,1758.6851879609555,12.4371378814,-145.88115092783923,3,1
2012-08-08 02:01:02.122936+00:00,3.76,8.4,12.85,2256.56650477251,13.106945470911832,-144.54153574881556,4,1
2012-08-08 02:05:02.122936+00:00,3.82,8.52,13.02,1915.4870471959157,12.709755131701671,-145.3359164272359,5,1
2012-08-08 02:09:02.122936+00:00,3.28,7.34,11.23,1915.4870471959157,12.709755131701671,-145.3359164272359,5,1
2012-08-08 02:12:02.122936+00:00,3.28,7.34,11.23,1973.3378977895968,12.805425104440566,-145.1445764817581,5,1
2012-08-08 02:16:02.122936+00:00,3.0,6.72,10.28,4046.460505445392,14.466678559779302,-141.82206957108062,5,1
2012-08-08 02:20:02.122936+00:00,2.29,5.16,7.9,1973.3378977895968,12.805425104440566,-145.1445764817581,5,1
2012-08-08 02:23:02.122936+00:00,2.26,5.1,7.81,2195.202428022963,13.16386724654434,-144.42769219755056,5,1
2012-08-08 02:26:02.122936+00:00,2.49,5.6,8.57,2084.27016290628,12.984646175492454,-144.78613433965432,4,1
2012-08-08 02:32:02.122936+00:00,9.87,21.13,32.11,3963.565299219885,14.031978116320955,-142.69147045799733,4,1
2012-08-08 02:38:02.122936+00:00,11.42,24.27,36.83,6714.753039364598,15.085122148282228,-140.58518239407476,4,1
2012-08-08 02:44:02.122936+00:00,10.86,23.14,35.14,6714.753039364598,15.051248924871365,-140.6529288408965,4,1
2012-08-08 02:47:02.122936+00:00,10.88,23.18,35.19,6714.753039364598,15.051248924871365,-140.6529288408965,4,1
2012-08-08 02:52:02.122936+00:00,10.75,22.91,34.78,2038.0103149084491,13.041023451084827,-144.6733797884696,4,1
2012-08-08 02:58:02.122936+00:00,11.32,24.06,36.52,1798.0426649301992,12.939305925108451,-144.87681484042236,4,1
2012-08-08 03:04:02.122936+00:00,13.07,27.57,40.0,1769.2344621857192,12.892685747769866,-144.97005519509952,3,1
2012-08-08 03:07:02.122936+00:00,29.62,40.0,40.0,1769.2344621857192,12.892685747769866,-144.97005519509952,3,1
2012-08-09 23:20:02.122688+00:00,6.34,13.88,21.17,2762.475710818417,13.214630521133186,-141.18734863860206,3,1
2012-08-09 23:30:02.122688+00:00,6.17,13.54,20.65,2989.3603302948513,13.25460760056896,-141.10739447973052,3,1
2012-08-10 00:32:02.122606+00:00,6.8,14.85,22.64,3608.3015789879014,13.56605924728617,-140.07395256718922,4,1
2012-08-10 00:37:02.122606+00:00,6.97,15.2,23.16,3102.857011989503,13.36663876744882,-140.4727935268639,3,1
2012-08-10 00:42:02.122606+00:00,7.0,15.26,23.25,3071.68200095098,13.153998457573016,-140.8980741466155,4,1
2012-08-10 00:50:02.122606+00:00,8.28,17.9,27.23,1594.3459181408475,12.022339495161,-143.16139207143954,3,1
2012-08-10 01:53:02.122606+00:00,9.88,21.16,32.15,1563.9591221357582,12.03649779425528,-143.13307547325098,3,1
2012-08-10 01:58:02.122606+00:00,9.68,20.74,31.52,1864.1193133686947,12.339209285060551,-142.52765249164045,3,1
2012-08-10 02:05:02.122606+00:00,9.44,20.26,30.8,1960.0444368814176,12.586552068952637,-142.0329669238563,3,1
2012-08-10 02:11:02.122606+00:00,9.13,19.62,29.84,2148.433498858524,12.60290889080778,-142.00025328014598,3,1
2012-08-10 02:16:02.122606+00:00,9.69,20.77,31.57,2148.433498858524,12.651553898442652,-141.90296326487623,3,1
2012-08-10 02:21:02.122606+00:00,9.93,21.26,32.3,2174.516532852424,12.69708626217115,-141.81189853741924,3,1
2012-08-10 02:30:02.122606+00:00,9.85,21.1,32.06,2295.761181952593,12.9196901538537,-141.36669075405416,3,1
2012-08-10 02:36:02.122606+00:00,9.72,20.84,31.67,2415.396569014385,12.9196901538537,-141.36669075405416,3,1
2012-08-10 02:43:02.122606+00:00,9.84,21.06,32.01,2415.396569014385,12.9196901538537,-141.36669075405416,3,1
2012-08-10 02:49:02.122606+00:00,9.76,20.9,31.76,2499.2205112873703,13.257541908308305,-140.69098724514495,3,1
2012-08-10 02:55:02.122606+00:00,9.76,20.9,31.76,2874.6596835536093,13.300854574990185,-140.60436191178118,3,1
2012-08-10 03:03:02.122606+00:00,9.36,20.1,30.56,3417.4247736790544,13.787260810953295,-139.63154943985495,3,1
2012-08-10 03:13:02.122606+00:00,9.3,19.97,30.36,3417.4247736790544,13.787260810953295,-139.63154943985495,3,1
2012-08-10 03:18:02.122606+00:00,9.17,19.72,29.98,3351.8600844841817,13.563097288907056,-140.07987648394743,3,1
2012-08-10 03:24:02.122606+00:00,9.25,19.88,30.22,3014.604968835245,13.325496684380944,-140.55507769299967,3,1
2012-08-10 03:32:02.122606+00:00,9.41,20.2,30.7,3351.8600844841817,13.563097288907056,-140.07987648394743,3,1
2012-08-10 03:38:02.122606+00:00,9.49,20.35,30.94,3255.9526738337768,14.102795595533545,-139.00047987069445,4,1
2012-08-10 03:46:02.122606+00:00,9.41,20.2,30.7,3384.254812289437,14.102795595533545,-139.00047987069445,4,1
2012-08-10 03:47:02.122606+00:00,9.41,20.2,30.7,3384.254812289437,14.102795595533545,-139.00047987069445,4,1
2012-08-10 03:55:02.122606+00:00,40.0,40.0,40.0,2988.085154592879,13.607335877190351,-139.99139930738085,5,1
2012-08-10 03:58:02.122606+00:00,9.31,20.0,30.41,2804.9441776892136,13.07756663186557,-141.05093779803042,4,1
2012-08-10 04:00:02.122606+00:00,9.36,20.1,30.56,2804.9441776892136,13.07756663186557,-141.05093779803042,4,1
2012-08-10 04:06:02.122606+00:00,9.47,20.32,30.89,2563.196554283259,12.93218689352158,-141.3416972747184,4,1
2012-08-10 04:11:02.122606+00:00,9.71,20.8,31.62,2504.58990778097,12.817249873035044,-141.57157131569147,3,1
2012-08-10 04:18:02.122606+00:00,2.29,5.16,7.9,2127.8603711986834,13.047123914008116,-141.11182323374533,5,1
2012-08-10 04:23:02.122606+00:00,2.29,5.16,7.9,2028.791569047134,14.728148455417053,-137.74977415092744,4,1
2012-08-10 04:26:02.122606+00:00,2.29,5.16,7.9,2028.791569047134,14.728148455417053,-137.74977415092744,4,2
2012-08-10 05:57:02.122606+00:00,8.31,17.96,27.33,2107.5594421439773,12.760333402652307,-141.68540425645693,3,1
2012-08-11 21:02:02.122357+00:00,40.0,40.0,40.0,7949.561737483711,20.47195134467338,-127.74864394584095,4,2
2012-08-11 21:03:02.122357+00:00,40.0,40.0,40.0,7949.561737483711,20.47195134467338,-127.74864394584095,4,2
2012-08-12 08:35:02.122275+00:00,33.49,40.0,40.0,2232.3692572050013,15.714202553133166,-135.00064006275147,6,1
2012-08-12 08:36:02.122275+00:00,33.42,40.0,40.0,2232.3692572050013,15.714202553133166,-135.00064006275147,6,2
2012-08-12 08:41:02.122275+00:00,33.42,40.0,40.0,2232.3692572050013,15.714202553133166,-135.00064006275147,6,1
2012-08-12 08:43:02.122275+00:00,33.42,40.0,40.0,2232.3692572050013,15.714202553133166,-135.00064006275147,6,1
2012-08-12 08:44:02.122275+00:00,33.49,40.0,40.0,2232.3692572050013,15.714202553133166,-135.00064006275147,6,1
2012-08-13 17:16:02.122027+00:00,2.05,4.63,7.08,2353.4129640934,13.240134767807143,-140.10728450490893,3,1
2012-08-13 17:22:02.122027+00:00,0.01,0.03,0.08,2353.4129640934,13.240134767807143,-140.10728450490893,3,1
2012-08-13 17:28:02.122027+00:00,1.15,2.6,3.99,1866.746943069939,12.07775122299646,-142.4320515945303,3,1
2012-08-14 05:32:02.121945+00:00,7.03,15.32,23.35,1877.8521468287472,12.472289196748264,-136.7620981717514,3,1
2012-08-14 05:36:02.121945+00:00,6.61,14.45,22.03,1833.01281474096,12.580613494931386,-136.54544957538516,4,1
2012-08-14 05:39:02.121945+00:00,6.25,13.7,20.89,1776.5063677347532,12.535245434895003,-136.63618569545793,6,1
2012-08-14 05:42:02.121945+00:00,6.04,13.25,20.21,1788.1734826531726,12.598201673041746,-136.51027321916447,7,1
2012-08-14 05:47:02.121945+00:00,5.69,12.52,19.1,1788.1734826531726,12.46033219450358,-136.7860121762408,7,1
2012-08-14 05:49:02.121945+00:00,5.72,12.58,19.2,1788.1734826531726,12.46033219450358,-136.7860121762408,7,1
2012-08-14 05:52:02.121945+00:00,5.81,12.77,19.49,1788.1734826531726,12.598201673041746,-136.51027321916447,7,1
2012-08-14 05:53:02.121945+00:00,5.69,12.52,19.1,1990.5477496715896,12.486232362921136,-136.7342118394057,6,1
2012-08-14 05:55:02.121945+00:00,5.81,12.77,19.49,1764.8392528163338,12.552536759189854,-136.60160304686823,7,1
2012-08-14 06:01:02.121945+00:00,5.84,12.84,19.59,1746.1517957642927,12.374263052800526,-136.9581504596469,7,1
2012-08-14 06:05:02.121945+00:00,6.01,13.19,20.12,1707.075859141602,12.45940166975788,-136.7878732257322,4,1
2012-08-14 06:06:02.121945+00:00,5.99,13.16,20.07,1707.075859141602,12.45940166975788,-136.7878732257322,4,1
2012-08-14 06:09:02.121945+00:00,5.78,12.71,19.39,1746.1517957642927,12.552536759189854,-136.60160304686823,5,1
2012-08-14 06:18:02.121945+00:00,5.5,12.13,18.51,1927.669398154994,12.465243679209369,-136.77618920682923,5,1
2012-08-14 06:21:02.121945+00:00,5.39,11.9,18.16,2010.2832766833444,12.753168022823536,-136.2003405196009,4,1
2012-08-14 06:25:02.121945+00:00,5.5,12.13,18.51,2010.2832766833444,12.753168022823536,-136.2003405196009,4,1
2012-08-14 06:28:02.121945+00:00,5.82,12.81,19.54,2012.6653395139072,12.753168022823536,-136.2003405196009,4,1
2012-08-16 01:39:02.121614+00:00,8.05,17.43,26.53,2292.153255988854,13.233010585057624,-142.83822923977863,3,1
2012-08-16 01:44:02.121614+00:00,7.98,17.27,26.3,2915.638385159402,13.729350995789982,-141.8455484183139,4,1
2012-08-16 01:48:02.121614+00:00,7.42,16.13,24.56,3539.123514329949,14.22569140652234,-140.8528675968492,5,1
2012-08-16 01:52:02.121614+00:00,7.16,15.6,23.77,3982.5857969089466,14.38039749437791,-140.54345542113805,5,1
2012-08-16 01:56:02.121614+00:00,8.4,18.14,27.61,4349.236630934448,14.647353602460273,-140.00954320497334,6,1
2012-08-16 01:59:02.121614+00:00,8.42,18.18,27.66,4725.706465846083,14.830922229724187,-139.6424059504455,6,1
2012-08-16 02:03:02.121614+00:00,8.14,17.62,26.81,4791.999727480024,14.938399662313056,-139.42745108526776,6,1
2012-08-16 02:05:02.121614+00:00,8.14,17.62,26.81,4791.999727480024,14.938399662313056,-139.42745108526776,6,1
2012-08-16 02:07:02.121614+00:00,8.1,17.52,26.67,4776.531859677301,14.881656866133158,-139.54093667762754,6,1
2012-08-16 02:11:02.121614+00:00,8.16,17.65,26.86,4776.531859677301,14.881656866133158,-139.54093667762754,6,1
2012-08-16 02:16:02.121614+00:00,5.95,13.06,19.93,4621.664554415346,14.710247473801008,-139.88375546229184,5,1
2012-08-16 02:20:02.121614+00:00,6.02,13.22,20.17,3803.381680806612,14.29849511264326,-140.70726018460735,5,1
2012-08-16 02:24:02.121614+00:00,6.13,13.44,20.5,3803.381680806612,14.29849511264326,-140.70726018460735,5,1
2012-08-16 02:28:02.121614+00:00,5.78,12.71,19.39,3803.381680806612,14.29849511264326,-140.70726018460735,5,1
2012-08-16 02:32:02.121614+00:00,5.89,12.93,19.73,4150.0254220241395,14.607051223175588,-140.0901479635427,5,1
2012-08-16 02:35:02.121614+00:00,5.99,13.16,20.07,4241.533986804835,14.702895482087984,-139.89845944571792,5,1
2012-08-16 02:40:02.121614+00:00,6.23,13.66,20.84,4693.103515363827,14.760471463803968,-139.78330748228595,6,1
2012-08-16 02:43:02.121614+00:00,6.2,13.6,20.74,4693.103515363827,14.79369940637272,-139.71685159714843,6,1
2012-08-16 02:46:02.121614+00:00,6.34,13.88,21.17,4701.4882669394065,14.818047445519952,-139.66815551885398,5,1
2012-08-16 02:49:02.121614+00:00,6.31,13.82,21.08,4743.827880090349,14.79369940637272,-139.71685159714843,6,1
2012-08-16 02:52:02.121614+00:00,6.38,13.98,21.32,4743.827880090349,14.79369940637272,-139.71685159714843,6,1
2012-08-16 02:56:02.121614+00:00,6.49,14.2,21.65,4701.4882669394065,14.608933981125489,-140.0863824476429,5,1
2012-08-16 03:00:02.121614+00:00,6.76,14.76,22.5,4325.412550444255,14.608933981125489,-140.0863824476429,5,1
2012-08-16 03:03:02.121614+00:00,6.86,14.98,22.83,3082.005397683766,13.711004296395952,-141.88224181710197,5,1
2012-08-16 03:07:02.121614+00:00,7.27,15.82,24.1,2561.398047692148,13.557218119383863,-142.18981417112616,5,1
2012-08-16 03:11:02.121614+00:00,7.64,16.59,25.27,2532.998471148305,13.451206753203316,-142.40183690348726,4,1
2012-08-16 03:15:02.121614+00:00,7.89,17.09,26.01,2504.5988946044613,13.345195387022766,-142.61385963584837,3,1
2012-08-16 06:56:02.121614+00:00,5.52,12.16,18.56,3461.411171773555,14.189270950101598,-140.92570850969068,3,1
2012-08-16 07:02:02.121614+00:00,5.33,11.77,17.96,2862.046744420864,13.777136589554791,-141.7499772307843,3,1
2012-08-16 08:03:02.121614+00:00,6.37,13.95,21.27,4717.159627234905,14.777463141607834,-139.7493241266782,3,1
2012-08-16 08:12:02.121614+00:00,6.59,14.42,21.98,4717.159627234905,14.777463141607834,-139.7493241266782,3,1
2012-08-16 08:18:02.121614+00:00,6.95,15.17,23.11,3212.2140072930188,14.2924529491863,-140.71934451152129,3,1
2012-08-16 08:24:02.121614+00:00,7.57,16.44,25.03,2468.8045244569107,13.346641564717054,-142.61096728045976,3,1
2012-08-17 07:42:02.121449+00:00,6.89,15.04,22.92,1738.8908561639798,12.715618503469273,-142.39280003725594,3,1
2012-08-17 07:52:02.121449+00:00,5.87,12.9,19.68,2358.0289635490676,12.987553379633852,-141.84893028492678,3,1
2012-08-17 07:58:02.121449+00:00,5.1,11.27,17.21,2358.0289635490676,12.987553379633852,-141.84893028492678,3,1
2012-08-17 08:04:02.121449+00:00,5.03,11.13,17.0,1965.4289248939629,12.974037004404366,-141.87596303538575,3,1
2012-08-17 08:10:02.121449+00:00,4.78,10.59,16.17,1717.4603642508669,12.712331645606737,-142.399373752981,3,1
2012-08-17 08:52:02.121449+00:00,22.15,40.0,40.0,2272.3338699130377,13.250080716966393,-141.3238756102617,3,1
2012-08-17 08:56:02.121449+00:00,22.15,40.0,40.0,2272.3338699130377,13.250080716966393,-141.3238756102617,3,1
2012-08-17 09:02:02.121449+00:00,11.24,23.89,36.26,2348.3229029120425,13.217103107424307,-141.38983082934584,6,1
2012-08-17 09:07:02.121449+00:00,22.38,40.0,40.0,2533.6055758242924,13.39641908366958,-141.03119887685529,6,1
2012-08-17 09:08:02.121449+00:00,22.38,40.0,40.0,2533.6055758242924,13.39641908366958,-141.03119887685529,6,1
2012-08-17 09:12:02.121449+00:00,8.42,18.18,27.66,2735.129603779539,13.566098075972002,-140.69184089225047,6,1
2012-08-17 09:14:02.121449+00:00,8.43,18.21,27.7,2735.129603779539,13.566098075972002,-140.69184089225047,6,1
2012-08-17 09:16:02.121449+00:00,8.43,18.21,27.7,2735.129603779539,13.566098075972002,-140.69184089225047,6,1
2012-08-17 09:20:02.121449+00:00,8.28,17.9,27.23,3194.679222930595,13.837010076062356,-140.15001689206977,5,1
2012-08-17 09:26:02.121449+00:00,7.75,16.81,25.59,6619.483118035678,15.081393062593474,-137.66125091900756,3,1
2012-08-17 09:33:02.121449+00:00,7.07,15.41,23.49,7453.979082455472,15.19294837348201,-137.43814029723046,3,1
2012-08-17 09:40:02.121449+00:00,6.94,15.13,23.06,8061.257032197061,15.45217330033113,-136.9196904435322,3,1
2012-08-17 09:48:02.121449+00:00,6.97,15.2,23.16,7539.906862545896,15.490073144884525,-136.84389075442544,3,1
2012-08-17 09:54:02.121449+00:00,7.06,15.38,23.44,8080.67066071194,15.490073144884525,-136.84389075442544,3,1
2012-08-17 10:00:02.121449+00:00,7.04,15.35,23.39,8021.457681680271,15.485071753061582,-136.8538935380713,3,1
2012-08-17 10:06:02.121449+00:00,6.92,15.1,23.02,8021.457681680271,15.481477511717252,-136.86108202075997,3,1
2012-08-17 10:13:02.121449+00:00,6.97,15.2,23.16,7623.285852919515,15.357811849099722,-137.10841334599505,3,1
2012-08-17 10:19:02.121449+00:00,7.3,15.88,24.19,7370.368591912774,15.331830352103092,-137.16037633998832,3,1
2012-08-17 10:25:02.121449+00:00,7.61,16.53,25.17,5166.691133423164,14.831585509969392,-138.16086602425568,3,1
2012-08-17 10:31:02.121449+00:00,8.11,17.55,26.72,4924.314708934208,14.649777945411548,-138.52448115337137,3,1
2012-08-17 10:37:02.121449+00:00,8.55,18.46,28.08,3122.068152217066,13.59899499508879,-140.6260470540169,3,1
2012-08-17 10:43:02.121449+00:00,8.13,17.58,26.76,2543.7260368899797,13.330089753339273,-141.16385753751592,3,1
2012-08-17 10:50:02.121449+00:00,40.0,40.0,40.0,2335.289647684368,13.330060567051724,-141.16391591009102,3,1
2012-08-17 12:15:02.121365+00:00,9.49,20.35,30.94,2033.4252402877576,13.184904559294676,-142.37415951134685,3,1
2012-08-17 12:21:02.121365+00:00,9.44,20.26,30.8,2022.7698863558655,13.034022670064804,-142.67592328980658,4,1
2012-08-17 12:24:02.121365+00:00,9.25,19.88,30.22,2022.7698863558655,13.034022670064804,-142.67592328980658,4,1
2012-08-17 12:29:02.121365+00:00,9.58,20.55,31.23,2288.954875532955,13.486433974482406,-141.7711006809714,4,1
2012-08-17 12:38:02.121365+00:00,9.03,19.43,29.55,3051.277998501675,14.066335752214613,-140.61129712550695,4,1
2012-08-17 12:43:02.121365+00:00,7.7,16.72,25.45,3536.7607783614126,14.089727168129878,-140.56451429367644,3,1
2012-08-17 12:47:02.121365+00:00,7.61,16.53,25.17,3454.0026982516592,14.140008487580488,-140.46395165477523,4,1
2012-08-17 13:06:02.121365+00:00,8.17,17.68,26.9,4215.36910910995,14.964938988897726,-138.81409065214075,4,1
2012-08-17 13:09:02.121365+00:00,8.51,18.36,27.94,4263.507449721236,14.978318107437048,-138.78733241506208,5,1
2012-08-17 13:13:02.121365+00:00,8.51,18.36,27.94,4263.507449721236,14.978318107437048,-138.78733241506208,5,1
2012-08-17 13:16:02.121365+00:00,13.11,27.64,40.0,5110.868293312702,15.434730414208042,-137.8745078015201,6,1
2012-08-17 13:17:02.121365+00:00,13.11,27.64,40.0,5958.229136904168,15.891142720979037,-136.9616831879781,5,1
2012-08-17 13:24:02.121365+00:00,13.22,27.87,40.0,12662.531280786196,16.35130145443901,-136.04136572105818,4,1
2012-08-17 13:33:02.121365+00:00,13.24,27.91,40.0,8292.954565635848,15.81537571185915,-137.11321720621788,4,1
2012-08-17 13:37:02.121365+00:00,0.01,0.02,0.02,8292.954565635848,15.81537571185915,-137.11321720621788,4,1
2012-08-17 13:40:02.121365+00:00,0.01,0.03,0.08,4961.102985642173,15.202537026950887,-138.33889457603442,5,1
2012-08-17 13:45:02.121365+00:00,1.94,4.37,6.7,5305.481792646078,14.822913787581427,-139.09814105477335,6,1
2012-08-17 13:47:02.121365+00:00,3.12,6.99,10.7,4961.102985642173,14.74224293306052,-139.25948276381516,5,1
2012-08-17 13:52:02.121365+00:00,3.3,7.38,11.29,5293.968456519741,14.685656164743136,-139.37265630044993,6,1
2012-08-17 13:55:02.121365+00:00,3.32,7.42,11.36,5293.968456519741,14.685656164743136,-139.37265630044993,6,1
2012-08-17 13:59:02.121365+00:00,3.75,8.36,12.79,3494.026256763551,14.134779645162432,-140.47440933961133,6,1
2012-08-17 14:01:02.121365+00:00,3.73,8.32,12.73,3494.026256763551,14.134779645162432,-140.47440933961133,6,1
2012-08-17 14:06:02.121365+00:00,7.7,16.72,25.45,3050.1129065628493,13.805653586547669,-141.13266145684088,5,1
2012-08-17 14:07:02.121365+00:00,7.7,16.72,25.45,2948.9351258940205,13.728675022821667,-141.28661858429285,6,1
2012-08-17 14:14:02.121365+00:00,7.96,17.24,26.25,2624.222214266593,13.64241613320171,-141.45913636353276,5,1
2012-08-17 14:17:02.121365+00:00,7.64,16.59,25.27,2847.757345225192,13.651696459095668,-141.44057571174486,5,1
2012-08-17 14:22:02.121365+00:00,7.64,16.59,25.27,2624.222214266593,13.651696459095668,-141.44057571174486,5,1
2012-08-17 14:27:02.121365+00:00,7.63,16.56,25.22,2610.8601322841437,13.456613135876902,-141.8307423581824,4,1
2012-08-17 14:30:02.121365+00:00,7.76,16.84,25.64,2315.489230999807,13.25656598393982,-142.23083666205656,5,1
2012-08-17 14:36:02.121365+00:00,7.9,17.12,26.06,2820.1418843976408,13.270376276284743,-142.20321607736673,5,1
2012-08-17 14:39:02.121365+00:00,8.54,18.43,28.03,2565.8580247780824,13.164008883606789,-142.41595086272264,4,1
2012-08-17 14:43:02.121365+00:00,8.78,18.93,28.79,2593.6637010692684,13.168539402774364,-142.40688982438746,4,1
2012-08-17 14:50:02.121365+00:00,9.25,19.88,30.22,2820.1418843976408,13.270376276284743,-142.20321607736673,3,1
2012-08-17 14:58:02.121365+00:00,8.33,17.99,27.37,3121.323675240489,13.513076487210975,-141.71781565551424,3,1
2012-08-17 15:04:02.121365+00:00,8.45,18.24,27.75,3121.323675240489,13.513076487210975,-141.71781565551424,3,1
2012-08-17 15:12:02.121365+00:00,8.26,17.86,27.19,1677.5593413642669,12.646757432309013,-143.45045376531817,3,1
2012-08-17 15:19:02.121365+00:00,9.05,19.46,29.6,1677.5593413642669,12.303602764107923,-144.13676310172033,3,1
2012-08-17 15:26:02.121365+00:00,9.16,19.69,29.93,1652.5297856694274,12.277057583087648,-144.1898534637609,3,1
2012-08-17 20:03:02.121365+00:00,8.74,18.83,28.65,2508.871073355854,12.897080366948275,-142.94980789603966,3,1
2012-08-17 20:07:02.121365+00:00,9.33,20.04,30.46,2421.161966712645,12.97545225729099,-142.79306411535424,4,1
2012-08-17 20:11:02.121365+00:00,7.93,17.18,26.15,2508.871073355854,13.053824147633703,-142.6363203346688,5,1
2012-08-17 20:15:02.121365+00:00,8.02,17.37,26.44,2562.015865123103,13.053824147633703,-142.6363203346688,5,1
2012-08-17 20:19:02.121365+00:00,8.11,17.55,26.72,2623.8200331829194,13.053824147633703,-142.6363203346688,5,1
2012-08-17 20:22:02.121365+00:00,7.99,17.3,26.34,3003.645781810939,13.292230685184116,-142.15950725956796,5,1
2012-08-17 20:27:02.121365+00:00,7.96,17.24,26.25,3018.295398517188,13.472986457857225,-141.79799571422174,5,1
2012-08-17 20:31:02.121365+00:00,8.34,18.02,27.42,3018.295398517188,13.472986457857225,-141.79799571422174,5,1
2012-08-17 20:35:02.121365+00:00,8.08,17.49,26.62,5285.182101982399,14.674156291758012,-139.3956560464202,5,1
2012-08-17 20:40:02.121365+00:00,7.83,16.96,25.83,6929.91311660419,15.356201082659576,-138.03156646461704,4,1
2012-08-17 20:45:02.121365+00:00,7.31,15.91,24.24,7294.672635718786,15.253225525111302,-138.2375175797136,3,1
2012-08-17 21:10:02.121365+00:00,6.64,14.51,22.12,8145.351429025863,15.505939282335175,-137.73209006526585,4,1
2012-08-17 21:14:02.121365+00:00,6.49,14.2,21.65,8392.554555254947,15.682699482455735,-137.37856966502474,3,1
2012-08-17 21:20:02.121365+00:00,6.95,15.17,23.11,7898.148302796779,15.455540719415763,-137.83288719110465,3,1
2012-08-17 21:24:02.121365+00:00,6.94,15.13,23.06,8042.436035202367,15.402836705100984,-137.9382952197342,4,1
2012-08-17 21:32:02.121365+00:00,7.27,15.82,24.1,6956.172730198147,15.350132690786202,-138.04370324836378,3,1
2012-08-17 21:38:02.121365+00:00,7.39,16.06,24.47,5451.626490479932,14.769159041876597,-139.205650546183,3,1
2012-08-17 21:46:02.121365+00:00,8.29,17.93,27.28,3722.111668238343,13.79897048274411,-141.14602766444796,3,1
2012-08-17 21:51:02.121365+00:00,8.34,18.02,27.42,3076.9408932677693,13.689081221340828,-141.36580618725452,3,1
2012-08-18 00:41:02.121283+00:00,7.93,17.18,26.15,1616.4709167975095,12.43239369748955,-145.33769466831615,3,1
2012-08-18 00:46:02.121283+00:00,7.64,16.59,25.27,1790.43606704572,12.654804094111626,-144.89287387507204,4,1
2012-08-18 00:49:02.121283+00:00,7.86,17.03,25.92,1964.40121729393,12.8772144907337,-144.44805308182788,5,1
2012-08-18 00:53:02.121283+00:00,7.6,16.5,25.12,2031.662157958161,12.919977901631183,-144.3625262600329,4,1
2012-08-18 00:58:02.121283+00:00,7.4,16.1,24.52,2498.306691436549,13.238220856696174,-143.72604034990292,4,1
2012-08-18 01:04:02.121283+00:00,7.0,15.26,23.25,4459.896148628211,14.45443677683926,-141.29360850961675,3,1
2012-08-18 02:07:02.121283+00:00,10.08,21.55,32.74,7939.447453725681,15.5182564398999,-139.16596918349546,3,1
2012-08-18 02:12:02.121283+00:00,10.08,21.55,32.74,5912.038102662586,14.75398747149625,-140.69450712030277,4,1
2012-08-18 02:17:02.121283+00:00,10.08,21.55,32.74,5912.038102662586,14.75398747149625,-140.69450712030277,4,1
2012-08-18 02:21:02.121283+00:00,3.56,7.96,12.18,4540.353123846452,14.366222970949348,-141.47003612139656,4,1
2012-08-18 02:46:02.121283+00:00,4.47,9.92,15.16,2670.8255743457057,13.542416377001798,-143.11764930929166,4,1
2012-08-18 02:47:02.121283+00:00,4.47,9.92,15.16,2670.8255743457057,13.542416377001798,-143.11764930929166,4,1
2012-08-18 02:53:02.121283+00:00,4.81,10.66,16.28,2833.025899777396,13.175567029099671,-143.85134800509593,5,1
2012-08-18 02:55:02.121283+00:00,4.81,10.66,16.28,2833.025899777396,13.175567029099671,-143.85134800509593,5,1
2012-08-18 03:00:02.121283+00:00,4.86,10.76,16.43,2417.4055198417445,13.253132382942429,-143.6962172974104,4,1
2012-08-18 03:09:02.121283+00:00,5.39,11.9,18.16,2833.025899777396,13.397126516575968,-143.40822903014333,3,1
2012-08-18 03:35:02.121283+00:00,6.86,14.98,22.83,6368.313657347422,15.286209560698095,-139.63006294189907,4,1
2012-08-18 03:39:02.121283+00:00,6.89,15.04,22.92,6365.401731956436,15.353912950178074,-139.49465616293912,3,1
2012-08-18 03:42:02.121283+00:00,6.98,15.23,23.2,5733.207348824833,15.127610628774724,-139.94726080574583,4,1
2012-08-18 11:47:02.121283+00:00,7.83,16.96,25.83,1871.8108606731184,12.757613116856488,-144.68725582958228,3,1
2012-08-18 11:53:02.121283+00:00,7.75,16.81,25.59,1871.8108606731184,12.757613116856488,-144.68725582958228,3,1
2012-08-19 03:37:02.121118+00:00,7.98,17.27,26.3,1919.8684269084076,13.249973184690887,-143.44696734684132,3,1
2012-08-19 03:42:02.121118+00:00,7.67,16.65,25.36,2230.3390924316095,13.44626382876536,-143.0543860586924,4,1
2012-08-19 03:47:02.121118+00:00,7.78,16.87,25.69,2540.8097579548116,13.642554472839832,-142.66180477054343,5,1
2012-08-19 03:52:02.121118+00:00,7.76,16.84,25.64,2747.85122036636,13.646343613720344,-142.6542264887824,4,1
2012-08-19 03:57:02.121118+00:00,7.8,16.9,25.73,4107.112144658983,14.57637221559291,-140.79416928503727,3,1
2012-08-19 04:04:02.121118+00:00,6.88,15.01,22.88,5507.093626898653,15.05423867286681,-139.8384363704895,4,1
2012-08-19 04:09:02.121118+00:00,6.46,14.14,21.55,5760.846057250961,15.217974540848894,-139.5109646345253,4,1
2012-08-19 04:14:02.121118+00:00,6.64,14.51,22.12,5914.3497832508565,15.316592525251984,-139.3137286657191,4,1
2012-08-19 04:19:02.121118+00:00,5.46,12.03,18.36,6368.864695567527,15.410429068070668,-139.12605558008175,4,1
2012-08-19 04:23:02.121118+00:00,6.56,14.36,21.88,6717.604906058483,15.462358469028857,-139.02219677816538,5,1
2012-08-19 04:27:02.121118+00:00,6.55,14.32,21.84,7334.64952545072,15.6627420293741,-138.6214296574749,4,1
2012-08-19 04:33:02.121118+00:00,6.55,14.32,21.84,7524.479056096408,15.863125589719344,-138.2206625367844,5,1
2012-08-19 04:38:02.121118+00:00,7.13,15.54,23.67,7751.45304610966,15.927698763932238,-138.09151618835864,4,1
2012-08-19 04:42:02.121118+00:00,7.12,15.51,23.63,7751.45304610966,15.927698763932238,-138.09151618835864,4,1
2012-08-19 04:48:02.121118+00:00,6.08,13.35,20.36,7524.479056096408,15.839488990375465,-138.26793573547218,5,1
2012-08-19 04:53:02.121118+00:00,6.17,13.54,20.65,7525.987068325108,15.771956627898938,-138.40300046042523,4,1
2012-08-19 04:56:02.121118+00:00,5.07,11.2,17.1,7527.17685575054,15.691182676309934,-138.56454836360322,5,1
2012-08-19 05:01:02.121118+00:00,5.03,11.13,17.0,7300.361978138922,15.761844419809751,-138.4232248766036,4,1
2012-08-19 05:05:02.121118+00:00,5.6,12.32,18.8,6967.221013996754,15.738961728688412,-138.46899025884628,4,1
2012-08-19 05:14:02.121118+00:00,5.6,12.32,18.8,6860.894927466205,15.670958260131563,-138.60499719595998,3,1
2012-08-19 05:19:02.121118+00:00,6.19,13.57,20.69,6247.505962845173,15.37011217313454,-139.206689369954,3,1
2012-08-19 05:26:02.121118+00:00,7.36,16.0,24.38,5870.974268056251,15.240230357626814,-139.46645300096947,3,1
2012-08-19 05:31:02.121118+00:00,7.9,17.12,26.06,4429.014989211934,14.522645294580151,-140.9016231270628,3,1
2012-08-19 05:36:02.121118+00:00,8.22,17.77,27.05,2783.732381751738,13.752910567775745,-142.4410925806716,3,1
2012-08-19 05:42:02.121118+00:00,8.45,18.24,27.75,2571.491125459535,13.627394237709886,-142.69212524080334,3,1
2012-08-19 05:46:02.121118+00:00,8.71,18.77,28.55,2571.491125459535,13.627394237709886,-142.69212524080334,3,1
2012-08-19 12:10:02.121035+00:00,9.02,19.4,29.5,2538.462274399684,13.292647860007168,-141.93862105823996,4,1
2012-08-19 12:15:02.121035+00:00,8.92,19.21,29.22,2884.4389227013226,13.548463368010246,-141.4269900422338,5,1
2012-08-19 12:20:02.121035+00:00,8.92,19.21,29.22,2895.3252051697455,13.658127005992974,-141.20766276626833,5,1
2012-08-19 12:25:02.121035+00:00,8.63,18.61,28.32,3180.974920485279,13.783250634708422,-140.95741550883744,5,1
2012-08-19 12:29:02.121035+00:00,8.36,18.05,27.47,3266.3938695333027,13.81418773694948,-140.89554130435533,4,1
2012-08-19 12:35:02.121035+00:00,8.08,17.49,26.62,4691.063400179738,14.594450193164048,-139.3350163919262,3,1
2012-08-19 12:44:02.121035+00:00,7.87,17.06,25.97,5873.935910948743,15.3153139345513,-137.8932889091517,3,1
2012-08-19 12:50:02.121035+00:00,7.36,16.0,24.38,8016.535519642979,15.866812737998202,-136.79029130225788,4,1
2012-08-19 12:55:02.121035+00:00,7.12,15.51,23.63,8411.559246731915,16.010123546221088,-136.5036696858121,4,1
2012-08-19 12:59:02.121035+00:00,7.12,15.51,23.63,8411.559246731915,16.010123546221088,-136.5036696858121,4,1
2012-08-19 13:04:02.121035+00:00,6.97,15.2,23.16,8657.917681300227,16.017275014899077,-136.48936674845612,4,1
2012-08-19 13:09:02.121035+00:00,6.65,14.54,22.17,8816.296621278758,16.1212288094055,-136.28145915944327,4,1
2012-08-19 13:15:02.121035+00:00,6.37,13.95,21.27,8795.785784355608,16.224267385738386,-136.07538200677752,3,1
2012-08-19 13:20:02.121035+00:00,5.66,12.45,19.0,8499.068500104831,15.881843107388692,-136.7602305634769,3,1
2012-08-19 13:27:02.121035+00:00,5.64,12.42,18.95,5385.317828666072,15.10990875384638,-138.30409927056152,3,1
2012-08-19 13:32:02.121035+00:00,5.3,11.7,17.86,3425.982270999519,14.294438036704184,-139.93504070484593,3,1
2012-08-19 13:37:02.121035+00:00,5.29,11.67,17.81,3496.137439746012,14.266994600455654,-139.989927577343,4,1
2012-08-19 13:42:02.121035+00:00,5.05,11.17,17.05,2919.416174988738,13.815362317227756,-140.8931921437988,4,1
2012-08-19 13:47:02.121035+00:00,5.21,11.5,17.56,3425.982270999519,14.239551164207125,-140.04481444984003,3,1
2012-08-19 14:25:02.121035+00:00,3.8,8.48,12.97,2308.2837781895437,13.625840529078864,-141.27223572009655,3,1
2012-08-19 14:31:02.121035+00:00,4.35,9.67,14.78,2610.9196729609603,13.86106188365758,-140.80179301093915,4,1
2012-08-19 14:36:02.121035+00:00,5.02,11.1,16.95,3904.7502314706826,14.510390285636545,-139.5031362069812,4,1
2012-08-19 14:41:02.121035+00:00,5.18,11.43,17.46,6026.039370447317,15.21678224109422,-138.09035229606584,4,1
2012-08-19 14:45:02.121035+00:00,5.35,11.8,18.01,6718.852139409057,15.50906714915165,-137.505782479951,5,1
2012-08-19 14:50:02.121035+00:00,5.43,11.96,18.26,7468.762774332333,15.680551048948148,-137.162814680358,5,1
2012-08-19 14:55:02.121035+00:00,5.69,12.52,19.1,8213.400403797266,15.796437701719846,-136.93104137481458,4,1
2012-08-19 15:00:02.121035+00:00,6.16,13.51,20.6,8442.069611349612,15.88138173712312,-136.76115330400805,5,1
2012-08-19 15:05:02.121035+00:00,6.34,13.88,21.17,8442.069611349612,15.88138173712312,-136.76115330400805,3,1
2012-08-19 15:09:02.121035+00:00,6.34,13.88,21.17,8442.069611349612,15.88138173712312,-136.76115330400805,3,1
2012-08-19 15:28:02.121035+00:00,7.89,17.09,26.01,2685.630584428893,13.642663261024571,-141.23859025620513,3,1
2012-08-21 15:24:02.120704+00:00,6.22,13.63,20.79,2888.106352341468,12.955657337800377,-138.5685777751829,3,1
2012-08-21 15:33:02.120704+00:00,6.16,13.51,20.6,2888.106352341468,13.059110398675156,-138.36167165343332,3,1
2012-08-21 15:39:02.120704+00:00,6.02,13.22,20.17,3122.6331926834787,13.062390160772669,-138.3551121292383,3,1
2012-08-21 16:04:02.120704+00:00,7.04,15.35,23.39,2936.3073699153474,13.103147210984345,-138.27359802881494,3,1
2012-08-21 16:09:02.120704+00:00,6.76,14.76,22.5,2936.3073699153474,13.103147210984345,-138.27359802881494,3,1
2012-08-21 16:15:02.120704+00:00,6.85,14.95,22.78,3060.7907172439454,12.992938919142963,-138.4940146124977,3,1
2012-08-21 16:20:02.120704+00:00,7.52,16.34,24.89,2612.547628710347,12.888571569404188,-138.70274931197525,3,1
2012-08-21 16:48:02.120704+00:00,8.4,18.14,27.61,1861.0759605273447,11.89462503065863,-140.69064238946638,3,1
2012-08-22 21:34:02.120539+00:00,9.47,20.32,30.89,3162.9597663455797,17.795345193787206,-129.2084097150453,21,1
2012-08-22 21:35:02.120539+00:00,9.47,20.32,30.89,3162.9597663455797,17.795345193787206,-129.2084097150453,21,3
2012-08-22 21:36:02.120539+00:00,9.49,20.35,30.94,3162.9597663455797,17.795345193787206,-129.2084097150453,21,2
2012-08-22 21:37:02.120539+00:00,9.49,20.35,30.94,3162.9597663455797,17.795345193787206,-129.2084097150453,21,2
2012-08-22 21:38:02.120539+00:00,9.49,20.35,30.94,3162.9597663455797,17.795345193787206,-129.2084097150453,21,3
2012-08-22 21:39:02.120539+00:00,9.49,20.35,30.94,3162.9597663455797,17.795345193787206,-129.2084097150453,21,2
2012-08-22 21:40:02.120539+00:00,9.44,20.26,30.8,3162.9597663455797,17.795345193787206,-129.2084097150453,21,2
2012-08-22 21:41:02.120539+00:00,9.45,20.29,30.85,3162.9597663455797,17.795345193787206,-129.2084097150453,21,2
2012-08-22 21:42:02.120539+00:00,9.39,20.16,30.65,3162.9597663455797,17.795345193787206,-129.2084097150453,21,2
2012-08-22 21:43:02.120539+00:00,9.31,20.0,30.41,3162.9597663455797,17.795345193787206,-129.2084097150453,21,2
2012-08-23 23:47:02.120373+00:00,6.32,13.85,21.12,2082.4147753984753,17.154520247391677,-131.65909055461302,13,1
2012-08-23 23:50:02.120373+00:00,6.23,13.66,20.84,2082.4147753984753,17.154520247391677,-131.65909055461302,13,1
2012-08-23 23:51:02.120373+00:00,6.23,13.66,20.84,2082.4147753984753,17.154520247391677,-131.65909055461302,13,1
2012-08-23 23:52:02.120373+00:00,6.23,13.66,20.84,2082.4147753984753,17.154520247391677,-131.65909055461302,13,3
2012-08-23 23:53:02.120373+00:00,6.22,13.63,20.79,2082.4147753984753,17.154520247391677,-131.65909055461302,13,2
2012-08-23 23:54:02.120373+00:00,6.22,13.63,20.79,2082.4147753984753,17.154520247391677,-131.65909055461302,13,2
2012-08-23 23:55:02.120373+00:00,6.22,13.63,20.79,2082.4147753984753,17.154520247391677,-131.65909055461302,13,2
2012-08-23 23:56:02.120373+00:00,6.2,13.6,20.74,2082.4147753984753,17.154520247391677,-131.65909055461302,13,1
2012-08-24 00:01:02.120291+00:00,2.29,5.16,7.9,2974.1933055218806,19.713198478625916,-127.8663832350567,23,1
2012-08-24 00:02:02.120291+00:00,2.32,5.21,7.98,3128.1776505396547,19.795230212210377,-127.7023197678878,25,2
2012-08-24 00:03:02.120291+00:00,2.29,5.16,7.9,3215.9579811241656,19.670483093070228,-127.95181400616808,28,1
2012-08-24 00:04:02.120291+00:00,2.29,5.16,7.9,3051.1854780307676,19.563861278371597,-128.16505763556535,30,2
2012-08-24 00:05:02.120291+00:00,2.29,5.16,7.9,3215.9579811241656,19.461750566369854,-128.36927905956884,32,2
2012-08-24 00:06:02.120291+00:00,2.08,4.69,7.18,3215.9579811241656,19.402534826777348,-128.48771053875384,34,2
2012-08-24 00:07:02.120291+00:00,2.02,4.56,6.99,3174.0942592038755,19.022712983335342,-129.24735422563785,37,3
2012-08-24 00:08:02.120291+00:00,2.02,4.56,6.99,3174.0942592038755,19.022712983335342,-129.24735422563785,37,3
2012-08-24 00:09:02.120291+00:00,2.02,4.56,6.99,3151.135954871765,18.98633562155323,-129.32010894920205,38,3
2012-08-24 00:10:02.120291+00:00,2.0,4.5,6.89,3174.0942592038755,18.94995825977113,-129.39286367276628,39,3
2012-08-24 00:11:02.120291+00:00,2.02,4.56,6.99,3174.0942592038755,18.94995825977113,-129.39286367276628,39,2
2012-08-24 00:12:02.120291+00:00,2.05,4.63,7.08,3180.797059099342,18.94995825977113,-129.39286367276628,39,3
2012-08-24 00:13:02.120291+00:00,1.66,3.74,5.73,3303.7383117086765,18.94995825977113,-129.39286367276628,41,2
2012-08-24 00:14:02.120291+00:00,1.66,3.74,5.73,3321.460588060906,19.022712983335342,-129.24735422563785,41,2
2012-08-24 00:15:02.120291+00:00,1.55,3.51,5.38,3411.124060598494,19.402534826777348,-128.48771053875384,42,2
2012-08-24 00:16:02.120291+00:00,1.55,3.51,5.38,3722.904335300689,19.38152337004364,-128.52973345222128,43,2
2012-08-24 00:17:02.120291+00:00,1.72,3.89,5.96,3611.845934218385,19.180721128187024,-128.9313379359345,44,2
2012-08-24 00:19:02.120291+00:00,29.73,40.0,40.0,3289.267766982933,18.978410708405978,-129.33595877549658,42,2
2012-08-24 00:21:02.120291+00:00,30.46,40.0,40.0,3226.4206695035664,18.79834798035711,-129.6960842315943,38,1
2012-08-24 00:22:02.120291+00:00,30.73,40.0,40.0,3188.2817261007567,18.731536438618775,-129.829707315071,36,2
2012-08-24 00:23:02.120291+00:00,31.22,40.0,40.0,3180.797059099342,18.697309006165263,-129.89816217997802,33,3
2012-08-24 00:24:02.120291+00:00,31.39,40.0,40.0,3195.7663931021725,18.697309006165263,-129.89816217997802,31,3
2012-08-24 00:25:02.120291+00:00,31.97,40.0,40.0,3180.797059099342,18.697309006165263,-129.89816217997802,29,2
2012-08-24 00:26:02.120291+00:00,32.14,40.0,40.0,3180.797059099342,18.697309006165263,-129.89816217997802,27,3
2012-08-24 00:27:02.120291+00:00,32.26,40.0,40.0,3188.2817261007567,18.862157493738255,-129.56846520483202,24,3
2012-08-24 00:28:02.120291+00:00,32.2,40.0,40.0,3188.2817261007567,18.862157493738255,-129.56846520483202,24,2
2012-08-24 00:29:02.120291+00:00,32.2,40.0,40.0,3195.7663931021725,18.893382897834577,-129.5060143966394,23,2
2012-08-24 00:30:02.120291+00:00,32.2,40.0,40.0,3188.2817261007567,18.950123027437694,-129.39253413743313,22,1
2012-08-25 17:30:02.120043+00:00,17.64,36.67,40.0,2348.4150800105726,17.41062461189076,-128.8932694772103,16,2
2012-08-25 17:31:02.120043+00:00,17.35,36.09,40.0,2302.996313818248,17.3403174677189,-129.03388376555404,19,2
2012-08-25 17:32:02.120043+00:00,17.28,35.95,40.0,2420.546725386818,17.3193579772664,-129.07580274645903,20,1
2012-08-25 17:33:02.120043+00:00,17.23,35.85,40.0,2406.281754759727,17.298398486813895,-129.11772172736406,21,1
2012-08-25 17:34:02.120043+00:00,17.23,35.85,40.0,2406.281754759727,17.298398486813895,-129.11772172736406,21,2
2012-08-25 17:35:02.120043+00:00,17.23,35.85,40.0,2406.281754759727,17.298398486813895,-129.11772172736406,21,2
2012-08-25 17:36:02.120043+00:00,17.23,35.85,40.0,2406.281754759727,17.298398486813895,-129.11772172736406,21,2
2012-08-25 17:37:02.120043+00:00,17.23,35.85,40.0,2406.281754759727,17.298398486813895,-129.11772172736406,21,2
2012-08-25 17:38:02.120043+00:00,17.2,35.81,40.0,2406.281754759727,17.298398486813895,-129.11772172736406,21,1
2012-08-25 17:39:02.120043+00:00,17.18,35.76,40.0,2354.639034288987,17.267337037354906,-129.17984462628203,22,1
2012-08-25 17:40:02.120043+00:00,0.0,0.01,0.02,2538.0971369553877,17.236275587895918,-129.2419675252,23,2
2012-08-25 17:41:02.120043+00:00,0.0,0.01,0.02,2406.281754759727,17.236275587895918,-129.2419675252,23,2
2012-08-25 17:42:02.120043+00:00,0.0,0.01,0.02,2382.0638810529153,17.199093861389876,-129.31633097821208,24,1
2012-08-25 17:48:02.120043+00:00,8.51,18.36,27.94,2175.215895864402,17.04037747848915,-129.63376374401355,16,1
2012-08-25 17:49:02.120043+00:00,8.49,18.33,27.89,2175.215895864402,17.04037747848915,-129.63376374401355,16,1
2012-08-25 17:50:02.120043+00:00,8.39,18.11,27.56,2302.996313818248,17.05762518670953,-129.5992683275728,15,2
2012-08-25 17:51:02.120043+00:00,0.0,0.01,0.02,2196.6374424667647,17.02421689069159,-129.6660849196087,12,2
2012-08-25 17:52:02.120043+00:00,8.28,17.9,27.23,2035.4288775874247,16.99080859467365,-129.73290151164457,11,3
2012-08-25 17:55:02.120043+00:00,8.26,17.86,27.19,2019.2408311964004,17.02421689069159,-129.6660849196087,10,1
2012-08-27 10:04:02.129795+00:00,8.86,19.09,29.03,1734.2026087144577,12.812323048715086,-141.78046161129623,3,1
2012-08-27 10:09:02.129795+00:00,8.28,17.9,27.23,1868.0043454835425,12.817423884114408,-141.77025994049757,4,1
2012-08-27 10:13:02.129795+00:00,8.25,17.83,27.14,2016.9837477447077,12.817423884114408,-141.77025994049757,6,1
2012-08-27 10:18:02.129795+00:00,7.45,16.19,24.66,2062.733525727027,12.965102802565497,-141.4749021035954,6,1
2012-08-27 10:21:02.129795+00:00,7.16,15.6,23.77,2093.305638217266,13.117882556415909,-141.16934259589456,5,1
2012-08-27 10:22:02.129795+00:00,7.04,15.35,23.39,2539.6831662663517,13.447666760250684,-140.509774188225,6,1
2012-08-27 10:27:02.129795+00:00,6.85,14.95,22.78,3131.4071672704895,13.779050428074896,-139.84700685257658,6,1
2012-08-27 10:32:02.129795+00:00,6.37,13.95,21.27,3442.83062585323,13.924866131409887,-139.5553754459066,5,1
2012-08-27 10:37:02.129795+00:00,6.1,13.38,20.41,3951.3434178951297,14.14916096416206,-139.10678578040228,3,1
2012-08-27 10:42:02.129795+00:00,5.72,12.58,19.2,3442.83062585323,13.924866131409887,-139.5553754459066,3,1
2012-08-27 11:27:02.129795+00:00,3.24,7.25,11.1,6972.029912984011,15.476781474079626,-136.45154476056717,4,1
2012-08-27 11:32:02.129795+00:00,3.32,7.42,11.36,7118.549103599147,15.59939414737343,-136.20631941397954,3,1
2012-08-27 11:37:02.129795+00:00,2.87,6.44,9.86,6810.267303146354,15.59939414737343,-136.20631941397954,3,1
2012-08-27 11:44:02.129795+00:00,2.0,4.5,6.89,10758.084220585755,16.37438221207654,-134.65634328457332,4,1
2012-08-27 11:49:02.129795+00:00,1.59,3.59,5.5,14705.90113802516,17.149370276779653,-133.10636715516708,3,1
2012-08-27 11:53:02.129795+00:00,1.59,3.59,5.5,12607.952048008085,16.79538161131881,-133.81434448608877,4,1
2012-08-27 12:06:02.129712+00:00,1.37,3.09,4.73,20696.81545314808,17.171883740370703,-131.88474249099136,3,1
2012-08-27 12:10:02.129712+00:00,1.28,2.9,4.45,20696.81545314808,17.171883740370703,-131.88474249099136,3,1
2012-08-27 12:16:02.129712+00:00,1.24,2.81,4.3,10319.997910421342,15.941361547292953,-134.34578687714685,3,1
2012-08-27 12:21:02.129712+00:00,1.05,2.38,3.65,6624.650826231213,14.812103698356898,-136.60430257501898,3,1
2012-08-27 12:29:02.129712+00:00,1.1,2.5,3.82,5009.602672523663,14.495046155108271,-137.23841766151622,3,1
2012-08-27 12:34:02.129712+00:00,2.83,6.35,9.71,3969.544942993246,13.557376255072864,-139.11375746158706,3,1
2012-08-27 12:40:02.129712+00:00,3.06,6.86,10.49,3432.634964623523,13.201135793362814,-139.82623838500712,3,1
2012-08-27 13:01:02.129712+00:00,5.13,11.33,17.31,2843.9260071983317,12.758636509416142,-140.7112369529005,3,1
2012-08-27 13:05:02.129712+00:00,5.13,11.33,17.31,3063.881757712921,12.940288359056542,-140.3479332536197,4,1
2012-08-27 13:10:02.129712+00:00,5.52,12.16,18.56,3063.881757712921,12.940288359056542,-140.3479332536197,4,1
2012-08-27 13:15:02.129712+00:00,4.88,10.79,16.49,3063.881757712921,13.032313522119017,-140.16388292749474,4,1
2012-08-27 13:20:02.129712+00:00,4.81,10.66,16.28,2794.257075051636,12.850661672478616,-140.52718662677557,4,1
2012-08-27 13:26:02.129712+00:00,34.67,40.0,40.0,1793.396004966506,12.38313552601319,-141.46223891970638,3,1
2012-08-27 21:46:02.129712+00:00,7.18,15.63,23.81,2169.4474837401845,12.025126537011335,-142.1782568977101,4,1
2012-08-27 21:51:02.129712+00:00,7.16,15.6,23.77,2194.7609302879396,12.11693516753243,-141.9946396366679,3,1
2012-08-27 21:55:02.129712+00:00,7.18,15.63,23.81,2194.7609302879396,12.11693516753243,-141.9946396366679,3,1
2012-08-28 01:11:02.129630+00:00,6.29,13.79,21.03,5600.729025787729,15.03300606630322,-139.18345515008127,3,1
2012-08-28 01:20:02.129630+00:00,6.55,14.32,21.84,7253.644861489409,15.516207073309513,-138.21705313606867,4,1
2012-08-28 01:25:02.129630+00:00,6.67,14.57,22.22,8415.432750092263,15.871188851581136,-137.50708957952543,4,1
2012-08-28 01:27:02.129630+00:00,6.67,14.57,22.22,8415.432750092263,15.871188851581136,-137.50708957952543,4,1
2012-08-28 01:32:02.129630+00:00,6.86,14.98,22.83,8845.067263966786,15.880269179115526,-137.48892892445664,4,1
2012-08-28 01:37:02.129630+00:00,7.13,15.54,23.67,9765.829724940137,16.01756873538459,-137.2143298119185,3,1
2012-08-28 01:59:02.129630+00:00,8.04,17.4,26.48,4926.823223805762,14.592957428355648,-140.0635524259764,3,1
2012-08-28 02:05:02.129630+00:00,8.23,17.8,27.09,5141.576237947658,14.649505791996765,-139.9504556986942,4,1
2012-08-28 02:07:02.129630+00:00,8.23,17.8,27.09,5141.576237947658,14.649505791996765,-139.9504556986942,4,1
2012-08-28 02:14:02.129630+00:00,8.23,17.8,27.09,5356.329252089555,14.706054155637876,-139.83735897141196,3,1
2012-08-28 02:32:02.129630+00:00,8.88,19.12,29.08,3257.8804233510364,13.919919327953629,-141.40962862678043,3,1
2012-08-28 02:55:02.129630+00:00,9.93,21.26,32.3,1997.510294019736,12.655186995518692,-143.93909329165032,3,1
2012-08-28 03:01:02.129630+00:00,10.08,21.55,32.74,1929.316195905581,12.655186995518692,-143.93909329165032,3,1
2012-08-28 07:02:02.129630+00:00,6.08,13.35,20.36,2114.4170069018805,13.338696527570203,-142.5720742275473,3,1
2012-08-28 07:07:02.129630+00:00,6.08,13.35,20.36,1771.310963466393,12.964319803004209,-143.3208276766793,3,1
2012-08-28 07:16:02.129630+00:00,6.19,13.57,20.69,1681.4220109685857,12.546480991672396,-144.1565052993429,4,1
2012-08-28 07:19:02.129630+00:00,6.55,14.32,21.84,1665.059371739583,12.475703949308066,-144.29805938407156,3,1
2012-08-28 07:25:02.129630+00:00,7.06,15.38,23.44,1665.059371739583,12.475703949308066,-144.29805938407156,3,1
2012-08-28 07:40:02.129630+00:00,6.86,14.98,22.83,1819.9609756058776,12.906674283464383,-143.43611871575894,3,1
2012-08-28 07:45:02.129630+00:00,6.34,13.88,21.17,1940.039892278476,12.831398467111889,-143.58667034846394,4,1
2012-08-28 07:49:02.129630+00:00,6.38,13.98,21.32,2060.1188089510742,12.906674283464383,-143.43611871575894,5,1
2012-08-28 07:54:02.129630+00:00,6.04,13.25,20.21,2550.9466394880915,13.487867956852782,-142.27373136898214,6,1
2012-08-28 07:58:02.129630+00:00,5.66,12.45,19.0,2753.435545168771,13.795814029717723,-141.65783922325227,6,1
2012-08-28 08:01:02.129630+00:00,4.47,9.92,15.16,2753.435545168771,13.795814029717723,-141.65783922325227,6,1
2012-08-28 08:04:02.129630+00:00,4.47,9.92,15.16,2753.435545168771,13.795814029717723,-141.65783922325227,6,1
2012-08-28 08:07:02.129630+00:00,4.1,9.13,13.95,2753.435545168771,13.795814029717723,-141.65783922325227,6,1
2012-08-28 08:09:02.129630+00:00,4.12,9.16,14.01,2753.435545168771,13.795814029717723,-141.65783922325227,6,1
2012-08-28 08:14:02.129630+00:00,3.85,8.6,13.14,2246.9287094065594,13.313112888724095,-142.62324150523952,4,1
2012-08-28 08:18:02.129630+00:00,4.2,9.35,14.29,2399.8107354025956,12.886087495994325,-143.47729229069904,5,1
2012-08-28 08:24:02.129630+00:00,7.15,15.57,23.72,1747.068231345639,12.729576603499378,-143.79031407568897,6,1
2012-08-28 08:26:02.129630+00:00,7.19,15.66,23.86,1746.6361066404324,12.760346244870998,-143.7287747929457,7,1
2012-08-28 08:28:02.129630+00:00,6.85,14.95,22.78,2073.223421021514,12.82321687043266,-143.60303354182236,6,1
2012-08-28 08:33:02.129630+00:00,6.65,14.54,22.17,2399.8107354025956,12.886087495994325,-143.47729229069904,7,1
2012-08-28 08:34:02.129630+00:00,6.49,14.2,21.65,2399.8107354025956,12.886087495994325,-143.47729229069904,7,1
2012-08-28 08:36:02.129630+00:00,6.26,13.73,20.93,2176.3797863570794,13.041262218683318,-143.16694284532105,6,1
2012-08-28 08:39:02.129630+00:00,5.64,12.42,18.95,2176.3797863570794,13.041262218683318,-143.16694284532105,4,1
2012-08-28 08:51:02.129630+00:00,4.67,10.35,15.81,1789.1696725572624,12.429622770379046,-144.39022174192962,4,1
2012-08-28 08:56:02.129630+00:00,4.67,10.35,15.81,1789.1696725572624,12.429622770379046,-144.39022174192962,4,1
2012-08-28 08:58:02.129630+00:00,4.62,10.24,15.65,1789.1696725572624,12.429622770379046,-144.39022174192962,4,1
2012-08-28 08:59:02.129630+00:00,4.63,10.28,15.7,1789.1696725572624,12.429622770379046,-144.39022174192962,4,1
2012-08-28 09:24:02.129630+00:00,1.48,3.35,5.13,2431.3410523773136,14.643930592514693,-139.96160609765832,11,1
2012-08-28 09:25:02.129630+00:00,1.52,3.43,5.26,2296.1431225273536,14.425390312180232,-140.39868665832722,12,1
2012-08-28 09:27:02.129630+00:00,1.88,4.24,6.49,2280.3041156994327,14.127252384590314,-140.99496251350706,14,2
2012-08-28 09:29:02.129630+00:00,1.75,3.96,6.07,2431.3410523773136,14.643930592514693,-139.96160609765832,17,1
2012-08-28 09:30:02.129630+00:00,1.82,4.1,6.28,2431.3410523773136,14.643930592514693,-139.96160609765832,17,2
2012-08-28 09:32:02.129630+00:00,1.85,4.17,6.39,2415.5020455493927,14.425390312180232,-140.39868665832722,18,2
2012-08-28 09:33:02.129630+00:00,1.85,4.17,6.39,2415.5020455493927,14.425390312180232,-140.39868665832722,18,1
2012-08-28 09:34:02.129630+00:00,9.0,19.37,29.46,2399.663038721472,14.206850031845772,-140.83576721899615,17,2
2012-08-28 09:35:02.129630+00:00,9.03,19.43,29.55,2399.663038721472,14.206850031845772,-140.83576721899615,17,1
2012-08-28 09:37:02.129630+00:00,8.26,17.86,27.19,2591.893827468667,14.639170431358329,-139.97112641997103,16,1
2012-08-28 09:38:02.129630+00:00,3.06,6.86,10.49,2752.44660256002,15.071490830870882,-139.10648562094593,15,3
2012-08-28 09:41:02.129630+00:00,3.82,8.52,13.02,3115.839187593768,14.564691721823657,-140.1200838390404,12,1
2012-08-28 09:47:02.129630+00:00,3.45,7.72,11.8,5707.179939384286,15.83113792303254,-137.58719143662262,5,1
2012-08-28 10:07:02.129630+00:00,3.1,6.95,10.63,5192.746461737861,15.427535144985686,-138.39439699271634,3,1
2012-08-28 10:12:02.129630+00:00,2.65,5.96,9.12,6955.650454027996,16.023945357603807,-137.2015765674801,3,1
2012-08-28 10:18:02.129630+00:00,17.74,36.87,40.0,9039.508162493556,17.156489092939765,-134.93648909680817,4,1
2012-08-28 10:23:02.129630+00:00,17.74,36.87,40.0,9039.508162493556,17.156489092939765,-134.93648909680817,4,1
2012-08-28 10:24:02.129630+00:00,17.74,36.87,40.0,9039.508162493556,17.156489092939765,-134.93648909680817,4,1
2012-08-28 10:30:02.129630+00:00,17.74,36.87,40.0,8676.67277277712,17.126994562522825,-134.99547815764203,3,1
2012-08-28 11:35:02.129630+00:00,31.28,40.0,40.0,2540.5786877882388,13.613961308213996,-142.02154466625973,8,2
2012-08-28 11:36:02.129630+00:00,31.28,40.0,40.0,2540.5786877882388,13.613961308213996,-142.02154466625973,8,1
2012-08-28 11:37:02.129630+00:00,31.28,40.0,40.0,2540.5786877882388,13.613961308213996,-142.02154466625973,8,1
2012-08-28 11:39:02.129630+00:00,31.28,40.0,40.0,2540.5786877882388,13.613961308213996,-142.02154466625973,8,2
2012-08-28 11:40:02.129630+00:00,31.28,40.0,40.0,2540.5786877882388,13.613961308213996,-142.02154466625973,8,1
2012-08-28 11:44:02.129630+00:00,31.28,40.0,40.0,2540.5786877882388,13.613961308213996,-142.02154466625973,8,1
2012-08-28 13:03:02.129547+00:00,5.0,11.07,16.9,2807.0624879813217,14.135540994588702,-142.48587677173393,7,1
2012-08-28 13:06:02.129547+00:00,5.39,11.9,18.16,2517.9482514910333,14.121846680063364,-142.51326540078458,8,2
2012-08-28 13:08:02.129547+00:00,5.46,12.03,18.36,2517.9482514910333,14.121846680063364,-142.51326540078458,8,2
2012-08-28 13:11:02.129547+00:00,6.61,14.45,22.03,2228.834015000745,14.108152365538029,-142.54065402983525,11,2
2012-08-28 13:16:02.129547+00:00,6.64,14.51,22.12,2228.834015000745,14.108152365538029,-142.54065402983525,9,1
2012-08-28 13:19:02.129547+00:00,6.62,14.48,22.07,2653.869883227489,14.079611538102338,-142.59773568470666,6,2
2012-08-28 13:20:02.129547+00:00,6.65,14.54,22.17,2778.088193555355,14.078827744389136,-142.59930327213306,7,1
2012-08-28 13:30:02.129547+00:00,6.77,14.79,22.55,2402.819450863028,13.429348200942815,-143.8982623590257,3,2
2012-08-28 13:35:02.129547+00:00,6.77,14.79,22.55,2246.1180241952243,13.384689356133183,-143.98758004864496,6,1
2012-08-28 13:40:02.129547+00:00,6.82,14.89,22.69,2089.4165975274204,13.340030511323553,-144.07689773826422,5,1
2012-08-28 13:41:02.129547+00:00,6.43,14.07,21.46,2002.5911149473095,13.297978496459512,-144.1610017679923,4,1
2012-08-28 13:44:02.129547+00:00,6.43,14.07,21.46,2002.5911149473095,13.297978496459512,-144.1610017679923,4,1
2012-08-28 14:04:02.129547+00:00,1.05,2.38,3.65,4422.684411294676,16.546528548144522,-137.66390166462227,8,1
2012-08-28 14:05:02.129547+00:00,1.05,2.38,3.65,4422.684411294676,16.546528548144522,-137.66390166462227,8,1
2012-08-28 14:06:02.129547+00:00,1.2,2.71,4.15,4422.684411294676,16.546528548144522,-137.66390166462227,8,1
2012-08-28 14:09:02.129547+00:00,1.2,2.71,4.15,4422.684411294676,16.546528548144522,-137.66390166462227,8,1
2012-08-28 14:10:02.129547+00:00,1.2,2.71,4.15,4422.684411294676,16.546528548144522,-137.66390166462227,8,1
2012-08-28 14:11:02.129547+00:00,1.15,2.6,3.99,4422.684411294676,16.546528548144522,-137.66390166462227,8,2
2012-08-28 14:14:02.129547+00:00,1.15,2.6,3.99,4633.717395187217,16.599374349363938,-137.55821006218343,7,1
2012-08-28 14:36:02.129547+00:00,9.05,19.46,29.6,3437.165356187071,14.257657408527042,-142.24164394385724,3,1
2012-08-28 15:03:02.129547+00:00,7.83,16.96,25.83,4159.308041897468,15.633602203896558,-139.4897543531182,3,1
2012-08-28 15:07:02.129547+00:00,18.68,38.74,40.0,3288.3918334245964,15.148649742517993,-140.45965927587534,4,1
2012-08-28 15:13:02.129547+00:00,18.5,38.38,40.0,2417.4756249517254,14.699998811849682,-141.35696113721195,3,1
2012-08-28 15:16:02.129547+00:00,18.5,38.38,40.0,2417.4756249517254,14.699998811849682,-141.35696113721195,3,1
2012-08-30 14:30:02.129216+00:00,9.3,19.97,30.36,2252.753111857075,12.845639228169262,-140.52734075081025,3,1
2012-08-30 14:36:02.129216+00:00,8.55,18.46,28.08,2404.5051229718924,13.171224373033205,-139.87617046108232,4,1
2012-08-30 14:39:02.129216+00:00,8.63,18.61,28.32,2556.25713408671,13.49680951789715,-139.22500017135445,5,1
2012-08-30 14:43:02.129216+00:00,8.28,17.9,27.23,3580.047739488866,13.78736895279158,-138.6438813015656,5,1
2012-08-30 14:48:02.129216+00:00,8.28,17.9,27.23,3881.28082221373,14.065487955649338,-138.08764329585006,4,1
2012-08-30 14:52:02.129216+00:00,8.26,17.86,27.19,4243.959982829049,14.369668900068358,-137.47928140701202,4,1
2012-08-30 14:58:02.129216+00:00,8.2,17.74,27.0,5008.484572792309,14.459267727106504,-137.30008375293573,5,1
2012-08-30 15:02:02.129216+00:00,8.25,17.83,27.14,5445.838898372074,14.824333447948746,-136.56995231125126,4,1
2012-08-30 15:07:02.129216+00:00,7.89,17.09,26.01,5637.090290624847,14.98151097541994,-136.25559725630887,5,1
2012-08-30 15:12:02.129216+00:00,7.45,16.19,24.66,6423.923076837011,15.089499531611697,-136.03962014392536,5,1
2012-08-30 15:15:02.129216+00:00,7.06,15.38,23.44,7126.530382089451,15.38908512519785,-135.44044895675307,5,1
2012-08-30 15:19:02.129216+00:00,6.55,14.32,21.84,7126.530382089451,15.38908512519785,-135.44044895675307,5,1
2012-08-30 15:23:02.129216+00:00,6.44,14.1,21.51,7561.525758617648,15.535467809300805,-135.14768358854715,5,1
2012-08-30 15:26:02.129216+00:00,6.29,13.79,21.03,7126.530382089451,15.38908512519785,-135.44044895675307,5,1
2012-08-30 15:30:02.129216+00:00,6.14,13.47,20.55,6826.307639722937,15.345424624342868,-135.527769958463,5,1
2012-08-30 15:34:02.129216+00:00,5.66,12.45,19.0,6826.307639722937,15.345424624342868,-135.527769958463,5,1
2012-08-30 15:37:02.129216+00:00,5.61,12.35,18.85,7012.949858035952,15.388582920660346,-135.44145336582807,5,1
2012-08-30 15:43:02.129216+00:00,5.58,12.29,18.76,7012.949858035952,15.388582920660346,-135.44145336582807,5,1
2012-08-30 15:47:02.129216+00:00,5.5,12.13,18.51,7380.661629113455,15.408216583418271,-135.40218604031222,5,1
2012-08-30 15:51:02.129216+00:00,5.46,12.03,18.36,7380.661629113455,15.408216583418271,-135.40218604031222,5,1
2012-08-30 15:56:02.129216+00:00,5.46,12.03,18.36,7012.949858035952,15.388582920660346,-135.44145336582807,5,1
2012-08-30 15:59:02.129216+00:00,5.3,11.7,17.86,6727.601327465912,15.131618624854148,-135.9553819574405,5,1
2012-08-30 16:04:02.129216+00:00,5.1,11.27,17.21,5666.647518503715,15.01887442221191,-136.18087036272493,5,1
2012-08-30 16:07:02.129216+00:00,5.11,11.3,17.26,5299.402404259788,14.863088116129582,-136.49244297488957,4,1
2012-08-30 16:12:02.129216+00:00,5.22,11.53,17.61,6019.356984799443,15.07074843025898,-136.0771223466308,5,1
2012-08-30 16:17:02.129216+00:00,5.33,11.77,17.96,6019.356984799443,15.07074843025898,-136.0771223466308,5,1
2012-08-30 16:21:02.129216+00:00,5.35,11.8,18.01,6690.299279808433,15.270135660891253,-135.67834788536624,5,1
2012-08-30 16:26:02.129216+00:00,5.64,12.42,18.95,7663.1515043670115,15.990084758230385,-134.238449690688,5,1
2012-08-30 16:29:02.129216+00:00,5.79,12.74,19.44,7663.1515043670115,15.990084758230385,-134.238449690688,5,1
2012-08-30 16:34:02.129216+00:00,6.07,13.32,20.31,8507.370908338316,16.014027770045637,-134.1905636670575,5,1
2012-08-30 16:38:02.129216+00:00,6.28,13.76,20.98,8915.29808951977,15.990084758230385,-134.238449690688,5,1
2012-08-30 16:43:02.129216+00:00,6.29,13.79,21.03,8915.29808951977,16.014027770045637,-134.1905636670575,5,1
2012-08-30 16:48:02.129216+00:00,6.37,13.95,21.27,8920.843815013435,15.964898403025092,-134.28882240109857,4,1
2012-08-30 16:52:02.129216+00:00,6.38,13.98,21.32,8776.837332378263,15.786746082870566,-134.64512704140762,5,1
2012-08-30 16:57:02.129216+00:00,6.64,14.51,22.12,7612.598709406238,15.60441380544514,-135.00979159625848,5,1
2012-08-30 17:02:02.129216+00:00,6.61,14.45,22.03,7530.231544652721,15.59851082102055,-135.02159756510764,4,1
2012-08-30 17:06:02.129216+00:00,6.85,14.95,22.78,7350.097127981027,15.527788014832026,-135.1630431774847,4,1
2012-08-30 17:12:02.129216+00:00,6.98,15.23,23.2,7166.65624969751,15.462968193068091,-135.29268282101256,3,1
2012-08-30 17:19:02.129216+00:00,7.19,15.66,23.86,6975.6244624117635,15.384070174304146,-135.45047885854046,4,1
2012-08-30 17:23:02.129216+00:00,7.66,16.62,25.31,6784.592675126017,15.305172155540202,-135.60827489606834,3,1
2012-08-30 17:28:02.129216+00:00,7.69,16.68,25.41,5921.442987496339,14.978581545760925,-136.2614561156269,4,1
2012-08-30 17:34:02.129216+00:00,7.89,17.09,26.01,4574.712733211191,14.756953993314308,-136.70471122052015,4,1
2012-08-30 17:38:02.129216+00:00,7.95,17.21,26.2,4500.556643915932,14.51048876519607,-137.1976416767566,5,1
2012-08-30 17:42:02.129216+00:00,8.29,17.93,27.28,4261.455741868115,14.427075451406404,-137.36446830433596,5,1
2012-08-30 17:46:02.129216+00:00,8.36,18.05,27.47,3796.230588988708,14.468782108301236,-137.2810549905463,4,1
2012-08-30 17:51:02.129216+00:00,8.51,18.36,27.94,3138.7001202577376,13.935593199768636,-138.34743280761148,4,1
2012-08-30 17:57:02.129216+00:00,8.74,18.83,28.65,2056.0417591470887,12.669259107391058,-140.88010099236664,3,1
2012-08-31 13:28:02.129051+00:00,8.75,18.87,28.7,2184.3589541893884,17.817125719351445,-126.35572583148571,12,2
2012-08-31 13:30:02.129051+00:00,8.8,18.96,28.84,2313.602258523413,18.05139301252494,-125.88719124513874,14,1
2012-08-31 13:31:02.129051+00:00,32.74,40.0,40.0,2313.602258523413,18.05139301252494,-125.88719124513874,16,2
2012-08-31 13:32:02.129051+00:00,33.49,40.0,40.0,2313.602258523413,18.304385971515785,-125.38120532715703,18,2
2012-08-31 13:33:02.129051+00:00,9.44,20.26,30.8,2333.2190710498644,18.415480082364173,-125.15901710546026,21,2
2012-08-31 13:34:02.129051+00:00,33.17,40.0,40.0,2609.645955242112,18.4637384928182,-125.0625002845522,23,1
2012-08-31 13:35:02.129051+00:00,30.57,40.0,40.0,2671.828346281479,18.57169756447165,-124.84658214124534,25,1
2012-08-31 13:37:02.129051+00:00,5.58,12.29,18.76,2915.7906733761165,18.818760737313376,-124.35245579556188,30,1
2012-08-31 13:39:02.129051+00:00,5.35,11.8,18.01,4848.611293051057,19.71488143596157,-122.56021439826549,34,1
2012-08-31 13:40:02.129051+00:00,5.43,11.96,18.26,5742.283203000355,19.898142448479582,-122.19369237322944,37,2
2012-08-31 13:41:02.129051+00:00,5.63,12.39,18.9,5742.283203000355,19.952562470165255,-122.08485232985812,37,2
2012-08-31 13:42:02.129051+00:00,5.79,12.74,19.44,5742.283203000355,20.131869795140553,-121.72623767990753,39,2
2012-08-31 13:43:02.129051+00:00,5.9,12.97,19.78,6247.066587728287,20.131869795140553,-121.72623767990753,39,3
2012-08-31 13:44:02.129051+00:00,5.87,12.9,19.68,6380.843979836095,20.13745301835953,-121.71507123346956,38,2
2012-08-31 13:45:02.129051+00:00,5.87,12.9,19.68,6380.843979836095,20.13745301835953,-121.71507123346956,38,3
2012-08-31 13:46:02.129051+00:00,5.87,12.9,19.68,6380.843979836095,20.13745301835953,-121.71507123346956,38,2
2012-08-31 13:47:02.129051+00:00,5.89,12.93,19.73,6380.843979836095,20.13745301835953,-121.71507123346956,38,3
2012-08-31 13:48:02.129051+00:00,5.89,12.93,19.73,6380.843979836095,20.13745301835953,-121.71507123346956,38,2
2012-08-31 13:49:02.129051+00:00,5.87,12.9,19.68,6380.843979836095,20.13745301835953,-121.71507123346956,38,3
2012-08-31 13:50:02.129051+00:00,5.86,12.87,19.64,6914.356176038113,20.14531122071751,-121.6993548287536,36,3
2012-08-31 13:51:02.129051+00:00,5.84,12.84,19.59,6914.356176038113,20.14531122071751,-121.6993548287536,36,3
2012-08-31 13:52:02.129051+00:00,5.86,12.87,19.64,6247.066587728287,20.131869795140553,-121.72623767990753,37,3
2012-08-31 13:53:02.129051+00:00,5.56,12.26,18.71,6207.037385904893,19.94179527287498,-122.10638672443866,36,2
2012-08-31 13:55:02.129051+00:00,5.63,12.39,18.9,5633.097726444569,19.918924715390258,-122.15212783940812,37,1
2012-08-31 13:56:02.129051+00:00,5.69,12.52,19.1,4826.7091780023175,19.75345111702399,-122.48307503614063,37,1
2012-08-31 14:00:02.129051+00:00,18.71,38.79,40.0,3254.296738591333,19.121511129163785,-123.74695501186105,30,1
2012-08-31 14:01:02.129051+00:00,18.58,38.53,40.0,3254.296738591333,19.121511129163785,-123.74695501186105,28,2
2012-08-31 14:02:02.129051+00:00,17.69,36.77,40.0,3254.296738591333,19.035769674114135,-123.91843792196036,24,3
2012-08-31 14:03:02.129051+00:00,17.37,36.14,40.0,3020.2540474364832,18.96226309624561,-124.0654510776974,22,2
2012-08-31 14:04:02.129051+00:00,18.29,37.97,40.0,2939.9794336783107,18.95521435783603,-124.07954855451656,21,3
2012-08-31 14:05:02.129051+00:00,18.29,37.97,40.0,2939.9794336783107,18.95521435783603,-124.07954855451656,21,3
2012-08-31 14:06:02.129051+00:00,18.37,38.12,40.0,3020.2540474364832,18.96226309624561,-124.0654510776974,20,2
2012-08-31 14:07:02.129051+00:00,18.4,38.17,40.0,3100.528661194656,18.96931183465519,-124.05135360087824,19,1
2012-08-31 14:08:02.129051+00:00,18.42,38.22,40.0,3100.528661194656,18.96931183465519,-124.05135360087824,19,2
2012-09-06 09:53:02.128142+00:00,8.89,19.15,29.12,3700.7377543913462,14.741234276767305,-141.92164349129578,3,1
2012-09-06 10:10:02.128142+00:00,7.89,17.09,26.01,6002.984270346962,15.788533987410675,-139.82704407000904,4,1
2012-09-06 10:16:02.128142+00:00,7.57,16.44,25.03,8006.683088247079,16.38400709556521,-138.6360978537,4,1
2012-09-06 10:20:02.128142+00:00,7.37,16.03,24.42,8705.31148218425,16.555358244296198,-138.293395556238,3,1
2012-09-06 10:24:02.128142+00:00,7.12,15.51,23.63,9065.394501353232,16.660171680727693,-138.083768683375,4,1
2012-09-06 10:31:02.128142+00:00,6.65,14.54,22.17,10356.921560641498,16.93203649272833,-137.54003905937373,4,1
2012-09-06 10:35:02.128142+00:00,6.44,14.1,21.51,10808.501168783863,17.047743751015272,-137.30862454279986,4,1
2012-09-06 10:39:02.128142+00:00,6.41,14.04,21.41,9905.12209346456,16.898377793711187,-137.607356457408,5,1
2012-09-06 10:43:02.128142+00:00,6.34,13.88,21.17,10100.477736231607,17.058781880016653,-137.28654828479708,6,1
2012-09-06 10:47:02.128142+00:00,6.35,13.92,21.22,10170.769903523167,17.27484417559674,-136.85442369363693,6,1
2012-09-06 10:52:02.128142+00:00,6.29,13.79,21.03,10045.706428047682,17.21918596632212,-136.96574011218615,5,1
2012-09-06 10:53:02.128142+00:00,6.04,13.25,20.21,9905.12209346456,16.898377793711187,-137.607356457408,5,1
2012-09-06 10:57:02.128142+00:00,5.96,13.09,19.97,9831.648028676524,16.86403006670519,-137.67605191142002,5,1
2012-09-06 11:02:02.128142+00:00,5.96,13.09,19.97,9938.677228362105,17.041608016513656,-137.3208960118031,6,1
2012-09-06 11:06:02.128142+00:00,5.84,12.84,19.59,9831.648028676524,17.14083713229126,-137.12243778024788,5,1
2012-09-06 11:12:02.128142+00:00,5.39,11.9,18.16,9470.577602062778,17.002433599498225,-137.39924484583395,4,1
2012-09-06 11:16:02.128142+00:00,5.82,12.81,19.54,9760.265539384032,17.20583267099885,-136.9924467028327,4,1
2012-09-06 11:23:02.128142+00:00,5.75,12.65,19.29,12450.042672829397,17.482211539915824,-136.43968896499874,3,1
2012-09-06 11:30:02.128142+00:00,5.98,13.13,20.02,12639.983435618684,17.57212730121257,-136.25985744240523,4,1
2012-09-06 11:37:02.128142+00:00,5.92,13.0,19.83,12829.924198407973,17.482211539915824,-136.43968896499874,3,1
2012-09-06 11:39:02.128142+00:00,5.92,13.0,19.83,12829.924198407973,17.482211539915824,-136.43968896499874,3,1
2012-09-06 11:58:02.128142+00:00,7.15,15.57,23.72,7111.763265523873,16.128021111670364,-139.14806982148968,3,1
2012-09-06 12:04:02.128059+00:00,7.9,17.12,26.06,4219.309171804449,14.396259607101616,-139.63016887452437,3,1
2012-09-06 12:11:02.128059+00:00,8.36,18.05,27.47,4219.309171804449,14.396259607101616,-139.63016887452437,3,1
2012-09-06 12:18:02.128059+00:00,8.57,18.49,28.13,3796.9666763246137,14.008673573688084,-140.40534094135143,3,1
2012-09-06 21:10:02.128059+00:00,7.48,16.25,24.75,2418.1059117989503,13.430449328768717,-141.56178943119016,4,1
2012-09-06 21:14:02.128059+00:00,7.42,16.13,24.56,2804.573425567169,13.775211356885928,-140.87226537495576,3,1
2012-09-06 21:19:02.128059+00:00,7.34,15.97,24.33,2946.6977661022484,13.89324960607456,-140.6361888765785,4,1
2012-09-06 21:26:02.128059+00:00,6.89,15.04,22.92,3213.460035050644,14.011287855263191,-140.4001123782012,3,1
2012-09-06 21:32:02.128059+00:00,6.73,14.7,22.4,3283.126058723039,14.1882436236275,-140.0462008414726,3,1
2012-09-06 21:37:02.128059+00:00,6.64,14.51,22.12,4537.126986760801,14.922808610504957,-138.57707086771768,3,1
2012-09-06 21:46:02.128059+00:00,6.13,13.44,20.5,6327.862107079605,15.366163196752431,-137.69036169522275,3,1
2012-09-06 21:51:02.128059+00:00,5.81,12.77,19.49,6327.862107079605,15.366163196752431,-137.69036169522275,3,1
2012-09-06 21:57:02.128059+00:00,5.21,11.5,17.56,5598.48904407617,15.264141680613635,-137.89440472750033,3,1
2012-09-06 22:02:02.128059+00:00,5.21,11.5,17.56,4616.337337223684,15.049631185576107,-138.3234257175754,3,1
2012-09-06 22:10:02.128059+00:00,4.96,10.96,16.74,4134.302576739784,14.486223876428411,-139.45024033587077,3,1
2012-09-06 22:50:02.128059+00:00,4.58,10.17,15.54,3775.440488841333,14.572931175798864,-139.27682573712988,4,1
2012-09-06 22:54:02.128059+00:00,6.8,14.85,22.64,4279.190256262668,14.881508188554964,-138.65967171161768,4,1
2012-09-06 22:55:02.128059+00:00,6.8,14.85,22.64,4279.190256262668,14.881508188554964,-138.65967171161768,4,1
2012-09-06 23:04:02.128059+00:00,7.33,15.94,24.28,4711.3654777722595,14.881508188554964,-138.65967171161768,4,1
2012-09-06 23:06:02.128059+00:00,7.48,16.25,24.75,4943.753961237832,15.01745687904959,-138.38777433062842,3,1
2012-09-06 23:12:02.128059+00:00,7.3,15.88,24.19,6703.201468095153,15.518967451285071,-137.38475318615744,5,1
2012-09-06 23:17:02.128059+00:00,6.79,14.82,22.59,7600.231994101672,15.861937571378176,-136.69881294597124,4,1
2012-09-06 23:21:02.128059+00:00,6.58,14.39,21.93,8132.999060151172,15.96752934463872,-136.48762939945016,5,1
2012-09-06 23:25:02.128059+00:00,6.35,13.92,21.22,8238.769529022522,15.96752934463872,-136.48762939945016,5,1
2012-09-06 23:29:02.128059+00:00,6.31,13.82,21.08,8238.769529022522,15.96752934463872,-136.48762939945016,5,1
2012-09-06 23:33:02.128059+00:00,6.26,13.73,20.93,8727.710304537264,15.96752934463872,-136.48762939945016,5,1
2012-09-06 23:37:02.128059+00:00,6.16,13.51,20.6,8653.536933924865,15.95979069084586,-136.50310670703587,4,1
2012-09-06 23:42:02.128059+00:00,5.99,13.16,20.07,8986.117037090113,16.138275540684557,-136.14613700735848,4,1
2012-09-06 23:47:02.128059+00:00,5.92,13.0,19.83,8649.732474055898,16.155616751056584,-136.11145458661443,4,1
2012-09-06 23:53:02.128059+00:00,5.56,12.26,18.71,7566.000402954095,15.97983519553499,-136.46301769765762,3,1
2012-09-07 00:02:02.127977+00:00,5.38,11.86,18.11,1676.9855099012038,12.789241807640446,-139.93354841905176,3,1
2012-09-07 02:35:02.127977+00:00,10.45,22.31,33.88,3226.596554324879,18.443171408114992,-128.62568921810268,3,1
2012-09-07 02:36:02.127977+00:00,10.45,22.31,33.88,3226.596554324879,18.443171408114992,-128.62568921810268,3,2
2012-09-07 03:04:02.127977+00:00,3.53,7.88,12.06,4080.5395344827384,13.555097263289577,-138.4018375077535,3,1
2012-09-07 03:10:02.127977+00:00,3.51,7.84,11.99,4080.5395344827384,13.668195104257125,-138.1756418258184,5,1
2012-09-07 03:12:02.127977+00:00,3.51,7.84,11.99,4080.5395344827384,13.668195104257125,-138.1756418258184,5,1
2012-09-07 03:15:02.127977+00:00,3.37,7.55,11.55,6404.232323686537,14.621312288466122,-136.2694074574004,5,1
2012-09-07 03:17:02.127977+00:00,3.36,7.51,11.49,5200.149434026896,14.144753696361622,-137.2225246416094,6,1
2012-09-07 03:23:02.127977+00:00,3.1,6.95,10.63,12006.966969322437,15.787718708002089,-133.93659461832848,6,1
2012-09-07 03:26:02.127977+00:00,2.91,6.54,10.0,15654.778784445263,16.46892672634712,-132.57417858163842,5,1
2012-09-07 03:27:02.127977+00:00,2.91,6.54,10.0,9825.42266440626,15.068560915302122,-135.3749102037284,6,1
2012-09-07 03:32:02.127977+00:00,2.83,6.35,9.71,14769.764358399312,16.381458208146782,-132.7491156180391,6,1
2012-09-07 03:36:02.127977+00:00,2.56,5.75,8.8,13884.74993235336,16.29398968994644,-132.92405265443978,5,1
2012-09-07 03:39:02.127977+00:00,2.95,6.63,10.14,13884.74993235336,16.29398968994644,-132.92405265443978,3,1
2012-09-07 03:56:02.127977+00:00,1.2,2.71,4.15,7120.42124790345,15.067936525738938,-135.37615898285478,3,1
2012-09-07 04:05:02.127977+00:00,1.52,3.43,5.26,7120.42124790345,15.067936525738938,-135.37615898285478,3,1
2012-09-07 04:12:02.127977+00:00,2.32,5.21,7.98,10233.67459064343,15.374486232813233,-134.76305956870618,3,1
2012-09-07 04:51:02.127977+00:00,2.29,5.16,7.9,10074.907511054123,16.289292186835397,-132.93344766066187,3,1
2012-09-07 04:56:02.127977+00:00,2.56,5.75,8.8,11811.820191195196,16.389992076381056,-132.73204788157054,3,1
2012-09-07 05:02:02.127977+00:00,2.44,5.49,8.4,11876.226175188573,16.389992076381056,-132.73204788157054,3,1
2012-09-07 05:21:02.127977+00:00,3.49,7.8,11.93,8701.834751783528,15.3292939566431,-134.85344412104644,3,1
2012-09-07 06:48:02.127977+00:00,5.27,11.63,17.76,3140.7310902735453,13.35979939403761,-138.79243324625742,4,1
2012-09-07 06:52:02.127977+00:00,5.49,12.09,18.46,3401.854867294781,13.42681601122214,-138.65840001188838,3,1
2012-09-07 06:58:02.127977+00:00,5.44,12.0,18.31,3871.7052491924815,13.5965209734484,-138.31899008743585,3,1
2012-09-07 07:03:02.127977+00:00,5.16,11.4,17.41,4110.65469005163,13.71488796049209,-138.08225611334848,4,1
2012-09-07 07:08:02.127977+00:00,5.07,11.2,17.1,4349.604130910779,13.83325494753578,-137.84552213926108,3,1
2012-09-07 07:13:02.127977+00:00,5.07,11.2,17.1,4349.604130910779,13.83325494753578,-137.84552213926108,3,1
2012-09-07 08:04:02.127977+00:00,6.43,14.07,21.46,5110.5776240713885,14.042816960862632,-137.4263981126074,4,1
2012-09-07 08:08:02.127977+00:00,6.26,13.73,20.93,4622.146606057103,13.775218456384296,-137.96159512156407,4,1
2012-09-07 08:13:02.127977+00:00,6.26,13.73,20.93,4622.146606057103,13.775218456384296,-137.96159512156407,4,1
2012-09-07 08:18:02.127977+00:00,6.34,13.88,21.17,4732.4840213678835,13.905030423988135,-137.7019711863564,3,1
2012-09-07 09:07:02.127977+00:00,6.07,13.32,20.31,5077.974939121671,13.947964682275842,-137.616102669781,3,1
2012-09-07 09:12:02.127977+00:00,6.26,13.73,20.93,4683.6324777884565,13.72702536372099,-138.05798130689067,4,1
2012-09-07 09:16:02.127977+00:00,6.47,14.17,21.6,4289.290016455241,13.50608604516614,-138.49985994400038,5,1
2012-09-07 09:20:02.127977+00:00,6.62,14.48,22.07,4289.290016455241,13.50608604516614,-138.49985994400038,5,1
2012-09-07 09:25:02.127977+00:00,7.27,15.82,24.1,3952.009767422035,13.268545942235075,-138.9749401498625,5,1
2012-09-07 09:29:02.127977+00:00,7.51,16.31,24.84,3305.138259059087,13.007300704767337,-139.497430624798,5,1
2012-09-07 09:32:02.127977+00:00,8.01,17.34,26.39,2691.489394038247,12.474501572557942,-140.56302888921675,6,1
2012-09-07 09:36:02.127977+00:00,8.14,17.62,26.81,2568.495156275641,12.36906041699023,-140.7739112003522,5,1
2012-09-07 09:39:02.127977+00:00,8.4,18.14,27.61,2406.614489275295,12.26674187845538,-140.9785482774219,4,1
2012-09-07 09:41:02.127977+00:00,8.4,18.14,27.61,2406.614489275295,12.26674187845538,-140.9785482774219,4,1
2012-09-07 12:12:02.127894+00:00,2.39,5.38,8.24,2118.3058209004266,13.412632417743158,-144.34891282319916,4,1
2012-09-07 12:16:02.127894+00:00,2.44,5.49,8.4,2136.07777820321,13.641168497091243,-143.891840664503,3,1
2012-09-07 12:19:02.127894+00:00,2.44,5.49,8.4,2136.07777820321,13.641168497091243,-143.891840664503,3,1
2012-09-07 14:33:02.127894+00:00,8.63,18.61,28.32,3074.5284485722996,14.060865687468873,-143.0524462837477,3,1
2012-09-07 14:38:02.127894+00:00,7.9,17.12,26.06,3910.6964472143695,14.716620238681566,-141.74093718132235,3,1
2012-09-07 14:46:02.127894+00:00,7.67,16.65,25.36,6279.917432542793,15.57327862069374,-140.027620417298,3,1
2012-09-07 14:53:02.127894+00:00,7.03,15.32,23.35,7210.083435745907,16.057491154391947,-139.0591953499016,3,1
2012-09-07 15:00:02.127894+00:00,7.25,15.79,24.05,9129.53686601218,16.40650789175237,-138.36116187518076,3,1
2012-09-07 15:07:02.127894+00:00,6.7,14.64,22.31,9129.53686601218,16.447164565050883,-138.27984852858373,3,1
2012-09-07 15:13:02.127894+00:00,6.68,14.61,22.26,8801.4384916592,16.447164565050883,-138.27984852858373,3,1
2012-09-07 15:21:02.127894+00:00,6.37,13.95,21.27,7683.183427259597,16.07233929757829,-139.0294990635289,3,1
2012-09-07 15:28:02.127894+00:00,5.92,13.0,19.83,7683.183427259597,16.07233929757829,-139.0294990635289,3,1
2012-09-07 15:47:02.127894+00:00,5.73,12.61,19.25,8144.1433497078,16.270430464298137,-138.6333167300892,4,1
2012-09-07 15:50:02.127894+00:00,5.73,12.61,19.25,8144.1433497078,16.270430464298137,-138.6333167300892,4,1
2012-09-07 15:52:02.127894+00:00,5.89,12.93,19.73,8503.21480601052,16.203516710151394,-138.76714423838268,5,1
2012-09-07 15:56:02.127894+00:00,5.89,12.93,19.73,8503.21480601052,16.203516710151394,-138.76714423838268,5,1
2012-09-07 16:01:02.127894+00:00,6.67,14.57,22.22,8586.196018344928,16.395584185188007,-138.38300928830947,3,1
2012-09-07 16:17:02.127894+00:00,8.58,18.52,28.18,3198.268046919664,14.114648825713331,-142.9448800072588,4,1
2012-09-07 16:22:02.127894+00:00,8.8,18.96,28.84,2364.61765588427,13.472848622501475,-144.22848041368252,4,1
2012-09-07 16:26:02.127894+00:00,8.88,19.12,29.08,2556.229992687771,13.760226488440416,-143.65372468180465,5,1
2012-09-07 16:30:02.127894+00:00,8.91,19.18,29.17,2364.61765588427,13.472848622501475,-144.22848041368252,4,1
2012-09-07 16:35:02.127894+00:00,9.23,19.84,30.17,2821.172362963438,13.765878612144256,-143.64242043439697,4,1
2012-09-07 16:41:02.127894+00:00,8.16,17.65,26.86,3540.2071110838906,14.38857048462149,-142.3970366894425,3,1
2012-09-07 16:47:02.127894+00:00,6.22,13.63,20.79,5768.8527857349,15.349823635162217,-140.47453038836105,3,1
2012-09-07 16:52:02.127894+00:00,6.29,13.79,21.03,6267.157544936701,15.550781289331717,-140.07261508002205,4,1
2012-09-07 16:57:02.127894+00:00,6.2,13.6,20.74,6765.462304138502,15.751738943501216,-139.67069977168305,5,1
2012-09-07 17:01:02.127894+00:00,6.02,13.22,20.17,5325.693866915573,15.554652717496245,-140.064872223693,6,1
2012-09-07 17:03:02.127894+00:00,3.16,7.08,10.83,3885.925429692644,16.066543664004733,-139.041090330676,7,1
2012-09-07 17:07:02.127894+00:00,3.16,7.08,10.83,3885.925429692644,16.066543664004733,-139.041090330676,7,1
2012-09-07 17:10:02.127894+00:00,2.44,5.49,8.4,3071.246313819195,15.357566491491273,-140.45904467570293,7,1
2012-09-07 17:12:02.127894+00:00,2.44,5.49,8.4,2763.3096637025096,15.357566491491273,-140.45904467570293,7,2
2012-09-07 17:18:02.127894+00:00,2.32,5.21,7.98,1768.9955379182652,15.357566491491273,-140.45904467570293,5,1
2012-09-07 17:20:02.127894+00:00,2.29,5.16,7.9,1768.9955379182652,15.357566491491273,-140.45904467570293,5,1
2012-09-07 17:32:02.127894+00:00,2.49,5.6,8.57,13650.009937472028,17.493323939860655,-136.18752977896418,3,1
2012-09-07 17:36:02.127894+00:00,2.49,5.6,8.57,13650.009937472028,17.493323939860655,-136.18752977896418,3,1
2012-09-07 17:41:02.127894+00:00,1.66,3.74,5.73,13650.009937472028,17.493323939860655,-136.18752977896418,5,1
2012-09-07 17:46:02.127894+00:00,0.68,1.55,2.38,23187.535910304377,19.024484783310427,-133.12520809206464,5,1
2012-09-07 17:49:02.127894+00:00,0.01,0.03,0.08,25270.943307680984,19.043911570951355,-133.08635451678276,4,1
2012-09-07 17:56:02.127894+00:00,0.0,0.02,0.02,13028.921768936472,16.548876140490663,-138.07642537770414,4,1
2012-09-07 18:04:02.127894+00:00,1.15,2.6,3.99,5096.140050678055,15.550348765190996,-140.0734801283035,4,1
2012-09-07 18:09:02.127894+00:00,2.69,6.06,9.27,2881.656602868319,14.045550502112215,-143.08307665446102,4,1
2012-09-07 18:11:02.127894+00:00,2.72,6.1,9.34,2893.00557816807,14.0732674976709,-143.02764266334367,5,1
2012-09-07 18:16:02.127894+00:00,2.69,6.06,9.27,3108.836944341851,14.118714182228803,-142.93674929422787,4,1
2012-09-07 18:21:02.127894+00:00,20.75,40.0,40.0,3108.836944341851,14.118714182228803,-142.93674929422787,4,1
2012-09-07 18:29:02.127894+00:00,8.08,17.49,26.62,3840.293943716291,14.727660542908428,-141.71885657286862,3,1
2012-09-07 18:45:02.127894+00:00,6.25,13.7,20.89,3757.1665368266345,15.328639285094432,-140.51689908849664,4,1
2012-09-07 18:46:02.127894+00:00,6.25,13.7,20.89,3757.1665368266345,15.328639285094432,-140.51689908849664,4,1
2012-09-07 18:51:02.127894+00:00,6.28,13.76,20.98,3072.063214486622,14.619906164584195,-141.9343653295171,5,1
2012-09-07 18:54:02.127894+00:00,6.34,13.88,21.17,2963.057814559009,14.305066570987984,-142.56404451670952,6,1
2012-09-07 18:58:02.127894+00:00,6.44,14.1,21.51,2854.0524146313955,14.619906164584195,-141.9343653295171,5,1
2012-09-07 19:03:02.127894+00:00,6.37,13.95,21.27,3784.857304280599,14.134766363885998,-142.9046449309135,4,1
2012-09-07 19:07:02.127894+00:00,16.09,33.6,40.0,2311.2762999346987,13.847835138623545,-143.4785073814384,5,1
2012-09-07 19:13:02.127894+00:00,16.14,33.69,40.0,3851.303525240764,14.464318171365008,-142.24554131595545,4,1
2012-09-07 19:16:02.127894+00:00,16.09,33.6,40.0,5391.330750546829,15.080801204106471,-141.01257525047254,3,1
2012-09-07 19:30:02.127894+00:00,5.27,11.63,17.76,5994.813757705902,15.425511095739568,-140.32315546720633,3,1
2012-09-07 19:36:02.127894+00:00,5.15,11.37,17.36,3666.836386809364,14.466033923227243,-142.24210981223098,6,1
2012-09-07 19:38:02.127894+00:00,5.07,11.2,17.1,2790.6507899867397,14.79162098365066,-141.59093569138415,7,1
2012-09-07 19:42:02.127894+00:00,4.6,10.21,15.59,2349.146093006145,13.638721846583014,-143.89673396551945,7,1
2012-09-07 19:44:02.127894+00:00,4.54,10.07,15.38,2349.146093006145,13.638721846583014,-143.89673396551945,7,1
2012-09-07 19:46:02.127894+00:00,4.4,9.78,14.95,2241.8183098815325,13.572639298648966,-144.02889906138756,6,1
2012-09-07 19:47:02.127894+00:00,4.42,9.82,15.0,2241.8183098815325,13.572639298648966,-144.02889906138756,6,1
2012-09-07 19:49:02.127894+00:00,4.3,9.57,14.62,2349.146093006145,13.638721846583014,-143.89673396551945,5,1
2012-09-07 19:59:02.127894+00:00,3.51,7.84,11.99,2096.8975199108404,13.128743139480076,-144.91669137972534,3,1
2012-09-07 20:08:02.127894+00:00,2.91,6.54,10.0,2096.8975199108404,13.128743139480076,-144.91669137972534,7,1
2012-09-07 20:10:02.127894+00:00,2.91,6.54,10.0,2621.3206087632852,13.53484180256013,-144.10449405356525,6,1
2012-09-07 20:12:02.127894+00:00,2.89,6.49,9.93,2096.8975199108404,13.200563026849135,-144.77305160498722,7,1
2012-09-07 20:14:02.127894+00:00,2.76,6.2,9.49,2621.3206087632852,13.57220381314728,-144.02977003239093,8,1
2012-09-07 20:17:02.127894+00:00,2.78,6.25,9.57,2621.3206087632852,13.57220381314728,-144.02977003239093,8,1
2012-09-07 20:18:02.127894+00:00,2.93,6.58,10.07,4094.6340482736377,14.469079037885509,-142.23601958291448,8,1
2012-09-07 20:21:02.127894+00:00,2.91,6.54,10.0,5043.524398931544,14.994313476325589,-141.1855507060343,7,1
2012-09-07 20:23:02.127894+00:00,2.95,6.63,10.14,4270.627837061858,14.598638479443416,-141.97690069979865,6,1
2012-09-07 20:28:02.127894+00:00,2.89,6.49,9.93,7751.650882640957,15.834556558693269,-139.50506454129894,5,1
2012-09-07 20:33:02.127894+00:00,2.72,6.1,9.34,7944.450073722045,16.17643606970833,-138.82130551926883,5,1
2012-09-07 20:35:02.127894+00:00,3.04,6.81,10.42,9431.285487096373,16.308986348257026,-138.55620496217145,5,1
2012-09-07 20:39:02.127894+00:00,2.89,6.49,9.93,10564.31973896384,16.470901081823264,-138.23237549503895,4,1
2012-09-07 20:43:02.127894+00:00,3.04,6.81,10.42,9431.285487096373,16.369005159684367,-138.43616733931674,5,1
2012-09-07 20:49:02.127894+00:00,3.3,7.38,11.29,6189.473967248909,15.687362206668755,-139.79945324534796,4,1
2012-09-07 20:55:02.127894+00:00,3.39,7.59,11.61,3899.2232668012866,14.837358256489724,-141.49946114570605,5,1
2012-09-07 20:56:02.127894+00:00,3.32,7.42,11.36,3669.63379510321,14.921538755071431,-141.33110014854262,6,1
2012-09-07 21:00:02.127894+00:00,17.96,37.31,40.0,3440.0443234051336,14.837358256489724,-141.49946114570605,5,1
2012-09-07 21:01:02.127894+00:00,17.99,37.36,40.0,3440.0443234051336,14.837358256489724,-141.49946114570605,5,1
2012-09-07 21:05:02.127894+00:00,17.99,37.36,40.0,3059.295686972291,14.558861736763491,-142.0564541851585,6,1
2012-09-07 21:15:02.127894+00:00,3.85,8.6,13.14,3181.602142900055,14.345213488034736,-142.483750682616,4,1
2012-09-07 21:16:02.127894+00:00,4.42,9.82,15.0,3342.233865720794,14.345213488034736,-142.483750682616,4,1
2012-09-07 21:21:02.127894+00:00,5.05,11.17,17.05,3458.4527243103325,14.541188354755796,-142.0918009491739,5,1
2012-09-07 21:26:02.127894+00:00,5.99,13.16,20.07,3852.191634971256,14.764983089428515,-141.64421147982844,6,1
2012-09-07 21:28:02.127894+00:00,6.49,14.2,21.65,3943.0755008959,16.19201845706546,-138.79014074455458,7,1
2012-09-07 21:32:02.127894+00:00,6.47,14.17,21.6,3943.0755008959,16.19201845706546,-138.79014074455458,7,1
2012-09-07 21:34:02.127894+00:00,6.44,14.1,21.51,5863.759832848621,16.203305952766552,-138.76756575315238,8,1
2012-09-07 21:37:02.127894+00:00,6.49,14.2,21.65,3943.0755008959,16.19201845706546,-138.79014074455458,7,1
2012-09-07 21:38:02.127894+00:00,6.38,13.98,21.32,3943.0755008959,16.19201845706546,-138.79014074455458,7,1
2012-09-07 21:42:02.127894+00:00,6.49,14.2,21.65,4500.869520407057,16.127306357944455,-138.91956494279657,9,1
2012-09-07 21:43:02.127894+00:00,6.65,14.54,22.17,4221.972510651479,15.535014034170352,-140.10414959034478,8,1
2012-09-07 21:47:02.127894+00:00,4.06,9.05,13.84,8326.21260814532,16.04024196133467,-139.09369373601612,7,1
2012-09-07 21:49:02.127894+00:00,3.71,8.28,12.67,6413.541064276189,15.49148183586546,-140.19121398695455,6,1
2012-09-07 21:51:02.127894+00:00,3.71,8.28,12.67,6413.541064276189,15.49148183586546,-140.19121398695455,6,1
2012-09-07 21:56:02.127894+00:00,3.54,7.92,12.12,6177.690444150595,15.418526483193318,-140.33712469229886,6,1
2012-09-07 22:02:02.127894+00:00,3.53,7.88,12.06,6273.261415325033,15.63187107134478,-139.9104355159959,5,1
2012-09-07 22:03:02.127894+00:00,3.53,7.88,12.06,6273.261415325033,15.63187107134478,-139.9104355159959,5,1
2012-09-07 22:07:02.127894+00:00,7.36,16.0,24.38,6003.284286259485,15.566344306436658,-140.04148904581217,4,1
2012-09-07 22:08:02.127894+00:00,7.48,16.25,24.75,6273.261415325033,15.63187107134478,-139.9104355159959,5,1
2012-09-07 22:17:02.127894+00:00,7.84,16.99,25.87,6054.873347245981,15.602179486655851,-139.96981868537378,4,1
2012-09-07 22:25:02.127894+00:00,8.01,17.34,26.39,6140.237419255205,15.46498641338193,-140.24420483192162,5,1
2012-09-07 22:26:02.127894+00:00,8.04,17.4,26.48,4892.791725617338,14.844010225284851,-141.48615720811577,6,1
2012-09-07 22:32:02.127894+00:00,7.89,17.09,26.01,3201.4481096957734,13.895285226261812,-143.38360720616186,6,1
2012-09-07 22:34:02.127894+00:00,7.58,16.47,25.08,3645.34603197947,14.223034037187771,-142.72810958430992,7,1
2012-09-07 22:36:02.127894+00:00,7.51,16.31,24.84,2757.550187412077,13.56753641533585,-144.03910482801376,5,1
2012-09-07 22:37:02.127894+00:00,7.51,16.31,24.84,2757.550187412077,13.56753641533585,-144.03910482801376,5,1
2012-09-07 22:42:02.127894+00:00,7.61,16.53,25.17,2757.550187412077,13.56753641533585,-144.03910482801376,7,1
2012-09-07 22:48:02.127894+00:00,7.51,16.31,24.84,4296.383636536045,14.470350480898457,-142.23347669688854,4,1
2012-09-07 22:50:02.127894+00:00,7.28,15.85,24.14,6923.923681015309,15.738108256858265,-139.69796114496893,5,1
2012-09-07 22:51:02.127894+00:00,7.28,15.85,24.14,6923.923681015309,15.738108256858265,-139.69796114496893,5,1
2012-09-07 22:59:02.127894+00:00,7.6,16.5,25.12,5123.644131697099,14.85246991916434,-141.4692378203568,6,1
2012-09-07 23:01:02.127894+00:00,6.83,14.92,22.73,5123.644131697099,14.85246991916434,-141.4692378203568,4,1
2012-09-07 23:03:02.127894+00:00,6.85,14.95,22.78,5123.644131697099,14.85246991916434,-141.4692378203568,4,1
2012-09-07 23:09:02.127894+00:00,6.17,13.54,20.65,2936.894246957932,13.96558278752514,-143.24301208363522,4,1
2012-09-07 23:13:02.127894+00:00,6.23,13.66,20.84,4331.909257611809,14.659715216586996,-141.8547472255115,5,1
2012-09-07 23:19:02.127894+00:00,6.2,13.6,20.74,3868.946253561408,14.442630645160056,-142.2889163683654,4,1
2012-09-07 23:23:02.127894+00:00,5.03,11.13,17.0,4331.909257611809,14.659715216586996,-141.8547472255115,5,1
2012-09-07 23:26:02.127894+00:00,5.07,11.2,17.1,10101.990166798378,16.668463795969455,-137.83725006674658,5,1
2012-09-07 23:30:02.127894+00:00,5.03,11.13,17.0,7216.949712205093,15.750513239297865,-139.67315118008975,4,1
2012-09-07 23:36:02.127894+00:00,40.0,40.0,40.0,10198.660630349375,16.910287952380084,-137.35360175392532,4,1
2012-09-07 23:43:02.127894+00:00,4.84,10.73,16.38,10101.990166798378,16.84131126200873,-137.491555134668,3,1
2012-09-08 01:13:02.127812+00:00,3.36,7.51,11.49,2298.4328699076423,13.785873259535895,-142.24707663330028,3,1
2012-09-08 01:16:02.127812+00:00,3.39,7.59,11.61,2298.4328699076423,13.785873259535895,-142.24707663330028,3,1
2012-09-08 01:19:02.127812+00:00,3.2,7.17,10.96,4441.017060620354,14.627770488156232,-140.5632821760596,4,1
2012-09-08 01:27:02.127812+00:00,2.63,5.91,9.04,8754.559554789737,16.127835327554127,-137.5631524972638,3,1
2012-09-08 01:36:02.127812+00:00,2.24,5.04,7.72,8754.559554789737,16.127835327554127,-137.5631524972638,3,1
2012-09-08 02:02:02.127812+00:00,0.02,0.06,0.12,13348.165594155496,17.427990279803268,-134.96284259276553,3,1
2012-09-08 02:07:02.127812+00:00,0.95,2.14,3.28,13348.165594155496,17.119742805650823,-135.57933754107043,3,1
2012-09-08 02:13:02.127812+00:00,1.82,4.1,6.28,11950.39681337445,16.899317125875243,-136.02018890062158,4,1
2012-09-08 02:18:02.127812+00:00,2.0,4.5,6.89,11817.363446243206,17.01405524957019,-135.7907126532317,4,1
2012-09-08 02:21:02.127812+00:00,2.02,4.56,6.99,10416.831124227045,16.955441023048976,-135.9079411062741,5,1
2012-09-08 02:28:02.127812+00:00,2.13,4.81,7.36,9747.805216037916,16.534699324281455,-136.74942450380917,4,1
2012-09-08 02:30:02.127812+00:00,2.13,4.81,7.36,9747.805216037916,16.534699324281455,-136.74942450380917,4,1
2012-09-08 02:35:02.127812+00:00,2.53,5.7,8.73,9549.1972260379,16.37261575042404,-137.073591651524,4,1
2012-09-08 02:41:02.127812+00:00,2.0,4.5,6.89,10019.615144227011,16.63127387533415,-136.55627540170377,3,1
2012-09-08 02:46:02.127812+00:00,2.69,6.06,9.27,10019.615144227011,17.38563041814481,-135.04756231608246,3,1
2012-09-08 02:52:02.127812+00:00,3.14,7.03,10.76,11748.897587576395,17.503061758283298,-134.81269963580547,3,1
2012-09-08 02:58:02.127812+00:00,2.65,5.96,9.12,11465.14472504977,18.187596932887867,-133.44362928659635,3,1
2012-09-08 03:04:02.127812+00:00,1.97,4.44,6.79,11465.14472504977,18.187596932887867,-133.44362928659635,3,1
2012-09-08 03:10:02.127812+00:00,0.01,0.02,0.02,9935.919268298663,16.978565958094393,-135.86169123618328,4,1
2012-09-08 03:15:02.127812+00:00,1.62,3.67,5.62,9969.167880818324,16.978565958094393,-135.86169123618328,4,1
2012-09-08 03:19:02.127812+00:00,1.62,3.67,5.62,9969.167880818324,16.978565958094393,-135.86169123618328,4,1
2012-09-08 03:24:02.127812+00:00,1.79,4.03,6.18,16992.865019875728,18.0015258180977,-133.81577151617668,4,1
2012-09-08 03:31:02.127812+00:00,2.0,4.5,6.89,22454.088089662364,18.75931283353121,-132.30019748530967,3,1
2012-09-08 03:38:02.127812+00:00,1.55,3.51,5.38,11394.284538000917,17.211105332220505,-135.3966124879311,3,1
2012-09-08 03:43:02.127812+00:00,0.68,1.55,2.38,7936.410982887204,17.007223435875837,-135.8043762806204,3,1
2012-09-08 03:48:02.127812+00:00,0.6,1.37,2.09,7936.410982887204,17.007223435875837,-135.8043762806204,3,1
2012-09-08 03:54:02.127812+00:00,1.75,3.96,6.07,9549.27967055785,17.530333632549425,-134.75815588727323,3,1
2012-09-08 04:01:02.127812+00:00,2.78,6.25,9.57,16012.61326650047,17.94102218817524,-133.9367787760216,3,1
2012-09-08 04:07:02.127812+00:00,2.69,6.06,9.27,18549.89041726904,18.083374475727584,-133.6520742009169,4,1
2012-09-08 04:12:02.127812+00:00,2.53,5.7,8.73,21812.41206563666,18.341898258648985,-133.1350266350741,4,1
2012-09-08 04:16:02.127812+00:00,2.49,5.6,8.57,21087.167568037603,18.22572676327993,-133.36736962581222,5,1
2012-09-08 04:19:02.127812+00:00,2.24,5.04,7.72,18824.674757746485,18.0758673123184,-133.66708852773525,4,1
2012-09-08 04:25:02.127812+00:00,2.39,5.38,8.24,11751.678427901898,16.793437761956593,-136.2319476284589,4,1
2012-09-08 04:30:02.127812+00:00,2.37,5.33,8.15,8675.87537585256,16.19874959907048,-137.4213239542311,3,1
2012-09-08 04:35:02.127812+00:00,2.34,5.27,8.07,5792.037996609151,15.389201149519684,-139.0404208533327,4,1
2012-09-08 04:40:02.127812+00:00,2.37,5.33,8.15,5792.037996609151,15.389201149519684,-139.0404208533327,4,1
2012-09-08 04:45:02.127812+00:00,2.58,5.8,8.88,3172.8577053586114,14.649075841364102,-140.52067146964387,4,1
2012-09-08 05:02:02.127812+00:00,4.83,10.69,16.33,5110.798289581092,15.357639443569337,-139.1035442652334,3,1
2012-09-08 05:06:02.127812+00:00,4.96,10.96,16.74,5110.798289581092,15.357639443569337,-139.1035442652334,3,1
2012-09-08 05:09:02.127812+00:00,4.94,10.93,16.69,5255.8919079958905,15.409026906087403,-139.00076934019728,4,1
2012-09-08 05:16:02.127812+00:00,4.96,10.96,16.74,7627.425381399342,15.9037156904025,-138.01139177156708,4,1
2012-09-08 05:22:02.127812+00:00,13.56,28.56,40.0,8511.002913469925,16.258178373545856,-137.30246640528037,4,1
2012-09-08 05:26:02.127812+00:00,5.36,11.83,18.06,8640.915989589304,16.238729905659138,-137.3413633410538,5,1
2012-09-08 05:31:02.127812+00:00,5.86,12.87,19.64,8672.962132213546,16.258178373545856,-137.30246640528037,6,1
2012-09-08 05:35:02.127812+00:00,5.9,12.97,19.78,8478.956770845683,16.23460182980938,-137.3496194927533,6,1
2012-09-08 05:39:02.127812+00:00,6.04,13.25,20.21,8316.997552102062,16.230473753959625,-137.3578756444528,7,1
2012-09-08 05:40:02.127812+00:00,6.02,13.22,20.17,8316.997552102062,16.230473753959625,-137.3578756444528,7,1
2012-09-08 05:44:02.127812+00:00,17.86,37.12,40.0,8640.915989589304,16.230473753959625,-137.3578756444528,7,1
2012-09-08 05:45:02.127812+00:00,17.86,37.12,40.0,8640.915989589304,16.230473753959625,-137.3578756444528,7,1
2012-09-08 05:48:02.127812+00:00,17.84,37.07,40.0,5448.151026561781,14.752283398277209,-140.31425635581766,6,1
2012-09-08 05:53:02.127812+00:00,17.84,37.07,40.0,8660.271087717927,16.350443640681085,-137.1179358710099,5,1
2012-09-08 05:59:02.127812+00:00,18.04,37.46,40.0,8153.843310622406,16.066697721638654,-137.68542770909477,4,1
2012-09-08 06:04:02.127812+00:00,6.97,15.2,23.16,6975.094204661462,15.688751981455551,-138.44131918946096,5,1
2012-09-08 06:09:02.127812+00:00,6.92,15.1,23.02,6975.094204661462,15.688751981455551,-138.44131918946096,5,1
2012-09-08 06:10:02.127812+00:00,7.55,16.41,24.98,5942.960799527791,15.448975013800744,-138.9208731247706,4,1
2012-09-08 06:14:02.127812+00:00,8.25,17.83,27.14,4188.76701851543,14.767994485288888,-140.2828341817943,4,1
2012-09-08 06:21:02.127812+00:00,8.6,18.55,28.22,3466.7066426367396,14.326790924431842,-141.1652413035084,3,1
2012-09-08 09:48:02.127812+00:00,8.1,17.52,26.67,2212.08098348687,13.312418293406504,-143.19398656555904,4,1
2012-09-08 09:53:02.127812+00:00,23.97,40.0,40.0,2173.0484240822625,13.217115144349446,-143.38459286367316,3,1
2012-09-08 09:58:02.127812+00:00,23.93,40.0,40.0,2212.08098348687,13.312418293406504,-143.19398656555904,4,1
2012-09-08 10:05:02.127812+00:00,9.11,19.59,29.79,2755.847928341512,13.664554305196448,-142.48971454197917,3,1
2012-09-08 10:09:02.127812+00:00,9.3,19.97,30.36,3259.108661472276,14.11345182991681,-141.59191949253847,3,1
2012-09-08 10:15:02.127812+00:00,9.16,19.69,29.93,3259.108661472276,14.11345182991681,-141.59191949253847,3,1
2012-09-08 10:25:02.127812+00:00,7.36,16.0,24.38,3219.847948295553,14.11345182991681,-141.59191949253847,3,1
2012-09-08 10:30:02.127812+00:00,7.52,16.34,24.89,3219.847948295553,14.245735919294022,-141.32735131378405,3,1
2012-09-08 10:37:02.127812+00:00,10.19,21.78,33.09,3318.037490981488,14.349625480691738,-141.1195721909886,4,1
2012-09-08 10:42:02.127812+00:00,10.78,22.97,34.88,3416.227033667423,14.248199495989502,-141.32242416039307,3,1
2012-09-08 10:47:02.127812+00:00,11.08,23.58,35.8,3610.5949197354257,14.275661017065149,-141.26750111824177,3,1
2012-09-08 11:16:02.127812+00:00,7.92,17.15,26.11,3272.353548329515,13.8421461987208,-142.13453075493047,3,1
2012-09-08 11:23:02.127812+00:00,7.57,16.44,25.03,3272.353548329515,13.947939846715473,-141.92294345894115,3,1
2012-09-08 11:32:02.127812+00:00,7.75,16.81,25.59,3120.2013973917,13.944291853902977,-141.93023944456613,3,1
2012-09-08 12:05:02.127728+00:00,7.04,15.35,23.39,3478.9885953544676,14.099253508021404,-142.26618175250624,3,1
2012-09-08 12:11:02.127728+00:00,7.36,16.0,24.38,3839.91880501782,14.388145093215286,-141.68839858211848,4,1
2012-09-08 12:15:02.127728+00:00,7.33,15.94,24.28,3478.9885953544676,14.099253508021404,-142.26618175250624,5,1
2012-09-08 12:20:02.127728+00:00,7.4,16.1,24.52,3478.9885953544676,14.099253508021404,-142.26618175250624,5,1
2012-09-08 12:24:02.127728+00:00,7.51,16.31,24.84,3839.91880501782,14.382473155962892,-141.69974245662326,4,1
2012-09-08 12:29:02.127728+00:00,7.63,16.56,25.22,3962.049085265555,14.511959329224652,-141.44077011009975,4,1
2012-09-08 12:47:02.127728+00:00,7.81,16.93,25.78,3075.1078663381804,13.82934677359832,-142.80599522135242,3,1
2012-09-08 12:53:02.127728+00:00,7.64,16.59,25.27,3087.623604168333,13.859544414581324,-142.7455999393864,4,1
2012-09-08 12:56:02.127728+00:00,7.64,16.59,25.27,3087.623604168333,13.859544414581324,-142.7455999393864,4,1
2012-09-08 13:02:02.127728+00:00,7.58,16.47,25.08,3863.585166323415,14.42231320857654,-141.62006235139597,4,1
2012-09-08 13:06:02.127728+00:00,7.72,16.75,25.5,3848.445684042382,14.36912042844213,-141.7264479116648,4,1
2012-09-08 13:13:02.127728+00:00,7.3,15.88,24.19,2556.7472040692473,13.486667512563368,-143.49135374342234,3,1
2012-09-08 13:19:02.127728+00:00,7.64,16.59,25.27,2556.7472040692473,13.486667512563368,-143.49135374342234,3,1
2012-09-08 13:24:02.127728+00:00,7.7,16.72,25.45,2702.906298553867,13.54131568443735,-143.38205739967435,3,1
2012-09-08 13:33:02.127728+00:00,8.99,19.34,29.41,2523.4243863857387,13.54131568443735,-143.38205739967435,5,1
2012-09-08 13:35:02.127728+00:00,9.19,19.75,30.03,2458.132851749974,13.588490325707731,-143.2877081171336,4,1
2012-09-08 13:40:02.127728+00:00,8.72,18.8,28.6,3190.530939077742,14.040256179212305,-142.38417641012444,7,1
2012-09-08 13:41:02.127728+00:00,8.72,18.8,28.6,3190.530939077742,14.040256179212305,-142.38417641012444,7,1
2012-09-08 13:45:02.127728+00:00,8.57,18.49,28.13,3345.0683045316728,14.057096873494809,-142.35049502155942,6,1
2012-09-08 13:46:02.127728+00:00,8.57,18.49,28.13,3345.0683045316728,14.057096873494809,-142.35049502155942,6,1
2012-09-08 13:50:02.127728+00:00,10.85,23.11,35.09,3499.605669985603,14.07393756777731,-142.31681363299444,7,1
2012-09-08 13:53:02.127728+00:00,11.08,23.58,35.8,3559.695015238883,14.280238330321728,-141.90421210790558,5,1
2012-09-08 13:58:02.127728+00:00,11.03,23.48,35.65,4934.875929967134,14.916547916203806,-140.63159293614143,5,1
2012-09-08 14:03:02.127728+00:00,10.95,23.31,35.39,5691.75565649427,15.158037505487794,-140.14861375757346,6,1
2012-09-08 14:07:02.127728+00:00,11.0,23.41,35.54,4867.037042025012,14.70197709027423,-141.0607345880006,6,1
2012-09-08 14:08:02.127728+00:00,11.0,23.41,35.54,4867.037042025012,14.70197709027423,-141.0607345880006,6,1
2012-09-08 14:12:02.127728+00:00,7.7,16.72,25.45,3285.4387010286173,14.004427085776678,-142.45583459699571,7,1
2012-09-08 14:14:02.127728+00:00,7.64,16.59,25.27,6448.635383021407,15.39952709477178,-139.66563457900548,7,1
2012-09-08 14:18:02.127728+00:00,7.09,15.44,23.53,4130.813923922007,15.816324469143538,-138.83203983026198,7,1
2012-09-08 14:20:02.127728+00:00,6.73,14.7,22.4,7817.203814822818,16.07480968076284,-138.31506940702337,7,1
2012-09-08 14:24:02.127728+00:00,7.01,15.29,23.3,5846.287933128142,15.932730291852195,-138.59922818484466,8,1
2012-09-08 14:25:02.127728+00:00,7.01,15.29,23.3,7561.761942334277,16.049136114560852,-138.36641653942735,7,1
2012-09-08 14:29:02.127728+00:00,6.98,15.23,23.2,5846.287933128142,15.932730291852195,-138.59922818484466,8,1
2012-09-08 14:31:02.127728+00:00,6.98,15.23,23.2,5846.287933128142,15.932730291852195,-138.59922818484466,8,1
2012-09-08 14:33:02.127728+00:00,7.0,15.26,23.25,4130.813923922007,15.816324469143538,-138.83203983026198,9,1
2012-09-08 14:37:02.127728+00:00,7.1,15.48,23.58,3169.592122276791,14.251101918860202,-141.96248493082865,8,1
2012-09-08 14:38:02.127728+00:00,7.12,15.51,23.63,3169.592122276791,14.251101918860202,-141.96248493082865,8,1
2012-09-08 14:40:02.127728+00:00,7.15,15.57,23.72,3169.592122276791,14.251101918860202,-141.96248493082865,8,1
2012-09-08 14:42:02.127728+00:00,7.13,15.54,23.67,3510.6889054364774,14.272213631305249,-141.92026150593856,8,1
2012-09-08 14:47:02.127728+00:00,6.76,14.76,22.5,5987.221263160798,15.279475772087851,-139.90573722437335,9,1
2012-09-08 14:48:02.127728+00:00,6.71,14.67,22.36,5987.221263160798,15.279475772087851,-139.90573722437335,9,1
2012-09-08 14:52:02.127728+00:00,6.8,14.85,22.64,5987.221263160798,15.279475772087851,-139.90573722437335,7,1
2012-09-08 14:53:02.127728+00:00,6.77,14.79,22.55,6039.721963705034,15.347827331706313,-139.76903410513643,8,1
2012-09-08 14:55:02.127728+00:00,6.77,14.79,22.55,5987.221263160798,15.279475772087851,-139.90573722437335,9,1
2012-09-08 14:57:02.127728+00:00,6.68,14.61,22.26,6092.22266424927,15.416178891324773,-139.6323309858995,9,1
2012-09-08 15:01:02.127728+00:00,6.82,14.89,22.69,6092.22266424927,15.416178891324773,-139.6323309858995,9,1
2012-09-08 15:02:02.127728+00:00,6.11,13.41,20.46,6092.22266424927,15.416178891324773,-139.6323309858995,9,1
2012-09-08 15:04:02.127728+00:00,5.9,12.97,19.78,6323.414820276927,15.565065657606862,-139.33455745333532,8,1
2012-09-08 15:05:02.127728+00:00,5.89,12.93,19.73,6092.22266424927,15.416178891324773,-139.6323309858995,9,1
2012-09-08 15:10:02.127728+00:00,5.81,12.77,19.49,5752.311971761588,15.416178891324773,-139.6323309858995,9,1
2012-09-08 15:12:02.127728+00:00,5.86,12.87,19.64,5291.590607729057,15.416178891324773,-139.6323309858995,9,1
2012-09-08 15:15:02.127728+00:00,6.5,14.23,21.7,6259.158757678608,15.539450898647411,-139.38578697125425,9,1
2012-09-08 15:18:02.127728+00:00,6.49,14.2,21.65,5775.374682703832,15.511290079768932,-139.4421086090112,8,1
2012-09-08 15:19:02.127728+00:00,6.5,14.23,21.7,5470.552645075709,15.483129260890456,-139.49843024676815,9,1
2012-09-08 15:22:02.127728+00:00,7.0,15.26,23.25,5470.552645075709,15.483129260890456,-139.49843024676815,7,1
2012-09-08 15:23:02.127728+00:00,7.0,15.26,23.25,5470.552645075709,15.483129260890456,-139.49843024676815,7,1
2012-09-08 15:24:02.127728+00:00,7.0,15.26,23.25,5470.552645075709,15.483129260890456,-139.49843024676815,7,1
2012-09-08 15:29:02.127728+00:00,7.3,15.88,24.19,5365.096481789508,15.219023681207196,-140.02664140613467,6,1
2012-09-08 15:34:02.127728+00:00,7.75,16.81,25.59,5365.096481789508,15.171151515884038,-140.12238573678098,6,1
2012-09-08 15:38:02.127728+00:00,7.3,15.88,24.19,5365.096481789508,15.171151515884038,-140.12238573678098,6,1
2012-09-08 15:39:02.127728+00:00,7.63,16.56,25.22,5259.640318503308,15.086203815064604,-140.29228113841984,5,1
2012-09-08 15:42:02.127728+00:00,7.54,16.37,24.94,5259.640318503308,15.086203815064604,-140.29228113841984,7,1
2012-09-08 15:45:02.127728+00:00,7.39,16.06,24.47,3711.130955904537,14.524528996617208,-141.41563077531464,7,1
2012-09-08 15:51:02.127728+00:00,7.13,15.54,23.67,4805.233422118178,15.036898158545135,-140.39089245145877,7,1
2012-09-08 15:52:02.127728+00:00,7.24,15.75,24.0,5307.174277111292,15.164804887282363,-140.13507899398434,6,1
2012-09-08 15:55:02.127728+00:00,6.86,14.98,22.83,4805.233422118178,15.036898158545135,-140.39089245145877,5,1
2012-09-08 15:59:02.127728+00:00,2.58,5.8,8.88,4805.233422118178,15.036898158545135,-140.39089245145877,7,1
2012-09-08 16:00:02.127728+00:00,2.58,5.8,8.88,4805.233422118178,15.036898158545135,-140.39089245145877,7,1
2012-09-08 16:06:02.127728+00:00,2.16,4.87,7.46,5516.346319910105,15.392131177534711,-139.6804264134796,6,1
2012-09-08 16:07:02.127728+00:00,2.16,4.87,7.46,5516.346319910105,15.392131177534711,-139.6804264134796,6,1
2012-09-08 16:12:02.127728+00:00,2.11,4.75,7.27,4242.762753172912,14.742853161116251,-140.97898244631654,5,1
2012-09-08 16:13:02.127728+00:00,2.13,4.81,7.36,4242.762753172912,14.742853161116251,-140.97898244631654,5,1
2012-09-08 16:22:02.127728+00:00,1.94,4.37,6.7,4520.257596435913,14.65368883902736,-141.15731109049432,6,1
2012-09-08 16:27:02.127728+00:00,0.39,0.88,1.36,5077.47379900616,14.777351967975168,-140.90998483259872,5,1
2012-09-08 16:28:02.127728+00:00,0.39,0.88,1.36,4501.660052323206,14.65368883902736,-141.15731109049432,6,1
2012-09-08 16:32:02.127728+00:00,0.02,0.03,0.15,5077.47379900616,14.777351967975168,-140.90998483259872,5,1
2012-09-08 16:36:02.127728+00:00,0.02,0.03,0.15,5077.47379900616,14.777351967975168,-140.90998483259872,5,1
2012-09-08 16:38:02.127728+00:00,0.01,0.02,0.02,3935.410664824013,14.226039865370264,-142.01260903780857,4,1
2012-09-08 16:47:02.127728+00:00,1.72,3.89,5.96,2793.3475306418654,13.67472776276536,-143.11523324301834,5,1
2012-09-08 16:49:02.127728+00:00,1.72,3.89,5.96,3017.585071010046,14.055693199512318,-142.3533023695244,5,1
2012-09-08 16:50:02.127728+00:00,1.59,3.59,5.5,3017.585071010046,14.055693199512318,-142.3533023695244,5,1
2012-09-08 16:54:02.127728+00:00,1.75,3.96,6.07,3422.7671179581966,14.061344257961814,-142.34200025262544,6,1
2012-09-08 16:59:02.127728+00:00,1.69,3.82,5.85,4035.9810465005457,14.784128588834871,-140.8964315908793,5,1
2012-09-08 17:03:02.127728+00:00,16.62,34.64,40.0,4462.565118983881,14.70920614144143,-141.0462764856662,4,1
2012-09-08 17:04:02.127728+00:00,16.62,34.64,40.0,4462.565118983881,14.70920614144143,-141.0462764856662,4,1
2012-09-08 17:15:02.127728+00:00,3.54,7.92,12.12,4238.557014875004,14.788029635600626,-140.8886294973478,3,1
2012-09-08 17:22:02.127728+00:00,2.58,5.8,8.88,4238.557014875004,14.788029635600626,-140.8886294973478,5,1
2012-09-08 17:24:02.127728+00:00,2.58,5.8,8.88,4238.557014875004,14.788029635600626,-140.8886294973478,5,1
2012-09-08 17:29:02.127728+00:00,14.51,30.45,40.0,16380.435200841788,17.49079638101785,-135.48309600651336,6,1
2012-09-08 17:30:02.127728+00:00,14.51,30.45,40.0,16380.435200841788,17.49079638101785,-135.48309600651336,6,1
2012-09-08 17:34:02.127728+00:00,14.51,30.45,40.0,25259.46808076149,18.669052708223795,-133.12658335210148,6,1
2012-09-08 17:39:02.127728+00:00,14.51,30.45,40.0,31655.024259093516,19.244478964179137,-131.97573084019078,5,1
2012-09-08 17:43:02.127728+00:00,14.54,30.49,40.0,31655.024259093516,19.244478964179137,-131.97573084019078,5,1
2012-09-08 17:46:02.127728+00:00,1.2,2.71,4.15,31655.024259093516,19.244478964179137,-131.97573084019078,5,1
2012-09-08 17:51:02.127728+00:00,0.51,1.15,1.76,26396.50998367284,18.885421879889776,-132.6938450087695,5,1
2012-09-08 17:54:02.127728+00:00,1.05,2.38,3.65,24070.94119598788,18.473779273703837,-133.51713022114137,5,1
2012-09-08 17:57:02.127728+00:00,0.39,0.88,1.36,21641.11634314305,18.258709944739564,-133.94726887906992,5,1
2012-09-08 18:02:02.127728+00:00,19.46,40.0,40.0,21471.612305544302,18.221784548542136,-134.0211196714648,5,1
2012-09-08 18:07:02.127728+00:00,0.0,0.01,0.02,22618.096548688933,18.24024724664085,-133.98419427526736,6,1
2012-09-08 18:10:02.127728+00:00,0.0,0.02,0.02,23833.00897511135,18.270434568398947,-133.92381963175114,6,1
2012-09-08 18:13:02.127728+00:00,0.0,0.01,0.02,23595.07675423482,18.221784548542136,-134.0211196714648,5,1
2012-09-08 18:17:02.127728+00:00,0.0,0.02,0.02,26539.634490902405,18.31908458825576,-133.82651959203753,5,1
2012-09-08 18:20:02.127728+00:00,0.0,0.02,0.02,27604.69393628886,18.510658505020036,-133.443371758509,4,1
2012-09-08 18:24:02.127728+00:00,0.0,0.02,0.02,27604.69393628886,18.449112435074618,-133.56646389839983,4,1
2012-09-08 18:31:02.127728+00:00,0.76,1.72,2.63,16805.816829991712,17.720947816793064,-135.02279313496294,3,1
2012-09-08 19:14:02.127728+00:00,0.0,0.0,0.0,3925.9377959009576,14.863421069080404,-140.73784663038825,3,1
2012-09-08 19:16:02.127728+00:00,0.0,0.0,0.0,3925.9377959009576,14.863421069080404,-140.73784663038825,3,1
2012-09-08 19:20:02.127728+00:00,0.0,0.0,0.0,3925.9377959009576,14.863421069080404,-140.73784663038825,3,1
2012-09-08 19:35:02.127728+00:00,2.95,6.63,10.14,5317.212366483042,15.480230015916442,-139.50422873671616,4,1
2012-09-08 19:38:02.127728+00:00,4.39,9.75,14.89,5231.41741094218,15.351608858883177,-139.76147105078272,5,1
2012-09-08 19:41:02.127728+00:00,4.06,9.05,13.84,5658.782801857594,15.378376159913508,-139.70793644872205,7,1
2012-09-08 19:44:02.127728+00:00,4.06,9.05,13.84,5658.782801857594,15.378376159913508,-139.70793644872205,7,1
2012-09-08 19:45:02.127728+00:00,4.06,9.05,13.84,5658.782801857594,15.378376159913508,-139.70793644872205,7,1
2012-09-08 19:49:02.127728+00:00,3.6,8.04,12.3,5930.247412380608,15.3983934294227,-139.66790190970366,8,1
2012-09-08 19:51:02.127728+00:00,3.53,7.88,12.06,5930.247412380608,15.3983934294227,-139.66790190970366,8,1
2012-09-08 19:56:02.127728+00:00,1.1,2.5,3.82,6346.20077375624,15.606689820730292,-139.25130912708846,6,1
2012-09-08 19:58:02.127728+00:00,1.28,2.9,4.45,6408.456589041329,15.608423389422622,-139.24784198970383,8,1
2012-09-08 19:59:02.127728+00:00,1.33,3.0,4.59,6457.54161697891,15.71088611221272,-139.0429165441236,7,1
2012-09-08 20:02:02.127728+00:00,1.37,3.09,4.73,6457.54161697891,15.614915333682116,-139.2348581011848,7,1
2012-09-08 20:06:02.127728+00:00,1.33,3.0,4.59,6495.670299033167,15.8361892221148,-138.79231032431946,8,1
2012-09-08 20:07:02.127728+00:00,1.33,3.0,4.59,6495.670299033167,15.8361892221148,-138.79231032431946,8,1
2012-09-08 20:10:02.127728+00:00,1.33,3.0,4.59,6359.371561103747,15.505960666632523,-139.45276743528402,7,1
2012-09-08 20:13:02.127728+00:00,0.6,1.37,2.09,6207.864375026216,15.56043800015732,-139.3438127682344,8,1
2012-09-08 20:15:02.127728+00:00,0.76,1.72,2.63,6207.864375026216,15.56043800015732,-139.3438127682344,8,1
2012-09-08 20:19:02.127728+00:00,0.01,0.03,0.08,5588.684422646373,15.481237796848546,-139.50221317485196,8,1
2012-09-08 20:22:02.127728+00:00,0.01,0.03,0.08,5479.142941121319,15.203070809938913,-140.05854714867124,8,1
2012-09-08 20:23:02.127728+00:00,0.01,0.03,0.08,5479.142941121319,15.203070809938913,-140.05854714867124,8,1
2012-09-08 20:28:02.127728+00:00,0.0,0.02,0.02,4698.033995737083,14.936919862736907,-140.59084904307525,8,2
2012-09-08 20:32:02.127728+00:00,0.0,0.01,0.02,4494.139298180212,14.81525836561097,-140.8341720373271,7,1
2012-09-08 20:34:02.127728+00:00,0.0,0.01,0.02,9575.40215646051,16.12257479622795,-138.21953917609315,6,1
2012-09-08 20:37:02.127728+00:00,0.0,0.01,0.02,9575.40215646051,16.12257479622795,-138.21953917609315,6,1
2012-09-08 20:40:02.127728+00:00,0.0,0.02,0.02,17237.6583715501,17.538715578878158,-135.38725761079274,5,1
2012-09-08 20:47:02.127728+00:00,0.0,0.02,0.02,29114.40350913424,18.598237963352272,-133.2682128418445,3,1
2012-09-08 20:55:02.127728+00:00,0.6,1.37,2.09,19946.71009833029,18.163832895330913,-134.13702297788723,3,1
2012-09-08 21:01:02.127728+00:00,0.02,0.03,0.15,7743.36257848274,16.299382472857125,-137.86592382283482,3,1
2012-09-08 21:06:02.127728+00:00,1.41,3.18,4.87,7743.36257848274,16.299382472857125,-137.86592382283482,3,1
2012-09-08 21:13:02.127728+00:00,2.21,4.99,7.64,11191.623935566033,16.624677550051018,-137.21533366844702,3,1
2012-09-08 21:19:02.127728+00:00,3.12,6.99,10.7,11191.623935566033,16.65311880331785,-137.15845116191335,3,1
2012-09-08 21:23:02.127728+00:00,3.14,7.03,10.76,11175.104467743631,16.638898176684435,-137.18689241518018,4,1
2012-09-08 21:31:02.127728+00:00,3.39,7.59,11.61,5693.501343437711,15.256336252160638,-139.95201626422778,3,1
2012-09-08 21:37:02.127728+00:00,3.64,8.12,12.42,2525.4121117663876,13.825923660256302,-142.81284144803644,3,1
2012-09-08 21:47:02.127728+00:00,3.71,8.28,12.67,1729.4689671710034,13.519310927137145,-143.42606691427477,3,1
2012-09-08 21:53:02.127728+00:00,4.8,10.62,16.23,2194.9861875984825,13.531224844382663,-143.40223907978373,3,1
2012-09-08 21:58:02.127728+00:00,4.34,9.64,14.73,1736.218944558268,12.789442445045328,-144.8858038784584,3,1
2012-09-08 22:04:02.127728+00:00,4.97,11.0,16.8,2194.9861875984825,13.531224844382663,-143.40223907978373,3,1
2012-09-08 22:10:02.127728+00:00,5.89,12.93,19.73,4315.576911748073,14.709466329722398,-141.04575610910427,3,1
2012-09-08 22:17:02.127728+00:00,6.38,13.98,21.32,4957.678386377796,14.98899690045127,-140.48669496764654,4,1
2012-09-08 22:22:02.127728+00:00,6.77,14.79,22.55,4891.332384288771,14.886482668542843,-140.69172343146337,4,2
2012-09-08 22:30:02.127728+00:00,7.83,16.96,25.83,4162.359608120332,14.499543891259083,-141.4656009860309,6,1
2012-09-08 22:34:02.127728+00:00,7.84,16.99,25.87,3749.743764137543,14.495904300014672,-141.4728801685197,6,2
2012-09-08 22:38:02.127728+00:00,7.06,15.38,23.44,4141.834308670642,14.504437865905546,-141.45581303673796,7,1
2012-09-08 22:40:02.127728+00:00,7.06,15.38,23.44,4141.834308670642,14.504437865905546,-141.45581303673796,7,1
2012-09-08 22:42:02.127728+00:00,7.04,15.35,23.39,4188.088816940752,14.865426781676986,-140.73383520519508,6,1
2012-09-08 22:47:02.127728+00:00,6.92,15.1,23.02,4907.518032470864,14.951777149460726,-140.5611344696276,4,1
2012-09-08 23:48:02.127728+00:00,5.3,11.7,17.86,5790.250922066539,15.352299004988248,-139.76009075857257,3,1
2012-09-09 00:07:02.127646+00:00,20.81,40.0,40.0,5618.361913381657,14.922963524415447,-138.4275173814812,3,1
2012-09-09 00:16:02.127646+00:00,20.57,40.0,40.0,5618.361913381657,14.922963524415447,-138.4275173814812,3,1
2012-09-09 00:23:02.127646+00:00,6.02,13.22,20.17,4351.252529716375,14.063141123351476,-140.14716218360917,4,1
2012-09-09 00:30:02.127646+00:00,6.76,14.76,22.5,2280.5433678352406,13.189716347051103,-141.8940117362099,5,1
2012-09-09 00:31:02.127646+00:00,6.71,14.67,22.36,2280.5433678352406,13.189716347051103,-141.8940117362099,5,1
2012-09-09 00:36:02.127646+00:00,6.91,15.07,22.97,4919.932728298854,14.327817995859862,-139.61780843859236,6,1
2012-09-09 00:39:02.127646+00:00,6.92,15.1,23.02,4919.932728298854,14.327817995859862,-139.61780843859236,6,1
2012-09-09 00:43:02.127646+00:00,7.4,16.1,24.52,4416.414655626046,14.221462734024565,-139.830518962263,6,1
2012-09-09 00:45:02.127646+00:00,7.49,16.28,24.8,4416.414655626046,14.221462734024565,-139.830518962263,6,1
2012-09-09 00:50:02.127646+00:00,7.92,17.15,26.11,4416.414655626046,14.221462734024565,-139.830518962263,4,1
2012-09-09 00:53:02.127646+00:00,7.81,16.93,25.78,2935.805231972773,13.482944837413935,-141.30755475548423,3,1
2012-09-09 01:27:02.127646+00:00,5.99,13.16,20.07,2734.8898454295,13.482211029663706,-141.30902237098468,3,1
2012-09-09 01:36:02.127646+00:00,6.02,13.22,20.17,2985.3457244927217,13.645495714064715,-140.98245300218267,4,1
2012-09-09 01:39:02.127646+00:00,7.21,15.69,23.91,2985.3457244927217,13.645495714064715,-140.98245300218267,4,1
2012-09-09 01:44:02.127646+00:00,7.12,15.51,23.63,2734.8898454295,13.67776064397532,-140.91792314236147,5,1
2012-09-09 01:49:02.127646+00:00,7.21,15.69,23.91,2209.98861175474,13.257903729481388,-141.7576369713493,5,1
2012-09-09 01:52:02.127646+00:00,8.14,17.62,26.81,2137.70622369574,13.206607218894984,-141.86022999252214,6,1
2012-09-09 01:55:02.127646+00:00,9.31,20.0,30.41,2137.70622369574,13.206607218894984,-141.86022999252214,6,1
2012-09-09 01:57:02.127646+00:00,9.33,20.04,30.46,2137.70622369574,13.206607218894984,-141.86022999252214,6,1
2012-09-09 02:00:02.127646+00:00,10.19,21.78,33.09,2065.4238356367396,13.15531070830858,-141.96282301369493,5,1
2012-09-09 02:04:02.127646+00:00,5.95,13.06,19.93,2065.4238356367396,13.15531070830858,-141.96282301369493,5,1
2012-09-09 02:13:02.127646+00:00,5.98,13.13,20.02,2721.1598111543735,13.654097051224497,-140.9652503278631,3,1
2012-09-09 03:02:02.127646+00:00,19.88,40.0,40.0,3255.8518630308527,13.594428011938604,-141.0845884064349,3,1
2012-09-09 03:11:02.127646+00:00,19.85,40.0,40.0,3255.8518630308527,13.594428011938604,-141.0845884064349,3,1
2012-09-09 03:35:02.127646+00:00,7.73,16.78,25.55,2661.592516209857,13.61424788428078,-141.04494866175054,3,1
2012-09-09 03:40:02.127646+00:00,7.81,16.93,25.78,2661.592516209857,13.61424788428078,-141.04494866175054,3,1
2012-09-09 03:45:02.127646+00:00,7.76,16.84,25.64,2661.592516209857,13.61424788428078,-141.04494866175054,5,1
2012-09-09 03:52:02.127646+00:00,8.02,17.37,26.44,3166.0913385012195,13.619565509843593,-141.03431341062492,6,1
2012-09-09 03:54:02.127646+00:00,7.83,16.96,25.83,3166.0913385012195,13.619565509843593,-141.03431341062492,6,1
2012-09-09 03:57:02.127646+00:00,7.9,17.12,26.06,3166.0913385012195,13.501147662784009,-141.2711491047441,6,1
2012-09-09 04:01:02.127646+00:00,7.86,17.03,25.92,3332.5951030305355,13.742517748948224,-140.78840893241568,8,1
2012-09-09 04:02:02.127646+00:00,7.86,17.03,25.92,3332.5951030305355,13.742517748948224,-140.78840893241568,8,1
2012-09-09 04:06:02.127646+00:00,7.92,17.15,26.11,3062.739031045724,13.469930595690766,-141.33358323893054,9,1
2012-09-09 04:07:02.127646+00:00,7.92,17.15,26.11,3062.739031045724,13.469930595690766,-141.33358323893054,9,1
2012-09-09 04:10:02.127646+00:00,8.08,17.49,26.62,2769.842799639619,13.396158154767695,-141.4811281207767,8,1
2012-09-09 04:13:02.127646+00:00,7.98,17.27,26.3,2278.260293956682,13.28632376440805,-141.700796901496,6,1
2012-09-09 04:15:02.127646+00:00,7.98,17.27,26.3,2278.260293956682,13.28632376440805,-141.700796901496,6,1
2012-09-09 04:16:02.127646+00:00,8.08,17.49,26.62,2476.9465682335153,13.322385713844623,-141.62867300262286,5,1
2012-09-09 04:37:02.127646+00:00,8.66,18.68,28.41,3539.574932882407,14.07394259031609,-140.1255592496799,3,1
2012-09-09 04:43:02.127646+00:00,8.78,18.93,28.79,4381.426752674088,14.41989584231698,-139.43365274567813,3,1
2012-09-09 04:50:02.127646+00:00,8.83,19.02,28.93,4381.426752674088,14.41989584231698,-139.43365274567813,3,1
2012-09-09 08:41:02.127646+00:00,8.62,18.58,28.27,1614.5461184160813,12.566797946354312,-143.13984853760348,3,1
2012-09-09 08:48:02.127646+00:00,8.08,17.49,26.62,2543.664769006347,13.17631255575195,-141.9208193188082,3,1
2012-09-09 08:53:02.127646+00:00,28.07,40.0,40.0,4310.418451070858,14.35114129338929,-139.5711618435335,3,1
2012-09-09 09:23:02.127646+00:00,6.85,14.95,22.78,4301.745889375567,14.458807810775443,-139.35582880876123,3,1
2012-09-09 09:27:02.127646+00:00,6.65,14.54,22.17,4804.607075444169,14.900234816106009,-138.47297479810007,3,1
2012-09-09 09:33:02.127646+00:00,6.58,14.39,21.93,4954.687137445288,14.889199860831637,-138.49504470864883,4,1
2012-09-09 09:40:02.127646+00:00,6.19,13.57,20.69,5104.767199446407,14.900234816106009,-138.47297479810007,3,1
2012-09-09 09:46:02.127646+00:00,6.47,14.17,21.6,5104.767199446407,14.878164905557265,-138.51711461919757,3,1
2012-09-09 09:52:02.127646+00:00,6.26,13.73,20.93,4986.623106100836,15.15832365103199,-137.95679712824813,3,1
2012-09-09 09:58:02.127646+00:00,6.65,14.54,22.17,4986.623106100836,15.15832365103199,-137.95679712824813,3,1
2012-09-09 10:03:02.127646+00:00,6.02,13.22,20.17,5436.5112367100455,15.15832365103199,-137.95679712824813,3,1
2012-09-09 10:11:02.127646+00:00,6.82,14.89,22.69,5779.776158444382,15.01943860475472,-138.23456722080266,3,1
2012-09-09 10:19:02.127646+00:00,6.92,15.1,23.02,5515.281816751884,15.01943860475472,-138.23456722080266,3,1
2012-09-09 10:27:02.127646+00:00,6.77,14.79,22.55,5515.281816751884,15.058187109253977,-138.15707021180415,3,1
2012-09-09 10:32:02.127646+00:00,5.95,13.06,19.93,5349.851430625272,15.058187109253977,-138.15707021180415,3,1
2012-09-09 10:42:02.127646+00:00,5.67,12.48,19.05,3804.843651292099,14.17589678608664,-139.92165085813883,3,1
2012-09-09 10:48:02.127646+00:00,5.41,11.93,18.21,3808.408303869279,14.184896474508315,-139.90365148129547,4,1
2012-09-09 10:52:02.127646+00:00,5.33,11.77,17.96,3811.9729564464583,14.193896162929994,-139.8856521044521,3,1
2012-09-09 10:56:02.127646+00:00,5.32,11.73,17.91,3811.9729564464583,14.193896162929994,-139.8856521044521,3,1
2012-09-09 11:16:02.127646+00:00,6.94,15.13,23.06,5642.71116432901,14.883446574500256,-138.5065512813116,3,1
2012-09-09 11:21:02.127646+00:00,6.95,15.17,23.11,4827.656828627919,14.819623769045586,-138.63419689222093,3,1
2012-09-09 11:28:02.127646+00:00,7.43,16.16,24.61,4080.7651138635624,14.410952970887534,-139.45153848853704,3,1
2012-09-09 11:35:02.127646+00:00,7.98,17.27,26.3,3492.207831134448,13.979552223405742,-140.31433998350062,3,1
2012-09-09 23:07:02.127563+00:00,7.1,15.48,23.58,3046.843037486934,13.249729762387505,-140.89142445219608,3,1
2012-09-09 23:15:02.127563+00:00,6.97,15.2,23.16,3123.1345839150963,13.428047638004374,-140.53478870096234,3,1
2012-09-09 23:43:02.127563+00:00,6.94,15.13,23.06,3511.513033594509,13.812535061655558,-139.76581385365995,3,1
2012-09-09 23:49:02.127563+00:00,6.98,15.23,23.2,3293.007570490035,13.771841437150671,-139.84720110266974,3,1
2012-09-10 00:11:02.127481+00:00,6.79,14.82,22.59,2978.42155607678,13.934833751833407,-139.41653281573969,3,1
2012-09-10 00:18:02.127481+00:00,6.62,14.48,22.07,3611.614539001683,14.127611826075908,-139.0309766672547,3,1
2012-09-10 00:24:02.127481+00:00,6.74,14.73,22.45,3779.352763569981,14.424666970791977,-138.43686637782253,3,1
2012-09-10 00:30:02.127481+00:00,6.65,14.54,22.17,3902.396071297764,14.424666970791977,-138.43686637782253,3,1
2012-09-10 00:36:02.127481+00:00,6.61,14.45,22.03,4135.925668346689,14.234436997191258,-138.817326325024,3,1
2012-09-10 00:43:02.127481+00:00,6.64,14.51,22.12,4135.925668346689,14.234436997191258,-138.817326325024,3,1
2012-09-10 00:47:02.127481+00:00,6.71,14.67,22.36,4101.065368715054,14.234436997191258,-138.817326325024,3,1
2012-09-10 00:54:02.127481+00:00,7.19,15.66,23.86,3023.2678642086703,14.174424719183811,-138.93735088103887,3,1
2012-09-10 00:58:02.127481+00:00,7.22,15.72,23.95,3023.2678642086703,13.830806806267049,-139.62458670687238,3,1
2012-09-10 01:05:02.127481+00:00,7.48,16.25,24.75,3328.066095699679,13.972303906039327,-139.34159250732785,3,1
2012-09-10 01:09:02.127481+00:00,7.58,16.47,25.08,3328.066095699679,13.830806806267049,-139.62458670687238,3,1
2012-09-10 01:17:02.127481+00:00,7.9,17.12,26.06,2672.3095642414387,13.408572673707855,-140.46905497199077,3,1
2012-09-10 01:21:02.127481+00:00,8.14,17.62,26.81,2154.421203612325,12.967280351883607,-141.35163961563927,3,1
2012-09-10 01:28:02.127481+00:00,8.29,17.93,27.28,2001.866989622738,12.93613345936377,-141.41393340067896,4,1
2012-09-10 01:33:02.127481+00:00,8.13,17.58,26.76,1913.4841545498157,12.967280351883607,-141.35163961563927,3,1
2012-09-10 01:34:02.127481+00:00,8.11,17.55,26.72,1913.4841545498157,12.967280351883607,-141.35163961563927,3,1
2012-09-10 05:59:02.127481+00:00,1.94,4.37,6.7,3853.884627909125,14.599500357551696,-138.0871996043031,3,1
2012-09-10 06:07:02.127481+00:00,2.0,4.5,6.89,3014.9353142208097,14.491709563686047,-138.3027811920344,3,1
2012-09-10 07:24:02.127481+00:00,7.6,16.5,25.12,2217.18987020964,12.772968337014284,-141.74026364537792,3,1
2012-09-10 15:08:02.127398+00:00,8.97,19.31,29.36,2903.0820743407135,13.296586019314947,-139.7579946692176,3,1
2012-09-10 15:13:02.127398+00:00,8.26,17.86,27.19,3032.761165843168,13.302798105499727,-139.74557049684805,4,1
2012-09-10 15:16:02.127398+00:00,8.19,17.71,26.95,3162.440257345622,13.309010191684507,-139.7331463244785,5,1
2012-09-10 15:20:02.127398+00:00,8.04,17.4,26.48,3409.016424421845,13.466601169214456,-139.41796436941857,4,1
2012-09-10 15:25:02.127398+00:00,7.92,17.15,26.11,3967.51636913366,13.690186680471168,-138.97079334690517,4,1
2012-09-10 15:31:02.127398+00:00,6.37,13.95,21.27,4380.0576804871935,13.860569639622272,-138.63002742860294,3,1
2012-09-10 15:37:02.127398+00:00,6.26,13.73,20.93,5261.684597040332,14.405231533560674,-137.54070364072615,4,1
2012-09-10 15:41:02.127398+00:00,6.26,13.73,20.93,5261.684597040332,14.405231533560674,-137.54070364072615,4,1
2012-09-10 15:46:02.127398+00:00,6.22,13.63,20.79,5261.684597040332,14.405231533560674,-137.54070364072615,4,1
2012-09-10 15:51:02.127398+00:00,6.7,14.64,22.31,5061.4406194551775,14.17700305289982,-137.99716060204787,4,1
2012-09-10 20:35:02.127398+00:00,8.29,17.93,27.28,2204.006105831138,12.668161149122392,-141.01484440960272,3,1
2012-09-10 20:40:02.127398+00:00,8.33,17.99,27.37,1928.2126982832156,12.594555307912389,-141.16205609202274,4,1
2012-09-10 20:44:02.127398+00:00,8.2,17.74,27.0,1928.2126982832156,12.594555307912389,-141.16205609202274,4,1
2012-09-10 20:48:02.127398+00:00,8.01,17.34,26.39,2554.4616036868783,12.922493169520578,-140.50618036880633,4,1
2012-09-10 20:55:02.127398+00:00,7.93,17.18,26.15,3122.2990020541683,13.280676179338649,-139.7898143491702,3,1
2012-09-10 21:00:02.127398+00:00,7.0,15.26,23.25,3275.5475534275333,13.37983104927714,-139.59150460929322,3,1
2012-09-10 21:05:02.127398+00:00,6.67,14.57,22.22,3926.195563133094,13.80653826128617,-138.73809018527515,3,1
2012-09-10 21:10:02.127398+00:00,6.23,13.66,20.84,4058.319993417141,13.883618814221135,-138.5839290794052,4,1
2012-09-10 21:15:02.127398+00:00,6.22,13.63,20.79,4370.495410223645,13.99694913698702,-138.35726843387346,4,1
2012-09-10 21:21:02.127398+00:00,6.17,13.54,20.65,5162.659368723847,14.406344063130376,-137.53847858158676,3,1
2012-09-11 21:06:02.127232+00:00,9.84,21.06,32.01,2341.0090056650183,12.642878866497805,-142.45495441969436,3,1
2012-09-11 21:11:02.127232+00:00,9.5,20.39,30.99,2057.449684005592,12.50536967545952,-142.72997280177094,4,1
2012-09-11 21:15:02.127232+00:00,9.31,20.0,30.41,2341.0090056650183,12.642878866497805,-142.45495441969436,5,1
2012-09-11 21:20:02.127232+00:00,9.03,19.43,29.55,3170.1612596701207,13.363611810083578,-141.01348853252284,5,1
2012-09-11 21:24:02.127232+00:00,8.6,18.55,28.22,3260.7772050787507,13.363611810083578,-141.01348853252284,5,1
2012-09-11 21:28:02.127232+00:00,8.25,17.83,27.14,3561.857248101661,13.439343110634113,-140.86202593142175,5,1
2012-09-11 21:32:02.127232+00:00,8.25,17.83,27.14,3644.945087355763,13.452712383424402,-140.83528738584118,4,1
2012-09-11 21:35:02.127232+00:00,8.26,17.86,27.19,3728.0329266098656,13.466081656214692,-140.80854884026058,3,1
2012-09-11 21:45:02.127232+00:00,8.2,17.74,27.0,4493.587469946084,14.020004291277862,-139.70070357013424,4,1
2012-09-11 21:50:02.127232+00:00,8.45,18.24,27.75,4861.3926839994,14.189875418393305,-139.36096131590335,4,1
2012-09-11 21:54:02.127232+00:00,8.55,18.46,28.08,5207.282271026176,14.272634117909655,-139.19544391687066,5,1
2012-09-11 21:58:02.127232+00:00,8.66,18.68,28.41,5241.416526249481,14.324487464424047,-139.0917372238419,4,1
2012-09-11 22:04:02.127232+00:00,8.46,18.27,27.8,5207.282271026176,14.342676117938735,-139.0553599168125,5,1
2012-09-11 22:08:02.127232+00:00,8.37,18.08,27.52,5207.282271026176,14.342676117938735,-139.0553599168125,5,1
2012-09-11 22:13:02.127232+00:00,8.48,18.3,27.85,5813.281705612453,14.590983000690528,-138.55874615130892,5,1
2012-09-11 22:18:02.127232+00:00,7.87,17.06,25.97,6340.403955299877,14.590983000690528,-138.55874615130892,5,1
2012-09-11 22:23:02.127232+00:00,7.84,16.99,25.87,6340.403955299877,14.590983000690528,-138.55874615130892,5,1
2012-09-11 22:27:02.127232+00:00,7.78,16.87,25.69,6469.411945857656,14.632486845918589,-138.4757384608528,5,1
2012-09-11 22:31:02.127232+00:00,7.55,16.41,24.98,6469.411945857656,14.949059222203374,-137.84259370828323,5,1
2012-09-11 22:36:02.127232+00:00,7.06,15.38,23.44,6469.411945857656,15.06092227386496,-137.61886760496006,5,1
2012-09-11 22:39:02.127232+00:00,6.92,15.1,23.02,6469.411945857656,15.06092227386496,-137.61886760496006,5,1
2012-09-11 22:41:02.127232+00:00,6.76,14.76,22.5,7680.930796544107,15.078706216184685,-137.5832997203206,5,1
2012-09-11 22:46:02.127232+00:00,6.76,14.76,22.5,7735.167803747563,15.107575819137148,-137.5255605144157,6,1
2012-09-11 22:51:02.127232+00:00,6.8,14.85,22.64,7789.40481095102,15.136445422089611,-137.46782130851076,5,1
2012-09-11 22:55:02.127232+00:00,6.85,14.95,22.78,7977.213859325262,15.171795772438802,-137.39712060781238,4,1
2012-09-11 23:00:02.127232+00:00,7.48,16.25,24.75,7644.321889190294,15.007612667084436,-137.72548681852112,4,1
2012-09-11 23:09:02.127232+00:00,8.02,17.37,26.44,6013.795679686105,14.639082187725606,-138.46254777723877,3,1
2012-09-11 23:13:02.127232+00:00,8.52,18.39,27.99,4902.137527014684,14.090207386278562,-139.56029738013285,4,1
2012-09-11 23:20:02.127232+00:00,8.68,18.71,28.46,4095.7476801203024,13.718076320965713,-140.30455951075857,5,1
2012-09-11 23:23:02.127232+00:00,3.66,8.16,12.49,4095.7476801203024,13.718076320965713,-140.30455951075857,5,1
2012-09-11 23:24:02.127232+00:00,8.97,19.31,29.36,3882.0030463103103,13.675310080002504,-140.39009199268497,6,1
2012-09-11 23:30:02.127232+00:00,2.26,5.1,7.81,3668.2584125003186,13.632543839039291,-140.47562447461138,7,1
2012-09-11 23:31:02.127232+00:00,2.26,5.1,7.81,3513.278667272043,13.537172757882615,-140.66636663692475,8,1
2012-09-11 23:34:02.127232+00:00,2.24,5.04,7.72,3668.2584125003186,13.44180167672594,-140.8571087992381,7,1
2012-09-11 23:38:02.127232+00:00,2.39,5.38,8.24,3513.278667272043,13.43617088650539,-140.8683703796792,8,1
2012-09-11 23:39:02.127232+00:00,2.41,5.43,8.32,3513.278667272043,13.43617088650539,-140.8683703796792,8,1
2012-09-11 23:41:02.127232+00:00,2.05,4.63,7.08,6348.345385314261,14.741743184626706,-138.25722578343658,8,1
2012-09-11 23:44:02.127232+00:00,1.85,4.17,6.39,2478.918003484765,12.686755343503036,-142.3672014656839,7,1
2012-09-11 23:47:02.127232+00:00,1.91,4.31,6.59,6104.62392809729,14.364220018015253,-139.01227211665946,8,1
2012-09-11 23:50:02.127232+00:00,1.59,3.59,5.5,9492.283752935167,16.087846743713463,-135.56501866526307,7,1
2012-09-11 23:51:02.127232+00:00,1.59,3.59,5.5,9695.168821358742,16.14245162180356,-135.45580890908286,6,1
2012-09-11 23:55:02.127232+00:00,0.83,1.87,2.87,9492.283752935167,16.087846743713463,-135.56501866526307,5,1
2012-09-12 00:00:02.127150+00:00,1.48,3.35,5.13,8277.572571439448,15.959123070936396,-135.83879357256464,3,1
2012-09-12 00:06:02.127150+00:00,2.13,4.81,7.36,12743.269760252988,16.596550748100213,-134.563938218237,4,1
2012-09-12 00:12:02.127150+00:00,0.51,1.15,1.76,18920.38172065063,17.55814085835229,-132.64075799773286,4,1
2012-09-12 00:14:02.127150+00:00,0.51,1.15,1.76,18920.38172065063,17.55814085835229,-132.64075799773286,4,1
2012-09-12 00:20:02.127150+00:00,40.0,40.0,40.0,21966.183777034643,18.043090230989087,-131.67085925245925,4,1
2012-09-12 00:25:02.127150+00:00,16.78,34.96,40.0,30476.86496883315,19.863322295953623,-128.0303951225302,3,1
2012-09-12 00:31:02.127150+00:00,9.92,21.23,32.25,37873.17470923466,19.899058995624088,-127.95892172318926,4,1
2012-09-12 00:35:02.127150+00:00,2.29,5.16,7.9,37931.69640886857,19.934795695294557,-127.88744832384832,3,1
2012-09-12 00:41:02.127150+00:00,2.24,5.04,7.72,37931.69640886857,19.504490914973267,-128.7480578844909,3,1
2012-09-12 00:47:02.127150+00:00,1.59,3.59,5.5,20348.367348666103,17.886198440137196,-131.98464283416305,3,1
2012-09-12 00:52:02.127150+00:00,0.0,0.02,0.02,11738.216202518874,17.148575945053604,-133.45988782433022,3,1
2012-09-12 00:58:02.127150+00:00,1.62,3.67,5.62,6763.325330368212,15.38823074236258,-136.98057822971228,3,1
2012-09-12 01:03:02.127150+00:00,2.34,5.27,8.07,6040.9801937144275,15.011740650628418,-137.7335584131806,4,1
2012-09-12 01:08:02.127150+00:00,2.41,5.43,8.32,6040.9801937144275,15.011740650628418,-137.7335584131806,4,1
2012-09-12 01:13:02.127150+00:00,2.46,5.54,8.48,5318.635057060642,15.010935073556622,-137.7351695673242,5,1
2012-09-12 01:18:02.127150+00:00,2.49,5.6,8.57,4328.922139186153,14.422538878696075,-138.91196195704526,4,1
2012-09-12 01:22:02.127150+00:00,2.85,6.39,9.79,3339.209221311664,13.834142683835534,-140.08875434676636,3,1
2012-09-12 01:39:02.127150+00:00,4.5,10.0,15.27,2216.875849074481,13.88568644948502,-139.9856668154674,3,1
2012-09-12 01:45:02.127150+00:00,4.83,10.69,16.33,3949.751046061855,14.59650587822255,-138.56402795799232,3,1
2012-09-12 01:50:02.127150+00:00,5.41,11.93,18.21,6795.690440600697,15.47818084584387,-136.8006780227497,3,1
2012-09-12 01:55:02.127150+00:00,5.79,12.74,19.44,7486.659376311005,15.58689333880773,-136.583253036822,3,1
2012-09-12 02:02:02.127150+00:00,6.43,14.07,21.46,7486.659376311005,15.58689333880773,-136.583253036822,3,1
2012-09-12 02:07:02.127150+00:00,7.03,15.32,23.35,6881.196930858294,15.524045839791931,-136.70894803485356,3,1
2012-09-12 02:32:02.127150+00:00,9.11,19.59,29.79,2561.846622959973,13.292264547033664,-141.1725106203701,3,1
2012-09-12 21:24:02.127067+00:00,13.51,28.44,40.0,3584.199599975601,18.066778927370017,-133.3792799419204,5,1
2012-09-12 21:30:02.127067+00:00,13.51,28.44,40.0,3584.199599975601,18.066778927370017,-133.3792799419204,5,1
2012-09-12 21:31:02.127067+00:00,13.51,28.44,40.0,3584.199599975601,18.066778927370017,-133.3792799419204,5,3
2012-09-12 21:55:02.127067+00:00,7.83,16.96,25.83,2055.905024687053,12.74348204992557,-144.02587369680933,3,1
2012-09-12 21:59:02.127067+00:00,7.37,16.03,24.42,2289.6014446492404,13.068341285297116,-143.3761552260662,4,1
2012-09-12 22:04:02.127067+00:00,6.67,14.57,22.22,2523.297864611428,13.393200520668664,-142.7264367553231,5,1
2012-09-12 22:09:02.127067+00:00,6.89,15.04,22.92,3439.0253264520093,13.978381002499995,-141.55607579166045,5,1
2012-09-12 22:13:02.127067+00:00,6.71,14.67,22.36,3870.622960958818,14.002170472762154,-141.50849685113616,5,1
2012-09-12 22:18:02.127067+00:00,5.86,12.87,19.64,4181.688459048527,14.462154076054333,-140.58852964455178,5,1
2012-09-12 22:23:02.127067+00:00,5.89,12.93,19.73,4626.747230092561,14.390266774774531,-140.7323042471114,5,1
2012-09-12 22:28:02.127067+00:00,5.66,12.45,19.0,4594.061146631268,14.344017062088428,-140.8248036724836,4,1
2012-09-12 22:32:02.127067+00:00,5.66,12.45,19.0,4594.061146631268,14.344017062088428,-140.8248036724836,4,1
2012-09-12 22:38:02.127067+00:00,5.16,11.4,17.41,4561.375063169974,14.297767349402324,-140.9173030978558,3,1
2012-09-12 22:42:02.127067+00:00,5.15,11.37,17.36,4561.375063169974,14.297767349402324,-140.9173030978558,3,1
2012-09-12 23:49:02.127067+00:00,4.73,10.49,16.02,2144.5802547200997,12.574895341106448,-144.36304711444757,3,1
2012-09-12 23:54:02.127067+00:00,5.05,11.17,17.05,2079.8154080490435,12.516464683648476,-144.4799084293635,4,1
2012-09-13 00:09:02.126985+00:00,5.81,12.77,19.49,3004.622982457139,13.062079257930456,-140.52668770106564,3,1
2012-09-13 01:02:02.126985+00:00,8.82,18.99,28.89,3701.4006806664624,13.459775604271586,-139.73129500838337,3,1
2012-09-13 01:28:02.126985+00:00,5.75,12.65,19.29,6007.932720645728,14.70410279534378,-137.242640626239,3,1
2012-09-13 01:34:02.126985+00:00,5.39,11.9,18.16,8537.929243568307,15.405208612327543,-135.84042899227146,3,1
2012-09-13 01:42:02.126985+00:00,5.33,11.77,17.96,8625.050259425676,15.405208612327543,-135.84042899227146,3,1
2012-09-13 01:48:02.126985+00:00,5.11,11.3,17.26,8537.929243568307,15.381054135996813,-135.88873794493293,3,1
2012-09-13 02:33:02.126985+00:00,6.62,14.48,22.07,4844.822074892248,14.467106234703436,-137.7166337475197,3,1
2012-09-13 02:41:02.126985+00:00,7.03,15.32,23.35,4689.13649445219,14.14041874116393,-138.37000873459868,3,1
2012-09-13 02:48:02.126985+00:00,6.82,14.89,22.69,4689.13649445219,14.13548550158314,-138.37987521376027,3,1
2012-09-13 03:06:02.126985+00:00,6.38,13.98,21.32,5148.766492107255,14.18997207840212,-138.2709020601223,3,1
2012-09-13 03:11:02.126985+00:00,6.1,13.38,20.41,5613.142405746329,14.302787124740902,-138.04527196744473,3,1
2012-09-13 03:19:02.126985+00:00,5.73,12.61,19.25,5934.61180360113,14.468944595435625,-137.7129570260553,3,1
2012-09-13 03:28:02.126985+00:00,5.61,12.35,18.85,5934.61180360113,14.468944595435625,-137.7129570260553,3,1
2012-09-13 03:35:02.126985+00:00,4.71,10.45,15.96,2991.7749182598027,13.923367309191462,-138.8041115985436,3,1
2012-09-13 03:41:02.126985+00:00,3.06,6.86,10.49,1933.584119518772,12.780644708338322,-141.08955680024988,3,1
2012-09-13 04:13:02.126985+00:00,1.28,2.9,4.45,10366.40226232306,16.12632160416778,-134.398203008591,3,1
2012-09-13 04:20:02.126985+00:00,2.16,4.87,7.46,11758.282514572493,16.367634012975728,-133.91557819097508,3,1
2012-09-13 04:26:02.126985+00:00,1.41,3.18,4.87,11758.282514572493,16.367634012975728,-133.91557819097508,3,1
2012-09-13 04:32:02.126985+00:00,2.37,5.33,8.15,11758.282514572493,16.367634012975728,-133.91557819097508,3,1
2012-09-13 04:38:02.126985+00:00,1.52,3.43,5.26,3803.9050329696383,13.934159942954846,-138.78252633101687,4,1
2012-09-13 04:43:02.126985+00:00,3.0,6.72,10.28,3174.9296630619165,13.596480377181145,-139.45788546256426,4,1
2012-09-13 04:48:02.126985+00:00,2.72,6.1,9.34,2545.0381199884896,13.023393956122828,-140.6040583046809,4,1
2012-09-13 04:52:02.126985+00:00,2.97,6.67,10.21,1986.2153516574397,12.31333442539198,-142.02417736614257,5,1
2012-09-13 04:54:02.126985+00:00,3.43,7.68,11.74,1895.703017642344,12.261739084206294,-142.12736804851394,4,1
2012-09-13 05:00:02.126985+00:00,4.76,10.55,16.12,1895.703017642344,12.261739084206294,-142.12736804851394,4,1
2012-09-13 05:07:02.126985+00:00,4.84,10.73,16.38,2781.3893452923503,12.906090557313847,-140.83866510229885,4,1
2012-09-13 05:11:02.126985+00:00,4.96,10.96,16.74,2781.3893452923503,13.029191814584284,-140.59246258775798,4,1
2012-09-13 05:16:02.126985+00:00,5.22,11.53,17.61,2943.2542916984744,13.122272925506998,-140.40630036591256,5,1
2012-09-13 05:18:02.126985+00:00,5.29,11.67,17.81,2979.031858041761,13.35163997695252,-139.9475662630215,5,1
2012-09-13 05:24:02.126985+00:00,5.21,11.5,17.56,2979.031858041761,13.35163997695252,-139.9475662630215,5,1
2012-09-13 05:28:02.126985+00:00,5.58,12.29,18.76,2857.0051601337495,13.18755248361271,-140.27574124970113,6,1
2012-09-13 05:30:02.126985+00:00,4.97,11.0,16.8,3120.055135932864,13.35163997695252,-139.9475662630215,5,1
2012-09-13 05:34:02.126985+00:00,5.7,12.55,19.15,3896.616894692731,13.66153569996984,-139.32777481698687,6,1
2012-09-13 05:36:02.126985+00:00,5.72,12.58,19.2,3974.503544260615,13.679751937009952,-139.29134234290666,7,1
2012-09-13 05:40:02.126985+00:00,5.63,12.39,18.9,4211.046074000337,13.938541093229524,-138.7737640304675,7,1
2012-09-13 05:42:02.126985+00:00,5.63,12.39,18.9,4211.046074000337,13.938541093229524,-138.7737640304675,7,1
2012-09-13 05:45:02.126985+00:00,5.64,12.42,18.95,4685.626428403655,14.115864006102992,-138.41911820472058,7,1
2012-09-13 05:47:02.126985+00:00,5.56,12.26,18.71,4685.626428403655,14.115864006102992,-138.41911820472058,7,1
2012-09-13 05:49:02.126985+00:00,5.58,12.29,18.76,4685.626428403655,14.115864006102992,-138.41911820472058,9,1
2012-09-13 05:53:02.126985+00:00,5.56,12.26,18.71,4685.626428403655,14.115864006102992,-138.41911820472058,9,1
2012-09-13 05:56:02.126985+00:00,5.55,12.22,18.66,4592.05549382161,14.267667612194671,-138.1155109925372,8,1
2012-09-13 05:58:02.126985+00:00,5.9,12.97,19.78,3736.814974026157,13.650528970380348,-139.34978827616584,8,1
2012-09-13 05:59:02.126985+00:00,5.98,13.13,20.02,4973.064913642883,14.419471218286354,-137.81190378035382,9,1
2012-09-13 06:01:02.126985+00:00,6.08,13.35,20.36,2500.5650344094315,12.881586722474342,-140.88767277197786,9,1
2012-09-13 06:03:02.126985+00:00,6.08,13.35,20.36,2500.5650344094315,12.881586722474342,-140.88767277197786,9,1
2012-09-13 06:07:02.126985+00:00,6.41,14.04,21.41,4058.7062565706537,13.694605878927783,-139.261634459071,8,1
2012-09-13 06:09:02.126985+00:00,6.38,13.98,21.32,4194.921815649199,13.789513201188896,-139.07181981454875,6,1
2012-09-13 06:10:02.126985+00:00,6.37,13.95,21.27,4194.921815649199,13.789513201188896,-139.07181981454875,6,1
2012-09-13 06:16:02.126985+00:00,6.79,14.82,22.59,3820.302793685088,13.612394181226737,-139.42605785447307,6,1
2012-09-13 06:24:02.126985+00:00,4.5,10.0,15.27,4815.64173444157,14.05182693849788,-138.54719233993077,7,1
2012-09-13 06:25:02.126985+00:00,4.57,10.14,15.49,4815.64173444157,14.05182693849788,-138.54719233993077,7,1
2012-09-13 06:28:02.126985+00:00,5.11,11.3,17.26,3821.810533020991,13.649637535925534,-139.3515711450755,7,1
2012-09-13 06:29:02.126985+00:00,5.29,11.67,17.81,3821.810533020991,13.649637535925534,-139.3515711450755,7,1
2012-09-13 06:30:02.126985+00:00,3.6,8.04,12.3,4318.726133731281,13.850732237211709,-138.94938174250314,8,1
2012-09-13 06:34:02.126985+00:00,3.94,8.79,13.43,4728.236064800874,13.995975364339436,-138.65889548824768,9,1
2012-09-13 06:35:02.126985+00:00,3.71,8.28,12.67,4275.023298910933,14.003106114399042,-138.64463398812848,10,1
2012-09-13 06:39:02.126985+00:00,2.53,5.7,8.73,3675.9994848974425,13.8013446493972,-139.04815691813212,10,1
2012-09-13 06:42:02.126985+00:00,7.46,16.22,24.7,3640.30624673309,13.995975364339436,-138.65889548824768,9,1
2012-09-13 06:43:02.126985+00:00,7.48,16.25,24.75,3640.30624673309,13.995975364339436,-138.65889548824768,9,1
2012-09-13 06:44:02.126985+00:00,8.42,18.18,27.66,3465.029478829662,13.569763621871614,-139.5113189731833,9,1
2012-09-13 06:47:02.126985+00:00,0.01,0.03,0.08,3465.029478829662,13.569763621871614,-139.5113189731833,9,2
2012-09-13 06:48:02.126985+00:00,0.01,0.02,0.02,3552.667862781376,13.782869493105526,-139.0851072307155,10,1
2012-09-13 06:53:02.126985+00:00,0.0,0.02,0.02,3502.4638552022548,13.64374775309031,-139.36335071074592,10,1
2012-09-13 06:54:02.126985+00:00,0.0,0.02,0.02,3502.4638552022548,13.64374775309031,-139.36335071074592,10,1
2012-09-13 06:57:02.126985+00:00,7.98,17.27,26.3,3471.157713578391,13.509095634172487,-139.63265494858155,10,1
2012-09-13 06:58:02.126985+00:00,8.05,17.43,26.53,3471.157713578391,13.64374775309031,-139.36335071074592,8,1
2012-09-13 07:00:02.126985+00:00,1.05,2.38,3.65,3471.157713578391,13.64374775309031,-139.36335071074592,8,1
2012-09-13 07:02:02.126985+00:00,7.49,16.28,24.8,3443.662693194246,13.569763621871614,-139.5113189731833,9,1
2012-09-13 07:06:02.126985+00:00,8.66,18.68,28.41,3491.780462384547,13.599964101524554,-139.45091801387744,8,2
2012-09-13 07:11:02.126985+00:00,8.46,18.27,27.8,3287.534673214709,13.425927005896032,-139.79899220513448,6,1
2012-09-13 07:13:02.126985+00:00,8.46,18.27,27.8,3131.406653235172,13.369657693051964,-139.9115308308226,5,1
2012-09-13 07:17:02.126985+00:00,10.35,22.11,33.58,2869.653002596835,13.425927005896032,-139.79899220513448,4,1
2012-09-13 09:59:02.126985+00:00,7.7,16.72,25.45,1777.9202292021666,12.348596870026771,-141.953652476873,3,1
2012-09-13 10:04:02.126985+00:00,7.87,17.06,25.97,1921.5360329139464,12.424102026582773,-141.802642163761,4,1
2012-09-13 10:09:02.126985+00:00,7.84,16.99,25.87,2252.8185838376603,12.830889600812414,-140.9890670153017,4,1
2012-09-13 10:14:02.126985+00:00,7.9,17.12,26.06,2398.6949086358354,12.952801501514095,-140.74524321389836,5,1
2012-09-13 10:15:02.126985+00:00,7.86,17.03,25.92,2442.908008042922,13.003498115518768,-140.643849985889,4,1
2012-09-13 10:23:02.126985+00:00,10.75,22.91,34.78,2398.6949086358354,12.952801501514095,-140.74524321389836,3,1
2012-09-13 19:30:02.126902+00:00,2.51,5.65,8.65,3000.4196251112676,13.086080799982012,-137.04149984621415,3,1
2012-09-13 19:35:02.126902+00:00,2.8,6.3,9.64,3000.4196251112676,13.086080799982012,-137.04149984621415,3,1
2012-09-13 19:42:02.126902+00:00,2.83,6.35,9.71,2842.862090894228,13.055264339706248,-137.10313276676567,3,1
2012-09-13 19:49:02.126902+00:00,2.41,5.43,8.32,2619.3846733887217,12.810554693547996,-137.59255205908218,3,1
2012-09-13 19:54:02.126902+00:00,2.11,4.75,7.27,2169.8137421608208,12.66441654148833,-137.8848283632015,3,1
2012-09-13 20:01:02.126902+00:00,2.74,6.15,9.42,2619.3846733887217,12.810554693547996,-137.59255205908218,3,1
2012-09-13 20:09:02.126902+00:00,3.06,6.86,10.49,2897.1968178765883,12.983678416551514,-137.24630461307515,3,1
2012-09-13 20:15:02.126902+00:00,3.08,6.9,10.56,2897.1968178765883,12.983678416551514,-137.24630461307515,3,1
2012-09-13 21:11:02.126902+00:00,6.37,13.95,21.27,2612.9604494144,12.658701940069502,-137.89625756603917,3,1
2012-09-13 21:18:02.126902+00:00,6.76,14.76,22.5,2641.325500932473,12.658701940069502,-137.89625756603917,3,1
2012-09-13 21:25:02.126902+00:00,6.83,14.92,22.73,2641.325500932473,12.642640582466475,-137.9283802812452,3,1
2012-09-13 21:31:02.126902+00:00,6.91,15.07,22.97,2277.7309895182934,12.553623280112996,-138.10641488595218,3,1
2012-09-13 22:21:02.126902+00:00,8.14,17.62,26.81,1630.0904873149786,12.187508580451446,-138.83864428527528,3,1
2012-09-13 22:30:02.126902+00:00,6.04,13.25,20.21,1910.2689129718065,13.201407187087328,-136.81084707200353,3,1
2012-09-13 22:37:02.126902+00:00,6.44,14.1,21.51,2195.277081578968,13.201407187087328,-136.81084707200353,3,1
2012-09-13 22:42:02.126902+00:00,6.49,14.2,21.65,2519.3093532712164,12.850833925245407,-137.51199359568736,3,1
2012-09-13 22:47:02.126902+00:00,5.82,12.81,19.54,2411.7589520950746,12.850833925245407,-137.51199359568736,3,1
2012-09-13 22:55:02.126902+00:00,5.38,11.86,18.11,2411.7589520950746,13.268045513589133,-136.6775704189999,3,1
2012-09-13 23:04:02.126902+00:00,5.05,11.17,17.05,2220.2868916618986,13.268045513589133,-136.6775704189999,3,1
2012-09-14 00:17:02.126820+00:00,3.26,7.3,11.16,6815.535283031388,15.759716016738397,-132.38835453482957,3,1
2012-09-14 00:22:02.126820+00:00,3.16,7.08,10.83,9925.09119143807,16.738996491909386,-130.42979358448758,3,1
2012-09-14 00:29:02.126820+00:00,3.0,6.72,10.28,16391.949894138856,17.073600738361986,-129.7605850915824,3,1
2012-09-14 00:35:02.126820+00:00,11.44,24.3,36.88,16391.949894138856,17.073600738361986,-129.7605850915824,3,1
2012-09-14 00:42:02.126820+00:00,12.96,27.35,40.0,12223.69678691507,16.637416725118428,-130.6329531180695,3,1
2012-09-14 00:59:02.126820+00:00,0.0,0.02,0.02,3614.5765617288384,14.098276111125164,-135.71123434605602,3,1
2012-09-14 01:08:02.126820+00:00,13.84,29.1,40.0,3614.5765617288384,14.098276111125164,-135.71123434605602,3,1
2012-09-14 01:15:02.126820+00:00,13.84,29.1,40.0,2689.238601085139,13.474205109687862,-136.95937634893062,3,1
2012-09-14 12:53:02.126736+00:00,1.66,3.74,5.73,19110.245954711325,18.19659642072508,-134.02676275887703,3,1
2012-09-14 13:00:02.126736+00:00,0.01,0.03,0.08,19110.245954711325,18.19659642072508,-134.02676275887703,3,1
2012-09-15 06:58:02.126654+00:00,7.31,15.91,24.24,2082.638492290772,13.148743274609224,-141.2342269982167,3,1
2012-09-15 07:02:02.126654+00:00,9.38,20.13,30.6,2172.890434500605,13.152187083830816,-141.22733937977353,4,1
2012-09-15 07:07:02.126654+00:00,9.38,20.13,30.6,2172.890434500605,13.152187083830816,-141.22733937977353,4,1
2012-09-15 07:12:02.126654+00:00,9.42,20.23,30.75,3574.362102336724,14.290166015957944,-138.95138151551927,3,1
2012-09-15 07:17:02.126654+00:00,9.39,20.16,30.65,4479.640213236618,14.961188227183124,-137.60933709306892,3,1
2012-09-15 07:22:02.126654+00:00,9.17,19.72,29.98,5030.574328680064,15.03334930005827,-137.46501494731862,3,1
2012-09-15 07:29:02.126654+00:00,7.15,15.57,23.72,4991.095584578263,15.007321516678196,-137.5170705140788,3,1
2012-09-15 07:36:02.126654+00:00,6.89,15.04,22.92,4991.095584578263,15.007321516678196,-137.5170705140788,3,1
2012-09-15 07:44:02.126654+00:00,6.02,13.22,20.17,4248.306119909953,14.754922440160502,-138.02186866711418,4,1
2012-09-15 07:50:02.126654+00:00,5.92,13.0,19.83,3912.5310165348815,14.712929061618622,-138.10585542419793,5,1
2012-09-15 07:52:02.126654+00:00,5.93,13.03,19.88,3912.5310165348815,14.712929061618622,-138.10585542419793,5,1
2012-09-15 07:56:02.126654+00:00,6.07,13.32,20.31,3367.2469838003585,14.01362991627246,-139.50445371489025,5,1
2012-09-15 07:58:02.126654+00:00,6.08,13.35,20.36,3202.527387735405,13.88250903566661,-139.76669547610194,6,1
2012-09-15 08:02:02.126654+00:00,6.71,14.67,22.36,3367.2469838003585,14.01362991627246,-139.50445371489025,5,1
2012-09-15 08:06:02.126654+00:00,7.04,15.35,23.39,3202.527387735405,13.88250903566661,-139.76669547610194,4,1
2012-09-15 08:10:02.126654+00:00,7.19,15.66,23.86,3056.9640498998915,13.731735359108756,-140.06824282921764,4,1
2012-09-15 08:17:02.126654+00:00,7.39,16.06,24.47,3076.1203081293315,13.754412254636442,-140.0228890381623,3,1
2012-09-15 08:27:02.126654+00:00,8.08,17.49,26.62,2872.2334992708043,13.712082563156756,-140.10754842112166,3,1
2012-09-16 02:04:02.126489+00:00,9.63,20.64,31.38,2636.6015008256304,13.445893148900613,-141.83629619759063,3,1
2012-09-16 02:10:02.126489+00:00,8.85,19.05,28.98,2925.825000247122,13.470469886778591,-141.78714272183467,3,1
2012-09-16 02:16:02.126489+00:00,8.65,18.65,28.36,4154.871812159286,13.796996901822078,-141.1340886917477,3,1
2012-09-16 02:23:02.126489+00:00,8.58,18.52,28.18,4670.04439847492,14.218593140539248,-140.29089621431336,4,1
2012-09-16 02:28:02.126489+00:00,8.42,18.18,27.66,5866.976468529928,14.81083879657634,-139.10640490223915,4,1
2012-09-16 02:31:02.126489+00:00,8.42,18.18,27.66,5866.976468529928,14.81083879657634,-139.10640490223915,4,1
2012-09-16 02:35:02.126489+00:00,8.2,17.74,27.0,6548.735952269301,14.98148821389626,-138.76510606759933,5,1
2012-09-16 02:42:02.126489+00:00,8.13,17.58,26.76,6701.773571912444,15.049793696763524,-138.6284951018648,4,1
2012-09-16 02:45:02.126489+00:00,7.96,17.24,26.25,5357.677392923535,14.627143279380515,-139.47379593663084,4,1
2012-09-16 02:51:02.126489+00:00,7.95,17.21,26.2,5666.502096110357,14.805328756560538,-139.1174249822708,5,1
2012-09-16 02:53:02.126489+00:00,8.02,17.37,26.44,5666.502096110357,14.805328756560538,-139.1174249822708,5,1
2012-09-16 02:57:02.126489+00:00,8.29,17.93,27.28,5232.031057931006,14.63290360199443,-139.462275291403,4,1
2012-09-16 03:03:02.126489+00:00,8.55,18.46,28.08,4481.437429579609,14.37935767462798,-139.96936714613588,4,1
2012-09-16 03:07:02.126489+00:00,8.51,18.36,27.94,4402.173574907525,14.298236901827636,-140.13160869173657,5,1
2012-09-16 03:09:02.126489+00:00,8.6,18.55,28.22,4283.744207157544,14.27499998040373,-140.17808253458438,4,1
2012-09-16 03:14:02.126489+00:00,8.66,18.68,28.41,3789.23784036845,14.196444212834765,-140.33519406972232,4,1
2012-09-16 03:20:02.126489+00:00,9.42,20.23,30.75,2368.818869633751,12.954708956821996,-142.81866458174784,3,1
2012-09-16 03:25:02.126489+00:00,9.68,20.74,31.52,1880.4353794473163,12.6595247285422,-143.40903303830746,4,1
2012-09-16 03:33:02.126489+00:00,9.98,21.36,32.45,1647.6121141301942,12.542891473558871,-143.6422995482741,3,2
2012-09-16 07:58:02.126489+00:00,6.77,14.79,22.55,3904.943047764632,14.16022169010718,-140.4076391151775,3,1
2012-09-16 08:25:02.126489+00:00,5.6,12.32,18.8,4857.432063766757,14.417247027435568,-139.89358844052072,4,1
2012-09-16 08:29:02.126489+00:00,6.34,13.88,21.17,4857.432063766757,14.417247027435568,-139.89358844052072,4,1
2012-09-16 08:33:02.126489+00:00,6.34,13.88,21.17,4942.441746879748,14.453296022095,-139.82149045120184,5,1
2012-09-16 08:38:02.126489+00:00,6.76,14.76,22.5,4772.422380653765,14.453296022095,-139.82149045120184,5,1
2012-09-16 08:43:02.126489+00:00,6.74,14.73,22.45,4519.901032721968,14.381198032776137,-139.96568642983956,5,1
2012-09-16 08:47:02.126489+00:00,6.76,14.76,22.5,3895.727498065416,13.802245328776904,-141.12359183783803,5,1
2012-09-16 08:51:02.126489+00:00,6.82,14.89,22.69,3752.6558982846545,13.66361893737791,-141.400844620636,5,1
2012-09-16 08:55:02.126489+00:00,5.92,13.0,19.83,3203.876830452613,13.259713943671368,-142.20865460804907,4,1
2012-09-16 08:59:02.126489+00:00,4.54,10.07,15.38,2655.097762620572,12.855808949964828,-143.01646459546217,3,1
2012-09-16 09:36:02.126489+00:00,14.78,30.98,40.0,3053.2580725538846,13.296360830531963,-142.1353608343279,3,1
2012-09-16 09:43:02.126489+00:00,2.08,4.69,7.18,4604.412010585325,14.466749671630314,-139.79458315213122,4,1
2012-09-16 09:48:02.126489+00:00,5.64,12.42,18.95,5491.838640326227,14.82781249376506,-139.0724575078617,4,1
2012-09-16 09:52:02.126489+00:00,5.64,12.42,18.95,5491.838640326227,14.82781249376506,-139.0724575078617,4,1
2012-09-16 09:56:02.126489+00:00,5.93,13.03,19.88,5491.838640326227,14.673071359967356,-139.3819397754571,4,1
2012-09-16 10:03:02.126489+00:00,5.89,12.93,19.73,3389.184461230564,13.856751186032348,-141.01458012332714,4,1
2012-09-16 10:10:02.126489+00:00,5.72,12.58,19.2,2845.5654044581433,13.729325902424671,-141.2694306905425,5,1
2012-09-16 10:11:02.126489+00:00,5.72,12.58,19.2,2845.5654044581433,13.729325902424671,-141.2694306905425,5,1
2012-09-16 10:16:02.126489+00:00,4.06,9.05,13.84,2845.5654044581433,13.729325902424671,-141.2694306905425,5,1
2012-09-16 10:19:02.126489+00:00,4.08,9.09,13.89,2845.5654044581433,13.729325902424671,-141.2694306905425,5,1
2012-09-16 10:25:02.126489+00:00,3.85,8.6,13.14,2876.183959128509,14.037980931995977,-140.6521206313999,4,1
2012-09-16 10:30:02.126489+00:00,4.68,10.38,15.86,2284.300214743381,13.170808169170591,-142.38646615705068,3,1
2012-09-16 10:35:02.126489+00:00,5.15,11.37,17.36,2284.300214743381,13.130366476515958,-142.46734954235993,3,1
2012-09-16 10:41:02.126489+00:00,5.35,11.8,18.01,2657.200717267096,13.170808169170591,-142.38646615705068,3,1
2012-09-16 10:47:02.126489+00:00,5.33,11.77,17.96,3573.7685960099893,14.143518264793524,-140.4410459658048,3,1
2012-09-16 10:54:02.126489+00:00,5.38,11.86,18.11,3573.7685960099893,14.143518264793524,-140.4410459658048,3,1
2012-09-16 11:02:02.126489+00:00,5.92,13.0,19.83,3448.765924851072,14.011973837729094,-140.70413481993367,3,1
2012-09-17 03:28:02.126324+00:00,37.47,40.0,40.0,1982.689332597815,16.782395332516135,-133.82967738662887,13,3
2012-09-17 03:29:02.126324+00:00,37.47,40.0,40.0,1982.689332597815,16.782395332516135,-133.82967738662887,13,2
2012-09-17 03:30:02.126324+00:00,37.47,40.0,40.0,1982.689332597815,16.782395332516135,-133.82967738662887,13,2
2012-09-17 03:31:02.126324+00:00,37.47,40.0,40.0,1982.689332597815,16.782395332516135,-133.82967738662887,13,1
2012-09-17 03:32:02.126324+00:00,37.47,40.0,40.0,1982.689332597815,16.782395332516135,-133.82967738662887,13,2
2012-09-17 03:33:02.126324+00:00,37.47,40.0,40.0,1982.689332597815,16.782395332516135,-133.82967738662887,13,2
2012-09-17 03:35:02.126324+00:00,37.47,40.0,40.0,1982.689332597815,16.782395332516135,-133.82967738662887,13,1
2012-09-17 04:56:02.126324+00:00,4.88,10.79,16.49,2204.118285439011,13.07462182200579,-141.24522440764957,3,1
2012-09-17 05:03:02.126324+00:00,4.84,10.73,16.38,2204.118285439011,13.07462182200579,-141.24522440764957,3,1
2012-09-17 05:11:02.126324+00:00,4.68,10.38,15.86,2148.7425382417064,12.916135866982724,-141.5621963176957,3,1
2012-09-17 05:15:02.126324+00:00,5.0,11.07,16.9,1810.9386314495669,12.85334217512159,-141.68778370141797,3,1
2012-09-17 05:22:02.126324+00:00,5.15,11.37,17.36,1810.9386314495669,12.85334217512159,-141.68778370141797,3,1
2012-09-17 05:27:02.126324+00:00,5.73,12.61,19.25,1782.0765113369396,13.109581367949673,-141.17530531576182,3,1
2012-09-17 05:36:02.126324+00:00,5.75,12.65,19.29,2381.4775629925493,13.109581367949673,-141.17530531576182,3,1
2012-09-17 06:04:02.126324+00:00,4.29,9.53,14.56,2103.9663419629387,12.75684873833185,-141.88077057499746,3,1
2012-09-17 06:30:02.126324+00:00,2.53,5.7,8.73,1992.0196690543576,12.940020004052547,-141.51442804355605,3,1
2012-09-17 06:35:02.126324+00:00,3.73,8.32,12.73,2151.861146471083,13.056771150285908,-141.28092575108934,4,1
2012-09-17 06:40:02.126324+00:00,3.82,8.52,13.02,1992.0196690543576,12.940441864629236,-141.5135843224027,5,1
2012-09-17 06:43:02.126324+00:00,3.82,8.52,13.02,1992.0196690543576,12.940441864629236,-141.5135843224027,5,1
2012-09-17 06:46:02.126324+00:00,4.06,9.05,13.84,1961.6146550067097,12.940020004052547,-141.51442804355605,5,1
2012-09-17 06:49:02.126324+00:00,4.06,9.05,13.84,1961.6146550067097,12.940020004052547,-141.51442804355605,5,1
2012-09-17 06:55:02.126324+00:00,3.82,8.52,13.02,1882.4869894630613,12.654520108321217,-142.08542783501872,3,1
2012-09-17 08:21:02.126324+00:00,3.08,6.9,10.56,2090.0337187139858,12.977392815185508,-141.43968242129014,3,1
2012-09-17 08:29:02.126324+00:00,3.18,7.12,10.9,2340.666769965562,12.977392815185508,-141.43968242129014,3,1
2012-09-17 08:35:02.126324+00:00,7.89,17.09,26.01,3112.187518040734,13.542341847617475,-140.3097843564262,4,1
2012-09-17 08:40:02.126324+00:00,7.24,15.75,24.0,3113.709951789517,13.724046068414683,-139.94637591483178,6,1
2012-09-17 08:44:02.126324+00:00,7.1,15.48,23.58,3883.708266115907,14.107290880049447,-139.17988629156227,7,1
2012-09-17 08:46:02.126324+00:00,6.94,15.13,23.06,3883.708266115907,14.107290880049447,-139.17988629156227,7,1
2012-09-17 08:48:02.126324+00:00,6.91,15.07,22.97,3883.708266115907,14.107290880049447,-139.17988629156227,7,1
2012-09-17 08:50:02.126324+00:00,6.68,14.61,22.26,2654.9523469319006,13.737436792900644,-139.91959446585986,7,1
2012-09-17 08:53:02.126324+00:00,6.68,14.61,22.26,2644.5185642905317,13.712745465240358,-139.96897712118044,8,1
2012-09-17 08:55:02.126324+00:00,5.73,12.61,19.25,2644.5185642905317,13.712745465240358,-139.96897712118044,8,1
2012-09-17 08:59:02.126324+00:00,5.44,12.0,18.31,2640.8771846448644,13.675286186154214,-140.04389567935272,8,1
2012-09-17 09:03:02.126324+00:00,5.38,11.86,18.11,2651.3109672862333,13.712745465240358,-139.96897712118044,8,1
2012-09-17 09:04:02.126324+00:00,4.94,10.93,16.69,2651.3109672862333,13.712745465240358,-139.96897712118044,8,1
2012-09-17 09:07:02.126324+00:00,4.97,11.0,16.8,2647.669587640566,13.662518234728356,-140.06943158220446,9,1
2012-09-17 09:09:02.126324+00:00,3.94,8.79,13.43,2651.3109672862333,13.675286186154214,-140.04389567935272,10,1
2012-09-17 09:11:02.126324+00:00,3.92,8.75,13.38,2684.823470866614,13.637622998681628,-140.1192220542979,10,1
2012-09-17 09:14:02.126324+00:00,3.36,7.51,11.49,2647.669587640566,13.54181341083232,-140.31084122999653,9,1
2012-09-17 09:15:02.126324+00:00,3.36,7.51,11.49,2643.6032842049217,13.475227031826456,-140.44401398800824,10,1
2012-09-17 09:16:02.126324+00:00,3.06,6.86,10.49,2647.669587640566,13.54181341083232,-140.31084122999653,11,1
2012-09-17 09:19:02.126324+00:00,3.22,7.21,11.03,2686.258673996793,13.56450263530775,-140.26546278104564,10,1
2012-09-17 09:20:02.126324+00:00,3.22,7.21,11.03,2686.258673996793,13.56450263530775,-140.26546278104564,10,1
2012-09-17 09:21:02.126324+00:00,3.14,7.03,10.76,2650.539993900923,13.54181341083232,-140.31084122999653,9,1
2012-09-17 09:24:02.126324+00:00,3.08,6.9,10.56,2645.0384873351,13.56450263530775,-140.26546278104564,10,1
2012-09-17 09:26:02.126324+00:00,3.04,6.81,10.42,2650.539993900923,13.587191859783182,-140.2200843320948,9,1
2012-09-17 09:28:02.126324+00:00,2.89,6.49,9.93,2686.258673996793,13.622788818263016,-140.1488904151351,10,1
2012-09-17 09:32:02.126324+00:00,21.2,40.0,40.0,2650.539993900923,16.791935526484206,-133.81059699869274,9,1
2012-09-17 09:33:02.126324+00:00,21.2,40.0,40.0,3676.4745152496776,15.63588700585244,-136.1226940399563,10,1
2012-09-17 09:36:02.126324+00:00,21.2,40.0,40.0,2650.539993900923,14.479838485220672,-138.4347910812198,9,1
2012-09-17 09:37:02.126324+00:00,21.2,40.0,40.0,2650.539993900923,14.479838485220672,-138.4347910812198,9,1
2012-09-17 09:41:02.126324+00:00,21.23,40.0,40.0,2609.574543367162,14.479838485220672,-138.4347910812198,9,2
2012-09-17 09:42:02.126324+00:00,21.23,40.0,40.0,3612.40320884708,15.63588700585244,-136.1226940399563,8,1
2012-09-17 09:45:02.126324+00:00,21.23,40.0,40.0,2361.433118504683,14.070617301637476,-139.2532334483862,8,1
2012-09-17 09:49:02.126324+00:00,21.33,40.0,40.0,2257.1658707814163,14.070617301637476,-139.2532334483862,8,1
2012-09-17 09:53:02.126324+00:00,0.76,1.72,2.63,2257.1658707814163,13.303513643642894,-140.78744076437536,6,1
2012-09-17 09:57:02.126324+00:00,9.16,19.69,29.93,2496.963146504985,13.323628113057843,-140.74721182554546,6,1
2012-09-17 09:59:02.126324+00:00,9.16,19.69,29.93,2471.5289119142426,12.985860108061413,-141.42274783553833,5,1
2012-09-17 10:03:02.126324+00:00,8.69,18.74,28.51,2751.4042354998455,13.547900478464513,-140.29866709473214,7,1
2012-09-17 10:06:02.126324+00:00,0.83,1.87,2.87,3413.236495347032,13.86645595130127,-139.6615561490586,6,1
2012-09-17 10:09:02.126324+00:00,1.94,4.37,6.7,3891.693866136968,14.185011424138027,-139.02444520338508,5,1
2012-09-17 10:12:02.126324+00:00,3.53,7.88,12.06,3891.693866136968,14.962500084134946,-137.46946788339127,7,1
2012-09-17 10:17:02.126324+00:00,3.51,7.84,11.99,4315.680084019808,15.319886599602082,-136.754694852457,6,1
2012-09-17 10:20:02.126324+00:00,4.06,9.05,13.84,4088.231699301724,15.319886599602082,-136.754694852457,6,2
2012-09-17 10:26:02.126324+00:00,3.76,8.4,12.85,4705.303659278505,15.319886599602082,-136.754694852457,6,1
2012-09-17 10:28:02.126324+00:00,3.87,8.63,13.2,4705.303659278505,15.037463848840336,-137.31954035398047,6,1
2012-09-17 10:31:02.126324+00:00,3.6,8.04,12.3,4705.303659278505,14.441595816581582,-138.511276418498,4,1
2012-09-17 10:37:02.126324+00:00,3.18,7.12,10.9,5125.837786090528,14.729470115757668,-137.93552782014584,7,1
2012-09-17 10:45:02.126324+00:00,3.18,7.12,10.9,4991.824163646315,16.73609374124063,-133.9222805691799,6,1
2012-09-17 10:46:02.126324+00:00,3.18,7.12,10.9,4991.824163646315,16.73609374124063,-133.9222805691799,6,2
2012-09-17 10:47:02.126324+00:00,3.18,7.12,10.9,6768.027828703494,19.537019187351422,-128.3204296769583,5,1
2012-09-17 10:48:02.126324+00:00,3.18,7.12,10.9,6768.027828703494,19.537019187351422,-128.3204296769583,5,1
2012-09-17 11:01:02.126324+00:00,15.56,32.54,40.0,3689.4532510272584,14.356847542959658,-138.68077296574182,4,1
2012-09-17 11:04:02.126324+00:00,15.56,32.54,40.0,4358.740991544221,14.312869438987237,-138.7687291736867,5,1
2012-09-17 11:07:02.126324+00:00,5.61,12.35,18.85,4501.647873505264,14.702138569824816,-137.99019091201154,6,1
2012-09-17 11:09:02.126324+00:00,5.63,12.39,18.9,4501.647873505264,14.702138569824816,-137.99019091201154,6,1
2012-09-17 11:14:02.126324+00:00,5.46,12.03,18.36,5088.345386296463,14.56784374001267,-138.25878057163584,6,1
2012-09-17 11:16:02.126324+00:00,5.5,12.13,18.51,5817.949781048706,14.8228180410381,-137.74883196958496,7,1
2012-09-17 11:20:02.126324+00:00,5.5,12.13,18.51,5945.368596163881,14.8228180410381,-137.74883196958496,7,1
2012-09-17 11:22:02.126324+00:00,5.5,12.13,18.51,5945.368596163881,14.8228180410381,-137.74883196958496,7,1
2012-09-17 11:25:02.126324+00:00,5.53,12.19,18.61,6447.141485620602,15.098721374091976,-137.1970253034772,7,1
2012-09-17 11:28:02.126324+00:00,5.72,12.58,19.2,6679.409659234151,15.196671402765173,-137.0011252461308,7,1
2012-09-17 11:29:02.126324+00:00,5.72,12.58,19.2,6679.409659234151,15.196671402765173,-137.0011252461308,7,1
2012-09-17 11:33:02.126324+00:00,5.89,12.93,19.73,7038.771214433516,15.23807609016406,-136.91831587133305,5,1
2012-09-17 11:38:02.126324+00:00,6.13,13.44,20.5,6679.409659234151,15.196671402765173,-137.0011252461308,5,1
2012-09-17 11:43:02.126324+00:00,6.77,14.79,22.55,6319.020457667351,14.979938941522695,-137.43459016861576,4,1
2012-09-17 11:49:02.126324+00:00,7.81,16.93,25.78,4135.637773770213,13.97488698377517,-139.44469408411084,3,1
2012-09-17 19:22:02.126240+00:00,6.73,14.7,22.4,9849.844548382676,16.839911911430658,-136.3656175714925,3,1
2012-09-17 19:26:02.126240+00:00,0.0,0.01,0.02,10146.324063534214,16.839911911430658,-136.3656175714925,5,1
2012-09-17 19:29:02.126240+00:00,0.0,0.01,0.02,10146.324063534214,16.839911911430658,-136.3656175714925,5,1
2012-09-17 19:32:02.126240+00:00,0.0,0.01,0.02,10146.324063534214,16.480744854801873,-137.08395168475008,5,1
2012-09-17 19:36:02.126240+00:00,0.0,0.02,0.02,10169.21575783512,16.435040056495836,-137.17536128136214,5,1
2012-09-17 19:40:02.126240+00:00,0.0,0.01,0.02,10418.960801576695,16.435040056495836,-137.17536128136214,5,1
2012-09-17 19:45:02.126240+00:00,0.0,0.01,0.02,11591.02495678746,16.837633294644792,-136.3701748050642,5,1
2012-09-17 19:48:02.126240+00:00,0.0,0.02,0.02,13137.417777149569,16.837633294644792,-136.3701748050642,5,1
2012-09-17 19:53:02.126240+00:00,0.0,0.02,0.02,13155.587789427647,17.069177206558024,-135.90708698123777,5,1
2012-09-17 19:57:02.126240+00:00,0.0,0.02,0.02,13514.45583716286,17.299681578469173,-135.44607823741546,5,1
2012-09-17 20:02:02.126240+00:00,0.01,0.02,0.02,17633.37293375224,18.005436174667725,-134.03456904501834,5,1
2012-09-17 20:05:02.126240+00:00,0.0,0.02,0.02,17633.37293375224,18.005436174667725,-134.03456904501834,5,1
2012-09-17 20:09:02.126240+00:00,0.0,0.02,0.02,17246.45693983572,17.981782127153878,-134.08187714004606,6,1
2012-09-17 20:13:02.126240+00:00,0.0,0.02,0.02,16208.28449713733,17.888087181701447,-134.2692670309509,6,1
2012-09-17 20:16:02.126240+00:00,0.0,0.02,0.02,15494.753999751252,17.795640052881726,-134.45416128859034,6,1
2012-09-17 20:18:02.126240+00:00,0.01,0.02,0.05,15494.753999751252,17.795640052881726,-134.45416128859034,6,1
2012-09-17 20:21:02.126240+00:00,0.01,0.02,0.02,14529.47264888784,17.559597231553333,-134.92624693124714,6,1
2012-09-17 20:26:02.126240+00:00,1.05,2.38,3.65,11331.037124872577,16.991356599228375,-136.06272819589708,6,1
2012-09-17 20:29:02.126240+00:00,1.66,3.74,5.73,8382.105010150935,16.4980996650212,-137.0492420643114,6,1
2012-09-17 20:31:02.126240+00:00,2.08,4.69,7.18,6930.3483035799845,16.102738090456384,-137.83996521344102,6,1
2012-09-17 20:36:02.126240+00:00,7.95,17.21,26.2,6132.095489974616,15.846029408221048,-138.3533825779117,7,1
2012-09-17 20:38:02.126240+00:00,7.95,17.21,26.2,6132.095489974616,15.846029408221048,-138.3533825779117,7,1
2012-09-17 20:41:02.126240+00:00,0.01,0.03,0.08,6132.095489974616,15.728883408034651,-138.58767457828452,7,1
2012-09-17 20:43:02.126240+00:00,8.55,18.46,28.08,5787.989345714341,15.659040610191216,-138.72736017397136,7,1
2012-09-17 20:45:02.126240+00:00,8.4,18.14,27.61,5662.562578530677,15.649864416678971,-138.74571256099586,8,1
2012-09-17 20:49:02.126240+00:00,3.43,7.68,11.74,5461.953640283587,15.5811996554219,-138.88304208351002,8,1
2012-09-17 20:52:02.126240+00:00,3.54,7.92,12.12,5200.4620629545225,15.198069856374447,-139.64930168160492,8,1
2012-09-17 20:54:02.126240+00:00,3.53,7.88,12.06,4567.005010284522,14.931453628878668,-140.18253413659647,8,1
2012-09-17 20:56:02.126240+00:00,8.72,18.8,28.6,4270.221706007009,14.874428625071824,-140.29658414421016,7,1
2012-09-17 20:58:02.126240+00:00,8.72,18.8,28.6,4270.221706007009,14.874428625071824,-140.29658414421016,7,1
2012-09-17 21:02:02.126240+00:00,3.76,8.4,12.85,4262.052998420649,14.760814363134788,-140.52381266808422,5,2
2012-09-17 21:13:02.126240+00:00,4.71,10.45,15.96,1655.3174224443328,13.383554516121649,-143.27833236211052,3,1
2012-09-17 21:21:02.126240+00:00,5.13,11.33,17.31,1655.3174224443328,13.383554516121649,-143.27833236211052,5,1
2012-09-17 21:22:02.126240+00:00,5.13,11.33,17.31,1655.3174224443328,13.383554516121649,-143.27833236211052,5,1
2012-09-17 21:27:02.126240+00:00,5.67,12.48,19.05,2610.5199236309636,13.929949470764484,-142.18554245282485,6,2
2012-09-17 21:32:02.126240+00:00,6.32,13.85,21.12,3292.3734846143157,14.304807095927217,-141.43582720249938,5,1
2012-09-17 21:37:02.126240+00:00,6.55,14.32,21.84,3184.1751857623735,14.255788683244608,-141.53386402786458,7,1
2012-09-17 21:41:02.126240+00:00,7.0,15.26,23.25,3233.9055775735596,14.209750178144455,-141.62594103806487,6,1
2012-09-17 21:45:02.126240+00:00,37.47,40.0,40.0,2363.374652891722,14.173523077448936,-141.69839523945592,8,1
2012-09-17 21:46:02.126240+00:00,37.47,40.0,40.0,2363.374652891722,14.173523077448936,-141.69839523945592,8,1
2012-09-17 21:50:02.126240+00:00,37.47,40.0,40.0,2137.1787884591877,14.163711673044308,-141.71801804826518,9,1
2012-09-17 21:52:02.126240+00:00,9.88,21.16,32.15,2067.989587751599,13.986905366743777,-142.07163066086625,8,2
2012-09-17 21:55:02.126240+00:00,9.85,21.1,32.06,2067.989587751599,13.986905366743777,-142.07163066086625,8,1
2012-09-17 21:59:02.126240+00:00,9.84,21.06,32.01,2067.989587751599,13.996716771148408,-142.052007852057,6,1
2012-09-17 22:00:02.126240+00:00,9.9,21.19,32.2,2137.1787884591877,14.183334481853567,-141.6787724306467,7,1
2012-09-17 22:10:02.126240+00:00,9.57,20.52,31.18,3951.6430988890143,14.665682168406349,-140.71407705754112,3,1
2012-09-17 22:15:02.126240+00:00,9.38,20.13,30.6,3930.60155248794,14.726860121594488,-140.59172115116485,4,1
2012-09-17 22:16:02.126240+00:00,9.38,20.13,30.6,3930.60155248794,14.726860121594488,-140.59172115116485,4,1
2012-09-17 22:22:02.126240+00:00,9.36,20.1,30.56,3909.560006086865,14.788038074782628,-140.46936524478855,3,1
2012-09-18 06:09:02.126158+00:00,19.68,40.0,40.0,1660.760194857874,12.14638728878473,-144.1270680909741,3,1
2012-09-19 04:32:02.125993+00:00,7.37,16.03,24.42,1698.8224223285,12.581301613812336,-141.3638558240459,3,1
2012-09-19 04:39:02.125993+00:00,7.33,15.94,24.28,1698.8224223285,12.581301613812336,-141.3638558240459,3,1
2012-09-19 04:46:02.125993+00:00,7.46,16.22,24.7,1861.9745456111652,12.790177853440143,-140.94610334479032,3,1
2012-09-19 06:40:02.125993+00:00,7.8,16.9,25.73,2760.0258557065213,12.97886525597162,-140.56872853972737,3,1
2012-09-19 06:45:02.125993+00:00,7.55,16.41,24.98,2783.7788456992907,13.10726423824377,-140.31193057518306,4,1
2012-09-19 06:48:02.125993+00:00,7.55,16.41,24.98,2783.7788456992907,13.10726423824377,-140.31193057518306,4,1
2012-09-19 06:54:02.125993+00:00,7.45,16.19,24.66,4332.937948313431,14.004097670024278,-138.51826371162204,5,1
2012-09-19 06:59:02.125993+00:00,6.89,15.04,22.92,5300.138168041307,14.59336840687683,-137.33972223791693,4,1
2012-09-19 07:04:02.125993+00:00,6.14,13.47,20.55,5583.502768081626,14.72597729429935,-137.0745044630719,4,1
2012-09-19 07:07:02.125993+00:00,6.05,13.28,20.26,5770.033272715258,14.826518825490565,-136.87342140068947,5,1
2012-09-19 07:12:02.125993+00:00,5.9,12.97,19.78,6408.790361309318,15.014343624596869,-136.49777180247685,5,1
2012-09-19 07:16:02.125993+00:00,5.84,12.84,19.59,6583.783618582069,15.1796484033809,-136.1671622449088,5,1
2012-09-19 07:21:02.125993+00:00,5.55,12.22,18.66,6583.783618582069,15.199904572536733,-136.12664990659712,5,1
2012-09-19 07:26:02.125993+00:00,5.66,12.45,19.0,6004.756906939929,15.1071240985668,-136.312210854537,6,1
2012-09-19 07:29:02.125993+00:00,5.32,11.73,17.91,5600.723452570539,15.199904572536733,-136.12664990659712,5,1
2012-09-19 07:33:02.125993+00:00,5.38,11.86,18.11,5600.723452570539,14.982144129539208,-136.56217079259218,5,1
2012-09-19 07:36:02.125993+00:00,5.41,11.93,18.21,5600.723452570539,14.982144129539208,-136.56217079259218,5,1
2012-09-19 07:40:02.125993+00:00,5.55,12.22,18.66,6350.8110954284475,14.982144129539208,-136.56217079259218,5,1
2012-09-19 07:45:02.125993+00:00,5.75,12.65,19.29,6744.950104960681,15.219369626416396,-136.0877197988378,5,1
2012-09-19 07:49:02.125993+00:00,6.32,13.85,21.12,6889.247313991214,15.219369626416396,-136.0877197988378,5,1
2012-09-19 07:54:02.125993+00:00,6.56,14.36,21.88,6889.247313991214,15.219369626416396,-136.0877197988378,5,1
2012-09-19 07:58:02.125993+00:00,7.18,15.63,23.81,6889.247313991214,15.134964504462566,-136.25653004274545,5,1
2012-09-19 08:02:02.125993+00:00,7.36,16.0,24.38,6588.77050149607,14.746494729092577,-137.03346959348545,5,1
2012-09-19 08:07:02.125993+00:00,7.67,16.65,25.36,5685.643229973896,14.435037592305893,-137.65638386705882,4,1
2012-09-19 08:12:02.125993+00:00,8.01,17.34,26.39,4189.313555985878,13.834876282938392,-138.8567064857938,4,1
2012-09-19 08:19:02.125993+00:00,8.63,18.61,28.32,2009.427801970796,12.475684761302691,-141.57508952906522,3,1
2012-09-20 05:04:02.125828+00:00,6.16,13.51,20.6,7172.322959771829,15.845024832787736,-139.44581184150528,3,1
2012-09-20 05:13:02.125828+00:00,9.8,21.0,31.91,2453.5176857218926,13.595175180538352,-143.94551114600404,3,1
2012-09-20 05:20:02.125828+00:00,3.34,7.47,11.42,2453.5176857218926,13.595175180538352,-143.94551114600404,3,1
2012-09-20 05:27:02.125828+00:00,2.46,5.54,8.48,9950.58072765425,16.33119095855362,-138.4734795899735,3,1
2012-09-20 05:33:02.125828+00:00,2.24,5.04,7.72,9950.58072765425,16.33119095855362,-138.4734795899735,5,1
2012-09-20 05:38:02.125828+00:00,1.82,4.1,6.28,6285.533388917469,15.07336430570042,-140.9891328956799,6,1
2012-09-20 05:39:02.125828+00:00,1.82,4.1,6.28,6285.533388917469,15.07336430570042,-140.9891328956799,6,1
2012-09-20 05:41:02.125828+00:00,1.82,4.1,6.28,6285.533388917469,15.07336430570042,-140.9891328956799,6,1
2012-09-20 05:44:02.125828+00:00,0.6,1.37,2.09,6680.286138667617,15.532196571965509,-140.0714683631497,6,1
2012-09-20 05:45:02.125828+00:00,0.68,1.55,2.38,6680.286138667617,15.532196571965509,-140.0714683631497,6,1
2012-09-20 05:51:02.125828+00:00,0.76,1.72,2.63,27107.894120552948,19.06087454725875,-133.01411241256324,3,1
2012-09-20 06:01:02.125828+00:00,0.0,0.02,0.02,13476.986252815555,16.694560962528843,-137.74673958202305,4,1
2012-09-20 06:04:02.125828+00:00,0.76,1.72,2.63,5897.147705029681,15.506664591935287,-140.12253232321018,5,1
2012-09-20 06:08:02.125828+00:00,0.68,1.55,2.38,5065.71338689128,15.022453002920638,-141.09095550123948,6,1
2012-09-20 06:11:02.125828+00:00,0.02,0.06,0.12,5897.147705029681,15.506664591935287,-140.12253232321018,7,1
2012-09-20 06:13:02.125828+00:00,0.02,0.06,0.12,13476.986252815555,16.694560962528843,-137.74673958202305,6,1
2012-09-20 06:16:02.125828+00:00,0.02,0.03,0.15,5065.71338689128,15.022453002920638,-141.09095550123948,6,1
2012-09-20 06:20:02.125828+00:00,0.51,1.15,1.76,22106.033682137782,17.128575015481026,-136.8787114761187,6,1
2012-09-20 06:23:02.125828+00:00,0.51,1.15,1.76,22774.597417877965,17.031703719309334,-137.0724540684621,4,1
2012-09-20 06:27:02.125828+00:00,0.51,1.15,1.76,25505.494198461143,18.184611651196676,-134.76663820468738,4,1
2012-09-20 08:26:02.125828+00:00,6.67,14.57,22.22,3561.794610804171,14.612619451103216,-141.9106226048743,3,1
2012-09-20 08:29:02.125828+00:00,6.64,14.51,22.12,3561.794610804171,14.612619451103216,-141.9106226048743,3,1
2012-09-20 08:35:02.125828+00:00,6.44,14.1,21.51,3302.496826778964,14.37819858118788,-142.379464344705,4,1
2012-09-20 08:41:02.125828+00:00,6.38,13.98,21.32,1787.494903536327,13.20877888774706,-144.71830373158662,4,1
2012-09-20 08:45:02.125828+00:00,6.38,13.98,21.32,1787.494903536327,13.20877888774706,-144.71830373158662,4,1
2012-09-20 08:46:02.125828+00:00,8.58,18.52,28.18,1693.3600241739823,13.206995058002226,-144.7218713910763,3,1
2012-09-20 09:04:02.125828+00:00,18.5,38.38,40.0,2550.909140320669,13.819082588439375,-143.497696330202,3,1
2012-09-20 09:10:02.125828+00:00,18.5,38.38,40.0,4057.2695962980033,14.493053199403471,-142.14975510827378,4,1
2012-09-20 09:13:02.125828+00:00,18.5,38.38,40.0,4057.2695962980033,14.493053199403471,-142.14975510827378,4,1
2012-09-20 09:18:02.125828+00:00,7.72,16.75,25.5,2550.909140320669,13.819082588439375,-143.497696330202,3,1
2012-09-23 09:55:02.125332+00:00,7.36,16.0,24.38,2337.451958208436,13.346503010461593,-139.1976157895052,3,1
2012-09-23 09:59:02.125332+00:00,7.24,15.75,24.0,2337.451958208436,13.346503010461593,-139.1976157895052,3,1
2012-09-23 10:04:02.125332+00:00,6.88,15.01,22.88,2337.451958208436,13.526399791415995,-138.83782222759638,5,1
2012-09-23 10:10:02.125332+00:00,6.46,14.14,21.55,2611.594225935361,13.846586151895004,-138.19744950663838,4,1
2012-09-23 10:14:02.125332+00:00,6.1,13.38,20.41,2292.806320561348,13.62290122918186,-138.64481935206464,4,1
2012-09-23 10:18:02.125332+00:00,6.02,13.22,20.17,2292.806320561348,13.62290122918186,-138.64481935206464,4,1
2012-09-23 10:22:02.125332+00:00,5.67,12.48,19.05,2277.8658854910886,13.526399791415995,-138.83782222759638,3,1
2012-09-23 10:59:02.125332+00:00,2.46,5.54,8.48,4946.194013495224,15.27172473534142,-135.34717233974555,4,1
2012-09-23 11:04:02.125332+00:00,2.21,4.99,7.64,4958.157487401194,15.394828913477854,-135.10096398347267,3,1
2012-09-23 11:09:02.125332+00:00,2.13,4.81,7.36,6771.31728434503,15.786214872428587,-134.3181920655712,3,1
2012-09-23 11:14:02.125332+00:00,1.91,4.31,6.59,6378.182394540976,15.656918113552877,-134.57678558332265,4,1
2012-09-23 11:20:02.125332+00:00,1.59,3.59,5.5,5518.251562389816,15.52733937323336,-134.83594306396168,4,1
2012-09-23 11:24:02.125332+00:00,1.59,3.59,5.5,5518.251562389816,15.52733937323336,-134.83594306396168,4,1
2012-09-23 11:30:02.125332+00:00,1.2,2.71,4.15,4803.071087816703,15.158320689475088,-135.57398043147822,3,1
2012-09-23 11:36:02.125332+00:00,1.15,2.6,3.99,4803.071087816703,15.158320689475088,-135.57398043147822,3,1
2012-09-23 11:42:02.125332+00:00,0.76,1.72,2.63,3560.650401462571,14.455852828285282,-136.97891615385782,3,1
2012-09-23 11:47:02.125332+00:00,1.33,3.0,4.59,3560.650401462571,14.455852828285282,-136.97891615385782,3,1
2012-09-23 11:53:02.125332+00:00,2.53,5.7,8.73,3560.650401462571,14.455852828285282,-136.97891615385782,3,1
2012-09-23 11:57:02.125332+00:00,2.51,5.65,8.65,3560.650401462571,14.455852828285282,-136.97891615385782,3,1
2012-09-23 12:03:02.125249+00:00,2.76,6.2,9.49,2823.219883175215,13.322088294045106,-141.76009399475188,3,1
2012-09-23 12:41:02.125249+00:00,4.92,10.9,16.64,2923.8401617672616,14.120684669612045,-140.16290124361802,3,1
2012-09-23 12:47:02.125249+00:00,6.01,13.19,20.12,3857.9568713927856,14.401973838082212,-139.60032290667766,3,1
2012-09-23 12:55:02.125249+00:00,6.37,13.95,21.27,3857.9568713927856,14.401973838082212,-139.60032290667766,3,1
2012-09-23 13:01:02.125249+00:00,6.53,14.29,21.79,3411.7218719170523,13.962708203370568,-140.47885417610098,3,1
2012-09-23 13:06:02.125249+00:00,6.64,14.51,22.12,3191.3380647523595,13.95542266620051,-140.49342525044108,3,1
2012-09-23 13:12:02.125249+00:00,7.18,15.63,23.81,2759.6520577489423,13.450625524384952,-141.5030195340722,3,1
2012-09-23 13:17:02.125249+00:00,8.29,17.93,27.28,2419.761080935328,13.187268896585246,-142.0297327896716,3,1
2012-09-23 13:23:02.125249+00:00,8.75,18.87,28.7,1959.8717414365292,12.738017483754652,-142.9282356153328,3,1
2012-09-23 22:50:02.125249+00:00,12.03,25.49,38.67,1858.548525879722,16.164866627390083,-136.07453732806195,6,1
2012-09-23 22:53:02.125249+00:00,12.37,26.17,39.69,2090.81439669537,16.231244209974932,-135.94178216289225,7,3
2012-09-23 22:56:02.125249+00:00,12.59,26.61,40.0,2090.81439669537,16.231244209974932,-135.94178216289225,7,1
2012-09-23 22:58:02.125249+00:00,12.68,26.79,40.0,1805.082603705357,16.09848904480523,-136.20729249323165,9,1
2012-09-23 23:03:02.125249+00:00,12.83,27.09,40.0,1885.663336756142,15.958963796264577,-136.48634299031295,8,1
2012-09-23 23:06:02.125249+00:00,13.01,27.46,40.0,1805.082603705357,15.791455111640303,-136.8213603595615,9,2
2012-09-23 23:08:02.125249+00:00,26.39,40.0,40.0,1710.8475168894229,15.75918897461721,-136.88589263360768,8,1
2012-09-23 23:12:02.125249+00:00,28.07,40.0,40.0,1868.971137491401,15.751331659634252,-136.90160726357362,10,1
2012-09-23 23:15:02.125249+00:00,27.34,40.0,40.0,1932.859671277444,15.719275316254514,-136.96571995033307,13,2
2012-09-23 23:20:02.125249+00:00,9.33,20.04,30.46,1932.859671277444,15.719275316254514,-136.96571995033307,11,2
2012-09-23 23:21:02.125249+00:00,9.27,19.91,30.27,1932.859671277444,15.719275316254514,-136.96571995033307,11,1
2012-09-23 23:22:02.125249+00:00,8.71,18.77,28.55,1834.0182895499163,15.62337243103526,-137.15752572077156,10,1
2012-09-23 23:24:02.125249+00:00,8.6,18.55,28.22,1834.0182895499163,15.62337243103526,-137.15752572077156,10,2
2012-09-23 23:25:02.125249+00:00,8.42,18.18,27.66,1932.859671277444,15.527469545816007,-137.34933149121008,9,1
2012-09-23 23:29:02.125249+00:00,9.0,19.37,29.46,1932.859671277444,15.33684620311313,-137.73057817661584,9,1
2012-09-24 09:51:02.125167+00:00,11.02,23.45,35.59,2373.6122198882676,13.836145388221512,-134.1114901846847,11,1
2012-09-24 09:52:02.125167+00:00,11.0,23.41,35.54,2373.6122198882676,13.836145388221512,-134.1114901846847,11,1
2012-09-24 09:53:02.125167+00:00,10.81,23.04,34.99,2276.2552941061113,13.84197851722952,-134.0998239266687,12,1
2012-09-24 09:54:02.125167+00:00,9.72,20.84,31.67,2373.6122198882676,13.568976726199596,-134.64582750872853,15,2
2012-09-24 09:55:02.125167+00:00,7.04,15.35,23.39,2422.1867221439343,13.595512503803846,-134.59275595352003,18,2
2012-09-24 09:56:02.125167+00:00,7.13,15.54,23.67,2405.457732422296,13.622048281408096,-134.53968439831152,19,1
2012-09-24 09:57:02.125167+00:00,8.16,17.65,26.86,2439.221316197099,13.84197851722952,-134.0998239266687,22,2
2012-09-24 09:58:02.125167+00:00,7.34,15.97,24.33,2532.1696247696145,13.849671237428325,-134.0844384862711,24,1
2012-09-24 10:02:02.125167+00:00,10.53,22.47,34.13,3453.877465131292,14.224708795481638,-133.33436337016445,33,1
2012-09-24 10:03:02.125167+00:00,9.39,20.16,30.65,4412.205851524498,14.672135571433383,-132.43950981826094,34,1
2012-09-24 10:04:02.125167+00:00,9.55,20.48,31.13,4412.205851524498,14.904743089419076,-131.97429478228958,34,3
2012-09-24 10:05:02.125167+00:00,9.16,19.69,29.93,4981.677252036987,15.452793856689228,-130.87819324774927,36,2
2012-09-24 10:06:02.125167+00:00,9.14,19.65,29.89,4668.406994442443,15.13056885063966,-131.5226432598484,38,2
2012-09-24 10:07:02.125167+00:00,9.19,19.75,30.03,4655.119729784304,14.912071628774852,-131.959637703578,37,3
2012-09-24 10:08:02.125167+00:00,9.17,19.72,29.98,4668.406994442443,15.13056885063966,-131.5226432598484,36,2
2012-09-24 10:09:02.125167+00:00,9.19,19.75,30.03,4531.039175498774,14.904743089419076,-131.97429478228958,38,3
2012-09-24 10:10:02.125167+00:00,9.19,19.75,30.03,4288.125297238968,14.876859169309636,-132.03006262250844,40,2
2012-09-24 10:11:02.125167+00:00,9.19,19.75,30.03,4288.125297238968,14.876859169309636,-132.03006262250844,40,2
2012-09-24 10:12:02.125167+00:00,9.19,19.75,30.03,4288.125297238968,14.876859169309636,-132.03006262250844,40,3
2012-09-24 10:13:02.125167+00:00,9.19,19.75,30.03,4406.958621213245,14.8974145500633,-131.9889518610011,39,3
2012-09-24 10:14:02.125167+00:00,9.2,19.78,30.08,4668.406994442443,15.13056885063966,-131.5226432598484,36,2
2012-09-24 10:15:02.125167+00:00,9.3,19.97,30.36,5281.660244973392,15.563501268364806,-130.6567784243981,33,4
2012-09-24 10:16:02.125167+00:00,9.23,19.84,30.17,5731.249599494071,15.563790968187403,-130.65619902475294,32,1
2012-09-24 10:17:02.125167+00:00,9.88,21.16,32.15,6180.83895401475,15.564080668010003,-130.65561962510773,29,1
2012-09-24 10:18:02.125167+00:00,9.06,19.5,29.65,5281.660244973392,15.563501268364806,-130.6567784243981,27,2
2012-09-24 10:19:02.125167+00:00,8.85,19.05,28.98,5731.249599494071,15.563790968187403,-130.65619902475294,24,2
2012-09-24 10:20:02.125167+00:00,8.95,19.27,29.31,5791.428144837106,15.237786448569828,-131.30820806398805,22,1
2012-09-25 08:40:02.125001+00:00,7.37,16.03,24.42,1988.4525157423905,17.636032111819986,-134.19364802478842,3,1
2012-09-25 08:41:02.125001+00:00,7.37,16.03,24.42,1988.4525157423905,17.636032111819986,-134.19364802478842,3,2
2012-09-25 14:06:02.124918+00:00,8.94,19.24,29.27,2035.396535418939,13.168454898496854,-142.70593107167696,3,1
2012-09-25 14:11:02.124918+00:00,8.72,18.8,28.6,2712.5830390256324,13.671064196743906,-141.70071247518285,3,1
2012-09-25 14:17:02.124918+00:00,8.16,17.65,26.86,3368.3945591197203,14.113094572362764,-140.81665172394514,3,1
2012-09-25 14:22:02.124918+00:00,8.22,17.77,27.05,3368.3945591197203,14.113094572362764,-140.81665172394514,3,1
2012-09-25 14:27:02.124918+00:00,8.02,17.37,26.44,3431.583295952205,14.143087985460223,-140.75666489775023,4,1
2012-09-25 14:34:02.124918+00:00,7.75,16.81,25.59,3203.5323350433687,14.19765983560943,-140.64752119745182,3,1
2012-09-25 14:40:02.124918+00:00,6.53,14.29,21.79,3203.5323350433687,14.19765983560943,-140.64752119745182,3,1
2012-09-25 14:50:02.124918+00:00,4.34,9.64,14.73,3203.5323350433687,14.204891877515538,-140.6330571136396,3,1
2012-09-25 14:56:02.124918+00:00,4.4,9.78,14.95,3319.7986965907494,14.222908532014518,-140.59702380464165,3,1
2012-09-25 15:01:02.124918+00:00,6.71,14.67,22.36,3610.0548474766297,14.27314382563826,-140.49655321739414,3,1
2012-09-25 15:09:02.124918+00:00,6.71,14.67,22.36,3761.6410528453303,14.53024241763588,-139.98235603339893,3,1
2012-09-25 15:14:02.124918+00:00,6.91,15.07,22.97,3761.6410528453303,14.53024241763588,-139.98235603339893,3,1
2012-09-25 15:20:02.124918+00:00,7.18,15.63,23.81,3842.865347290938,14.661739528115753,-139.71936181243916,3,1
2012-09-25 15:28:02.124918+00:00,7.18,15.63,23.81,3842.865347290938,14.442379593030743,-140.1580816826092,3,1
2012-09-25 15:35:02.124918+00:00,6.73,14.7,22.4,3956.076532579098,14.661739528115753,-139.71936181243916,3,1
2012-09-25 15:41:02.124918+00:00,6.53,14.29,21.79,4277.230569813155,14.65575055357137,-139.73133976152792,4,1
2012-09-25 15:45:02.124918+00:00,6.43,14.07,21.46,4310.041604968832,14.832354747998885,-139.3781313726729,4,1
2012-09-25 15:49:02.124918+00:00,6.26,13.73,20.93,4310.041604968832,14.832354747998885,-139.3781313726729,4,1
2012-09-25 15:55:02.124918+00:00,6.8,14.85,22.64,4581.152182087733,14.983865418560596,-139.07511003154949,5,1
2012-09-25 16:00:02.124918+00:00,7.15,15.57,23.72,4413.193646348023,15.059932557613134,-138.9229757534444,4,1
2012-09-25 16:05:02.124918+00:00,8.01,17.34,26.39,3541.166060883692,14.441727057395385,-140.15938675387991,5,1
2012-09-25 16:10:02.124918+00:00,8.11,17.55,26.72,3476.6475748781213,14.237840482962332,-140.56715990274603,5,1
2012-09-25 16:14:02.124918+00:00,7.9,17.12,26.06,3375.8421316744775,14.133266142209507,-140.7763085842517,6,1
2012-09-25 16:15:02.124918+00:00,7.78,16.87,25.69,3375.8421316744775,14.133266142209507,-140.7763085842517,6,1
2012-09-25 16:17:02.124918+00:00,7.64,16.59,25.27,3375.8421316744775,14.133266142209507,-140.7763085842517,6,1
2012-09-25 16:21:02.124918+00:00,2.05,4.63,7.08,3408.101374677263,14.133266142209507,-140.7763085842517,6,1
2012-09-25 16:25:02.124918+00:00,1.94,4.37,6.7,3840.6341928241054,14.45691032445821,-140.12902021975427,4,1
2012-09-25 16:29:02.124918+00:00,2.16,4.87,7.46,3840.6341928241054,14.369742427271952,-140.3033560141268,4,1
2012-09-25 16:35:02.124918+00:00,5.19,11.47,17.51,5012.6795118114005,15.236934124713049,-138.56897261924456,4,1
2012-09-25 16:40:02.124918+00:00,6.14,13.47,20.55,4837.826511925745,15.443581362616989,-138.15567814343672,4,1
2012-09-25 16:45:02.124918+00:00,6.08,13.35,20.36,5035.964832909303,15.441378449367232,-138.1600839699362,5,1
2012-09-25 16:50:02.124918+00:00,6.38,13.98,21.32,5142.753395106328,15.432744202243176,-138.1773524641843,4,1
2012-09-25 16:54:02.124918+00:00,6.43,14.07,21.46,4976.307914663592,15.42410995511912,-138.19462095843244,5,1
2012-09-25 16:59:02.124918+00:00,7.15,15.57,23.72,4976.307914663592,15.186978546637404,-138.66888377539587,5,1
2012-09-25 17:04:02.124918+00:00,6.7,14.64,22.31,4976.307914663592,15.176677246180468,-138.68948637630976,5,1
2012-09-25 17:09:02.124918+00:00,6.85,14.95,22.78,4698.915666255777,14.89536536851647,-139.25211013163772,5,1
2012-09-25 17:13:02.124918+00:00,6.85,14.95,22.78,4481.159104465476,14.80230511054318,-139.4382306475843,5,1
2012-09-25 17:18:02.124918+00:00,6.86,14.98,22.83,4353.169938293686,14.80230511054318,-139.4382306475843,5,1
2012-09-25 17:21:02.124918+00:00,6.97,15.2,23.16,4353.169938293686,14.80230511054318,-139.4382306475843,5,1
2012-09-25 17:26:02.124918+00:00,7.1,15.48,23.58,4400.005599935004,14.815669415437068,-139.41150203779654,4,1
2012-09-25 17:30:02.124918+00:00,7.22,15.72,23.95,4221.5644134594695,14.716142383665565,-139.61055610133957,4,1
2012-09-25 17:36:02.124918+00:00,7.42,16.13,24.56,3691.769888854643,14.357416407937585,-140.32800805279552,5,1
2012-09-25 17:41:02.124918+00:00,7.78,16.87,25.69,3038.2024055778093,14.028413965184493,-140.9860129383017,4,1
2012-09-25 17:45:02.124918+00:00,7.83,16.96,25.83,2584.248835822837,13.752918473066591,-141.5370039225375,5,1
2012-09-25 17:49:02.124918+00:00,7.87,17.06,25.97,2257.1338218677197,13.517484247505037,-142.00787237366063,4,1
2012-09-26 22:23:02.124753+00:00,8.16,17.65,26.86,3360.652288937505,12.752846189063938,-138.68553570615936,3,1
2012-09-26 22:30:02.124753+00:00,7.28,15.85,24.14,3492.482453599784,12.82871817177588,-138.53379174073547,3,1
2012-09-26 22:37:02.124753+00:00,7.16,15.6,23.77,5344.906071300838,13.883498733085649,-136.42423061811596,3,1
2012-09-26 22:42:02.124753+00:00,6.97,15.2,23.16,5419.050460725209,13.90716595004264,-136.37689618420194,3,1
2012-09-26 22:49:02.124753+00:00,6.29,13.79,21.03,5419.050460725209,13.90716595004264,-136.37689618420194,3,1
2012-09-26 22:56:02.124753+00:00,5.78,12.71,19.39,5847.012984205878,13.879459875014351,-136.43230833425855,3,1
2012-09-26 23:02:02.124753+00:00,5.58,12.29,18.76,5780.88005863417,13.879459875014351,-136.43230833425855,3,1
2012-09-26 23:08:02.124753+00:00,5.39,11.9,18.16,5780.88005863417,13.879459875014351,-136.43230833425855,3,1
2012-09-26 23:14:02.124753+00:00,4.94,10.93,16.69,5780.593149308513,13.77817338204779,-136.63488132019165,3,1
2012-09-26 23:20:02.124753+00:00,4.94,10.93,16.69,5780.593149308513,13.77817338204779,-136.63488132019165,3,1
2012-09-26 23:45:02.124753+00:00,5.1,11.27,17.21,6566.294330325228,14.09188237694554,-136.00746333039615,3,1
2012-09-26 23:52:02.124753+00:00,5.03,11.13,17.0,6388.25168963544,14.09188237694554,-136.00746333039615,3,1
2012-09-27 00:07:02.124671+00:00,6.22,13.63,20.79,4151.131142021437,13.608617892151056,-137.72893871209885,3,1
2012-09-27 02:19:02.124671+00:00,8.85,19.05,28.98,2372.788184105152,12.41566289601778,-140.1148487043654,3,1
2012-09-27 02:24:02.124671+00:00,8.42,18.18,27.66,2259.306831533206,12.13158860442448,-140.68299728755198,4,1
2012-09-27 02:28:02.124671+00:00,8.42,18.18,27.66,2372.788184105152,12.41566289601778,-140.1148487043654,5,1
2012-09-27 02:32:02.124671+00:00,8.37,18.08,27.52,2590.534048081824,12.513699715263956,-139.91877506587304,4,1
2012-09-27 02:38:02.124671+00:00,8.16,17.65,26.86,3236.435521010193,12.820755081234651,-139.30466433393167,4,1
2012-09-27 02:44:02.124671+00:00,8.07,17.46,26.58,4421.425123219544,13.387102893897042,-138.17196870860687,3,1
2012-09-27 02:50:02.124671+00:00,7.34,15.97,24.33,5242.119880560032,13.857785318742916,-137.23060385891512,3,1
2012-09-27 02:59:02.124671+00:00,7.06,15.38,23.44,7730.535362272955,14.69989740050604,-135.54637969538888,3,1
2012-09-27 03:06:02.124671+00:00,7.03,15.32,23.35,7730.535362272955,14.889629699987683,-135.16691509642558,3,1
2012-09-27 03:13:02.124671+00:00,6.83,14.92,22.73,8818.618591776061,14.9151190100849,-135.11593647623116,3,1
2012-09-27 03:34:02.124671+00:00,7.76,16.84,25.64,9298.485211636877,15.17287362229338,-134.6004272518142,3,1
2012-09-27 03:38:02.124671+00:00,7.75,16.81,25.59,5859.520964368404,13.79178141442655,-137.36261166754787,4,1
2012-09-27 03:41:02.124671+00:00,7.7,16.72,25.45,7330.519102075416,14.68563189522115,-135.57491070595864,5,1
2012-09-27 03:46:02.124671+00:00,2.97,6.67,10.21,7330.519102075416,14.68563189522115,-135.57491070595864,5,1
2012-09-27 03:48:02.124671+00:00,2.97,6.67,10.21,7330.519102075416,14.68563189522115,-135.57491070595864,5,1
2012-09-27 03:54:02.124671+00:00,2.93,6.58,10.07,7793.706745194872,14.68563189522115,-135.57491070595864,5,1
2012-09-27 03:59:02.124671+00:00,3.22,7.21,11.03,8569.37984695896,14.877904532040686,-135.1903654323196,3,1
2012-09-27 04:04:02.124671+00:00,6.31,13.82,21.08,8569.37984695896,14.877904532040686,-135.1903654323196,3,1
2012-09-27 04:10:02.124671+00:00,6.35,13.92,21.22,9055.328158630033,14.877904532040686,-135.1903654323196,3,1
2012-09-27 04:18:02.124671+00:00,6.32,13.85,21.12,9083.823421543906,14.92359525643117,-135.09898398353863,4,1
2012-09-27 04:22:02.124671+00:00,6.49,14.2,21.65,6455.668006444204,14.07724213046738,-136.7916902354662,5,1
2012-09-27 04:24:02.124671+00:00,6.49,14.2,21.65,6455.668006444204,14.07724213046738,-136.7916902354662,5,1
2012-09-27 04:29:02.124671+00:00,7.1,15.48,23.58,4617.576295928937,13.406055733708705,-138.13406302898355,6,1
2012-09-27 04:31:02.124671+00:00,7.24,15.75,24.0,6455.668006444204,14.07724213046738,-136.7916902354662,7,1
2012-09-27 04:34:02.124671+00:00,7.28,15.85,24.14,6847.54175535793,14.35548396201314,-136.2352065723747,6,1
2012-09-27 04:36:02.124671+00:00,7.36,16.0,24.38,6618.447909072068,14.173614308701591,-136.59894587899777,6,1
2012-09-27 04:41:02.124671+00:00,7.58,16.47,25.08,6781.227811699931,14.2699864869358,-136.40620152252936,5,1
2012-09-27 04:45:02.124671+00:00,7.61,16.53,25.17,7010.321657985794,14.45185614024735,-136.04246221590626,4,1
2012-09-27 04:50:02.124671+00:00,8.07,17.46,26.58,5837.725040127335,14.137679290703522,-136.6708159149939,5,1
2012-09-27 04:55:02.124671+00:00,8.11,17.55,26.72,4868.651231440672,14.027850400867049,-136.89047369466687,4,1
2012-09-27 05:00:02.124671+00:00,8.33,17.99,27.37,3896.7222807973985,13.621824434748294,-137.7025256269044,4,1
2012-09-27 05:06:02.124671+00:00,9.03,19.43,29.55,2603.6140977976756,12.146422611611676,-140.6533292731776,4,1
2012-09-27 05:10:02.124671+00:00,8.86,19.09,29.03,2263.605841474013,11.831887329799232,-141.28239983680248,3,1
2012-09-27 05:16:02.124671+00:00,8.83,19.02,28.93,1641.902660241449,11.561563608585594,-141.82304727922977,3,1
2012-09-27 05:25:02.124671+00:00,9.63,20.64,31.38,1641.902660241449,11.561563608585594,-141.82304727922977,3,1
2012-09-28 12:13:02.124422+00:00,15.5,32.42,40.0,6251.460773511815,19.191130998241224,-130.49612754776706,3,2
2012-09-28 12:14:02.124422+00:00,15.5,32.42,40.0,6251.460773511815,19.191130998241224,-130.49612754776706,3,1
2012-09-29 03:26:02.124340+00:00,5.44,12.0,18.31,2616.5922252715654,13.47763945525102,-139.2464357899379,4,1
2012-09-29 03:27:02.124340+00:00,5.44,12.0,18.31,2616.5922252715654,13.47763945525102,-139.2464357899379,4,1
2012-09-29 03:31:02.124340+00:00,5.33,11.77,17.96,2838.8999807311807,13.809569509995882,-138.58257568044814,5,1
2012-09-29 03:36:02.124340+00:00,4.5,10.0,15.27,3272.8082836000326,13.90712018280474,-138.38747433483044,6,1
2012-09-29 03:40:02.124340+00:00,3.39,7.59,11.61,7102.8906476434695,15.643003522661342,-134.91570765511722,5,1
2012-09-29 03:44:02.124340+00:00,2.46,5.54,8.48,7866.07798997768,15.294935599102114,-135.6118435022357,4,1
2012-09-29 03:49:02.124340+00:00,2.19,4.93,7.55,8457.163757109452,15.98135151721402,-134.2390116660119,4,1
2012-09-29 03:55:02.124340+00:00,2.41,5.43,8.32,13076.25986224321,16.876100781313447,-132.44951313781303,4,1
2012-09-29 04:00:02.124340+00:00,2.6,5.85,8.96,14127.080330999946,17.167001220036262,-131.8677122603674,3,1
2012-09-29 04:04:02.124340+00:00,2.51,5.65,8.65,15408.229802082767,17.309853971482447,-131.58200675747503,4,1
2012-09-29 04:10:02.124340+00:00,2.39,5.38,8.24,19186.517112815138,17.864211354652536,-130.47329199113483,3,1
2012-09-29 04:15:02.124340+00:00,2.26,5.1,7.81,19186.517112815138,17.864211354652536,-130.47329199113483,3,1
2012-09-29 04:21:02.124340+00:00,2.19,4.93,7.55,6142.076244950605,14.95933805479865,-136.28303859084264,3,1
2012-09-29 04:26:02.124340+00:00,3.91,8.71,13.32,4570.392939706794,14.416225724119112,-137.3692632522017,3,1
2012-09-29 04:33:02.124340+00:00,4.65,10.31,15.75,4570.392939706794,14.416225724119112,-137.3692632522017,3,1
2012-09-29 04:39:02.124340+00:00,5.24,11.57,17.66,7866.440107321551,15.620312600536057,-134.9610894993678,4,1
2012-09-29 04:44:02.124340+00:00,5.64,12.42,18.95,8177.487439006549,15.790544692148003,-134.6206253161439,4,1
2012-09-29 04:48:02.124340+00:00,5.64,12.42,18.95,8177.487439006549,15.790544692148003,-134.6206253161439,4,1
2012-09-29 04:53:02.124340+00:00,5.82,12.81,19.54,8397.296094577854,15.790544692148003,-134.6206253161439,4,1
2012-09-29 04:59:02.124340+00:00,5.98,13.13,20.02,7952.460102321558,15.678868630998554,-134.8439774384428,4,1
2012-09-29 05:04:02.124340+00:00,6.67,14.57,22.22,7037.830470463836,15.556255534620348,-135.0892036311992,4,1
2012-09-29 05:09:02.124340+00:00,6.77,14.79,22.55,7037.830470463836,15.42289739760355,-135.35591990523284,4,1
2012-09-29 05:14:02.124340+00:00,7.13,15.54,23.67,6425.672871413064,15.131871710485616,-135.93797127946868,4,1
2012-09-29 05:18:02.124340+00:00,7.13,15.54,23.67,6425.672871413064,15.131871710485616,-135.93797127946868,4,1
2012-09-29 05:23:02.124340+00:00,7.6,16.5,25.12,6216.848620743408,15.10128165302494,-135.99915139439003,4,1
2012-09-29 05:29:02.124340+00:00,7.72,16.75,25.5,5328.238697605982,14.756854087370511,-136.68800652569888,4,1
2012-09-29 05:34:02.124340+00:00,7.78,16.87,25.69,5276.81624184347,14.619932640030363,-136.9618494203792,4,1
2012-09-29 05:38:02.124340+00:00,7.78,16.87,25.69,5276.81624184347,14.619932640030363,-136.9618494203792,4,1
2012-09-29 05:43:02.124340+00:00,7.99,17.3,26.34,4745.209287645137,14.44396374892714,-137.31378720258564,4,1
2012-09-29 05:49:02.124340+00:00,8.16,17.65,26.86,3655.8786578045783,14.123514559426528,-137.95468558158686,4,1
2012-09-29 05:54:02.124340+00:00,8.29,17.93,27.28,3382.797667811427,13.811029380943468,-138.579655938553,4,1
2012-09-29 05:59:02.124340+00:00,8.23,17.8,27.09,3229.6935200489443,13.620131344489918,-138.9614520114601,3,1
2012-09-29 06:04:02.124340+00:00,8.85,19.05,28.98,2593.8422950048275,13.453716070681478,-139.29428255907698,3,1
2012-09-29 06:09:02.124340+00:00,9.3,19.97,30.36,2280.807773992249,13.25125459859528,-139.69920550324937,3,1
2012-09-29 06:15:02.124340+00:00,9.49,20.35,30.94,1808.139299782867,13.132858028674937,-139.93599864309004,3,1
2012-09-29 06:19:02.124340+00:00,9.47,20.32,30.89,1808.139299782867,13.132858028674937,-139.93599864309004,3,1
2012-10-02 13:40:02.123761+00:00,6.22,13.63,20.79,7138.2676882113765,20.70782190766454,-122.63216323176724,4,2
2012-10-02 13:41:02.123761+00:00,6.22,13.63,20.79,7138.2676882113765,20.70782190766454,-122.63216323176724,4,2
2012-10-05 10:47:02.123348+00:00,5.73,12.61,19.25,1901.3324259283672,13.338212043271485,-142.75908179729714,3,1
2012-10-05 10:52:02.123348+00:00,5.58,12.29,18.76,2078.5027726555927,13.619287022546882,-142.19693183874637,3,1
2012-10-05 11:49:02.123348+00:00,1.59,3.59,5.5,2411.7591250548394,13.852107886924408,-141.7312901099913,3,1
2012-10-06 16:12:02.123099+00:00,24.04,40.0,40.0,7947.309210765437,19.77616481240524,-128.38424113944964,3,3
2012-10-06 22:47:02.123099+00:00,9.47,20.32,30.89,1657.9607838333418,12.487175952163607,-142.96221885993293,3,1
2012-10-06 22:55:02.123099+00:00,9.52,20.42,31.04,1673.8800232404185,12.576462697005988,-142.78364537024817,3,1
2012-10-06 23:01:02.123099+00:00,9.36,20.1,30.56,1673.8800232404185,12.576462697005988,-142.78364537024817,3,1
2012-10-06 23:10:02.123099+00:00,9.16,19.69,29.93,1884.8267810658415,12.733680126407291,-142.46921051144554,3,1
2012-10-06 23:16:02.123099+00:00,9.09,19.56,29.74,1647.6893556671348,12.560765356661888,-142.81504005093635,3,1
2012-10-07 07:59:02.123017+00:00,9.44,20.26,30.8,2284.0919160585686,13.175692615480177,-142.67452177664754,3,1
2012-10-07 08:03:02.123017+00:00,9.41,20.2,30.7,2695.0365369474243,13.534698427376494,-141.9565101528549,4,1
2012-10-07 08:08:02.123017+00:00,9.19,19.75,30.03,3105.98115783628,13.893704239272813,-141.23849852906227,5,1
2012-10-07 08:13:02.123017+00:00,7.36,16.0,24.38,4290.333086346752,14.35930177818614,-140.30730345123558,5,1
2012-10-07 08:18:02.123017+00:00,6.76,14.76,22.5,5601.458824692552,15.030833066973996,-138.9642408736599,4,1
2012-10-07 08:22:02.123017+00:00,6.85,14.95,22.78,5896.317819523367,15.155921447966914,-138.71406411167405,5,1
2012-10-07 08:27:02.123017+00:00,6.8,14.85,22.64,6974.033232740913,15.509621794031167,-138.00666341954553,5,1
2012-10-07 08:31:02.123017+00:00,6.79,14.82,22.59,7261.19618920067,15.647484350503522,-137.73093830660082,5,1
2012-10-07 08:35:02.123017+00:00,6.65,14.54,22.17,7748.260498706045,15.719231191694474,-137.58744462421893,5,1
2012-10-07 08:40:02.123017+00:00,40.0,40.0,40.0,7117.614710970792,15.784059562957763,-137.45778788169235,6,1
2012-10-07 08:45:02.123017+00:00,40.0,40.0,40.0,7214.955608119684,15.818928068567086,-137.3880508704737,6,1
2012-10-07 08:48:02.123017+00:00,40.0,40.0,40.0,7645.23920144648,15.818928068567086,-137.3880508704737,6,2
2012-10-07 08:50:02.123017+00:00,40.0,40.0,40.0,7455.877983498455,15.843069819215335,-137.3397673691772,5,1
2012-10-07 08:55:02.123017+00:00,40.0,40.0,40.0,7455.877983498455,16.145583529269196,-136.73473994906948,5,1
2012-10-07 09:01:02.123017+00:00,6.01,13.19,20.12,9677.645511328825,16.145583529269196,-136.73473994906948,3,1
2012-10-07 09:07:02.123017+00:00,6.02,13.22,20.17,9677.645511328825,16.15721600219353,-136.7114750032208,3,1
2012-10-07 09:14:02.123017+00:00,6.11,13.41,20.46,9677.645511328825,16.15721600219353,-136.7114750032208,3,1
2012-10-07 09:19:02.123017+00:00,5.95,13.06,19.93,9671.443272102284,16.089853537372388,-136.8461999328631,3,1
2012-10-07 09:25:02.123017+00:00,5.92,13.0,19.83,9671.443272102284,15.991389799855389,-137.0431274078971,3,1
2012-10-07 09:31:02.123017+00:00,6.56,14.36,21.88,9596.840340180726,16.07193273951337,-136.8820415285811,4,1
2012-10-07 09:35:02.123017+00:00,6.62,14.48,22.07,9609.92528593708,16.05401194165436,-136.91788312429915,5,1
2012-10-07 09:40:02.123017+00:00,6.76,14.76,22.5,9522.237408259169,16.03092308985638,-136.9640608278951,5,1
2012-10-07 09:44:02.123017+00:00,6.76,14.76,22.5,9522.237408259169,16.03092308985638,-136.9640608278951,5,1
2012-10-07 09:48:02.123017+00:00,6.7,14.64,22.31,8587.254898142966,15.948185334624792,-137.1295363383583,5,1
2012-10-07 09:52:02.123017+00:00,6.67,14.57,22.22,7564.28282563219,15.486468584000878,-138.0529698396061,5,1
2012-10-07 09:57:02.123017+00:00,6.55,14.32,21.84,7564.28282563219,15.486468584000878,-138.0529698396061,5,1
2012-10-07 10:01:02.123017+00:00,6.55,14.32,21.84,8587.254898142966,15.825923142678327,-137.37406072225122,5,1
2012-10-07 10:06:02.123017+00:00,6.58,14.39,21.93,8745.879936385134,15.825923142678327,-137.37406072225122,5,1
2012-10-07 10:10:02.123017+00:00,6.64,14.51,22.12,8751.133541215628,15.839300679565746,-137.34730564847638,4,1
2012-10-07 10:15:02.123017+00:00,6.53,14.29,21.79,9120.477408105353,15.886071250881486,-137.2537645058449,4,1
2012-10-07 10:20:02.123017+00:00,6.37,13.95,21.27,9640.71659264865,16.092019518553993,-136.8418679704999,4,1
2012-10-07 10:26:02.123017+00:00,6.08,13.35,20.36,9325.050908688372,15.98987108806603,-137.04616483147583,4,1
2012-10-07 10:31:02.123017+00:00,6.29,13.79,21.03,9195.370287768916,16.044951240829043,-136.93600452594978,4,1
2012-10-07 10:35:02.123017+00:00,6.19,13.57,20.69,9225.206428325671,16.05386133673873,-136.91818433413042,5,1
2012-10-07 10:40:02.123017+00:00,6.25,13.7,20.89,9165.534147212162,16.036041144919356,-136.95382471776918,5,1
2012-10-07 10:45:02.123017+00:00,6.34,13.88,21.17,9685.522265082596,16.129303408195124,-136.76730019121763,4,1
2012-10-07 10:49:02.123017+00:00,6.22,13.63,20.79,9436.975121982849,16.05386133673873,-136.91818433413042,5,1
2012-10-07 10:54:02.123017+00:00,6.14,13.47,20.55,9698.28216311247,16.08707619497887,-136.85175461765013,5,1
2012-10-07 10:58:02.123017+00:00,6.01,13.19,20.12,9698.28216311247,16.08707619497887,-136.85175461765013,5,1
2012-10-07 11:03:02.123017+00:00,6.02,13.22,20.17,10145.838101839518,16.204745479651518,-136.61641604830484,5,1
2012-10-07 11:07:02.123017+00:00,5.98,13.13,20.02,10675.020994193746,16.314847297292225,-136.39621241302342,4,1
2012-10-07 11:12:02.123017+00:00,6.32,13.85,21.12,10675.020994193746,16.314847297292225,-136.39621241302342,4,1
2012-10-07 11:18:02.123017+00:00,7.27,15.82,24.1,8629.590333198052,15.944820207892525,-137.13626659182282,3,1
2012-10-07 11:23:02.123017+00:00,7.4,16.1,24.52,4951.137363534809,14.629467532673267,-139.76697194226134,3,1
2012-10-07 20:36:02.122934+00:00,9.36,20.1,30.56,2001.4993953312403,13.24008249905986,-143.45229464967056,3,1
2012-10-07 20:40:02.122934+00:00,9.3,19.97,30.36,2001.4993953312403,13.24008249905986,-143.45229464967056,3,1
2012-10-07 20:45:02.122934+00:00,8.36,18.05,27.47,2625.2332616563535,13.7692824572645,-142.39389473326128,5,1
2012-10-07 20:50:02.122934+00:00,7.9,17.12,26.06,2794.72566105102,14.016316922015443,-141.89982580375937,5,1
2012-10-07 20:55:02.122934+00:00,7.98,17.27,26.3,3748.2265262175233,14.79201593358546,-140.34842778061935,5,1
2012-10-07 20:59:02.122934+00:00,7.93,17.18,26.15,4137.808713396865,14.894775693058197,-140.14290826167388,4,1
2012-10-07 21:04:02.122934+00:00,7.34,15.97,24.33,4755.188642986535,15.070048733313698,-139.7923621811629,4,1
2012-10-07 21:11:02.122934+00:00,7.39,16.06,24.47,6103.584479209973,15.60452673717132,-138.72340617344764,3,1
2012-10-07 21:16:02.122934+00:00,6.95,15.17,23.11,6297.296005728456,15.659480198942225,-138.61349924990583,3,1
2012-10-07 21:21:02.122934+00:00,6.29,13.79,21.03,7172.599318614314,15.887770607332277,-138.15691843312572,3,1
2012-10-07 21:26:02.122934+00:00,6.29,13.79,21.03,7172.599318614314,15.887770607332277,-138.15691843312572,3,1
2012-10-07 21:36:02.122934+00:00,5.07,11.2,17.1,7777.63252277387,16.283301013604646,-137.36585762058098,3,1
2012-10-07 21:42:02.122934+00:00,4.84,10.73,16.38,7432.950056362581,16.254628863027772,-137.42320192173474,3,1
2012-10-07 22:11:02.122934+00:00,3.54,7.92,12.12,10106.812114622093,16.69673409804407,-136.53899145170217,3,1
2012-10-07 22:16:02.122934+00:00,3.22,7.21,11.03,8157.688981568158,16.16638406407073,-137.59969151964884,5,1
2012-10-07 22:21:02.122934+00:00,2.37,5.33,8.15,8191.4921434964035,16.18056014237739,-137.57133936303552,6,1
2012-10-07 22:24:02.122934+00:00,2.29,5.16,7.9,8191.4921434964035,16.18056014237739,-137.57133936303552,6,1
2012-10-07 22:26:02.122934+00:00,2.24,5.04,7.72,8191.4921434964035,16.18056014237739,-137.57133936303552,6,1
2012-10-07 22:30:02.122934+00:00,0.01,0.03,0.08,8191.4921434964035,16.18056014237739,-137.57133936303552,6,1
2012-10-07 22:33:02.122934+00:00,0.0,0.01,0.02,8191.4921434964035,16.18056014237739,-137.57133936303552,6,1
2012-10-07 22:38:02.122934+00:00,0.0,0.01,0.02,10191.753678235376,16.61746033391011,-136.69753897997006,5,1
2012-10-07 22:42:02.122934+00:00,0.0,0.01,0.02,10221.25018504554,16.84960304947829,-136.23325354883372,5,1
2012-10-07 22:45:02.122934+00:00,23.02,40.0,40.0,10221.25018504554,16.84960304947829,-136.23325354883372,5,1
2012-10-07 22:49:02.122934+00:00,0.0,0.01,0.02,10221.25018504554,16.84960304947829,-136.23325354883372,5,1
2012-10-07 22:53:02.122934+00:00,0.0,0.01,0.02,10262.567373339796,16.84960304947829,-136.23325354883372,5,1
2012-10-07 22:58:02.122934+00:00,0.0,0.02,0.02,11161.36560211869,17.02188766864642,-135.88868431049744,5,1
2012-10-07 23:02:02.122934+00:00,0.0,0.02,0.02,13782.77089596268,17.38945817883346,-135.15354329012337,4,1
2012-10-07 23:07:02.122934+00:00,0.0,0.02,0.02,16145.51911310774,17.81337571270528,-134.3057082223797,4,1
2012-10-07 23:14:02.122934+00:00,0.89,2.01,3.08,15064.407434796643,17.762709086852524,-134.40704147408522,4,1
2012-10-07 23:18:02.122934+00:00,1.0,2.27,3.47,12313.819354975569,17.5305535021614,-134.87135264346747,4,1
2012-10-07 23:22:02.122934+00:00,0.89,2.01,3.08,10385.685876766654,17.29271751963825,-135.34702460851378,5,1
2012-10-07 23:27:02.122934+00:00,1.05,2.38,3.65,10385.685876766654,17.29271751963825,-135.34702460851378,5,1
2012-10-07 23:31:02.122934+00:00,2.78,6.25,9.57,10385.685876766654,17.29271751963825,-135.34702460851378,5,1
2012-10-07 23:35:02.122934+00:00,3.18,7.12,10.9,14375.969572593962,17.741765023024968,-134.44892960174033,5,1
2012-10-07 23:40:02.122934+00:00,3.28,7.34,11.23,14375.969572593962,17.741765023024968,-134.44892960174033,5,1
2012-10-07 23:45:02.122934+00:00,3.34,7.47,11.42,14375.969572593962,17.741765023024968,-134.44892960174033,5,1
2012-10-07 23:49:02.122934+00:00,3.37,7.55,11.55,11512.552840016251,17.016122559678205,-135.90021452843385,5,1
2012-10-07 23:54:02.122934+00:00,3.39,7.59,11.61,9684.388215656936,16.530512601711443,-136.87143444436737,4,1
2012-10-07 23:58:02.122934+00:00,3.16,7.08,10.83,7856.223591297622,16.044902643744685,-137.8426543603009,3,1
2012-10-08 00:12:02.122852+00:00,4.57,10.14,15.49,1708.060645985062,12.311942638401536,-140.90744801753087,3,1
2012-10-08 00:21:02.122852+00:00,5.67,12.48,19.05,3487.615254061514,13.667295064472,-138.19674316538993,4,1
2012-10-08 00:26:02.122852+00:00,5.89,12.93,19.73,4461.524611944683,14.206828220997254,-137.1176768523394,4,1
2012-10-08 00:30:02.122852+00:00,5.93,13.03,19.88,4461.524611944683,14.206828220997254,-137.1176768523394,4,1
2012-10-08 00:36:02.122852+00:00,6.41,14.04,21.41,4925.239490748112,14.305405147720586,-136.92052299889275,3,1
2012-10-08 00:40:02.122852+00:00,6.74,14.73,22.45,4812.809932590792,14.254083564085349,-137.02316616616324,5,1
2012-10-08 00:46:02.122852+00:00,6.94,15.13,23.06,4134.531873008654,13.973302707698858,-137.58472787893623,4,1
2012-10-08 00:50:02.122852+00:00,7.13,15.54,23.67,3957.770448574328,13.953494108512125,-137.6243450773097,5,1
2012-10-08 00:53:02.122852+00:00,7.25,15.79,24.05,3662.755274955204,13.792960194175734,-137.9454129059825,5,1
2012-10-08 00:57:02.122852+00:00,7.25,15.79,24.05,3283.9254258774063,13.639489493285058,-138.25235430776382,5,1
2012-10-08 01:01:02.122852+00:00,7.24,15.75,24.0,2904.0134408247845,13.292276742422626,-138.9467798094887,4,1
2012-10-08 01:06:02.122852+00:00,7.7,16.72,25.45,2524.101455772163,12.945063991560191,-139.64120531121355,3,1
2012-10-08 21:12:02.122769+00:00,6.47,14.17,21.6,2678.7053712557763,13.3614061291145,-142.11772916131764,3,1
2012-10-08 21:17:02.122769+00:00,5.99,13.16,20.07,2669.922664797302,13.298768995241126,-142.2430034290644,4,1
2012-10-08 21:22:02.122769+00:00,5.92,13.0,19.83,2435.6450234653635,13.003380657311542,-142.83378010492356,4,1
2012-10-08 21:26:02.122769+00:00,5.92,13.0,19.83,2435.6450234653635,13.003380657311542,-142.83378010492356,4,1
2012-10-08 21:30:02.122769+00:00,5.55,12.22,18.66,2210.150088591899,12.770629453255331,-143.29928251303596,3,1
2012-10-08 21:49:02.122769+00:00,2.39,5.38,8.24,2996.948376403122,13.53358597857044,-141.77336946240575,4,1
2012-10-08 21:53:02.122769+00:00,2.39,5.38,8.24,3818.558854691386,14.264118851909306,-140.312303715728,3,1
2012-10-08 21:59:02.122769+00:00,1.37,3.09,4.73,3818.558854691386,14.264118851909306,-140.312303715728,3,1
2012-10-08 22:04:02.122769+00:00,1.55,3.51,5.38,3979.001723770839,14.537115668939116,-139.7663100816684,3,1
2012-10-08 22:11:02.122769+00:00,2.05,4.63,7.08,3009.2140871446272,13.673335654533233,-141.49387011048017,5,1
2012-10-08 22:14:02.122769+00:00,2.11,4.75,7.27,2343.8990168760556,13.172657959575965,-142.4952255003947,5,1
2012-10-08 22:17:02.122769+00:00,2.26,5.1,7.81,2676.5565520103414,13.4229968070546,-141.99454780543743,6,1
2012-10-08 22:20:02.122769+00:00,2.29,5.16,7.9,2676.5565520103414,13.4229968070546,-141.99454780543743,6,1
2012-10-08 22:23:02.122769+00:00,7.27,15.82,24.1,2676.5565520103414,13.4229968070546,-141.99454780543743,6,1
2012-10-08 22:25:02.122769+00:00,7.21,15.69,23.91,3009.2140871446272,13.673335654533233,-141.49387011048017,5,1
2012-10-08 22:32:02.122769+00:00,7.24,15.75,24.0,4427.774787423503,14.410166616233976,-140.02020818707868,4,1
2012-10-08 22:37:02.122769+00:00,7.09,15.44,23.53,4714.823313354536,14.611122375338152,-139.61829666887033,4,1
2012-10-08 22:43:02.122769+00:00,6.64,14.51,22.12,5726.044262781873,14.966268670986384,-138.90800407757388,4,1
2012-10-08 22:46:02.122769+00:00,6.53,14.29,21.79,6252.06606513499,15.034157653969576,-138.7722261116075,5,1
2012-10-08 22:48:02.122769+00:00,6.47,14.17,21.6,5636.023226946117,14.90867348950539,-139.02319444053586,4,1
2012-10-08 22:53:02.122769+00:00,6.49,14.2,21.65,5019.980388757243,14.783189325041205,-139.27416276946423,5,1
2012-10-08 22:59:02.122769+00:00,6.55,14.32,21.84,4925.797767835616,14.51073758704561,-139.81906624545542,4,1
2012-10-08 23:05:02.122769+00:00,6.47,14.17,21.6,5170.950572252693,14.641600448440265,-139.5573405226661,4,1
2012-10-08 23:09:02.122769+00:00,6.47,14.17,21.6,6742.3716739691445,15.295883376758884,-138.24877466602888,3,1
2012-10-08 23:14:02.122769+00:00,6.35,13.92,21.22,7172.800811583854,15.421753263984437,-137.99703489157775,4,1
2012-10-08 23:20:02.122769+00:00,6.29,13.79,21.03,7283.425605958312,15.547623151209988,-137.74529511712666,3,1
2012-10-08 23:27:02.122769+00:00,6.28,13.76,20.98,7283.425605958312,15.547623151209988,-137.74529511712666,3,1
2012-10-08 23:33:02.122769+00:00,6.35,13.92,21.22,6625.184814075678,15.238295087354736,-138.36395124483718,3,1
2012-10-08 23:41:02.122769+00:00,7.13,15.54,23.67,4958.18440883054,14.782376771513476,-139.2757878765197,3,1
2012-10-08 23:48:02.122769+00:00,7.75,16.81,25.59,4878.620650860151,14.681390135730233,-139.47776114808616,3,1
2012-10-10 07:57:02.122522+00:00,9.09,19.56,29.74,2534.4091273029007,12.19372903735761,-138.8776986538431,4,1
2012-10-10 08:00:02.122522+00:00,9.05,19.46,29.6,2534.4091273029007,12.19372903735761,-138.8776986538431,4,1
2012-10-10 08:03:02.122522+00:00,9.02,19.4,29.5,2667.765598941453,12.37195116690799,-138.52125439474236,5,1
2012-10-10 08:07:02.122522+00:00,9.02,19.4,29.5,2736.3290119687435,12.458698443482962,-138.3477598415924,5,1
2012-10-10 08:10:02.122522+00:00,8.89,19.15,29.12,2913.153753369349,12.721377665234302,-137.82240139808974,5,1
2012-10-10 08:14:02.122522+00:00,8.75,18.87,28.7,3464.3024473360565,12.866271575056867,-137.5326135784446,5,1
2012-10-10 08:17:02.122522+00:00,8.23,17.8,27.09,3647.710539828101,12.950191262018103,-137.36477420452212,5,1
2012-10-10 08:22:02.122522+00:00,7.92,17.15,26.11,3791.945071302098,13.05232035694022,-137.16051601467788,5,1
2012-10-10 08:26:02.122522+00:00,7.93,17.18,26.15,4398.81037047115,13.279864056627016,-136.7054286153043,5,1
2012-10-10 08:31:02.122522+00:00,7.9,17.12,26.06,4650.647067433568,13.391885822710822,-136.48138508313667,5,1
2012-10-10 08:35:02.122522+00:00,7.89,17.09,26.01,4760.355349849599,13.462597920874297,-136.3399608868097,5,1
2012-10-10 08:39:02.122522+00:00,7.9,17.12,26.06,4865.23771200285,13.518895605783603,-136.22736551699114,5,1
2012-10-10 08:43:02.122522+00:00,8.1,17.52,26.67,4900.782189179196,13.52700137386321,-136.2111539808319,5,1
2012-10-10 08:47:02.122522+00:00,8.14,17.62,26.81,4900.782189179196,13.52700137386321,-136.2111539808319,5,1
2012-10-10 08:51:02.122522+00:00,8.04,17.4,26.48,4900.782189179196,13.52700137386321,-136.2111539808319,5,1
2012-10-10 08:55:02.122522+00:00,8.02,17.37,26.44,4730.386640889591,13.49256642721754,-136.28002387412326,5,1
2012-10-10 08:59:02.122522+00:00,8.04,17.4,26.48,4675.549267989268,13.49256642721754,-136.28002387412326,5,1
2012-10-10 09:04:02.122522+00:00,7.98,17.27,26.3,4671.5096842246685,13.39689720265267,-136.47136232325298,5,1
2012-10-10 09:08:02.122522+00:00,7.93,17.18,26.15,4671.5096842246685,13.39689720265267,-136.47136232325298,5,1
2012-10-10 09:12:02.122522+00:00,7.98,17.27,26.3,4730.386640889591,13.611714403403418,-136.0417279217515,5,1
2012-10-10 09:16:02.122522+00:00,7.58,16.47,25.08,5011.03256935937,13.711119513668972,-135.8429177012204,5,1
2012-10-10 09:21:02.122522+00:00,7.22,15.72,23.95,5503.0329481051085,13.778365809546235,-135.70842510946585,5,1
2012-10-10 09:26:02.122522+00:00,6.86,14.98,22.83,5520.7684179614935,13.83227571719076,-135.6006052941768,5,1
2012-10-10 09:30:02.122522+00:00,6.67,14.57,22.22,6164.064783060651,14.03035882183515,-135.20443908488804,5,1
2012-10-10 09:34:02.122522+00:00,6.67,14.57,22.22,6164.064783060651,14.03035882183515,-135.20443908488804,5,1
2012-10-10 09:38:02.122522+00:00,6.76,14.76,22.5,6164.064783060651,14.122013394380058,-135.0211299397982,5,1
2012-10-10 09:42:02.122522+00:00,6.58,14.39,21.93,6164.064783060651,14.162152472087756,-134.9408517843828,5,1
2012-10-10 09:45:02.122522+00:00,7.03,15.32,23.35,6585.9731180309345,14.239824907226271,-134.78550691410578,5,1
2012-10-10 09:50:02.122522+00:00,6.88,15.01,22.88,6585.9731180309345,14.25367690052217,-134.75780292751398,5,1
2012-10-10 09:54:02.122522+00:00,6.91,15.07,22.97,6585.9731180309345,14.25367690052217,-134.75780292751398,5,1
2012-10-10 09:58:02.122522+00:00,6.92,15.1,23.02,6585.9731180309345,14.25367690052217,-134.75780292751398,5,1
2012-10-10 10:02:02.122522+00:00,7.03,15.32,23.35,5819.159577929452,13.96155909510095,-135.34203853835643,5,1
2012-10-10 10:06:02.122522+00:00,7.03,15.32,23.35,5667.884069268282,13.953020777204935,-135.35911517414846,5,1
2012-10-10 10:10:02.122522+00:00,7.19,15.66,23.86,5644.055807157995,13.951609606710992,-135.36193751513633,5,1
2012-10-10 10:15:02.122522+00:00,7.25,15.79,24.05,5644.055807157995,13.726181106434195,-135.81279451568994,5,1
2012-10-10 10:19:02.122522+00:00,7.21,15.69,23.91,5105.552488818217,13.604296972130667,-136.056562784297,5,1
2012-10-10 10:23:02.122522+00:00,7.34,15.97,24.33,4491.063918490037,13.437662726804922,-136.38983127494848,5,1
2012-10-10 10:27:02.122522+00:00,7.43,16.16,24.61,4385.54931770376,13.298437110045905,-136.66828250846652,5,1
2012-10-10 10:31:02.122522+00:00,7.55,16.41,24.98,4299.0161404423525,13.284688942080162,-136.695778844398,5,1
2012-10-10 10:35:02.122522+00:00,7.66,16.62,25.31,3862.380181322889,13.075611039205858,-137.1139346501466,5,1
2012-10-10 10:39:02.122522+00:00,8.01,17.34,26.39,3824.763838775883,12.952518782899002,-137.36011916276033,5,1
2012-10-10 10:44:02.122522+00:00,8.19,17.71,26.95,2903.768985157593,12.461583950581067,-138.3419888273962,5,1
2012-10-10 10:48:02.122522+00:00,8.28,17.9,27.23,2639.0231544938856,12.400728644947854,-138.46369943866262,5,1
2012-10-10 10:53:02.122522+00:00,8.43,18.21,27.7,2545.823153262911,12.351729258211222,-138.5616982121359,5,1
2012-10-10 10:57:02.122522+00:00,8.92,19.21,29.22,2019.597636379204,11.887287797890576,-139.49058113277718,5,1
2012-10-10 11:02:02.122522+00:00,9.11,19.59,29.79,1993.291808497607,11.795151656215356,-139.6748534161276,5,1
2012-10-10 11:06:02.122522+00:00,9.06,19.5,29.65,1970.623672287076,11.68897242754559,-139.88721187346715,4,1
2012-10-10 11:10:02.122522+00:00,9.05,19.46,29.6,1947.9555360765448,11.582793198875825,-140.0995703308067,3,1
2012-10-13 21:58:02.121942+00:00,9.34,20.07,30.51,1597.8657854615203,12.557442498369593,-143.27085829104385,3,1
2012-10-13 22:04:02.121942+00:00,9.3,19.97,30.36,1981.2242386746943,13.226144428490386,-141.93345443080227,3,1
2012-10-13 22:10:02.121942+00:00,8.58,18.52,28.18,2162.193115180627,13.399772120981105,-141.58619904582085,3,1
2012-10-13 22:15:02.121942+00:00,8.07,17.46,26.58,2890.3774898883853,13.487721246457706,-141.41030079486762,3,1
2012-10-13 22:20:02.121942+00:00,7.33,15.94,24.28,3484.027116618389,13.90796141186347,-140.5698204640561,3,1
2012-10-13 22:26:02.121942+00:00,6.89,15.04,22.92,4681.66014534682,14.43892908958766,-139.50788510860772,3,1
2012-10-13 22:33:02.121942+00:00,6.74,14.73,22.45,5081.927216272451,15.098466245918116,-138.18881079594684,3,1
2012-10-13 22:39:02.121942+00:00,6.14,13.47,20.55,5388.435970730223,15.127620825736646,-138.13050163630976,3,1
2012-10-13 22:44:02.121942+00:00,5.84,12.84,19.59,5628.94080265415,15.162078088802511,-138.06158711017804,3,1
2012-10-13 22:51:02.121942+00:00,5.29,11.67,17.81,5388.435970730223,15.162078088802511,-138.06158711017804,3,1
2012-10-13 22:57:02.121942+00:00,4.68,10.38,15.86,3839.815747072183,14.62042936235228,-139.14488456307848,3,1
2012-10-13 23:37:02.121942+00:00,3.39,7.59,11.61,3891.798587207086,14.308232727223126,-139.7692778333368,3,1
2012-10-13 23:45:02.121942+00:00,3.32,7.42,11.36,3891.798587207086,14.308232727223126,-139.7692778333368,3,1
2012-10-13 23:54:02.121942+00:00,2.95,6.63,10.14,3323.7518493438397,14.039116336400769,-140.3075106149815,3,1
2012-10-14 00:14:02.121860+00:00,4.15,9.24,14.12,1884.3931004635213,12.829638148000718,-141.1585843427346,3,1
2012-10-14 00:20:02.121860+00:00,4.25,9.46,14.45,1884.3931004635213,12.829638148000718,-141.1585843427346,3,1
2012-10-14 00:30:02.121860+00:00,5.02,11.1,16.95,5172.787875105178,14.58905646675056,-137.63974770523492,3,1
2012-10-14 00:36:02.121860+00:00,6.46,14.14,21.55,5810.809155857438,14.745206953420936,-137.32744673189416,3,1
2012-10-14 00:44:02.121860+00:00,6.86,14.98,22.83,5810.809155857438,14.745206953420936,-137.32744673189416,3,1
2012-10-14 00:53:02.121860+00:00,7.3,15.88,24.19,3911.423129457459,13.873490024058388,-139.07088059061925,3,1
2012-10-14 01:10:02.121860+00:00,8.48,18.3,27.85,2205.969583970719,12.5060127878039,-141.80583506312823,3,1
2012-10-14 02:33:02.121860+00:00,9.5,20.39,30.99,2608.1331543673023,13.049311010472657,-140.71923861779072,3,1
2012-10-14 02:38:02.121860+00:00,9.27,19.91,30.27,2643.1525622319787,13.11397763872823,-140.58990536127956,3,1
2012-10-14 02:43:02.121860+00:00,8.88,19.12,29.08,2643.1525622319787,13.13833753312888,-140.54118557247827,3,1
2012-10-14 02:48:02.121860+00:00,8.28,17.9,27.23,3866.342455419483,13.480583475858383,-139.85669368701926,3,1
2012-10-14 02:54:02.121860+00:00,7.95,17.21,26.2,4489.481704684235,14.250658852374054,-138.31654293398793,4,1
2012-10-14 02:59:02.121860+00:00,7.86,17.03,25.92,5094.901509752883,14.357708421727356,-138.10244379528132,3,1
2012-10-14 03:04:02.121860+00:00,7.76,16.84,25.64,5995.798187935227,14.357708421727356,-138.10244379528132,3,1
2012-10-14 03:13:02.121860+00:00,7.43,16.16,24.61,6807.474526087059,14.7436659212309,-137.33052879627422,3,1
2012-10-14 03:19:02.121860+00:00,6.59,14.42,21.98,7026.886207457416,14.842379925614804,-137.1331007875064,3,1
2012-10-14 03:25:02.121860+00:00,6.49,14.2,21.65,8060.579805794458,15.166316968341471,-136.48522670205307,3,1
2012-10-14 03:30:02.121860+00:00,6.38,13.98,21.32,10046.344576021527,15.693790299449416,-135.4302800398372,3,1
2012-10-14 03:36:02.121860+00:00,6.31,13.82,21.08,10420.451509435066,15.78133867591087,-135.2551832869143,3,1
2012-10-14 03:41:02.121860+00:00,6.25,13.7,20.89,10420.451509435066,15.785890394474077,-135.2460798497879,3,1
2012-10-14 03:47:02.121860+00:00,6.19,13.57,20.69,10190.79762687967,15.785890394474077,-135.2460798497879,3,1
2012-10-14 03:52:02.121860+00:00,6.16,13.51,20.6,10168.381144204268,15.832578923081336,-135.15270279257334,3,1
2012-10-14 03:57:02.121860+00:00,6.11,13.41,20.46,9064.058246285716,15.832578923081336,-135.15270279257334,3,1
2012-10-14 04:03:02.121860+00:00,6.23,13.66,20.84,9448.501740825124,15.574127198726286,-135.66960624128345,3,1
2012-10-14 04:09:02.121860+00:00,6.19,13.57,20.69,8410.696357947785,15.41488098658422,-135.98809866556758,3,1
2012-10-14 04:14:02.121860+00:00,6.28,13.76,20.98,8410.696357947785,15.274819498436376,-136.26822164186328,3,1
2012-10-14 04:20:02.121860+00:00,6.52,14.26,21.74,7129.812431067299,15.119579593864874,-136.57870145100628,3,1
2012-10-14 04:28:02.121860+00:00,7.25,15.79,24.05,7129.812431067299,15.119579593864874,-136.57870145100628,3,1
2012-10-14 04:33:02.121860+00:00,7.36,16.0,24.38,6602.235130718686,15.119579593864874,-136.57870145100628,3,1
2012-10-14 04:38:02.121860+00:00,7.36,16.0,24.38,4533.973346435458,13.930855870652575,-138.9561488974309,5,1
2012-10-14 04:43:02.121860+00:00,7.73,16.78,25.55,3080.3582077850892,13.198417316311165,-140.4210260061137,5,1
2012-10-14 04:48:02.121860+00:00,8.46,18.27,27.8,3034.8344805829774,13.17620572280433,-140.46544919312737,4,1
2012-10-14 04:53:02.121860+00:00,8.74,18.83,28.65,2705.541356384792,12.997369947802849,-140.82312074313035,4,1
2012-10-14 04:58:02.121860+00:00,10.14,21.68,32.94,1918.014915711817,12.599946009296955,-141.6179686201421,3,1
2012-10-14 15:46:02.121777+00:00,8.68,18.71,28.46,2579.556175590189,13.97813991956879,-141.86758939388338,3,1
2012-10-14 15:52:02.121777+00:00,8.26,17.86,27.19,2553.6027942078344,13.72031294376152,-142.38324334549793,3,1
2012-10-16 01:24:02.121530+00:00,7.21,15.69,23.91,2181.0405698798168,13.816101085596046,-138.20251862069563,3,1
2012-10-16 01:39:02.121530+00:00,4.83,10.69,16.33,2181.0405698798168,13.816101085596046,-138.20251862069563,3,1
2012-10-16 02:08:02.121530+00:00,1.48,3.35,5.13,3058.9812786046177,14.2064491530091,-137.4218224858695,3,1
2012-10-16 02:16:02.121530+00:00,0.01,0.03,0.08,4426.152775729665,15.081412676616775,-135.67189543865416,3,1
2012-10-16 02:23:02.121530+00:00,0.0,0.02,0.02,7339.327269022253,16.09321405203635,-133.648292687815,3,1
2012-10-16 02:28:02.121530+00:00,0.0,0.02,0.02,8314.306166401115,16.52975341544486,-132.77521396099797,3,1
2012-10-16 02:34:02.121530+00:00,0.89,2.01,3.08,10972.657933945507,17.09250177221887,-131.64971724744996,3,1
2012-10-16 02:39:02.121530+00:00,0.68,1.55,2.38,17099.33834923069,17.787934403533892,-130.25885198481993,3,1
2012-10-16 02:44:02.121530+00:00,0.01,0.03,0.08,17099.33834923069,17.787934403533892,-130.25885198481993,3,1
2012-10-16 02:50:02.121530+00:00,0.89,2.01,3.08,13728.4510688838,17.441584996974722,-130.95155079793827,4,1
2012-10-16 02:54:02.121530+00:00,0.89,2.01,3.08,13728.4510688838,17.441584996974722,-130.95155079793827,4,1
2012-10-16 02:59:02.121530+00:00,1.37,3.09,4.73,8966.719847129349,16.820511508034933,-132.19369777581784,4,1
2012-10-16 03:05:02.121530+00:00,2.26,5.1,7.81,4724.309425965164,16.225943054417087,-133.38283468305352,3,1
2012-10-16 03:10:02.121530+00:00,2.46,5.54,8.48,4094.269425479964,16.225943054417087,-133.38283468305352,3,1
2012-10-16 03:16:02.121530+00:00,3.58,8.0,12.24,3434.865714661369,14.281948980247694,-137.2708228313923,3,1
2012-10-16 03:40:02.121530+00:00,5.22,11.53,17.61,2517.915411287048,13.674207110958934,-138.48630656996986,3,1
2012-10-16 03:44:02.121530+00:00,5.3,11.7,17.86,2517.915411287048,13.674207110958934,-138.48630656996986,3,1
2012-10-16 03:48:02.121530+00:00,5.58,12.29,18.76,2900.1904719914037,13.988513683120631,-137.85769342564646,4,1
2012-10-16 03:55:02.121530+00:00,6.97,15.2,23.16,3346.956271309594,14.293624797756904,-137.2474711963739,4,1
2012-10-16 04:00:02.121530+00:00,7.37,16.03,24.42,3282.46553269576,14.28442934023148,-137.26586211142475,3,1
2012-10-18 01:39:02.121199+00:00,8.2,17.74,27.0,2109.729330270237,12.728319496053036,-142.23035872226683,3,1
2012-10-18 01:44:02.121199+00:00,8.29,17.93,27.28,2312.287135400921,12.937862637097188,-141.81127244017853,3,1
2012-10-18 01:50:02.121199+00:00,8.46,18.27,27.8,3071.167908530981,13.609564971567815,-140.46786777123725,3,1
2012-10-18 01:57:02.121199+00:00,8.34,18.02,27.42,3202.568554591839,13.609564971567815,-140.46786777123725,3,1
2012-10-18 02:04:02.121199+00:00,7.57,16.44,25.03,3202.568554591839,13.609564971567815,-140.46786777123725,3,1
2012-10-18 02:11:02.121199+00:00,7.33,15.94,24.28,4302.746825281152,14.132829573795686,-139.42133856678151,3,1
2012-10-18 02:19:02.121199+00:00,7.19,15.66,23.86,4600.824152165692,14.229695033626362,-139.22760764712018,3,1
2012-10-18 02:27:02.121199+00:00,6.52,14.26,21.74,5136.160811740222,14.4573460288801,-138.77230565661267,3,1
2012-10-18 02:34:02.121199+00:00,6.16,13.51,20.6,6960.711253502481,15.26094568096072,-137.16510635245146,5,1
2012-10-18 02:39:02.121199+00:00,6.02,13.22,20.17,7430.541570198195,15.316122681087672,-137.05475235219757,6,1
2012-10-18 02:40:02.121199+00:00,6.02,13.22,20.17,7430.541570198195,15.316122681087672,-137.05475235219757,6,1
2012-10-18 02:44:02.121199+00:00,6.13,13.44,20.5,6693.782870878175,15.113961897811771,-137.45907391874934,6,1
2012-10-18 02:46:02.121199+00:00,6.1,13.38,20.41,6960.711253502481,15.26094568096072,-137.16510635245146,7,1
2012-10-18 02:49:02.121199+00:00,6.08,13.35,20.36,6426.85448825387,14.966978114662826,-137.75304148504722,7,1
2012-10-18 02:51:02.121199+00:00,5.95,13.06,19.93,6492.628533524159,15.225478855151904,-137.23604000406908,7,1
2012-10-18 02:55:02.121199+00:00,5.98,13.13,20.02,6426.85448825387,14.966978114662826,-137.75304148504722,7,1
2012-10-18 02:58:02.121199+00:00,5.49,12.09,18.46,6492.628533524159,15.225478855151904,-137.23604000406908,7,1
2012-10-18 03:00:02.121199+00:00,5.5,12.13,18.51,6426.85448825387,14.966978114662826,-137.75304148504722,7,1
2012-10-18 03:03:02.121199+00:00,5.41,11.93,18.21,6376.668509327302,15.17331627948343,-137.340365155406,7,1
2012-10-18 03:06:02.121199+00:00,5.21,11.5,17.56,6316.39798994808,14.965414271603072,-137.75616917116673,6,1
2012-10-18 03:08:02.121199+00:00,5.05,11.17,17.05,5847.874210248392,14.935858251471643,-137.81528121142958,6,1
2012-10-18 03:11:02.121199+00:00,4.97,11.0,16.8,5319.079911169482,14.698400223459858,-138.29019726745318,5,1
2012-10-18 03:17:02.121199+00:00,4.76,10.55,16.12,5319.079911169482,14.698400223459858,-138.29019726745318,5,1
2012-10-18 03:21:02.121199+00:00,4.25,9.46,14.45,6001.7929587812,15.073299502791286,-137.54039870879032,6,1
2012-10-18 03:23:02.121199+00:00,4.22,9.38,14.34,5959.546949289974,15.009294376318278,-137.66840896173633,5,1
2012-10-18 03:27:02.121199+00:00,3.36,7.51,11.49,6048.123656151003,15.073299502791286,-137.54039870879032,6,1
2012-10-18 03:31:02.121199+00:00,3.2,7.17,10.96,6052.208344029579,15.137304629264293,-137.4123884558443,7,1
2012-10-18 03:33:02.121199+00:00,4.45,9.89,15.11,6451.688761324016,15.073299502791286,-137.54039870879032,6,1
2012-10-18 03:37:02.121199+00:00,4.4,9.78,14.95,6851.169178618453,15.137304629264293,-137.4123884558443,7,1
2012-10-18 03:39:02.121199+00:00,4.88,10.79,16.49,6052.208344029579,15.137304629264293,-137.4123884558443,7,1
2012-10-18 03:42:02.121199+00:00,4.65,10.31,15.75,9112.29874520939,15.49102546541816,-136.70494678353657,7,1
2012-10-18 03:44:02.121199+00:00,5.18,11.43,17.46,8616.034903585485,15.562999068561956,-136.560999577249,6,1
2012-10-18 03:47:02.121199+00:00,5.05,11.17,17.05,5718.584113613263,14.8762044629801,-137.93458878841267,7,1
2012-10-18 03:50:02.121199+00:00,5.19,11.47,17.51,5702.972560239671,14.85105391012287,-137.98488989412715,6,1
2012-10-18 03:54:02.121199+00:00,4.5,10.0,15.27,5614.767385192295,14.85105391012287,-137.98488989412715,6,1
2012-10-18 03:56:02.121199+00:00,4.55,10.1,15.43,4883.809673377439,14.474234814822498,-138.73852808472788,6,1
2012-10-18 04:02:02.121199+00:00,4.42,9.82,15.0,4256.668689983552,14.12256627237936,-139.44186516961418,5,1
2012-10-18 04:06:02.121199+00:00,4.6,10.21,15.59,4328.763114158033,14.057241896992382,-139.57251392038813,4,1
2012-10-18 04:08:02.121199+00:00,4.54,10.07,15.38,4328.763114158033,14.057241896992382,-139.57251392038813,4,1
2012-10-18 04:15:02.121199+00:00,3.91,8.71,13.32,5873.264766385611,14.94655401935916,-137.79388967565455,6,1
2012-10-18 04:20:02.121199+00:00,4.45,9.89,15.11,6135.448973388438,15.122592855195796,-137.44181200398128,6,1
2012-10-18 04:21:02.121199+00:00,4.5,10.0,15.27,6135.448973388438,15.122592855195796,-137.44181200398128,6,1
2012-10-18 04:24:02.121199+00:00,4.39,9.75,14.89,5643.992598216834,15.010140910760969,-137.66671589285093,7,1
2012-10-18 04:26:02.121199+00:00,4.44,9.85,15.06,5623.990823476512,14.98003374746351,-137.72693021944588,7,1
2012-10-18 04:28:02.121199+00:00,3.98,8.86,13.55,5633.9917108466725,14.995087329112238,-137.6968230561484,8,1
2012-10-18 04:32:02.121199+00:00,3.43,7.68,11.74,6075.448624905275,15.022919014886313,-137.64115968460027,8,1
2012-10-18 04:34:02.121199+00:00,3.56,7.96,12.18,5623.990823476512,15.010140910760969,-137.66671589285093,7,1
2012-10-18 04:37:02.121199+00:00,3.18,7.12,10.9,5588.409707951524,14.798923011741696,-138.08915169088948,6,1
2012-10-18 04:40:02.121199+00:00,2.41,5.43,8.32,5588.409707951524,14.798923011741696,-138.08915169088948,6,1
2012-10-18 04:41:02.121199+00:00,2.41,5.43,8.32,5588.409707951524,14.798923011741696,-138.08915169088948,6,1
2012-10-18 04:47:02.121199+00:00,2.74,6.15,9.42,8982.493671834944,16.401837163273722,-134.88332338782544,6,1
2012-10-18 04:52:02.121199+00:00,2.39,5.38,8.24,6217.906063052184,16.535980127900647,-134.6150374585716,5,1
2012-10-18 04:56:02.121199+00:00,2.41,5.43,8.32,5596.313180052802,15.70640721420849,-136.27418328595593,6,1
2012-10-18 04:57:02.121199+00:00,2.34,5.27,8.07,6217.906063052184,15.8013624278644,-136.08427285864408,7,1
2012-10-18 05:01:02.121199+00:00,3.24,7.25,11.1,6217.906063052184,15.8013624278644,-136.08427285864408,7,1
2012-10-18 05:04:02.121199+00:00,2.41,5.43,8.32,4974.720297053419,14.876834300516332,-137.93332911334022,7,1
2012-10-18 05:06:02.121199+00:00,2.39,5.38,8.24,6217.906063052184,15.8013624278644,-136.08427285864408,7,1
2012-10-18 05:11:02.121199+00:00,2.89,6.49,9.93,7643.262627892043,15.490259534398248,-136.7064786455764,7,1
2012-10-18 05:12:02.121199+00:00,2.89,6.49,9.93,7643.262627892043,15.490259534398248,-136.7064786455764,7,1
2012-10-18 05:15:02.121199+00:00,3.1,6.95,10.63,7643.262627892043,15.490259534398248,-136.7064786455764,7,1
2012-10-18 05:19:02.121199+00:00,3.32,7.42,11.36,6262.261418203768,14.87917315355155,-137.92865140726977,7,1
2012-10-18 05:20:02.121199+00:00,3.32,7.42,11.36,6262.261418203768,14.87917315355155,-137.92865140726977,7,1
2012-10-18 05:24:02.121199+00:00,3.51,7.84,11.99,5855.840531391259,14.790830644817683,-138.10533642473752,6,1
2012-10-18 05:28:02.121199+00:00,4.63,10.28,15.7,5040.929068965594,14.763831572494038,-138.1593345693848,6,1
2012-10-18 05:31:02.121199+00:00,4.73,10.49,16.02,4632.438493352437,14.70248813608382,-138.28202144220523,5,1
2012-10-18 05:36:02.121199+00:00,4.99,11.03,16.85,3871.249467353016,14.223923637547353,-139.23915043927818,4,1
2012-10-18 05:41:02.121199+00:00,4.91,10.86,16.59,3027.321065120541,13.745359139010883,-140.19627943635112,3,1
2012-10-18 06:07:02.121199+00:00,4.01,8.94,13.66,1811.9225948214712,13.23310285693552,-141.22079200050183,3,1
2012-10-18 06:16:02.121199+00:00,3.92,8.75,13.38,2068.0176272517315,13.602929102219688,-140.4811395099335,3,1
2012-10-18 06:34:02.121199+00:00,2.89,6.49,9.93,6452.065956637934,15.112083024608792,-137.4628316651553,3,1
2012-10-18 06:39:02.121199+00:00,3.22,7.21,11.03,7600.360872683834,15.34954820173845,-136.987901310896,4,1
2012-10-18 06:42:02.121199+00:00,2.72,6.1,9.34,8748.655788729733,15.587013378868113,-136.51297095663668,5,1
2012-10-18 06:46:02.121199+00:00,2.63,5.91,9.04,9994.19373533495,16.28441299707172,-135.11817172022944,5,1
2012-10-18 06:50:02.121199+00:00,2.6,5.85,8.96,10928.916940361309,16.29730773352932,-135.09238224731425,5,1
2012-10-18 06:54:02.121199+00:00,2.69,6.06,9.27,11537.282457164065,16.38083141885594,-134.925334876661,5,1
2012-10-18 06:59:02.121199+00:00,2.58,5.8,8.88,12243.608366702112,16.384713853352743,-134.9175700076674,5,1
2012-10-18 07:04:02.121199+00:00,2.85,6.39,9.79,12243.608366702112,16.384713853352743,-134.9175700076674,5,1
2012-10-18 07:08:02.121199+00:00,3.1,6.95,10.63,12243.608366702112,16.384713853352743,-134.9175700076674,5,1
2012-10-18 07:12:02.121199+00:00,3.18,7.12,10.9,10350.899258415297,16.147537132884928,-135.39192344860302,5,1
2012-10-18 07:15:02.121199+00:00,3.26,7.3,11.16,8684.958290645109,15.70804081355858,-136.27091608725573,4,1
2012-10-18 07:20:02.121199+00:00,3.26,7.3,11.16,6192.796145823135,14.994600809440785,-137.69779609549133,4,1
2012-10-18 07:29:02.121199+00:00,3.14,7.03,10.76,5466.926062482251,14.638878092288737,-138.40924152979542,4,1
2012-10-18 07:34:02.121199+00:00,2.76,6.2,9.49,5993.06222516098,14.783420968753305,-138.12015577686628,4,1
2012-10-18 07:38:02.121199+00:00,2.46,5.54,8.48,6418.847294128806,15.00974287757848,-137.66751195921591,5,1
2012-10-18 07:42:02.121199+00:00,2.02,4.56,6.99,8636.422315129123,15.652841906982944,-136.381313900407,5,1
2012-10-18 07:46:02.121199+00:00,1.79,4.03,6.18,8636.422315129123,15.652841906982944,-136.381313900407,5,1
2012-10-18 07:51:02.121199+00:00,1.33,3.0,4.59,10679.58029118784,16.286442429253988,-135.1141128558649,5,1
2012-10-18 07:53:02.121199+00:00,0.83,1.87,2.87,11937.76757633761,16.502444087954004,-134.68210953846489,4,1
2012-10-18 07:58:02.121199+00:00,0.02,0.03,0.15,10679.58029118784,16.286442429253988,-135.1141128558649,3,1
2012-10-18 08:25:02.121199+00:00,2.24,5.04,7.72,6084.224728504843,15.059370014781754,-137.56825768480937,3,1
2012-10-18 08:42:02.121199+00:00,5.41,11.93,18.21,1919.9935255858247,13.419001547478231,-140.84899461941643,3,1
2012-10-18 08:46:02.121199+00:00,5.64,12.42,18.95,3805.8494057989255,14.20140979334492,-139.28417812768305,4,1
2012-10-18 08:50:02.121199+00:00,6.01,13.19,20.12,5691.705286012027,14.98381803921161,-137.71936163594967,5,1
2012-10-18 08:54:02.121199+00:00,6.1,13.38,20.41,6270.432864247843,15.149884483871272,-137.38722874663034,4,1
2012-10-18 08:59:02.121199+00:00,6.28,13.76,20.98,6849.160442483659,15.106816325925262,-137.47336506252236,5,1
2012-10-18 09:04:02.121199+00:00,6.4,14.01,21.36,6472.515161090588,15.049391076855178,-137.58821556066252,5,1
2012-10-18 09:08:02.121199+00:00,6.64,14.51,22.12,6472.515161090588,15.049391076855178,-137.58821556066252,5,1
2012-10-18 09:12:02.121199+00:00,7.25,15.79,24.05,5379.097208058492,14.722533207976698,-138.24193129841947,5,1
2012-10-18 09:17:02.121199+00:00,7.54,16.37,24.94,5127.819177856215,14.502880139665994,-138.68123743504088,5,1
2012-10-18 09:21:02.121199+00:00,8.14,17.62,26.81,3930.915530329986,13.878111940890951,-139.93077383259097,5,1
2012-10-18 09:26:02.121199+00:00,8.31,17.96,27.33,3850.383897580354,13.863702872858791,-139.95959196865527,4,1
2012-10-18 09:30:02.121199+00:00,8.63,18.61,28.32,3393.0263433424957,13.769696668709624,-140.1476043769536,4,1
2012-10-18 09:37:02.121199+00:00,7.78,16.87,25.69,2252.33410135337,13.197097313685584,-141.29280308700172,3,1
2012-10-18 09:42:02.121199+00:00,7.98,17.27,26.3,2252.33410135337,13.197097313685584,-141.29280308700172,3,1
2012-10-18 09:51:02.121199+00:00,8.14,17.62,26.81,2195.931355662198,13.197097313685584,-141.29280308700172,3,1
2012-10-18 11:01:02.121199+00:00,9.49,20.35,30.94,1794.5858493128617,12.62827447315269,-142.43044876806752,3,1
2012-10-18 11:25:02.121199+00:00,8.85,19.05,28.98,2055.654460833873,13.57745021377589,-140.5320972868211,3,1
2012-10-19 00:47:02.121034+00:00,23.19,40.0,40.0,1757.3322406376838,13.63951465247849,-140.61831074622796,3,1
2012-10-19 00:52:02.121034+00:00,23.16,40.0,40.0,1757.3322406376838,13.63951465247849,-140.61831074622796,3,1
2012-10-19 00:53:02.121034+00:00,23.19,40.0,40.0,1757.3322406376838,13.63951465247849,-140.61831074622796,3,1
2012-10-19 21:57:02.120950+00:00,7.4,16.1,24.52,1560.480501796895,11.664378153252288,-140.82149136568637,3,1
2012-10-19 22:03:02.120950+00:00,7.48,16.25,24.75,1715.8072266523052,11.9259183170109,-140.29841103816918,3,1
2012-10-19 22:08:02.120950+00:00,7.46,16.22,24.7,1793.428806065325,11.963847007386494,-140.22255365741796,3,1
2012-10-19 22:13:02.120950+00:00,7.48,16.25,24.75,1793.428806065325,11.963847007386494,-140.22255365741796,3,1
2012-10-21 22:08:02.120620+00:00,8.33,17.99,27.37,3829.620795034693,13.298902657156304,-140.67293013289043,4,1
2012-10-21 22:12:02.120620+00:00,8.39,18.11,27.56,3829.620795034693,13.298902657156304,-140.67293013289043,4,1
2012-10-21 22:17:02.120620+00:00,8.04,17.4,26.48,5331.6678288392095,14.361529207530284,-138.54767703214247,5,1
2012-10-21 22:22:02.120620+00:00,7.66,16.62,25.31,8565.627305005766,14.915167273489388,-137.44040090022426,5,1
2012-10-21 22:26:02.120620+00:00,24.26,40.0,40.0,8727.059666708667,15.067057447166125,-137.1366205528708,5,1
2012-10-21 22:31:02.120620+00:00,6.25,13.7,20.89,8646.343485857216,14.991112360327756,-137.28851072654754,6,1
2012-10-21 22:36:02.120620+00:00,6.17,13.54,20.65,6563.403242055891,14.46426831530796,-138.3421988165871,7,1
2012-10-21 22:37:02.120620+00:00,6.07,13.32,20.31,4684.875986758613,13.850979951734818,-139.5687755437334,6,1
2012-10-21 22:40:02.120620+00:00,6.4,14.01,21.36,3579.615632012627,13.533679947487176,-140.2033755522287,8,1
2012-10-21 22:43:02.120620+00:00,5.84,12.84,19.59,2806.348731461336,13.237691588161676,-140.79535227087968,7,1
2012-10-21 22:45:02.120620+00:00,5.56,12.26,18.71,4127.495671531266,13.688203147154011,-139.894329152895,9,1
2012-10-21 22:49:02.120620+00:00,5.56,12.26,18.71,4240.189102047592,13.758935726983344,-139.75286399323636,8,1
2012-10-21 22:50:02.120620+00:00,6.37,13.95,21.27,4127.495671531266,13.688203147154011,-139.894329152895,7,1
2012-10-21 22:54:02.120620+00:00,4.35,9.67,14.78,4127.495671531266,13.829668306812676,-139.61139883357768,7,1
2012-10-21 22:55:02.120620+00:00,4.34,9.64,14.73,4240.189102047592,13.882205894934078,-139.50632365733486,6,1
2012-10-21 22:58:02.120620+00:00,3.02,6.77,10.35,4352.882532563918,13.934743483055485,-139.40124848109207,7,1
2012-10-21 23:00:02.120620+00:00,3.0,6.72,10.28,6284.766250032924,14.526701742100157,-138.21733196300272,6,1
2012-10-21 23:05:02.120620+00:00,2.95,6.63,10.14,10188.249630273618,15.458407818616394,-136.35391980997025,6,1
2012-10-21 23:09:02.120620+00:00,2.95,6.63,10.14,13517.02191529985,16.170344672876137,-134.93004610145076,7,1
2012-10-21 23:11:02.120620+00:00,2.95,6.63,10.14,10670.167497302396,15.572656138817589,-136.12542316956785,8,1
2012-10-21 23:13:02.120620+00:00,3.0,6.72,10.28,13517.02191529985,16.170344672876137,-134.93004610145076,9,1
2012-10-21 23:16:02.120620+00:00,3.24,7.25,11.1,7823.313079304943,14.974967604759042,-137.32080023768498,9,1
2012-10-21 23:17:02.120620+00:00,3.24,7.25,11.1,7823.313079304943,14.974967604759042,-137.32080023768498,9,1
2012-10-21 23:20:02.120620+00:00,2.24,5.04,7.72,7823.313079304943,14.974967604759042,-137.32080023768498,9,1
2012-10-21 23:21:02.120620+00:00,2.21,4.99,7.64,13605.684230297324,15.974706302274662,-135.32132284265373,8,1
2012-10-21 23:22:02.120620+00:00,2.16,4.87,7.46,19388.05538128971,16.97444499979028,-133.32184544762248,9,1
2012-10-21 23:26:02.120620+00:00,2.16,4.87,7.46,16381.152010668022,16.287994951761327,-134.6947455436804,8,1
2012-10-21 23:27:02.120620+00:00,2.13,4.81,7.36,24938.9909420311,17.60102229876361,-132.06869084967582,7,1
2012-10-21 23:31:02.120620+00:00,2.05,4.63,7.08,32763.16257983871,18.43892639610003,-130.39288265500298,5,1
2012-10-21 23:37:02.120620+00:00,1.85,4.17,6.39,32763.16257983871,18.672332729156818,-129.9260699888894,3,1
2012-10-21 23:47:02.120620+00:00,1.85,4.17,6.39,3231.035860478813,13.295067657407484,-140.6806001323881,3,1
2012-10-21 23:53:02.120620+00:00,22.12,40.0,40.0,2838.3313221299486,13.020632394715529,-141.229470657772,3,1
2012-10-22 00:01:02.120538+00:00,6.97,15.2,23.16,2535.1999985110283,12.690151051807485,-139.5487472196552,3,1
2012-10-22 00:07:02.120538+00:00,7.07,15.41,23.49,2084.94189739521,12.368878604415665,-140.19129211443885,4,1
2012-10-22 00:09:02.120538+00:00,7.13,15.54,23.67,2084.94189739521,12.368878604415665,-140.19129211443885,4,1
2012-10-22 00:12:02.120538+00:00,7.25,15.79,24.05,2535.1999985110283,12.690151051807485,-139.5487472196552,3,1
2012-10-22 22:31:02.120454+00:00,10.9,23.21,35.24,1559.2373994307625,11.8692374317122,-144.53424503416267,3,1
2012-10-22 22:33:02.120454+00:00,10.32,22.04,33.48,1613.5879973796386,11.87238418072504,-144.52795153613698,4,2
2012-10-22 22:51:02.120454+00:00,9.71,20.8,31.62,1758.9719630225104,12.154630806724349,-143.9634582841384,3,1
2012-10-23 06:47:02.120372+00:00,20.11,40.0,40.0,4277.259929879204,17.462342733580115,-132.42483038681985,3,1
2012-10-23 06:51:02.120372+00:00,20.14,40.0,40.0,1891.4534826618176,16.631698289566014,-134.08611927484804,5,1
2012-10-23 06:52:02.120372+00:00,20.14,40.0,40.0,1891.4534826618176,16.631698289566014,-134.08611927484804,5,1
2012-10-23 06:57:02.120372+00:00,20.16,40.0,40.0,3084.3567062705106,17.047020511573066,-133.25547483083395,4,1
2012-10-23 06:59:02.120372+00:00,20.16,40.0,40.0,3084.3567062705106,17.047020511573066,-133.25547483083395,4,1
2012-10-24 01:37:02.120207+00:00,6.05,13.28,20.26,11358.465783330264,16.266913865550123,-135.76869711000694,3,1
2012-10-24 01:44:02.120207+00:00,29.37,40.0,40.0,11358.465783330264,16.266913865550123,-135.76869711000694,3,1
2012-10-24 01:52:02.120207+00:00,29.42,40.0,40.0,9712.163165382715,15.84564941443206,-136.6112260122431,4,1
2012-10-24 01:55:02.120207+00:00,4.32,9.6,14.67,9571.86130703634,15.835404021839064,-136.63171679742908,3,1
2012-10-24 01:58:02.120207+00:00,4.88,10.79,16.49,9274.68195047568,15.788510678078808,-136.72550348494957,4,1
2012-10-24 02:06:02.120207+00:00,4.88,10.79,16.49,8977.502593915016,15.74161733431855,-136.8192901724701,3,1
2012-10-24 02:11:02.120207+00:00,4.73,10.49,16.02,5083.90945561827,14.816473990281107,-138.66957686054496,4,1
2012-10-24 02:18:02.120207+00:00,3.87,8.63,13.2,2787.5763702557747,13.800795186166315,-140.70093446877456,5,2
2012-10-24 02:23:02.120207+00:00,3.53,7.88,12.06,2450.186052611337,13.495040952959393,-141.3124429351884,6,1
2012-10-24 02:25:02.120207+00:00,3.53,7.88,12.06,2450.186052611337,13.495040952959393,-141.3124429351884,6,1
2012-10-24 02:30:02.120207+00:00,3.32,7.42,11.36,2450.186052611337,13.495040952959393,-141.3124429351884,4,1
2012-10-24 02:33:02.120207+00:00,3.34,7.47,11.42,3507.82604211984,14.139303046548653,-140.0239187480099,4,1
2012-10-24 02:43:02.120207+00:00,3.84,8.56,13.08,2055.2054263331247,12.745218934359936,-142.8120869723873,3,1
2012-10-24 02:46:02.120207+00:00,3.26,7.3,11.16,3871.3975439484807,13.84379812667734,-140.6149285877525,4,1
2012-10-24 02:50:02.120207+00:00,3.28,7.34,11.23,3871.3975439484807,13.84379812667734,-140.6149285877525,4,1
2012-10-24 02:54:02.120207+00:00,3.0,6.72,10.28,2055.2054263331247,12.745218934359936,-142.8120869723873,3,1
2012-10-24 03:43:02.120207+00:00,4.73,10.49,16.02,4624.091910177222,14.924046525469528,-138.45443179016814,3,1
2012-10-24 03:50:02.120207+00:00,4.86,10.76,16.43,4409.11372927681,14.586367173867384,-139.1297904933724,4,1
2012-10-24 03:58:02.120207+00:00,8.57,18.49,28.13,4194.135548376397,14.440379191617298,-139.4217664578726,5,1
2012-10-24 03:59:02.120207+00:00,8.57,18.49,28.13,4194.135548376397,14.440379191617298,-139.4217664578726,5,1
2012-10-24 04:03:02.120207+00:00,8.65,18.65,28.36,4194.135548376397,14.440379191617298,-139.4217664578726,5,1
2012-10-24 04:07:02.120207+00:00,8.58,18.52,28.18,4679.907274534469,14.769503396228146,-138.7635180486509,6,1
2012-10-24 04:10:02.120207+00:00,8.48,18.3,27.85,6994.514226012908,15.1803428398542,-137.94183916139878,5,1
2012-10-24 04:16:02.120207+00:00,7.92,17.15,26.11,6994.514226012908,15.1803428398542,-137.94183916139878,9,1
2012-10-24 04:19:02.120207+00:00,6.56,14.36,21.88,7037.990491275168,15.29481636747446,-137.71289210615828,8,1
2012-10-24 04:20:02.120207+00:00,6.02,13.22,20.17,6994.514226012908,15.409289895094718,-137.48394505091775,9,1
2012-10-24 04:22:02.120207+00:00,5.7,12.55,19.15,6227.69213222408,15.435335760517258,-137.43185332007266,8,1
2012-10-24 04:23:02.120207+00:00,5.7,12.55,19.15,7081.4667565374275,15.4613816259398,-137.3797615892276,9,1
2012-10-24 04:24:02.120207+00:00,5.7,12.55,19.15,6227.69213222408,15.435335760517258,-137.43185332007266,10,1
2012-10-24 04:25:02.120207+00:00,5.6,12.32,18.8,6227.69213222408,15.435335760517258,-137.43185332007266,10,1
2012-10-24 04:29:02.120207+00:00,5.52,12.16,18.56,5373.917507910731,15.915045551319569,-136.47243373846806,9,1
2012-10-24 04:32:02.120207+00:00,5.47,12.06,18.41,10740.288923640972,16.136531342233326,-136.02946215664053,8,1
2012-10-24 04:34:02.120207+00:00,3.8,8.48,12.97,12127.14771664028,16.375121949280597,-135.552280942546,6,1
2012-10-24 04:38:02.120207+00:00,3.04,6.81,10.42,13340.217798331543,16.447433733218393,-135.4076573746704,7,1
2012-10-24 04:42:02.120207+00:00,2.74,6.15,9.42,13581.3491355215,16.60331027356913,-135.09590429396894,8,1
2012-10-24 04:45:02.120207+00:00,2.02,4.56,6.99,15956.55948006665,16.937899226208703,-134.4267263886898,7,1
2012-10-24 04:47:02.120207+00:00,2.02,4.56,6.99,14889.519976389052,16.81415156906528,-134.67422170297664,8,1
2012-10-24 04:50:02.120207+00:00,1.97,4.44,6.79,16279.054681072035,17.01794634072624,-134.2666321596547,8,1
2012-10-24 04:51:02.120207+00:00,1.97,4.44,6.79,16279.054681072035,17.01794634072624,-134.2666321596547,8,1
2012-10-24 04:54:02.120207+00:00,7.24,15.75,24.0,16476.150278665085,17.15223748357454,-133.9980498739581,8,1
2012-10-24 04:57:02.120207+00:00,7.21,15.69,23.91,28781.85100572307,18.408610456017676,-131.48530392907185,8,1
2012-10-24 04:58:02.120207+00:00,7.28,15.85,24.14,40567.96093418262,19.450645171094973,-129.40123449891726,7,1
2012-10-24 05:02:02.120207+00:00,7.27,15.82,24.1,41591.11137929333,19.456799774756277,-129.38892529159466,6,1
2012-10-24 05:06:02.120207+00:00,7.37,16.03,24.42,39882.533836471266,18.7950297451189,-130.7124653508694,7,1
2012-10-24 05:10:02.120207+00:00,7.4,16.1,24.52,36835.86948128192,18.761162440384343,-130.7801999603385,6,1
2012-10-24 05:14:02.120207+00:00,0.0,0.02,0.02,33789.20512609257,18.727295135649797,-130.8479345698076,5,1
2012-10-24 05:16:02.120207+00:00,0.0,0.01,0.02,16539.586583612,16.956019111831623,-134.39048661744394,5,1
2012-10-24 05:19:02.120207+00:00,0.0,0.01,0.02,16539.586583612,16.956019111831623,-134.39048661744394,5,1
2012-10-24 05:25:02.120207+00:00,0.0,0.02,0.02,19044.037594561614,17.182750488548955,-133.9370238640093,6,1
2012-10-24 05:30:02.120207+00:00,3.0,6.72,10.28,20955.34961784386,17.409481865266287,-133.4835611105746,5,2
2012-10-24 05:34:02.120207+00:00,2.97,6.67,10.21,18747.46810072793,17.182750488548955,-133.9370238640093,6,1
2012-10-24 05:37:02.120207+00:00,3.18,7.12,10.9,20955.34961784386,17.409481865266287,-133.4835611105746,5,1
2012-10-24 05:41:02.120207+00:00,2.97,6.67,10.21,15515.878667169707,16.81790123092151,-134.66672237926417,4,1
2012-10-24 05:47:02.120207+00:00,9.63,20.64,31.38,7744.911103587619,15.916970374877607,-136.46858409135197,3,1
2012-10-24 06:11:02.120207+00:00,4.78,10.59,16.17,7118.706455497364,15.925424964275823,-136.45167491255555,4,1
2012-10-24 06:16:02.120207+00:00,4.75,10.52,16.07,6426.654618845726,15.706678308672764,-136.88916822376166,4,1
2012-10-24 06:20:02.120207+00:00,4.75,10.52,16.07,6426.654618845726,15.706678308672764,-136.88916822376166,4,1
2012-10-24 06:22:02.120207+00:00,4.39,9.75,14.89,3369.156625947505,14.724190126280746,-138.8541445885457,4,1
2012-10-24 06:30:02.120207+00:00,3.69,8.24,12.61,3832.483044847603,14.063225154776164,-140.17607453155486,5,1
2012-10-24 06:34:02.120207+00:00,3.53,7.88,12.06,5114.019107837584,14.55365127380257,-139.19522229350207,4,1
2012-10-24 06:37:02.120207+00:00,3.53,7.88,12.06,5114.019107837584,14.55365127380257,-139.19522229350207,4,1
2012-10-24 06:43:02.120207+00:00,3.56,7.96,12.18,5431.934360186846,14.797165810542843,-138.70819322002149,6,1
2012-10-24 06:48:02.120207+00:00,3.56,7.96,12.18,4468.313549546128,14.56751588287659,-139.167493075354,5,1
2012-10-24 06:51:02.120207+00:00,3.66,8.16,12.49,5135.987987658088,14.704370405390048,-138.89378403032708,6,1
2012-10-24 06:53:02.120207+00:00,3.64,8.12,12.42,5135.987987658088,14.704370405390048,-138.89378403032708,6,1
2012-10-24 06:57:02.120207+00:00,3.78,8.44,12.91,4468.313549546128,14.56751588287659,-139.167493075354,5,1
2012-10-24 07:00:02.120207+00:00,9.72,20.84,31.67,3658.060829251506,13.977945087110829,-140.3466346668855,4,1
2012-10-24 07:17:02.120207+00:00,4.05,9.01,13.78,1860.790970895748,13.619788506893183,-141.0629478273208,3,1
2012-10-24 07:23:02.120207+00:00,3.91,8.71,13.32,2183.730826879579,13.65091369055516,-141.00069745999687,3,1
2012-10-24 08:49:02.120207+00:00,8.65,18.65,28.36,8069.484726557428,15.468585617731236,-137.3653536056447,4,1
2012-10-24 08:55:02.120207+00:00,8.85,19.05,28.98,8379.556371680754,15.554286748506865,-137.19395134409348,4,1
2012-10-24 08:58:02.120207+00:00,8.39,18.11,27.56,8379.556371680754,15.554286748506865,-137.19395134409348,4,1
2012-10-24 09:05:02.120207+00:00,7.84,16.99,25.87,12092.730925272052,16.06127790363512,-136.17996903383698,4,1
2012-10-24 09:10:02.120207+00:00,7.81,16.93,25.78,13804.385803171568,16.346707946933932,-135.60910894723935,4,1
2012-10-24 09:14:02.120207+00:00,7.78,16.87,25.69,13804.385803171568,16.346707946933932,-135.60910894723935,4,1
2012-10-24 09:18:02.120207+00:00,7.78,16.87,25.69,13804.385803171568,16.346707946933932,-135.60910894723935,4,1
2012-10-24 09:24:02.120207+00:00,7.95,17.21,26.2,13009.846871397123,16.23090968789169,-135.84070546532382,4,1
2012-10-24 09:32:02.120207+00:00,8.07,17.46,26.58,9152.885703064429,15.82047978680192,-136.66156526750336,3,1
2012-10-24 09:38:02.120207+00:00,8.25,17.83,27.14,6111.771037030728,14.699756550954731,-138.90301173919772,3,1
2012-10-24 09:45:02.120207+00:00,9.06,19.5,29.65,3586.6797810428816,13.509386512556832,-141.28375181599353,4,1
2012-10-24 09:50:02.120207+00:00,9.96,21.32,32.4,3076.9125967054074,13.25095059527074,-141.8006236505657,3,1
2012-10-24 09:54:02.120207+00:00,9.96,21.32,32.4,3076.9125967054074,13.25095059527074,-141.8006236505657,3,1
2012-10-24 10:35:02.120207+00:00,9.58,20.55,31.23,1798.5626468945875,12.294463988962768,-143.71359686318166,3,1
2012-10-24 10:39:02.120207+00:00,9.61,20.61,31.33,1798.5626468945875,12.294463988962768,-143.71359686318166,3,1
2012-10-24 10:42:02.120207+00:00,9.63,20.64,31.38,1883.031388418949,12.541447452133898,-143.2196299368394,4,1
2012-10-24 10:50:02.120207+00:00,8.86,19.09,29.03,2204.511328043286,12.91467414337908,-142.47317655434904,4,1
2012-10-24 10:54:02.120207+00:00,8.91,19.18,29.17,2564.682108996756,13.018904788049142,-142.26471526500893,4,1
2012-10-24 10:58:02.120207+00:00,8.97,19.31,29.36,2387.4201107746767,13.018904788049142,-142.26471526500893,6,1
2012-10-24 11:03:02.120207+00:00,8.95,19.27,29.31,2387.4201107746767,13.018904788049142,-142.26471526500893,6,1
2012-10-24 11:06:02.120207+00:00,8.95,19.27,29.31,2157.468081311519,12.715009089169834,-142.8725066627675,6,1
2012-10-24 11:08:02.120207+00:00,9.14,19.65,29.89,2157.468081311519,12.715009089169834,-142.8725066627675,6,1
2012-10-24 11:10:02.120207+00:00,9.57,20.52,31.18,2065.393453871832,12.549620379456094,-143.203284082195,6,1
2012-10-24 11:15:02.120207+00:00,9.74,20.87,31.72,1908.110545034901,12.405746827785128,-143.49103118553694,6,1
2012-10-24 11:19:02.120207+00:00,8.97,19.31,29.36,2065.393453871832,12.549620379456094,-143.203284082195,6,1
2012-10-24 11:22:02.120207+00:00,8.83,19.02,28.93,2334.727350754471,12.854775442645868,-142.59297395581547,6,1
2012-10-24 11:27:02.120207+00:00,8.74,18.83,28.65,3274.577558482169,13.535688644908928,-141.23114755128935,6,1
2012-10-24 11:28:02.120207+00:00,8.58,18.52,28.18,4028.868855982112,14.027941189743792,-140.24664246161962,7,1
2012-10-24 11:31:02.120207+00:00,8.58,18.52,28.18,4229.797353572106,14.091055545249423,-140.12041375060835,6,1
2012-10-24 11:34:02.120207+00:00,8.02,17.37,26.44,4558.57658208039,14.380920129421115,-139.54068458226496,6,1
2012-10-24 11:37:02.120207+00:00,7.73,16.78,25.55,5366.744466520622,14.777767299416274,-138.74699024227465,6,1
2012-10-24 11:42:02.120207+00:00,7.52,16.34,24.89,7692.174049449044,15.31986667013047,-137.66279150084625,6,1
2012-10-24 11:47:02.120207+00:00,7.54,16.37,24.94,7692.174049449044,15.31986667013047,-137.66279150084625,6,1
2012-10-24 11:48:02.120207+00:00,7.01,15.29,23.3,9590.193705977255,15.892436497449149,-136.51765184620888,6,1
2012-10-24 11:52:02.120207+00:00,6.58,14.39,21.93,7328.02511612775,15.1704481980219,-137.96162844506338,6,1
2012-10-24 11:56:02.120207+00:00,6.58,14.39,21.93,7328.02511612775,15.1704481980219,-137.96162844506338,6,1
2012-10-24 11:58:02.120207+00:00,6.2,13.6,20.74,5318.763753399974,14.64902729652823,-139.00447024805072,5,1
2012-10-24 12:02:02.120124+00:00,5.19,11.47,17.51,5640.5207781965955,15.579661973771282,-138.1988523538643,5,1
2012-10-24 12:06:02.120124+00:00,5.0,11.07,16.9,6067.76712710307,15.902331287710547,-137.55351372598577,6,1
2012-10-24 12:07:02.120124+00:00,5.0,11.07,16.9,6067.76712710307,15.902331287710547,-137.55351372598577,6,1
2012-10-24 12:11:02.120124+00:00,4.94,10.93,16.69,7663.170920288618,15.911714997652396,-137.53474630610208,6,1
2012-10-24 12:16:02.120124+00:00,4.68,10.38,15.86,6495.013476009544,15.598429393654971,-138.16131751409694,5,1
2012-10-24 12:20:02.120124+00:00,4.29,9.53,14.56,9841.440024030682,16.118778618575316,-137.12061906425623,4,1
2012-10-24 12:26:02.120124+00:00,3.08,6.9,10.56,25610.142081614744,18.589084680662157,-132.18000694008254,4,1
2012-10-24 12:30:02.120124+00:00,3.08,6.9,10.56,25610.142081614744,18.589084680662157,-132.18000694008254,4,1
2012-10-24 12:36:02.120124+00:00,2.34,5.27,8.07,23155.171524239777,18.382928260142883,-132.5923197811211,5,1
2012-10-24 12:40:02.120124+00:00,2.08,4.69,7.18,20127.000700771987,17.946856144481828,-133.46446401244322,4,1
2012-10-24 12:46:02.120124+00:00,1.91,4.31,6.59,17098.829877304197,17.098471187782227,-135.1612339258424,3,1
2012-10-24 12:51:02.120124+00:00,2.11,4.75,7.27,17098.829877304197,17.098471187782227,-135.1612339258424,3,1
2012-10-24 12:57:02.120124+00:00,2.26,5.1,7.81,16107.261591729824,17.176951098213156,-135.00427410498054,3,1
2012-10-24 13:03:02.120124+00:00,2.29,5.16,7.9,12766.194702692352,16.753960811387202,-135.85025467863247,4,1
2012-10-24 13:07:02.120124+00:00,2.49,5.6,8.57,11865.598693757043,16.840728709572595,-135.6767188822617,3,1
2012-10-24 13:12:02.120124+00:00,2.51,5.65,8.65,10917.77814655915,16.44375146641389,-136.4706733685791,4,1
2012-10-24 13:18:02.120124+00:00,3.49,7.8,11.93,5002.089932922986,14.803600300686004,-139.75097570003487,3,1
2012-10-24 13:23:02.120124+00:00,3.75,8.36,12.79,5002.089932922986,14.803600300686004,-139.75097570003487,3,1
2012-10-24 13:28:02.120124+00:00,5.49,12.09,18.46,8777.427518861316,16.110832596379698,-137.13651110864748,3,1
2012-10-24 13:35:02.120124+00:00,6.38,13.98,21.32,16557.042620523243,17.287312638088924,-134.78355102522903,4,1
2012-10-24 13:40:02.120124+00:00,6.61,14.45,22.03,16604.45546480345,17.32757042950865,-134.70303544238956,3,1
2012-10-24 13:45:02.120124+00:00,7.09,15.44,23.53,16509.629776243033,17.247054846669197,-134.86406660806847,3,1
2012-10-24 13:51:02.120124+00:00,7.55,16.41,24.98,12464.34929008505,16.734488186600615,-135.88919992820564,3,1
2012-10-24 13:56:02.120124+00:00,6.76,14.76,22.5,8882.363399567688,15.698480004986845,-137.96121629143315,3,1
2012-10-24 14:01:02.120124+00:00,7.16,15.6,23.77,5440.126974250883,14.81230364723123,-139.73356900694444,4,1
2012-10-24 14:07:02.120124+00:00,7.07,15.41,23.49,5178.303585031905,14.703553905775458,-139.95106848985597,5,1
2012-10-24 14:10:02.120124+00:00,7.06,15.38,23.44,5178.303585031905,14.703553905775458,-139.95106848985597,7,1
2012-10-24 14:13:02.120124+00:00,8.31,17.96,27.33,4604.928575081776,14.364669624278832,-140.6288370528492,6,1
2012-10-24 14:15:02.120124+00:00,8.31,17.96,27.33,5701.950363469862,14.703553905775458,-139.95106848985597,7,1
2012-10-24 14:17:02.120124+00:00,8.29,17.93,27.28,5701.950363469862,14.703553905775458,-139.95106848985597,7,1
2012-10-24 14:20:02.120124+00:00,8.2,17.74,27.0,6732.020746291521,15.033670883062626,-139.29083453528162,6,1
2012-10-24 14:24:02.120124+00:00,8.14,17.62,26.81,8607.360255784131,15.758628917325538,-137.8409184667558,5,1
2012-10-24 14:31:02.120124+00:00,7.18,15.63,23.81,11128.556449638,16.37247573460031,-136.61322483220624,4,1
2012-10-24 14:36:02.120124+00:00,7.1,15.48,23.58,12688.01974414736,16.683891431727226,-135.9903934379524,3,1
2012-10-24 14:40:02.120124+00:00,7.01,15.29,23.3,13436.172173977477,16.704774043253074,-135.94862821490074,4,1
2012-10-24 14:46:02.120124+00:00,6.46,14.14,21.55,13589.404833384531,16.736026144555,-135.88612401229688,3,1
2012-10-24 14:52:02.120124+00:00,6.35,13.92,21.22,13990.433837515951,16.814252653342518,-135.72967099472183,3,1
2012-10-24 15:00:02.120124+00:00,6.16,13.51,20.6,13990.433837515951,16.886470202796836,-135.58523589581318,3,1
2012-10-24 15:06:02.120124+00:00,6.25,13.7,20.89,15173.588289556106,16.96091631581343,-135.43634366978,3,1
2012-10-24 15:12:02.120124+00:00,6.23,13.66,20.84,15432.157839413,17.028798045025212,-135.30058021135645,3,1
2012-10-24 15:18:02.120124+00:00,6.41,14.04,21.41,15432.157839413,17.028798045025212,-135.30058021135645,3,1
2012-10-24 15:23:02.120124+00:00,6.62,14.48,22.07,15488.48967424648,17.028798045025212,-135.30058021135645,3,1
2012-10-24 15:28:02.120124+00:00,6.85,14.95,22.78,13991.57080244071,16.772027489926927,-135.81412132155302,3,1
2012-10-24 15:34:02.120124+00:00,6.86,14.98,22.83,13991.57080244071,16.772027489926927,-135.81412132155302,3,1
2012-10-24 15:39:02.120124+00:00,6.28,13.76,20.98,12896.031817724306,16.586952473591932,-136.18427135422303,3,1
2012-10-24 16:02:02.120124+00:00,5.67,12.48,19.05,11131.444172507196,16.774266797297454,-135.80964270681196,3,1
2012-10-24 16:11:02.120124+00:00,5.63,12.39,18.9,11161.396117272148,16.608010309094688,-136.14215568321748,4,1
2012-10-24 16:16:02.120124+00:00,5.13,11.33,17.31,11645.730980936776,16.608010309094688,-136.14215568321748,4,1
2012-10-24 16:20:02.120124+00:00,5.15,11.37,17.36,12100.113899836451,16.659895053036628,-136.0383861953336,5,1
2012-10-24 16:24:02.120124+00:00,5.21,11.5,17.56,12797.55426622488,16.682503467474415,-135.99316936645803,5,1
2012-10-24 16:29:02.120124+00:00,5.03,11.13,17.0,12797.55426622488,16.682503467474415,-135.99316936645803,5,1
2012-10-24 16:34:02.120124+00:00,4.92,10.9,16.64,12797.55426622488,16.659895053036628,-136.0383861953336,5,1
2012-10-24 16:39:02.120124+00:00,4.91,10.86,16.59,5445.131108705547,15.651132831829475,-138.0559106377479,4,1
2012-10-24 16:44:02.120124+00:00,4.65,10.31,15.75,4325.625933940583,15.393359923357224,-138.57145645469242,3,1
2012-10-24 16:48:02.120124+00:00,4.92,10.9,16.64,5445.131108705547,15.651132831829475,-138.0559106377479,4,1
2012-10-24 16:54:02.120124+00:00,5.22,11.53,17.61,8997.710593487374,16.588644482951345,-136.18088733550417,4,1
2012-10-24 16:59:02.120124+00:00,5.22,11.53,17.61,10520.307526473229,16.82810006670366,-135.70197616799956,3,1
2012-10-24 17:03:02.120124+00:00,5.21,11.5,17.56,8997.710593487374,16.588644482951345,-136.18088733550417,4,1
2012-10-24 17:09:02.120124+00:00,5.03,11.13,17.0,5622.11362648226,15.042699335574229,-139.27277763025842,3,1
2012-10-24 17:37:02.120124+00:00,4.67,10.35,15.81,4698.6235539859135,14.93639032787568,-139.4853956456555,4,1
2012-10-24 17:42:02.120124+00:00,4.78,10.59,16.17,5271.60721727958,15.327209348368672,-138.70375760466953,3,1
2012-10-24 17:47:02.120124+00:00,5.18,11.43,17.46,4631.731836585825,14.644422640881178,-140.06933101964452,3,1
2012-10-24 17:54:02.120124+00:00,5.27,11.63,17.76,5271.60721727958,15.209072706608923,-138.94003088818903,3,1
2012-10-24 18:13:02.120124+00:00,3.47,7.76,11.87,12962.065291362213,16.577024807780408,-136.20412668584606,3,1
2012-10-24 18:18:02.120124+00:00,3.6,8.04,12.3,13904.734378010467,16.83473331339097,-135.68870967462493,4,1
2012-10-24 18:21:02.120124+00:00,3.6,8.04,12.3,13904.734378010467,16.83473331339097,-135.68870967462493,4,1
2012-10-24 18:27:02.120124+00:00,3.56,7.96,12.18,17221.857359528385,17.302904515271962,-134.75236727086295,4,1
2012-10-24 18:32:02.120124+00:00,3.6,8.04,12.3,14847.403464658722,17.092441819001536,-135.1732926634038,3,1
2012-10-24 18:39:02.120124+00:00,3.28,7.34,11.23,7921.818956531696,15.837779842466892,-137.68261661647307,3,1
2012-10-24 18:46:02.120124+00:00,3.69,8.24,12.61,4826.131447561811,15.36436053909975,-138.62945522320737,3,1
2012-10-24 18:51:02.120124+00:00,3.8,8.48,12.97,4826.131447561811,15.36436053909975,-138.62945522320737,3,1
2012-10-24 19:01:02.120124+00:00,3.6,8.04,12.3,12531.57187516443,16.600305181548713,-136.15756593830946,3,1
2012-10-24 19:31:02.120124+00:00,2.13,4.81,7.36,19477.32402508873,17.933062216822854,-133.49205186776115,3,1
2012-10-24 19:36:02.120124+00:00,2.53,5.7,8.73,20008.587546467767,17.753546573670967,-133.85108315406495,4,1
2012-10-24 19:40:02.120124+00:00,2.69,6.06,9.27,19477.32402508873,17.57403093051908,-134.21011444036873,5,1
2012-10-24 19:45:02.120124+00:00,3.02,6.77,10.35,17310.42235918501,17.26181310711213,-134.8345500871826,6,1
2012-10-24 19:50:02.120124+00:00,3.64,8.12,12.42,2819.279000297552,14.644990528794413,-140.06819524381802,5,1
2012-10-24 19:51:02.120124+00:00,3.64,8.12,12.42,2819.279000297552,14.644990528794413,-140.06819524381802,5,1
2012-10-24 19:54:02.120124+00:00,3.75,8.36,12.79,4949.0039394555215,15.32782752967696,-138.70252124205294,6,1
2012-10-24 19:58:02.120124+00:00,4.32,9.6,14.67,4949.0039394555215,15.223912191034486,-138.91035191933787,6,1
2012-10-24 20:03:02.120124+00:00,4.75,10.52,16.07,5777.170840216263,15.265158485888568,-138.82785932962972,5,1
2012-10-24 20:08:02.120124+00:00,4.83,10.69,16.33,5777.170840216263,15.265158485888568,-138.82785932962972,5,1
2012-10-24 20:12:02.120124+00:00,4.99,11.03,16.85,7078.728878613491,15.802833853274558,-137.75250859485774,5,1
2012-10-24 20:17:02.120124+00:00,5.18,11.43,17.46,7286.314262026978,15.802833853274558,-137.75250859485774,5,1
2012-10-24 20:21:02.120124+00:00,5.3,11.7,17.86,6531.742551121621,15.661635290994033,-138.03490571941882,4,1
2012-10-24 20:27:02.120124+00:00,5.75,12.65,19.29,15918.232036603456,17.32603128102378,-134.7061137393593,3,1
2012-10-24 20:33:02.120124+00:00,6.19,13.57,20.69,14721.274461052628,17.041739737414073,-135.27469682657872,4,1
2012-10-24 20:38:02.120124+00:00,6.77,14.79,22.55,11026.21843955203,16.35647132257152,-136.64523365626383,4,1
2012-10-24 20:42:02.120124+00:00,6.77,14.79,22.55,11026.21843955203,16.35647132257152,-136.64523365626383,4,1
2012-10-24 20:47:02.120124+00:00,7.63,16.56,25.22,5854.145637006117,14.961157286369628,-139.43586172866762,5,1
2012-10-24 20:53:02.120124+00:00,9.25,19.88,30.22,2931.141349788817,13.62698955755939,-142.10419718628808,4,1
2012-10-24 20:56:02.120124+00:00,9.39,20.16,30.65,2547.9488738183145,13.292069664691562,-142.77403697202374,5,1
2012-10-24 21:00:02.120124+00:00,9.77,20.93,31.81,2220.9491268147835,13.001835676248504,-143.35450494890986,4,1
2012-10-24 21:04:02.120124+00:00,10.39,22.17,33.68,1893.9493798112524,12.711601687805445,-143.934972925796,3,1
2012-10-25 17:04:02.129958+00:00,19.52,40.0,40.0,2234.3715762498096,12.910638558356109,-143.46309643321783,3,1
2012-10-25 17:08:02.129958+00:00,21.7,40.0,40.0,2234.3715762498096,12.910638558356109,-143.46309643321783,3,1
2012-10-25 17:12:02.129958+00:00,10.7,22.81,34.63,2339.6603781921995,13.2008764488924,-142.88262065214525,4,1
2012-10-25 17:18:02.129958+00:00,10.55,22.51,34.18,2444.94918013459,13.491114339428693,-142.30214487107267,3,1
2012-10-25 22:17:02.129958+00:00,8.99,19.34,29.41,1995.955313888193,13.169286745019944,-142.94580005989016,3,1
2012-10-25 22:23:02.129958+00:00,8.92,19.21,29.22,2466.027383991521,13.270193604182769,-142.74398634156452,3,1
2012-10-25 22:29:02.129958+00:00,8.72,18.8,28.6,3540.425548276573,13.92772163925578,-141.4289302714185,4,1
2012-10-25 22:34:02.129958+00:00,8.4,18.14,27.61,3856.6872751827104,14.18469192334803,-140.91498970323397,4,1
2012-10-25 22:38:02.129958+00:00,8.22,17.77,27.05,4125.807229056862,14.327294406784183,-140.62978473636167,5,1
2012-10-25 22:42:02.129958+00:00,7.7,16.72,25.45,4263.575323473028,14.338255652262095,-140.60786224540584,5,1
2012-10-25 22:46:02.129958+00:00,7.6,16.5,25.12,5105.9547299256,14.950804398302264,-139.38276475332552,5,1
2012-10-25 22:50:02.129958+00:00,7.61,16.53,25.17,5176.972933598665,14.954754488967716,-139.3748645719946,4,1
2012-10-25 22:54:02.129958+00:00,7.49,16.28,24.8,5247.99113727173,14.95870457963317,-139.3669643906637,5,1
2012-10-25 23:01:02.129958+00:00,7.52,16.34,24.89,5741.959946310899,15.072239109974657,-139.13989532998073,4,1
2012-10-25 23:04:02.129958+00:00,7.51,16.31,24.84,5741.959946310899,15.072239109974657,-139.13989532998073,4,1
2012-10-25 23:09:02.129958+00:00,7.64,16.59,25.27,5731.927994216003,15.059037936603795,-139.16629767672245,5,1
2012-10-25 23:14:02.129958+00:00,7.61,16.53,25.17,5728.604768789907,15.05245661101348,-139.1794603279031,4,1
2012-10-25 23:19:02.129958+00:00,7.67,16.65,25.36,5540.866088314471,14.963906331741192,-139.35656088644765,4,1
2012-10-25 23:23:02.129958+00:00,7.67,16.65,25.36,5540.866088314471,14.963906331741192,-139.35656088644765,4,1
2012-10-25 23:28:02.129958+00:00,7.52,16.34,24.89,5595.789985036881,14.882337815575454,-139.51969791877914,4,1
2012-10-25 23:34:02.129958+00:00,8.02,17.37,26.44,5449.695946637448,14.745202692469462,-139.79396816499113,3,1
2012-10-25 23:40:02.129958+00:00,7.99,17.3,26.34,5449.695946637448,14.745202692469462,-139.79396816499113,3,1
2012-10-25 23:49:02.129958+00:00,8.04,17.4,26.48,4001.4718067464846,14.018337121388967,-141.24769930715212,3,1
2012-10-25 23:53:02.129958+00:00,8.2,17.74,27.0,2766.219989466219,13.374669223268356,-142.53503510339334,3,1
2012-10-26 02:19:02.129876+00:00,9.03,19.43,29.55,1801.4939648602292,12.755029526996893,-142.50760641498528,3,1
2012-10-26 02:25:02.129876+00:00,8.99,19.34,29.41,1779.0212547806932,12.630607525856218,-142.75645041726662,4,1
2012-10-26 02:29:02.129876+00:00,9.05,19.46,29.6,1801.4939648602292,12.616649131485458,-142.78436720600814,5,1
2012-10-26 02:34:02.129876+00:00,8.95,19.27,29.31,1801.4939648602292,12.616649131485458,-142.78436720600814,5,1
2012-10-26 02:38:02.129876+00:00,8.94,19.24,29.27,1948.523355212381,12.616649131485458,-142.78436720600814,5,1
2012-10-26 02:41:02.129876+00:00,20.69,40.0,40.0,2028.241498694695,12.89448000576094,-142.22870545745718,5,1
2012-10-26 02:47:02.129876+00:00,20.69,40.0,40.0,2381.5044727232644,13.139094363228752,-141.73947674252156,5,1
2012-10-26 02:50:02.129876+00:00,20.69,40.0,40.0,2857.5323950209686,13.30004312382497,-141.4175792213291,5,1
2012-10-26 02:55:02.129876+00:00,20.51,40.0,40.0,2877.769404187848,13.367493288889952,-141.28267889119914,5,1
2012-10-26 02:58:02.129876+00:00,20.51,40.0,40.0,2985.0647719661165,13.333768206357462,-141.3501290562641,4,1
2012-10-26 03:03:02.129876+00:00,8.33,17.99,27.37,3112.597148911264,13.367493288889952,-141.28267889119914,3,1
2012-10-26 03:19:02.129876+00:00,7.54,16.37,24.94,3435.6658366445135,13.9015461911205,-140.21457308673806,3,1
2012-10-26 03:26:02.129876+00:00,7.4,16.1,24.52,3806.865670517803,14.576370375147697,-138.86492471868365,3,1
2012-10-26 03:45:02.129876+00:00,1.48,3.35,5.13,3835.386159960004,13.874235557188372,-140.26919435460232,3,1
2012-10-26 03:50:02.129876+00:00,1.52,3.43,5.26,3863.626385305528,14.045319535599084,-139.92702639778088,4,1
2012-10-26 03:54:02.129876+00:00,2.0,4.5,6.89,3891.866610651052,13.956025125390148,-140.10561521819875,5,1
2012-10-26 03:58:02.129876+00:00,1.94,4.37,6.7,3921.8094245809634,13.956025125390148,-140.10561521819875,5,1
2012-10-26 04:02:02.129876+00:00,1.72,3.89,5.96,3906.838017616008,13.947456251669344,-140.12275296564036,4,1
2012-10-26 04:07:02.129876+00:00,9.55,20.48,31.13,3976.2003990662624,13.947456251669344,-140.12275296564036,4,1
2012-10-26 04:14:02.129876+00:00,7.92,17.15,26.11,3843.799502513853,13.890449983083965,-140.23676550281112,4,1
2012-10-26 04:18:02.129876+00:00,8.07,17.46,26.58,3765.7895804467425,13.84201258821939,-140.33364029254028,3,1
2012-10-26 04:23:02.129876+00:00,7.96,17.24,26.25,3469.473870668331,13.858982444855194,-140.2997005792687,4,1
2012-10-26 04:29:02.129876+00:00,8.17,17.68,26.9,3118.257916971361,13.664992505390789,-140.68768045819746,3,1
2012-10-26 04:34:02.129876+00:00,8.33,17.99,27.37,2910.8848626326917,13.529739470646405,-140.95818652768625,3,1
2012-10-26 04:40:02.129876+00:00,8.49,18.33,27.89,2775.328432324696,13.300455278217456,-141.41675491254415,3,1
2012-10-26 04:48:02.129876+00:00,8.52,18.39,27.99,2633.130928972018,13.209243208974064,-141.59917905103094,4,1
2012-10-26 04:54:02.129876+00:00,8.51,18.36,27.94,2506.8282690838796,13.191483277665228,-141.6346989136486,3,1
2012-10-26 04:58:02.129876+00:00,8.69,18.74,28.51,1782.8515877834686,12.56896187048489,-142.87974172800926,3,1
2012-10-26 07:22:02.129876+00:00,6.91,15.07,22.97,5422.867185904133,14.05746965590713,-139.9027261571648,4,1
2012-10-26 07:25:02.129876+00:00,6.83,14.92,22.73,9261.782165980892,15.677622177715753,-136.66242111354757,5,1
2012-10-26 07:26:02.129876+00:00,6.83,14.92,22.73,9261.782165980892,15.677622177715753,-136.66242111354757,5,1
2012-10-26 07:31:02.129876+00:00,6.83,14.92,22.73,9465.206762046066,15.71425600929722,-136.58915345038463,6,1
2012-10-26 07:35:02.129876+00:00,6.7,14.64,22.31,9673.232544817572,15.807116257916974,-136.4034329531451,6,1
2012-10-26 07:39:02.129876+00:00,6.46,14.14,21.55,10605.312105132843,16.20997611300377,-135.5977132429715,5,1
2012-10-26 07:44:02.129876+00:00,6.07,13.32,20.31,10865.820245455609,16.222492443777934,-135.5726805814232,4,1
2012-10-26 07:49:02.129876+00:00,5.84,12.84,19.59,10605.312105132843,16.20997611300377,-135.5977132429715,3,1
2012-10-26 08:21:02.129876+00:00,1.72,3.89,5.96,5471.6970299693685,14.96374029799599,-138.0901848729871,4,1
2012-10-26 08:25:02.129876+00:00,1.75,3.96,6.07,5593.687912101788,15.262269720982976,-137.4931260270131,6,1
2012-10-26 08:29:02.129876+00:00,1.72,3.89,5.96,5593.687912101788,15.262269720982976,-137.4931260270131,6,1
2012-10-26 08:31:02.129876+00:00,1.72,3.89,5.96,9906.7037033367,16.178519372350497,-135.66062672427807,6,1
2012-10-26 08:34:02.129876+00:00,1.85,4.17,6.39,8116.727025146835,15.745898264005804,-136.52586894096746,7,1
2012-10-26 08:37:02.129876+00:00,1.48,3.35,5.13,8116.727025146835,15.745898264005804,-136.52586894096746,7,1
2012-10-26 08:41:02.129876+00:00,0.0,0.0,0.0,17672.14478777849,17.157358969537103,-133.70294752990486,7,1
2012-10-26 08:44:02.129876+00:00,18.42,38.22,40.0,17672.14478777849,17.157358969537103,-133.70294752990486,7,1
2012-10-26 08:46:02.129876+00:00,0.0,0.0,0.0,8116.727025146835,15.86662568020769,-136.28441410856365,7,1
2012-10-26 08:49:02.129876+00:00,2.63,5.91,9.04,17672.14478777849,17.157358969537103,-133.70294752990486,7,1
2012-10-26 08:54:02.129876+00:00,3.3,7.38,11.29,12852.113565535125,16.511992324872395,-134.99368081923427,6,1
2012-10-26 08:55:02.129876+00:00,2.26,5.1,7.81,17672.14478777849,17.157358969537103,-133.70294752990486,7,1
2012-10-26 08:59:02.129876+00:00,2.78,6.25,9.57,10941.88905835737,15.87185807767691,-136.27394931362522,7,1
2012-10-26 09:03:02.129876+00:00,2.46,5.54,8.48,9578.462259020394,15.8692418789423,-136.27918171109445,8,1
2012-10-26 09:05:02.129876+00:00,2.58,5.8,8.88,21057.98166443851,17.29049349705301,-133.43667847487302,6,1
2012-10-26 09:08:02.129876+00:00,2.58,5.8,8.88,10941.88905835737,15.87185807767691,-136.27394931362522,7,1
2012-10-26 09:11:02.129876+00:00,0.01,0.03,0.08,8215.035459683417,15.296951395123385,-137.4237626787323,7,1
2012-10-26 09:12:02.129876+00:00,0.01,0.03,0.08,7577.697023930856,15.223361044831083,-137.57094337931687,8,1
2012-10-26 09:16:02.129876+00:00,0.39,0.88,1.36,7577.697023930856,15.134350460035195,-137.74896454890865,6,1
2012-10-26 09:20:02.129876+00:00,0.89,2.01,3.08,7577.697023930856,15.134350460035195,-137.74896454890865,6,1
2012-10-26 09:21:02.129876+00:00,7.69,16.68,25.41,6940.358588178294,14.971749524947011,-138.07416641908503,5,1
2012-10-26 09:28:02.129876+00:00,7.69,16.68,25.41,4062.0357706890486,14.165679224295705,-139.68630702038763,3,1
2012-10-27 16:08:02.129628+00:00,17.08,35.57,40.0,3101.451277595072,17.141444678100996,-128.65521557443026,25,2
2012-10-27 16:09:02.129628+00:00,18.6,38.59,40.0,3173.042333939432,17.187750656411016,-128.56260361781025,27,2
2012-10-27 16:10:02.129628+00:00,18.55,38.48,40.0,3173.042333939432,17.187750656411016,-128.56260361781025,29,2
2012-10-27 16:11:02.129628+00:00,18.5,38.38,40.0,3655.4933473991623,17.141444678100996,-128.65521557443026,31,3
2012-10-27 16:12:02.129628+00:00,18.47,38.33,40.0,3655.4933473991623,17.079864421252193,-128.77837608812786,33,2
2012-10-27 16:13:02.129628+00:00,18.34,38.07,40.0,3729.438388884598,17.141444678100996,-128.65521557443026,35,3
2012-10-27 16:14:02.129628+00:00,26.52,40.0,40.0,3931.113187592862,17.187750656411016,-128.56260361781025,37,3
2012-10-27 16:15:02.129628+00:00,27.93,40.0,40.0,4358.030543620609,17.196236549982,-128.54563183066824,39,3
2012-10-27 16:16:02.129628+00:00,28.93,40.0,40.0,4393.494269205626,17.32287488128354,-128.29235516806517,41,2
2012-10-27 16:17:02.129628+00:00,30.04,40.0,40.0,4548.007749781176,17.47449748759516,-127.98910995544192,44,2
2012-10-27 16:18:02.129628+00:00,12.05,25.53,38.72,4762.925262883638,17.620836868749304,-127.69643119313363,45,2
2012-10-27 16:19:02.129628+00:00,29.83,40.0,40.0,4926.052393480245,17.665347615557113,-127.60740969951804,45,2
2012-10-27 16:20:02.129628+00:00,29.57,40.0,40.0,5000.373135125485,17.66917618793386,-127.59975255476454,45,2
2012-10-27 16:21:02.129628+00:00,29.83,40.0,40.0,5008.507247982767,17.749518786668723,-127.43906735729482,44,2
2012-10-27 16:22:02.129628+00:00,29.88,40.0,40.0,5066.198647320014,17.77758135503511,-127.38294222056204,44,2
2012-10-27 16:23:02.129628+00:00,30.19,40.0,40.0,5302.006620707914,18.105734953341557,-126.72663502394914,44,2
2012-10-27 16:24:02.129628+00:00,17.13,35.66,40.0,5391.081461115805,18.30641144613194,-126.3252820383684,44,2
2012-10-27 16:25:02.129628+00:00,17.66,36.72,40.0,5621.8800702224835,18.419594087684125,-126.098916755264,44,2
2012-10-27 16:26:02.129628+00:00,29.68,40.0,40.0,5671.36939775196,18.42225573865153,-126.0935934533292,43,2
2012-10-27 16:27:02.129628+00:00,29.73,40.0,40.0,5671.36939775196,18.42225573865153,-126.0935934533292,43,3
2012-10-27 16:28:02.129628+00:00,29.73,40.0,40.0,5702.7970380732295,18.637705361540384,-125.66269420755148,42,2
2012-10-27 16:29:02.129628+00:00,29.68,40.0,40.0,5702.7970380732295,18.7101831920855,-125.51773854646126,42,2
2012-10-27 16:30:02.129628+00:00,29.62,40.0,40.0,5852.090250817585,18.804335767929693,-125.32943339477288,44,2
2012-10-27 16:31:02.129628+00:00,30.19,40.0,40.0,6959.417423915391,18.93164967641017,-125.07480557781192,43,2
2012-10-27 16:32:02.129628+00:00,29.93,40.0,40.0,7790.586546285558,18.94183957983036,-125.05442577097152,44,2
2012-10-27 16:33:02.129628+00:00,29.93,40.0,40.0,8397.488642542352,18.9934727792322,-124.95115937216788,44,3
2012-10-27 16:34:02.129628+00:00,29.52,40.0,40.0,7791.602299528775,18.980672174600844,-124.97676058143055,45,2
2012-10-27 16:35:02.129628+00:00,29.27,40.0,40.0,7789.570793042342,18.93164967641017,-125.07480557781192,45,3
2012-10-27 16:36:02.129628+00:00,28.93,40.0,40.0,6341.8849930111155,18.89279898705856,-125.15250695651513,47,2
2012-10-27 16:37:02.129628+00:00,28.64,40.0,40.0,6558.886126058314,18.804335767929693,-125.32943339477288,46,1
2012-10-27 16:38:02.129628+00:00,28.68,40.0,40.0,5702.7970380732295,18.72584582781628,-125.4864132749997,46,2
2012-10-27 16:39:02.129628+00:00,28.73,40.0,40.0,5549.1716550329365,18.57877096699688,-125.7805629966385,46,3
2012-10-27 16:40:02.129628+00:00,28.83,40.0,40.0,5501.847356084554,18.57877096699688,-125.7805629966385,46,3
2012-10-27 16:41:02.129628+00:00,28.73,40.0,40.0,5501.847356084554,18.653367997271165,-125.63136893608991,44,2
2012-10-27 16:42:02.129628+00:00,28.68,40.0,40.0,5477.742144796243,18.60260671447977,-125.73289150167273,43,2
2012-10-27 16:43:02.129628+00:00,28.49,40.0,40.0,5345.919908284537,18.529557982073374,-125.87898896648552,40,2
2012-10-27 16:44:02.129628+00:00,28.59,40.0,40.0,5184.679743650668,18.435207098760195,-126.06769073311186,38,3
2012-10-27 16:45:02.129628+00:00,29.12,40.0,40.0,5214.097671772832,18.366233452887627,-126.205638024857,35,3
2012-10-27 16:46:02.129628+00:00,29.02,40.0,40.0,4912.346969567299,18.366233452887627,-126.205638024857,33,2
2012-10-27 16:47:02.129628+00:00,29.02,40.0,40.0,5214.097671772832,18.50418074463276,-125.92974344136672,31,3
2012-10-27 16:48:02.129628+00:00,29.07,40.0,40.0,5063.2223206700655,18.435207098760195,-126.06769073311186,30,2
2012-10-27 16:49:02.129628+00:00,7.28,15.85,24.14,5063.2223206700655,18.435207098760195,-126.06769073311186,28,3
2012-10-27 16:51:02.129628+00:00,7.86,17.03,25.92,4267.823255239294,18.16816826477735,-126.60176840107756,23,1
2012-10-27 17:08:02.129628+00:00,27.21,40.0,40.0,2143.3705269385373,14.857279266758743,-133.22354639711477,3,1
2012-10-27 17:09:02.129628+00:00,27.12,40.0,40.0,2143.3705269385373,14.857279266758743,-133.22354639711477,3,1
2012-10-27 17:15:02.129628+00:00,27.17,40.0,40.0,2143.3705269385373,14.857279266758743,-133.22354639711477,3,1
2012-10-27 20:56:02.129628+00:00,40.0,40.0,40.0,24955.01290949685,21.466732450702963,-120.00464002922632,4,2
2012-10-27 20:57:02.129628+00:00,40.0,40.0,40.0,24955.01290949685,21.466732450702963,-120.00464002922632,4,2
2012-10-28 14:47:02.129463+00:00,7.75,16.81,25.59,2319.180916992585,13.164269576366202,-141.35202360633568,3,1
2012-10-28 14:52:02.129463+00:00,7.73,16.78,25.55,2435.3342378311945,13.376548960646508,-140.92746483777506,4,1
2012-10-28 14:57:02.129463+00:00,6.65,14.54,22.17,2685.817004093846,13.454559288153485,-140.77144418276112,4,1
2012-10-28 15:01:02.129463+00:00,6.59,14.42,21.98,2685.817004093846,13.454559288153485,-140.77144418276112,4,1
2012-10-28 16:14:02.129463+00:00,6.13,13.44,20.5,2057.1217723053323,13.01250068714888,-141.65556138477032,3,1
2012-10-28 16:19:02.129463+00:00,6.05,13.28,20.26,2590.982587999959,13.284614731614647,-141.11133329583882,3,1
2012-10-29 10:51:02.129381+00:00,7.95,17.21,26.2,2544.274248771607,13.210673985983044,-141.67029897055693,4,1
2012-10-29 10:55:02.129381+00:00,7.46,16.22,24.7,4271.7151115319375,14.08327321055011,-139.9251005214228,4,1
2012-10-29 11:00:02.129381+00:00,7.25,15.79,24.05,5359.545763281332,14.992355752640554,-138.10693543724193,5,1
2012-10-29 11:03:02.129381+00:00,7.1,15.48,23.58,3712.4452693174753,13.870172397098,-140.35130214832702,4,1
2012-10-29 11:10:02.129381+00:00,5.6,12.32,18.8,5359.545763281332,14.992355752640554,-138.10693543724193,3,1
2012-10-29 11:38:02.129381+00:00,0.76,1.72,2.63,14313.842276321731,17.23124657274662,-133.6291537970298,3,1
2012-10-29 11:47:02.129381+00:00,0.51,1.15,1.76,16367.302010800166,17.23124657274662,-133.6291537970298,3,1
2012-10-29 11:55:02.129381+00:00,0.51,1.15,1.76,16367.302010800166,16.795885348123782,-134.49987624627545,3,1
2012-10-29 12:02:02.129297+00:00,0.89,2.01,3.08,5300.27666235613,14.77243169336926,-141.49034468382396,3,1
2012-10-29 12:06:02.129297+00:00,1.33,3.0,4.59,28152.723727264492,19.677086799971256,-131.68103447061998,3,1
2012-10-29 12:15:02.129297+00:00,2.49,5.6,8.57,6370.688172764384,15.74322931604658,-139.54874943846934,3,1
2012-10-29 14:47:02.129297+00:00,9.9,21.19,32.2,1983.846453435204,13.138896144656222,-144.75741578125005,5,1
2012-10-29 14:51:02.129297+00:00,9.9,21.19,32.2,2026.4724397791565,13.328188667779806,-144.37883073500288,4,1
2012-10-29 14:54:02.129297+00:00,9.69,20.77,31.57,1983.846453435204,13.138896144656222,-144.75741578125005,5,1
2012-10-29 14:56:02.129297+00:00,9.69,20.77,31.57,1983.846453435204,13.138896144656222,-144.75741578125005,5,1
2012-10-29 15:01:02.129297+00:00,9.63,20.64,31.38,2069.0984261231083,13.435175075605024,-144.16485791935244,5,1
2012-10-29 15:07:02.129297+00:00,9.5,20.39,30.99,2028.243725597073,13.228472959750164,-144.57826215106218,4,1
2012-10-29 15:14:02.129297+00:00,9.55,20.48,31.13,1919.9013770381512,13.177326255582267,-144.68055555939793,4,1
2012-10-29 15:15:02.129297+00:00,9.55,20.48,31.13,1919.9013770381512,13.177326255582267,-144.68055555939793,4,1
2012-10-29 15:21:02.129297+00:00,9.64,20.68,31.43,1646.5550228240174,12.919477435559514,-145.19625319944345,3,1
2012-10-29 18:10:02.129297+00:00,6.28,13.76,20.98,8600.90676848882,16.284612309572765,-138.46598345141695,3,1
2012-10-29 18:19:02.129297+00:00,5.87,12.9,19.68,7786.934963842584,16.041399893450258,-138.95240828366195,3,1
2012-10-29 18:28:02.129297+00:00,5.87,12.9,19.68,3182.0926662302995,14.118237691634636,-142.7987326872932,3,1
2012-10-29 19:06:02.129297+00:00,5.87,12.9,19.68,6180.4912898913635,15.696413646307636,-139.6423807779472,3,1
2012-10-29 19:12:02.129297+00:00,16.75,34.91,40.0,28985.06066580263,23.139085568230023,-124.75703693410244,6,1
2012-10-29 19:17:02.129297+00:00,16.75,34.91,40.0,28985.06066580263,23.139085568230023,-124.75703693410244,6,1
2012-10-29 19:18:02.129297+00:00,16.75,34.91,40.0,28985.06066580263,23.139085568230023,-124.75703693410244,6,3
2012-10-29 19:27:02.129297+00:00,16.75,34.91,40.0,47404.26983968738,25.11109145158743,-120.81302516738762,5,1
2012-10-30 07:23:02.129215+00:00,0.01,0.03,0.08,3427.3748183756416,17.459388814503047,-132.086902888979,3,2
2012-10-30 07:24:02.129215+00:00,0.01,0.03,0.08,3427.3748183756416,17.459388814503047,-132.086902888979,3,1
2012-11-01 17:23:02.128801+00:00,16.07,33.55,40.0,9788.1315306695,21.03315056466564,-125.43681304352027,5,2
2012-11-01 17:24:02.128801+00:00,16.07,33.55,40.0,9788.1315306695,21.03315056466564,-125.43681304352027,5,3
2012-11-04 20:42:02.128305+00:00,9.11,19.59,29.79,2262.245613043688,12.841427109982902,-141.42879552470848,3,1
2012-11-04 20:46:02.128305+00:00,9.08,19.53,29.69,2262.245613043688,12.841427109982902,-141.42879552470848,3,1
2012-11-04 20:50:02.128305+00:00,8.95,19.27,29.31,2262.245613043688,12.841427109982902,-141.42879552470848,3,1
2012-11-04 21:06:02.128305+00:00,7.86,17.03,25.92,5013.327910332348,14.33237112823168,-138.4469074882109,3,1
2012-11-04 21:15:02.128305+00:00,7.57,16.44,25.03,6044.247436208562,14.62790179556558,-137.85584615354313,4,1
2012-11-04 21:20:02.128305+00:00,7.1,15.48,23.58,6044.247436208562,14.610033730468537,-137.89158228373722,4,1
2012-11-04 21:24:02.128305+00:00,7.13,15.54,23.67,6044.247436208562,14.610033730468537,-137.89158228373722,4,1
2012-11-04 21:28:02.128305+00:00,5.7,12.55,19.15,6064.934519634406,14.923432462899482,-137.26478481887534,3,1
2012-11-04 21:43:02.128305+00:00,0.39,0.88,1.36,9003.807708104094,15.574684150414202,-135.96228144384588,3,1
2012-11-04 21:48:02.128305+00:00,0.01,0.02,0.05,9245.93785079343,15.592622480051215,-135.92640478457184,4,1
2012-11-04 21:52:02.128305+00:00,0.01,0.02,0.05,9245.93785079343,15.592622480051215,-135.92640478457184,4,1
2012-11-04 21:58:02.128305+00:00,2.13,4.81,7.36,9756.739604892053,16.078786232004067,-134.95407728066616,3,1
2012-11-04 22:07:02.128305+00:00,2.37,5.33,8.15,16518.605898191494,17.045750791893603,-133.0201481608871,3,1
2012-11-04 22:14:02.128305+00:00,2.78,6.25,9.57,15404.218403731113,16.883310883984386,-133.34502797670552,4,1
2012-11-04 22:18:02.128305+00:00,3.04,6.81,10.42,12921.874559509944,16.504958184309654,-134.101733376055,4,1
2012-11-04 22:22:02.128305+00:00,3.14,7.03,10.76,11553.918209749156,16.289045392544143,-134.533558959586,5,1
2012-11-04 22:25:02.128305+00:00,3.16,7.08,10.83,11396.605474613978,16.251959359727262,-134.60773102521978,5,1
2012-11-04 22:29:02.128305+00:00,3.43,7.68,11.74,7615.356771973371,15.236959401566562,-136.63773094154118,5,1
2012-11-04 22:34:02.128305+00:00,3.54,7.92,12.12,4485.6973847481895,14.315445296147706,-138.48075915237888,5,1
2012-11-04 22:38:02.128305+00:00,3.45,7.72,11.8,2676.6978355992296,13.550483670439297,-140.0106824037957,5,1
2012-11-04 22:43:02.128305+00:00,3.51,7.84,11.99,2438.4994552390817,13.550483670439297,-140.0106824037957,5,1
2012-11-04 22:48:02.128305+00:00,3.84,8.56,13.08,2438.4994552390817,13.6116005970912,-139.8884485504919,5,1
2012-11-04 22:52:02.128305+00:00,3.87,8.63,13.2,2778.0244849551254,13.75329084822246,-139.60506804822938,4,1
2012-11-04 22:56:02.128305+00:00,4.34,9.64,14.73,2778.0244849551254,13.75329084822246,-139.60506804822938,4,1
2012-11-04 23:29:02.128305+00:00,7.76,16.84,25.64,1805.680291959716,12.432181256198843,-142.24728723227662,4,1
2012-11-04 23:32:02.128305+00:00,6.17,13.54,20.65,1805.680291959716,12.432181256198843,-142.24728723227662,4,1
2012-11-04 23:35:02.128305+00:00,5.66,12.45,19.0,1805.680291959716,12.432181256198843,-142.24728723227662,4,2
2012-11-05 00:17:02.128223+00:00,6.28,13.76,20.98,2470.213365787117,12.79822501596236,-141.4243390730545,3,1
2012-11-05 00:24:02.128223+00:00,6.25,13.7,20.89,2470.213365787117,12.388935550202753,-142.24291800457374,3,1
2012-11-05 00:30:02.128223+00:00,6.2,13.6,20.74,3148.7969892868905,13.23390029130602,-140.5529885223672,3,1
2012-11-05 00:39:02.128223+00:00,5.9,12.97,19.78,3132.636234332873,13.23390029130602,-140.5529885223672,3,1
2012-11-05 00:57:02.128223+00:00,7.92,17.15,26.11,2495.0666051280978,12.443971250455816,-142.1328466040676,3,1
2012-11-05 01:02:02.128223+00:00,7.75,16.81,25.59,2495.0666051280978,12.443971250455816,-142.1328466040676,5,1
2012-11-05 01:04:02.128223+00:00,7.73,16.78,25.55,2495.0666051280978,12.443971250455816,-142.1328466040676,5,1
2012-11-05 01:09:02.128223+00:00,7.89,17.09,26.01,2926.820274040132,13.241180527354812,-140.5384280502696,5,1
2012-11-05 01:12:02.128223+00:00,7.84,16.99,25.87,3106.1287805468833,13.364401170481155,-140.29198676401694,6,1
2012-11-05 01:16:02.128223+00:00,7.89,17.09,26.01,3162.361726053451,13.364401170481155,-140.29198676401694,4,1
2012-11-05 01:20:02.128223+00:00,7.98,17.27,26.3,3868.9922437428463,13.760485348783916,-139.4998184074114,4,1
2012-11-05 01:26:02.128223+00:00,7.84,16.99,25.87,4340.081309418923,14.044137563536903,-138.93251397790544,3,1
2012-11-05 01:32:02.128223+00:00,7.52,16.34,24.89,4329.30556734281,14.038743223748618,-138.943302657482,4,1
2012-11-05 01:37:02.128223+00:00,7.57,16.44,25.03,4685.7679146838545,14.14588179724984,-138.72902551047957,4,1
2012-11-05 01:41:02.128223+00:00,7.55,16.41,24.98,4685.7679146838545,14.14588179724984,-138.72902551047957,4,1
2012-11-05 01:47:02.128223+00:00,7.64,16.59,25.27,4229.435539612222,14.0949130251725,-138.83096305463422,3,1
2012-11-05 01:52:02.128223+00:00,7.8,16.9,25.73,4229.435539612222,14.0949130251725,-138.83096305463422,3,1
2012-11-05 01:58:02.128223+00:00,7.54,16.37,24.94,4158.102234409379,13.854005106920424,-139.31277889113838,3,1
2012-11-05 02:03:02.128223+00:00,7.58,16.47,25.08,3618.5956927715033,13.632377965622023,-139.7560331737352,3,1
2012-11-05 02:09:02.128223+00:00,8.55,18.46,28.08,3389.0682629618495,13.629781245391284,-139.7612266141967,4,1
2012-11-05 02:13:02.128223+00:00,8.43,18.21,27.7,3377.335761882716,13.62718452516055,-139.76642005465814,5,1
2012-11-05 02:18:02.128223+00:00,8.55,18.46,28.08,3049.5697811613636,13.62718452516055,-139.76642005465814,5,1
2012-11-05 02:22:02.128223+00:00,8.62,18.58,28.27,3036.153073431343,13.62718452516055,-139.76642005465814,5,1
2012-11-05 02:26:02.128223+00:00,8.6,18.55,28.22,2785.173404670941,13.162810999873988,-140.69516710523126,5,1
2012-11-05 02:32:02.128223+00:00,8.52,18.39,27.99,2443.795742224155,12.972317116739877,-141.07615487149948,4,1
2012-11-05 02:33:02.128223+00:00,8.71,18.77,28.55,2102.4180797773697,12.781823233605763,-141.4571426377677,3,1
2012-11-05 02:44:02.128223+00:00,6.76,14.76,22.5,1682.151697890689,11.902686728511268,-143.21541564795672,4,1
2012-11-05 02:48:02.128223+00:00,6.83,14.92,22.73,1682.151697890689,11.902686728511268,-143.21541564795672,4,1
2012-11-05 02:50:02.128223+00:00,6.8,14.85,22.64,1682.151697890689,11.902686728511268,-143.21541564795672,4,1
2012-11-05 02:52:02.128223+00:00,6.85,14.95,22.78,1693.1140365724937,11.92312701461059,-143.17453507575806,5,1
2012-11-05 03:00:02.128223+00:00,15.98,33.37,40.0,1824.809385264705,11.836180211641032,-143.3484286816972,5,1
2012-11-05 03:05:02.128223+00:00,15.98,33.37,40.0,1918.1964455813836,11.84776205588676,-143.32526499320574,6,1
2012-11-05 03:08:02.128223+00:00,16.03,33.46,40.0,1918.1964455813836,11.84776205588676,-143.32526499320574,6,1
2012-11-05 03:10:02.128223+00:00,16.09,33.6,40.0,1906.4890341131072,11.859343900132489,-143.30210130471426,7,1
2012-11-05 03:11:02.128223+00:00,7.52,16.34,24.89,1906.4890341131072,11.859343900132489,-143.30210130471426,7,1
2012-11-05 03:15:02.128223+00:00,7.06,15.38,23.44,1929.90385704966,12.239370278045246,-142.54204854888874,7,1
2012-11-05 03:18:02.128223+00:00,6.94,15.13,23.06,2220.5380180993016,12.480274976265656,-142.0602391524479,6,1
2012-11-05 03:21:02.128223+00:00,6.92,15.1,23.02,2573.7409978411174,12.73408353428054,-141.55262203641814,6,1
2012-11-05 03:24:02.128223+00:00,6.7,14.64,22.31,2573.7409978411174,12.73408353428054,-141.55262203641814,6,1
2012-11-05 03:28:02.128223+00:00,6.44,14.1,21.51,2680.5902119786206,12.73408353428054,-141.55262203641814,6,1
2012-11-05 03:31:02.128223+00:00,6.08,13.35,20.36,3135.53994708834,13.159672863546348,-140.70144337788656,5,1
2012-11-05 03:37:02.128223+00:00,6.43,14.07,21.46,3376.5714347330513,13.170227489825589,-140.68033412532807,6,1
2012-11-05 03:39:02.128223+00:00,6.38,13.98,21.32,3414.441888361169,13.180782116104828,-140.65922487276958,5,1
2012-11-05 03:42:02.128223+00:00,6.47,14.17,21.6,3727.4093559519742,13.519424534293874,-139.9819400363915,5,1
2012-11-05 03:47:02.128223+00:00,6.68,14.61,22.26,3414.441888361169,13.180782116104828,-140.65922487276958,7,1
2012-11-05 03:50:02.128223+00:00,6.67,14.57,22.22,3388.678080816144,13.161987913881694,-140.69681327721582,6,1
2012-11-05 03:52:02.128223+00:00,6.73,14.7,22.4,3362.9142732711193,13.09833387901968,-140.82412134693988,7,1
2012-11-05 03:56:02.128223+00:00,6.85,14.95,22.78,2946.113683659948,12.764312358740382,-141.4921643874985,7,1
2012-11-05 03:59:02.128223+00:00,5.44,12.0,18.31,2440.6058777813096,12.583065984951896,-141.85465713507543,7,1
2012-11-05 04:01:02.128223+00:00,5.52,12.16,18.56,2295.8223230626636,12.485748025569464,-142.0492930538403,6,1
2012-11-05 04:04:02.128223+00:00,5.82,12.81,19.54,2132.3474593505916,12.403400216390448,-142.21398867219835,6,1
2012-11-05 04:07:02.128223+00:00,5.61,12.35,18.85,2113.656150357166,12.38843006618703,-142.24392897260518,5,1
2012-11-05 04:13:02.128223+00:00,5.3,11.7,17.86,2093.6797567876433,12.361442250331434,-142.2979046043164,4,1
2012-11-05 04:18:02.128223+00:00,8.4,18.14,27.61,1789.202415458806,11.93771174347442,-143.1453656180304,3,1
2012-11-05 04:23:02.128223+00:00,8.63,18.61,28.32,1789.202415458806,11.93771174347442,-143.1453656180304,3,1
2012-11-05 05:55:02.128223+00:00,6.68,14.61,22.26,2921.4172543145255,12.772128436312167,-141.4765322323549,3,1
2012-11-05 06:00:02.128223+00:00,25.85,40.0,40.0,2921.4172543145255,12.861934991095849,-141.29691912278756,3,1
2012-11-05 06:09:02.128223+00:00,26.39,40.0,40.0,3170.0166190429763,13.259763590272048,-140.50126192443514,4,1
2012-11-05 06:13:02.128223+00:00,5.5,12.13,18.51,3009.0751860860137,12.94405396122362,-141.132681182532,5,1
2012-11-05 06:16:02.128223+00:00,5.46,12.03,18.36,2863.3303267827255,13.10313535612674,-140.81451839272574,6,1
2012-11-05 06:20:02.128223+00:00,5.7,12.55,19.15,2893.6599475030916,13.262216751029856,-140.49635560291952,7,1
2012-11-05 06:22:02.128223+00:00,5.69,12.52,19.1,2812.3235735067165,13.15467686991066,-140.7114353651579,8,1
2012-11-05 06:26:02.128223+00:00,5.87,12.9,19.68,2893.6599475030916,13.262216751029856,-140.49635560291952,9,1
2012-11-05 06:27:02.128223+00:00,5.95,13.06,19.93,2812.3235735067165,13.15467686991066,-140.7114353651579,8,1
2012-11-05 06:30:02.128223+00:00,6.01,13.19,20.12,2881.1562639673343,13.15467686991066,-140.7114353651579,8,1
2012-11-05 06:32:02.128223+00:00,5.99,13.16,20.07,2881.1562639673343,13.15467686991066,-140.7114353651579,8,1
2012-11-05 06:34:02.128223+00:00,11.17,23.75,36.05,2881.1562639673343,13.15467686991066,-140.7114353651579,8,1
2012-11-05 06:35:02.128223+00:00,11.05,23.51,35.7,2881.1562639673343,13.15467686991066,-140.7114353651579,8,1
2012-11-05 06:39:02.128223+00:00,10.22,21.85,33.19,2881.1562639673343,13.009575373613616,-141.001638357752,8,1
2012-11-05 06:43:02.128223+00:00,6.55,14.32,21.84,2812.6711777559603,12.83906235835316,-141.3426643882729,8,1
2012-11-05 06:46:02.128223+00:00,6.49,14.2,21.65,2756.689775080344,12.820452694143505,-141.37988371669223,7,1
2012-11-05 06:48:02.128223+00:00,6.73,14.7,22.4,2812.6711777559603,12.83906235835316,-141.3426643882729,8,1
2012-11-05 06:51:02.128223+00:00,6.77,14.79,22.55,2428.9707276160143,12.763441441612486,-141.49390622175426,9,1
2012-11-05 06:53:02.128223+00:00,6.79,14.82,22.59,2300.4573540088004,12.56988950171296,-141.88101010155333,8,1
2012-11-05 06:54:02.128223+00:00,6.79,14.82,22.59,2300.4573540088004,12.56988950171296,-141.88101010155333,8,1
2012-11-05 06:56:02.128223+00:00,6.76,14.76,22.5,2592.830251348179,12.810556732087653,-141.3996756408039,8,1
2012-11-05 06:58:02.128223+00:00,6.76,14.76,22.5,2592.830251348179,12.810556732087653,-141.3996756408039,8,1
2012-11-05 06:59:02.128223+00:00,6.76,14.76,22.5,2300.4573540088004,12.562713101386183,-141.89536290220687,8,1
2012-11-05 07:06:02.128223+00:00,6.85,14.95,22.78,2133.738412145963,12.361984761159883,-142.29681958265948,5,1
2012-11-05 07:09:02.128223+00:00,6.79,14.82,22.59,2073.8989118035693,12.361984761159883,-142.29681958265948,3,1
2012-11-05 08:41:02.128223+00:00,3.54,7.92,12.12,2314.292239080247,12.66214947407781,-141.6964901568236,4,1
2012-11-05 08:44:02.128223+00:00,3.22,7.21,11.03,2242.6153729158814,12.57848780727024,-141.86381349043876,5,1
2012-11-05 08:47:02.128223+00:00,3.02,6.77,10.35,2314.292239080247,12.66214947407781,-141.6964901568236,6,1
2012-11-05 08:50:02.128223+00:00,2.21,4.99,7.64,2314.292239080247,12.66214947407781,-141.6964901568236,6,1
2012-11-05 08:54:02.128223+00:00,2.02,4.56,6.99,2623.8932200167196,12.74581114088538,-141.52916682320847,7,1
2012-11-05 08:57:02.128223+00:00,2.21,4.99,7.64,2718.444036354793,13.356528631935769,-140.30773184110768,7,1
2012-11-05 09:00:02.128223+00:00,1.91,4.31,6.59,2893.1477337651563,13.388140552647869,-140.2445079996835,7,1
2012-11-05 09:03:02.128223+00:00,2.08,4.69,7.18,2962.4726270471756,13.412269578263066,-140.1962499484531,8,1
2012-11-05 09:06:02.128223+00:00,1.91,4.31,6.59,3089.75095149965,13.50083398647092,-140.0191211320374,8,1
2012-11-05 09:08:02.128223+00:00,1.85,4.17,6.39,3147.7043826701056,13.565269369063577,-139.8902503668521,7,1
2012-11-05 09:11:02.128223+00:00,1.72,3.89,5.96,2962.4726270471756,13.396463617907015,-140.2278618691652,8,1
2012-11-05 09:13:02.128223+00:00,1.59,3.59,5.5,2893.1477337651563,13.436398603878263,-140.1479918972227,7,1
2012-11-05 09:16:02.128223+00:00,0.95,2.14,3.28,2526.5857013681334,13.01879542923206,-140.98319824651512,8,1
2012-11-05 09:18:02.128223+00:00,1.0,2.27,3.47,2526.5857013681334,13.01879542923206,-140.98319824651512,8,1
2012-11-05 09:20:02.128223+00:00,0.89,2.01,3.08,2334.836750068954,13.01879542923206,-140.98319824651512,8,1
2012-11-05 09:23:02.128223+00:00,0.83,1.87,2.87,2334.836750068954,13.01879542923206,-140.98319824651512,6,1
2012-11-05 09:26:02.128223+00:00,0.89,2.01,3.08,2303.842670585569,12.849744472840484,-141.32130015929826,5,1
2012-11-05 09:28:02.128223+00:00,1.0,2.27,3.47,2134.6352891360325,13.01879542923206,-140.98319824651512,6,1
2012-11-05 09:36:02.128223+00:00,2.13,4.81,7.36,2576.134199237965,13.700336641973308,-139.62011582103264,6,1
2012-11-05 09:39:02.128223+00:00,2.49,5.6,8.57,2968.627403826071,13.824421892524787,-139.3719453199297,6,1
2012-11-05 09:40:02.128223+00:00,2.49,5.6,8.57,2968.627403826071,13.824421892524787,-139.3719453199297,6,1
2012-11-05 09:42:02.128223+00:00,2.58,5.8,8.88,3464.7910888785896,13.882944632902763,-139.2548998391737,8,1
2012-11-05 09:45:02.128223+00:00,2.69,6.06,9.27,3464.7910888785896,13.882944632902763,-139.2548998391737,10,1
2012-11-05 09:48:02.128223+00:00,2.87,6.44,9.86,3525.170122771302,13.882944632902763,-139.2548998391737,10,1
2012-11-05 09:50:02.128223+00:00,2.93,6.58,10.07,3840.753097995399,13.87857034867639,-139.26364840762645,9,1
2012-11-05 09:52:02.128223+00:00,2.72,6.1,9.34,3840.753097995399,13.893352541795226,-139.23408402138878,9,1
2012-11-05 09:53:02.128223+00:00,2.72,6.1,9.34,3840.753097995399,13.893352541795226,-139.23408402138878,9,1
2012-11-05 09:54:02.128223+00:00,2.78,6.25,9.57,3840.753097995399,13.893352541795226,-139.23408402138878,9,1
2012-11-05 09:56:02.128223+00:00,2.8,6.3,9.64,3721.1301599167655,13.885961445235807,-139.2488662145076,8,1
2012-11-05 09:58:02.128223+00:00,2.89,6.49,9.93,3601.5072218381324,13.893352541795226,-139.23408402138878,7,1
2012-11-05 10:01:02.128223+00:00,2.8,6.3,9.64,3405.5471846926685,13.821995915074012,-139.3767972748312,6,1
2012-11-05 10:40:02.128223+00:00,6.17,13.54,20.65,2610.712032085003,13.075735206482577,-140.86931869201408,3,1
2012-11-05 10:45:02.128223+00:00,6.16,13.51,20.6,2462.2882167682837,12.77676456538166,-141.46725997421592,4,1
2012-11-05 10:49:02.128223+00:00,6.38,13.98,21.32,2462.2882167682837,12.77676456538166,-141.46725997421592,6,1
2012-11-05 10:52:02.128223+00:00,6.46,14.14,21.55,2372.047863570094,12.735941606522433,-141.5489058919344,6,1
2012-11-05 10:55:02.128223+00:00,6.61,14.45,22.03,2333.85099818602,12.66447710516244,-141.69183489465436,6,1
2012-11-05 10:58:02.128223+00:00,6.61,14.45,22.03,2237.470670683417,12.547111356747427,-141.9265663914844,7,1
2012-11-05 11:01:02.128223+00:00,6.68,14.61,22.26,2216.704226408925,12.440988139154094,-142.13881282667106,6,1
2012-11-05 11:04:02.128223+00:00,6.88,15.01,22.88,2237.470670683417,12.547111356747427,-141.9265663914844,5,1
2012-11-05 11:07:02.128223+00:00,7.07,15.41,23.49,2216.704226408925,12.440988139154094,-142.13881282667106,4,1
2012-11-05 18:35:02.128140+00:00,8.62,18.58,28.27,2330.2757399341135,13.11448814674856,-142.4880025387161,3,1
2012-11-05 18:41:02.128140+00:00,8.33,17.99,27.37,2330.2757399341135,13.11448814674856,-142.4880025387161,3,1
2012-11-05 22:04:02.128140+00:00,9.3,19.97,30.36,2267.1948705626073,13.109067253507837,-142.49884432519758,3,1
2012-11-05 22:08:02.128140+00:00,9.03,19.43,29.55,2383.945020806306,13.31259846178153,-142.09178190865018,4,1
2012-11-05 22:13:02.128140+00:00,9.03,19.43,29.55,2383.945020806306,13.31259846178153,-142.09178190865018,4,1
2012-11-05 22:17:02.128140+00:00,9.22,19.81,30.12,2512.3975864177673,13.564305419326171,-141.5883679935609,4,1
2012-11-05 22:24:02.128140+00:00,9.14,19.65,29.89,2476.879862348829,13.518788529900622,-141.67940177241198,4,1
2012-11-05 22:28:02.128140+00:00,9.45,20.29,30.85,2453.064553647656,13.52144738974602,-141.67408405272118,3,1
2012-11-05 22:33:02.128140+00:00,9.42,20.23,30.75,2453.064553647656,13.581672787976071,-141.5536332562611,5,1
2012-11-05 22:38:02.128140+00:00,9.08,19.53,29.69,2434.767148101335,13.551560088861043,-141.61385865449114,4,1
2012-11-05 22:42:02.128140+00:00,9.23,19.84,30.17,2416.4697425550144,13.52144738974602,-141.67408405272118,5,1
2012-11-05 22:46:02.128140+00:00,9.41,20.2,30.7,2182.980363158143,13.264262649558349,-142.18845353309655,4,1
2012-11-05 22:51:02.128140+00:00,3.84,8.56,13.08,1949.490983761272,12.946852511140625,-142.82327380993198,3,1
2012-11-06 03:37:02.128058+00:00,7.89,17.09,26.01,2951.584616550904,13.401959267090492,-142.51124841982124,3,1
2012-11-06 03:42:02.128058+00:00,7.86,17.03,25.92,2951.584616550904,13.401959267090492,-142.51124841982124,3,1
2012-11-06 03:47:02.128058+00:00,7.72,16.75,25.5,3394.977947745102,13.603801872354484,-142.10756320929326,4,1
2012-11-06 03:53:02.128058+00:00,6.88,15.01,22.88,3871.376142333739,14.117911773756203,-141.0793434064898,3,1
2012-11-06 04:01:02.128058+00:00,6.4,14.01,21.36,5522.820548628356,14.692840566321465,-139.9294858213593,3,1
2012-11-06 04:06:02.128058+00:00,5.87,12.9,19.68,5522.820548628356,14.84494181389344,-139.62528332621534,5,1
2012-11-06 04:11:02.128058+00:00,5.35,11.8,18.01,5450.186608745936,14.84494181389344,-139.62528332621534,5,1
2012-11-06 04:13:02.128058+00:00,5.36,11.83,18.06,5450.186608745936,14.84494181389344,-139.62528332621534,5,1
2012-11-06 04:14:02.128058+00:00,5.36,11.83,18.06,5450.186608745936,14.84494181389344,-139.62528332621534,5,1
2012-11-06 04:20:02.128058+00:00,5.11,11.3,17.26,3141.530577376107,14.293954688409972,-140.72725757718229,6,1
2012-11-06 04:26:02.128058+00:00,4.88,10.79,16.49,2926.591423349117,13.623349373222748,-142.06846820755675,4,1
2012-11-06 04:29:02.128058+00:00,5.32,11.73,17.91,3379.249990823089,13.752311302702369,-141.8105443485975,5,1
2012-11-06 04:33:02.128058+00:00,3.69,8.24,12.61,3379.249990823089,13.752311302702369,-141.8105443485975,5,1
2012-11-06 04:37:02.128058+00:00,3.08,6.9,10.56,3643.5449537890586,13.874678922628831,-141.56580910874456,4,1
2012-11-06 04:42:02.128058+00:00,3.0,6.72,10.28,3907.839916755028,13.997046542555292,-141.32107386889163,3,1
2012-11-06 05:10:02.128058+00:00,2.6,5.85,8.96,5832.069429954454,14.652524206443378,-140.01011854111547,3,1
2012-11-06 05:20:02.128058+00:00,2.74,6.15,9.42,5832.069429954454,14.652524206443378,-140.01011854111547,3,1
2012-11-06 05:28:02.128058+00:00,2.85,6.39,9.79,3861.778068680972,13.927187759290897,-141.46079143542045,4,1
2012-11-06 05:32:02.128058+00:00,3.45,7.72,11.8,3097.607340160705,13.543874754760925,-142.22741744448038,3,1
2012-11-06 05:37:02.128058+00:00,3.56,7.96,12.18,3061.3231961736933,13.609469224194957,-142.09622850561232,4,1
2012-11-06 05:42:02.128058+00:00,3.43,7.68,11.74,2687.166009404331,13.350369046801577,-142.61442886039907,4,1
2012-11-06 05:51:02.128058+00:00,3.76,8.4,12.85,2349.29296662198,13.602944183082116,-142.109278587838,3,1
2012-11-06 05:56:02.128058+00:00,3.99,8.9,13.61,1693.6602913491536,12.856567971589662,-143.60203101082288,3,1
2012-11-06 06:04:02.128058+00:00,4.8,10.62,16.23,1911.8323880836883,12.631505578302283,-144.05215579739766,4,1
2012-11-06 06:09:02.128058+00:00,5.07,11.2,17.1,1911.8323880836883,12.631505578302283,-144.05215579739766,4,1
2012-11-06 06:13:02.128058+00:00,5.69,12.52,19.1,2183.3338814447434,13.058501378122829,-143.19816419775657,5,1
2012-11-06 06:18:02.128058+00:00,5.92,13.0,19.83,3903.8028682172753,14.280566658497817,-140.7540336370066,5,1
2012-11-06 06:21:02.128058+00:00,6.25,13.7,20.89,4209.116912662095,14.345188614968404,-140.6247897240654,6,1
2012-11-06 06:24:02.128058+00:00,6.35,13.92,21.22,4214.73166002621,14.37187191569518,-140.57142312261186,6,1
2012-11-06 06:29:02.128058+00:00,6.23,13.66,20.84,4270.148843525451,14.37187191569518,-140.57142312261186,6,2
2012-11-06 06:33:02.128058+00:00,6.4,14.01,21.36,3915.0323629455065,14.33393325995137,-140.6473004340995,7,1
2012-11-06 06:35:02.128058+00:00,6.62,14.48,22.07,3915.0323629455065,14.33393325995137,-140.6473004340995,7,1
2012-11-06 06:40:02.128058+00:00,6.8,14.85,22.64,3915.0323629455065,14.33393325995137,-140.6473004340995,7,1
2012-11-06 06:41:02.128058+00:00,6.8,14.85,22.64,3915.0323629455065,14.33393325995137,-140.6473004340995,7,1
2012-11-06 06:44:02.128058+00:00,7.52,16.34,24.89,4551.749516754641,14.169052042892776,-140.97706286821668,7,1
2012-11-06 06:46:02.128058+00:00,7.61,16.53,25.17,3414.6012820920178,13.603003768456844,-142.1091594170885,6,1
2012-11-06 06:49:02.128058+00:00,7.66,16.62,25.31,4031.583725158189,13.759914125460778,-141.79533870308066,7,1
2012-11-06 06:53:02.128058+00:00,7.67,16.65,25.36,3783.563627666133,13.683439712520336,-141.94828752896154,6,1
2012-11-06 06:58:02.128058+00:00,7.75,16.81,25.59,3535.5435301740767,13.606965299579894,-142.10123635484246,5,1
2012-11-06 07:03:02.128058+00:00,7.98,17.27,26.3,3371.986626760622,13.554176689133978,-142.20681357573426,4,1
2012-11-06 07:08:02.128058+00:00,7.98,17.27,26.3,3371.986626760622,13.554176689133978,-142.20681357573426,4,1
2012-11-06 07:12:02.128058+00:00,8.33,17.99,27.37,3208.429723347167,13.50138807868806,-142.3123907966261,3,1
2012-11-06 09:37:02.128058+00:00,5.95,13.06,19.93,4269.259181838629,14.016404083694775,-141.28235878661266,3,1
2012-11-06 11:18:02.128058+00:00,2.69,6.06,9.27,9700.13166670006,15.78346054272492,-137.74824586855237,3,1
2012-11-06 12:24:02.127975+00:00,1.97,4.44,6.79,2446.752831851572,12.527169804746398,-139.12964459768452,3,1
2012-11-06 12:31:02.127975+00:00,2.8,6.3,9.64,2446.752831851572,12.527169804746398,-139.12964459768452,3,1
2012-11-06 13:48:02.127975+00:00,5.9,12.97,19.78,1942.3503544434543,12.097636568856991,-139.9887110694633,3,1
2012-11-06 13:52:02.127975+00:00,6.55,14.32,21.84,1942.3503544434543,12.097636568856991,-139.9887110694633,5,1
2012-11-06 13:55:02.127975+00:00,6.77,14.79,22.55,1942.3503544434543,12.097636568856991,-139.9887110694633,5,1
2012-11-06 13:58:02.127975+00:00,6.77,14.79,22.55,1942.3503544434543,12.097636568856991,-139.9887110694633,5,1
2012-11-06 14:02:02.127975+00:00,7.1,15.48,23.58,2113.571391649614,12.25785220080638,-139.66827980556457,3,1
2012-11-06 14:54:02.127975+00:00,22.12,40.0,40.0,8051.428955073194,14.891291506245729,-134.40140119468586,3,1
2012-11-06 15:00:02.127975+00:00,21.73,40.0,40.0,7694.238594698767,14.814705548928096,-134.55457310932113,4,1
2012-11-06 15:03:02.127975+00:00,21.58,40.0,40.0,7337.048234324341,14.73811959161046,-134.7077450239564,5,1
2012-11-06 15:08:02.127975+00:00,21.54,40.0,40.0,7694.238594698767,14.814705548928096,-134.55457310932113,4,1
2012-11-06 15:11:02.127975+00:00,1.15,2.6,3.99,8173.32562129205,15.013827028108164,-134.15633015096097,4,1
2012-11-06 15:18:02.127975+00:00,0.0,0.02,0.02,10619.20447361761,16.024609728557103,-132.1347647500631,4,1
2012-11-06 15:23:02.127975+00:00,0.0,0.02,0.02,10619.20447361761,16.024609728557103,-132.1347647500631,4,1
2012-11-06 15:27:02.127975+00:00,0.0,0.02,0.02,9167.504517057538,15.771499696382117,-132.6409848144131,5,1
2012-11-06 15:32:02.127975+00:00,0.0,0.02,0.02,6980.039171020062,15.215754056243792,-133.7524760946897,6,1
2012-11-06 15:34:02.127975+00:00,0.0,0.01,0.02,6206.240815491301,15.013639452212775,-134.15670530275176,5,1
2012-11-06 15:38:02.127975+00:00,0.0,0.01,0.02,6206.240815491301,15.013639452212775,-134.15670530275176,5,1
2012-11-06 15:42:02.127975+00:00,0.0,0.01,0.02,5761.043363112833,14.784639743975516,-134.61470471922627,4,1
2012-11-06 15:48:02.127975+00:00,0.0,0.02,0.02,5315.845910734365,15.013639452212775,-134.15670530275176,3,1
2012-11-06 15:59:02.127975+00:00,0.68,1.55,2.38,4469.121166573653,14.604629962684864,-134.9747242818076,3,1
2012-11-06 16:04:02.127975+00:00,0.68,1.55,2.38,4469.121166573653,14.604629962684864,-134.9747242818076,3,1
2012-11-06 16:08:02.127975+00:00,0.0,0.02,0.02,4631.31594753691,14.17560517042762,-135.8327738663221,4,1
2012-11-06 17:12:02.127975+00:00,4.55,10.1,15.43,3421.325523398314,18.939264020895727,-126.30545616538586,3,1
2012-11-06 17:21:02.127975+00:00,4.55,10.1,15.43,3421.325523398314,18.939264020895727,-126.30545616538586,3,2
2012-11-06 17:32:02.127975+00:00,0.01,0.03,0.08,6738.083088869482,14.822439671252024,-134.53910486467328,3,1
2012-11-06 17:36:02.127975+00:00,1.0,2.27,3.47,8564.665155293082,15.396741275689724,-133.3905016557979,4,1
2012-11-06 17:40:02.127975+00:00,1.28,2.9,4.45,6738.083088869482,14.822439671252024,-134.53910486467328,5,1
2012-11-06 17:44:02.127975+00:00,1.52,3.43,5.26,6718.417126055322,15.390250163951594,-133.40348387927412,5,1
2012-11-06 17:48:02.127975+00:00,0.95,2.14,3.28,5194.678509121504,15.390250163951594,-133.40348387927412,5,1
2012-11-06 17:50:02.127975+00:00,1.52,3.43,5.26,4790.035645501692,14.945957048140755,-134.2920701108958,4,1
2012-11-06 17:56:02.127975+00:00,0.0,0.02,0.02,4144.706426585321,14.17662984774261,-135.8307245116921,6,1
2012-11-06 18:00:02.127975+00:00,0.0,0.01,0.02,4073.985446765493,14.141745814069411,-135.90049257903848,5,1
2012-11-06 18:03:02.127975+00:00,16.14,33.69,40.0,4073.985446765493,14.141745814069411,-135.90049257903848,5,1
2012-11-06 18:06:02.127975+00:00,0.0,0.01,0.02,3237.9609307516102,13.79204287842203,-136.59989845033326,5,1
2012-11-06 18:11:02.127975+00:00,0.0,0.02,0.02,3402.9937711641455,13.852425924103482,-136.47913235897036,4,1
2012-11-06 18:15:02.127975+00:00,0.01,0.02,0.05,4073.985446765493,14.21151388141581,-135.7609564443457,3,1
2012-11-06 19:43:02.127975+00:00,2.78,6.25,9.57,2431.3884741256193,12.983400210229725,-138.21718378671787,3,1
2012-11-06 19:47:02.127975+00:00,2.89,6.49,9.93,2440.848780021978,12.963933923252618,-138.25611636067208,4,1
2012-11-06 19:52:02.127975+00:00,2.8,6.3,9.64,2341.326488637368,12.849876780543948,-138.48423064608943,6,1
2012-11-06 19:55:02.127975+00:00,2.72,6.1,9.34,2431.3884741256193,12.755285924812384,-138.67341235755254,5,1
2012-11-06 19:58:02.127975+00:00,2.65,5.96,9.12,2226.1283231041334,12.594424890240823,-138.99513442669567,4,1
2012-11-06 20:01:02.127975+00:00,2.65,5.96,9.12,2226.1283231041334,12.594424890240823,-138.99513442669567,4,1
2012-11-06 21:02:02.127975+00:00,6.01,13.19,20.12,1774.857831115683,12.431855522978008,-139.3202731612213,3,1
2012-11-06 21:05:02.127975+00:00,5.6,12.32,18.8,1774.857831115683,12.431855522978008,-139.3202731612213,3,1
2012-11-06 21:09:02.127975+00:00,5.67,12.48,19.05,1812.348439126733,12.51591452516844,-139.15215515684042,4,1
2012-11-06 21:17:02.127975+00:00,5.07,11.2,17.1,1849.8390471377832,12.431855522978008,-139.3202731612213,3,1
2012-11-06 22:30:02.127975+00:00,6.62,14.48,22.07,2663.9859087346667,12.991717153368668,-138.20054990043997,3,1
2012-11-06 22:36:02.127975+00:00,6.55,14.32,21.84,4187.929581697986,13.814356562769396,-136.55527108163852,3,1
2012-11-06 22:42:02.127975+00:00,5.9,12.97,19.78,4481.884904138588,13.995594954838268,-136.19279429750077,3,1
2012-11-06 22:47:02.127975+00:00,6.53,14.29,21.79,5256.756713968513,14.053592098764389,-136.07680000964854,3,1
2012-11-06 22:54:02.127975+00:00,6.37,13.95,21.27,5256.756713968513,14.275448353833504,-135.6330874995103,3,1
2012-11-06 23:00:02.127975+00:00,6.56,14.36,21.88,4728.642017793487,14.049810477747982,-136.08436325168134,4,1
2012-11-06 23:05:02.127975+00:00,10.43,22.27,33.83,4277.985297272035,13.890445147941069,-136.40309391129517,4,1
2012-11-06 23:07:02.127975+00:00,10.45,22.31,33.88,4097.934629594854,13.734861439150558,-136.7142613288762,5,1
2012-11-06 23:12:02.127975+00:00,7.04,15.35,23.39,4097.934629594854,13.734861439150558,-136.7142613288762,5,1
2012-11-06 23:16:02.127975+00:00,10.16,21.71,32.99,2961.890217754966,12.85677142338236,-138.47044136041262,4,1
2012-11-06 23:19:02.127975+00:00,6.52,14.26,21.74,4590.200401103256,13.754726794551978,-136.67453061807336,4,1
2012-11-06 23:28:02.127975+00:00,5.86,12.87,19.64,4618.679190127103,13.798726193341704,-136.58653182049392,4,1
2012-11-06 23:33:02.127975+00:00,5.86,12.87,19.64,4154.892207642547,13.822860236730012,-136.5382637337173,3,1
2012-11-06 23:38:02.127975+00:00,5.96,13.09,19.97,4733.552337264713,14.045102402547691,-136.09377940208194,4,1
2012-11-06 23:45:02.127975+00:00,5.95,13.06,19.93,4357.402386656291,13.722651739131512,-136.7386807289143,3,1
2012-11-06 23:50:02.127975+00:00,5.92,13.0,19.83,4579.164829865572,13.722651739131512,-136.7386807289143,3,1
2012-11-07 00:00:02.127893+00:00,5.5,12.13,18.51,1881.1155386445384,13.619038058611416,-140.38714663031783,4,1
2012-11-07 00:06:02.127893+00:00,6.25,13.7,20.89,4850.944847186408,14.831372783069,-137.96247718140268,4,1
2012-11-07 00:08:02.127893+00:00,6.25,13.7,20.89,4850.944847186408,14.831372783069,-137.96247718140268,4,1
2012-11-07 00:13:02.127893+00:00,6.55,14.32,21.84,8790.801051996063,15.163928935249922,-137.29736487704082,4,1
2012-11-07 00:31:02.127893+00:00,7.61,16.53,25.17,9708.286296330883,15.325917124014644,-136.97338849951137,3,1
2012-11-07 00:38:02.127893+00:00,7.1,15.48,23.58,6165.987167677574,14.60583895246524,-138.41354484261018,4,1
2012-11-07 00:45:02.127893+00:00,6.56,14.36,21.88,3409.2258303716526,13.511834462284533,-140.6015538229716,5,1
2012-11-07 00:47:02.127893+00:00,6.56,14.36,21.88,3409.2258303716526,13.511834462284533,-140.6015538229716,5,1
2012-11-07 00:51:02.127893+00:00,5.75,12.65,19.29,2939.478932958123,12.870830005224292,-141.8835627370921,5,1
2012-11-07 00:54:02.127893+00:00,7.33,15.94,24.28,2981.7648605442873,12.82021846104275,-141.98478582545516,6,1
2012-11-07 00:59:02.127893+00:00,8.14,17.62,26.81,2981.7648605442873,12.82021846104275,-141.98478582545516,4,1
2012-11-07 01:02:02.127893+00:00,8.77,18.9,28.74,3018.1127967991906,12.849749559072896,-141.9257236293949,4,1
2012-11-07 01:11:02.127893+00:00,9.47,20.32,30.89,2513.5594531147335,12.65490919698658,-142.3154043535675,4,1
2012-11-07 01:12:02.127893+00:00,9.55,20.48,31.13,2513.5594531147335,12.65490919698658,-142.3154043535675,4,1
2012-11-07 01:19:02.127893+00:00,9.69,20.77,31.57,1852.7968183994096,12.27280804801058,-143.0796066515195,4,1
2012-11-07 01:22:02.127893+00:00,9.77,20.93,31.81,1690.6495360372826,12.005404618909209,-143.61441350972223,3,1
2012-11-07 09:41:02.127893+00:00,4.15,9.24,14.12,2430.771002076366,12.900976873675608,-141.82326900018944,6,1
2012-11-07 09:44:02.127893+00:00,3.84,8.56,13.08,2385.983524881789,13.245050287375731,-141.1351221727892,9,1
2012-11-07 09:46:02.127893+00:00,3.84,8.56,13.08,2430.771002076366,13.72543295299766,-140.17435684154535,10,1
2012-11-07 09:49:02.127893+00:00,3.84,8.56,13.08,2385.983524881789,13.975870764962576,-139.67348121761552,11,1
2012-11-07 09:50:02.127893+00:00,3.84,8.56,13.08,2385.983524881789,13.975870764962576,-139.67348121761552,11,1
2012-11-07 09:51:02.127893+00:00,3.84,8.56,13.08,2430.771002076366,14.07258736564038,-139.4800480162599,12,3
2012-11-07 09:53:02.127893+00:00,3.84,8.56,13.08,2475.5584792709437,14.169303966318186,-139.28661481490428,11,1
2012-11-07 09:56:02.127893+00:00,3.84,8.56,13.08,3918.6427483640055,14.07258736564038,-139.4800480162599,12,1
2012-11-07 09:58:02.127893+00:00,3.84,8.56,13.08,3958.3410690375217,14.169303966318186,-139.28661481490428,11,1
2012-11-07 10:01:02.127893+00:00,12.76,26.94,40.0,3878.944427690489,14.169303966318186,-139.28661481490428,9,1
2012-11-07 10:03:02.127893+00:00,7.31,15.91,24.24,3878.944427690489,13.975870764962576,-139.67348121761552,7,1
2012-11-07 10:06:02.127893+00:00,7.03,15.32,23.35,3878.944427690489,13.975870764962576,-139.67348121761552,5,1
2012-11-07 10:09:02.127893+00:00,6.73,14.7,22.4,4151.589321369157,14.060397470699272,-139.50442780614213,4,1
2012-11-07 11:44:02.127893+00:00,5.55,12.22,18.66,3454.7161096521295,13.965155032455892,-139.69491268262888,4,1
2012-11-07 11:46:02.127893+00:00,5.58,12.29,18.76,3366.1608335619503,13.845232097335863,-139.93475855286894,5,1
2012-11-07 11:49:02.127893+00:00,6.02,13.22,20.17,3366.1608335619503,13.845232097335863,-139.93475855286894,7,1
2012-11-07 11:52:02.127893+00:00,6.11,13.41,20.46,3333.6399384039614,13.74961301421078,-140.12599671911912,8,1
2012-11-07 11:54:02.127893+00:00,6.13,13.44,20.5,3333.6399384039614,13.74961301421078,-140.12599671911912,8,1
2012-11-07 11:57:02.127893+00:00,6.46,14.14,21.55,3390.6208517218224,13.74961301421078,-140.12599671911912,6,1
2012-11-07 11:59:02.127893+00:00,6.46,14.14,21.55,3390.6208517218224,13.74961301421078,-140.12599671911912,6,1
2012-11-07 12:01:02.127809+00:00,7.09,15.44,23.53,2608.6975226305044,12.606813699507578,-140.49050990373752,5,1
2012-11-07 12:04:02.127809+00:00,7.16,15.6,23.77,2587.66490556855,12.51573376573931,-140.67266977127406,6,1
2012-11-07 12:06:02.127809+00:00,7.19,15.66,23.86,2608.6975226305044,12.606813699507578,-140.49050990373752,7,1
2012-11-07 12:08:02.127809+00:00,7.21,15.69,23.91,2608.6975226305044,12.606813699507578,-140.49050990373752,7,1
2012-11-07 12:11:02.127809+00:00,7.45,16.19,24.66,2608.6975226305044,12.606813699507578,-140.49050990373752,9,1
2012-11-07 12:13:02.127809+00:00,7.48,16.25,24.75,2787.9988177554965,12.436606026417692,-140.8309252499173,9,1
2012-11-07 12:16:02.127809+00:00,7.57,16.44,25.03,2608.6975226305044,12.436606026417692,-140.8309252499173,9,1
2012-11-07 12:18:02.127809+00:00,7.58,16.47,25.08,2587.66490556855,12.430629929194366,-140.84287744436395,8,1
2012-11-07 12:20:02.127809+00:00,7.84,16.99,25.87,2566.632288506595,12.436606026417692,-140.8309252499173,7,1
2012-11-07 12:23:02.127809+00:00,7.96,17.24,26.25,2623.480553738186,12.221913187410138,-141.2603109279324,6,1
2012-11-07 12:26:02.127809+00:00,8.08,17.49,26.62,2320.6326578628114,12.204555408226469,-141.29502648629972,4,1
2012-11-07 12:51:02.127809+00:00,22.71,40.0,40.0,2454.3483752900142,12.250884133371471,-141.2023690360097,3,1
2012-11-07 12:55:02.127809+00:00,22.05,40.0,40.0,2393.6637501959312,12.207626454606594,-141.2888843935395,4,1
2012-11-07 13:00:02.127809+00:00,22.71,40.0,40.0,2444.677456423116,12.250884133371471,-141.2023690360097,5,1
2012-11-07 13:04:02.127809+00:00,5.75,12.65,19.29,2444.677456423116,12.325146577733436,-141.0538441472858,5,1
2012-11-07 13:08:02.127809+00:00,5.49,12.09,18.46,2332.979125101848,12.530792476291738,-140.64255235016918,5,1
2012-11-07 13:12:02.127809+00:00,5.41,11.93,18.21,2269.4625243842816,12.533272172361514,-140.63759295802964,5,1
2012-11-07 13:15:02.127809+00:00,5.33,11.77,17.96,2243.0965877710005,12.575555072500354,-140.55302715775196,4,1
2012-11-07 13:19:02.127809+00:00,4.99,11.03,16.85,2216.7306511577194,12.533272172361514,-140.63759295802964,3,1
2012-11-07 14:05:02.127809+00:00,2.13,4.81,7.36,2780.1741835824655,12.85338967965461,-139.99735794344346,3,1
2012-11-07 14:12:02.127809+00:00,0.0,0.02,0.02,1706.7340986101185,11.96875825544673,-141.76662079185922,3,1
2012-11-07 14:37:02.127809+00:00,1.15,2.6,3.99,1866.0532047123736,12.04351056072635,-141.61711618129996,3,1
2012-11-07 14:43:02.127809+00:00,1.37,3.09,4.73,3138.2310048740255,12.915193109513153,-139.87375108372638,3,1
2012-11-07 14:47:02.127809+00:00,1.15,2.6,3.99,2502.1421047931995,12.27747839197525,-141.14918051880218,4,1
2012-11-07 15:32:02.127809+00:00,6.11,13.41,20.46,2208.050823517391,12.042064665832076,-141.6200079710885,3,1
2012-11-07 15:38:02.127809+00:00,6.53,14.29,21.79,2186.147402837292,12.013964623296085,-141.6762080561605,4,1
2012-11-07 15:42:02.127809+00:00,6.53,14.29,21.79,2186.147402837292,12.013964623296085,-141.6762080561605,4,1
2012-11-07 15:47:02.127809+00:00,6.92,15.1,23.02,2186.147402837292,12.013964623296085,-141.6762080561605,4,1
2012-11-08 20:11:02.127644+00:00,10.12,21.65,32.89,2583.711943692585,13.02263764298358,-142.55999507298986,3,1
2012-11-08 20:20:02.127644+00:00,10.39,22.17,33.68,2294.1190747667247,12.889971383613016,-142.825327591731,5,1
2012-11-08 20:27:02.127644+00:00,10.42,22.24,33.78,2153.4906984697777,12.528021739793726,-143.54922687936957,5,1
2012-11-08 20:29:02.127644+00:00,10.34,22.08,33.53,2153.4906984697777,12.528021739793726,-143.54922687936957,5,1
2012-11-08 20:30:02.127644+00:00,10.43,22.27,33.83,1850.4312327668067,12.249740495053915,-144.1057893688492,4,1
2012-11-08 20:34:02.127644+00:00,10.7,22.81,34.63,1850.4312327668067,12.249740495053915,-144.1057893688492,4,1
2012-11-08 20:49:02.127644+00:00,14.47,30.37,40.0,1553.569118072876,12.25427900295788,-144.09671235304126,5,1
2012-11-08 20:50:02.127644+00:00,14.39,30.21,40.0,1553.569118072876,12.25427900295788,-144.09671235304126,5,1
2012-11-08 20:53:02.127644+00:00,17.13,35.66,40.0,1587.576387261176,12.317768065607526,-143.96973422774198,6,1
2012-11-08 20:54:02.127644+00:00,17.13,35.66,40.0,1587.576387261176,12.317768065607526,-143.96973422774198,6,1
2012-11-08 20:55:02.127644+00:00,17.08,35.57,40.0,1587.576387261176,12.317768065607526,-143.96973422774198,6,1
2012-11-08 21:01:02.127644+00:00,16.87,35.15,40.0,1583.2548002011426,12.317768065607526,-143.96973422774198,4,1
2012-11-08 22:12:02.127644+00:00,19.74,40.0,40.0,1870.9507440445304,12.50416759092464,-143.59693517710775,3,1
2012-11-08 22:33:02.127644+00:00,29.93,40.0,40.0,1896.779262342048,17.195359500031596,-134.21455135889383,5,1
2012-11-08 22:40:02.127644+00:00,29.98,40.0,40.0,2035.8480877709508,17.30044702979442,-134.00437629936818,4,1
2012-11-08 22:41:02.127644+00:00,29.93,40.0,40.0,1896.779262342048,17.195359500031596,-134.21455135889383,5,2
2012-11-08 22:50:02.127644+00:00,29.98,40.0,40.0,1896.779262342048,17.195359500031596,-134.21455135889383,5,1
2012-11-08 23:30:02.127644+00:00,5.36,11.83,18.06,1880.5439645863953,13.194899818918843,-142.21547072111937,3,1
2012-11-09 07:03:02.127562+00:00,8.34,18.02,27.42,2809.01749008354,13.143329093758716,-140.74259927335186,3,1
2012-11-09 07:08:02.127562+00:00,8.92,19.21,29.22,2766.063168331415,12.716118323163805,-141.59702081454168,3,1
2012-11-09 07:37:02.127562+00:00,8.91,19.18,29.17,1800.4786452974918,12.463733274065527,-142.10179091273824,3,1
2012-11-09 08:27:02.127562+00:00,6.1,13.38,20.41,3359.886114305982,13.501417349076547,-140.0264227627162,4,1
2012-11-09 08:32:02.127562+00:00,5.82,12.81,19.54,3483.517082785841,13.710524252550403,-139.60820895576848,4,1
2012-11-09 08:36:02.127562+00:00,5.73,12.61,19.25,3476.3326439806924,13.663670248228106,-139.70191696441307,5,1
2012-11-09 08:41:02.127562+00:00,5.55,12.22,18.66,3243.439584631272,13.339164449924986,-140.35092856101932,5,1
2012-11-09 08:45:02.127562+00:00,5.6,12.32,18.8,3162.8737474275413,13.53834170565371,-139.95257404956186,4,1
2012-11-09 08:51:02.127562+00:00,5.79,12.74,19.44,2725.120166964072,13.104742689204135,-140.819772082461,4,1
2012-11-09 08:55:02.127562+00:00,5.81,12.77,19.49,2725.120166964072,13.104742689204135,-140.819772082461,4,1
2012-11-09 09:00:02.127562+00:00,5.63,12.39,18.9,2346.4252505317645,12.88928850843611,-141.25068044399706,4,1
2012-11-09 10:16:02.127562+00:00,8.94,19.24,29.27,2108.235642992948,12.387601941703029,-142.25405357746322,4,1
2012-11-09 10:21:02.127562+00:00,8.94,19.24,29.27,2386.8855302444226,12.68119399004946,-141.66686948077034,3,1
2012-11-09 10:25:02.127562+00:00,8.75,18.87,28.7,2474.080858007973,12.777610388339212,-141.47403668419085,4,1
2012-11-09 10:32:02.127562+00:00,7.7,16.72,25.45,5876.034305368477,14.269447330453826,-138.49036279996164,3,1
2012-11-09 10:38:02.127562+00:00,7.51,16.31,24.84,6629.471192055624,14.806983181545156,-137.41529109777898,4,1
2012-11-09 10:45:02.127562+00:00,7.31,15.91,24.24,7382.908078742769,15.344519032636486,-136.3402193955963,5,1
2012-11-09 10:47:02.127562+00:00,7.31,15.91,24.24,7382.908078742769,15.344519032636486,-136.3402193955963,5,1
2012-11-09 10:52:02.127562+00:00,6.76,14.76,22.5,5560.306717233367,14.20051723906492,-138.62822298273946,6,1
2012-11-09 10:53:02.127562+00:00,6.77,14.79,22.55,5560.306717233367,14.20051723906492,-138.62822298273946,6,1
2012-11-09 10:57:02.127562+00:00,6.62,14.48,22.07,2714.233589432092,13.091028997169158,-140.84719946653098,6,1
2012-11-09 11:01:02.127562+00:00,6.62,14.48,22.07,3398.8119113474036,13.506939161460608,-140.0153791379481,7,1
2012-11-09 11:04:02.127562+00:00,6.55,14.32,21.84,3398.8119113474036,13.506939161460608,-140.0153791379481,5,1
2012-11-09 11:09:02.127562+00:00,6.37,13.95,21.27,7330.378536404727,14.69666189499094,-137.63593367088745,6,1
2012-11-09 11:10:02.127562+00:00,6.37,13.95,21.27,7330.378536404727,14.69666189499094,-137.63593367088745,6,1
2012-11-09 11:15:02.127562+00:00,6.11,13.41,20.46,5161.424713369755,14.451578174406588,-138.12610111205612,6,1
2012-11-09 11:18:02.127562+00:00,5.92,13.0,19.83,3654.2101445403823,14.083028157047549,-138.8632011467742,7,1
2012-11-09 11:21:02.127562+00:00,5.52,12.16,18.56,3643.476987490296,14.00051081554068,-139.02823582978797,6,1
2012-11-09 11:24:02.127562+00:00,5.56,12.26,18.71,3497.3081060781687,13.789261509228542,-139.4507344424122,8,1
2012-11-09 11:26:02.127562+00:00,5.18,11.43,17.46,3361.872381716128,13.660529544423271,-139.70819837202274,7,1
2012-11-09 11:29:02.127562+00:00,5.21,11.5,17.56,2902.7239530007346,13.660529544423271,-139.70819837202274,7,1
2012-11-09 11:31:02.127562+00:00,5.39,11.9,18.16,2853.6638688148328,13.335527050153848,-140.3582033605616,7,1
2012-11-09 11:33:02.127562+00:00,5.39,11.9,18.16,2853.6638688148328,13.335527050153848,-140.3582033605616,7,1
2012-11-09 11:36:02.127562+00:00,5.16,11.4,17.41,2828.0947112821746,13.309451408310832,-140.4103546442476,6,1
2012-11-09 11:41:02.127562+00:00,4.2,9.35,14.29,2512.90581934524,13.045413426703153,-140.93843060746298,6,1
2012-11-09 11:46:02.127562+00:00,3.16,7.08,10.83,2259.476093572296,12.987108118374891,-141.05504122411952,5,1
2012-11-09 11:49:02.127562+00:00,3.47,7.76,11.87,2259.476093572296,12.987108118374891,-141.05504122411952,5,1
2012-11-09 11:52:02.127562+00:00,3.47,7.76,11.87,2167.464542645304,12.850090191445735,-141.32907707797784,4,1
2012-11-09 11:57:02.127562+00:00,3.47,7.76,11.87,2295.2457771947093,12.701761941219072,-141.62573357843115,4,1
2012-11-09 12:04:02.127479+00:00,3.22,7.21,11.03,5174.666172821367,12.79108246931601,-136.30385460643635,3,1
2012-11-09 12:10:02.127479+00:00,2.11,4.75,7.27,7776.626435144073,13.818992092560324,-134.24803535994772,3,1
2012-11-09 12:15:02.127479+00:00,2.69,6.06,9.27,9354.41814130516,14.121934506290565,-133.64215053248722,3,1
2012-11-09 12:22:02.127479+00:00,2.37,5.33,8.15,11161.095214902234,14.292461767717652,-133.30109600963306,3,1
2012-11-09 12:27:02.127479+00:00,2.67,6.01,9.19,11710.587636139133,14.674387360266334,-132.5372448245357,3,1
2012-11-09 12:35:02.127479+00:00,1.97,4.44,6.79,11710.587636139133,14.968653598171146,-131.94871234872605,3,1
2012-11-09 12:43:02.127479+00:00,2.24,5.04,7.72,11710.587636139133,14.968653598171146,-131.94871234872605,3,1
2012-11-09 12:49:02.127479+00:00,2.51,5.65,8.65,12849.811197867592,15.143669108207025,-131.5986813286543,3,1
2012-11-09 12:57:02.127479+00:00,2.39,5.38,8.24,17737.889311332492,15.710525781357958,-130.46496798235245,3,1
2012-11-09 13:06:02.127479+00:00,2.93,6.58,10.07,18961.490209687225,16.084878286350225,-129.7162629723679,3,1
2012-11-09 13:11:02.127479+00:00,2.83,6.35,9.71,19341.75126748419,16.5877479814395,-128.71052358218935,3,1
2012-11-09 13:18:02.127479+00:00,2.37,5.33,8.15,20172.52445404897,17.003686536824148,-127.87864647142008,3,1
2012-11-09 13:24:02.127479+00:00,1.41,3.18,4.87,20172.52445404897,17.003686536824148,-127.87864647142008,3,1
2012-11-09 13:59:02.127479+00:00,0.0,0.01,0.02,24770.72345319147,17.09665802691114,-127.69270349124608,3,1
2012-11-09 14:07:02.127479+00:00,0.0,0.01,0.02,28306.441377571617,17.09665802691114,-127.69270349124608,3,1
2012-11-09 14:14:02.127479+00:00,0.0,0.01,0.02,28306.441377571617,16.975897364917937,-127.93422481523248,3,1
2012-11-09 14:23:02.127479+00:00,0.0,0.01,0.02,17764.04787663723,15.492054045501831,-130.9019114540647,3,1
2012-11-09 14:29:02.127479+00:00,0.0,0.02,0.02,8828.301332384039,13.810198565938482,-134.2656224131914,3,1
2012-11-09 14:39:02.127479+00:00,0.01,0.02,0.02,8503.431178353725,13.662392605116189,-134.561234334836,3,1
2012-11-09 14:47:02.127479+00:00,1.52,3.43,5.26,6794.378518551555,13.534200552674475,-134.8176184397194,3,1
2012-11-09 14:52:02.127479+00:00,1.55,3.51,5.38,6794.378518551555,13.534200552674475,-134.8176184397194,3,1
2012-11-09 15:01:02.127479+00:00,1.79,4.03,6.18,13275.25642591274,15.01621900707282,-131.85358153092272,3,1
2012-11-09 15:07:02.127479+00:00,1.97,4.44,6.79,13275.25642591274,15.01621900707282,-131.85358153092272,3,1
2012-11-09 15:14:02.127479+00:00,2.37,5.33,8.15,8654.848098380728,14.322027544333906,-133.24196445640052,3,1
2012-11-09 15:31:02.127479+00:00,2.41,5.43,8.32,2250.1798086499334,11.915233944863196,-138.05555165534196,3,1
2012-11-09 15:39:02.127479+00:00,4.35,9.67,14.78,1915.3804766073208,11.915233944863196,-138.05555165534196,5,1
2012-11-09 15:43:02.127479+00:00,4.39,9.75,14.89,2135.507873879807,11.959308027439434,-137.9674034901895,6,1
2012-11-09 15:44:02.127479+00:00,4.39,9.75,14.89,2135.507873879807,11.959308027439434,-137.9674034901895,6,1
2012-11-09 15:48:02.127479+00:00,4.94,10.93,16.69,2184.704205214823,11.959308027439434,-137.9674034901895,8,1
2012-11-09 15:50:02.127479+00:00,5.03,11.13,17.0,2355.635271152294,12.003152303043024,-137.87971493898232,7,1
2012-11-09 15:53:02.127479+00:00,5.3,11.7,17.86,2355.635271152294,12.003152303043024,-137.87971493898232,7,1
2012-11-09 15:56:02.127479+00:00,5.55,12.22,18.66,3623.428321555273,12.95318377927593,-135.9796519865165,7,1
2012-11-09 15:58:02.127479+00:00,5.56,12.26,18.71,3623.428321555273,12.95318377927593,-135.9796519865165,7,1
2012-11-09 16:02:02.127479+00:00,5.46,12.03,18.36,5212.230079174497,13.212323722099883,-135.46137210086857,6,1
2012-11-09 16:04:02.127479+00:00,5.75,12.65,19.29,5793.248655154652,13.359912791638733,-135.1661939617909,6,1
2012-11-09 16:09:02.127479+00:00,5.76,12.68,19.34,5686.975048326619,13.753340411614683,-134.379338721839,5,1
2012-11-09 16:13:02.127479+00:00,6.23,13.66,20.84,5793.248655154652,13.816614899764646,-134.25278974553908,4,1
2012-11-09 16:19:02.127479+00:00,6.94,15.13,23.06,4797.580456257478,13.87988938791461,-134.12624076923913,3,1
2012-11-09 16:25:02.127479+00:00,7.48,16.25,24.75,4143.152915563822,12.718596613655144,-136.44882631775806,3,1
2012-11-09 16:30:02.127479+00:00,9.09,19.56,29.74,3395.2421406146977,12.718596613655144,-136.44882631775806,3,1
2012-11-09 16:37:02.127479+00:00,28.4,40.0,40.0,2883.860206624578,12.1477040785817,-137.59061138790497,3,1
2012-11-09 16:42:02.127479+00:00,28.16,40.0,40.0,1737.745823773394,12.771914093772116,-136.34219135752411,3,1
2012-11-09 16:49:02.127479+00:00,29.68,40.0,40.0,1672.7916662106968,12.97147254269366,-135.94307445968104,4,1
2012-11-09 16:54:02.127479+00:00,29.27,40.0,40.0,1607.8375086479994,13.171030991615208,-135.54395756183794,3,1
2012-11-09 16:56:02.127479+00:00,29.22,40.0,40.0,1607.8375086479994,13.171030991615208,-135.54395756183794,3,1
2012-11-09 17:11:02.127479+00:00,3.49,7.8,11.93,2034.5046165398064,12.57845527979716,-136.72910898547403,3,1
2012-11-09 17:15:02.127479+00:00,5.52,12.16,18.56,2034.5046165398064,12.350467454792316,-137.18508463548372,5,1
2012-11-09 17:17:02.127479+00:00,5.95,13.06,19.93,2034.5046165398064,12.350467454792316,-137.18508463548372,5,1
2012-11-09 17:22:02.127479+00:00,5.96,13.09,19.97,2268.729984593493,12.350467454792316,-137.18508463548372,5,1
2012-11-09 17:25:02.127479+00:00,6.53,14.29,21.79,2315.9380922788987,12.350467454792316,-137.18508463548372,5,1
2012-11-09 17:27:02.127479+00:00,5.79,12.74,19.44,2791.9589779027647,12.241287008814451,-137.40344552743943,4,1
2012-11-09 17:32:02.127479+00:00,6.53,14.29,21.79,2315.9380922788987,11.906920421141963,-138.0721787027844,5,1
2012-11-09 17:37:02.127479+00:00,6.5,14.23,21.7,3267.979863526631,12.57565359648694,-136.73471235209448,3,1
2012-11-09 18:18:02.127479+00:00,5.52,12.16,18.56,5465.331438908762,13.379406906949448,-135.12720573116945,3,1
2012-11-09 18:33:02.127479+00:00,22.31,40.0,40.0,2284.230575674957,11.632330931365145,-138.62135768233807,3,1
2012-11-09 18:37:02.127479+00:00,1.15,2.6,3.99,2293.626048221132,11.898471889962485,-138.08907576514338,4,1
2012-11-09 18:41:02.127479+00:00,0.0,0.02,0.02,2303.0215207673064,12.164612848559823,-137.5567938479487,5,1
2012-11-09 18:46:02.127479+00:00,4.68,10.38,15.86,4476.804879255703,12.65822855852133,-136.5695624280257,5,1
2012-11-09 18:50:02.127479+00:00,25.65,40.0,40.0,4608.737005262634,12.715828921142606,-136.45436170278316,4,1
2012-11-09 18:54:02.127479+00:00,5.92,13.0,19.83,4608.737005262634,12.715828921142606,-136.45436170278316,4,1
2012-11-09 19:39:02.127479+00:00,6.95,15.17,23.11,4417.79209593046,12.487123207588027,-136.9117731298923,3,1
2012-11-09 19:44:02.127479+00:00,7.04,15.35,23.39,4517.885924334078,12.598894399103644,-136.68823074686108,4,1
2012-11-09 19:48:02.127479+00:00,6.95,15.17,23.11,4517.885924334078,12.598894399103644,-136.68823074686108,4,1
2012-11-09 19:53:02.127479+00:00,6.25,13.7,20.89,4852.994067052909,12.866864779578869,-136.1522899859106,4,1
2012-11-09 19:59:02.127479+00:00,6.07,13.32,20.31,5972.616749756861,13.00893201189992,-135.86815552126853,4,1
2012-11-09 20:04:02.127479+00:00,6.25,13.7,20.89,5855.309282614844,12.907707802834768,-136.07060393939884,5,1
2012-11-09 20:08:02.127479+00:00,6.35,13.92,21.22,5972.616749756861,13.00893201189992,-135.86815552126853,6,1
2012-11-09 20:12:02.127479+00:00,6.55,14.32,21.84,5855.309282614844,12.907707802834768,-136.07060393939884,7,1
2012-11-09 20:13:02.127479+00:00,6.55,14.32,21.84,5855.309282614844,12.907707802834768,-136.07060393939884,7,1
2012-11-09 20:17:02.127479+00:00,6.49,14.2,21.65,5722.8501649474365,13.04454506148998,-135.7969294220884,7,1
2012-11-09 20:20:02.127479+00:00,6.53,14.29,21.79,5497.749974000936,12.743355336813115,-136.39930887144212,7,1
2012-11-09 20:22:02.127479+00:00,6.52,14.26,21.74,5497.749974000936,12.743355336813115,-136.39930887144212,7,1
2012-11-09 20:25:02.127479+00:00,6.5,14.23,21.7,5399.834291708099,12.857456459946206,-136.17110662517595,6,1
2012-11-09 20:29:02.127479+00:00,7.03,15.32,23.35,4987.814338977005,12.70569264715007,-136.47463425076822,6,1
2012-11-09 20:33:02.127479+00:00,7.12,15.51,23.63,4796.317183889467,12.661363625649235,-136.5632922937699,6,1
2012-11-09 20:38:02.127479+00:00,7.34,15.97,24.33,3872.236025963032,12.424061540672346,-137.03789646372363,7,1
2012-11-09 20:40:02.127479+00:00,7.4,16.1,24.52,3670.8418025031897,12.283339422855216,-137.31934069935792,6,1
2012-11-09 20:42:02.127479+00:00,7.46,16.22,24.7,3469.4475790433476,12.142617305038089,-137.6007849349922,7,1
2012-11-09 20:46:02.127479+00:00,7.87,17.06,25.97,3337.7698952824567,11.960825257589049,-137.96436902989026,8,1
2012-11-09 20:47:02.127479+00:00,7.87,17.06,25.97,3337.7698952824567,11.960825257589049,-137.96436902989026,8,1
2012-11-09 20:50:02.127479+00:00,8.45,18.24,27.75,2960.822301713907,11.768590517138431,-138.3488385107915,8,1
2012-11-09 20:55:02.127479+00:00,2.08,4.69,7.18,2960.822301713907,11.536630242261277,-138.81275906054583,8,2
2012-11-09 21:00:02.127479+00:00,24.83,40.0,40.0,2715.552391906249,11.315112660385696,-139.25579422429698,7,1
2012-11-09 21:01:02.127479+00:00,24.83,40.0,40.0,3889.195750714952,12.19659047847008,-137.49283858812822,6,1
2012-11-09 21:04:02.127479+00:00,24.56,40.0,40.0,5340.632737543088,13.306654374880509,-135.27271079530735,7,1
2012-11-09 21:06:02.127479+00:00,24.68,40.0,40.0,10193.727720717974,14.842583340986756,-132.20085286309484,5,1
2012-11-09 21:11:02.127479+00:00,3.78,8.44,12.91,10193.727720717974,14.842583340986756,-132.20085286309484,5,1
2012-11-09 21:17:02.127479+00:00,4.35,9.67,14.78,6726.925753163229,14.0798773499911,-133.72626484508618,3,1
2012-11-09 21:23:02.127479+00:00,4.22,9.38,14.34,3177.7525603290205,12.144962439783908,-137.59609466550054,3,1
2012-11-09 21:31:02.127479+00:00,0.0,0.02,0.02,2965.297578002508,11.865412615497196,-138.15519431407395,4,1
2012-11-09 21:36:02.127479+00:00,0.01,0.03,0.08,2899.7602511258983,12.07929325220623,-137.72743304065588,3,1
2012-11-09 21:38:02.127479+00:00,0.01,0.02,0.05,2899.7602511258983,12.07929325220623,-137.72743304065588,3,1
2012-11-10 05:44:02.127397+00:00,9.8,21.0,31.91,2417.92735320222,12.831699896525432,-143.22475929980922,3,1
2012-11-10 05:49:02.127397+00:00,9.52,20.42,31.04,3159.3361752535407,13.54824292866015,-141.7916732355398,3,1
2012-11-10 06:13:02.127397+00:00,8.11,17.55,26.72,8337.510603450266,15.671495974747607,-137.5451671433649,3,1
2012-11-10 06:19:02.127397+00:00,7.69,16.68,25.41,11250.849755463758,16.324089441721842,-136.23998020941642,4,1
2012-11-10 06:24:02.127397+00:00,7.24,15.75,24.0,12699.678595497022,16.537820453879284,-135.81251818510154,4,1
2012-11-10 06:28:02.127397+00:00,6.91,15.07,22.97,13163.007788570756,16.57354299545356,-135.741073101953,5,1
2012-11-10 06:32:02.127397+00:00,6.83,14.92,22.73,13546.07749379491,16.680156410224576,-135.52784627241095,5,1
2012-11-10 06:37:02.127397+00:00,6.43,14.07,21.46,14022.41571897748,16.895426212647294,-135.0973066675655,5,1
2012-11-10 06:42:02.127397+00:00,6.07,13.32,20.31,14022.41571897748,16.895426212647294,-135.0973066675655,5,1
2012-11-10 06:45:02.127397+00:00,5.7,12.55,19.15,13546.07749379491,16.680156410224576,-135.52784627241095,5,1
2012-11-10 06:50:02.127397+00:00,5.44,12.0,18.31,11532.71002296521,16.378234742946383,-136.13168960696734,4,1
2012-11-10 06:54:02.127397+00:00,5.38,11.86,18.11,9519.34255213551,16.076313075668192,-136.73553294152373,3,1
2012-11-10 07:23:02.127397+00:00,4.01,8.94,13.66,4350.836255678007,14.376209522794888,-140.1357400472703,4,1
2012-11-10 07:27:02.127397+00:00,3.76,8.4,12.85,5158.262262483787,14.908231201029558,-139.071696690801,4,1
2012-11-10 07:32:02.127397+00:00,3.89,8.67,13.26,4863.225999331526,14.834812333194476,-139.21853442647117,5,1
2012-11-10 07:36:02.127397+00:00,3.92,8.75,13.38,5158.262262483787,14.908231201029558,-139.071696690801,4,1
2012-11-10 07:41:02.127397+00:00,40.0,40.0,40.0,5540.988132272111,14.96090444728472,-138.96635019829068,4,1
2012-11-10 08:00:02.127397+00:00,8.6,18.55,28.22,3694.6245013603193,13.982293070371837,-140.92357295211644,3,1
2012-11-10 08:04:02.127397+00:00,8.82,18.99,28.89,3694.6245013603193,13.982293070371837,-140.92357295211644,3,1
2012-11-10 08:08:02.127397+00:00,8.82,18.99,28.89,3694.6245013603193,13.982293070371837,-140.92357295211644,3,1
2012-11-11 02:19:02.127231+00:00,8.49,18.33,27.89,3092.2197572770247,12.806834175603374,-141.5843381970226,3,1
2012-11-11 02:35:02.127231+00:00,7.16,15.6,23.77,9778.14687032866,15.53523251962316,-136.127541508983,3,1
2012-11-11 02:43:02.127231+00:00,6.83,14.92,22.73,9778.14687032866,15.53523251962316,-136.127541508983,3,1
2012-11-11 02:53:02.127231+00:00,6.07,13.32,20.31,10189.20370147646,15.70558670347718,-135.78683314127497,3,1
2012-11-11 03:44:02.127231+00:00,3.89,8.67,13.26,5467.062302441284,14.79341121823265,-137.61118411176403,3,1
2012-11-11 03:50:02.127231+00:00,3.92,8.75,13.38,4514.050214210393,14.089889226385171,-139.018228095459,3,1
2012-11-11 04:31:02.127231+00:00,5.82,12.81,19.54,9953.813532211216,15.768353210749906,-135.66130012672951,3,1
2012-11-11 04:38:02.127231+00:00,6.2,13.6,20.74,10403.682339636867,15.960301603116564,-135.2774033419962,3,1
2012-11-11 04:47:02.127231+00:00,6.35,13.92,21.22,9953.813532211216,15.768353210749906,-135.66130012672951,3,1
2012-11-11 04:55:02.127231+00:00,7.48,16.25,24.75,9076.70152033401,15.231518988893384,-136.73496857044256,3,1
2012-11-11 05:04:02.127231+00:00,7.87,17.06,25.97,7946.078142054174,15.104162544855688,-136.98968145851796,3,1
2012-11-11 05:11:02.127231+00:00,8.05,17.43,26.53,5006.085672544809,14.327303209171816,-138.5434001298857,3,1
2012-11-11 05:16:02.127231+00:00,8.62,18.58,28.27,3378.562843276962,13.27205525288928,-140.65389604245075,3,1
2012-11-11 13:40:02.127148+00:00,8.04,17.4,26.48,1966.7678904935945,12.73864886096009,-143.4279677714193,3,1
2012-11-11 13:47:02.127148+00:00,7.49,16.28,24.8,1966.7678904935945,12.73864886096009,-143.4279677714193,3,1
2012-11-11 13:52:02.127148+00:00,7.49,16.28,24.8,1938.1763894104515,12.69357739412335,-143.5181107050928,3,1
2012-11-11 13:57:02.127148+00:00,8.78,18.93,28.79,1638.1583734570074,12.456060801188936,-143.9931438909616,3,1
2012-11-11 14:55:02.127148+00:00,8.8,18.96,28.84,2233.3856462358267,13.27098737208351,-142.36329074917245,3,1
2012-11-11 14:58:02.127148+00:00,8.39,18.11,27.56,2423.248794668217,13.328591822170615,-142.24808184899825,4,1
2012-11-11 15:02:02.127148+00:00,8.28,17.9,27.23,2423.248794668217,13.328591822170615,-142.24808184899825,4,1
2012-11-11 15:07:02.127148+00:00,7.93,17.18,26.15,3721.0905409714633,14.093301791396964,-140.71866191054556,5,1
2012-11-11 15:12:02.127148+00:00,7.95,17.21,26.2,4595.613536447931,14.55483133653376,-139.79560282027197,4,1
2012-11-11 15:16:02.127148+00:00,7.89,17.09,26.01,5470.1365319244,15.016360881670558,-138.87254372999837,3,1
2012-11-11 15:31:02.127148+00:00,5.93,13.03,19.88,5550.477898864588,15.126364330827542,-138.65253683168442,3,1
2012-11-11 15:39:02.127148+00:00,6.08,13.35,20.36,5679.760669390522,15.126364330827542,-138.65253683168442,3,1
2012-11-11 15:44:02.127148+00:00,6.64,14.51,22.12,5679.760669390522,15.13644511119481,-138.63237527094986,3,1
2012-11-11 15:52:02.127148+00:00,6.77,14.79,22.55,5634.275665710342,15.0768995439744,-138.7514664053907,3,1
2012-11-11 15:56:02.127148+00:00,6.95,15.17,23.11,5494.4501321620855,15.0768995439744,-138.7514664053907,3,1
2012-11-11 16:05:02.127148+00:00,6.74,14.73,22.45,5288.812748330243,14.98954506047648,-138.92617537238652,3,1
2012-11-11 16:11:02.127148+00:00,7.13,15.54,23.67,5288.812748330243,14.98954506047648,-138.92617537238652,3,1
2012-11-11 16:17:02.127148+00:00,7.03,15.32,23.35,5295.604859550605,14.98954506047648,-138.92617537238652,3,1
2012-11-11 16:24:02.127148+00:00,6.85,14.95,22.78,6115.436972286925,15.29411334052972,-138.31703881228003,4,1
2012-11-11 16:28:02.127148+00:00,6.62,14.48,22.07,5988.994326372977,15.240272150505046,-138.4247211923294,3,1
2012-11-11 16:32:02.127148+00:00,6.31,13.82,21.08,5642.299592961792,15.03520444612603,-138.83485660108744,4,1
2012-11-11 16:40:02.127148+00:00,5.58,12.29,18.76,4796.93164783233,14.8020771817879,-139.30111112976368,4,1
2012-11-11 16:45:02.127148+00:00,5.66,12.45,19.0,4796.93164783233,14.8020771817879,-139.30111112976368,4,1
2012-11-11 16:49:02.127148+00:00,5.66,12.45,19.0,4796.93164783233,14.8020771817879,-139.30111112976368,4,1
2012-11-11 16:53:02.127148+00:00,5.67,12.48,19.05,5702.12700631285,15.06453336841308,-138.7761987565133,4,1
2012-11-11 17:00:02.127148+00:00,6.47,14.17,21.6,6341.178242450759,15.245822402522409,-138.41362068829466,3,1
2012-11-11 17:07:02.127148+00:00,6.32,13.85,21.12,5904.656476312735,15.07041133008379,-138.7644428331719,3,1
2012-11-11 17:12:02.127148+00:00,6.38,13.98,21.32,4780.659376479358,14.634026699196632,-139.63721209494622,3,1
2012-11-11 17:19:02.127148+00:00,6.41,14.04,21.41,4780.659376479358,14.634026699196632,-139.63721209494622,3,1
2012-11-11 17:28:02.127148+00:00,5.95,13.06,19.93,5126.485463994496,14.849918223961769,-139.20542904541594,3,1
2012-11-11 17:35:02.127148+00:00,5.69,12.52,19.1,5435.7213443011715,15.075908957783858,-138.75344757777177,4,1
2012-11-11 17:39:02.127148+00:00,5.29,11.67,17.81,5744.957224607847,15.27260279451822,-138.36005990430303,3,1
2012-11-11 17:43:02.127148+00:00,5.29,11.67,17.81,5744.957224607847,15.27260279451822,-138.36005990430303,3,1
2012-11-11 17:59:02.127148+00:00,5.25,11.6,17.71,6012.172555561935,14.933976179778387,-139.0373131337827,3,1
2012-11-11 18:03:02.127148+00:00,5.25,11.6,17.71,6012.172555561935,14.933976179778387,-139.0373131337827,3,1
2012-11-11 18:09:02.127148+00:00,5.5,12.13,18.51,6218.073424717862,15.07131144987407,-138.76264259359135,4,1
2012-11-11 18:14:02.127148+00:00,5.98,13.13,20.02,5684.344267784724,15.07131144987407,-138.76264259359135,4,1
2012-11-11 18:19:02.127148+00:00,5.95,13.06,19.93,4604.157052362618,14.68714701796625,-139.53097145740696,4,1
2012-11-11 18:24:02.127148+00:00,5.95,13.06,19.93,4944.71424169566,14.936009718770704,-139.03324605579806,5,1
2012-11-11 18:28:02.127148+00:00,5.84,12.84,19.59,4944.71424169566,14.936009718770704,-139.03324605579806,5,1
2012-11-11 18:34:02.127148+00:00,6.16,13.51,20.6,5627.663654423377,15.216278680926118,-138.47270813148725,4,1
2012-11-11 18:38:02.127148+00:00,6.16,13.51,20.6,5627.663654423377,15.216278680926118,-138.47270813148725,4,1
2012-11-11 18:42:02.127148+00:00,6.74,14.73,22.45,5687.921355006268,15.313049448855466,-138.27916659562857,4,1
2012-11-11 18:51:02.127148+00:00,7.3,15.88,24.19,5505.704637773642,15.245986265884277,-138.41329296157093,3,1
2012-11-11 18:59:02.127148+00:00,6.88,15.01,22.88,5720.15716553781,15.062592219658258,-138.78008105402296,4,1
2012-11-11 19:04:02.127148+00:00,6.38,13.98,21.32,5058.714750224388,14.77019671099672,-139.36487207134604,4,1
2012-11-11 19:08:02.127148+00:00,6.38,13.98,21.32,5058.714750224388,14.77019671099672,-139.36487207134604,4,1
2012-11-11 19:13:02.127148+00:00,6.37,13.95,21.27,5934.609693301978,15.041513509643243,-138.822238474053,3,1
2012-11-11 19:47:02.127148+00:00,6.01,13.19,20.12,3501.3941026481916,14.099794421251676,-140.70567665083612,3,1
2012-11-11 19:50:02.127148+00:00,6.04,13.25,20.21,2763.8531024841586,13.704874214208091,-141.4955170649233,4,1
2012-11-11 19:54:02.127148+00:00,6.19,13.57,20.69,2763.8531024841586,13.704874214208091,-141.4955170649233,4,1
2012-11-11 19:57:02.127148+00:00,8.28,17.9,27.23,2582.126380026756,13.33886833668411,-142.22752881997127,4,1
2012-11-11 20:51:02.127148+00:00,8.05,17.43,26.53,3308.5251292529306,14.499892796624708,-139.90547990009006,3,1
2012-11-11 20:55:02.127148+00:00,8.02,17.37,26.44,3308.5251292529306,14.499892796624708,-139.90547990009006,3,1
2012-11-11 21:00:02.127148+00:00,7.92,17.15,26.11,3308.5251292529306,14.499892796624708,-139.90547990009006,5,1
2012-11-11 21:05:02.127148+00:00,5.21,11.5,17.56,3922.1295331845968,14.499892796624708,-139.90547990009006,5,1
2012-11-11 21:10:02.127148+00:00,2.91,6.54,10.0,7439.482501615681,15.336695257306332,-138.23187497872684,4,1
2012-11-11 21:13:02.127148+00:00,2.49,5.6,8.57,10956.835470046766,16.7553533253498,-135.3945588426399,5,1
2012-11-11 21:16:02.127148+00:00,2.46,5.54,8.48,11934.738852073257,17.292879288338305,-134.31950691666287,4,1
2012-11-11 21:21:02.127148+00:00,1.66,3.74,5.73,15682.39584775639,17.86382746369687,-133.17761056594574,4,1
2012-11-11 21:26:02.127148+00:00,1.94,4.37,6.7,18639.164073089694,18.017430224107457,-132.87040504512458,4,1
2012-11-11 21:32:02.127148+00:00,1.48,3.35,5.13,24729.52028660865,18.614068088216605,-131.67712931690627,4,1
2012-11-11 21:36:02.127148+00:00,1.41,3.18,4.87,29103.891065144304,18.86111812013222,-131.18302925307503,5,1
2012-11-11 21:40:02.127148+00:00,2.11,4.75,7.27,31769.64694974588,19.133061795408544,-130.6391419025224,4,1
2012-11-11 21:46:02.127148+00:00,1.85,4.17,6.39,26401.767782538405,18.644649160618567,-131.61596717210233,4,1
2012-11-11 21:51:02.127148+00:00,2.44,5.49,8.4,23699.644499932507,18.42818020110491,-132.04890509112963,3,1
2012-11-11 21:56:02.127148+00:00,2.46,5.54,8.48,15635.289170294514,17.440102924707666,-134.02505964392415,3,1
2012-11-11 22:03:02.127148+00:00,2.95,6.63,10.14,5063.2291981675835,15.255394379318473,-138.39447673470255,3,1
2012-11-11 22:08:02.127148+00:00,4.2,9.35,14.29,5063.2291981675835,15.255394379318473,-138.39447673470255,3,1
2012-11-11 22:14:02.127148+00:00,4.76,10.55,16.12,6191.879625606364,15.67399471324169,-137.5572760668561,4,1
2012-11-11 22:19:02.127148+00:00,5.15,11.37,17.36,7233.042960153824,15.984665754403569,-136.93593398453234,3,1
2012-11-11 22:24:02.127148+00:00,5.36,11.83,18.06,8301.203192210767,16.113108423005762,-136.67904864732793,4,1
2012-11-11 22:32:02.127148+00:00,10.52,22.44,34.08,9369.363424267713,16.24155109160796,-136.42216331012355,3,1
2012-11-11 22:36:02.127148+00:00,8.88,19.12,29.08,6307.423734117963,15.47427096129564,-137.9567235707482,3,1
2012-11-11 22:43:02.127148+00:00,8.65,18.65,28.36,5546.333041212105,15.34275149394258,-138.21976250545433,3,1
2012-11-12 14:42:02.126983+00:00,7.04,15.35,23.39,3200.5170541967436,12.63466521518852,-136.9041243632653,4,1
2012-11-12 14:46:02.126983+00:00,5.98,13.13,20.02,3200.5170541967436,12.487636592336322,-137.19818160896972,4,1
2012-11-12 14:50:02.126983+00:00,5.98,13.13,20.02,3200.5170541967436,12.487636592336322,-137.19818160896972,4,1
2012-11-12 14:54:02.126983+00:00,5.84,12.84,19.59,3358.8925198233846,12.680159033525822,-136.8131367265907,3,1
2012-11-12 15:24:02.126983+00:00,2.95,6.63,10.14,3623.673486618689,12.974145191303156,-136.22516441103605,3,1
2012-11-12 15:30:02.126983+00:00,1.75,3.96,6.07,7003.242514122539,14.403904659642766,-133.36564547435682,3,1
2012-11-12 15:37:02.126983+00:00,0.39,0.88,1.36,15703.089776346524,15.994961499008271,-130.1835317956258,3,1
2012-11-12 15:43:02.126983+00:00,0.0,0.02,0.02,14680.460409891197,15.794112478942225,-130.5852298357579,4,1
2012-11-12 15:48:02.126983+00:00,0.0,0.01,0.02,13345.654235560603,15.704507698090602,-130.76443939746116,4,1
2012-11-12 15:53:02.126983+00:00,40.0,40.0,40.0,13033.477427685342,15.59326345887618,-130.98692787589,3,1
2012-11-12 15:58:02.126983+00:00,0.0,0.02,0.02,13657.831043435866,15.815751937305023,-130.5419509190323,3,1
2012-11-12 16:03:02.126983+00:00,1.1,2.5,3.82,13033.477427685342,15.815751937305023,-130.5419509190323,3,1
2012-11-12 16:09:02.126983+00:00,2.39,5.38,8.24,5161.839552599228,13.50040946725012,-135.1726358591421,4,1
2012-11-12 16:13:02.126983+00:00,2.39,5.38,8.24,5161.839552599228,13.50040946725012,-135.1726358591421,4,1
2012-11-12 16:40:02.126983+00:00,5.18,11.43,17.46,2250.870725183805,11.67606715920744,-138.82132047522748,3,1
2012-11-12 16:44:02.126983+00:00,5.67,12.48,19.05,2080.4868512452526,11.522415917846386,-139.12862295794957,4,1
2012-11-12 16:50:02.126983+00:00,7.03,15.32,23.35,1910.1029773067005,11.368764676485332,-139.4359254406717,3,1
2012-11-12 16:54:02.126983+00:00,7.49,16.28,24.8,1910.1029773067005,11.368764676485332,-139.4359254406717,3,1
2012-11-12 22:26:02.126983+00:00,7.42,16.13,24.56,2054.9286365539187,14.784869167735506,-132.60371645817133,19,1
2012-11-12 22:27:02.126983+00:00,7.42,16.13,24.56,2054.9286365539187,14.784869167735506,-132.60371645817133,19,1
2012-11-12 22:28:02.126983+00:00,7.4,16.1,24.52,2054.9286365539187,14.784869167735506,-132.60371645817133,19,2
2012-11-12 22:29:02.126983+00:00,6.89,15.04,22.92,2054.9286365539187,14.784869167735506,-132.60371645817133,19,3
2012-11-12 22:30:02.126983+00:00,6.64,14.51,22.12,2054.9286365539187,14.784869167735506,-132.60371645817133,19,2
2012-11-12 22:31:02.126983+00:00,6.5,14.23,21.7,2054.9286365539187,14.784869167735506,-132.60371645817133,19,3
2012-11-12 22:32:02.126983+00:00,6.41,14.04,21.41,2054.9286365539187,14.784869167735506,-132.60371645817133,19,3
2012-11-12 22:33:02.126983+00:00,0.0,0.01,0.02,2102.5350763296055,14.795442333269428,-132.58257012710348,22,2
2012-11-12 22:34:02.126983+00:00,2.05,4.63,7.08,2102.5350763296055,14.86605952835838,-132.44133573692557,24,1
2012-11-12 22:35:02.126983+00:00,2.56,5.75,8.8,2218.526105220056,14.948688985400167,-132.276076822842,26,1
2012-11-12 22:42:02.126983+00:00,2.63,5.91,9.04,2211.602389479661,14.961177009652031,-132.25110077433828,23,1
2012-11-12 22:43:02.126983+00:00,2.63,5.91,9.04,2206.598352211636,14.961247950944596,-132.25095889175316,20,3
2012-11-12 22:44:02.126983+00:00,2.49,5.6,8.57,2201.5943149436107,14.96131889223716,-132.25081700916803,19,3
2012-11-12 22:45:02.126983+00:00,2.39,5.38,8.24,2201.5943149436107,15.136127874422094,-131.90119904479818,17,1
2012-11-12 22:46:02.126983+00:00,2.39,5.38,8.24,2201.5943149436107,15.136127874422094,-131.90119904479818,17,3
2012-11-12 22:47:02.126983+00:00,2.67,6.01,9.19,2206.598352211636,15.16789717395559,-131.83766044573116,18,2
2012-11-12 22:48:02.126983+00:00,2.95,6.63,10.14,2206.598352211636,15.222135749190947,-131.72918329526044,20,3
2012-11-12 22:52:02.126983+00:00,3.84,8.56,13.08,2427.373463359016,15.599192783227252,-130.97506922718784,29,1
2012-11-12 22:57:02.126983+00:00,5.47,12.06,18.41,2723.0392597505825,16.02544724904034,-130.12256029556167,26,2
2012-11-12 22:58:02.126983+00:00,6.29,13.79,21.03,2877.510037282695,15.83223768175718,-130.50897943012797,25,3
2012-11-12 22:59:02.126983+00:00,6.35,13.92,21.22,2877.510037282695,15.83223768175718,-130.50897943012797,25,1
2012-11-12 23:00:02.126983+00:00,6.34,13.88,21.17,2877.510037282695,15.83223768175718,-130.50897943012797,25,3
2012-11-12 23:01:02.126983+00:00,6.34,13.88,21.17,2877.510037282695,15.83223768175718,-130.50897943012797,25,1
2012-11-12 23:02:02.126983+00:00,6.34,13.88,21.17,2924.3164545194277,16.02544724904034,-130.12256029556167,24,3
2012-11-12 23:03:02.126983+00:00,6.38,13.98,21.32,2924.3164545194277,16.02544724904034,-130.12256029556167,24,3
2012-11-12 23:04:02.126983+00:00,6.4,14.01,21.36,2924.3164545194277,16.02544724904034,-130.12256029556167,24,2
2012-11-12 23:05:02.126983+00:00,6.4,14.01,21.36,2924.3164545194277,16.02544724904034,-130.12256029556167,24,2
2012-11-12 23:06:02.126983+00:00,6.41,14.04,21.41,2924.3164545194277,16.02544724904034,-130.12256029556167,24,1
2012-11-12 23:07:02.126983+00:00,7.18,15.63,23.81,2877.510037282695,16.218656816323495,-129.73614116099537,23,1
2012-11-12 23:08:02.126983+00:00,7.1,15.48,23.58,2877.510037282695,16.218656816323495,-129.73614116099537,21,2
2012-11-13 00:48:02.126901+00:00,8.85,19.05,28.98,4843.321514039531,14.55227627990234,-136.98418448138955,3,1
2012-11-13 00:56:02.126901+00:00,8.72,18.8,28.6,4664.082865009198,14.436418819742196,-137.21589940170983,3,1
2012-11-13 07:27:02.126901+00:00,7.45,16.19,24.66,3225.0281989845425,13.37542564900606,-139.33788574318208,3,1
2012-11-13 08:15:02.126901+00:00,0.95,2.14,3.28,4537.807162139548,14.299630326160097,-137.48947638887404,4,1
2012-11-13 08:20:02.126901+00:00,40.0,40.0,40.0,7352.433592173626,15.35297973290005,-135.38277757539413,4,1
2012-11-13 08:24:02.126901+00:00,0.0,0.01,0.02,9345.246189817512,16.116796293643617,-133.85514445390697,5,1
2012-11-13 08:28:02.126901+00:00,40.0,40.0,40.0,16957.06979902323,17.04057882630965,-132.00757938857492,4,1
2012-11-13 08:33:02.126901+00:00,0.0,0.02,0.02,27071.62256020696,18.19411995965779,-129.70049712187864,4,1
2012-11-13 08:38:02.126901+00:00,1.37,3.09,4.73,31009.016970348857,18.51510725609411,-129.05852252900598,4,1
2012-11-13 08:46:02.126901+00:00,1.88,4.24,6.49,32443.68222851273,18.60633595184832,-128.87606513749756,3,1
2012-11-13 08:52:02.126901+00:00,1.94,4.37,6.7,8049.36498867925,15.333002057680485,-135.42273292583326,4,1
2012-11-13 08:57:02.126901+00:00,1.24,2.81,4.3,4707.807987477481,14.390516051132533,-137.30770493892916,3,1
2012-11-13 09:02:02.126901+00:00,1.28,2.9,4.45,4015.113486995843,14.310729322422482,-137.46727839634926,3,1
2012-11-13 09:27:02.126901+00:00,4.3,9.57,14.62,2016.567818209015,12.741941416686494,-140.60485420782123,4,1
2012-11-13 09:33:02.126901+00:00,5.46,12.03,18.36,4022.993512370731,13.792214252343538,-138.50430853650715,5,1
2012-11-13 09:36:02.126901+00:00,5.49,12.09,18.46,3201.418721535514,13.370704328948518,-139.34732838329717,6,1
2012-11-13 09:38:02.126901+00:00,5.53,12.19,18.61,3866.6471839274936,13.698970659011184,-138.69079572317185,6,1
2012-11-13 09:42:02.126901+00:00,23.36,40.0,40.0,3710.300855484256,13.60572706567883,-138.87728290983657,7,1
2012-11-13 09:43:02.126901+00:00,23.36,40.0,40.0,3533.9969569061404,13.549350263123634,-138.99003651494695,6,1
2012-11-13 09:48:02.126901+00:00,23.22,40.0,40.0,3533.9969569061404,13.549350263123634,-138.99003651494695,6,1
2012-11-13 09:52:02.126901+00:00,23.22,40.0,40.0,3710.300855484256,13.60572706567883,-138.87728290983657,7,1
2012-11-13 09:54:02.126901+00:00,23.26,40.0,40.0,3533.9969569061404,13.549350263123634,-138.99003651494695,6,1
2012-11-13 09:57:02.126901+00:00,23.26,40.0,40.0,3710.300855484256,13.60572706567883,-138.87728290983657,7,1
2012-11-13 10:00:02.126901+00:00,8.49,18.33,27.89,3357.693058328025,13.492973460568438,-139.10279012005734,7,1
2012-11-13 10:04:02.126901+00:00,8.49,18.33,27.89,3288.567681138797,13.239758143247556,-139.60922075469912,5,2
2012-11-13 10:09:02.126901+00:00,8.77,18.9,28.74,3288.567681138797,13.239758143247556,-139.60922075469912,5,1
2012-11-13 13:31:02.126817+00:00,8.05,17.43,26.53,2873.4962782169823,13.035490196102444,-140.07462233839874,3,1
2012-11-13 13:37:02.126817+00:00,9.17,19.72,29.98,4143.234977699359,13.77366010959139,-138.59828251142085,3,1
2012-11-13 13:42:02.126817+00:00,8.72,18.8,28.6,4510.303119677597,13.868220152850526,-138.40916242490258,3,1
2012-11-13 13:47:02.126817+00:00,8.63,18.61,28.32,4774.633415700907,13.915069720289049,-138.31546329002555,4,1
2012-11-13 13:54:02.126817+00:00,5.63,12.39,18.9,4672.416926126304,13.91722551802541,-138.3111516945528,4,1
2012-11-13 13:59:02.126817+00:00,4.92,10.9,16.64,3035.868471156789,13.23599607349929,-139.67361058360504,4,1
2012-11-13 14:03:02.126817+00:00,4.84,10.73,16.38,1765.8668017851858,12.59946039867533,-140.94668193325296,5,1
2012-11-13 14:05:02.126817+00:00,4.92,10.9,16.64,1713.302947435998,12.20394748936132,-141.73770775188098,4,1
2012-11-13 14:10:02.126817+00:00,3.51,7.84,11.99,1713.302947435998,12.20394748936132,-141.73770775188098,4,1
2012-11-13 14:19:02.126817+00:00,3.41,7.63,11.68,2731.8559511525805,12.849973095184826,-140.44565654023398,3,1
2012-11-13 14:24:02.126817+00:00,3.12,6.99,10.7,3246.225660592978,13.134418865511314,-139.876764999581,3,1
2012-11-13 14:30:02.126817+00:00,2.83,6.35,9.71,5936.02930826788,14.716783120560446,-136.71203648948273,3,1
2012-11-13 14:35:02.126817+00:00,2.29,5.16,7.9,6265.288915934884,15.037149314117846,-136.07130410236795,3,1
2012-11-13 14:41:02.126817+00:00,1.85,4.17,6.39,11115.944551215503,16.236119924498475,-133.6733628816067,4,1
2012-11-13 14:46:02.126817+00:00,1.79,4.03,6.18,13828.592845359264,16.553669714437376,-133.03826330172888,4,1
2012-11-13 14:50:02.126817+00:00,1.79,4.03,6.18,13828.592845359264,16.553669714437376,-133.03826330172888,4,1
2012-11-13 14:55:02.126817+00:00,0.02,0.06,0.12,18665.71844108828,17.048123712501702,-132.04935530560022,4,1
2012-11-13 15:21:02.126817+00:00,26.02,40.0,40.0,18296.078570872283,17.042437231444996,-132.06072826771364,3,1
2012-11-13 15:26:02.126817+00:00,1.97,4.44,6.79,15926.273106360508,16.69950278485264,-132.74659716089835,3,1
2012-11-13 15:32:02.126817+00:00,2.24,5.04,7.72,14097.774935907848,16.635508320762373,-132.8745860890789,3,1
2012-11-13 15:38:02.126817+00:00,1.88,4.24,6.49,14012.51672171128,16.635508320762373,-132.8745860890789,3,1
2012-11-13 16:01:02.126817+00:00,4.55,10.1,15.43,2957.148761086439,13.207821775984986,-139.72995917863364,3,1
2012-11-13 16:23:02.126817+00:00,4.86,10.76,16.43,4800.663588716956,14.109788472884876,-137.92602578483388,3,1
2012-11-13 16:29:02.126817+00:00,5.58,12.29,18.76,4800.663588716956,14.218536526122127,-137.70852967835938,3,1
2012-11-13 16:34:02.126817+00:00,7.07,15.41,23.49,4202.224302483488,14.218536526122127,-137.70852967835938,3,1
2012-11-13 16:40:02.126817+00:00,8.01,17.34,26.39,3710.3138868429614,13.930076823044526,-138.28544908451457,3,1
2012-11-13 19:42:02.126817+00:00,6.94,15.13,23.06,4030.616101191988,13.786096445788552,-138.5734098390265,4,1
2012-11-13 19:47:02.126817+00:00,7.15,15.57,23.72,4030.616101191988,13.786096445788552,-138.5734098390265,4,1
2012-11-13 19:51:02.126817+00:00,7.16,15.6,23.77,3821.386042784404,13.633458436098636,-138.87868585840636,5,1
2012-11-13 19:55:02.126817+00:00,7.28,15.85,24.14,3263.6058552036775,13.208862075662338,-139.72787857927895,5,1
2012-11-13 20:00:02.126817+00:00,7.51,16.31,24.84,2940.5251294737363,13.0560894834948,-140.03342376361402,4,1
2012-11-13 20:04:02.126817+00:00,7.76,16.84,25.64,2617.4444037437947,12.90331689132726,-140.3389689479491,3,1
2012-11-14 00:16:02.126735+00:00,9.33,20.04,30.46,2128.8371018946614,12.290305226429645,-142.79457508854728,3,1
2012-11-14 00:22:02.126735+00:00,8.62,18.58,28.27,2706.6942206013623,12.54523515901568,-142.2847152233752,4,1
2012-11-14 00:26:02.126735+00:00,8.17,17.68,26.9,3213.5707571425855,13.032463886846603,-141.31025776771335,4,1
2012-11-14 00:28:02.126735+00:00,8.17,17.68,26.9,3213.5707571425855,13.032463886846603,-141.31025776771335,4,1
2012-11-14 00:34:02.126735+00:00,7.24,15.75,24.0,5163.4713072297445,13.977031029156253,-139.42112348309405,5,1
2012-11-14 00:39:02.126735+00:00,7.15,15.57,23.72,5590.78455350729,14.052489690297552,-139.27020616081143,3,1
2012-11-14 00:43:02.126735+00:00,6.95,15.17,23.11,6105.85248242749,14.178397316821014,-139.0183909077645,4,1
2012-11-14 00:50:02.126735+00:00,6.88,15.01,22.88,6835.175837670457,14.513274858791137,-138.34863582382428,3,1
2012-11-14 00:56:02.126735+00:00,6.55,14.32,21.84,6927.399498610301,14.78884658009955,-137.79749238120746,3,1
2012-11-14 01:01:02.126735+00:00,6.41,14.04,21.41,6835.175837670457,14.513274858791137,-138.34863582382428,3,1
2012-11-14 01:08:02.126735+00:00,5.99,13.16,20.07,5552.943651014604,14.206740883693437,-138.9617037740197,3,1
2012-11-14 01:14:02.126735+00:00,5.95,13.06,19.93,2674.2157970413837,12.76770223762967,-141.8397810661472,3,1
2012-11-14 01:20:02.126735+00:00,5.46,12.03,18.36,2674.2157970413837,12.76770223762967,-141.8397810661472,3,1
2012-11-14 01:26:02.126735+00:00,3.82,8.52,13.02,3235.5086426497733,13.419500398650532,-140.53618474410547,3,1
2012-11-14 01:31:02.126735+00:00,4.01,8.94,13.66,3673.670585952071,13.438270020324534,-140.49864550075748,3,1
2012-11-14 01:36:02.126735+00:00,3.87,8.63,13.2,3878.4620994844577,13.593402951115154,-140.18837963917625,3,1
2012-11-14 01:42:02.126735+00:00,4.18,9.31,14.23,3878.4620994844577,13.593402951115154,-140.18837963917625,3,1
2012-11-14 01:48:02.126735+00:00,3.89,8.67,13.26,4662.64733120406,13.841595738400102,-139.69199406460635,3,1
2012-11-14 01:53:02.126735+00:00,3.51,7.84,11.99,5112.425272893958,14.56021550296224,-138.25475453548208,3,1
2012-11-14 01:59:02.126735+00:00,3.49,7.8,11.93,8840.984581639026,15.1680401843679,-137.03910517267073,3,1
2012-11-14 02:04:02.126735+00:00,3.24,7.25,11.1,10055.502110250294,15.351275501490171,-136.6726345384262,4,1
2012-11-14 02:09:02.126735+00:00,3.3,7.38,11.29,11270.019638861564,15.534510818612446,-136.30616390418166,5,1
2012-11-14 02:13:02.126735+00:00,3.08,6.9,10.56,11270.019638861564,15.534510818612446,-136.30616390418166,5,1
2012-11-14 02:14:02.126735+00:00,3.08,6.9,10.56,11270.019638861564,15.534510818612446,-136.30616390418166,5,1
2012-11-14 02:19:02.126735+00:00,2.67,6.01,9.19,11091.566063417624,15.474636836807822,-136.42591186779092,5,1
2012-11-14 02:25:02.126735+00:00,1.94,4.37,6.7,8087.463756778279,15.208949996035084,-136.95728554933638,3,1
2012-11-14 02:30:02.126735+00:00,1.62,3.67,5.62,8087.463756778279,15.208949996035084,-136.95728554933638,3,1
2012-11-14 02:37:02.126735+00:00,2.26,5.1,7.81,18985.812193007092,16.949892897109308,-133.47539974718794,3,1
2012-11-14 02:42:02.126735+00:00,2.16,4.87,7.46,29468.720413509327,17.766758390645975,-131.8416687601146,3,1
2012-11-14 02:48:02.126735+00:00,2.26,5.1,7.81,33331.82340796615,18.1102727755021,-131.15463999040233,3,1
2012-11-14 02:53:02.126735+00:00,1.37,3.09,4.73,34175.84661896142,18.1102727755021,-131.15463999040233,3,1
2012-11-14 02:59:02.126735+00:00,1.24,2.81,4.3,34748.88864032095,18.04073001091008,-131.2937255195864,4,1
2012-11-14 03:04:02.126735+00:00,1.69,3.82,5.85,30336.888019248156,17.914529414849298,-131.54612671170796,4,1
2012-11-14 03:08:02.126735+00:00,1.69,3.82,5.85,34175.84661896142,17.966332509035777,-131.442520523335,5,1
2012-11-14 03:13:02.126735+00:00,1.79,4.03,6.18,30909.930040607684,18.092533105096564,-131.19011933121342,4,1
2012-11-14 03:18:02.126735+00:00,1.62,3.67,5.62,33266.588209246445,18.322094669921153,-130.73099620156424,5,1
2012-11-14 03:23:02.126735+00:00,1.44,3.26,5.0,33266.588209246445,18.322094669921153,-130.73099620156424,5,1
2012-11-14 03:27:02.126735+00:00,0.01,0.03,0.08,33266.588209246445,18.322094669921153,-130.73099620156424,5,1
2012-11-14 03:32:02.126735+00:00,0.01,0.02,0.02,11952.593666465656,16.201319108920664,-134.9725473235652,5,1
2012-11-14 03:37:02.126735+00:00,0.01,0.02,0.02,9551.11240522649,15.734137182606258,-135.90691117619403,4,1
2012-11-14 03:42:02.126735+00:00,0.0,0.02,0.02,6728.388463868338,15.26695525629185,-136.84127502882285,3,1
2012-11-14 03:47:02.126735+00:00,0.83,1.87,2.87,7149.631143987321,15.314760302991775,-136.745664935423,3,1
2012-11-14 03:53:02.126735+00:00,0.02,0.06,0.12,9296.789770992686,15.600760289833314,-136.17366496173992,3,1
2012-11-14 03:58:02.126735+00:00,2.29,5.16,7.9,9347.41936455976,15.413014573278804,-136.54915639484895,3,1
2012-11-14 04:03:02.126735+00:00,2.34,5.27,8.07,9347.41936455976,15.413014573278804,-136.54915639484895,3,1
2012-11-14 04:09:02.126735+00:00,2.67,6.01,9.19,8356.305229098503,15.099967157438376,-137.17525122652978,4,1
2012-11-14 04:14:02.126735+00:00,2.74,6.15,9.42,8016.933694569283,15.033766430331294,-137.30765268074396,4,1
2012-11-14 04:18:02.126735+00:00,2.74,6.15,9.42,8016.933694569283,15.033766430331294,-137.30765268074396,4,1
2012-11-14 04:23:02.126735+00:00,2.67,6.01,9.19,7805.566735663056,14.95385063646468,-137.4674842684772,4,1
2012-11-14 04:32:02.126735+00:00,2.32,5.21,7.98,7862.524387873706,15.02561334800449,-137.32395884539758,3,1
2012-11-14 04:37:02.126735+00:00,2.08,4.69,7.18,8844.657509068853,15.176541614798168,-137.02210231181022,3,1
2012-11-14 04:43:02.126735+00:00,2.29,5.16,7.9,9766.402113334596,15.467795351389611,-136.43959483862733,4,1
2012-11-14 04:48:02.126735+00:00,1.94,4.37,6.7,10606.419151290567,15.759049087981056,-135.85708736544444,3,1
2012-11-14 04:53:02.126735+00:00,1.91,4.31,6.59,8926.385075378625,15.09170251027378,-137.191780520859,3,1
2012-11-14 04:58:02.126735+00:00,1.94,4.37,6.7,8493.915282093225,14.9678749709183,-137.43943559956995,3,1
2012-11-14 05:04:02.126735+00:00,0.0,0.02,0.02,8493.915282093225,14.965922598788485,-137.4433403438296,3,1
2012-11-14 05:11:02.126735+00:00,0.0,0.02,0.02,8984.721618323932,14.9678749709183,-137.43943559956995,3,1
2012-11-14 05:16:02.126735+00:00,1.66,3.74,5.73,9587.171786061952,15.186862509294556,-137.00146052281747,4,1
2012-11-14 05:22:02.126735+00:00,2.13,4.81,7.36,12435.952666045245,15.876782293160298,-135.62162095508597,4,1
2012-11-14 05:26:02.126735+00:00,1.97,4.44,6.79,14715.301207015858,16.359228020776875,-134.6567294998528,5,1
2012-11-14 05:30:02.126735+00:00,2.0,4.5,6.89,15569.339600872025,16.53213094324562,-134.3109236549153,4,1
2012-11-14 05:35:02.126735+00:00,1.82,4.1,6.28,17357.657040319573,16.84171790406392,-133.6917497332787,4,1
2012-11-14 05:41:02.126735+00:00,0.89,2.01,3.08,15216.424667445095,16.435184438835705,-134.50481666373514,4,1
2012-11-14 05:46:02.126735+00:00,0.01,0.03,0.08,12140.913248979232,15.89196693525793,-135.5912516708907,3,1
2012-11-14 05:51:02.126735+00:00,0.0,0.02,0.02,11434.373417358334,15.818656182880906,-135.73787317564472,3,1
2012-11-14 05:56:02.126735+00:00,0.83,1.87,2.87,10906.973732307217,15.57500187711311,-136.22518178718033,4,1
2012-11-14 06:01:02.126735+00:00,3.32,7.42,11.36,12135.323763856755,15.723763576036786,-135.92765838933298,4,1
2012-11-14 06:06:02.126735+00:00,3.26,7.3,11.16,10379.574047256096,15.515985026247318,-136.3432154889119,5,1
2012-11-14 06:11:02.126735+00:00,3.32,7.42,11.36,12135.323763856755,15.81608230348779,-135.74302093443094,4,1
2012-11-14 06:16:02.126735+00:00,3.45,7.72,11.8,9495.19933076842,15.515985026247318,-136.3432154889119,5,1
2012-11-14 06:21:02.126735+00:00,3.16,7.08,10.83,5260.089549598313,14.279899196778189,-138.81538714785017,3,1
2012-11-14 06:43:02.126735+00:00,4.54,10.07,15.38,2688.2554430415694,12.882869240042618,-141.6094470613213,4,1
2012-11-14 06:48:02.126735+00:00,4.94,10.93,16.69,2814.9161029505194,13.00038217583012,-141.37442118974633,4,1
2012-11-14 06:52:02.126735+00:00,5.05,11.17,17.05,3099.8560490890163,13.236326302234202,-140.90253293693814,5,1
2012-11-14 06:56:02.126735+00:00,5.25,11.6,17.71,4024.723805892036,13.431017953520996,-140.51314963436457,4,1
2012-11-14 07:01:02.126735+00:00,5.64,12.42,18.95,6794.987840845984,14.81842772384587,-137.7383300937148,5,1
2012-11-14 07:06:02.126735+00:00,5.79,12.74,19.44,7631.37054286195,14.81842772384587,-137.7383300937148,5,1
2012-11-14 07:11:02.126735+00:00,6.52,14.26,21.74,7789.647251660334,14.848678225228682,-137.6778290909492,5,1
2012-11-14 07:15:02.126735+00:00,6.52,14.26,21.74,7789.647251660334,14.848678225228682,-137.6778290909492,5,1
2012-11-14 07:20:02.126735+00:00,6.95,15.17,23.11,7631.37054286195,14.729934059670072,-137.9153174220664,5,1
2012-11-14 07:25:02.126735+00:00,8.07,17.46,26.58,4909.936982281242,13.611400081293898,-140.15238537881876,4,1
2012-11-14 07:29:02.126735+00:00,8.07,17.46,26.58,4909.936982281242,13.611400081293898,-140.15238537881876,4,1
2012-11-14 07:34:02.126735+00:00,25.22,40.0,40.0,3349.506945849127,12.88567305531375,-141.60383943077906,3,1
2012-11-14 13:39:02.126652+00:00,8.69,18.74,28.51,2106.658413141753,12.59848486829394,-142.82323692161663,3,1
2012-11-14 13:45:02.126652+00:00,7.58,16.47,25.08,2627.6859595301025,12.755727846439529,-142.50875096532548,3,1
2012-11-14 13:52:02.126652+00:00,4.6,10.21,15.59,3975.252743041263,13.618883284336,-140.78244008953254,4,1
2012-11-14 13:57:02.126652+00:00,5.21,11.5,17.56,5015.131451397696,14.304073041362557,-139.41206057547942,3,1
2012-11-14 14:02:02.126652+00:00,4.84,10.73,16.38,7089.986642377906,15.000101693066911,-138.0200032720707,3,1
2012-11-14 14:08:02.126652+00:00,5.33,11.77,17.96,7152.810935110379,15.032244137232391,-137.95571838373974,4,1
2012-11-14 14:13:02.126652+00:00,5.87,12.9,19.68,6876.576290549704,15.08199589240744,-137.85621487338966,4,1
2012-11-14 14:14:02.126652+00:00,5.87,12.9,19.68,6876.576290549704,15.08199589240744,-137.85621487338966,4,1
2012-11-14 14:22:02.126652+00:00,6.19,13.57,20.69,6240.721755727667,14.86420877716072,-138.2917891038831,4,1
2012-11-14 14:28:02.126652+00:00,6.4,14.01,21.36,5818.277572733832,14.664030972923568,-138.6921447123574,3,1
2012-11-14 14:35:02.126652+00:00,6.95,15.17,23.11,4353.551858632945,13.988829050900588,-140.04254855640335,4,1
2012-11-14 14:41:02.126652+00:00,6.29,13.79,21.03,3457.1272822955016,13.572918343302034,-140.87436997160046,5,1
2012-11-14 14:43:02.126652+00:00,6.31,13.82,21.08,3265.227416823311,13.460717540892269,-141.09877157642,6,1
2012-11-14 14:47:02.126652+00:00,5.41,11.93,18.21,3100.7184276278963,13.460717540892269,-141.09877157642,6,1
2012-11-14 14:51:02.126652+00:00,5.44,12.0,18.31,2769.624351603834,13.050742662437,-141.91872133333055,6,1
2012-11-14 14:52:02.126652+00:00,5.39,11.9,18.16,2769.624351603834,13.050742662437,-141.91872133333055,6,1
2012-11-14 14:55:02.126652+00:00,5.02,11.1,16.95,2317.7933783649382,12.663020480993474,-142.6941656962176,6,1
2012-11-14 15:01:02.126652+00:00,12.65,26.72,40.0,1901.4370271852872,12.444436635686865,-143.13133338683082,5,1
2012-11-14 15:02:02.126652+00:00,12.65,26.72,40.0,1901.4370271852872,12.444436635686865,-143.13133338683082,5,1
2012-11-14 15:06:02.126652+00:00,5.35,11.8,18.01,1949.9193459032167,12.508754505641155,-143.00269764692223,4,1
2012-11-14 15:13:02.126652+00:00,5.19,11.47,17.51,2140.0694481846763,12.823602380915236,-142.37300189637406,3,1
2012-11-14 15:20:02.126652+00:00,5.15,11.37,17.36,3951.6923307659026,13.723175677237302,-140.57385530372994,3,1
2012-11-14 15:26:02.126652+00:00,5.63,12.39,18.9,5072.782533199161,14.285094484358606,-139.4500176894873,4,1
2012-11-14 15:31:02.126652+00:00,5.75,12.65,19.29,5808.836385642318,14.614804730229356,-138.7905971977458,4,1
2012-11-14 15:33:02.126652+00:00,5.75,12.65,19.29,5808.836385642318,14.614804730229356,-138.7905971977458,4,1
2012-11-14 15:38:02.126652+00:00,30.09,40.0,40.0,4780.495681046236,14.117393969397911,-139.7854187194087,4,1
2012-11-14 15:45:02.126652+00:00,31.28,40.0,40.0,4137.191326440255,13.852191769817024,-140.31582311857048,3,1
2012-11-14 15:52:02.126652+00:00,7.99,17.3,26.34,2891.69209614855,12.92995127670174,-142.16030410480104,3,1
2012-11-14 17:47:02.126652+00:00,9.76,20.9,31.76,2895.8987003468264,12.93696473370867,-142.1462771907872,4,1
2012-11-14 17:51:02.126652+00:00,9.72,20.84,31.67,3353.4307354305943,13.463053791365986,-141.09409907547257,3,1
2012-11-14 17:56:02.126652+00:00,9.64,20.68,31.43,3944.677217350327,13.739569554631103,-140.54106754894232,4,1
2012-11-14 18:02:02.126652+00:00,9.53,20.45,31.09,4535.92369927006,14.01608531789622,-139.98803602241207,3,1
2012-11-14 18:08:02.126652+00:00,8.95,19.27,29.31,5079.798416395798,14.18400675307581,-139.65219315205292,3,1
2012-11-14 18:14:02.126652+00:00,9.14,19.65,29.89,5444.4009484745475,14.379638391625823,-139.26092987495286,3,1
2012-11-14 18:20:02.126652+00:00,8.92,19.21,29.22,5564.420257092106,14.471184909856262,-139.077836838492,3,1
2012-11-14 18:27:02.126652+00:00,8.89,19.15,29.12,5444.4009484745475,14.471184909856262,-139.077836838492,3,1
2012-11-14 18:33:02.126652+00:00,8.65,18.65,28.36,5640.144494298617,14.571628106704232,-138.87695044479608,3,1
2012-11-14 18:40:02.126652+00:00,9.17,19.72,29.98,5279.70724675567,14.225264813509336,-139.56967703118585,4,1
2012-11-14 18:45:02.126652+00:00,9.2,19.78,30.08,5478.332467906084,14.321512645013064,-139.3771813681784,3,1
2012-11-14 18:50:02.126652+00:00,9.33,20.04,30.46,5081.082025605256,13.954940793204932,-140.11032507179468,3,1
2012-11-14 18:56:02.126652+00:00,9.33,20.04,30.46,3827.404749125555,13.684284128944586,-140.65163840031536,4,1
2012-11-14 19:01:02.126652+00:00,9.68,20.74,31.52,3054.1466674674393,13.160059348002964,-141.7000879621986,4,1
2012-11-14 19:06:02.126652+00:00,9.85,21.1,32.06,2565.0696584469306,12.814109068776014,-142.3919885206525,3,1
2012-11-14 19:11:02.126652+00:00,9.84,21.06,32.01,2531.0894040039107,12.758203351338713,-142.5037999555271,5,1
2012-11-14 19:16:02.126652+00:00,10.39,22.17,33.68,2101.1036922773706,12.814109068776014,-142.3919885206525,5,1
2012-11-14 19:18:02.126652+00:00,10.4,22.21,33.73,2333.0866753621503,12.895535043263171,-142.22913657167817,6,1
2012-11-14 19:22:02.126652+00:00,10.91,23.24,35.29,2101.1036922773706,12.976961017750329,-142.06628462270388,5,1
2012-11-14 19:23:02.126652+00:00,10.95,23.31,35.39,2101.1036922773706,12.976961017750329,-142.06628462270388,5,1
2012-11-14 19:28:02.126652+00:00,11.95,25.31,38.4,2763.9992004345945,13.228964188386232,-141.56227828143207,4,1
2012-11-14 19:35:02.126652+00:00,6.23,13.66,20.84,2478.0507914308746,13.031947080500988,-141.95631249720256,4,1
2012-11-14 19:40:02.126652+00:00,7.28,15.85,24.14,2478.0507914308746,13.17925937181559,-141.66168791457335,4,1
2012-11-14 19:43:02.126652+00:00,9.8,21.0,31.91,3161.3340882114044,13.71391969437279,-140.59236726945895,5,1
2012-11-14 19:47:02.126652+00:00,9.53,20.45,31.09,3161.3340882114044,13.71391969437279,-140.59236726945895,5,1
2012-11-14 19:50:02.126652+00:00,9.49,20.35,30.94,3161.3340882114044,13.71391969437279,-140.59236726945895,5,1
2012-11-14 19:54:02.126652+00:00,9.52,20.42,31.04,3018.5220256887947,13.009308050792862,-142.00159055661882,5,1
2012-11-14 19:57:02.126652+00:00,9.55,20.48,31.13,2817.9823030578514,12.934719788653217,-142.15076708089808,5,1
2012-11-14 20:02:02.126652+00:00,9.22,19.81,30.12,2451.110249366211,12.909282739349848,-142.20164117950483,5,1
2012-11-14 20:06:02.126652+00:00,9.76,20.9,31.76,2424.99248955163,12.761323583153716,-142.4975594918971,4,1
2012-11-14 20:09:02.126652+00:00,9.77,20.93,31.81,2398.874729737049,12.613364426957585,-142.79347780428935,3,1
2012-11-14 21:40:02.126652+00:00,16.18,33.77,40.0,1609.15061640388,12.301294858322274,-143.41761694155997,4,1
2012-11-14 21:46:02.126652+00:00,15.16,31.73,40.0,1597.9014279054502,12.22945326101972,-143.5613001361651,3,1
2012-11-14 22:57:02.126652+00:00,7.24,15.75,24.0,2450.3846629221075,12.929278259750578,-142.16165013870338,3,1
2012-11-14 23:05:02.126652+00:00,6.31,13.82,21.08,2450.3846629221075,12.929278259750578,-142.16165013870338,3,1
2012-11-14 23:10:02.126652+00:00,5.33,11.77,17.96,2377.33883205952,12.945163174487408,-142.12988030922972,3,1
2012-11-14 23:17:02.126652+00:00,4.37,9.71,14.84,2246.9314028642325,12.44420167230045,-143.13180331360363,3,1
2012-11-14 23:23:02.126652+00:00,2.32,5.21,7.98,3029.690619482792,13.656890603756146,-140.70642545069225,4,1
2012-11-14 23:29:02.126652+00:00,2.02,4.56,6.99,3812.449836101352,13.75698550396657,-140.5062356502714,5,1
2012-11-14 23:32:02.126652+00:00,2.02,4.56,6.99,3812.449836101352,13.75698550396657,-140.5062356502714,5,1
2012-11-14 23:37:02.126652+00:00,1.91,4.31,6.59,3812.449836101352,13.75698550396657,-140.5062356502714,5,1
2012-11-14 23:38:02.126652+00:00,2.24,5.04,7.72,5442.689154717259,14.4202083084737,-139.17979004125715,6,1
2012-11-14 23:43:02.126652+00:00,9.77,20.93,31.81,4614.823599170071,16.587551234841442,-134.84510418852165,7,1
2012-11-14 23:48:02.126652+00:00,9.76,20.9,31.76,4775.399696523909,15.581236119657666,-136.8577344188892,8,2
2012-11-14 23:49:02.126652+00:00,8.82,18.99,28.89,4614.823599170071,14.57492100447389,-138.87036464925674,7,1
2012-11-14 23:51:02.126652+00:00,8.82,18.99,28.89,4614.823599170071,14.57492100447389,-138.87036464925674,7,1
2012-11-14 23:58:02.126652+00:00,23.36,40.0,40.0,3815.751295153288,14.355403245818977,-139.30940016656658,6,2
2012-11-15 00:24:02.126570+00:00,13.15,27.72,40.0,8955.768567326983,15.624319298827125,-135.92207259746215,3,1
2012-11-15 00:29:02.126570+00:00,12.94,27.31,40.0,15257.71378902186,16.824171413933023,-133.52236836725035,3,1
2012-11-15 00:34:02.126570+00:00,40.0,40.0,40.0,19703.19137396924,17.386359444508443,-132.39799230609952,4,1
2012-11-15 00:40:02.126570+00:00,1.1,2.5,3.82,24148.66895891662,17.948547475083867,-131.27361624494867,3,1
2012-11-15 00:46:02.126570+00:00,40.0,40.0,40.0,2293.4159512373294,12.641398520779896,-141.8879141535566,3,1
2012-11-15 01:13:02.126570+00:00,5.72,12.58,19.2,2195.536820508861,12.593946737347384,-141.98281772042162,3,1
2012-11-15 05:00:02.126570+00:00,8.83,19.02,28.93,17250.06305064806,21.934890245725125,-123.30093070366615,6,3
2012-11-15 05:01:02.126570+00:00,8.83,19.02,28.93,17250.06305064806,21.934890245725125,-123.30093070366615,6,3
2012-11-15 12:36:02.126487+00:00,20.22,40.0,40.0,2405.021494605609,16.691495363692283,-131.5223864369099,3,1
2012-11-15 12:37:02.126487+00:00,20.22,40.0,40.0,2405.021494605609,16.691495363692283,-131.5223864369099,3,2
2012-11-16 08:33:02.126405+00:00,9.52,20.42,31.04,2789.135717571754,12.49223408280217,-141.43479997415588,3,1
2012-11-16 08:39:02.126405+00:00,8.89,19.15,29.12,3441.706527187277,12.9245156015443,-140.57023693667162,4,1
2012-11-16 08:43:02.126405+00:00,8.51,18.36,27.94,4094.2773368028006,13.356797120286428,-139.70567389918733,5,1
2012-11-16 08:45:02.126405+00:00,8.52,18.39,27.99,4094.2773368028006,13.356797120286428,-139.70567389918733,5,1
2012-11-16 08:49:02.126405+00:00,8.43,18.21,27.7,3193.1453127247614,12.713794607888222,-140.99167892398376,6,1
2012-11-16 08:52:02.126405+00:00,8.04,17.4,26.48,4039.1567353136447,13.201490335491666,-140.01628746877685,6,1
2012-11-16 08:57:02.126405+00:00,7.51,16.31,24.84,5469.068864317885,13.759382376467542,-138.90050338682514,6,1
2012-11-16 08:59:02.126405+00:00,7.51,16.31,24.84,5469.068864317885,13.759382376467542,-138.90050338682514,6,1
2012-11-16 09:03:02.126405+00:00,6.94,15.13,23.06,9601.749710590442,15.140536100180498,-136.1381959393992,5,1
2012-11-16 09:07:02.126405+00:00,6.97,15.2,23.16,9601.749710590442,15.140536100180498,-136.1381959393992,5,1
2012-11-16 09:11:02.126405+00:00,6.52,14.26,21.74,11491.971693656842,15.417204339640517,-135.58485946047918,5,1
2012-11-16 09:13:02.126405+00:00,6.5,14.23,21.7,11491.971693656842,15.417204339640517,-135.58485946047918,5,1
2012-11-16 09:17:02.126405+00:00,6.5,14.23,21.7,8544.182534999745,14.655958539379515,-137.10735106100117,4,1
2012-11-16 09:23:02.126405+00:00,16.5,34.41,40.0,7590.540575802124,14.595296240669576,-137.22867565842105,4,1
2012-11-16 09:28:02.126405+00:00,16.52,34.45,40.0,5070.2962143586465,14.333340300310162,-137.75258753913988,4,1
2012-11-16 09:33:02.126405+00:00,16.52,34.45,40.0,5483.8255929348015,14.3520304464568,-137.7152072468466,4,1
2012-11-16 09:37:02.126405+00:00,18.09,37.56,40.0,5458.683684704138,14.256382636226244,-137.90650286730772,5,1
2012-11-16 09:39:02.126405+00:00,22.25,40.0,40.0,5212.086490417022,14.219002343932964,-137.98126345189428,5,1
2012-11-16 09:44:02.126405+00:00,22.25,40.0,40.0,5212.086490417022,14.170070128067607,-138.07912788362498,5,1
2012-11-16 09:48:02.126405+00:00,22.25,40.0,40.0,4861.877637446079,13.726706778929865,-138.9658545819005,5,1
2012-11-16 09:51:02.126405+00:00,22.25,40.0,40.0,4332.98253312587,13.726706778929865,-138.9658545819005,5,1
2012-11-16 09:56:02.126405+00:00,4.55,10.1,15.43,3787.549301975957,13.38221709806814,-139.6548339436239,5,1
2012-11-16 10:00:02.126405+00:00,4.24,9.42,14.4,3766.736881035728,13.35762020427522,-139.70402773120978,5,1
2012-11-16 10:04:02.126405+00:00,3.89,8.67,13.26,3259.434315565307,13.312274980647832,-139.79471817846456,4,1
2012-11-16 10:08:02.126405+00:00,3.6,8.04,12.3,2731.3193291546577,13.35762020427522,-139.70402773120978,3,1
2012-11-16 10:18:02.126405+00:00,3.62,8.08,12.36,11259.398444156794,15.757057340951864,-134.90515345785647,3,1
2012-11-16 10:21:02.126405+00:00,3.62,8.08,12.36,7170.8871175897,14.339116340245894,-137.7410354592684,4,1
2012-11-16 10:26:02.126405+00:00,3.82,8.52,13.02,7490.643564349947,14.54980378658966,-137.31966056658086,6,1
2012-11-16 10:28:02.126405+00:00,3.82,8.52,13.02,7490.643564349947,14.54980378658966,-137.31966056658086,6,1
2012-11-16 10:32:02.126405+00:00,3.76,8.4,12.85,12634.95222920425,15.9362285789429,-134.54681098187442,5,1
2012-11-16 10:36:02.126405+00:00,3.76,8.4,12.85,12634.95222920425,15.720553806919806,-134.9781605259206,7,1
2012-11-16 10:39:02.126405+00:00,4.13,9.2,14.06,13213.923053934544,15.720553806919806,-134.9781605259206,5,1
2012-11-16 10:43:02.126405+00:00,3.69,8.24,12.61,3878.218718757451,13.608047859730323,-139.20317242029955,5,1
2012-11-16 10:46:02.126405+00:00,3.32,7.42,11.36,13213.923053934544,15.720553806919806,-134.9781605259206,5,1
2012-11-16 10:49:02.126405+00:00,2.74,6.15,9.42,15810.157974534051,16.266052920490296,-133.88716229877963,6,1
2012-11-16 10:53:02.126405+00:00,2.51,5.65,8.65,13213.923053934544,15.720553806919806,-134.9781605259206,5,1
2012-11-16 10:59:02.126405+00:00,2.51,5.65,8.65,3732.060846583901,16.247264058967353,-133.9247400218255,7,1
2012-11-16 11:00:02.126405+00:00,2.24,5.04,7.72,3340.975995300363,16.529408046514067,-133.36045204673206,8,1
2012-11-16 11:05:02.126405+00:00,1.72,3.89,5.96,3340.975995300363,16.56309946293777,-133.29306921388468,8,1
2012-11-16 11:06:02.126405+00:00,1.72,3.89,5.96,3340.975995300363,16.56309946293777,-133.29306921388468,8,1
2012-11-16 11:08:02.126405+00:00,1.59,3.59,5.5,3430.5107384159173,16.87893486690819,-132.66139840594383,9,1
2012-11-16 11:09:02.126405+00:00,1.24,2.81,4.3,3340.975995300363,16.56309946293777,-133.29306921388468,8,1
2012-11-16 11:10:02.126405+00:00,1.28,2.9,4.45,3430.5107384159173,16.87893486690819,-132.66139840594383,7,1
2012-11-16 11:12:02.126405+00:00,1.28,2.9,4.45,3430.5107384159173,16.87893486690819,-132.66139840594383,7,1
2012-11-16 11:17:02.126405+00:00,1.2,2.71,4.15,15435.370605783592,17.79306053514764,-130.83314706946493,6,1
2012-11-16 11:23:02.126405+00:00,1.05,2.38,3.65,39949.765381178906,18.41863106909654,-129.58200600156712,4,1
2012-11-16 11:28:02.126405+00:00,0.01,0.03,0.08,15584.917051888628,16.67092095816358,-133.07742622343306,5,1
2012-11-16 11:29:02.126405+00:00,0.01,0.03,0.08,15584.917051888628,16.67092095816358,-133.07742622343306,5,1
2012-11-16 11:34:02.126405+00:00,0.0,0.01,0.02,4710.296324514368,13.8722400743568,-138.6747879910466,6,2
2012-11-16 11:39:02.126405+00:00,0.0,0.02,0.02,6405.164979661715,15.219875628458311,-135.9795168828436,6,1
2012-11-16 11:43:02.126405+00:00,0.02,0.06,0.12,5904.026383724223,14.507406738005976,-137.40445466374825,7,1
2012-11-16 11:47:02.126405+00:00,0.89,2.01,3.08,5230.769005131888,14.265010035866023,-137.88924806802817,6,1
2012-11-16 11:49:02.126405+00:00,1.28,2.9,4.45,5904.026383724223,14.507406738005976,-137.40445466374825,7,1
2012-11-16 11:53:02.126405+00:00,2.24,5.04,7.72,4557.511626539554,14.022613333726074,-138.37404147230808,7,1
2012-11-16 11:55:02.126405+00:00,2.11,4.75,7.27,5731.90760106938,14.458909821787366,-137.5014484961855,6,1
2012-11-16 11:58:02.126405+00:00,3.04,6.81,10.42,4557.511626539554,14.022613333726074,-138.37404147230808,5,1
2012-11-16 12:34:02.126322+00:00,5.66,12.45,19.0,2216.3507916629915,12.921943428977237,-136.71693514789067,3,1
2012-11-16 12:40:02.126322+00:00,5.78,12.71,19.39,2435.4891247618507,13.080989429899848,-136.39884314604546,4,1
2012-11-16 12:45:02.126322+00:00,5.96,13.09,19.97,2428.5319124541543,13.066417250950584,-136.427987503944,3,1
2012-11-16 12:50:02.126322+00:00,5.99,13.16,20.07,2428.5319124541543,13.09556160884911,-136.36969878814693,3,1
2012-11-16 12:55:02.126322+00:00,6.04,13.25,20.21,2114.4694051954216,13.09556160884911,-136.36969878814693,3,1
2012-11-16 13:01:02.126322+00:00,7.95,17.21,26.2,1964.713787644274,12.519800592776033,-137.52122082029308,3,1
2012-11-17 01:40:02.126240+00:00,6.89,15.04,22.92,1841.723996010271,11.98354352902193,-139.4986087445152,3,1
2012-11-17 01:45:02.126240+00:00,6.89,15.04,22.92,1993.233406378773,12.187845427389318,-139.0900049477804,4,1
2012-11-17 01:49:02.126240+00:00,6.79,14.82,22.59,1874.3643950543735,12.18553944397152,-139.094616914616,5,1
2012-11-17 01:55:02.126240+00:00,6.8,14.85,22.64,2151.3012089121667,12.288843384864114,-138.88800903283084,4,1
2012-11-17 01:59:02.126240+00:00,6.77,14.79,22.55,2151.3012089121667,12.288843384864114,-138.88800903283084,4,1
2012-11-17 02:05:02.126240+00:00,7.21,15.69,23.91,1737.7752441798643,11.948247896559252,-139.56920000944052,4,1
2012-11-17 02:10:02.126240+00:00,7.22,15.72,23.95,1601.1860933053551,11.752526203161276,-139.9606433962365,3,1
2012-11-17 04:21:02.126240+00:00,5.63,12.39,18.9,1899.0836261330653,12.250613798191273,-138.9644682061765,3,1
2012-11-17 04:52:02.126240+00:00,1.44,3.26,5.0,3511.091951657758,13.934171285119984,-135.59735323231908,3,1
2012-11-17 04:59:02.126240+00:00,1.2,2.71,4.15,3741.798153276045,14.020069896657391,-135.42555600924427,3,1
2012-11-17 05:05:02.126240+00:00,0.01,0.03,0.08,9947.146410512534,15.901783664588596,-131.66212847338184,3,1
2012-11-17 05:13:02.126240+00:00,1.52,3.43,5.26,9947.146410512534,15.901783664588596,-131.66212847338184,3,1
2012-11-17 05:19:02.126240+00:00,0.83,1.87,2.87,7956.537822115558,15.276658495244554,-132.91237881206993,3,1
2012-11-17 05:25:02.126240+00:00,1.0,2.27,3.47,4829.367933169005,14.235377606893136,-134.99494058877278,3,1
2012-11-17 05:31:02.126240+00:00,0.0,0.02,0.02,5276.633416466777,14.352164244392425,-134.7613673137742,4,1
2012-11-17 05:37:02.126240+00:00,1.15,2.6,3.99,4972.012979382,14.090416533715487,-135.28486273512806,4,1
2012-11-17 05:41:02.126240+00:00,1.55,3.51,5.38,4220.127058999448,13.71188218553926,-136.04193143148052,5,1
2012-11-17 05:45:02.126240+00:00,1.85,4.17,6.39,3612.152234980669,13.683425390868075,-136.0988450208229,5,1
2012-11-17 05:50:02.126240+00:00,2.26,5.1,7.81,3436.8693417170066,13.49741091127241,-136.47087398001423,5,1
2012-11-17 05:54:02.126240+00:00,2.34,5.27,8.07,3235.429169351557,13.39473315427449,-136.67622949401007,4,1
2012-11-17 05:58:02.126240+00:00,2.69,6.06,9.27,3033.988996986107,13.29205539727657,-136.8815850080059,3,1
2012-11-17 06:22:02.126240+00:00,4.94,10.93,16.69,1676.58657317584,11.964374427399086,-139.53694694776087,3,1
2012-11-17 06:25:02.126240+00:00,5.07,11.2,17.1,1658.481194484681,12.061357429475512,-139.34298094360804,4,1
2012-11-17 06:29:02.126240+00:00,5.55,12.22,18.66,1658.481194484681,12.061357429475512,-139.34298094360804,4,1
2012-11-17 06:34:02.126240+00:00,6.67,14.57,22.22,1635.0843016099284,12.061357429475512,-139.34298094360804,4,1
2012-11-17 12:25:02.126156+00:00,7.43,16.16,24.61,1833.513266410971,12.050373310417184,-138.47180046468975,4,1
2012-11-17 12:30:02.126156+00:00,7.07,15.41,23.49,2009.3397649694784,12.095432574168704,-138.38168193718673,4,1
2012-11-17 12:34:02.126156+00:00,7.03,15.32,23.35,2152.9726082219736,12.182606250350483,-138.20733458482317,5,1
2012-11-17 12:38:02.126156+00:00,6.91,15.07,22.97,2156.537003904971,12.209378517590247,-138.15379005034364,5,1
2012-11-17 12:43:02.126156+00:00,7.07,15.41,23.49,2152.9726082219736,12.209378517590247,-138.15379005034364,5,1
2012-11-17 12:48:02.126156+00:00,7.13,15.54,23.67,2152.9726082219736,12.209378517590247,-138.15379005034364,5,1
2012-11-17 12:52:02.126156+00:00,7.24,15.75,24.0,2028.037751321885,12.020175759723672,-138.53219556607678,4,1
2012-11-17 12:58:02.126156+00:00,7.19,15.66,23.86,1673.0771404351365,11.830973001857096,-138.91060108180994,3,1
2012-11-17 13:26:02.126156+00:00,3.3,7.38,11.29,1791.3374251666946,11.973541740668583,-138.62546360418696,3,1
2012-11-17 13:31:02.126156+00:00,2.97,6.67,10.21,2029.386159544703,12.058879897988056,-138.45478728954802,4,1
2012-11-17 13:35:02.126156+00:00,3.0,6.72,10.28,2029.386159544703,12.058879897988056,-138.45478728954802,4,1
2012-11-17 13:40:02.126156+00:00,2.89,6.49,9.93,3574.021946028278,13.339204266192269,-135.8941385531396,5,1
2012-11-17 13:45:02.126156+00:00,2.83,6.35,9.71,3574.021946028278,13.339204266192269,-135.8941385531396,5,1
2012-11-17 13:50:02.126156+00:00,2.76,6.2,9.49,3443.7844651470746,13.30281383964284,-135.96691940623845,4,1
2012-11-17 13:54:02.126156+00:00,2.76,6.2,9.49,3443.7844651470746,13.30281383964284,-135.96691940623845,4,1
2012-11-17 13:59:02.126156+00:00,2.69,6.06,9.27,2660.9085938949156,12.79287477166264,-136.98679754219887,4,1
2012-11-17 14:04:02.126156+00:00,3.43,7.68,11.74,2008.2702035239597,12.319326130231865,-137.9338948250604,3,1
2012-11-17 14:37:02.126156+00:00,3.2,7.17,10.96,2284.8042965761183,12.10095098855298,-138.37064510841816,3,1
2012-11-17 14:41:02.126156+00:00,3.14,7.03,10.76,2347.7953921253516,12.318920177242244,-137.93470673103965,4,1
2012-11-17 14:45:02.126156+00:00,3.1,6.95,10.63,2284.8042965761183,12.10095098855298,-138.37064510841816,5,1
2012-11-17 14:50:02.126156+00:00,3.12,6.99,10.7,2284.8042965761183,12.10095098855298,-138.37064510841816,5,1
2012-11-17 14:54:02.126156+00:00,2.97,6.67,10.21,2410.786487674585,12.53688936593151,-137.49876835366112,5,1
2012-11-17 14:58:02.126156+00:00,3.06,6.86,10.49,2175.1451138654747,11.983577037827452,-138.60539300986923,5,1
2012-11-17 15:03:02.126156+00:00,3.18,7.12,10.9,2136.673681284929,11.97504427800174,-138.62245852952066,5,1
2012-11-17 15:07:02.126156+00:00,3.39,7.59,11.61,2123.8856264775955,11.864971032892123,-138.8426050197399,5,1
2012-11-17 15:13:02.126156+00:00,3.37,7.55,11.55,1976.0765179894756,11.924274035359788,-138.72399901480458,4,1
2012-11-17 15:17:02.126156+00:00,3.39,7.59,11.61,2123.8856264775955,11.983577037827452,-138.60539300986923,5,1
2012-11-17 15:21:02.126156+00:00,3.45,7.72,11.8,2008.27382881724,11.968214254341635,-138.63611857684086,4,1
2012-11-17 15:26:02.126156+00:00,3.47,7.76,11.87,2188.2802481331237,12.071457475791146,-138.42963213394182,3,1
2012-11-17 16:15:02.126156+00:00,5.36,11.83,18.06,2046.1565812868537,12.192133319800334,-138.18828044592345,4,1
2012-11-17 16:21:02.126156+00:00,5.84,12.84,19.59,2197.167025101526,12.312231604737327,-137.94808387604948,3,1
2012-11-17 16:25:02.126156+00:00,5.99,13.16,20.07,2046.1565812868537,12.192133319800334,-138.18828044592345,4,1
2012-11-17 16:31:02.126156+00:00,6.64,14.51,22.12,1927.4586968976375,12.024932079300712,-138.5226829269227,3,1
2012-11-17 16:38:02.126156+00:00,8.17,17.68,26.9,1848.622356083569,11.591720457881449,-139.38910616976125,3,1
2012-11-17 22:48:02.126156+00:00,7.84,16.99,25.87,1594.4591019791742,11.839293334175416,-138.8939604171733,4,1
2012-11-17 22:49:02.126156+00:00,7.86,17.03,25.92,1594.4591019791742,11.839293334175416,-138.8939604171733,4,1
2012-11-17 22:54:02.126156+00:00,7.69,16.68,25.41,1641.0205842390485,12.08049413342129,-138.41155881868156,5,1
2012-11-17 22:56:02.126156+00:00,7.76,16.84,25.64,1641.0205842390485,12.08049413342129,-138.41155881868156,7,1
2012-11-17 23:03:02.126156+00:00,6.76,14.76,22.5,1681.4830664785688,11.96013726993436,-138.65227254565542,7,1
2012-11-17 23:05:02.126156+00:00,6.47,14.17,21.6,2075.764371207765,12.199211288044443,-138.17412450943525,6,1
2012-11-17 23:06:02.126156+00:00,6.4,14.01,21.36,2075.764371207765,12.199211288044443,-138.17412450943525,6,1
2012-11-17 23:08:02.126156+00:00,6.47,14.17,21.6,2470.0456759369617,12.438285306154528,-137.69597647321507,5,1
2012-11-17 23:09:02.126156+00:00,6.34,13.88,21.17,2470.0456759369617,12.438285306154528,-137.69597647321507,5,1
2012-11-18 17:54:02.125991+00:00,7.13,15.54,23.67,2599.2640133990944,18.83563447987825,-132.24167513603868,5,1
2012-11-18 17:58:02.125991+00:00,7.13,15.54,23.67,2295.887817290882,15.881352360254288,-138.15023937528662,6,1
2012-11-18 17:59:02.125991+00:00,7.13,15.54,23.67,2295.887817290882,15.881352360254288,-138.15023937528662,6,2
2012-11-18 18:00:02.125991+00:00,7.13,15.54,23.67,2387.215591464296,13.430136507238702,-143.05267108131778,7,1
2012-11-18 18:05:02.125991+00:00,7.15,15.57,23.72,2599.2640133990944,14.003362456469969,-141.90621918285524,7,1
2012-11-18 18:10:02.125991+00:00,9.63,20.64,31.38,2804.9758092622587,13.716749481854336,-142.4794451320865,4,1
2012-11-18 18:15:02.125991+00:00,9.6,20.58,31.28,2804.9758092622587,13.716749481854336,-142.4794451320865,4,1
2012-11-18 18:20:02.125991+00:00,9.5,20.39,30.99,3222.736027060222,14.034919444276206,-141.84310520724276,3,1
2012-11-18 18:25:02.125991+00:00,9.16,19.69,29.93,3388.59603294127,14.263116973461816,-141.38671014887154,3,1
2012-11-18 18:31:02.125991+00:00,8.58,18.52,28.18,3735.275696759282,14.410510739326162,-141.09192261714287,3,1
2012-11-18 18:38:02.125991+00:00,8.42,18.18,27.66,5305.460795740989,14.89158825654071,-140.12976758271375,3,1
2012-11-18 18:45:02.125991+00:00,7.04,15.35,23.39,5828.444143880297,15.64255447713657,-138.62783514152204,3,1
2012-11-18 18:52:02.125991+00:00,6.61,14.45,22.03,7344.78032907628,15.850748670379478,-138.2114467550362,3,1
2012-11-18 18:58:02.125991+00:00,6.89,15.04,22.92,8373.561675638699,15.949546900073988,-138.01385029564722,4,1
2012-11-18 19:03:02.125991+00:00,7.18,15.63,23.81,8350.907465462958,15.996014218165495,-137.9209156594642,3,1
2012-11-18 19:08:02.125991+00:00,5.95,13.06,19.93,10051.01745802652,16.473587083455065,-136.96576992888504,3,1
2012-11-18 19:16:02.125991+00:00,5.49,12.09,18.46,11155.10593907754,16.500962131176205,-136.91101983344277,3,1
2012-11-18 19:24:02.125991+00:00,5.78,12.71,19.39,12315.37728003062,16.72417058561839,-136.4646029245584,4,1
2012-11-18 19:29:02.125991+00:00,5.89,12.93,19.73,12315.37728003062,16.72417058561839,-136.4646029245584,4,1
2012-11-18 19:33:02.125991+00:00,5.89,12.93,19.73,12315.37728003062,16.72417058561839,-136.4646029245584,4,1
2012-11-18 19:39:02.125991+00:00,6.2,13.6,20.74,10639.783619767042,16.352883317912113,-137.20717745997095,3,1
2012-11-18 19:45:02.125991+00:00,5.72,12.58,19.2,9498.336847093657,16.333262468679116,-137.24641915843694,3,1
2012-11-18 19:50:02.125991+00:00,5.36,11.83,18.06,9133.883048396132,16.321330624045334,-137.27028284770452,3,1
2012-11-18 19:55:02.125991+00:00,5.22,11.53,17.61,8978.697730405118,16.247573197244233,-137.4177977013067,4,1
2012-11-18 20:01:02.125991+00:00,5.02,11.1,16.95,6636.648291805909,15.624941368001693,-138.6630613597918,4,1
2012-11-18 20:06:02.125991+00:00,4.88,10.79,16.49,5335.814606209071,15.24389994399655,-139.42514420780208,3,1
2012-11-18 20:11:02.125991+00:00,4.63,10.28,15.7,4401.32442008638,15.016495958795558,-139.87995217820406,3,1
2012-11-18 20:17:02.125991+00:00,4.8,10.62,16.23,4010.2657102029902,14.720636840083031,-140.47167041562912,3,1
2012-11-18 20:22:02.125991+00:00,5.0,11.07,16.9,4010.2657102029902,14.720636840083031,-140.47167041562912,3,1
2012-11-18 20:28:02.125991+00:00,5.13,11.33,17.31,3920.661906204557,14.720636840083031,-140.47167041562912,3,1
2012-11-18 20:32:02.125991+00:00,5.02,11.1,16.95,4235.046666092507,14.832351556118638,-140.2482409835579,4,1
2012-11-18 20:39:02.125991+00:00,5.02,11.1,16.95,5869.719075378924,15.278818760495623,-139.35530657480393,4,1
2012-11-18 20:44:02.125991+00:00,4.94,10.93,16.69,5894.03483656861,15.365888893428965,-139.18116630893724,3,1
2012-11-18 21:06:02.125991+00:00,4.75,10.52,16.07,7054.713019399644,15.87960415366442,-138.15373578846635,3,1
2012-11-18 21:13:02.125991+00:00,4.91,10.86,16.59,5950.419787763121,15.321756058568631,-139.2694319786579,3,1
2012-11-18 21:20:02.125991+00:00,4.96,10.96,16.74,5228.249008447636,15.169079041333926,-139.57478601312732,3,1
2012-11-18 21:27:02.125991+00:00,4.89,10.83,16.54,4178.6785228698745,14.715675913278297,-140.48159226923858,3,1
2012-11-18 21:32:02.125991+00:00,4.29,9.53,14.56,4178.6785228698745,14.715675913278297,-140.48159226923858,3,1
2012-11-18 21:38:02.125991+00:00,4.6,10.21,15.59,4632.740112154022,15.035388400020857,-139.84216729575346,3,1
2012-11-18 21:45:02.125991+00:00,4.63,10.28,15.7,7845.954542376664,15.927700852126216,-138.05754239154277,3,1
2012-11-18 21:52:02.125991+00:00,5.07,11.2,17.1,7951.223666024359,16.270927020459325,-137.3710900548765,3,1
2012-11-18 21:59:02.125991+00:00,4.91,10.86,16.59,9339.288098778905,16.37431758871631,-137.16430891836256,3,1
2012-11-18 22:07:02.125991+00:00,5.11,11.3,17.26,11580.593657814165,16.83827062068824,-136.23640285441869,3,1
2012-11-18 22:15:02.125991+00:00,5.05,11.17,17.05,14194.684454211483,17.008772546404774,-135.89539900298564,3,1
2012-11-18 22:23:02.125991+00:00,5.58,12.29,18.76,14793.08261097399,17.231975596656685,-135.4489929024818,3,1
2012-11-18 23:03:02.125991+00:00,7.48,16.25,24.75,10237.101845288504,16.206462328914263,-137.50001943796664,3,1
2012-11-18 23:11:02.125991+00:00,8.77,18.9,28.74,7638.863612615155,15.819882839045691,-138.27317841770378,3,1
2012-11-18 23:20:02.125991+00:00,9.41,20.2,30.7,3736.420896261659,14.449881133326963,-141.01318182914125,3,1
2012-11-18 23:26:02.125991+00:00,9.64,20.68,31.43,2983.436514330916,14.22794407171962,-141.45705595235594,3,1
2012-11-19 13:25:02.125826+00:00,1.88,4.24,6.49,2602.307815851107,14.097179481754296,-137.29008076683277,3,2
2012-11-19 13:35:02.125826+00:00,2.67,6.01,9.19,2865.2250935820475,14.697108680476411,-136.09022236938853,4,1
2012-11-19 13:39:02.125826+00:00,2.85,6.39,9.79,2865.2250935820475,14.697108680476411,-136.09022236938853,4,1
2012-11-19 13:40:02.125826+00:00,3.66,8.16,12.49,2865.2250935820475,14.697108680476411,-136.09022236938853,4,1
2012-11-19 13:44:02.125826+00:00,1.88,4.24,6.49,3004.5080132230555,14.992196449367976,-135.5000468316054,5,1
2012-11-19 13:50:02.125826+00:00,1.97,4.44,6.79,3004.5080132230555,15.008322048240403,-135.46779563386056,3,1
2012-11-19 14:00:02.125826+00:00,11.91,25.24,38.3,2559.619949079064,14.146140250067097,-137.19215923020718,4,2
2012-11-19 14:08:02.125826+00:00,12.1,25.63,38.88,2585.8004038714166,14.27465728117193,-136.9351251679975,5,1
2012-11-19 14:12:02.125826+00:00,2.16,4.87,7.46,2585.8004038714166,14.791487290323044,-135.90146514969527,3,1
2012-11-19 14:16:02.125826+00:00,2.08,4.69,7.18,2585.8004038714166,14.791487290323044,-135.90146514969527,3,1
2012-11-20 06:15:02.125744+00:00,8.68,18.71,28.46,2114.785091086843,11.865375227848746,-140.89730940943394,4,1
2012-11-20 06:20:02.125744+00:00,8.6,18.55,28.22,2114.785091086843,11.865375227848746,-140.89730940943394,4,1
2012-11-20 06:24:02.125744+00:00,8.26,17.86,27.19,2547.685507519084,12.274800337559174,-140.07845919001306,4,1
2012-11-20 06:30:02.125744+00:00,7.99,17.3,26.34,3939.595745445516,12.886680119673546,-138.85469962578435,5,1
2012-11-20 06:34:02.125744+00:00,7.75,16.81,25.59,4031.254263577892,12.961788741113589,-138.70448238290425,4,1
2012-11-20 06:39:02.125744+00:00,7.42,16.13,24.56,4469.661764745368,13.25012613574627,-138.1278075936389,4,1
2012-11-20 06:44:02.125744+00:00,7.34,15.97,24.33,4575.091379709787,13.3890419685593,-137.84997592801284,4,1
2012-11-20 06:49:02.125744+00:00,6.32,13.85,21.12,4816.410747780468,13.463354908938909,-137.7013500472536,3,1
2012-11-20 06:54:02.125744+00:00,6.04,13.25,20.21,5055.469012629308,13.654352088014477,-137.31935568910248,4,1
2012-11-20 07:00:02.125744+00:00,5.79,12.74,19.44,8774.310237953923,14.91384991081788,-134.8003600434957,3,1
2012-11-20 07:05:02.125744+00:00,5.73,12.61,19.25,8774.310237953923,14.91384991081788,-134.8003600434957,3,1
2012-11-20 07:11:02.125744+00:00,5.18,11.43,17.46,7006.5308292274985,14.549395377388038,-135.52926911035536,3,1
2012-11-20 07:15:02.125744+00:00,5.07,11.2,17.1,7006.5308292274985,14.549395377388038,-135.52926911035536,3,1
2012-11-20 07:36:02.125744+00:00,2.6,5.85,8.96,7466.789754794624,14.022768560646794,-136.58252274383784,3,1
2012-11-20 07:43:02.125744+00:00,1.69,3.82,5.85,9209.754663451717,14.94525474603541,-134.73755037306063,4,1
2012-11-20 07:48:02.125744+00:00,1.94,4.37,6.7,21285.075608586,16.686530875103756,-131.25499811492392,4,1
2012-11-20 07:53:02.125744+00:00,2.11,4.75,7.27,31757.72383690509,17.80682711609409,-129.01440563294324,5,1
2012-11-20 07:57:02.125744+00:00,2.16,4.87,7.46,34906.85597784226,18.288386947382733,-128.05128597036597,5,1
2012-11-20 08:01:02.125744+00:00,2.08,4.69,7.18,38790.07920707548,18.669782095955945,-127.28849567321956,5,1
2012-11-20 08:05:02.125744+00:00,2.24,5.04,7.72,39980.8015719557,18.78190808997224,-127.06424368518697,4,1
2012-11-20 08:10:02.125744+00:00,2.21,4.99,7.64,44248.02732962907,18.979452422547222,-126.66915502003698,4,1
2012-11-20 08:17:02.125744+00:00,0.02,0.06,0.12,43603.39922939153,18.70282398856636,-127.2224118879987,4,1
2012-11-20 08:22:02.125744+00:00,1.0,2.27,3.47,30743.54622551196,17.810276523303642,-129.00750681852415,4,1
2012-11-20 08:27:02.125744+00:00,0.89,2.01,3.08,15324.681193044704,16.18383210562233,-132.26039565388675,4,1
2012-11-20 08:32:02.125744+00:00,0.89,2.01,3.08,9044.537671426318,15.087888380664188,-134.45228310380307,5,1
2012-11-20 08:37:02.125744+00:00,0.76,1.72,2.63,8457.51207942381,14.549194521242656,-135.52967082264612,3,1
2012-11-20 08:42:02.125744+00:00,2.44,5.49,8.4,5941.922169331845,14.403083434107891,-135.82189299691566,3,1
2012-11-20 08:48:02.125744+00:00,2.85,6.39,9.79,4050.8664996873313,12.976569018715091,-138.67492182770124,4,1
2012-11-20 08:53:02.125744+00:00,2.6,5.85,8.96,3326.247309586657,12.721115055160528,-139.18582975481036,4,1
2012-11-20 08:58:02.125744+00:00,2.65,5.96,9.12,2664.457123351376,12.536151510846905,-139.55575684343762,3,1
2012-11-20 09:03:02.125744+00:00,3.75,8.36,12.79,2664.457123351376,12.536151510846905,-139.55575684343762,3,1
2012-11-20 09:12:02.125744+00:00,4.44,9.85,15.06,2725.8571231163087,12.868275539665728,-138.89150878579997,3,1
2012-11-20 09:19:02.125744+00:00,5.76,12.68,19.34,4883.434817110374,13.874572756376924,-136.8789143523776,3,1
2012-11-20 09:25:02.125744+00:00,6.56,14.36,21.88,6061.825765816129,14.11130570968378,-136.40544844576385,4,1
2012-11-20 09:30:02.125744+00:00,6.83,14.92,22.73,6061.825765816129,14.11130570968378,-136.40544844576385,4,1
2012-11-20 09:34:02.125744+00:00,6.83,14.92,22.73,6037.763531931932,14.10305841788538,-136.42194302936068,5,1
2012-11-20 09:39:02.125744+00:00,7.81,16.93,25.78,5919.406723745749,13.972884998384036,-136.68228986836337,4,1
2012-11-20 09:44:02.125744+00:00,8.16,17.65,26.86,4958.834516216681,13.497236638829463,-137.6335865874725,4,1
2012-11-20 09:49:02.125744+00:00,8.43,18.21,27.7,3798.5891123693273,12.92377019952021,-138.78051946609102,3,1
2012-11-20 09:55:02.125744+00:00,8.74,18.83,28.65,2908.3201524172464,12.50042411344166,-139.62721163824813,3,1
2012-11-20 10:00:02.125744+00:00,8.77,18.9,28.74,2701.791830077747,12.446245140404598,-139.73556958432223,3,1
2012-11-20 11:52:02.125744+00:00,9.41,20.2,30.7,1808.765462698775,11.478523082212575,-141.67101370070628,3,1
2012-11-20 12:28:02.125660+00:00,9.3,19.97,30.36,2630.308200109319,12.991018293910914,-140.53424899940586,3,1
2012-11-20 12:35:02.125660+00:00,9.38,20.13,30.6,2403.631953401576,12.939185259861654,-140.6379150675044,3,1
2012-11-20 12:42:02.125660+00:00,9.42,20.23,30.75,2232.430235237404,12.637398059662983,-141.24148946790174,3,1
2012-11-20 12:50:02.125660+00:00,9.39,20.16,30.65,1852.349230359075,12.36167364445958,-141.79293829830854,3,1
2012-11-20 12:58:02.125660+00:00,9.64,20.68,31.43,1777.0151963549677,12.2140580971801,-142.0881693928675,3,1
2012-11-20 13:05:02.125660+00:00,10.04,21.49,32.64,1742.7029324028845,12.184879087350648,-142.1465274125264,3,1
2012-11-21 21:58:02.125495+00:00,10.37,22.14,33.63,1655.912035703633,12.832522796529346,-143.27306399795364,3,1
2012-11-21 22:03:02.125495+00:00,10.04,21.49,32.64,1705.3652995827683,12.8148824790402,-143.30834463293195,4,1
2012-11-21 22:09:02.125495+00:00,9.76,20.9,31.76,1798.701829524941,12.9852003889616,-142.96770881308913,4,1
2012-11-21 22:13:02.125495+00:00,9.68,20.74,31.52,1798.701829524941,12.9852003889616,-142.96770881308913,4,1
2012-11-21 22:18:02.125495+00:00,9.61,20.61,31.33,1740.2706665048113,12.967560071472452,-143.0029894480674,4,1
2012-11-21 22:25:02.125495+00:00,9.66,20.71,31.47,1731.3361497405576,12.946634920558772,-143.04483974989478,4,1
2012-11-21 22:30:02.125495+00:00,9.82,21.03,31.96,1631.3632081256198,12.92861654434136,-143.0808765023296,3,1
2012-11-21 22:34:02.125495+00:00,10.17,21.75,33.04,1731.3361497405576,12.946634920558772,-143.04483974989478,4,1
2012-11-21 22:41:02.125495+00:00,10.19,21.78,33.09,1631.3632081256198,12.92861654434136,-143.0808765023296,3,1
2012-11-22 06:28:02.125413+00:00,17.16,35.71,40.0,8759.601070261597,24.125671315680226,-123.30719934652434,5,1
2012-11-22 06:29:02.125413+00:00,17.16,35.71,40.0,8759.601070261597,24.125671315680226,-123.30719934652434,5,2
2012-11-22 06:30:02.125413+00:00,17.16,35.71,40.0,8759.601070261597,24.125671315680226,-123.30719934652434,5,2
2012-11-26 16:23:02.124668+00:00,8.07,17.46,26.58,1834.8959435049765,11.960940731602614,-141.21691967556467,3,1
2012-11-26 16:29:02.124668+00:00,8.39,18.11,27.56,1834.8959435049765,11.960940731602614,-141.21691967556467,3,1
2012-11-26 16:35:02.124668+00:00,8.45,18.24,27.75,1832.0321671477695,12.123420912764836,-140.89195931324022,3,1
2012-11-27 07:29:02.124586+00:00,9.47,20.32,30.89,36103.80512264358,21.859219366402915,-118.49960078061912,9,1
2012-11-27 07:35:02.124586+00:00,9.47,20.32,30.89,50759.13283331508,22.99538129499794,-116.22727692342906,8,1
2012-11-27 07:36:02.124586+00:00,9.47,20.32,30.89,50759.13283331508,22.99538129499794,-116.22727692342906,8,3
2012-11-27 07:37:02.124586+00:00,9.47,20.32,30.89,50759.13283331508,22.99538129499794,-116.22727692342906,8,3
2012-11-27 07:47:02.124586+00:00,9.13,19.62,29.84,1715.8363759682093,11.433904590720964,-139.35023033198303,4,1
2012-11-27 07:52:02.124586+00:00,6.91,15.07,22.97,1732.61050964678,11.433904590720964,-139.35023033198303,4,1
2012-11-27 07:55:02.124586+00:00,6.8,14.85,22.64,1732.61050964678,11.433904590720964,-139.35023033198303,4,1
2012-11-27 07:59:02.124586+00:00,6.7,14.64,22.31,1781.7695053745888,11.549067792918796,-139.11990392758736,4,1
2012-11-27 08:07:02.124586+00:00,6.46,14.14,21.55,1830.0083280636616,11.652689385449754,-138.91266074252545,3,1
2012-11-27 08:11:02.124586+00:00,6.62,14.48,22.07,2007.0606256549904,11.812586977136146,-138.59286555915267,3,1
2012-11-27 08:18:02.124586+00:00,6.79,14.82,22.59,1834.854397489663,11.743381575494071,-138.7312763624368,4,1
2012-11-27 08:23:02.124586+00:00,6.88,15.01,22.88,1900.6404500827457,11.95005866180567,-138.3179221898136,3,1
2012-11-27 08:27:02.124586+00:00,6.86,14.98,22.83,1953.850537868868,11.970830631189887,-138.27637825104517,4,1
2012-11-27 08:34:02.124586+00:00,6.79,14.82,22.59,1992.0034044424272,11.829683851109753,-138.55867181120544,3,1
2012-11-27 18:10:02.124503+00:00,3.37,7.55,11.55,1965.5311291678936,16.30803313086746,-132.20043510759962,6,1
2012-11-27 18:11:02.124503+00:00,5.82,12.81,19.54,2177.122521219955,16.69568769099766,-131.4251259873392,8,1
2012-11-27 18:17:02.124503+00:00,23.4,40.0,40.0,2446.9795796629815,17.125602229654387,-130.56529691002578,19,1
2012-11-27 18:19:02.124503+00:00,23.12,40.0,40.0,2432.1387438061447,17.148889234277327,-130.5187229007799,20,2
2012-11-27 18:20:02.124503+00:00,22.45,40.0,40.0,2390.103573486196,17.148889234277327,-130.5187229007799,20,2
2012-11-27 18:21:02.124503+00:00,21.39,40.0,40.0,2378.440533002656,17.148889234277327,-130.5187229007799,22,2
2012-11-27 18:22:02.124503+00:00,21.73,40.0,40.0,2405.6348674657684,17.148889234277327,-130.5187229007799,22,2
2012-11-27 18:23:02.124503+00:00,21.73,40.0,40.0,2405.6348674657684,17.148889234277327,-130.5187229007799,22,2
2012-11-27 18:24:02.124503+00:00,21.73,40.0,40.0,2405.6348674657684,17.148889234277327,-130.5187229007799,22,2
2012-11-27 18:25:02.124503+00:00,21.76,40.0,40.0,2405.6348674657684,17.148889234277327,-130.5187229007799,22,2
2012-11-27 18:26:02.124503+00:00,21.58,40.0,40.0,2393.971826982229,17.125602229654387,-130.56529691002578,23,2
2012-11-27 18:28:02.124503+00:00,21.36,40.0,40.0,2405.6348674657684,17.148889234277327,-130.5187229007799,22,1
2012-11-27 18:30:02.124503+00:00,21.17,40.0,40.0,2446.9795796629815,17.229665642225903,-130.35717008488274,19,2
2012-11-27 18:31:02.124503+00:00,21.89,40.0,40.0,2417.2979079493084,17.172176238900263,-130.472148891534,17,2
2012-11-27 18:36:02.124503+00:00,19.05,39.48,40.0,1997.6146948287137,17.068176041402428,-130.68014928652968,7,1
2012-11-27 19:35:02.124503+00:00,7.64,16.59,25.27,4267.905310583395,14.060585271766255,-136.69533082580205,3,1
2012-11-27 19:40:02.124503+00:00,6.44,14.1,21.51,8214.803121399476,15.170809275261274,-134.47488281881198,3,1
2012-11-27 19:46:02.124503+00:00,6.07,13.32,20.31,8371.509914806396,15.33451583579829,-134.14746969773796,3,1
2012-11-27 19:52:02.124503+00:00,5.9,12.97,19.78,7218.258764201979,15.15474252906774,-134.50701631119907,4,1
2012-11-27 19:57:02.124503+00:00,4.86,10.76,16.43,4422.557088060408,14.22337558550518,-136.3697501983242,4,1
2012-11-27 20:00:02.124503+00:00,4.78,10.59,16.17,4422.557088060408,14.22337558550518,-136.3697501983242,4,1
2012-11-27 20:03:02.124503+00:00,4.78,10.59,16.17,2780.106562523255,13.471781948673172,-137.8729374719882,3,1
2012-11-27 20:34:02.124503+00:00,3.22,7.21,11.03,2842.4720626354947,13.418695195356015,-137.97911097862251,3,1
2012-11-27 20:43:02.124503+00:00,2.21,4.99,7.64,7892.51747892915,14.88054801801464,-135.05540533330526,5,1
2012-11-27 20:45:02.124503+00:00,2.05,4.63,7.08,7054.166052424052,15.189573121834773,-134.437355125665,4,1
2012-11-27 20:49:02.124503+00:00,2.02,4.56,6.99,5037.761746019706,14.673419033369896,-135.46966330259474,5,1
2012-11-27 20:52:02.124503+00:00,2.08,4.69,7.18,3918.9171454043512,13.844106325678938,-137.12828871797666,6,1
2012-11-27 20:56:02.124503+00:00,2.16,4.87,7.46,5037.761746019706,14.673419033369896,-135.46966330259474,5,1
2012-11-27 21:00:02.124503+00:00,2.19,4.93,7.55,3197.0551220977295,13.440212097034102,-137.93607717526635,5,1
2012-11-27 21:05:02.124503+00:00,1.52,3.43,5.26,3197.0551220977295,13.440212097034102,-137.93607717526635,5,1
2012-11-27 21:08:02.124503+00:00,2.89,6.49,9.93,4293.5428885419915,14.054445747034098,-136.70760987526634,6,1
2012-11-27 21:11:02.124503+00:00,2.85,6.39,9.79,4293.5428885419915,14.054445747034098,-136.70760987526634,6,1
2012-11-27 21:15:02.124503+00:00,4.52,10.03,15.33,4293.5428885419915,14.054445747034098,-136.70760987526634,6,1
2012-11-27 21:17:02.124503+00:00,4.52,10.03,15.33,4293.5428885419915,14.054445747034098,-136.70760987526634,6,1
2012-11-27 21:19:02.124503+00:00,4.52,10.03,15.33,4808.4043129546335,14.189475286578432,-136.43755079617767,5,1
2012-11-27 21:24:02.124503+00:00,5.13,11.33,17.31,4293.5428885419915,14.054445747034098,-136.70760987526634,6,1
2012-11-27 21:30:02.124503+00:00,19.19,39.75,40.0,8167.102457296108,15.07836906728918,-134.65976323475618,4,1
2012-11-27 21:32:02.124503+00:00,19.19,39.75,40.0,6878.775552903957,14.606720054075703,-135.60306126118314,5,1
2012-11-27 21:36:02.124503+00:00,19.19,39.75,40.0,3630.196998941707,13.508314372645955,-137.79987262404262,6,1
2012-11-27 21:41:02.124503+00:00,19.19,39.75,40.0,3322.1635908258277,13.388330241554796,-138.03984088622497,6,1
2012-11-27 21:43:02.124503+00:00,19.19,39.75,40.0,3354.4221766100445,13.328314504775124,-138.1598723597843,6,1
2012-11-27 21:46:02.124503+00:00,19.19,39.75,40.0,3354.4221766100445,13.328314504775124,-138.1598723597843,6,1
2012-11-27 21:49:02.124503+00:00,7.03,15.32,23.35,3310.281750622734,13.323532366365392,-138.1694366366037,6,1
2012-11-27 21:52:02.124503+00:00,7.09,15.44,23.53,3275.1570355261338,13.19616803370125,-138.42416530193202,6,1
2012-11-27 21:57:02.124503+00:00,7.58,16.47,25.08,2848.7033218030183,12.990666191451131,-138.83516898643228,4,1
2012-11-27 22:02:02.124503+00:00,6.95,15.17,23.11,3307.415621310351,13.208979853015745,-138.39854166330304,3,1
2012-11-30 11:44:02.124090+00:00,6.13,13.44,20.5,2371.950767469661,18.987644150334138,-129.36976962431717,3,2
2012-11-30 11:45:02.124090+00:00,6.13,13.44,20.5,2371.950767469661,18.987644150334138,-129.36976962431717,3,1
2012-12-05 02:21:02.123264+00:00,5.05,11.17,17.05,1919.2663789880228,15.556314773108475,-134.13818806737578,3,1
2012-12-05 02:25:02.123264+00:00,5.0,11.07,16.9,1919.2663789880228,15.556314773108475,-134.13818806737578,3,1
2012-12-05 02:30:02.123264+00:00,5.11,11.3,17.26,1835.54760121557,14.76311191841234,-135.72459377676805,4,1
2012-12-06 13:32:02.123015+00:00,27.12,40.0,40.0,2449.06104864836,16.115205970292696,-133.00476048243132,8,1
2012-12-06 13:33:02.123015+00:00,27.25,40.0,40.0,2449.06104864836,16.115205970292696,-133.00476048243132,8,1
2012-12-06 13:36:02.123015+00:00,28.26,40.0,40.0,2451.240015536489,16.084013438419497,-133.06714554617773,9,2
2012-12-06 13:37:02.123015+00:00,28.64,40.0,40.0,2449.06104864836,16.020629624114292,-133.19391317478812,10,1
2012-12-06 13:38:02.123015+00:00,28.26,40.0,40.0,2451.240015536489,16.084013438419497,-133.06714554617773,11,1
2012-12-06 13:40:02.123015+00:00,28.21,40.0,40.0,2449.06104864836,16.18560915080127,-132.86395412141417,12,2
2012-12-06 13:44:02.123015+00:00,28.3,40.0,40.0,2467.246010833794,16.315768646768152,-132.60363512948044,10,1
2012-12-06 13:47:02.123015+00:00,28.12,40.0,40.0,2467.246010833794,16.39788102886179,-132.43941036529316,8,2
2012-12-06 13:50:02.123015+00:00,31.28,40.0,40.0,2446.882081760231,16.50855719454053,-132.21805803393568,5,1
2012-12-08 11:07:02.122768+00:00,13.03,27.5,40.0,10781.973191591607,20.305635318563176,-127.77616509922086,3,1
2012-12-08 11:08:02.122768+00:00,13.03,27.5,40.0,10781.973191591607,20.305635318563176,-127.77616509922086,3,2
2012-12-08 15:27:02.122685+00:00,18.73,38.85,40.0,2966.8621644775544,20.171724787100604,-131.06518759257452,5,2
2012-12-08 15:29:02.122685+00:00,18.73,38.85,40.0,2966.8621644775544,20.171724787100604,-131.06518759257452,5,1
2012-12-08 15:30:02.122685+00:00,18.73,38.85,40.0,2966.8621644775544,20.171724787100604,-131.06518759257452,5,2
2012-12-11 02:58:02.122272+00:00,6.35,13.92,21.22,2133.153844712054,14.945442351550843,-136.1599501963437,12,2
2012-12-11 02:59:02.122272+00:00,6.46,14.14,21.55,2133.153844712054,14.945442351550843,-136.1599501963437,12,2
2012-12-11 03:00:02.122272+00:00,6.67,14.57,22.22,2133.153844712054,14.945442351550843,-136.1599501963437,12,2
2012-12-11 03:02:02.122272+00:00,6.86,14.98,22.83,2133.153844712054,14.945442351550843,-136.1599501963437,12,2
2012-12-11 03:03:02.122272+00:00,6.67,14.57,22.22,2133.153844712054,14.945442351550843,-136.1599501963437,12,1
2012-12-11 03:04:02.122272+00:00,6.55,14.32,21.84,2133.153844712054,14.945442351550843,-136.1599501963437,12,1
2012-12-11 03:05:02.122272+00:00,6.16,13.51,20.6,2133.153844712054,14.945442351550843,-136.1599501963437,12,1
2012-12-11 03:06:02.122272+00:00,6.07,13.32,20.31,2133.153844712054,14.945442351550843,-136.1599501963437,12,1
2012-12-11 22:06:02.122189+00:00,8.04,17.4,26.48,2886.696139121939,13.249824742158172,-139.14181269114147,3,1
2012-12-11 22:14:02.122189+00:00,7.4,16.1,24.52,2970.527473494069,13.321844195946912,-138.99777378356396,3,1
2012-12-11 22:20:02.122189+00:00,6.59,14.42,21.98,3835.754903264683,13.944071645869618,-137.75331888371858,3,1
2012-12-11 22:25:02.122189+00:00,5.3,11.7,17.86,5264.290480763917,14.844085627459927,-135.95329092053794,4,1
2012-12-11 22:30:02.122189+00:00,5.24,11.57,17.66,5251.404847590534,15.052828208284833,-135.53580575888813,5,1
2012-12-11 22:35:02.122189+00:00,4.96,10.96,16.74,5251.404847590534,15.052828208284833,-135.53580575888813,5,1
2012-12-11 22:40:02.122189+00:00,4.89,10.83,16.54,5516.597274112557,15.155478112770908,-135.330505949916,4,1
2012-12-11 22:44:02.122189+00:00,4.45,9.89,15.11,5251.404847590534,15.052828208284833,-135.53580575888813,3,1
2012-12-11 23:08:02.122189+00:00,1.85,4.17,6.39,4832.265329687583,14.822235842814935,-135.99699048982794,3,1
2012-12-11 23:15:02.122189+00:00,0.0,0.02,0.02,5790.564853707726,14.985269023498374,-135.67092412846105,3,1
2012-12-11 23:20:02.122189+00:00,0.0,0.01,0.02,7026.449874260896,15.808561418464109,-134.0243393385296,3,1
2012-12-11 23:27:02.122189+00:00,21.58,40.0,40.0,8012.052886482664,15.808561418464109,-134.0243393385296,3,1
2012-12-11 23:32:02.122189+00:00,25.22,40.0,40.0,8012.052886482664,16.000699019753107,-133.6400641359516,3,1
2012-12-11 23:42:02.122189+00:00,0.89,2.01,3.08,8012.052886482664,16.000699019753107,-133.6400641359516,3,1
2012-12-11 23:47:02.122189+00:00,1.1,2.5,3.82,7707.109617647931,16.000699019753107,-133.6400641359516,3,1
2012-12-11 23:54:02.122189+00:00,2.02,4.56,6.99,3869.220422493332,15.571534798474795,-134.4983925785082,3,1
2012-12-12 00:08:02.122107+00:00,2.83,6.35,9.71,7173.410472972019,16.45014791128745,-136.9374385853784,3,1
2012-12-12 00:14:02.122107+00:00,3.0,6.72,10.28,7173.410472972019,15.926635244905611,-137.98446391814207,3,1
2012-12-12 00:21:02.122107+00:00,4.25,9.46,14.45,4255.384376199637,14.994988594945823,-139.84775721806164,3,1
2012-12-12 00:52:02.122107+00:00,6.98,15.23,23.2,7400.812816264982,16.215000171589956,-137.40773406477336,3,1
2012-12-12 00:59:02.122107+00:00,7.73,16.78,25.55,7375.850838320457,15.970035351212417,-137.89766370552846,3,1
2012-12-12 01:07:02.122107+00:00,8.29,17.93,27.28,4038.3796411210856,14.60376350883725,-140.6302073902788,3,1
2012-12-12 01:14:02.122107+00:00,8.92,19.21,29.22,3420.7763397471995,14.398811965190845,-141.0401104775716,3,1
2012-12-21 10:53:02.120619+00:00,15.78,32.98,40.0,3126.056232205413,20.43369797146259,-126.2452195156439,5,2
2012-12-21 10:54:02.120619+00:00,15.78,32.98,40.0,3126.056232205413,20.43369797146259,-126.2452195156439,5,3
2012-12-22 02:56:02.120453+00:00,7.49,16.28,24.8,2800.648989299284,16.085613953315196,-130.5971876168067,20,1
2012-12-22 02:57:02.120453+00:00,7.34,15.97,24.33,2751.863189211455,16.078340867142913,-130.61173378915126,21,3
2012-12-22 02:58:02.120453+00:00,7.33,15.94,24.28,2751.863189211455,16.078340867142913,-130.61173378915126,21,1
2012-12-22 02:59:02.120453+00:00,6.67,14.57,22.22,2849.4347893871127,16.078340867142913,-130.61173378915126,23,3
2012-12-22 03:00:02.120453+00:00,5.93,13.03,19.88,2953.379117300913,16.078340867142913,-130.61173378915126,25,2
2012-12-22 03:01:02.120453+00:00,5.56,12.26,18.71,3107.3999252273807,16.085613953315196,-130.5971876168067,26,2
2012-12-22 03:02:02.120453+00:00,5.98,13.13,20.02,3107.3999252273807,16.085613953315196,-130.5971876168067,28,3
2012-12-22 03:03:02.120453+00:00,6.56,14.36,21.88,3022.162758564119,16.085613953315196,-130.5971876168067,30,2
2012-12-22 03:04:02.120453+00:00,7.21,15.69,23.91,3261.420733153848,16.098310063696005,-130.57179539604508,33,2
2012-12-22 03:05:02.120453+00:00,6.2,13.6,20.74,3487.0258324575457,16.207036566641584,-130.35434239015393,36,1
2012-12-22 03:07:02.120453+00:00,5.1,11.27,17.21,3837.598729464133,16.390493857018313,-129.98742780940046,40,1
2012-12-22 03:08:02.120453+00:00,18.22,37.82,40.0,4240.333985547668,16.49312084551907,-129.78217383239897,39,1
2012-12-22 03:09:02.120453+00:00,18.47,38.33,40.0,4531.554715152291,16.767692644139824,-129.23303023515746,39,2
2012-12-22 03:10:02.120453+00:00,16.41,34.23,40.0,5021.350439860079,16.968617701689222,-128.83118012005866,41,2
2012-12-22 03:11:02.120453+00:00,17.04,35.47,40.0,6694.2804597036775,18.020230925003116,-126.72795367343086,41,2
2012-12-22 03:12:02.120453+00:00,15.05,31.52,40.0,8454.865579950587,18.519127078419373,-125.73016136659834,42,1
2012-12-22 03:13:02.120453+00:00,16.27,33.95,40.0,9893.11166774417,18.658342535040426,-125.45173045335623,41,3
2012-12-22 03:14:02.120453+00:00,13.56,28.56,40.0,11907.610530533942,18.86980345001547,-125.02880862340616,43,3
2012-12-22 03:15:02.120453+00:00,13.84,29.1,40.0,12122.417630714346,19.14289533796882,-124.48262484749948,44,3
2012-12-22 03:16:02.120453+00:00,14.17,29.77,40.0,12433.386692927244,19.08238666893623,-124.60364218556464,46,3
2012-12-22 03:17:02.120453+00:00,14.21,29.85,40.0,12122.417630714346,18.98902559564749,-124.79036433214212,48,2
2012-12-22 03:18:02.120453+00:00,14.17,29.77,40.0,11325.654484620009,18.86980345001547,-125.02880862340616,51,2
2012-12-22 03:19:02.120453+00:00,14.03,29.49,40.0,11616.632507576976,18.828088157698353,-125.1122392080404,52,3
2012-12-22 03:20:02.120453+00:00,14.27,29.97,40.0,11616.632507576976,18.828088157698353,-125.1122392080404,52,3
2012-12-22 03:21:02.120453+00:00,14.19,29.81,40.0,11325.654484620009,18.786372865381235,-125.19566979267464,53,3
2012-12-22 03:22:02.120453+00:00,14.29,30.01,40.0,11325.654484620009,18.786372865381235,-125.19566979267464,53,2
2012-12-22 03:23:02.120453+00:00,14.29,30.01,40.0,11325.654484620009,18.786372865381235,-125.19566979267464,53,3
2012-12-22 03:24:02.120453+00:00,14.25,29.93,40.0,11616.632507576976,18.828088157698353,-125.1122392080404,52,3
2012-12-22 03:25:02.120453+00:00,14.78,30.98,40.0,11616.632507576976,18.828088157698353,-125.1122392080404,50,3
2012-12-22 03:26:02.120453+00:00,31.22,40.0,40.0,9911.36494251328,18.669727642904004,-125.42896023762908,49,3
2012-12-22 03:27:02.120453+00:00,13.58,28.6,40.0,7543.822454334828,18.451428047619263,-125.86555942819858,49,3
2012-12-22 03:28:02.120453+00:00,0.6,1.37,2.09,7093.655785358878,18.065542138465595,-126.63733124650592,50,2
2012-12-22 03:29:02.120453+00:00,0.76,1.72,2.63,5396.353553758729,17.84569993165393,-127.07701566012923,51,3
2012-12-22 03:30:02.120453+00:00,1.91,4.31,6.59,5062.033594645711,17.607963956391227,-127.55248761065464,49,2
2012-12-22 03:31:02.120453+00:00,2.37,5.33,8.15,4876.188347270779,17.373877909885557,-128.02065970366598,48,2
2012-12-22 03:32:02.120453+00:00,3.47,7.76,11.87,4538.413864351752,17.224082468065966,-128.32025058730517,47,2
2012-12-22 03:33:02.120453+00:00,2.24,5.04,7.72,4310.380086942583,17.03364258610029,-128.70113035123654,48,2
2012-12-22 03:34:02.120453+00:00,16.36,34.13,40.0,4195.855524680951,16.858980121602322,-129.05045528023246,47,1
2012-12-22 03:35:02.120453+00:00,16.75,34.91,40.0,3413.3900139976704,16.7576019595505,-129.2532116043361,45,3
2012-12-22 03:36:02.120453+00:00,30.73,40.0,40.0,3324.5373573795723,16.531166982859645,-129.70608155771782,44,1
2012-12-22 03:37:02.120453+00:00,30.73,40.0,40.0,2950.302435523513,16.396963594237036,-129.97448833496304,42,3
2012-12-22 03:38:02.120453+00:00,30.35,40.0,40.0,2950.302435523513,16.307927027214134,-130.15256146900884,40,3
2012-12-22 03:39:02.120453+00:00,2.89,6.49,9.93,2741.656536198804,16.163843391871048,-130.440728739695,37,3
2012-12-22 03:40:02.120453+00:00,3.24,7.25,11.1,2486.2583117176114,15.88184649606109,-131.00472253131494,35,1
2012-12-22 03:41:02.120453+00:00,2.58,5.8,8.88,2426.5429976541564,15.817219417312616,-131.13397668881188,33,2
2012-12-22 03:42:02.120453+00:00,2.32,5.21,7.98,2419.276816700484,15.627892855443385,-131.51262981255033,31,3
2012-12-22 03:43:02.120453+00:00,2.21,4.99,7.64,2419.276816700484,15.563692796126434,-131.64102993118422,29,2
2012-12-22 03:44:02.120453+00:00,2.02,4.56,6.99,2426.5429976541564,15.627892855443385,-131.51262981255033,27,2
2012-12-22 03:45:02.120453+00:00,1.88,4.24,6.49,2584.09976692648,15.722556136378,-131.3233032506811,26,1
2012-12-22 03:46:02.120453+00:00,1.72,3.89,5.96,2584.09976692648,15.722556136378,-131.3233032506811,24,1
2012-12-22 03:47:02.120453+00:00,1.91,4.31,6.59,2741.656536198804,15.627892855443385,-131.51262981255033,21,1
2012-12-22 03:48:02.120453+00:00,1.75,3.96,6.07,2789.4347047154542,15.31922397134412,-132.12996758074885,18,1
2012-12-22 15:19:02.120370+00:00,10.17,21.75,33.04,1788.118133789856,17.554386450102115,-128.52615083579502,7,1
2012-12-22 15:20:02.120370+00:00,10.19,21.78,33.09,1764.451853927531,16.826368360409827,-129.9821870151796,8,1
2012-12-22 15:21:02.120370+00:00,10.22,21.85,33.19,1764.451853927531,16.826368360409827,-129.9821870151796,8,1
2012-12-22 15:22:02.120370+00:00,10.22,21.85,33.19,1764.451853927531,16.826368360409827,-129.9821870151796,8,1
2012-12-22 15:25:02.120370+00:00,29.12,40.0,40.0,2130.8090206243783,17.554386450102115,-128.52615083579502,15,1
2012-12-22 15:26:02.120370+00:00,40.0,40.0,40.0,2224.6679608542263,17.627334708794237,-128.38025431841078,16,1
2012-12-22 15:27:02.120370+00:00,40.0,40.0,40.0,2465.531050888373,17.74919991612113,-128.136523903757,18,1
2012-12-22 15:29:02.120370+00:00,40.0,40.0,40.0,3030.1581278255467,17.87826788493044,-127.87838796613838,22,1
2012-12-22 15:33:02.120370+00:00,4.89,10.83,16.54,5255.100381348613,18.74564937987504,-126.14362497624916,29,3
2012-12-22 15:34:02.120370+00:00,4.42,9.82,15.0,5335.095358069828,18.829651021515716,-125.97562169296782,32,3
2012-12-22 15:35:02.120370+00:00,4.45,9.89,15.11,5335.095358069828,18.829651021515716,-125.97562169296782,34,1
2012-12-22 15:36:02.120370+00:00,4.47,9.92,15.16,5335.095358069828,18.917982209900707,-125.79895931619784,34,2
2012-12-22 15:37:02.120370+00:00,4.49,9.96,15.22,5335.095358069828,18.917982209900707,-125.79895931619784,34,2
2012-12-22 15:38:02.120370+00:00,4.37,9.71,14.84,5415.090334791043,18.913652663156387,-125.80761840968648,35,3
2012-12-22 15:39:02.120370+00:00,4.27,9.49,14.51,5255.100381348613,18.883683519782032,-125.8675566964352,37,2
2012-12-22 15:40:02.120370+00:00,3.85,8.6,13.14,5335.095358069828,18.89866809146921,-125.83758755306084,38,2
2012-12-22 15:41:02.120370+00:00,3.85,8.6,13.14,5335.095358069828,18.89866809146921,-125.83758755306084,38,3
2012-12-22 15:42:02.120370+00:00,3.85,8.6,13.14,5335.095358069828,18.89866809146921,-125.83758755306084,38,2
2012-12-22 15:43:02.120370+00:00,3.8,8.48,12.97,5415.090334791043,18.913652663156387,-125.80761840968648,37,3
2012-12-22 15:44:02.120370+00:00,3.76,8.4,12.85,6225.374085843387,18.95854422977152,-125.7178352764562,34,3
2012-12-22 15:45:02.120370+00:00,3.8,8.48,12.97,6692.546170174987,18.95854422977152,-125.7178352764562,32,1
2012-12-22 15:46:02.120370+00:00,3.91,8.71,13.32,5829.818588630405,18.913652663156387,-125.80761840968648,33,3
2012-12-22 15:48:02.120370+00:00,3.91,8.71,13.32,5197.239619836771,18.86806777609848,-125.89878818380232,34,2
2012-12-22 15:49:02.120370+00:00,4.24,9.42,14.4,5197.239619836771,18.89866809146921,-125.83758755306084,34,2
2012-12-22 15:50:02.120370+00:00,3.98,8.86,13.55,4858.257143481449,18.89866809146921,-125.83758755306084,32,1
2012-12-22 15:55:02.120370+00:00,8.02,17.37,26.44,3805.21620564503,18.227478244844903,-127.17996724630945,24,2
2012-12-22 15:56:02.120370+00:00,0.0,0.0,0.0,3805.21620564503,18.227478244844903,-127.17996724630945,22,3
2012-12-22 15:57:02.120370+00:00,0.0,0.0,0.0,3867.42347791697,18.26006748313135,-127.11478876973656,21,2
2012-12-22 15:58:02.120370+00:00,0.01,0.02,0.05,3805.21620564503,18.227478244844903,-127.17996724630945,20,2
2012-12-22 15:59:02.120370+00:00,0.01,0.02,0.05,3506.065884639119,18.532655783731265,-126.56961216853674,18,2
2012-12-22 16:00:02.120370+00:00,14.62,30.66,40.0,3130.9204231079593,18.532655783731265,-126.56961216853674,16,2
2012-12-22 16:01:02.120370+00:00,14.49,30.41,40.0,3130.9204231079593,18.532655783731265,-126.56961216853674,16,1
2012-12-22 16:02:02.120370+00:00,14.43,30.29,40.0,3130.9204231079593,18.532655783731265,-126.56961216853674,16,1
2012-12-22 16:04:02.120370+00:00,14.43,30.29,40.0,3130.9204231079593,18.532655783731265,-126.56961216853674,16,1
2013-01-03 09:21:02.128470+00:00,10.96,23.34,35.44,2601.0956268293385,19.195576998206313,-131.04667036374354,3,1
2013-01-03 09:22:02.128470+00:00,10.96,23.34,35.44,2601.0956268293385,19.195576998206313,-131.04667036374354,3,2
2013-01-04 17:21:02.128221+00:00,15.52,32.46,40.0,1740.888406484662,12.332433602193538,-135.93846824000977,3,1
2013-01-04 17:23:02.128221+00:00,15.85,33.11,40.0,1740.888406484662,12.332433602193538,-135.93846824000977,3,1
2013-01-04 17:30:02.128221+00:00,14.97,31.36,40.0,1740.888406484662,12.332433602193538,-135.93846824000977,3,1
2013-01-16 02:39:02.126321+00:00,6.11,13.41,20.46,109084.8571481301,26.842570339741293,-115.74479947931678,6,2
2013-01-16 02:40:02.126321+00:00,6.11,13.41,20.46,109084.8571481301,26.842570339741293,-115.74479947931678,6,2
2013-01-16 02:41:02.126321+00:00,6.11,13.41,20.46,109084.8571481301,26.842570339741293,-115.74479947931678,6,2
2013-01-22 20:55:02.125245+00:00,14.19,29.81,40.0,2434.1656018705453,19.45185846085694,-133.02269835708557,3,1
2013-01-22 21:02:02.125245+00:00,14.19,29.81,40.0,2434.1656018705453,19.45185846085694,-133.02269835708557,3,1
2013-01-22 21:03:02.125245+00:00,14.19,29.81,40.0,2434.1656018705453,19.45185846085694,-133.02269835708557,3,1
2013-01-30 07:25:02.124006+00:00,34.2,40.0,40.0,3250.2223072910565,18.151521314252356,-130.32409418142572,24,3
2013-01-30 07:26:02.124006+00:00,34.07,40.0,40.0,3211.523095645765,18.036460520667475,-130.55421576859547,27,1
2013-01-30 07:27:02.124006+00:00,31.85,40.0,40.0,3327.828773475683,18.274801324476563,-130.07753416097728,30,2
2013-01-30 07:28:02.124006+00:00,32.2,40.0,40.0,3431.12579959099,18.274801324476563,-130.07753416097728,32,3
2013-01-30 07:29:02.124006+00:00,31.85,40.0,40.0,3431.12579959099,18.285876257043448,-130.0553842958435,36,2
2013-01-30 07:30:02.124006+00:00,31.91,40.0,40.0,3517.5419379504237,18.31182459858033,-130.00348761276973,38,2
2013-01-30 07:31:02.124006+00:00,32.02,40.0,40.0,3539.568304733886,18.334917224189663,-129.9573023615511,41,3
2013-01-30 07:32:02.124006+00:00,31.62,40.0,40.0,3757.0548702908777,18.334917224189663,-129.9573023615511,43,3
2013-01-30 07:33:02.124006+00:00,31.68,40.0,40.0,3757.0548702908777,18.288731972971,-130.0496728639884,45,2
2013-01-30 07:34:02.124006+00:00,31.79,40.0,40.0,3810.989767991519,18.288731972971,-130.0496728639884,49,3
2013-01-30 07:35:02.124006+00:00,31.39,40.0,40.0,4063.308932023676,18.43041825565839,-129.76630029861363,50,2
2013-01-30 07:36:02.124006+00:00,30.73,40.0,40.0,4346.644731384223,18.63627978489685,-129.3545772401367,51,2
2013-01-30 07:37:02.124006+00:00,30.73,40.0,40.0,4544.344416833282,18.73946769199656,-129.1482014259373,51,3
2013-01-30 07:38:02.124006+00:00,31.51,40.0,40.0,4717.153921631377,18.842593378639165,-128.9419500526521,52,3
2013-01-30 07:39:02.124006+00:00,31.51,40.0,40.0,4717.153921631377,18.855678666567485,-128.91577947679542,52,3
2013-01-30 07:40:02.124006+00:00,31.39,40.0,40.0,4785.689560257379,18.86481643025001,-128.8975039494304,53,2
2013-01-30 07:41:02.124006+00:00,31.45,40.0,40.0,4835.039292400381,18.865020509145275,-128.89709579163986,52,3
2013-01-30 07:42:02.124006+00:00,31.56,40.0,40.0,4884.389024543382,18.865224588040537,-128.89668763384935,51,2
2013-01-30 07:43:02.124006+00:00,31.22,40.0,40.0,4884.389024543382,18.846540902884964,-128.93405500416048,51,3
2013-01-30 07:44:02.124006+00:00,30.89,40.0,40.0,4884.389024543382,18.808169255646405,-129.0107982986376,49,3
2013-01-30 07:45:02.124006+00:00,30.84,40.0,40.0,4648.618283005375,18.46772842198847,-129.69167996595348,51,2
2013-01-30 07:46:02.124006+00:00,30.67,40.0,40.0,4648.618283005375,18.46772842198847,-129.69167996595348,49,2
2013-01-30 07:47:02.124006+00:00,31.39,40.0,40.0,4311.730127434998,18.334917224189663,-129.9573023615511,49,3
2013-01-30 07:48:02.124006+00:00,30.89,40.0,40.0,4020.683050747355,18.28975687672284,-130.04762305648472,49,4
2013-01-30 07:49:02.124006+00:00,31.28,40.0,40.0,4008.6498258016527,18.231922566644673,-130.16329167664105,46,3
2013-01-30 07:50:02.124006+00:00,31.0,40.0,40.0,3903.803184423735,18.141792531658492,-130.34355174661343,44,2
2013-01-30 07:51:02.124006+00:00,30.57,40.0,40.0,3810.989767991519,18.10949680675048,-130.40814319642945,41,2
2013-01-30 07:52:02.124006+00:00,31.22,40.0,40.0,3750.330102009096,18.10949680675048,-130.40814319642945,39,2
2013-01-30 07:53:02.124006+00:00,31.11,40.0,40.0,3750.330102009096,18.174088256566503,-130.2789602967974,37,2
2013-01-30 07:54:02.124006+00:00,30.95,40.0,40.0,3725.2644700505502,18.174088256566503,-130.2789602967974,33,1
2013-01-30 07:55:02.124006+00:00,31.56,40.0,40.0,3433.222055143655,18.10949680675048,-130.40814319642945,31,3
2013-01-30 07:56:02.124006+00:00,33.68,40.0,40.0,3354.0881690701863,17.913244017934574,-130.80064877406124,28,2
2013-01-30 07:57:02.124006+00:00,33.87,40.0,40.0,3354.0881690701863,17.78645351584693,-131.05422977823656,26,2
2013-01-30 07:58:02.124006+00:00,31.56,40.0,40.0,3193.778588887166,17.56683075193287,-131.49347530606468,23,2
